<?xml version="1.0" encoding="utf-8"?>
<gpx xmlns:xsd="http://www.w3.org/2001/XMLSchema" xmlns:xsi="http://www.w3.org/2001/XMLSchema-instance" creator="eT4 META" version="1.1" xsi:schemaLocation="http://www.topografix.com/GPX/1/1 http://www.topografix.com/GPX/1/1/gpx.xsd" xmlns="http://www.topografix.com/GPX/1/1">
  <trk>
    <name>Brienzer Rothorn, le sommet des trois cantons</name>
    <trkseg>
      <trkpt lat="46.78752" lon="8.03984">
        <ele>2197.11</ele>
        <time>2026-05-04T00:00:00.0000000+00:00</time>
      </trkpt>
      <trkpt lat="46.78752" lon="8.03988">
        <ele>2196.46</ele>
        <time>2026-05-04T00:00:03.8750000+00:00</time>
      </trkpt>
      <trkpt lat="46.78752" lon="8.03997">
        <ele>2195.04</ele>
        <time>2026-05-04T00:00:12.5890000+00:00</time>
      </trkpt>
      <trkpt lat="46.78752" lon="8.04006">
        <ele>2194.97</ele>
        <time>2026-05-04T00:00:21.3030000+00:00</time>
      </trkpt>
      <trkpt lat="46.78752" lon="8.04007">
        <ele>2194.96</ele>
        <time>2026-05-04T00:00:22.2680000+00:00</time>
      </trkpt>
      <trkpt lat="46.78751" lon="8.04008">
        <ele>2195.54</ele>
        <time>2026-05-04T00:00:23.9800000+00:00</time>
      </trkpt>
      <trkpt lat="46.7875" lon="8.04009">
        <ele>2196.12</ele>
        <time>2026-05-04T00:00:25.6960000+00:00</time>
      </trkpt>
      <trkpt lat="46.78753" lon="8.04021">
        <ele>2194.25</ele>
        <time>2026-05-04T00:00:38.0640000+00:00</time>
      </trkpt>
      <trkpt lat="46.78757" lon="8.04048">
        <ele>2191.49</ele>
        <time>2026-05-04T00:01:04.8100000+00:00</time>
      </trkpt>
      <trkpt lat="46.78759" lon="8.04073">
        <ele>2189.85</ele>
        <time>2026-05-04T00:01:29.1800000+00:00</time>
      </trkpt>
      <trkpt lat="46.78759" lon="8.04085">
        <ele>2189.94</ele>
        <time>2026-05-04T00:01:40.7980000+00:00</time>
      </trkpt>
      <trkpt lat="46.78758" lon="8.04091">
        <ele>2190.85</ele>
        <time>2026-05-04T00:01:46.7770000+00:00</time>
      </trkpt>
      <trkpt lat="46.78755" lon="8.04126">
        <ele>2194.5</ele>
        <time>2026-05-04T00:02:20.9290000+00:00</time>
      </trkpt>
      <trkpt lat="46.78751" lon="8.04147">
        <ele>2198.58</ele>
        <time>2026-05-04T00:02:42.0330000+00:00</time>
      </trkpt>
      <trkpt lat="46.78744" lon="8.04188">
        <ele>2205.23</ele>
        <time>2026-05-04T00:03:22.9440000+00:00</time>
      </trkpt>
      <trkpt lat="46.7874" lon="8.04205">
        <ele>2208.95</ele>
        <time>2026-05-04T00:03:40.3480000+00:00</time>
      </trkpt>
      <trkpt lat="46.7874" lon="8.04213">
        <ele>2209.07</ele>
        <time>2026-05-04T00:03:48.0930000+00:00</time>
      </trkpt>
      <trkpt lat="46.78744" lon="8.04205">
        <ele>2205.34</ele>
        <time>2026-05-04T00:03:57.6840000+00:00</time>
      </trkpt>
      <trkpt lat="46.78748" lon="8.04198">
        <ele>2201.76</ele>
        <time>2026-05-04T00:04:06.5110000+00:00</time>
      </trkpt>
      <trkpt lat="46.7875" lon="8.04197">
        <ele>2199.99</ele>
        <time>2026-05-04T00:04:09.4980000+00:00</time>
      </trkpt>
      <trkpt lat="46.78751" lon="8.04199">
        <ele>2199.09</ele>
        <time>2026-05-04T00:04:11.9000000+00:00</time>
      </trkpt>
      <trkpt lat="46.78751" lon="8.04201">
        <ele>2199.07</ele>
        <time>2026-05-04T00:04:13.8400000+00:00</time>
      </trkpt>
      <trkpt lat="46.78751" lon="8.04203">
        <ele>2199.05</ele>
        <time>2026-05-04T00:04:15.7790000+00:00</time>
      </trkpt>
      <trkpt lat="46.78748" lon="8.04209">
        <ele>2201.73</ele>
        <time>2026-05-04T00:04:22.9720000+00:00</time>
      </trkpt>
      <trkpt lat="46.78745" lon="8.04217">
        <ele>2204.49</ele>
        <time>2026-05-04T00:04:31.8020000+00:00</time>
      </trkpt>
      <trkpt lat="46.78743" lon="8.04224">
        <ele>2206.41</ele>
        <time>2026-05-04T00:04:39.1460000+00:00</time>
      </trkpt>
      <trkpt lat="46.78741" lon="8.04233">
        <ele>2208.43</ele>
        <time>2026-05-04T00:04:48.3060000+00:00</time>
      </trkpt>
      <trkpt lat="46.7874" lon="8.04243">
        <ele>2209.55</ele>
        <time>2026-05-04T00:04:58.0910000+00:00</time>
      </trkpt>
      <trkpt lat="46.78736" lon="8.04254">
        <ele>2212.98</ele>
        <time>2026-05-04T00:05:10.1500000+00:00</time>
      </trkpt>
      <trkpt lat="46.7873" lon="8.04273">
        <ele>2217.66</ele>
        <time>2026-05-04T00:05:30.4080000+00:00</time>
      </trkpt>
      <trkpt lat="46.78726" lon="8.04292">
        <ele>2220.56</ele>
        <time>2026-05-04T00:05:49.6540000+00:00</time>
      </trkpt>
      <trkpt lat="46.78722" lon="8.04308">
        <ele>2223.88</ele>
        <time>2026-05-04T00:06:06.1450000+00:00</time>
      </trkpt>
      <trkpt lat="46.7872" lon="8.04322">
        <ele>2225.28</ele>
        <time>2026-05-04T00:06:19.9920000+00:00</time>
      </trkpt>
      <trkpt lat="46.78719" lon="8.04339">
        <ele>2226.37</ele>
        <time>2026-05-04T00:06:36.5110000+00:00</time>
      </trkpt>
      <trkpt lat="46.78719" lon="8.04362">
        <ele>2227.36</ele>
        <time>2026-05-04T00:06:58.7800000+00:00</time>
      </trkpt>
      <trkpt lat="46.78719" lon="8.04374">
        <ele>2227.88</ele>
        <time>2026-05-04T00:07:10.3970000+00:00</time>
      </trkpt>
      <trkpt lat="46.78718" lon="8.04382">
        <ele>2229.36</ele>
        <time>2026-05-04T00:07:18.2710000+00:00</time>
      </trkpt>
      <trkpt lat="46.78716" lon="8.04392">
        <ele>2232.07</ele>
        <time>2026-05-04T00:07:28.3580000+00:00</time>
      </trkpt>
      <trkpt lat="46.78714" lon="8.04408">
        <ele>2235.04</ele>
        <time>2026-05-04T00:07:44.1050000+00:00</time>
      </trkpt>
      <trkpt lat="46.78713" lon="8.04425">
        <ele>2237.02</ele>
        <time>2026-05-04T00:08:00.6250000+00:00</time>
      </trkpt>
      <trkpt lat="46.78712" lon="8.04441">
        <ele>2239</ele>
        <time>2026-05-04T00:08:16.1800000+00:00</time>
      </trkpt>
      <trkpt lat="46.78711" lon="8.04452">
        <ele>2240.73</ele>
        <time>2026-05-04T00:08:26.9240000+00:00</time>
      </trkpt>
      <trkpt lat="46.7871" lon="8.0446">
        <ele>2242.3</ele>
        <time>2026-05-04T00:08:34.7980000+00:00</time>
      </trkpt>
      <trkpt lat="46.78706" lon="8.04482">
        <ele>2248.1</ele>
        <time>2026-05-04T00:08:56.8360000+00:00</time>
      </trkpt>
      <trkpt lat="46.78704" lon="8.04499">
        <ele>2251.4</ele>
        <time>2026-05-04T00:09:13.5370000+00:00</time>
      </trkpt>
      <trkpt lat="46.787" lon="8.04521">
        <ele>2257.89</ele>
        <time>2026-05-04T00:09:35.5760000+00:00</time>
      </trkpt>
      <trkpt lat="46.78697" lon="8.04537">
        <ele>2262.99</ele>
        <time>2026-05-04T00:09:51.6370000+00:00</time>
      </trkpt>
      <trkpt lat="46.7869" lon="8.04574">
        <ele>2275.79</ele>
        <time>2026-05-04T00:10:28.8030000+00:00</time>
      </trkpt>
      <trkpt lat="46.78684" lon="8.04594">
        <ele>2286.33</ele>
        <time>2026-05-04T00:10:49.9450000+00:00</time>
      </trkpt>
      <trkpt lat="46.7868" lon="8.04614">
        <ele>2290.17</ele>
        <time>2026-05-04T00:11:10.1180000+00:00</time>
      </trkpt>
      <trkpt lat="46.78677" lon="8.04632">
        <ele>2293.68</ele>
        <time>2026-05-04T00:11:28.0550000+00:00</time>
      </trkpt>
      <trkpt lat="46.78673" lon="8.04649">
        <ele>2297.39</ele>
        <time>2026-05-04T00:11:45.4590000+00:00</time>
      </trkpt>
      <trkpt lat="46.78673" lon="8.04656">
        <ele>2298.59</ele>
        <time>2026-05-04T00:11:52.2370000+00:00</time>
      </trkpt>
      <trkpt lat="46.78667" lon="8.04678">
        <ele>2301.34</ele>
        <time>2026-05-04T00:12:15.1650000+00:00</time>
      </trkpt>
      <trkpt lat="46.78665" lon="8.04689">
        <ele>2301.82</ele>
        <time>2026-05-04T00:12:26.1840000+00:00</time>
      </trkpt>
      <trkpt lat="46.78664" lon="8.04702">
        <ele>2302.06</ele>
        <time>2026-05-04T00:12:38.8500000+00:00</time>
      </trkpt>
      <trkpt lat="46.78664" lon="8.04715">
        <ele>2302.11</ele>
        <time>2026-05-04T00:12:51.4370000+00:00</time>
      </trkpt>
      <trkpt lat="46.78664" lon="8.04718">
        <ele>2302.12</ele>
        <time>2026-05-04T00:12:54.3420000+00:00</time>
      </trkpt>
      <trkpt lat="46.78666" lon="8.04722">
        <ele>2301.91</ele>
        <time>2026-05-04T00:12:59.1380000+00:00</time>
      </trkpt>
      <trkpt lat="46.78667" lon="8.04723">
        <ele>2301.81</ele>
        <time>2026-05-04T00:13:00.8490000+00:00</time>
      </trkpt>
      <trkpt lat="46.78675" lon="8.04721">
        <ele>2300.87</ele>
        <time>2026-05-04T00:13:12.3250000+00:00</time>
      </trkpt>
      <trkpt lat="46.78682" lon="8.0472">
        <ele>2300.03</ele>
        <time>2026-05-04T00:13:22.2700000+00:00</time>
      </trkpt>
      <trkpt lat="46.78693" lon="8.04721">
        <ele>2289.16</ele>
        <time>2026-05-04T00:13:37.8550000+00:00</time>
      </trkpt>
      <trkpt lat="46.787" lon="8.04724">
        <ele>2280.7</ele>
        <time>2026-05-04T00:13:48.1710000+00:00</time>
      </trkpt>
      <trkpt lat="46.78703" lon="8.04728">
        <ele>2277.3</ele>
        <time>2026-05-04T00:13:53.9150000+00:00</time>
      </trkpt>
      <trkpt lat="46.78706" lon="8.04736">
        <ele>2274.27</ele>
        <time>2026-05-04T00:14:02.7470000+00:00</time>
      </trkpt>
      <trkpt lat="46.78707" lon="8.04747">
        <ele>2273.8</ele>
        <time>2026-05-04T00:14:13.4910000+00:00</time>
      </trkpt>
      <trkpt lat="46.78709" lon="8.04754">
        <ele>2270.84</ele>
        <time>2026-05-04T00:14:20.8350000+00:00</time>
      </trkpt>
      <trkpt lat="46.78713" lon="8.04761">
        <ele>2265.8</ele>
        <time>2026-05-04T00:14:29.6620000+00:00</time>
      </trkpt>
      <trkpt lat="46.78716" lon="8.04763">
        <ele>2262.35</ele>
        <time>2026-05-04T00:14:34.3250000+00:00</time>
      </trkpt>
      <trkpt lat="46.78721" lon="8.04767">
        <ele>2256.75</ele>
        <time>2026-05-04T00:14:42.3860000+00:00</time>
      </trkpt>
      <trkpt lat="46.78725" lon="8.0477">
        <ele>2252.42</ele>
        <time>2026-05-04T00:14:48.7440000+00:00</time>
      </trkpt>
      <trkpt lat="46.78727" lon="8.0477">
        <ele>2250.28</ele>
        <time>2026-05-04T00:14:51.5750000+00:00</time>
      </trkpt>
      <trkpt lat="46.78728" lon="8.04771">
        <ele>2249.24</ele>
        <time>2026-05-04T00:14:53.2910000+00:00</time>
      </trkpt>
      <trkpt lat="46.78729" lon="8.04772">
        <ele>2248.2</ele>
        <time>2026-05-04T00:14:55.0070000+00:00</time>
      </trkpt>
      <trkpt lat="46.78729" lon="8.04773">
        <ele>2248.23</ele>
        <time>2026-05-04T00:14:55.9730000+00:00</time>
      </trkpt>
      <trkpt lat="46.78728" lon="8.04773">
        <ele>2249.28</ele>
        <time>2026-05-04T00:14:57.3910000+00:00</time>
      </trkpt>
      <trkpt lat="46.78726" lon="8.04775">
        <ele>2251.41</ele>
        <time>2026-05-04T00:15:00.8180000+00:00</time>
      </trkpt>
      <trkpt lat="46.78724" lon="8.04776">
        <ele>2253.5</ele>
        <time>2026-05-04T00:15:03.8050000+00:00</time>
      </trkpt>
      <trkpt lat="46.78721" lon="8.04777">
        <ele>2256.59</ele>
        <time>2026-05-04T00:15:08.1540000+00:00</time>
      </trkpt>
      <trkpt lat="46.78718" lon="8.04778">
        <ele>2259.65</ele>
        <time>2026-05-04T00:15:12.5060000+00:00</time>
      </trkpt>
      <trkpt lat="46.78714" lon="8.04778">
        <ele>2263.76</ele>
        <time>2026-05-04T00:15:18.1630000+00:00</time>
      </trkpt>
      <trkpt lat="46.78711" lon="8.04778">
        <ele>2266.83</ele>
        <time>2026-05-04T00:15:22.4060000+00:00</time>
      </trkpt>
      <trkpt lat="46.78707" lon="8.04779">
        <ele>2270.85</ele>
        <time>2026-05-04T00:15:28.1440000+00:00</time>
      </trkpt>
      <trkpt lat="46.78703" lon="8.0478">
        <ele>2274.81</ele>
        <time>2026-05-04T00:15:33.8820000+00:00</time>
      </trkpt>
      <trkpt lat="46.78701" lon="8.0478">
        <ele>2276.84</ele>
        <time>2026-05-04T00:15:36.7100000+00:00</time>
      </trkpt>
      <trkpt lat="46.78698" lon="8.04781">
        <ele>2279.75</ele>
        <time>2026-05-04T00:15:41.0600000+00:00</time>
      </trkpt>
      <trkpt lat="46.78697" lon="8.04781">
        <ele>2280.75</ele>
        <time>2026-05-04T00:15:42.4730000+00:00</time>
      </trkpt>
      <trkpt lat="46.78696" lon="8.04781">
        <ele>2281.76</ele>
        <time>2026-05-04T00:15:43.8910000+00:00</time>
      </trkpt>
      <trkpt lat="46.78696" lon="8.04783">
        <ele>2281.46</ele>
        <time>2026-05-04T00:15:45.8300000+00:00</time>
      </trkpt>
      <trkpt lat="46.78696" lon="8.04785">
        <ele>2281.15</ele>
        <time>2026-05-04T00:15:47.7690000+00:00</time>
      </trkpt>
      <trkpt lat="46.78699" lon="8.04786">
        <ele>2278.05</ele>
        <time>2026-05-04T00:15:52.1190000+00:00</time>
      </trkpt>
      <trkpt lat="46.78703" lon="8.04786">
        <ele>2274.13</ele>
        <time>2026-05-04T00:15:57.7750000+00:00</time>
      </trkpt>
      <trkpt lat="46.78711" lon="8.0479">
        <ele>2265.99</ele>
        <time>2026-05-04T00:16:09.7320000+00:00</time>
      </trkpt>
      <trkpt lat="46.7872" lon="8.04792">
        <ele>2257.31</ele>
        <time>2026-05-04T00:16:22.6050000+00:00</time>
      </trkpt>
      <trkpt lat="46.78724" lon="8.04795">
        <ele>2253.51</ele>
        <time>2026-05-04T00:16:28.9630000+00:00</time>
      </trkpt>
      <trkpt lat="46.78729" lon="8.048">
        <ele>2248.99</ele>
        <time>2026-05-04T00:16:37.5310000+00:00</time>
      </trkpt>
      <trkpt lat="46.78732" lon="8.04803">
        <ele>2246.41</ele>
        <time>2026-05-04T00:16:42.6730000+00:00</time>
      </trkpt>
      <trkpt lat="46.78734" lon="8.04804">
        <ele>2244.68</ele>
        <time>2026-05-04T00:16:45.6590000+00:00</time>
      </trkpt>
      <trkpt lat="46.78736" lon="8.04806">
        <ele>2243.05</ele>
        <time>2026-05-04T00:16:49.0870000+00:00</time>
      </trkpt>
      <trkpt lat="46.78736" lon="8.04807">
        <ele>2243.12</ele>
        <time>2026-05-04T00:16:50.0520000+00:00</time>
      </trkpt>
      <trkpt lat="46.78736" lon="8.04808">
        <ele>2243.18</ele>
        <time>2026-05-04T00:16:51.0180000+00:00</time>
      </trkpt>
      <trkpt lat="46.78734" lon="8.04808">
        <ele>2244.91</ele>
        <time>2026-05-04T00:16:53.8440000+00:00</time>
      </trkpt>
      <trkpt lat="46.78733" lon="8.04808">
        <ele>2245.77</ele>
        <time>2026-05-04T00:16:55.2570000+00:00</time>
      </trkpt>
      <trkpt lat="46.78727" lon="8.04806">
        <ele>2250.9</ele>
        <time>2026-05-04T00:17:03.9600000+00:00</time>
      </trkpt>
      <trkpt lat="46.78725" lon="8.04805">
        <ele>2252.64</ele>
        <time>2026-05-04T00:17:06.9510000+00:00</time>
      </trkpt>
      <trkpt lat="46.78722" lon="8.04805">
        <ele>2255.27</ele>
        <time>2026-05-04T00:17:11.1940000+00:00</time>
      </trkpt>
      <trkpt lat="46.7872" lon="8.04805">
        <ele>2257.03</ele>
        <time>2026-05-04T00:17:14.0200000+00:00</time>
      </trkpt>
      <trkpt lat="46.78717" lon="8.04805">
        <ele>2259.66</ele>
        <time>2026-05-04T00:17:18.2610000+00:00</time>
      </trkpt>
      <trkpt lat="46.78715" lon="8.04807">
        <ele>2261.32</ele>
        <time>2026-05-04T00:17:21.6880000+00:00</time>
      </trkpt>
      <trkpt lat="46.7871" lon="8.04809">
        <ele>2265.5</ele>
        <time>2026-05-04T00:17:29.0180000+00:00</time>
      </trkpt>
      <trkpt lat="46.78709" lon="8.04809">
        <ele>2266.36</ele>
        <time>2026-05-04T00:17:30.4310000+00:00</time>
      </trkpt>
      <trkpt lat="46.78703" lon="8.04809">
        <ele>2271.5</ele>
        <time>2026-05-04T00:17:38.9150000+00:00</time>
      </trkpt>
      <trkpt lat="46.78688" lon="8.0481">
        <ele>2284.14</ele>
        <time>2026-05-04T00:18:00.1480000+00:00</time>
      </trkpt>
      <trkpt lat="46.78684" lon="8.04811">
        <ele>2286.89</ele>
        <time>2026-05-04T00:18:05.8860000+00:00</time>
      </trkpt>
      <trkpt lat="46.7868" lon="8.04811">
        <ele>2286.23</ele>
        <time>2026-05-04T00:18:11.5430000+00:00</time>
      </trkpt>
      <trkpt lat="46.78677" lon="8.04811">
        <ele>2285.73</ele>
        <time>2026-05-04T00:18:15.7840000+00:00</time>
      </trkpt>
      <trkpt lat="46.78674" lon="8.0481">
        <ele>2285.49</ele>
        <time>2026-05-04T00:18:20.1370000+00:00</time>
      </trkpt>
      <trkpt lat="46.78672" lon="8.04811">
        <ele>2284.91</ele>
        <time>2026-05-04T00:18:23.1260000+00:00</time>
      </trkpt>
      <trkpt lat="46.78671" lon="8.04812">
        <ele>2284.48</ele>
        <time>2026-05-04T00:18:24.8380000+00:00</time>
      </trkpt>
      <trkpt lat="46.78671" lon="8.04813">
        <ele>2284.22</ele>
        <time>2026-05-04T00:18:25.7960000+00:00</time>
      </trkpt>
      <trkpt lat="46.78674" lon="8.04814">
        <ele>2284.48</ele>
        <time>2026-05-04T00:18:30.1450000+00:00</time>
      </trkpt>
      <trkpt lat="46.7868" lon="8.04817">
        <ele>2284.84</ele>
        <time>2026-05-04T00:18:39.1130000+00:00</time>
      </trkpt>
      <trkpt lat="46.78684" lon="8.04819">
        <ele>2285.15</ele>
        <time>2026-05-04T00:18:45.0930000+00:00</time>
      </trkpt>
      <trkpt lat="46.7869" lon="8.04822">
        <ele>2280.21</ele>
        <time>2026-05-04T00:18:54.0610000+00:00</time>
      </trkpt>
      <trkpt lat="46.78693" lon="8.04826">
        <ele>2277.18</ele>
        <time>2026-05-04T00:18:59.8060000+00:00</time>
      </trkpt>
      <trkpt lat="46.78697" lon="8.04832">
        <ele>2272.69</ele>
        <time>2026-05-04T00:19:07.9140000+00:00</time>
      </trkpt>
      <trkpt lat="46.787" lon="8.04835">
        <ele>2269.55</ele>
        <time>2026-05-04T00:19:13.0560000+00:00</time>
      </trkpt>
      <trkpt lat="46.78702" lon="8.04837">
        <ele>2267.54</ele>
        <time>2026-05-04T00:19:16.4830000+00:00</time>
      </trkpt>
      <trkpt lat="46.78703" lon="8.04837">
        <ele>2266.86</ele>
        <time>2026-05-04T00:19:17.9010000+00:00</time>
      </trkpt>
      <trkpt lat="46.7871" lon="8.04838">
        <ele>2261.85</ele>
        <time>2026-05-04T00:19:27.8470000+00:00</time>
      </trkpt>
      <trkpt lat="46.78713" lon="8.04839">
        <ele>2259.62</ele>
        <time>2026-05-04T00:19:32.1960000+00:00</time>
      </trkpt>
      <trkpt lat="46.78716" lon="8.04841">
        <ele>2257.24</ele>
        <time>2026-05-04T00:19:36.8590000+00:00</time>
      </trkpt>
      <trkpt lat="46.78721" lon="8.04848">
        <ele>2252.96</ele>
        <time>2026-05-04T00:19:46.6530000+00:00</time>
      </trkpt>
      <trkpt lat="46.78723" lon="8.0485">
        <ele>2251.51</ele>
        <time>2026-05-04T00:19:50.0800000+00:00</time>
      </trkpt>
      <trkpt lat="46.78727" lon="8.04852">
        <ele>2249.03</ele>
        <time>2026-05-04T00:19:56.0600000+00:00</time>
      </trkpt>
      <trkpt lat="46.7873" lon="8.04853">
        <ele>2247.29</ele>
        <time>2026-05-04T00:20:00.4120000+00:00</time>
      </trkpt>
      <trkpt lat="46.78734" lon="8.04855">
        <ele>2245.02</ele>
        <time>2026-05-04T00:20:06.3910000+00:00</time>
      </trkpt>
      <trkpt lat="46.78735" lon="8.04859">
        <ele>2244.36</ele>
        <time>2026-05-04T00:20:10.5130000+00:00</time>
      </trkpt>
      <trkpt lat="46.78738" lon="8.04864">
        <ele>2242.83</ele>
        <time>2026-05-04T00:20:16.9500000+00:00</time>
      </trkpt>
      <trkpt lat="46.78739" lon="8.04866">
        <ele>2242.37</ele>
        <time>2026-05-04T00:20:19.3460000+00:00</time>
      </trkpt>
      <trkpt lat="46.78744" lon="8.0487">
        <ele>2240.35</ele>
        <time>2026-05-04T00:20:27.4070000+00:00</time>
      </trkpt>
      <trkpt lat="46.78747" lon="8.04873">
        <ele>2239.34</ele>
        <time>2026-05-04T00:20:32.5490000+00:00</time>
      </trkpt>
      <trkpt lat="46.78752" lon="8.04877">
        <ele>2237.88</ele>
        <time>2026-05-04T00:20:40.6090000+00:00</time>
      </trkpt>
      <trkpt lat="46.78754" lon="8.04881">
        <ele>2237.69</ele>
        <time>2026-05-04T00:20:45.4050000+00:00</time>
      </trkpt>
      <trkpt lat="46.78759" lon="8.04892">
        <ele>2237.97</ele>
        <time>2026-05-04T00:20:58.1880000+00:00</time>
      </trkpt>
      <trkpt lat="46.78765" lon="8.04902">
        <ele>2238.83</ele>
        <time>2026-05-04T00:21:11.0620000+00:00</time>
      </trkpt>
      <trkpt lat="46.7877" lon="8.04913">
        <ele>2239.11</ele>
        <time>2026-05-04T00:21:23.8450000+00:00</time>
      </trkpt>
      <trkpt lat="46.78761" lon="8.04907">
        <ele>2240.3</ele>
        <time>2026-05-04T00:21:37.8350000+00:00</time>
      </trkpt>
      <trkpt lat="46.78754" lon="8.04903">
        <ele>2240.46</ele>
        <time>2026-05-04T00:21:48.4640000+00:00</time>
      </trkpt>
      <trkpt lat="46.78749" lon="8.04902">
        <ele>2241.01</ele>
        <time>2026-05-04T00:21:55.6000000+00:00</time>
      </trkpt>
      <trkpt lat="46.78747" lon="8.04902">
        <ele>2241.28</ele>
        <time>2026-05-04T00:21:58.4290000+00:00</time>
      </trkpt>
      <trkpt lat="46.78744" lon="8.04903">
        <ele>2241.74</ele>
        <time>2026-05-04T00:22:02.7800000+00:00</time>
      </trkpt>
      <trkpt lat="46.78744" lon="8.04906">
        <ele>2241.86</ele>
        <time>2026-05-04T00:22:05.6830000+00:00</time>
      </trkpt>
      <trkpt lat="46.78744" lon="8.04909">
        <ele>2241.99</ele>
        <time>2026-05-04T00:22:08.5850000+00:00</time>
      </trkpt>
      <trkpt lat="46.78749" lon="8.04918">
        <ele>2240.97</ele>
        <time>2026-05-04T00:22:19.8060000+00:00</time>
      </trkpt>
      <trkpt lat="46.78756" lon="8.04929">
        <ele>2239.21</ele>
        <time>2026-05-04T00:22:34.3460000+00:00</time>
      </trkpt>
      <trkpt lat="46.78765" lon="8.04943">
        <ele>2237.87</ele>
        <time>2026-05-04T00:22:52.9390000+00:00</time>
      </trkpt>
      <trkpt lat="46.78771" lon="8.04952">
        <ele>2235</ele>
        <time>2026-05-04T00:23:05.1000000+00:00</time>
      </trkpt>
      <trkpt lat="46.78777" lon="8.04964">
        <ele>2230.23</ele>
        <time>2026-05-04T00:23:19.4870000+00:00</time>
      </trkpt>
      <trkpt lat="46.78782" lon="8.04974">
        <ele>2226.63</ele>
        <time>2026-05-04T00:23:31.4760000+00:00</time>
      </trkpt>
      <trkpt lat="46.7879" lon="8.04992">
        <ele>2221.55</ele>
        <time>2026-05-04T00:23:52.2530000+00:00</time>
      </trkpt>
      <trkpt lat="46.78795" lon="8.05001">
        <ele>2217.3</ele>
        <time>2026-05-04T00:24:03.4750000+00:00</time>
      </trkpt>
      <trkpt lat="46.788" lon="8.05013">
        <ele>2211.27</ele>
        <time>2026-05-04T00:24:17.0760000+00:00</time>
      </trkpt>
      <trkpt lat="46.78807" lon="8.05024">
        <ele>2205.05</ele>
        <time>2026-05-04T00:24:31.6150000+00:00</time>
      </trkpt>
      <trkpt lat="46.7881" lon="8.0503">
        <ele>2202.2</ele>
        <time>2026-05-04T00:24:38.8080000+00:00</time>
      </trkpt>
      <trkpt lat="46.78802" lon="8.05032">
        <ele>2204.89</ele>
        <time>2026-05-04T00:24:50.2840000+00:00</time>
      </trkpt>
      <trkpt lat="46.78796" lon="8.05032">
        <ele>2207.3</ele>
        <time>2026-05-04T00:24:58.7680000+00:00</time>
      </trkpt>
      <trkpt lat="46.78787" lon="8.05028">
        <ele>2212.25</ele>
        <time>2026-05-04T00:25:12.0690000+00:00</time>
      </trkpt>
      <trkpt lat="46.78781" lon="8.05023">
        <ele>2216.51</ele>
        <time>2026-05-04T00:25:21.8380000+00:00</time>
      </trkpt>
      <trkpt lat="46.78774" lon="8.05019">
        <ele>2221.03</ele>
        <time>2026-05-04T00:25:32.4660000+00:00</time>
      </trkpt>
      <trkpt lat="46.78766" lon="8.05016">
        <ele>2224.53</ele>
        <time>2026-05-04T00:25:44.1460000+00:00</time>
      </trkpt>
      <trkpt lat="46.78756" lon="8.05013">
        <ele>2222.86</ele>
        <time>2026-05-04T00:25:58.5810000+00:00</time>
      </trkpt>
      <trkpt lat="46.78746" lon="8.0501">
        <ele>2221.18</ele>
        <time>2026-05-04T00:26:13.0170000+00:00</time>
      </trkpt>
      <trkpt lat="46.78739" lon="8.05008">
        <ele>2219.96</ele>
        <time>2026-05-04T00:26:23.1020000+00:00</time>
      </trkpt>
      <trkpt lat="46.78732" lon="8.05007">
        <ele>2218.34</ele>
        <time>2026-05-04T00:26:33.0470000+00:00</time>
      </trkpt>
      <trkpt lat="46.78728" lon="8.05006">
        <ele>2217.59</ele>
        <time>2026-05-04T00:26:38.7860000+00:00</time>
      </trkpt>
      <trkpt lat="46.78726" lon="8.05006">
        <ele>2217.02</ele>
        <time>2026-05-04T00:26:41.6150000+00:00</time>
      </trkpt>
      <trkpt lat="46.78725" lon="8.05007">
        <ele>2216.34</ele>
        <time>2026-05-04T00:26:43.3310000+00:00</time>
      </trkpt>
      <trkpt lat="46.78725" lon="8.05008">
        <ele>2215.95</ele>
        <time>2026-05-04T00:26:44.3040000+00:00</time>
      </trkpt>
      <trkpt lat="46.78726" lon="8.0501">
        <ele>2215.45</ele>
        <time>2026-05-04T00:26:46.7040000+00:00</time>
      </trkpt>
      <trkpt lat="46.78729" lon="8.05013">
        <ele>2215.14</ele>
        <time>2026-05-04T00:26:51.8450000+00:00</time>
      </trkpt>
      <trkpt lat="46.78733" lon="8.05021">
        <ele>2213.15</ele>
        <time>2026-05-04T00:27:01.4360000+00:00</time>
      </trkpt>
      <trkpt lat="46.78737" lon="8.05037">
        <ele>2208.02</ele>
        <time>2026-05-04T00:27:17.9270000+00:00</time>
      </trkpt>
      <trkpt lat="46.7874" lon="8.05051">
        <ele>2203.38</ele>
        <time>2026-05-04T00:27:32.1300000+00:00</time>
      </trkpt>
      <trkpt lat="46.78743" lon="8.05063">
        <ele>2199.5</ele>
        <time>2026-05-04T00:27:44.4980000+00:00</time>
      </trkpt>
      <trkpt lat="46.7875" lon="8.05074">
        <ele>2197.12</ele>
        <time>2026-05-04T00:27:59.0380000+00:00</time>
      </trkpt>
      <trkpt lat="46.78756" lon="8.05083">
        <ele>2195.1</ele>
        <time>2026-05-04T00:28:11.2000000+00:00</time>
      </trkpt>
      <trkpt lat="46.78759" lon="8.05092">
        <ele>2192.14</ele>
        <time>2026-05-04T00:28:20.8920000+00:00</time>
      </trkpt>
      <trkpt lat="46.78762" lon="8.05105">
        <ele>2187.6</ele>
        <time>2026-05-04T00:28:34.1740000+00:00</time>
      </trkpt>
      <trkpt lat="46.78766" lon="8.05114">
        <ele>2185.18</ele>
        <time>2026-05-04T00:28:44.5620000+00:00</time>
      </trkpt>
      <trkpt lat="46.7877" lon="8.05121">
        <ele>2182.38</ele>
        <time>2026-05-04T00:28:53.3900000+00:00</time>
      </trkpt>
      <trkpt lat="46.78774" lon="8.05128">
        <ele>2178.66</ele>
        <time>2026-05-04T00:29:02.2180000+00:00</time>
      </trkpt>
      <trkpt lat="46.78779" lon="8.05144">
        <ele>2171.18</ele>
        <time>2026-05-04T00:29:19.2460000+00:00</time>
      </trkpt>
      <trkpt lat="46.78782" lon="8.05157">
        <ele>2165.39</ele>
        <time>2026-05-04T00:29:32.5280000+00:00</time>
      </trkpt>
      <trkpt lat="46.78783" lon="8.05166">
        <ele>2161.94</ele>
        <time>2026-05-04T00:29:41.3570000+00:00</time>
      </trkpt>
      <trkpt lat="46.78784" lon="8.05177">
        <ele>2158.37</ele>
        <time>2026-05-04T00:29:52.1010000+00:00</time>
      </trkpt>
      <trkpt lat="46.78784" lon="8.05187">
        <ele>2155.3</ele>
        <time>2026-05-04T00:30:01.7830000+00:00</time>
      </trkpt>
      <trkpt lat="46.78785" lon="8.05197">
        <ele>2152.02</ele>
        <time>2026-05-04T00:30:11.5670000+00:00</time>
      </trkpt>
      <trkpt lat="46.78787" lon="8.05204">
        <ele>2149.44</ele>
        <time>2026-05-04T00:30:18.9100000+00:00</time>
      </trkpt>
      <trkpt lat="46.78788" lon="8.05216">
        <ele>2145.52</ele>
        <time>2026-05-04T00:30:30.6140000+00:00</time>
      </trkpt>
      <trkpt lat="46.7879" lon="8.05228">
        <ele>2141.37</ele>
        <time>2026-05-04T00:30:42.5720000+00:00</time>
      </trkpt>
      <trkpt lat="46.78792" lon="8.05241">
        <ele>2136.89</ele>
        <time>2026-05-04T00:30:55.4730000+00:00</time>
      </trkpt>
      <trkpt lat="46.78795" lon="8.05256">
        <ele>2131.99</ele>
        <time>2026-05-04T00:31:10.6020000+00:00</time>
      </trkpt>
      <trkpt lat="46.78799" lon="8.05274">
        <ele>2126.28</ele>
        <time>2026-05-04T00:31:28.9250000+00:00</time>
      </trkpt>
      <trkpt lat="46.78802" lon="8.05285">
        <ele>2122.69</ele>
        <time>2026-05-04T00:31:40.3880000+00:00</time>
      </trkpt>
      <trkpt lat="46.78805" lon="8.05294">
        <ele>2119.65</ele>
        <time>2026-05-04T00:31:50.0790000+00:00</time>
      </trkpt>
      <trkpt lat="46.7881" lon="8.05305">
        <ele>2115.67</ele>
        <time>2026-05-04T00:32:02.8630000+00:00</time>
      </trkpt>
      <trkpt lat="46.78812" lon="8.05317">
        <ele>2112.09</ele>
        <time>2026-05-04T00:32:14.8200000+00:00</time>
      </trkpt>
      <trkpt lat="46.78815" lon="8.05333">
        <ele>2107.28</ele>
        <time>2026-05-04T00:32:30.8810000+00:00</time>
      </trkpt>
      <trkpt lat="46.78819" lon="8.0535">
        <ele>2102.05</ele>
        <time>2026-05-04T00:32:48.2850000+00:00</time>
      </trkpt>
      <trkpt lat="46.78822" lon="8.05362">
        <ele>2098.3</ele>
        <time>2026-05-04T00:33:00.6540000+00:00</time>
      </trkpt>
      <trkpt lat="46.78825" lon="8.05373">
        <ele>2094.81</ele>
        <time>2026-05-04T00:33:12.1170000+00:00</time>
      </trkpt>
      <trkpt lat="46.7883" lon="8.05377">
        <ele>2092.71</ele>
        <time>2026-05-04T00:33:20.1780000+00:00</time>
      </trkpt>
      <trkpt lat="46.78835" lon="8.05378">
        <ele>2091.4</ele>
        <time>2026-05-04T00:33:27.3140000+00:00</time>
      </trkpt>
      <trkpt lat="46.78836" lon="8.0538">
        <ele>2090.66</ele>
        <time>2026-05-04T00:33:29.7140000+00:00</time>
      </trkpt>
      <trkpt lat="46.78836" lon="8.05384">
        <ele>2089.61</ele>
        <time>2026-05-04T00:33:33.5860000+00:00</time>
      </trkpt>
      <trkpt lat="46.78835" lon="8.05388">
        <ele>2088.78</ele>
        <time>2026-05-04T00:33:37.7090000+00:00</time>
      </trkpt>
      <trkpt lat="46.78831" lon="8.05393">
        <ele>2088.32</ele>
        <time>2026-05-04T00:33:45.1550000+00:00</time>
      </trkpt>
      <trkpt lat="46.78828" lon="8.05395">
        <ele>2088.44</ele>
        <time>2026-05-04T00:33:49.8190000+00:00</time>
      </trkpt>
      <trkpt lat="46.78824" lon="8.05393">
        <ele>2089.81</ele>
        <time>2026-05-04T00:33:55.7970000+00:00</time>
      </trkpt>
      <trkpt lat="46.7882" lon="8.05389">
        <ele>2091.71</ele>
        <time>2026-05-04T00:34:02.6520000+00:00</time>
      </trkpt>
      <trkpt lat="46.78817" lon="8.05386">
        <ele>2093.12</ele>
        <time>2026-05-04T00:34:07.7940000+00:00</time>
      </trkpt>
      <trkpt lat="46.78817" lon="8.05388">
        <ele>2092.61</ele>
        <time>2026-05-04T00:34:09.7330000+00:00</time>
      </trkpt>
      <trkpt lat="46.78818" lon="8.05394">
        <ele>2090.84</ele>
        <time>2026-05-04T00:34:15.7110000+00:00</time>
      </trkpt>
      <trkpt lat="46.78818" lon="8.05402">
        <ele>2088.76</ele>
        <time>2026-05-04T00:34:23.4570000+00:00</time>
      </trkpt>
      <trkpt lat="46.78818" lon="8.05412">
        <ele>2086.17</ele>
        <time>2026-05-04T00:34:33.1380000+00:00</time>
      </trkpt>
      <trkpt lat="46.78818" lon="8.05426">
        <ele>2083.3</ele>
        <time>2026-05-04T00:34:46.6930000+00:00</time>
      </trkpt>
      <trkpt lat="46.78819" lon="8.05434">
        <ele>2081.45</ele>
        <time>2026-05-04T00:34:54.5660000+00:00</time>
      </trkpt>
      <trkpt lat="46.78821" lon="8.05443">
        <ele>2079.18</ele>
        <time>2026-05-04T00:35:03.7280000+00:00</time>
      </trkpt>
      <trkpt lat="46.78824" lon="8.05448">
        <ele>2077.51</ele>
        <time>2026-05-04T00:35:10.1650000+00:00</time>
      </trkpt>
      <trkpt lat="46.78826" lon="8.05456">
        <ele>2075.44</ele>
        <time>2026-05-04T00:35:18.4090000+00:00</time>
      </trkpt>
      <trkpt lat="46.7883" lon="8.05467">
        <ele>2072.33</ele>
        <time>2026-05-04T00:35:30.4680000+00:00</time>
      </trkpt>
      <trkpt lat="46.7883" lon="8.05473">
        <ele>2071.11</ele>
        <time>2026-05-04T00:35:36.2770000+00:00</time>
      </trkpt>
      <trkpt lat="46.78829" lon="8.05482">
        <ele>2069.49</ele>
        <time>2026-05-04T00:35:45.1040000+00:00</time>
      </trkpt>
      <trkpt lat="46.78827" lon="8.05495">
        <ele>2067.26</ele>
        <time>2026-05-04T00:35:58.0040000+00:00</time>
      </trkpt>
      <trkpt lat="46.78824" lon="8.05514">
        <ele>2064.48</ele>
        <time>2026-05-04T00:36:16.8820000+00:00</time>
      </trkpt>
      <trkpt lat="46.7882" lon="8.05524">
        <ele>2063.54</ele>
        <time>2026-05-04T00:36:28.0950000+00:00</time>
      </trkpt>
      <trkpt lat="46.78816" lon="8.05531">
        <ele>2063.15</ele>
        <time>2026-05-04T00:36:36.9220000+00:00</time>
      </trkpt>
      <trkpt lat="46.78809" lon="8.05541">
        <ele>2062.86</ele>
        <time>2026-05-04T00:36:50.7680000+00:00</time>
      </trkpt>
      <trkpt lat="46.78804" lon="8.05544">
        <ele>2063.4</ele>
        <time>2026-05-04T00:36:58.4110000+00:00</time>
      </trkpt>
      <trkpt lat="46.78802" lon="8.05546">
        <ele>2063.47</ele>
        <time>2026-05-04T00:37:01.8360000+00:00</time>
      </trkpt>
      <trkpt lat="46.788" lon="8.05547">
        <ele>2063.72</ele>
        <time>2026-05-04T00:37:04.8230000+00:00</time>
      </trkpt>
      <trkpt lat="46.7879" lon="8.05565">
        <ele>2062.64</ele>
        <time>2026-05-04T00:37:27.2650000+00:00</time>
      </trkpt>
      <trkpt lat="46.78782" lon="8.0558">
        <ele>2061.65</ele>
        <time>2026-05-04T00:37:45.6740000+00:00</time>
      </trkpt>
      <trkpt lat="46.78775" lon="8.05591">
        <ele>2061.03</ele>
        <time>2026-05-04T00:38:00.2150000+00:00</time>
      </trkpt>
      <trkpt lat="46.78765" lon="8.05608">
        <ele>2058.87</ele>
        <time>2026-05-04T00:38:21.9140000+00:00</time>
      </trkpt>
      <trkpt lat="46.78761" lon="8.05614">
        <ele>2057.05</ele>
        <time>2026-05-04T00:38:30.0210000+00:00</time>
      </trkpt>
      <trkpt lat="46.7876" lon="8.05621">
        <ele>2055.63</ele>
        <time>2026-05-04T00:38:36.9440000+00:00</time>
      </trkpt>
      <trkpt lat="46.78752" lon="8.05636">
        <ele>2051.9</ele>
        <time>2026-05-04T00:38:55.3520000+00:00</time>
      </trkpt>
      <trkpt lat="46.78749" lon="8.05644">
        <ele>2050.25</ele>
        <time>2026-05-04T00:39:04.1840000+00:00</time>
      </trkpt>
      <trkpt lat="46.78749" lon="8.05648">
        <ele>2049.62</ele>
        <time>2026-05-04T00:39:08.0570000+00:00</time>
      </trkpt>
      <trkpt lat="46.78748" lon="8.05652">
        <ele>2048.89</ele>
        <time>2026-05-04T00:39:12.1790000+00:00</time>
      </trkpt>
      <trkpt lat="46.78749" lon="8.05656">
        <ele>2048.36</ele>
        <time>2026-05-04T00:39:16.3020000+00:00</time>
      </trkpt>
      <trkpt lat="46.78751" lon="8.05665">
        <ele>2046.95</ele>
        <time>2026-05-04T00:39:25.4620000+00:00</time>
      </trkpt>
      <trkpt lat="46.78752" lon="8.05667">
        <ele>2046.61</ele>
        <time>2026-05-04T00:39:27.8590000+00:00</time>
      </trkpt>
      <trkpt lat="46.78752" lon="8.05669">
        <ele>2046.18</ele>
        <time>2026-05-04T00:39:29.7980000+00:00</time>
      </trkpt>
      <trkpt lat="46.78752" lon="8.05671">
        <ele>2045.76</ele>
        <time>2026-05-04T00:39:31.7370000+00:00</time>
      </trkpt>
      <trkpt lat="46.78749" lon="8.05678">
        <ele>2044.07</ele>
        <time>2026-05-04T00:39:39.7320000+00:00</time>
      </trkpt>
      <trkpt lat="46.78747" lon="8.05687">
        <ele>2042.07</ele>
        <time>2026-05-04T00:39:48.8930000+00:00</time>
      </trkpt>
      <trkpt lat="46.78746" lon="8.05694">
        <ele>2040.56</ele>
        <time>2026-05-04T00:39:55.8170000+00:00</time>
      </trkpt>
      <trkpt lat="46.78746" lon="8.05701">
        <ele>2039.12</ele>
        <time>2026-05-04T00:40:02.5950000+00:00</time>
      </trkpt>
      <trkpt lat="46.78747" lon="8.05709">
        <ele>2037.51</ele>
        <time>2026-05-04T00:40:10.4690000+00:00</time>
      </trkpt>
      <trkpt lat="46.7875" lon="8.0572">
        <ele>2035.3</ele>
        <time>2026-05-04T00:40:21.9330000+00:00</time>
      </trkpt>
      <trkpt lat="46.78751" lon="8.05727">
        <ele>2033.85</ele>
        <time>2026-05-04T00:40:28.8580000+00:00</time>
      </trkpt>
      <trkpt lat="46.78752" lon="8.05732">
        <ele>2032.81</ele>
        <time>2026-05-04T00:40:33.9010000+00:00</time>
      </trkpt>
      <trkpt lat="46.78752" lon="8.05734">
        <ele>2032.38</ele>
        <time>2026-05-04T00:40:35.8400000+00:00</time>
      </trkpt>
      <trkpt lat="46.78752" lon="8.05737">
        <ele>2031.74</ele>
        <time>2026-05-04T00:40:38.7480000+00:00</time>
      </trkpt>
      <trkpt lat="46.78751" lon="8.05738">
        <ele>2031.52</ele>
        <time>2026-05-04T00:40:40.4590000+00:00</time>
      </trkpt>
      <trkpt lat="46.78749" lon="8.0574">
        <ele>2031.09</ele>
        <time>2026-05-04T00:40:43.8870000+00:00</time>
      </trkpt>
      <trkpt lat="46.78744" lon="8.05742">
        <ele>2030.66</ele>
        <time>2026-05-04T00:40:51.2170000+00:00</time>
      </trkpt>
      <trkpt lat="46.78737" lon="8.05746">
        <ele>2029.81</ele>
        <time>2026-05-04T00:41:01.8450000+00:00</time>
      </trkpt>
      <trkpt lat="46.78735" lon="8.05749">
        <ele>2029.09</ele>
        <time>2026-05-04T00:41:05.8980000+00:00</time>
      </trkpt>
      <trkpt lat="46.78734" lon="8.05753">
        <ele>2028.15</ele>
        <time>2026-05-04T00:41:10.0200000+00:00</time>
      </trkpt>
      <trkpt lat="46.78733" lon="8.05764">
        <ele>2025.58</ele>
        <time>2026-05-04T00:41:20.7640000+00:00</time>
      </trkpt>
      <trkpt lat="46.78732" lon="8.05772">
        <ele>2023.75</ele>
        <time>2026-05-04T00:41:28.6380000+00:00</time>
      </trkpt>
      <trkpt lat="46.7873" lon="8.05782">
        <ele>2021.55</ele>
        <time>2026-05-04T00:41:38.7250000+00:00</time>
      </trkpt>
      <trkpt lat="46.7873" lon="8.0579">
        <ele>2019.72</ele>
        <time>2026-05-04T00:41:46.4710000+00:00</time>
      </trkpt>
      <trkpt lat="46.7873" lon="8.05793">
        <ele>2019.03</ele>
        <time>2026-05-04T00:41:49.3780000+00:00</time>
      </trkpt>
      <trkpt lat="46.7873" lon="8.05803">
        <ele>2016.73</ele>
        <time>2026-05-04T00:41:59.0610000+00:00</time>
      </trkpt>
      <trkpt lat="46.7873" lon="8.05815">
        <ele>2013.98</ele>
        <time>2026-05-04T00:42:10.6790000+00:00</time>
      </trkpt>
      <trkpt lat="46.7873" lon="8.05821">
        <ele>2012.6</ele>
        <time>2026-05-04T00:42:16.4890000+00:00</time>
      </trkpt>
      <trkpt lat="46.7873" lon="8.05824">
        <ele>2011.91</ele>
        <time>2026-05-04T00:42:19.3960000+00:00</time>
      </trkpt>
      <trkpt lat="46.7873" lon="8.05832">
        <ele>2010.06</ele>
        <time>2026-05-04T00:42:27.1430000+00:00</time>
      </trkpt>
      <trkpt lat="46.7873" lon="8.05836">
        <ele>2009.12</ele>
        <time>2026-05-04T00:42:31.0170000+00:00</time>
      </trkpt>
      <trkpt lat="46.78729" lon="8.05842">
        <ele>2007.9</ele>
        <time>2026-05-04T00:42:36.9970000+00:00</time>
      </trkpt>
      <trkpt lat="46.78727" lon="8.05851">
        <ele>2006.28</ele>
        <time>2026-05-04T00:42:46.1580000+00:00</time>
      </trkpt>
      <trkpt lat="46.78725" lon="8.05855">
        <ele>2005.87</ele>
        <time>2026-05-04T00:42:50.9540000+00:00</time>
      </trkpt>
      <trkpt lat="46.78723" lon="8.0586">
        <ele>2005.29</ele>
        <time>2026-05-04T00:42:56.5610000+00:00</time>
      </trkpt>
      <trkpt lat="46.78723" lon="8.05862">
        <ele>2004.87</ele>
        <time>2026-05-04T00:42:58.5000000+00:00</time>
      </trkpt>
      <trkpt lat="46.78722" lon="8.05867">
        <ele>2004.09</ele>
        <time>2026-05-04T00:43:03.5420000+00:00</time>
      </trkpt>
      <trkpt lat="46.78722" lon="8.0587">
        <ele>2003.47</ele>
        <time>2026-05-04T00:43:06.4470000+00:00</time>
      </trkpt>
      <trkpt lat="46.78721" lon="8.05873">
        <ele>2003.15</ele>
        <time>2026-05-04T00:43:09.6770000+00:00</time>
      </trkpt>
      <trkpt lat="46.78721" lon="8.05875">
        <ele>2002.73</ele>
        <time>2026-05-04T00:43:11.6120000+00:00</time>
      </trkpt>
      <trkpt lat="46.78719" lon="8.05878">
        <ele>2002.76</ele>
        <time>2026-05-04T00:43:15.6650000+00:00</time>
      </trkpt>
      <trkpt lat="46.78718" lon="8.0588">
        <ele>2002.69</ele>
        <time>2026-05-04T00:43:18.0620000+00:00</time>
      </trkpt>
      <trkpt lat="46.78718" lon="8.0588">
        <ele>2002.69</ele>
        <time>2026-05-04T00:43:18.0620000+00:00</time>
      </trkpt>
      <trkpt lat="46.78718" lon="8.05883">
        <ele>2002.1</ele>
        <time>2026-05-04T00:43:20.9690000+00:00</time>
      </trkpt>
      <trkpt lat="46.78718" lon="8.05888">
        <ele>2001.13</ele>
        <time>2026-05-04T00:43:25.8100000+00:00</time>
      </trkpt>
      <trkpt lat="46.7872" lon="8.05894">
        <ele>1999.21</ele>
        <time>2026-05-04T00:43:32.2710000+00:00</time>
      </trkpt>
      <trkpt lat="46.7872" lon="8.05899">
        <ele>1998.2</ele>
        <time>2026-05-04T00:43:37.1120000+00:00</time>
      </trkpt>
      <trkpt lat="46.7872" lon="8.05902">
        <ele>1997.59</ele>
        <time>2026-05-04T00:43:40.0190000+00:00</time>
      </trkpt>
      <trkpt lat="46.7872" lon="8.05907">
        <ele>1996.58</ele>
        <time>2026-05-04T00:43:44.8610000+00:00</time>
      </trkpt>
      <trkpt lat="46.7872" lon="8.05911">
        <ele>1995.77</ele>
        <time>2026-05-04T00:43:48.7350000+00:00</time>
      </trkpt>
      <trkpt lat="46.78721" lon="8.05916">
        <ele>1994.76</ele>
        <time>2026-05-04T00:43:53.7780000+00:00</time>
      </trkpt>
      <trkpt lat="46.78721" lon="8.05918">
        <ele>1994.55</ele>
        <time>2026-05-04T00:43:55.7140000+00:00</time>
      </trkpt>
      <trkpt lat="46.7872" lon="8.05921">
        <ele>1994.7</ele>
        <time>2026-05-04T00:43:58.9440000+00:00</time>
      </trkpt>
      <trkpt lat="46.78718" lon="8.05924">
        <ele>1995.33</ele>
        <time>2026-05-04T00:44:02.9990000+00:00</time>
      </trkpt>
      <trkpt lat="46.78718" lon="8.05927">
        <ele>1995.05</ele>
        <time>2026-05-04T00:44:05.9060000+00:00</time>
      </trkpt>
      <trkpt lat="46.78717" lon="8.0593">
        <ele>1995.24</ele>
        <time>2026-05-04T00:44:09.1370000+00:00</time>
      </trkpt>
      <trkpt lat="46.78717" lon="8.05933">
        <ele>1994.96</ele>
        <time>2026-05-04T00:44:12.0390000+00:00</time>
      </trkpt>
      <trkpt lat="46.78717" lon="8.05936">
        <ele>1994.69</ele>
        <time>2026-05-04T00:44:14.9410000+00:00</time>
      </trkpt>
      <trkpt lat="46.78718" lon="8.05943">
        <ele>1993.54</ele>
        <time>2026-05-04T00:44:21.8640000+00:00</time>
      </trkpt>
      <trkpt lat="46.78718" lon="8.05949">
        <ele>1992.97</ele>
        <time>2026-05-04T00:44:27.6740000+00:00</time>
      </trkpt>
      <trkpt lat="46.78718" lon="8.05956">
        <ele>1992.31</ele>
        <time>2026-05-04T00:44:34.4520000+00:00</time>
      </trkpt>
      <trkpt lat="46.78718" lon="8.05965">
        <ele>1991.46</ele>
        <time>2026-05-04T00:44:43.1660000+00:00</time>
      </trkpt>
      <trkpt lat="46.78718" lon="8.0597">
        <ele>1990.99</ele>
        <time>2026-05-04T00:44:48.0070000+00:00</time>
      </trkpt>
      <trkpt lat="46.7872" lon="8.05975">
        <ele>1989.34</ele>
        <time>2026-05-04T00:44:53.6140000+00:00</time>
      </trkpt>
      <trkpt lat="46.78721" lon="8.05984">
        <ele>1987.84</ele>
        <time>2026-05-04T00:45:02.4410000+00:00</time>
      </trkpt>
      <trkpt lat="46.78722" lon="8.05986">
        <ele>1987.02</ele>
        <time>2026-05-04T00:45:04.8370000+00:00</time>
      </trkpt>
      <trkpt lat="46.78721" lon="8.0599">
        <ele>1987.23</ele>
        <time>2026-05-04T00:45:08.9600000+00:00</time>
      </trkpt>
      <trkpt lat="46.7872" lon="8.05995">
        <ele>1987.36</ele>
        <time>2026-05-04T00:45:14.0030000+00:00</time>
      </trkpt>
      <trkpt lat="46.7872" lon="8.05999">
        <ele>1987.26</ele>
        <time>2026-05-04T00:45:17.8770000+00:00</time>
      </trkpt>
      <trkpt lat="46.78721" lon="8.06005">
        <ele>1986.45</ele>
        <time>2026-05-04T00:45:23.8550000+00:00</time>
      </trkpt>
      <trkpt lat="46.78721" lon="8.06008">
        <ele>1986.37</ele>
        <time>2026-05-04T00:45:26.7580000+00:00</time>
      </trkpt>
      <trkpt lat="46.78721" lon="8.06013">
        <ele>1986.23</ele>
        <time>2026-05-04T00:45:31.5990000+00:00</time>
      </trkpt>
      <trkpt lat="46.7872" lon="8.06016">
        <ele>1986.82</ele>
        <time>2026-05-04T00:45:34.8290000+00:00</time>
      </trkpt>
      <trkpt lat="46.78719" lon="8.06019">
        <ele>1987.42</ele>
        <time>2026-05-04T00:45:38.0600000+00:00</time>
      </trkpt>
      <trkpt lat="46.78719" lon="8.06022">
        <ele>1987.35</ele>
        <time>2026-05-04T00:45:40.9620000+00:00</time>
      </trkpt>
      <trkpt lat="46.78719" lon="8.06031">
        <ele>1987.14</ele>
        <time>2026-05-04T00:45:49.6740000+00:00</time>
      </trkpt>
      <trkpt lat="46.7872" lon="8.06036">
        <ele>1986.31</ele>
        <time>2026-05-04T00:45:54.7160000+00:00</time>
      </trkpt>
      <trkpt lat="46.78719" lon="8.06041">
        <ele>1986.9</ele>
        <time>2026-05-04T00:45:59.7580000+00:00</time>
      </trkpt>
      <trkpt lat="46.78719" lon="8.06049">
        <ele>1986.71</ele>
        <time>2026-05-04T00:46:07.5030000+00:00</time>
      </trkpt>
      <trkpt lat="46.78719" lon="8.06056">
        <ele>1986.54</ele>
        <time>2026-05-04T00:46:14.2790000+00:00</time>
      </trkpt>
      <trkpt lat="46.78719" lon="8.06066">
        <ele>1986.3</ele>
        <time>2026-05-04T00:46:23.9600000+00:00</time>
      </trkpt>
      <trkpt lat="46.78719" lon="8.06076">
        <ele>1986.07</ele>
        <time>2026-05-04T00:46:33.6420000+00:00</time>
      </trkpt>
      <trkpt lat="46.78719" lon="8.06082">
        <ele>1986.02</ele>
        <time>2026-05-04T00:46:39.4490000+00:00</time>
      </trkpt>
      <trkpt lat="46.78717" lon="8.06086">
        <ele>1987.59</ele>
        <time>2026-05-04T00:46:44.2430000+00:00</time>
      </trkpt>
      <trkpt lat="46.78715" lon="8.06092">
        <ele>1989.18</ele>
        <time>2026-05-04T00:46:50.7040000+00:00</time>
      </trkpt>
      <trkpt lat="46.78713" lon="8.06099">
        <ele>1990.77</ele>
        <time>2026-05-04T00:46:58.0480000+00:00</time>
      </trkpt>
      <trkpt lat="46.78712" lon="8.06103">
        <ele>1991.58</ele>
        <time>2026-05-04T00:47:02.1700000+00:00</time>
      </trkpt>
      <trkpt lat="46.78712" lon="8.06107">
        <ele>1991.59</ele>
        <time>2026-05-04T00:47:06.0430000+00:00</time>
      </trkpt>
      <trkpt lat="46.7871" lon="8.0611">
        <ele>1993.19</ele>
        <time>2026-05-04T00:47:10.0970000+00:00</time>
      </trkpt>
      <trkpt lat="46.78709" lon="8.06115">
        <ele>1994</ele>
        <time>2026-05-04T00:47:15.1400000+00:00</time>
      </trkpt>
      <trkpt lat="46.78707" lon="8.06124">
        <ele>1995.63</ele>
        <time>2026-05-04T00:47:24.3010000+00:00</time>
      </trkpt>
      <trkpt lat="46.78706" lon="8.06128">
        <ele>1996.45</ele>
        <time>2026-05-04T00:47:28.4240000+00:00</time>
      </trkpt>
      <trkpt lat="46.78706" lon="8.0613">
        <ele>1996.46</ele>
        <time>2026-05-04T00:47:30.3630000+00:00</time>
      </trkpt>
      <trkpt lat="46.78706" lon="8.06133">
        <ele>1996.48</ele>
        <time>2026-05-04T00:47:33.2680000+00:00</time>
      </trkpt>
      <trkpt lat="46.78708" lon="8.06137">
        <ele>1994.91</ele>
        <time>2026-05-04T00:47:38.0630000+00:00</time>
      </trkpt>
      <trkpt lat="46.78708" lon="8.06141">
        <ele>1994.93</ele>
        <time>2026-05-04T00:47:41.9340000+00:00</time>
      </trkpt>
      <trkpt lat="46.78709" lon="8.06148">
        <ele>1994.16</ele>
        <time>2026-05-04T00:47:48.8580000+00:00</time>
      </trkpt>
      <trkpt lat="46.7871" lon="8.06152">
        <ele>1993.38</ele>
        <time>2026-05-04T00:47:52.9800000+00:00</time>
      </trkpt>
      <trkpt lat="46.7871" lon="8.06155">
        <ele>1993.39</ele>
        <time>2026-05-04T00:47:55.8830000+00:00</time>
      </trkpt>
      <trkpt lat="46.7871" lon="8.06159">
        <ele>1993.41</ele>
        <time>2026-05-04T00:47:59.7530000+00:00</time>
      </trkpt>
      <trkpt lat="46.7871" lon="8.06164">
        <ele>1993.69</ele>
        <time>2026-05-04T00:48:04.5940000+00:00</time>
      </trkpt>
      <trkpt lat="46.7871" lon="8.06168">
        <ele>1994.11</ele>
        <time>2026-05-04T00:48:08.4650000+00:00</time>
      </trkpt>
      <trkpt lat="46.7871" lon="8.06172">
        <ele>1994.54</ele>
        <time>2026-05-04T00:48:12.3360000+00:00</time>
      </trkpt>
      <trkpt lat="46.78711" lon="8.06177">
        <ele>1994.25</ele>
        <time>2026-05-04T00:48:17.3810000+00:00</time>
      </trkpt>
      <trkpt lat="46.7871" lon="8.06183">
        <ele>1995.71</ele>
        <time>2026-05-04T00:48:23.3600000+00:00</time>
      </trkpt>
      <trkpt lat="46.78709" lon="8.06186">
        <ele>1996.85</ele>
        <time>2026-05-04T00:48:26.5900000+00:00</time>
      </trkpt>
      <trkpt lat="46.78708" lon="8.0619">
        <ele>1998.12</ele>
        <time>2026-05-04T00:48:30.7130000+00:00</time>
      </trkpt>
      <trkpt lat="46.78708" lon="8.06194">
        <ele>1998.55</ele>
        <time>2026-05-04T00:48:34.5830000+00:00</time>
      </trkpt>
      <trkpt lat="46.78708" lon="8.06198">
        <ele>1998.98</ele>
        <time>2026-05-04T00:48:38.4540000+00:00</time>
      </trkpt>
      <trkpt lat="46.78708" lon="8.062">
        <ele>1999.2</ele>
        <time>2026-05-04T00:48:40.3900000+00:00</time>
      </trkpt>
      <trkpt lat="46.78708" lon="8.06206">
        <ele>1999.85</ele>
        <time>2026-05-04T00:48:46.1980000+00:00</time>
      </trkpt>
      <trkpt lat="46.78709" lon="8.06211">
        <ele>1999.54</ele>
        <time>2026-05-04T00:48:51.2430000+00:00</time>
      </trkpt>
      <trkpt lat="46.7871" lon="8.06216">
        <ele>1999.21</ele>
        <time>2026-05-04T00:48:56.2860000+00:00</time>
      </trkpt>
      <trkpt lat="46.7871" lon="8.0622">
        <ele>1999.64</ele>
        <time>2026-05-04T00:49:00.1570000+00:00</time>
      </trkpt>
      <trkpt lat="46.78711" lon="8.06222">
        <ele>1998.99</ele>
        <time>2026-05-04T00:49:02.5560000+00:00</time>
      </trkpt>
      <trkpt lat="46.7871" lon="8.06225">
        <ele>2000.17</ele>
        <time>2026-05-04T00:49:05.7860000+00:00</time>
      </trkpt>
      <trkpt lat="46.7871" lon="8.06229">
        <ele>2000.6</ele>
        <time>2026-05-04T00:49:09.6570000+00:00</time>
      </trkpt>
      <trkpt lat="46.78708" lon="8.06233">
        <ele>2002.77</ele>
        <time>2026-05-04T00:49:14.4530000+00:00</time>
      </trkpt>
      <trkpt lat="46.78708" lon="8.06238">
        <ele>2003.32</ele>
        <time>2026-05-04T00:49:19.2940000+00:00</time>
      </trkpt>
      <trkpt lat="46.78707" lon="8.06242">
        <ele>2004.64</ele>
        <time>2026-05-04T00:49:23.4160000+00:00</time>
      </trkpt>
      <trkpt lat="46.78707" lon="8.06246">
        <ele>2005.28</ele>
        <time>2026-05-04T00:49:27.2890000+00:00</time>
      </trkpt>
      <trkpt lat="46.78707" lon="8.06254">
        <ele>2007.53</ele>
        <time>2026-05-04T00:49:35.0340000+00:00</time>
      </trkpt>
      <trkpt lat="46.78708" lon="8.0626">
        <ele>2008.29</ele>
        <time>2026-05-04T00:49:41.0120000+00:00</time>
      </trkpt>
      <trkpt lat="46.78708" lon="8.06265">
        <ele>2009.68</ele>
        <time>2026-05-04T00:49:45.8530000+00:00</time>
      </trkpt>
      <trkpt lat="46.78708" lon="8.0627">
        <ele>2011.07</ele>
        <time>2026-05-04T00:49:50.6950000+00:00</time>
      </trkpt>
      <trkpt lat="46.78709" lon="8.06277">
        <ele>2012.05</ele>
        <time>2026-05-04T00:49:57.6180000+00:00</time>
      </trkpt>
      <trkpt lat="46.7871" lon="8.06287">
        <ele>2013.82</ele>
        <time>2026-05-04T00:50:07.4030000+00:00</time>
      </trkpt>
      <trkpt lat="46.7871" lon="8.06292">
        <ele>2015.19</ele>
        <time>2026-05-04T00:50:12.2440000+00:00</time>
      </trkpt>
      <trkpt lat="46.78711" lon="8.06296">
        <ele>2015.27</ele>
        <time>2026-05-04T00:50:16.3660000+00:00</time>
      </trkpt>
      <trkpt lat="46.78711" lon="8.06298">
        <ele>2015.81</ele>
        <time>2026-05-04T00:50:18.3060000+00:00</time>
      </trkpt>
      <trkpt lat="46.78711" lon="8.06299">
        <ele>2016.08</ele>
        <time>2026-05-04T00:50:19.2790000+00:00</time>
      </trkpt>
      <trkpt lat="46.78711" lon="8.06301">
        <ele>2016.62</ele>
        <time>2026-05-04T00:50:21.2180000+00:00</time>
      </trkpt>
      <trkpt lat="46.78712" lon="8.06304">
        <ele>2016.4</ele>
        <time>2026-05-04T00:50:24.4480000+00:00</time>
      </trkpt>
      <trkpt lat="46.78713" lon="8.06307">
        <ele>2016.17</ele>
        <time>2026-05-04T00:50:27.6790000+00:00</time>
      </trkpt>
      <trkpt lat="46.78714" lon="8.06308">
        <ele>2015.39</ele>
        <time>2026-05-04T00:50:29.3900000+00:00</time>
      </trkpt>
      <trkpt lat="46.78714" lon="8.06307">
        <ele>2015.13</ele>
        <time>2026-05-04T00:50:30.3560000+00:00</time>
      </trkpt>
      <trkpt lat="46.78714" lon="8.06306">
        <ele>2014.86</ele>
        <time>2026-05-04T00:50:31.3220000+00:00</time>
      </trkpt>
      <trkpt lat="46.78714" lon="8.06303">
        <ele>2014.07</ele>
        <time>2026-05-04T00:50:34.2290000+00:00</time>
      </trkpt>
      <trkpt lat="46.78715" lon="8.06296">
        <ele>2011.21</ele>
        <time>2026-05-04T00:50:41.1520000+00:00</time>
      </trkpt>
      <trkpt lat="46.78714" lon="8.06294">
        <ele>2011.7</ele>
        <time>2026-05-04T00:50:43.5480000+00:00</time>
      </trkpt>
      <trkpt lat="46.78715" lon="8.0629">
        <ele>2009.64</ele>
        <time>2026-05-04T00:50:47.6710000+00:00</time>
      </trkpt>
      <trkpt lat="46.78715" lon="8.06286">
        <ele>2008.6</ele>
        <time>2026-05-04T00:50:51.5420000+00:00</time>
      </trkpt>
      <trkpt lat="46.78716" lon="8.06286">
        <ele>2007.61</ele>
        <time>2026-05-04T00:50:52.9550000+00:00</time>
      </trkpt>
      <trkpt lat="46.78717" lon="8.06286">
        <ele>2006.62</ele>
        <time>2026-05-04T00:50:54.3620000+00:00</time>
      </trkpt>
      <trkpt lat="46.78718" lon="8.06289">
        <ele>2006.39</ele>
        <time>2026-05-04T00:50:57.5930000+00:00</time>
      </trkpt>
      <trkpt lat="46.78719" lon="8.0629">
        <ele>2005.65</ele>
        <time>2026-05-04T00:50:59.3040000+00:00</time>
      </trkpt>
      <trkpt lat="46.78719" lon="8.06291">
        <ele>2005.9</ele>
        <time>2026-05-04T00:51:00.2630000+00:00</time>
      </trkpt>
      <trkpt lat="46.78719" lon="8.06292">
        <ele>2006.15</ele>
        <time>2026-05-04T00:51:01.2210000+00:00</time>
      </trkpt>
      <trkpt lat="46.78719" lon="8.06294">
        <ele>2006.65</ele>
        <time>2026-05-04T00:51:03.1530000+00:00</time>
      </trkpt>
      <trkpt lat="46.78721" lon="8.06299">
        <ele>2005.87</ele>
        <time>2026-05-04T00:51:08.7580000+00:00</time>
      </trkpt>
      <trkpt lat="46.78722" lon="8.06305">
        <ele>2006.31</ele>
        <time>2026-05-04T00:51:14.7360000+00:00</time>
      </trkpt>
      <trkpt lat="46.78725" lon="8.0631">
        <ele>2004.38</ele>
        <time>2026-05-04T00:51:21.1730000+00:00</time>
      </trkpt>
      <trkpt lat="46.78726" lon="8.06313">
        <ele>2004.04</ele>
        <time>2026-05-04T00:51:24.4040000+00:00</time>
      </trkpt>
      <trkpt lat="46.78726" lon="8.06317">
        <ele>2004.98</ele>
        <time>2026-05-04T00:51:28.2780000+00:00</time>
      </trkpt>
      <trkpt lat="46.78726" lon="8.06318">
        <ele>2005.21</ele>
        <time>2026-05-04T00:51:29.2440000+00:00</time>
      </trkpt>
      <trkpt lat="46.78726" lon="8.06321">
        <ele>2005.91</ele>
        <time>2026-05-04T00:51:32.1520000+00:00</time>
      </trkpt>
      <trkpt lat="46.78727" lon="8.06324">
        <ele>2005.53</ele>
        <time>2026-05-04T00:51:35.3840000+00:00</time>
      </trkpt>
      <trkpt lat="46.78728" lon="8.0633">
        <ele>2006.09</ele>
        <time>2026-05-04T00:51:41.3650000+00:00</time>
      </trkpt>
      <trkpt lat="46.78729" lon="8.06337">
        <ele>2007.55</ele>
        <time>2026-05-04T00:51:48.2890000+00:00</time>
      </trkpt>
      <trkpt lat="46.7873" lon="8.0634">
        <ele>2007.52</ele>
        <time>2026-05-04T00:51:51.5200000+00:00</time>
      </trkpt>
      <trkpt lat="46.78731" lon="8.06342">
        <ele>2007.11</ele>
        <time>2026-05-04T00:51:53.9190000+00:00</time>
      </trkpt>
      <trkpt lat="46.78733" lon="8.06347">
        <ele>2006.63</ele>
        <time>2026-05-04T00:51:59.5250000+00:00</time>
      </trkpt>
      <trkpt lat="46.78734" lon="8.06352">
        <ele>2007.24</ele>
        <time>2026-05-04T00:52:04.5680000+00:00</time>
      </trkpt>
      <trkpt lat="46.78735" lon="8.06355">
        <ele>2007.14</ele>
        <time>2026-05-04T00:52:07.7980000+00:00</time>
      </trkpt>
      <trkpt lat="46.78736" lon="8.06359">
        <ele>2007.36</ele>
        <time>2026-05-04T00:52:11.9210000+00:00</time>
      </trkpt>
      <trkpt lat="46.78738" lon="8.06364">
        <ele>2006.72</ele>
        <time>2026-05-04T00:52:17.5260000+00:00</time>
      </trkpt>
      <trkpt lat="46.78739" lon="8.06368">
        <ele>2006.89</ele>
        <time>2026-05-04T00:52:21.6490000+00:00</time>
      </trkpt>
      <trkpt lat="46.78741" lon="8.06374">
        <ele>2006.5</ele>
        <time>2026-05-04T00:52:28.1100000+00:00</time>
      </trkpt>
      <trkpt lat="46.78742" lon="8.06376">
        <ele>2005.95</ele>
        <time>2026-05-04T00:52:30.5090000+00:00</time>
      </trkpt>
      <trkpt lat="46.78744" lon="8.0638">
        <ele>2004.81</ele>
        <time>2026-05-04T00:52:35.3050000+00:00</time>
      </trkpt>
      <trkpt lat="46.78745" lon="8.06382">
        <ele>2004.23</ele>
        <time>2026-05-04T00:52:37.7010000+00:00</time>
      </trkpt>
      <trkpt lat="46.78752" lon="8.06395">
        <ele>1999.57</ele>
        <time>2026-05-04T00:52:53.7130000+00:00</time>
      </trkpt>
      <trkpt lat="46.78752" lon="8.06399">
        <ele>2000.79</ele>
        <time>2026-05-04T00:52:57.5880000+00:00</time>
      </trkpt>
      <trkpt lat="46.78754" lon="8.06406">
        <ele>2000.33</ele>
        <time>2026-05-04T00:53:04.9310000+00:00</time>
      </trkpt>
      <trkpt lat="46.78756" lon="8.06412">
        <ele>1999.59</ele>
        <time>2026-05-04T00:53:11.3920000+00:00</time>
      </trkpt>
      <trkpt lat="46.78755" lon="8.06413">
        <ele>2001.32</ele>
        <time>2026-05-04T00:53:13.1040000+00:00</time>
      </trkpt>
      <trkpt lat="46.78754" lon="8.06412">
        <ele>2002.21</ele>
        <time>2026-05-04T00:53:14.8200000+00:00</time>
      </trkpt>
      <trkpt lat="46.78749" lon="8.06406">
        <ele>2006.81</ele>
        <time>2026-05-04T00:53:23.9700000+00:00</time>
      </trkpt>
      <trkpt lat="46.78747" lon="8.064">
        <ele>2007.49</ele>
        <time>2026-05-04T00:53:30.4310000+00:00</time>
      </trkpt>
      <trkpt lat="46.78744" lon="8.06397">
        <ele>2010.35</ele>
        <time>2026-05-04T00:53:35.5730000+00:00</time>
      </trkpt>
      <trkpt lat="46.78739" lon="8.06394">
        <ele>2015.69</ele>
        <time>2026-05-04T00:53:43.2160000+00:00</time>
      </trkpt>
      <trkpt lat="46.78735" lon="8.06389">
        <ele>2019.01</ele>
        <time>2026-05-04T00:53:50.6610000+00:00</time>
      </trkpt>
      <trkpt lat="46.78732" lon="8.06385">
        <ele>2021.33</ele>
        <time>2026-05-04T00:53:56.4050000+00:00</time>
      </trkpt>
      <trkpt lat="46.78729" lon="8.06381">
        <ele>2023.59</ele>
        <time>2026-05-04T00:54:02.1490000+00:00</time>
      </trkpt>
      <trkpt lat="46.78728" lon="8.0638">
        <ele>2024.46</ele>
        <time>2026-05-04T00:54:03.8650000+00:00</time>
      </trkpt>
      <trkpt lat="46.78727" lon="8.0638">
        <ele>2025.69</ele>
        <time>2026-05-04T00:54:05.2830000+00:00</time>
      </trkpt>
      <trkpt lat="46.78726" lon="8.06381">
        <ele>2027.29</ele>
        <time>2026-05-04T00:54:06.9990000+00:00</time>
      </trkpt>
      <trkpt lat="46.78726" lon="8.06382">
        <ele>2027.66</ele>
        <time>2026-05-04T00:54:07.9650000+00:00</time>
      </trkpt>
      <trkpt lat="46.78727" lon="8.06384">
        <ele>2027.17</ele>
        <time>2026-05-04T00:54:10.3680000+00:00</time>
      </trkpt>
      <trkpt lat="46.78729" lon="8.06388">
        <ele>2026.15</ele>
        <time>2026-05-04T00:54:15.1630000+00:00</time>
      </trkpt>
      <trkpt lat="46.78729" lon="8.06391">
        <ele>2027.24</ele>
        <time>2026-05-04T00:54:18.0680000+00:00</time>
      </trkpt>
      <trkpt lat="46.7873" lon="8.06392">
        <ele>2026.35</ele>
        <time>2026-05-04T00:54:19.7840000+00:00</time>
      </trkpt>
      <trkpt lat="46.78729" lon="8.06394">
        <ele>2028.34</ele>
        <time>2026-05-04T00:54:22.1830000+00:00</time>
      </trkpt>
      <trkpt lat="46.78731" lon="8.06397">
        <ele>2026.89</ele>
        <time>2026-05-04T00:54:26.2380000+00:00</time>
      </trkpt>
      <trkpt lat="46.78733" lon="8.06402">
        <ele>2026.11</ele>
        <time>2026-05-04T00:54:31.8440000+00:00</time>
      </trkpt>
      <trkpt lat="46.78735" lon="8.06406">
        <ele>2024.94</ele>
        <time>2026-05-04T00:54:36.6390000+00:00</time>
      </trkpt>
      <trkpt lat="46.78736" lon="8.06409">
        <ele>2024.68</ele>
        <time>2026-05-04T00:54:39.8700000+00:00</time>
      </trkpt>
      <trkpt lat="46.78738" lon="8.06413">
        <ele>2023.51</ele>
        <time>2026-05-04T00:54:44.6660000+00:00</time>
      </trkpt>
      <trkpt lat="46.78738" lon="8.06415">
        <ele>2024.27</ele>
        <time>2026-05-04T00:54:46.6050000+00:00</time>
      </trkpt>
      <trkpt lat="46.7874" lon="8.06417">
        <ele>2022.44</ele>
        <time>2026-05-04T00:54:50.0320000+00:00</time>
      </trkpt>
      <trkpt lat="46.78742" lon="8.06419">
        <ele>2020.62</ele>
        <time>2026-05-04T00:54:53.4600000+00:00</time>
      </trkpt>
      <trkpt lat="46.78744" lon="8.06422">
        <ele>2019.21</ele>
        <time>2026-05-04T00:54:57.5140000+00:00</time>
      </trkpt>
      <trkpt lat="46.78746" lon="8.06424">
        <ele>2017.44</ele>
        <time>2026-05-04T00:55:00.9420000+00:00</time>
      </trkpt>
      <trkpt lat="46.78747" lon="8.06428">
        <ele>2017.75</ele>
        <time>2026-05-04T00:55:05.0640000+00:00</time>
      </trkpt>
      <trkpt lat="46.78748" lon="8.06431">
        <ele>2017.69</ele>
        <time>2026-05-04T00:55:08.2940000+00:00</time>
      </trkpt>
      <trkpt lat="46.7875" lon="8.06434">
        <ele>2016.37</ele>
        <time>2026-05-04T00:55:12.3490000+00:00</time>
      </trkpt>
      <trkpt lat="46.78751" lon="8.06439">
        <ele>2017.15</ele>
        <time>2026-05-04T00:55:17.3940000+00:00</time>
      </trkpt>
      <trkpt lat="46.78751" lon="8.06444">
        <ele>2019.19</ele>
        <time>2026-05-04T00:55:22.2350000+00:00</time>
      </trkpt>
      <trkpt lat="46.78751" lon="8.06453">
        <ele>2022.87</ele>
        <time>2026-05-04T00:55:30.9490000+00:00</time>
      </trkpt>
      <trkpt lat="46.78749" lon="8.06466">
        <ele>2030.56</ele>
        <time>2026-05-04T00:55:43.8490000+00:00</time>
      </trkpt>
      <trkpt lat="46.7875" lon="8.06472">
        <ele>2031.8</ele>
        <time>2026-05-04T00:55:49.8270000+00:00</time>
      </trkpt>
      <trkpt lat="46.7875" lon="8.06479">
        <ele>2034.64</ele>
        <time>2026-05-04T00:55:56.6050000+00:00</time>
      </trkpt>
      <trkpt lat="46.78752" lon="8.06496">
        <ele>2039.23</ele>
        <time>2026-05-04T00:56:13.3050000+00:00</time>
      </trkpt>
      <trkpt lat="46.78752" lon="8.065">
        <ele>2040.7</ele>
        <time>2026-05-04T00:56:17.1800000+00:00</time>
      </trkpt>
      <trkpt lat="46.78752" lon="8.06505">
        <ele>2042.53</ele>
        <time>2026-05-04T00:56:22.0210000+00:00</time>
      </trkpt>
      <trkpt lat="46.78751" lon="8.06508">
        <ele>2044.68</ele>
        <time>2026-05-04T00:56:25.2510000+00:00</time>
      </trkpt>
      <trkpt lat="46.78752" lon="8.06515">
        <ele>2046.18</ele>
        <time>2026-05-04T00:56:32.1740000+00:00</time>
      </trkpt>
      <trkpt lat="46.78754" lon="8.06528">
        <ele>2049.07</ele>
        <time>2026-05-04T00:56:45.0740000+00:00</time>
      </trkpt>
      <trkpt lat="46.78756" lon="8.0654">
        <ele>2051.86</ele>
        <time>2026-05-04T00:56:57.0310000+00:00</time>
      </trkpt>
      <trkpt lat="46.78761" lon="8.06556">
        <ele>2054.21</ele>
        <time>2026-05-04T00:57:14.0590000+00:00</time>
      </trkpt>
      <trkpt lat="46.78763" lon="8.06566">
        <ele>2056.96</ele>
        <time>2026-05-04T00:57:24.1450000+00:00</time>
      </trkpt>
      <trkpt lat="46.78764" lon="8.06574">
        <ele>2059.72</ele>
        <time>2026-05-04T00:57:32.0190000+00:00</time>
      </trkpt>
      <trkpt lat="46.78764" lon="8.06576">
        <ele>2060.59</ele>
        <time>2026-05-04T00:57:33.9550000+00:00</time>
      </trkpt>
      <trkpt lat="46.78763" lon="8.06586">
        <ele>2064.99</ele>
        <time>2026-05-04T00:57:43.7400000+00:00</time>
      </trkpt>
      <trkpt lat="46.78762" lon="8.06596">
        <ele>2069.18</ele>
        <time>2026-05-04T00:57:53.5240000+00:00</time>
      </trkpt>
      <trkpt lat="46.78761" lon="8.06603">
        <ele>2072.2</ele>
        <time>2026-05-04T00:58:00.4460000+00:00</time>
      </trkpt>
      <trkpt lat="46.78761" lon="8.06605">
        <ele>2072.91</ele>
        <time>2026-05-04T00:58:02.3820000+00:00</time>
      </trkpt>
      <trkpt lat="46.78766" lon="8.06618">
        <ele>2075.2</ele>
        <time>2026-05-04T00:58:16.8180000+00:00</time>
      </trkpt>
      <trkpt lat="46.78768" lon="8.0663">
        <ele>2078.73</ele>
        <time>2026-05-04T00:58:28.7760000+00:00</time>
      </trkpt>
      <trkpt lat="46.7877" lon="8.06641">
        <ele>2080.99</ele>
        <time>2026-05-04T00:58:39.7950000+00:00</time>
      </trkpt>
      <trkpt lat="46.78772" lon="8.06648">
        <ele>2081.79</ele>
        <time>2026-05-04T00:58:47.1390000+00:00</time>
      </trkpt>
      <trkpt lat="46.78777" lon="8.06663">
        <ele>2083.28</ele>
        <time>2026-05-04T00:59:03.2910000+00:00</time>
      </trkpt>
      <trkpt lat="46.7878" lon="8.06675">
        <ele>2086.97</ele>
        <time>2026-05-04T00:59:15.6600000+00:00</time>
      </trkpt>
      <trkpt lat="46.78785" lon="8.06692">
        <ele>2091.91</ele>
        <time>2026-05-04T00:59:33.5730000+00:00</time>
      </trkpt>
      <trkpt lat="46.78788" lon="8.06705">
        <ele>2096.68</ele>
        <time>2026-05-04T00:59:46.8550000+00:00</time>
      </trkpt>
      <trkpt lat="46.78789" lon="8.06718">
        <ele>2103.23</ele>
        <time>2026-05-04T00:59:59.5210000+00:00</time>
      </trkpt>
      <trkpt lat="46.78789" lon="8.06723">
        <ele>2106.06</ele>
        <time>2026-05-04T01:00:04.3620000+00:00</time>
      </trkpt>
      <trkpt lat="46.78789" lon="8.06723">
        <ele>2106.06</ele>
        <time>2026-05-04T01:00:04.3620000+00:00</time>
      </trkpt>
      <trkpt lat="46.78784" lon="8.06715">
        <ele>2105.44</ele>
        <time>2026-05-04T01:00:14.8500000+00:00</time>
      </trkpt>
      <trkpt lat="46.78778" lon="8.06705">
        <ele>2104.79</ele>
        <time>2026-05-04T01:00:27.7230000+00:00</time>
      </trkpt>
      <trkpt lat="46.7877" lon="8.06694">
        <ele>2105.65</ele>
        <time>2026-05-04T01:00:43.2590000+00:00</time>
      </trkpt>
      <trkpt lat="46.78768" lon="8.06693">
        <ele>2106.82</ele>
        <time>2026-05-04T01:00:46.2480000+00:00</time>
      </trkpt>
      <trkpt lat="46.78768" lon="8.06695">
        <ele>2107.83</ele>
        <time>2026-05-04T01:00:48.1840000+00:00</time>
      </trkpt>
      <trkpt lat="46.7877" lon="8.06702">
        <ele>2109.73</ele>
        <time>2026-05-04T01:00:55.5270000+00:00</time>
      </trkpt>
      <trkpt lat="46.78773" lon="8.06708">
        <ele>2110.4</ele>
        <time>2026-05-04T01:01:02.7200000+00:00</time>
      </trkpt>
      <trkpt lat="46.78778" lon="8.06721">
        <ele>2113.33</ele>
        <time>2026-05-04T01:01:17.1560000+00:00</time>
      </trkpt>
      <trkpt lat="46.78783" lon="8.06734">
        <ele>2116.64</ele>
        <time>2026-05-04T01:01:31.5920000+00:00</time>
      </trkpt>
      <trkpt lat="46.78791" lon="8.06746">
        <ele>2117.44</ele>
        <time>2026-05-04T01:01:47.8080000+00:00</time>
      </trkpt>
      <trkpt lat="46.78796" lon="8.06757">
        <ele>2118.48</ele>
        <time>2026-05-04T01:02:00.5910000+00:00</time>
      </trkpt>
      <trkpt lat="46.788" lon="8.06763">
        <ele>2118.08</ele>
        <time>2026-05-04T01:02:08.6990000+00:00</time>
      </trkpt>
      <trkpt lat="46.78804" lon="8.0677">
        <ele>2118.02</ele>
        <time>2026-05-04T01:02:17.5260000+00:00</time>
      </trkpt>
      <trkpt lat="46.78808" lon="8.06776">
        <ele>2117.5</ele>
        <time>2026-05-04T01:02:25.6330000+00:00</time>
      </trkpt>
      <trkpt lat="46.78812" lon="8.06783">
        <ele>2117.32</ele>
        <time>2026-05-04T01:02:34.4600000+00:00</time>
      </trkpt>
      <trkpt lat="46.78812" lon="8.06786">
        <ele>2118.5</ele>
        <time>2026-05-04T01:02:37.3650000+00:00</time>
      </trkpt>
      <trkpt lat="46.78812" lon="8.0679">
        <ele>2120.08</ele>
        <time>2026-05-04T01:02:41.2380000+00:00</time>
      </trkpt>
      <trkpt lat="46.78812" lon="8.06791">
        <ele>2120.47</ele>
        <time>2026-05-04T01:02:42.2040000+00:00</time>
      </trkpt>
      <trkpt lat="46.78813" lon="8.06793">
        <ele>2120.5</ele>
        <time>2026-05-04T01:02:44.6030000+00:00</time>
      </trkpt>
      <trkpt lat="46.78815" lon="8.06791">
        <ele>2118.22</ele>
        <time>2026-05-04T01:02:48.0310000+00:00</time>
      </trkpt>
      <trkpt lat="46.78816" lon="8.06791">
        <ele>2117.47</ele>
        <time>2026-05-04T01:02:49.4490000+00:00</time>
      </trkpt>
      <trkpt lat="46.7882" lon="8.06793">
        <ele>2115.24</ele>
        <time>2026-05-04T01:02:55.4270000+00:00</time>
      </trkpt>
      <trkpt lat="46.78823" lon="8.06793">
        <ele>2112.98</ele>
        <time>2026-05-04T01:02:59.6680000+00:00</time>
      </trkpt>
      <trkpt lat="46.78823" lon="8.06794">
        <ele>2113.36</ele>
        <time>2026-05-04T01:03:00.6340000+00:00</time>
      </trkpt>
      <trkpt lat="46.78819" lon="8.06797">
        <ele>2117.53</ele>
        <time>2026-05-04T01:03:06.9920000+00:00</time>
      </trkpt>
      <trkpt lat="46.78818" lon="8.06799">
        <ele>2119.06</ele>
        <time>2026-05-04T01:03:09.3880000+00:00</time>
      </trkpt>
      <trkpt lat="46.78818" lon="8.06802">
        <ele>2120.22</ele>
        <time>2026-05-04T01:03:12.2910000+00:00</time>
      </trkpt>
      <trkpt lat="46.78818" lon="8.06804">
        <ele>2120.99</ele>
        <time>2026-05-04T01:03:14.2260000+00:00</time>
      </trkpt>
      <trkpt lat="46.78819" lon="8.06808">
        <ele>2121.77</ele>
        <time>2026-05-04T01:03:18.3490000+00:00</time>
      </trkpt>
      <trkpt lat="46.7882" lon="8.0681">
        <ele>2121.76</ele>
        <time>2026-05-04T01:03:20.7480000+00:00</time>
      </trkpt>
      <trkpt lat="46.78822" lon="8.06814">
        <ele>2121.75</ele>
        <time>2026-05-04T01:03:25.5420000+00:00</time>
      </trkpt>
      <trkpt lat="46.78823" lon="8.06816">
        <ele>2121.73</ele>
        <time>2026-05-04T01:03:27.9390000+00:00</time>
      </trkpt>
      <trkpt lat="46.78824" lon="8.06815">
        <ele>2120.57</ele>
        <time>2026-05-04T01:03:29.6460000+00:00</time>
      </trkpt>
      <trkpt lat="46.78825" lon="8.06814">
        <ele>2119.41</ele>
        <time>2026-05-04T01:03:31.3620000+00:00</time>
      </trkpt>
      <trkpt lat="46.78825" lon="8.0681">
        <ele>2117.9</ele>
        <time>2026-05-04T01:03:35.2340000+00:00</time>
      </trkpt>
      <trkpt lat="46.78826" lon="8.06808">
        <ele>2116.38</ele>
        <time>2026-05-04T01:03:37.6310000+00:00</time>
      </trkpt>
      <trkpt lat="46.78828" lon="8.06808">
        <ele>2114.84</ele>
        <time>2026-05-04T01:03:40.4590000+00:00</time>
      </trkpt>
      <trkpt lat="46.78832" lon="8.06814">
        <ele>2113.98</ele>
        <time>2026-05-04T01:03:48.5670000+00:00</time>
      </trkpt>
      <trkpt lat="46.78835" lon="8.0682">
        <ele>2113.85</ele>
        <time>2026-05-04T01:03:55.7600000+00:00</time>
      </trkpt>
      <trkpt lat="46.78839" lon="8.06829">
        <ele>2114.15</ele>
        <time>2026-05-04T01:04:06.1480000+00:00</time>
      </trkpt>
      <trkpt lat="46.78844" lon="8.06838">
        <ele>2114.88</ele>
        <time>2026-05-04T01:04:17.3690000+00:00</time>
      </trkpt>
      <trkpt lat="46.7885" lon="8.06847">
        <ele>2115.36</ele>
        <time>2026-05-04T01:04:29.5310000+00:00</time>
      </trkpt>
      <trkpt lat="46.78859" lon="8.06862">
        <ele>2112.65</ele>
        <time>2026-05-04T01:04:48.8400000+00:00</time>
      </trkpt>
      <trkpt lat="46.78867" lon="8.06877">
        <ele>2110.24</ele>
        <time>2026-05-04T01:05:07.2490000+00:00</time>
      </trkpt>
      <trkpt lat="46.78871" lon="8.06889">
        <ele>2111.22</ele>
        <time>2026-05-04T01:05:20.1700000+00:00</time>
      </trkpt>
      <trkpt lat="46.78874" lon="8.06897">
        <ele>2111.32</ele>
        <time>2026-05-04T01:05:29.0000000+00:00</time>
      </trkpt>
      <trkpt lat="46.78877" lon="8.06908">
        <ele>2112.87</ele>
        <time>2026-05-04T01:05:40.4640000+00:00</time>
      </trkpt>
      <trkpt lat="46.7888" lon="8.06918">
        <ele>2113.26</ele>
        <time>2026-05-04T01:05:51.0340000+00:00</time>
      </trkpt>
      <trkpt lat="46.78882" lon="8.06925">
        <ele>2113.55</ele>
        <time>2026-05-04T01:05:58.3780000+00:00</time>
      </trkpt>
      <trkpt lat="46.78892" lon="8.06942">
        <ele>2107.6</ele>
        <time>2026-05-04T01:06:20.0760000+00:00</time>
      </trkpt>
      <trkpt lat="46.78897" lon="8.06951">
        <ele>2105.03</ele>
        <time>2026-05-04T01:06:31.2980000+00:00</time>
      </trkpt>
      <trkpt lat="46.78903" lon="8.06963">
        <ele>2102.68</ele>
        <time>2026-05-04T01:06:45.6840000+00:00</time>
      </trkpt>
      <trkpt lat="46.78904" lon="8.06974">
        <ele>2106.45</ele>
        <time>2026-05-04T01:06:56.4270000+00:00</time>
      </trkpt>
      <trkpt lat="46.78908" lon="8.06984">
        <ele>2106.01</ele>
        <time>2026-05-04T01:07:07.6410000+00:00</time>
      </trkpt>
      <trkpt lat="46.7891" lon="8.06993">
        <ele>2107.7</ele>
        <time>2026-05-04T01:07:16.8010000+00:00</time>
      </trkpt>
      <trkpt lat="46.78915" lon="8.0701">
        <ele>2109.99</ele>
        <time>2026-05-04T01:07:34.7150000+00:00</time>
      </trkpt>
      <trkpt lat="46.78918" lon="8.0702">
        <ele>2112.01</ele>
        <time>2026-05-04T01:07:45.2850000+00:00</time>
      </trkpt>
      <trkpt lat="46.78918" lon="8.07023">
        <ele>2113.61</ele>
        <time>2026-05-04T01:07:48.1900000+00:00</time>
      </trkpt>
      <trkpt lat="46.78917" lon="8.07023">
        <ele>2114.59</ele>
        <time>2026-05-04T01:07:49.5980000+00:00</time>
      </trkpt>
      <trkpt lat="46.78915" lon="8.07021">
        <ele>2115.54</ele>
        <time>2026-05-04T01:07:53.0250000+00:00</time>
      </trkpt>
      <trkpt lat="46.78908" lon="8.07015">
        <ele>2119.89</ele>
        <time>2026-05-04T01:08:04.5020000+00:00</time>
      </trkpt>
      <trkpt lat="46.789" lon="8.07009">
        <ele>2126.14</ele>
        <time>2026-05-04T01:08:17.2190000+00:00</time>
      </trkpt>
      <trkpt lat="46.78894" lon="8.07004">
        <ele>2131.26</ele>
        <time>2026-05-04T01:08:26.9860000+00:00</time>
      </trkpt>
      <trkpt lat="46.78887" lon="8.06997">
        <ele>2137.67</ele>
        <time>2026-05-04T01:08:38.9820000+00:00</time>
      </trkpt>
      <trkpt lat="46.7888" lon="8.0699">
        <ele>2143.95</ele>
        <time>2026-05-04T01:08:50.9780000+00:00</time>
      </trkpt>
      <trkpt lat="46.78877" lon="8.06987">
        <ele>2146.45</ele>
        <time>2026-05-04T01:08:56.1180000+00:00</time>
      </trkpt>
      <trkpt lat="46.78876" lon="8.06987">
        <ele>2147.71</ele>
        <time>2026-05-04T01:08:57.5360000+00:00</time>
      </trkpt>
      <trkpt lat="46.78875" lon="8.06989">
        <ele>2149.8</ele>
        <time>2026-05-04T01:08:59.9330000+00:00</time>
      </trkpt>
      <trkpt lat="46.78876" lon="8.06991">
        <ele>2149.39</ele>
        <time>2026-05-04T01:09:02.3290000+00:00</time>
      </trkpt>
      <trkpt lat="46.78878" lon="8.06999">
        <ele>2148.98</ele>
        <time>2026-05-04T01:09:10.5740000+00:00</time>
      </trkpt>
      <trkpt lat="46.7888" lon="8.07005">
        <ele>2147.63</ele>
        <time>2026-05-04T01:09:17.0350000+00:00</time>
      </trkpt>
      <trkpt lat="46.78881" lon="8.07007">
        <ele>2146.86</ele>
        <time>2026-05-04T01:09:19.4310000+00:00</time>
      </trkpt>
      <trkpt lat="46.78881" lon="8.07014">
        <ele>2148.16</ele>
        <time>2026-05-04T01:09:26.2090000+00:00</time>
      </trkpt>
      <trkpt lat="46.78881" lon="8.07019">
        <ele>2149.08</ele>
        <time>2026-05-04T01:09:31.0510000+00:00</time>
      </trkpt>
      <trkpt lat="46.78882" lon="8.07024">
        <ele>2149.04</ele>
        <time>2026-05-04T01:09:36.0940000+00:00</time>
      </trkpt>
      <trkpt lat="46.78883" lon="8.07028">
        <ele>2148.89</ele>
        <time>2026-05-04T01:09:40.2170000+00:00</time>
      </trkpt>
      <trkpt lat="46.78886" lon="8.07035">
        <ele>2147.72</ele>
        <time>2026-05-04T01:09:48.2120000+00:00</time>
      </trkpt>
      <trkpt lat="46.78889" lon="8.07048">
        <ele>2148.51</ele>
        <time>2026-05-04T01:10:01.4940000+00:00</time>
      </trkpt>
      <trkpt lat="46.78895" lon="8.07064">
        <ele>2149.11</ele>
        <time>2026-05-04T01:10:19.1550000+00:00</time>
      </trkpt>
      <trkpt lat="46.78898" lon="8.07076">
        <ele>2151.47</ele>
        <time>2026-05-04T01:10:31.5230000+00:00</time>
      </trkpt>
      <trkpt lat="46.78903" lon="8.07092">
        <ele>2152.79</ele>
        <time>2026-05-04T01:10:48.5510000+00:00</time>
      </trkpt>
      <trkpt lat="46.78905" lon="8.071">
        <ele>2154.05</ele>
        <time>2026-05-04T01:10:56.7970000+00:00</time>
      </trkpt>
      <trkpt lat="46.78905" lon="8.07102">
        <ele>2154.52</ele>
        <time>2026-05-04T01:10:58.7360000+00:00</time>
      </trkpt>
      <trkpt lat="46.78905" lon="8.07104">
        <ele>2155</ele>
        <time>2026-05-04T01:11:00.6750000+00:00</time>
      </trkpt>
      <trkpt lat="46.78904" lon="8.07104">
        <ele>2155.2</ele>
        <time>2026-05-04T01:11:02.0930000+00:00</time>
      </trkpt>
      <trkpt lat="46.78903" lon="8.07102">
        <ele>2154.97</ele>
        <time>2026-05-04T01:11:04.4890000+00:00</time>
      </trkpt>
      <trkpt lat="46.78898" lon="8.07097">
        <ele>2155.25</ele>
        <time>2026-05-04T01:11:13.0580000+00:00</time>
      </trkpt>
      <trkpt lat="46.78891" lon="8.0709">
        <ele>2156.48</ele>
        <time>2026-05-04T01:11:25.0540000+00:00</time>
      </trkpt>
      <trkpt lat="46.78884" lon="8.07081">
        <ele>2158.63</ele>
        <time>2026-05-04T01:11:38.2410000+00:00</time>
      </trkpt>
      <trkpt lat="46.7888" lon="8.07077">
        <ele>2160.32</ele>
        <time>2026-05-04T01:11:45.0950000+00:00</time>
      </trkpt>
      <trkpt lat="46.78872" lon="8.07071">
        <ele>2163.49</ele>
        <time>2026-05-04T01:11:57.8110000+00:00</time>
      </trkpt>
      <trkpt lat="46.78866" lon="8.07065">
        <ele>2166.4</ele>
        <time>2026-05-04T01:12:08.0930000+00:00</time>
      </trkpt>
      <trkpt lat="46.78859" lon="8.07057">
        <ele>2170.66</ele>
        <time>2026-05-04T01:12:20.6610000+00:00</time>
      </trkpt>
      <trkpt lat="46.78852" lon="8.07052">
        <ele>2175.71</ele>
        <time>2026-05-04T01:12:31.6800000+00:00</time>
      </trkpt>
      <trkpt lat="46.78848" lon="8.07051">
        <ele>2175.22</ele>
        <time>2026-05-04T01:12:37.4170000+00:00</time>
      </trkpt>
      <trkpt lat="46.78846" lon="8.07051">
        <ele>2174.33</ele>
        <time>2026-05-04T01:12:40.2430000+00:00</time>
      </trkpt>
      <trkpt lat="46.78846" lon="8.07053">
        <ele>2174.1</ele>
        <time>2026-05-04T01:12:42.1820000+00:00</time>
      </trkpt>
      <trkpt lat="46.78846" lon="8.07054">
        <ele>2173.98</ele>
        <time>2026-05-04T01:12:43.1550000+00:00</time>
      </trkpt>
      <trkpt lat="46.7885" lon="8.0706">
        <ele>2175.21</ele>
        <time>2026-05-04T01:12:51.2630000+00:00</time>
      </trkpt>
      <trkpt lat="46.78852" lon="8.07065">
        <ele>2174.58</ele>
        <time>2026-05-04T01:12:56.8680000+00:00</time>
      </trkpt>
      <trkpt lat="46.78855" lon="8.0707">
        <ele>2172.54</ele>
        <time>2026-05-04T01:13:03.3050000+00:00</time>
      </trkpt>
      <trkpt lat="46.78857" lon="8.07076">
        <ele>2171.23</ele>
        <time>2026-05-04T01:13:09.7660000+00:00</time>
      </trkpt>
      <trkpt lat="46.78858" lon="8.07084">
        <ele>2169.19</ele>
        <time>2026-05-04T01:13:17.6390000+00:00</time>
      </trkpt>
      <trkpt lat="46.78861" lon="8.07094">
        <ele>2165.98</ele>
        <time>2026-05-04T01:13:28.2100000+00:00</time>
      </trkpt>
      <trkpt lat="46.78862" lon="8.07103">
        <ele>2163.96</ele>
        <time>2026-05-04T01:13:37.0370000+00:00</time>
      </trkpt>
      <trkpt lat="46.78864" lon="8.07114">
        <ele>2161.66</ele>
        <time>2026-05-04T01:13:48.0570000+00:00</time>
      </trkpt>
      <trkpt lat="46.78867" lon="8.07124">
        <ele>2159.94</ele>
        <time>2026-05-04T01:13:58.6270000+00:00</time>
      </trkpt>
      <trkpt lat="46.7887" lon="8.07131">
        <ele>2159.15</ele>
        <time>2026-05-04T01:14:06.6230000+00:00</time>
      </trkpt>
      <trkpt lat="46.7887" lon="8.07134">
        <ele>2158.82</ele>
        <time>2026-05-04T01:14:09.5250000+00:00</time>
      </trkpt>
      <trkpt lat="46.7887" lon="8.07135">
        <ele>2158.71</ele>
        <time>2026-05-04T01:14:10.4910000+00:00</time>
      </trkpt>
      <trkpt lat="46.7887" lon="8.07135">
        <ele>2158.71</ele>
        <time>2026-05-04T01:14:10.4910000+00:00</time>
      </trkpt>
      <trkpt lat="46.78865" lon="8.07127">
        <ele>2159.47</ele>
        <time>2026-05-04T01:14:20.9780000+00:00</time>
      </trkpt>
      <trkpt lat="46.78863" lon="8.07125">
        <ele>2159.78</ele>
        <time>2026-05-04T01:14:24.4060000+00:00</time>
      </trkpt>
      <trkpt lat="46.78857" lon="8.0712">
        <ele>2160.95</ele>
        <time>2026-05-04T01:14:34.1730000+00:00</time>
      </trkpt>
      <trkpt lat="46.78852" lon="8.07118">
        <ele>2161.75</ele>
        <time>2026-05-04T01:14:41.5050000+00:00</time>
      </trkpt>
      <trkpt lat="46.78848" lon="8.07117">
        <ele>2160.4</ele>
        <time>2026-05-04T01:14:47.2410000+00:00</time>
      </trkpt>
      <trkpt lat="46.7884" lon="8.07115">
        <ele>2156.37</ele>
        <time>2026-05-04T01:14:58.7190000+00:00</time>
      </trkpt>
      <trkpt lat="46.78829" lon="8.07112">
        <ele>2150.94</ele>
        <time>2026-05-04T01:15:14.5420000+00:00</time>
      </trkpt>
      <trkpt lat="46.78818" lon="8.0711">
        <ele>2145.24</ele>
        <time>2026-05-04T01:15:30.2160000+00:00</time>
      </trkpt>
      <trkpt lat="46.78813" lon="8.07108">
        <ele>2143.02</ele>
        <time>2026-05-04T01:15:37.5470000+00:00</time>
      </trkpt>
      <trkpt lat="46.78808" lon="8.0711">
        <ele>2139.48</ele>
        <time>2026-05-04T01:15:44.8780000+00:00</time>
      </trkpt>
      <trkpt lat="46.78802" lon="8.07112">
        <ele>2135.35</ele>
        <time>2026-05-04T01:15:53.5800000+00:00</time>
      </trkpt>
      <trkpt lat="46.78796" lon="8.07115">
        <ele>2130.87</ele>
        <time>2026-05-04T01:16:02.5480000+00:00</time>
      </trkpt>
      <trkpt lat="46.78792" lon="8.07122">
        <ele>2126.15</ele>
        <time>2026-05-04T01:16:11.3750000+00:00</time>
      </trkpt>
      <trkpt lat="46.7879" lon="8.07125">
        <ele>2123.95</ele>
        <time>2026-05-04T01:16:15.4290000+00:00</time>
      </trkpt>
      <trkpt lat="46.78786" lon="8.07127">
        <ele>2120.91</ele>
        <time>2026-05-04T01:16:21.4080000+00:00</time>
      </trkpt>
      <trkpt lat="46.78783" lon="8.07131">
        <ele>2117.75</ele>
        <time>2026-05-04T01:16:27.1520000+00:00</time>
      </trkpt>
      <trkpt lat="46.78779" lon="8.07141">
        <ele>2111.86</ele>
        <time>2026-05-04T01:16:38.3650000+00:00</time>
      </trkpt>
      <trkpt lat="46.78777" lon="8.07146">
        <ele>2108.9</ele>
        <time>2026-05-04T01:16:43.9730000+00:00</time>
      </trkpt>
      <trkpt lat="46.78775" lon="8.07148">
        <ele>2106.98</ele>
        <time>2026-05-04T01:16:47.4010000+00:00</time>
      </trkpt>
      <trkpt lat="46.78767" lon="8.07156">
        <ele>2099.57</ele>
        <time>2026-05-04T01:17:01.1100000+00:00</time>
      </trkpt>
      <trkpt lat="46.7876" lon="8.07165">
        <ele>2095.33</ele>
        <time>2026-05-04T01:17:14.2980000+00:00</time>
      </trkpt>
      <trkpt lat="46.78753" lon="8.07177">
        <ele>2090.42</ele>
        <time>2026-05-04T01:17:29.5610000+00:00</time>
      </trkpt>
      <trkpt lat="46.78744" lon="8.07189">
        <ele>2085.75</ele>
        <time>2026-05-04T01:17:46.7930000+00:00</time>
      </trkpt>
      <trkpt lat="46.78742" lon="8.07197">
        <ele>2083.2</ele>
        <time>2026-05-04T01:17:55.0400000+00:00</time>
      </trkpt>
      <trkpt lat="46.78737" lon="8.07219">
        <ele>2076.59</ele>
        <time>2026-05-04T01:18:17.4820000+00:00</time>
      </trkpt>
      <trkpt lat="46.78734" lon="8.07236">
        <ele>2071.83</ele>
        <time>2026-05-04T01:18:34.4790000+00:00</time>
      </trkpt>
      <trkpt lat="46.78731" lon="8.07246">
        <ele>2069.21</ele>
        <time>2026-05-04T01:18:45.0500000+00:00</time>
      </trkpt>
      <trkpt lat="46.78727" lon="8.07261">
        <ele>2065.35</ele>
        <time>2026-05-04T01:19:00.6360000+00:00</time>
      </trkpt>
      <trkpt lat="46.78724" lon="8.07268">
        <ele>2063.6</ele>
        <time>2026-05-04T01:19:08.6310000+00:00</time>
      </trkpt>
      <trkpt lat="46.78721" lon="8.07273">
        <ele>2062.38</ele>
        <time>2026-05-04T01:19:15.0670000+00:00</time>
      </trkpt>
      <trkpt lat="46.78713" lon="8.07284">
        <ele>2059.73</ele>
        <time>2026-05-04T01:19:30.6040000+00:00</time>
      </trkpt>
      <trkpt lat="46.78707" lon="8.07292">
        <ele>2057.8</ele>
        <time>2026-05-04T01:19:42.0920000+00:00</time>
      </trkpt>
      <trkpt lat="46.78699" lon="8.07307">
        <ele>2054.02</ele>
        <time>2026-05-04T01:20:00.5010000+00:00</time>
      </trkpt>
      <trkpt lat="46.78692" lon="8.07317">
        <ele>2051.54</ele>
        <time>2026-05-04T01:20:14.3470000+00:00</time>
      </trkpt>
      <trkpt lat="46.78687" lon="8.07324">
        <ele>2049.8</ele>
        <time>2026-05-04T01:20:24.1410000+00:00</time>
      </trkpt>
      <trkpt lat="46.78682" lon="8.07333">
        <ele>2047.53</ele>
        <time>2026-05-04T01:20:35.3630000+00:00</time>
      </trkpt>
      <trkpt lat="46.78679" lon="8.07339">
        <ele>2046.19</ele>
        <time>2026-05-04T01:20:42.5560000+00:00</time>
      </trkpt>
      <trkpt lat="46.78676" lon="8.07343">
        <ele>2045.53</ele>
        <time>2026-05-04T01:20:48.3000000+00:00</time>
      </trkpt>
      <trkpt lat="46.7867" lon="8.07353">
        <ele>2044.03</ele>
        <time>2026-05-04T01:21:01.1730000+00:00</time>
      </trkpt>
      <trkpt lat="46.78664" lon="8.0736">
        <ele>2043.68</ele>
        <time>2026-05-04T01:21:12.0320000+00:00</time>
      </trkpt>
      <trkpt lat="46.78658" lon="8.07371">
        <ele>2042.92</ele>
        <time>2026-05-04T01:21:25.6490000+00:00</time>
      </trkpt>
      <trkpt lat="46.78652" lon="8.07382">
        <ele>2042.71</ele>
        <time>2026-05-04T01:21:39.2660000+00:00</time>
      </trkpt>
      <trkpt lat="46.78647" lon="8.07391">
        <ele>2042.98</ele>
        <time>2026-05-04T01:21:50.4870000+00:00</time>
      </trkpt>
      <trkpt lat="46.78642" lon="8.07403">
        <ele>2043.26</ele>
        <time>2026-05-04T01:22:04.0880000+00:00</time>
      </trkpt>
      <trkpt lat="46.78641" lon="8.07405">
        <ele>2043.43</ele>
        <time>2026-05-04T01:22:06.4840000+00:00</time>
      </trkpt>
      <trkpt lat="46.78639" lon="8.07414">
        <ele>2043.21</ele>
        <time>2026-05-04T01:22:15.6470000+00:00</time>
      </trkpt>
      <trkpt lat="46.78638" lon="8.0742">
        <ele>2042.91</ele>
        <time>2026-05-04T01:22:21.6260000+00:00</time>
      </trkpt>
      <trkpt lat="46.78635" lon="8.07428">
        <ele>2043.26</ele>
        <time>2026-05-04T01:22:30.4580000+00:00</time>
      </trkpt>
      <trkpt lat="46.78634" lon="8.07432">
        <ele>2043.23</ele>
        <time>2026-05-04T01:22:34.5810000+00:00</time>
      </trkpt>
      <trkpt lat="46.78634" lon="8.07441">
        <ele>2042.15</ele>
        <time>2026-05-04T01:22:43.2950000+00:00</time>
      </trkpt>
      <trkpt lat="46.78633" lon="8.07451">
        <ele>2041.41</ele>
        <time>2026-05-04T01:22:53.0790000+00:00</time>
      </trkpt>
      <trkpt lat="46.78632" lon="8.07457">
        <ele>2041.17</ele>
        <time>2026-05-04T01:22:59.0570000+00:00</time>
      </trkpt>
      <trkpt lat="46.7863" lon="8.07468">
        <ele>2040.81</ele>
        <time>2026-05-04T01:23:10.0770000+00:00</time>
      </trkpt>
      <trkpt lat="46.78629" lon="8.07478">
        <ele>2040.12</ele>
        <time>2026-05-04T01:23:19.8630000+00:00</time>
      </trkpt>
      <trkpt lat="46.78628" lon="8.07484">
        <ele>2039.91</ele>
        <time>2026-05-04T01:23:25.8420000+00:00</time>
      </trkpt>
      <trkpt lat="46.78626" lon="8.07489">
        <ele>2040.31</ele>
        <time>2026-05-04T01:23:31.4490000+00:00</time>
      </trkpt>
      <trkpt lat="46.78625" lon="8.07491">
        <ele>2040.58</ele>
        <time>2026-05-04T01:23:33.8450000+00:00</time>
      </trkpt>
      <trkpt lat="46.78622" lon="8.07497">
        <ele>2041.29</ele>
        <time>2026-05-04T01:23:41.0380000+00:00</time>
      </trkpt>
      <trkpt lat="46.78618" lon="8.07504">
        <ele>2042.28</ele>
        <time>2026-05-04T01:23:49.8650000+00:00</time>
      </trkpt>
      <trkpt lat="46.78615" lon="8.07513">
        <ele>2042.49</ele>
        <time>2026-05-04T01:23:59.5570000+00:00</time>
      </trkpt>
      <trkpt lat="46.78612" lon="8.07524">
        <ele>2042.4</ele>
        <time>2026-05-04T01:24:11.0210000+00:00</time>
      </trkpt>
      <trkpt lat="46.7861" lon="8.07532">
        <ele>2042.24</ele>
        <time>2026-05-04T01:24:19.2680000+00:00</time>
      </trkpt>
      <trkpt lat="46.78609" lon="8.07539">
        <ele>2041.72</ele>
        <time>2026-05-04T01:24:26.1900000+00:00</time>
      </trkpt>
      <trkpt lat="46.78608" lon="8.07543">
        <ele>2041.63</ele>
        <time>2026-05-04T01:24:30.3130000+00:00</time>
      </trkpt>
      <trkpt lat="46.78609" lon="8.07556">
        <ele>2039.31</ele>
        <time>2026-05-04T01:24:42.9780000+00:00</time>
      </trkpt>
      <trkpt lat="46.78609" lon="8.07571">
        <ele>2037.18</ele>
        <time>2026-05-04T01:24:57.5010000+00:00</time>
      </trkpt>
      <trkpt lat="46.7861" lon="8.07582">
        <ele>2035.43</ele>
        <time>2026-05-04T01:25:08.2450000+00:00</time>
      </trkpt>
      <trkpt lat="46.78611" lon="8.07587">
        <ele>2034.53</ele>
        <time>2026-05-04T01:25:13.2900000+00:00</time>
      </trkpt>
      <trkpt lat="46.78617" lon="8.07604">
        <ele>2030.19</ele>
        <time>2026-05-04T01:25:31.8070000+00:00</time>
      </trkpt>
      <trkpt lat="46.78618" lon="8.07606">
        <ele>2029.54</ele>
        <time>2026-05-04T01:25:34.2040000+00:00</time>
      </trkpt>
      <trkpt lat="46.78617" lon="8.0761">
        <ele>2029.66</ele>
        <time>2026-05-04T01:25:38.3260000+00:00</time>
      </trkpt>
      <trkpt lat="46.78615" lon="8.07624">
        <ele>2029.38</ele>
        <time>2026-05-04T01:25:52.1730000+00:00</time>
      </trkpt>
      <trkpt lat="46.78613" lon="8.07641">
        <ele>2028.86</ele>
        <time>2026-05-04T01:26:08.8740000+00:00</time>
      </trkpt>
      <trkpt lat="46.78614" lon="8.07648">
        <ele>2027.76</ele>
        <time>2026-05-04T01:26:15.7970000+00:00</time>
      </trkpt>
      <trkpt lat="46.78613" lon="8.07653">
        <ele>2027.81</ele>
        <time>2026-05-04T01:26:20.8390000+00:00</time>
      </trkpt>
      <trkpt lat="46.78611" lon="8.07669">
        <ele>2027.81</ele>
        <time>2026-05-04T01:26:36.5860000+00:00</time>
      </trkpt>
      <trkpt lat="46.7861" lon="8.07687">
        <ele>2027.59</ele>
        <time>2026-05-04T01:26:54.0720000+00:00</time>
      </trkpt>
      <trkpt lat="46.78609" lon="8.07699">
        <ele>2027.62</ele>
        <time>2026-05-04T01:27:05.7760000+00:00</time>
      </trkpt>
      <trkpt lat="46.78609" lon="8.07703">
        <ele>2027.46</ele>
        <time>2026-05-04T01:27:09.6490000+00:00</time>
      </trkpt>
      <trkpt lat="46.7861" lon="8.07713">
        <ele>2026.55</ele>
        <time>2026-05-04T01:27:19.4340000+00:00</time>
      </trkpt>
      <trkpt lat="46.78611" lon="8.0772">
        <ele>2025.75</ele>
        <time>2026-05-04T01:27:26.3570000+00:00</time>
      </trkpt>
      <trkpt lat="46.78612" lon="8.07728">
        <ele>2024.91</ele>
        <time>2026-05-04T01:27:34.2310000+00:00</time>
      </trkpt>
      <trkpt lat="46.78612" lon="8.0774">
        <ele>2024.42</ele>
        <time>2026-05-04T01:27:45.8500000+00:00</time>
      </trkpt>
      <trkpt lat="46.78612" lon="8.07745">
        <ele>2024.43</ele>
        <time>2026-05-04T01:27:50.6910000+00:00</time>
      </trkpt>
      <trkpt lat="46.78612" lon="8.07749">
        <ele>2024.87</ele>
        <time>2026-05-04T01:27:54.5630000+00:00</time>
      </trkpt>
      <trkpt lat="46.78612" lon="8.07756">
        <ele>2025.63</ele>
        <time>2026-05-04T01:28:01.3410000+00:00</time>
      </trkpt>
      <trkpt lat="46.78612" lon="8.07765">
        <ele>2026.61</ele>
        <time>2026-05-04T01:28:10.0550000+00:00</time>
      </trkpt>
      <trkpt lat="46.78611" lon="8.07772">
        <ele>2027.96</ele>
        <time>2026-05-04T01:28:16.9780000+00:00</time>
      </trkpt>
      <trkpt lat="46.78611" lon="8.07778">
        <ele>2028.62</ele>
        <time>2026-05-04T01:28:22.7870000+00:00</time>
      </trkpt>
      <trkpt lat="46.78612" lon="8.07787">
        <ele>2029</ele>
        <time>2026-05-04T01:28:31.6140000+00:00</time>
      </trkpt>
      <trkpt lat="46.78612" lon="8.07792">
        <ele>2029.54</ele>
        <time>2026-05-04T01:28:36.4560000+00:00</time>
      </trkpt>
      <trkpt lat="46.78613" lon="8.078">
        <ele>2029.76</ele>
        <time>2026-05-04T01:28:44.3300000+00:00</time>
      </trkpt>
      <trkpt lat="46.78615" lon="8.07809">
        <ele>2029.38</ele>
        <time>2026-05-04T01:28:53.4910000+00:00</time>
      </trkpt>
      <trkpt lat="46.78616" lon="8.07816">
        <ele>2029.41</ele>
        <time>2026-05-04T01:29:00.4140000+00:00</time>
      </trkpt>
      <trkpt lat="46.78617" lon="8.07821">
        <ele>2029.21</ele>
        <time>2026-05-04T01:29:05.4550000+00:00</time>
      </trkpt>
      <trkpt lat="46.78618" lon="8.07833">
        <ele>2029.65</ele>
        <time>2026-05-04T01:29:17.1600000+00:00</time>
      </trkpt>
      <trkpt lat="46.78619" lon="8.07844">
        <ele>2029.94</ele>
        <time>2026-05-04T01:29:27.9040000+00:00</time>
      </trkpt>
      <trkpt lat="46.7862" lon="8.07852">
        <ele>2029.93</ele>
        <time>2026-05-04T01:29:35.7780000+00:00</time>
      </trkpt>
      <trkpt lat="46.78621" lon="8.0786">
        <ele>2029.89</ele>
        <time>2026-05-04T01:29:43.6520000+00:00</time>
      </trkpt>
      <trkpt lat="46.78621" lon="8.07863">
        <ele>2030.15</ele>
        <time>2026-05-04T01:29:46.5590000+00:00</time>
      </trkpt>
      <trkpt lat="46.78622" lon="8.07868">
        <ele>2029.82</ele>
        <time>2026-05-04T01:29:51.6040000+00:00</time>
      </trkpt>
      <trkpt lat="46.78623" lon="8.07874">
        <ele>2029.56</ele>
        <time>2026-05-04T01:29:57.5830000+00:00</time>
      </trkpt>
      <trkpt lat="46.78623" lon="8.07877">
        <ele>2029.82</ele>
        <time>2026-05-04T01:30:00.4900000+00:00</time>
      </trkpt>
      <trkpt lat="46.78624" lon="8.07883">
        <ele>2029.53</ele>
        <time>2026-05-04T01:30:06.4710000+00:00</time>
      </trkpt>
      <trkpt lat="46.78624" lon="8.07888">
        <ele>2029.95</ele>
        <time>2026-05-04T01:30:11.3120000+00:00</time>
      </trkpt>
      <trkpt lat="46.78625" lon="8.07892">
        <ele>2029.48</ele>
        <time>2026-05-04T01:30:15.4340000+00:00</time>
      </trkpt>
      <trkpt lat="46.78625" lon="8.07895">
        <ele>2029.72</ele>
        <time>2026-05-04T01:30:18.3370000+00:00</time>
      </trkpt>
      <trkpt lat="46.78626" lon="8.079">
        <ele>2029.31</ele>
        <time>2026-05-04T01:30:23.3800000+00:00</time>
      </trkpt>
      <trkpt lat="46.78626" lon="8.07906">
        <ele>2029.79</ele>
        <time>2026-05-04T01:30:29.1900000+00:00</time>
      </trkpt>
      <trkpt lat="46.78628" lon="8.07913">
        <ele>2028.71</ele>
        <time>2026-05-04T01:30:36.5330000+00:00</time>
      </trkpt>
      <trkpt lat="46.78629" lon="8.07918">
        <ele>2028.33</ele>
        <time>2026-05-04T01:30:41.5780000+00:00</time>
      </trkpt>
      <trkpt lat="46.7863" lon="8.07923">
        <ele>2027.94</ele>
        <time>2026-05-04T01:30:46.6220000+00:00</time>
      </trkpt>
      <trkpt lat="46.78631" lon="8.0793">
        <ele>2027.71</ele>
        <time>2026-05-04T01:30:53.5460000+00:00</time>
      </trkpt>
      <trkpt lat="46.78632" lon="8.0794">
        <ele>2027.74</ele>
        <time>2026-05-04T01:31:03.3310000+00:00</time>
      </trkpt>
      <trkpt lat="46.78632" lon="8.07944">
        <ele>2028.1</ele>
        <time>2026-05-04T01:31:07.2020000+00:00</time>
      </trkpt>
      <trkpt lat="46.78633" lon="8.07951">
        <ele>2027.84</ele>
        <time>2026-05-04T01:31:14.1240000+00:00</time>
      </trkpt>
      <trkpt lat="46.78634" lon="8.07955">
        <ele>2027.3</ele>
        <time>2026-05-04T01:31:18.2470000+00:00</time>
      </trkpt>
      <trkpt lat="46.78634" lon="8.07957">
        <ele>2027.48</ele>
        <time>2026-05-04T01:31:20.1860000+00:00</time>
      </trkpt>
      <trkpt lat="46.78634" lon="8.0796">
        <ele>2027.74</ele>
        <time>2026-05-04T01:31:23.0910000+00:00</time>
      </trkpt>
      <trkpt lat="46.78633" lon="8.07966">
        <ele>2029.16</ele>
        <time>2026-05-04T01:31:29.0690000+00:00</time>
      </trkpt>
      <trkpt lat="46.78634" lon="8.07972">
        <ele>2028.78</ele>
        <time>2026-05-04T01:31:35.0470000+00:00</time>
      </trkpt>
      <trkpt lat="46.78634" lon="8.07977">
        <ele>2029.22</ele>
        <time>2026-05-04T01:31:39.8880000+00:00</time>
      </trkpt>
      <trkpt lat="46.78635" lon="8.07996">
        <ele>2030.01</ele>
        <time>2026-05-04T01:31:58.3380000+00:00</time>
      </trkpt>
      <trkpt lat="46.78635" lon="8.08008">
        <ele>2031.37</ele>
        <time>2026-05-04T01:32:09.9570000+00:00</time>
      </trkpt>
      <trkpt lat="46.78636" lon="8.0802">
        <ele>2031.8</ele>
        <time>2026-05-04T01:32:21.6620000+00:00</time>
      </trkpt>
      <trkpt lat="46.78636" lon="8.08027">
        <ele>2032.59</ele>
        <time>2026-05-04T01:32:28.4390000+00:00</time>
      </trkpt>
      <trkpt lat="46.78634" lon="8.08031">
        <ele>2034.88</ele>
        <time>2026-05-04T01:32:33.2340000+00:00</time>
      </trkpt>
      <trkpt lat="46.78634" lon="8.08033">
        <ele>2035.11</ele>
        <time>2026-05-04T01:32:35.1730000+00:00</time>
      </trkpt>
      <trkpt lat="46.78634" lon="8.08037">
        <ele>2035.56</ele>
        <time>2026-05-04T01:32:39.0460000+00:00</time>
      </trkpt>
      <trkpt lat="46.78634" lon="8.08038">
        <ele>2035.67</ele>
        <time>2026-05-04T01:32:40.0120000+00:00</time>
      </trkpt>
      <trkpt lat="46.78635" lon="8.08044">
        <ele>2035.43</ele>
        <time>2026-05-04T01:32:45.9910000+00:00</time>
      </trkpt>
      <trkpt lat="46.78637" lon="8.08053">
        <ele>2034.62</ele>
        <time>2026-05-04T01:32:55.1530000+00:00</time>
      </trkpt>
      <trkpt lat="46.7864" lon="8.08065">
        <ele>2033.23</ele>
        <time>2026-05-04T01:33:07.5220000+00:00</time>
      </trkpt>
      <trkpt lat="46.78643" lon="8.08074">
        <ele>2031.52</ele>
        <time>2026-05-04T01:33:17.2130000+00:00</time>
      </trkpt>
      <trkpt lat="46.78644" lon="8.08076">
        <ele>2030.83</ele>
        <time>2026-05-04T01:33:19.6090000+00:00</time>
      </trkpt>
      <trkpt lat="46.78644" lon="8.0808">
        <ele>2031.31</ele>
        <time>2026-05-04T01:33:23.4840000+00:00</time>
      </trkpt>
      <trkpt lat="46.78644" lon="8.08087">
        <ele>2032.15</ele>
        <time>2026-05-04T01:33:30.2620000+00:00</time>
      </trkpt>
      <trkpt lat="46.78645" lon="8.08094">
        <ele>2032.09</ele>
        <time>2026-05-04T01:33:37.1860000+00:00</time>
      </trkpt>
      <trkpt lat="46.78646" lon="8.081">
        <ele>2031.91</ele>
        <time>2026-05-04T01:33:43.1670000+00:00</time>
      </trkpt>
      <trkpt lat="46.78647" lon="8.08106">
        <ele>2031.73</ele>
        <time>2026-05-04T01:33:49.1450000+00:00</time>
      </trkpt>
      <trkpt lat="46.78648" lon="8.08113">
        <ele>2031.68</ele>
        <time>2026-05-04T01:33:56.0700000+00:00</time>
      </trkpt>
      <trkpt lat="46.78649" lon="8.08123">
        <ele>2031.99</ele>
        <time>2026-05-04T01:34:05.8550000+00:00</time>
      </trkpt>
      <trkpt lat="46.78649" lon="8.08131">
        <ele>2032.97</ele>
        <time>2026-05-04T01:34:13.6020000+00:00</time>
      </trkpt>
      <trkpt lat="46.78651" lon="8.08139">
        <ele>2032.15</ele>
        <time>2026-05-04T01:34:21.8490000+00:00</time>
      </trkpt>
      <trkpt lat="46.78653" lon="8.08146">
        <ele>2031.23</ele>
        <time>2026-05-04T01:34:29.1920000+00:00</time>
      </trkpt>
      <trkpt lat="46.78655" lon="8.08154">
        <ele>2030.43</ele>
        <time>2026-05-04T01:34:37.4390000+00:00</time>
      </trkpt>
      <trkpt lat="46.78658" lon="8.08164">
        <ele>2028.99</ele>
        <time>2026-05-04T01:34:48.0100000+00:00</time>
      </trkpt>
      <trkpt lat="46.78659" lon="8.08168">
        <ele>2028.6</ele>
        <time>2026-05-04T01:34:52.1320000+00:00</time>
      </trkpt>
      <trkpt lat="46.7866" lon="8.0817">
        <ele>2027.97</ele>
        <time>2026-05-04T01:34:54.5320000+00:00</time>
      </trkpt>
      <trkpt lat="46.78662" lon="8.08172">
        <ele>2026.48</ele>
        <time>2026-05-04T01:34:57.9590000+00:00</time>
      </trkpt>
      <trkpt lat="46.78664" lon="8.08174">
        <ele>2024.99</ele>
        <time>2026-05-04T01:35:01.3840000+00:00</time>
      </trkpt>
      <trkpt lat="46.78666" lon="8.08177">
        <ele>2023.64</ele>
        <time>2026-05-04T01:35:05.4390000+00:00</time>
      </trkpt>
      <trkpt lat="46.78667" lon="8.08179">
        <ele>2023.04</ele>
        <time>2026-05-04T01:35:07.8350000+00:00</time>
      </trkpt>
      <trkpt lat="46.78667" lon="8.08182">
        <ele>2023.45</ele>
        <time>2026-05-04T01:35:10.7380000+00:00</time>
      </trkpt>
      <trkpt lat="46.78666" lon="8.08185">
        <ele>2024.7</ele>
        <time>2026-05-04T01:35:13.9680000+00:00</time>
      </trkpt>
      <trkpt lat="46.78665" lon="8.08193">
        <ele>2026.61</ele>
        <time>2026-05-04T01:35:21.8420000+00:00</time>
      </trkpt>
      <trkpt lat="46.78665" lon="8.08199">
        <ele>2027.39</ele>
        <time>2026-05-04T01:35:27.6500000+00:00</time>
      </trkpt>
      <trkpt lat="46.78665" lon="8.08211">
        <ele>2028.96</ele>
        <time>2026-05-04T01:35:39.2680000+00:00</time>
      </trkpt>
      <trkpt lat="46.78666" lon="8.08219">
        <ele>2029.2</ele>
        <time>2026-05-04T01:35:47.1420000+00:00</time>
      </trkpt>
      <trkpt lat="46.78665" lon="8.08225">
        <ele>2030.79</ele>
        <time>2026-05-04T01:35:53.1200000+00:00</time>
      </trkpt>
      <trkpt lat="46.78665" lon="8.08235">
        <ele>2032.1</ele>
        <time>2026-05-04T01:36:02.8010000+00:00</time>
      </trkpt>
      <trkpt lat="46.78665" lon="8.08247">
        <ele>2033.92</ele>
        <time>2026-05-04T01:36:14.4190000+00:00</time>
      </trkpt>
      <trkpt lat="46.78665" lon="8.08259">
        <ele>2036.26</ele>
        <time>2026-05-04T01:36:26.0370000+00:00</time>
      </trkpt>
      <trkpt lat="46.78666" lon="8.08265">
        <ele>2036.68</ele>
        <time>2026-05-04T01:36:32.0150000+00:00</time>
      </trkpt>
      <trkpt lat="46.78666" lon="8.0827">
        <ele>2037.66</ele>
        <time>2026-05-04T01:36:36.8560000+00:00</time>
      </trkpt>
      <trkpt lat="46.78666" lon="8.08273">
        <ele>2038.25</ele>
        <time>2026-05-04T01:36:39.7640000+00:00</time>
      </trkpt>
      <trkpt lat="46.78665" lon="8.08276">
        <ele>2039.56</ele>
        <time>2026-05-04T01:36:42.9940000+00:00</time>
      </trkpt>
      <trkpt lat="46.78664" lon="8.08279">
        <ele>2040.87</ele>
        <time>2026-05-04T01:36:46.2240000+00:00</time>
      </trkpt>
      <trkpt lat="46.78663" lon="8.08281">
        <ele>2041.97</ele>
        <time>2026-05-04T01:36:48.6210000+00:00</time>
      </trkpt>
      <trkpt lat="46.78663" lon="8.08282">
        <ele>2042.16</ele>
        <time>2026-05-04T01:36:49.5790000+00:00</time>
      </trkpt>
      <trkpt lat="46.78662" lon="8.08291">
        <ele>2044.57</ele>
        <time>2026-05-04T01:36:58.4060000+00:00</time>
      </trkpt>
      <trkpt lat="46.78661" lon="8.08293">
        <ele>2045.65</ele>
        <time>2026-05-04T01:37:00.8020000+00:00</time>
      </trkpt>
      <trkpt lat="46.78661" lon="8.08295">
        <ele>2046.02</ele>
        <time>2026-05-04T01:37:02.7420000+00:00</time>
      </trkpt>
      <trkpt lat="46.7866" lon="8.08298">
        <ele>2047.27</ele>
        <time>2026-05-04T01:37:05.9720000+00:00</time>
      </trkpt>
      <trkpt lat="46.78658" lon="8.08301">
        <ele>2049.19</ele>
        <time>2026-05-04T01:37:10.0270000+00:00</time>
      </trkpt>
      <trkpt lat="46.78658" lon="8.08305">
        <ele>2049.92</ele>
        <time>2026-05-04T01:37:13.8970000+00:00</time>
      </trkpt>
      <trkpt lat="46.78657" lon="8.08311">
        <ele>2051.68</ele>
        <time>2026-05-04T01:37:19.8770000+00:00</time>
      </trkpt>
      <trkpt lat="46.78656" lon="8.08315">
        <ele>2053.06</ele>
        <time>2026-05-04T01:37:23.9990000+00:00</time>
      </trkpt>
      <trkpt lat="46.78656" lon="8.0832">
        <ele>2053.95</ele>
        <time>2026-05-04T01:37:28.8400000+00:00</time>
      </trkpt>
      <trkpt lat="46.78657" lon="8.08324">
        <ele>2054.03</ele>
        <time>2026-05-04T01:37:32.9630000+00:00</time>
      </trkpt>
      <trkpt lat="46.78658" lon="8.08329">
        <ele>2054.33</ele>
        <time>2026-05-04T01:37:38.0070000+00:00</time>
      </trkpt>
      <trkpt lat="46.78657" lon="8.08332">
        <ele>2055.54</ele>
        <time>2026-05-04T01:37:41.2370000+00:00</time>
      </trkpt>
      <trkpt lat="46.78657" lon="8.08338">
        <ele>2056.69</ele>
        <time>2026-05-04T01:37:47.0470000+00:00</time>
      </trkpt>
      <trkpt lat="46.78656" lon="8.08342">
        <ele>2058.09</ele>
        <time>2026-05-04T01:37:51.1700000+00:00</time>
      </trkpt>
      <trkpt lat="46.78656" lon="8.08346">
        <ele>2058.86</ele>
        <time>2026-05-04T01:37:55.0440000+00:00</time>
      </trkpt>
      <trkpt lat="46.78656" lon="8.0835">
        <ele>2059.63</ele>
        <time>2026-05-04T01:37:58.9190000+00:00</time>
      </trkpt>
      <trkpt lat="46.78656" lon="8.08354">
        <ele>2060.39</ele>
        <time>2026-05-04T01:38:02.7930000+00:00</time>
      </trkpt>
      <trkpt lat="46.78657" lon="8.08359">
        <ele>2060.73</ele>
        <time>2026-05-04T01:38:07.8360000+00:00</time>
      </trkpt>
      <trkpt lat="46.78657" lon="8.08361">
        <ele>2061.11</ele>
        <time>2026-05-04T01:38:09.7760000+00:00</time>
      </trkpt>
      <trkpt lat="46.78656" lon="8.08364">
        <ele>2062.31</ele>
        <time>2026-05-04T01:38:13.0060000+00:00</time>
      </trkpt>
      <trkpt lat="46.78655" lon="8.08368">
        <ele>2063.7</ele>
        <time>2026-05-04T01:38:17.1280000+00:00</time>
      </trkpt>
      <trkpt lat="46.78654" lon="8.08374">
        <ele>2065.46</ele>
        <time>2026-05-04T01:38:23.1060000+00:00</time>
      </trkpt>
      <trkpt lat="46.78652" lon="8.08376">
        <ele>2067.07</ele>
        <time>2026-05-04T01:38:26.5360000+00:00</time>
      </trkpt>
      <trkpt lat="46.78652" lon="8.08378">
        <ele>2067.45</ele>
        <time>2026-05-04T01:38:28.4750000+00:00</time>
      </trkpt>
      <trkpt lat="46.78652" lon="8.0838">
        <ele>2067.83</ele>
        <time>2026-05-04T01:38:30.4140000+00:00</time>
      </trkpt>
      <trkpt lat="46.78651" lon="8.08386">
        <ele>2069.59</ele>
        <time>2026-05-04T01:38:36.3950000+00:00</time>
      </trkpt>
      <trkpt lat="46.7865" lon="8.0839">
        <ele>2070.95</ele>
        <time>2026-05-04T01:38:40.5170000+00:00</time>
      </trkpt>
      <trkpt lat="46.7865" lon="8.08391">
        <ele>2071.14</ele>
        <time>2026-05-04T01:38:41.4830000+00:00</time>
      </trkpt>
      <trkpt lat="46.78651" lon="8.08397">
        <ele>2071.67</ele>
        <time>2026-05-04T01:38:47.4610000+00:00</time>
      </trkpt>
      <trkpt lat="46.78652" lon="8.08403">
        <ele>2072.21</ele>
        <time>2026-05-04T01:38:53.4420000+00:00</time>
      </trkpt>
      <trkpt lat="46.78652" lon="8.08407">
        <ele>2072.97</ele>
        <time>2026-05-04T01:38:57.3160000+00:00</time>
      </trkpt>
      <trkpt lat="46.78652" lon="8.0841">
        <ele>2073.54</ele>
        <time>2026-05-04T01:39:00.2240000+00:00</time>
      </trkpt>
      <trkpt lat="46.78651" lon="8.08413">
        <ele>2074.75</ele>
        <time>2026-05-04T01:39:03.4560000+00:00</time>
      </trkpt>
      <trkpt lat="46.78651" lon="8.08416">
        <ele>2075.35</ele>
        <time>2026-05-04T01:39:06.3590000+00:00</time>
      </trkpt>
      <trkpt lat="46.78651" lon="8.08419">
        <ele>2075.96</ele>
        <time>2026-05-04T01:39:09.2610000+00:00</time>
      </trkpt>
      <trkpt lat="46.7865" lon="8.08423">
        <ele>2077.36</ele>
        <time>2026-05-04T01:39:13.3840000+00:00</time>
      </trkpt>
      <trkpt lat="46.78649" lon="8.08424">
        <ele>2078.16</ele>
        <time>2026-05-04T01:39:15.0950000+00:00</time>
      </trkpt>
      <trkpt lat="46.78648" lon="8.08425">
        <ele>2078.95</ele>
        <time>2026-05-04T01:39:16.8110000+00:00</time>
      </trkpt>
      <trkpt lat="46.78646" lon="8.08426">
        <ele>2080.34</ele>
        <time>2026-05-04T01:39:19.8000000+00:00</time>
      </trkpt>
      <trkpt lat="46.78643" lon="8.08427">
        <ele>2082.32</ele>
        <time>2026-05-04T01:39:24.1490000+00:00</time>
      </trkpt>
      <trkpt lat="46.78641" lon="8.08428">
        <ele>2083.7</ele>
        <time>2026-05-04T01:39:27.1360000+00:00</time>
      </trkpt>
      <trkpt lat="46.78638" lon="8.08429">
        <ele>2085.67</ele>
        <time>2026-05-04T01:39:31.4860000+00:00</time>
      </trkpt>
      <trkpt lat="46.78637" lon="8.0843">
        <ele>2086.46</ele>
        <time>2026-05-04T01:39:33.2010000+00:00</time>
      </trkpt>
      <trkpt lat="46.78634" lon="8.08432">
        <ele>2088.63</ele>
        <time>2026-05-04T01:39:37.8650000+00:00</time>
      </trkpt>
      <trkpt lat="46.78632" lon="8.08435">
        <ele>2090.39</ele>
        <time>2026-05-04T01:39:41.9190000+00:00</time>
      </trkpt>
      <trkpt lat="46.78631" lon="8.08436">
        <ele>2091.17</ele>
        <time>2026-05-04T01:39:43.6310000+00:00</time>
      </trkpt>
      <trkpt lat="46.78629" lon="8.08438">
        <ele>2092.73</ele>
        <time>2026-05-04T01:39:47.0580000+00:00</time>
      </trkpt>
      <trkpt lat="46.78627" lon="8.08441">
        <ele>2094.48</ele>
        <time>2026-05-04T01:39:51.1130000+00:00</time>
      </trkpt>
      <trkpt lat="46.78626" lon="8.08443">
        <ele>2095.45</ele>
        <time>2026-05-04T01:39:53.5090000+00:00</time>
      </trkpt>
      <trkpt lat="46.78626" lon="8.08444">
        <ele>2095.64</ele>
        <time>2026-05-04T01:39:54.4750000+00:00</time>
      </trkpt>
      <trkpt lat="46.78626" lon="8.08446">
        <ele>2096.02</ele>
        <time>2026-05-04T01:39:56.4140000+00:00</time>
      </trkpt>
      <trkpt lat="46.78626" lon="8.08448">
        <ele>2096.41</ele>
        <time>2026-05-04T01:39:58.3530000+00:00</time>
      </trkpt>
      <trkpt lat="46.78627" lon="8.0845">
        <ele>2096.2</ele>
        <time>2026-05-04T01:40:00.7500000+00:00</time>
      </trkpt>
      <trkpt lat="46.78628" lon="8.08452">
        <ele>2096.01</ele>
        <time>2026-05-04T01:40:03.1460000+00:00</time>
      </trkpt>
      <trkpt lat="46.78627" lon="8.08453">
        <ele>2096.78</ele>
        <time>2026-05-04T01:40:04.8580000+00:00</time>
      </trkpt>
      <trkpt lat="46.78627" lon="8.08455">
        <ele>2097.16</ele>
        <time>2026-05-04T01:40:06.7890000+00:00</time>
      </trkpt>
      <trkpt lat="46.78626" lon="8.08458">
        <ele>2098.32</ele>
        <time>2026-05-04T01:40:10.0200000+00:00</time>
      </trkpt>
      <trkpt lat="46.78625" lon="8.08463">
        <ele>2099.85</ele>
        <time>2026-05-04T01:40:15.0630000+00:00</time>
      </trkpt>
      <trkpt lat="46.78624" lon="8.08466">
        <ele>2100.99</ele>
        <time>2026-05-04T01:40:18.2930000+00:00</time>
      </trkpt>
      <trkpt lat="46.78623" lon="8.08469">
        <ele>2102.14</ele>
        <time>2026-05-04T01:40:21.5280000+00:00</time>
      </trkpt>
      <trkpt lat="46.78623" lon="8.08472">
        <ele>2102.71</ele>
        <time>2026-05-04T01:40:24.4360000+00:00</time>
      </trkpt>
      <trkpt lat="46.78623" lon="8.08474">
        <ele>2103.09</ele>
        <time>2026-05-04T01:40:26.3750000+00:00</time>
      </trkpt>
      <trkpt lat="46.78622" lon="8.08477">
        <ele>2104.23</ele>
        <time>2026-05-04T01:40:29.6050000+00:00</time>
      </trkpt>
      <trkpt lat="46.78622" lon="8.08479">
        <ele>2104.61</ele>
        <time>2026-05-04T01:40:31.5440000+00:00</time>
      </trkpt>
      <trkpt lat="46.78622" lon="8.08483">
        <ele>2105.36</ele>
        <time>2026-05-04T01:40:35.4190000+00:00</time>
      </trkpt>
      <trkpt lat="46.78621" lon="8.08486">
        <ele>2106.5</ele>
        <time>2026-05-04T01:40:38.6490000+00:00</time>
      </trkpt>
      <trkpt lat="46.78621" lon="8.08488">
        <ele>2106.88</ele>
        <time>2026-05-04T01:40:40.5880000+00:00</time>
      </trkpt>
      <trkpt lat="46.78622" lon="8.08493">
        <ele>2107.25</ele>
        <time>2026-05-04T01:40:45.6330000+00:00</time>
      </trkpt>
      <trkpt lat="46.78622" lon="8.08497">
        <ele>2107.83</ele>
        <time>2026-05-04T01:40:49.5070000+00:00</time>
      </trkpt>
      <trkpt lat="46.78622" lon="8.08499">
        <ele>2108.12</ele>
        <time>2026-05-04T01:40:51.4470000+00:00</time>
      </trkpt>
      <trkpt lat="46.78622" lon="8.085">
        <ele>2108.26</ele>
        <time>2026-05-04T01:40:52.4120000+00:00</time>
      </trkpt>
      <trkpt lat="46.78622" lon="8.08501">
        <ele>2108.4</ele>
        <time>2026-05-04T01:40:53.3780000+00:00</time>
      </trkpt>
      <trkpt lat="46.7862" lon="8.08502">
        <ele>2109.65</ele>
        <time>2026-05-04T01:40:56.3670000+00:00</time>
      </trkpt>
      <trkpt lat="46.78617" lon="8.08504">
        <ele>2111.56</ele>
        <time>2026-05-04T01:41:01.0300000+00:00</time>
      </trkpt>
      <trkpt lat="46.78615" lon="8.08504">
        <ele>2112.65</ele>
        <time>2026-05-04T01:41:03.8590000+00:00</time>
      </trkpt>
      <trkpt lat="46.78609" lon="8.08505">
        <ele>2116.05</ele>
        <time>2026-05-04T01:41:12.3980000+00:00</time>
      </trkpt>
      <trkpt lat="46.78604" lon="8.08508">
        <ele>2119.1</ele>
        <time>2026-05-04T01:41:20.0420000+00:00</time>
      </trkpt>
      <trkpt lat="46.78602" lon="8.08511">
        <ele>2120.51</ele>
        <time>2026-05-04T01:41:24.0970000+00:00</time>
      </trkpt>
      <trkpt lat="46.786" lon="8.08513">
        <ele>2120.3</ele>
        <time>2026-05-04T01:41:27.5240000+00:00</time>
      </trkpt>
      <trkpt lat="46.78597" lon="8.08515">
        <ele>2118.28</ele>
        <time>2026-05-04T01:41:32.1870000+00:00</time>
      </trkpt>
      <trkpt lat="46.7859" lon="8.08516">
        <ele>2113.2</ele>
        <time>2026-05-04T01:41:42.1330000+00:00</time>
      </trkpt>
      <trkpt lat="46.78585" lon="8.08517">
        <ele>2109.63</ele>
        <time>2026-05-04T01:41:49.2690000+00:00</time>
      </trkpt>
      <trkpt lat="46.78584" lon="8.08518">
        <ele>2109.04</ele>
        <time>2026-05-04T01:41:50.9760000+00:00</time>
      </trkpt>
      <trkpt lat="46.78583" lon="8.08521">
        <ele>2108.74</ele>
        <time>2026-05-04T01:41:54.2060000+00:00</time>
      </trkpt>
      <trkpt lat="46.78583" lon="8.08527">
        <ele>2109.62</ele>
        <time>2026-05-04T01:42:00.0160000+00:00</time>
      </trkpt>
      <trkpt lat="46.78583" lon="8.08532">
        <ele>2110.36</ele>
        <time>2026-05-04T01:42:04.8570000+00:00</time>
      </trkpt>
      <trkpt lat="46.78583" lon="8.08539">
        <ele>2111.39</ele>
        <time>2026-05-04T01:42:11.6350000+00:00</time>
      </trkpt>
      <trkpt lat="46.78583" lon="8.08547">
        <ele>2112.57</ele>
        <time>2026-05-04T01:42:19.3810000+00:00</time>
      </trkpt>
      <trkpt lat="46.78583" lon="8.08552">
        <ele>2113.31</ele>
        <time>2026-05-04T01:42:24.2220000+00:00</time>
      </trkpt>
      <trkpt lat="46.78583" lon="8.08554">
        <ele>2113.6</ele>
        <time>2026-05-04T01:42:26.1610000+00:00</time>
      </trkpt>
      <trkpt lat="46.78582" lon="8.08555">
        <ele>2113.09</ele>
        <time>2026-05-04T01:42:27.8680000+00:00</time>
      </trkpt>
      <trkpt lat="46.78581" lon="8.08557">
        <ele>2112.74</ele>
        <time>2026-05-04T01:42:30.2640000+00:00</time>
      </trkpt>
      <trkpt lat="46.78578" lon="8.08558">
        <ele>2110.93</ele>
        <time>2026-05-04T01:42:34.6160000+00:00</time>
      </trkpt>
      <trkpt lat="46.78575" lon="8.0856">
        <ele>2109.31</ele>
        <time>2026-05-04T01:42:39.2790000+00:00</time>
      </trkpt>
      <trkpt lat="46.78574" lon="8.08561">
        <ele>2108.83</ele>
        <time>2026-05-04T01:42:40.9860000+00:00</time>
      </trkpt>
      <trkpt lat="46.78569" lon="8.08565">
        <ele>2106.31</ele>
        <time>2026-05-04T01:42:49.0470000+00:00</time>
      </trkpt>
      <trkpt lat="46.78567" lon="8.08566">
        <ele>2105.22</ele>
        <time>2026-05-04T01:42:52.0360000+00:00</time>
      </trkpt>
      <trkpt lat="46.78563" lon="8.08568">
        <ele>2103.06</ele>
        <time>2026-05-04T01:42:58.0140000+00:00</time>
      </trkpt>
      <trkpt lat="46.78561" lon="8.08568">
        <ele>2101.8</ele>
        <time>2026-05-04T01:43:00.8430000+00:00</time>
      </trkpt>
      <trkpt lat="46.7856" lon="8.08569">
        <ele>2101.37</ele>
        <time>2026-05-04T01:43:02.5500000+00:00</time>
      </trkpt>
      <trkpt lat="46.78558" lon="8.0857">
        <ele>2100.31</ele>
        <time>2026-05-04T01:43:05.5360000+00:00</time>
      </trkpt>
      <trkpt lat="46.78556" lon="8.08572">
        <ele>2099.47</ele>
        <time>2026-05-04T01:43:08.9640000+00:00</time>
      </trkpt>
      <trkpt lat="46.78554" lon="8.08574">
        <ele>2098.65</ele>
        <time>2026-05-04T01:43:12.3910000+00:00</time>
      </trkpt>
      <trkpt lat="46.78552" lon="8.08576">
        <ele>2097.85</ele>
        <time>2026-05-04T01:43:15.8190000+00:00</time>
      </trkpt>
      <trkpt lat="46.78551" lon="8.08576">
        <ele>2097.23</ele>
        <time>2026-05-04T01:43:17.2370000+00:00</time>
      </trkpt>
      <trkpt lat="46.78551" lon="8.08577">
        <ele>2097.18</ele>
        <time>2026-05-04T01:43:18.2030000+00:00</time>
      </trkpt>
      <trkpt lat="46.78551" lon="8.08578">
        <ele>2097.08</ele>
        <time>2026-05-04T01:43:19.1690000+00:00</time>
      </trkpt>
      <trkpt lat="46.78551" lon="8.08579">
        <ele>2096.97</ele>
        <time>2026-05-04T01:43:20.1340000+00:00</time>
      </trkpt>
      <trkpt lat="46.78551" lon="8.0858">
        <ele>2096.86</ele>
        <time>2026-05-04T01:43:21.1000000+00:00</time>
      </trkpt>
      <trkpt lat="46.78551" lon="8.08581">
        <ele>2096.75</ele>
        <time>2026-05-04T01:43:22.0660000+00:00</time>
      </trkpt>
      <trkpt lat="46.78552" lon="8.08583">
        <ele>2097.16</ele>
        <time>2026-05-04T01:43:24.4650000+00:00</time>
      </trkpt>
      <trkpt lat="46.78554" lon="8.08585">
        <ele>2098.23</ele>
        <time>2026-05-04T01:43:27.8930000+00:00</time>
      </trkpt>
      <trkpt lat="46.78555" lon="8.08587">
        <ele>2098.67</ele>
        <time>2026-05-04T01:43:30.2920000+00:00</time>
      </trkpt>
      <trkpt lat="46.78558" lon="8.08589">
        <ele>2100.43</ele>
        <time>2026-05-04T01:43:34.9550000+00:00</time>
      </trkpt>
      <trkpt lat="46.78562" lon="8.08591">
        <ele>2102.87</ele>
        <time>2026-05-04T01:43:40.9330000+00:00</time>
      </trkpt>
      <trkpt lat="46.78564" lon="8.08592">
        <ele>2104.11</ele>
        <time>2026-05-04T01:43:43.9220000+00:00</time>
      </trkpt>
      <trkpt lat="46.78568" lon="8.08593">
        <ele>2106.68</ele>
        <time>2026-05-04T01:43:49.6600000+00:00</time>
      </trkpt>
      <trkpt lat="46.78569" lon="8.08594">
        <ele>2107.29</ele>
        <time>2026-05-04T01:43:51.3720000+00:00</time>
      </trkpt>
      <trkpt lat="46.78572" lon="8.08596">
        <ele>2109.18</ele>
        <time>2026-05-04T01:43:56.0340000+00:00</time>
      </trkpt>
      <trkpt lat="46.78575" lon="8.08598">
        <ele>2111.11</ele>
        <time>2026-05-04T01:44:00.6950000+00:00</time>
      </trkpt>
      <trkpt lat="46.78577" lon="8.08601">
        <ele>2112.36</ele>
        <time>2026-05-04T01:44:04.7500000+00:00</time>
      </trkpt>
      <trkpt lat="46.78579" lon="8.08604">
        <ele>2113.65</ele>
        <time>2026-05-04T01:44:08.8050000+00:00</time>
      </trkpt>
      <trkpt lat="46.78581" lon="8.08607">
        <ele>2114.97</ele>
        <time>2026-05-04T01:44:12.8580000+00:00</time>
      </trkpt>
      <trkpt lat="46.78584" lon="8.0861">
        <ele>2117.03</ele>
        <time>2026-05-04T01:44:17.9990000+00:00</time>
      </trkpt>
      <trkpt lat="46.78586" lon="8.08613">
        <ele>2118.43</ele>
        <time>2026-05-04T01:44:22.0540000+00:00</time>
      </trkpt>
      <trkpt lat="46.78587" lon="8.08615">
        <ele>2119.14</ele>
        <time>2026-05-04T01:44:24.4500000+00:00</time>
      </trkpt>
      <trkpt lat="46.78588" lon="8.08616">
        <ele>2119.86</ele>
        <time>2026-05-04T01:44:26.1580000+00:00</time>
      </trkpt>
      <trkpt lat="46.7859" lon="8.08618">
        <ele>2121.32</ele>
        <time>2026-05-04T01:44:29.5870000+00:00</time>
      </trkpt>
      <trkpt lat="46.7859" lon="8.08618">
        <ele>2121.32</ele>
        <time>2026-05-04T01:44:29.5870000+00:00</time>
      </trkpt>
      <trkpt lat="46.7859" lon="8.0862">
        <ele>2121.33</ele>
        <time>2026-05-04T01:44:31.5260000+00:00</time>
      </trkpt>
      <trkpt lat="46.7859" lon="8.08622">
        <ele>2121.34</ele>
        <time>2026-05-04T01:44:33.4660000+00:00</time>
      </trkpt>
      <trkpt lat="46.78589" lon="8.08625">
        <ele>2120.59</ele>
        <time>2026-05-04T01:44:36.6960000+00:00</time>
      </trkpt>
      <trkpt lat="46.78588" lon="8.08628">
        <ele>2119.83</ele>
        <time>2026-05-04T01:44:39.9260000+00:00</time>
      </trkpt>
      <trkpt lat="46.78586" lon="8.08632">
        <ele>2118.28</ele>
        <time>2026-05-04T01:44:44.7240000+00:00</time>
      </trkpt>
      <trkpt lat="46.78585" lon="8.08635">
        <ele>2117.47</ele>
        <time>2026-05-04T01:44:47.9540000+00:00</time>
      </trkpt>
      <trkpt lat="46.78585" lon="8.08638">
        <ele>2117.44</ele>
        <time>2026-05-04T01:44:50.8590000+00:00</time>
      </trkpt>
      <trkpt lat="46.78585" lon="8.08641">
        <ele>2117.41</ele>
        <time>2026-05-04T01:44:53.7640000+00:00</time>
      </trkpt>
      <trkpt lat="46.78585" lon="8.08646">
        <ele>2117.36</ele>
        <time>2026-05-04T01:44:58.6050000+00:00</time>
      </trkpt>
      <trkpt lat="46.78586" lon="8.08653">
        <ele>2118.12</ele>
        <time>2026-05-04T01:45:05.5290000+00:00</time>
      </trkpt>
      <trkpt lat="46.78587" lon="8.08655">
        <ele>2118.94</ele>
        <time>2026-05-04T01:45:07.9250000+00:00</time>
      </trkpt>
      <trkpt lat="46.78588" lon="8.08656">
        <ele>2119.78</ele>
        <time>2026-05-04T01:45:09.6320000+00:00</time>
      </trkpt>
      <trkpt lat="46.7859" lon="8.0866">
        <ele>2121.39</ele>
        <time>2026-05-04T01:45:14.4280000+00:00</time>
      </trkpt>
      <trkpt lat="46.78592" lon="8.08662">
        <ele>2122.77</ele>
        <time>2026-05-04T01:45:17.8550000+00:00</time>
      </trkpt>
      <trkpt lat="46.78594" lon="8.08665">
        <ele>2123.99</ele>
        <time>2026-05-04T01:45:21.9100000+00:00</time>
      </trkpt>
      <trkpt lat="46.78595" lon="8.08666">
        <ele>2124.68</ele>
        <time>2026-05-04T01:45:23.6260000+00:00</time>
      </trkpt>
      <trkpt lat="46.78595" lon="8.08668">
        <ele>2124.36</ele>
        <time>2026-05-04T01:45:25.5690000+00:00</time>
      </trkpt>
      <trkpt lat="46.78594" lon="8.08669">
        <ele>2123.34</ele>
        <time>2026-05-04T01:45:27.2850000+00:00</time>
      </trkpt>
      <trkpt lat="46.78594" lon="8.08671">
        <ele>2123.01</ele>
        <time>2026-05-04T01:45:29.2200000+00:00</time>
      </trkpt>
      <trkpt lat="46.78593" lon="8.08677">
        <ele>2121.17</ele>
        <time>2026-05-04T01:45:35.1980000+00:00</time>
      </trkpt>
      <trkpt lat="46.78593" lon="8.08679">
        <ele>2120.85</ele>
        <time>2026-05-04T01:45:37.1330000+00:00</time>
      </trkpt>
      <trkpt lat="46.78591" lon="8.08682">
        <ele>2118.61</ele>
        <time>2026-05-04T01:45:41.1880000+00:00</time>
      </trkpt>
      <trkpt lat="46.78591" lon="8.08685">
        <ele>2118.12</ele>
        <time>2026-05-04T01:45:44.0930000+00:00</time>
      </trkpt>
      <trkpt lat="46.78591" lon="8.08687">
        <ele>2117.79</ele>
        <time>2026-05-04T01:45:46.0320000+00:00</time>
      </trkpt>
      <trkpt lat="46.78591" lon="8.08689">
        <ele>2117.46</ele>
        <time>2026-05-04T01:45:47.9710000+00:00</time>
      </trkpt>
      <trkpt lat="46.78594" lon="8.08695">
        <ele>2119.12</ele>
        <time>2026-05-04T01:45:55.1640000+00:00</time>
      </trkpt>
      <trkpt lat="46.78596" lon="8.08701">
        <ele>2119.92</ele>
        <time>2026-05-04T01:46:01.6250000+00:00</time>
      </trkpt>
      <trkpt lat="46.78596" lon="8.08705">
        <ele>2119.28</ele>
        <time>2026-05-04T01:46:05.4980000+00:00</time>
      </trkpt>
      <trkpt lat="46.78596" lon="8.08709">
        <ele>2118.64</ele>
        <time>2026-05-04T01:46:09.3710000+00:00</time>
      </trkpt>
      <trkpt lat="46.78596" lon="8.08711">
        <ele>2118.32</ele>
        <time>2026-05-04T01:46:11.3100000+00:00</time>
      </trkpt>
      <trkpt lat="46.78598" lon="8.08715">
        <ele>2119.48</ele>
        <time>2026-05-04T01:46:16.1050000+00:00</time>
      </trkpt>
      <trkpt lat="46.786" lon="8.08718">
        <ele>2120.81</ele>
        <time>2026-05-04T01:46:20.1600000+00:00</time>
      </trkpt>
      <trkpt lat="46.78603" lon="8.08724">
        <ele>2121.69</ele>
        <time>2026-05-04T01:46:27.3530000+00:00</time>
      </trkpt>
      <trkpt lat="46.78605" lon="8.08729">
        <ele>2121.89</ele>
        <time>2026-05-04T01:46:32.9590000+00:00</time>
      </trkpt>
      <trkpt lat="46.78607" lon="8.08734">
        <ele>2122.22</ele>
        <time>2026-05-04T01:46:38.5640000+00:00</time>
      </trkpt>
      <trkpt lat="46.7861" lon="8.08738">
        <ele>2123.32</ele>
        <time>2026-05-04T01:46:44.3090000+00:00</time>
      </trkpt>
      <trkpt lat="46.78613" lon="8.0874">
        <ele>2124.73</ele>
        <time>2026-05-04T01:46:48.9720000+00:00</time>
      </trkpt>
      <trkpt lat="46.78614" lon="8.08742">
        <ele>2125.14</ele>
        <time>2026-05-04T01:46:51.3680000+00:00</time>
      </trkpt>
      <trkpt lat="46.78615" lon="8.08743">
        <ele>2125.62</ele>
        <time>2026-05-04T01:46:53.0800000+00:00</time>
      </trkpt>
      <trkpt lat="46.78614" lon="8.08746">
        <ele>2124.77</ele>
        <time>2026-05-04T01:46:56.3100000+00:00</time>
      </trkpt>
      <trkpt lat="46.78614" lon="8.08751">
        <ele>2124.27</ele>
        <time>2026-05-04T01:47:01.1480000+00:00</time>
      </trkpt>
      <trkpt lat="46.78614" lon="8.08755">
        <ele>2123.88</ele>
        <time>2026-05-04T01:47:05.0190000+00:00</time>
      </trkpt>
      <trkpt lat="46.78614" lon="8.08759">
        <ele>2123.48</ele>
        <time>2026-05-04T01:47:08.8900000+00:00</time>
      </trkpt>
      <trkpt lat="46.78616" lon="8.08762">
        <ele>2124.39</ele>
        <time>2026-05-04T01:47:12.9410000+00:00</time>
      </trkpt>
      <trkpt lat="46.78617" lon="8.08766">
        <ele>2124.63</ele>
        <time>2026-05-04T01:47:17.0620000+00:00</time>
      </trkpt>
      <trkpt lat="46.78617" lon="8.0877">
        <ele>2124.26</ele>
        <time>2026-05-04T01:47:20.9340000+00:00</time>
      </trkpt>
      <trkpt lat="46.78618" lon="8.08772">
        <ele>2124.71</ele>
        <time>2026-05-04T01:47:23.3310000+00:00</time>
      </trkpt>
      <trkpt lat="46.78619" lon="8.08774">
        <ele>2125.17</ele>
        <time>2026-05-04T01:47:25.7270000+00:00</time>
      </trkpt>
      <trkpt lat="46.78619" lon="8.08776">
        <ele>2125</ele>
        <time>2026-05-04T01:47:27.6620000+00:00</time>
      </trkpt>
      <trkpt lat="46.78619" lon="8.08777">
        <ele>2124.91</ele>
        <time>2026-05-04T01:47:28.6280000+00:00</time>
      </trkpt>
      <trkpt lat="46.78618" lon="8.08778">
        <ele>2124.18</ele>
        <time>2026-05-04T01:47:30.3400000+00:00</time>
      </trkpt>
      <trkpt lat="46.78617" lon="8.0878">
        <ele>2123.35</ele>
        <time>2026-05-04T01:47:32.7360000+00:00</time>
      </trkpt>
      <trkpt lat="46.78616" lon="8.08781">
        <ele>2122.61</ele>
        <time>2026-05-04T01:47:34.4430000+00:00</time>
      </trkpt>
      <trkpt lat="46.78615" lon="8.08784">
        <ele>2121.67</ele>
        <time>2026-05-04T01:47:37.6740000+00:00</time>
      </trkpt>
      <trkpt lat="46.78614" lon="8.08787">
        <ele>2120.72</ele>
        <time>2026-05-04T01:47:40.9040000+00:00</time>
      </trkpt>
      <trkpt lat="46.78612" lon="8.0879">
        <ele>2119.07</ele>
        <time>2026-05-04T01:47:44.9570000+00:00</time>
      </trkpt>
      <trkpt lat="46.78612" lon="8.08792">
        <ele>2118.86</ele>
        <time>2026-05-04T01:47:46.8960000+00:00</time>
      </trkpt>
      <trkpt lat="46.78612" lon="8.08796">
        <ele>2118.44</ele>
        <time>2026-05-04T01:47:50.7690000+00:00</time>
      </trkpt>
      <trkpt lat="46.78612" lon="8.08799">
        <ele>2118.13</ele>
        <time>2026-05-04T01:47:53.6740000+00:00</time>
      </trkpt>
      <trkpt lat="46.78613" lon="8.08802">
        <ele>2118.53</ele>
        <time>2026-05-04T01:47:56.9040000+00:00</time>
      </trkpt>
      <trkpt lat="46.78614" lon="8.08806">
        <ele>2118.84</ele>
        <time>2026-05-04T01:48:01.0270000+00:00</time>
      </trkpt>
      <trkpt lat="46.78615" lon="8.08809">
        <ele>2119.27</ele>
        <time>2026-05-04T01:48:04.2570000+00:00</time>
      </trkpt>
      <trkpt lat="46.78615" lon="8.0881">
        <ele>2119.17</ele>
        <time>2026-05-04T01:48:05.2230000+00:00</time>
      </trkpt>
      <trkpt lat="46.78616" lon="8.08813">
        <ele>2119.62</ele>
        <time>2026-05-04T01:48:08.4530000+00:00</time>
      </trkpt>
      <trkpt lat="46.78616" lon="8.08818">
        <ele>2119.15</ele>
        <time>2026-05-04T01:48:13.2910000+00:00</time>
      </trkpt>
      <trkpt lat="46.78617" lon="8.08825">
        <ele>2119.26</ele>
        <time>2026-05-04T01:48:20.2140000+00:00</time>
      </trkpt>
      <trkpt lat="46.78618" lon="8.08831">
        <ele>2120.37</ele>
        <time>2026-05-04T01:48:26.1920000+00:00</time>
      </trkpt>
      <trkpt lat="46.78618" lon="8.08834">
        <ele>2120.63</ele>
        <time>2026-05-04T01:48:29.0940000+00:00</time>
      </trkpt>
      <trkpt lat="46.78621" lon="8.08841">
        <ele>2123.45</ele>
        <time>2026-05-04T01:48:37.0900000+00:00</time>
      </trkpt>
      <trkpt lat="46.78622" lon="8.08846">
        <ele>2124.58</ele>
        <time>2026-05-04T01:48:42.1340000+00:00</time>
      </trkpt>
      <trkpt lat="46.78623" lon="8.08848">
        <ele>2125.46</ele>
        <time>2026-05-04T01:48:44.5340000+00:00</time>
      </trkpt>
      <trkpt lat="46.78623" lon="8.08851">
        <ele>2125.68</ele>
        <time>2026-05-04T01:48:47.4410000+00:00</time>
      </trkpt>
      <trkpt lat="46.78623" lon="8.08853">
        <ele>2125.84</ele>
        <time>2026-05-04T01:48:49.3800000+00:00</time>
      </trkpt>
      <trkpt lat="46.78621" lon="8.08854">
        <ele>2124.49</ele>
        <time>2026-05-04T01:48:52.3720000+00:00</time>
      </trkpt>
      <trkpt lat="46.78617" lon="8.08853">
        <ele>2121.55</ele>
        <time>2026-05-04T01:48:58.1100000+00:00</time>
      </trkpt>
      <trkpt lat="46.7861" lon="8.08852">
        <ele>2116.45</ele>
        <time>2026-05-04T01:49:08.0550000+00:00</time>
      </trkpt>
      <trkpt lat="46.78602" lon="8.08846">
        <ele>2110.01</ele>
        <time>2026-05-04T01:49:20.7720000+00:00</time>
      </trkpt>
      <trkpt lat="46.78597" lon="8.08839">
        <ele>2105.8</ele>
        <time>2026-05-04T01:49:30.5660000+00:00</time>
      </trkpt>
      <trkpt lat="46.78596" lon="8.08839">
        <ele>2105.14</ele>
        <time>2026-05-04T01:49:31.9740000+00:00</time>
      </trkpt>
      <trkpt lat="46.7859" lon="8.0884">
        <ele>2101.31</ele>
        <time>2026-05-04T01:49:40.5130000+00:00</time>
      </trkpt>
      <trkpt lat="46.78588" lon="8.0884">
        <ele>2099.99</ele>
        <time>2026-05-04T01:49:43.3440000+00:00</time>
      </trkpt>
      <trkpt lat="46.78584" lon="8.08837">
        <ele>2096.86</ele>
        <time>2026-05-04T01:49:49.7030000+00:00</time>
      </trkpt>
      <trkpt lat="46.78582" lon="8.08838">
        <ele>2095.69</ele>
        <time>2026-05-04T01:49:52.6890000+00:00</time>
      </trkpt>
      <trkpt lat="46.78577" lon="8.08841">
        <ele>2092.91</ele>
        <time>2026-05-04T01:50:00.3330000+00:00</time>
      </trkpt>
      <trkpt lat="46.78575" lon="8.08842">
        <ele>2091.79</ele>
        <time>2026-05-04T01:50:03.3220000+00:00</time>
      </trkpt>
      <trkpt lat="46.78573" lon="8.0884">
        <ele>2090.09</ele>
        <time>2026-05-04T01:50:06.7500000+00:00</time>
      </trkpt>
      <trkpt lat="46.78571" lon="8.08842">
        <ele>2089.17</ele>
        <time>2026-05-04T01:50:10.1790000+00:00</time>
      </trkpt>
      <trkpt lat="46.78568" lon="8.08842">
        <ele>2087.2</ele>
        <time>2026-05-04T01:50:14.4240000+00:00</time>
      </trkpt>
      <trkpt lat="46.78564" lon="8.0884">
        <ele>2084.15</ele>
        <time>2026-05-04T01:50:20.4020000+00:00</time>
      </trkpt>
      <trkpt lat="46.78559" lon="8.08838">
        <ele>2080.39</ele>
        <time>2026-05-04T01:50:27.7320000+00:00</time>
      </trkpt>
      <trkpt lat="46.78555" lon="8.08835">
        <ele>2077.01</ele>
        <time>2026-05-04T01:50:34.0910000+00:00</time>
      </trkpt>
      <trkpt lat="46.78553" lon="8.08834">
        <ele>2075.42</ele>
        <time>2026-05-04T01:50:37.0770000+00:00</time>
      </trkpt>
      <trkpt lat="46.78551" lon="8.08834">
        <ele>2074.06</ele>
        <time>2026-05-04T01:50:39.9040000+00:00</time>
      </trkpt>
      <trkpt lat="46.7855" lon="8.08834">
        <ele>2073.39</ele>
        <time>2026-05-04T01:50:41.3170000+00:00</time>
      </trkpt>
      <trkpt lat="46.78548" lon="8.08835">
        <ele>2072.29</ele>
        <time>2026-05-04T01:50:44.3030000+00:00</time>
      </trkpt>
      <trkpt lat="46.78548" lon="8.08837">
        <ele>2072.81</ele>
        <time>2026-05-04T01:50:46.2350000+00:00</time>
      </trkpt>
      <trkpt lat="46.78547" lon="8.08839">
        <ele>2072.66</ele>
        <time>2026-05-04T01:50:48.6310000+00:00</time>
      </trkpt>
      <trkpt lat="46.78547" lon="8.08844">
        <ele>2073.97</ele>
        <time>2026-05-04T01:50:53.4740000+00:00</time>
      </trkpt>
      <trkpt lat="46.78548" lon="8.08848">
        <ele>2075.65</ele>
        <time>2026-05-04T01:50:57.5960000+00:00</time>
      </trkpt>
      <trkpt lat="46.7855" lon="8.08863">
        <ele>2080.72</ele>
        <time>2026-05-04T01:51:12.3920000+00:00</time>
      </trkpt>
      <trkpt lat="46.78552" lon="8.08872">
        <ele>2084.15</ele>
        <time>2026-05-04T01:51:21.5530000+00:00</time>
      </trkpt>
      <trkpt lat="46.78552" lon="8.08874">
        <ele>2084.65</ele>
        <time>2026-05-04T01:51:23.4930000+00:00</time>
      </trkpt>
      <trkpt lat="46.78552" lon="8.08878">
        <ele>2085.64</ele>
        <time>2026-05-04T01:51:27.3650000+00:00</time>
      </trkpt>
      <trkpt lat="46.78552" lon="8.0888">
        <ele>2086.14</ele>
        <time>2026-05-04T01:51:29.3040000+00:00</time>
      </trkpt>
      <trkpt lat="46.7855" lon="8.08882">
        <ele>2085.53</ele>
        <time>2026-05-04T01:51:32.7320000+00:00</time>
      </trkpt>
      <trkpt lat="46.78547" lon="8.08884">
        <ele>2084.4</ele>
        <time>2026-05-04T01:51:37.3950000+00:00</time>
      </trkpt>
      <trkpt lat="46.78545" lon="8.08886">
        <ele>2083.84</ele>
        <time>2026-05-04T01:51:40.8250000+00:00</time>
      </trkpt>
      <trkpt lat="46.78544" lon="8.08889">
        <ele>2084.1</ele>
        <time>2026-05-04T01:51:44.0570000+00:00</time>
      </trkpt>
      <trkpt lat="46.78544" lon="8.08892">
        <ele>2084.91</ele>
        <time>2026-05-04T01:51:46.9650000+00:00</time>
      </trkpt>
      <trkpt lat="46.78545" lon="8.08902">
        <ele>2088.09</ele>
        <time>2026-05-04T01:51:56.7500000+00:00</time>
      </trkpt>
      <trkpt lat="46.78545" lon="8.08904">
        <ele>2088.62</ele>
        <time>2026-05-04T01:51:58.6890000+00:00</time>
      </trkpt>
      <trkpt lat="46.78544" lon="8.08909">
        <ele>2089.47</ele>
        <time>2026-05-04T01:52:03.7340000+00:00</time>
      </trkpt>
      <trkpt lat="46.78544" lon="8.08912">
        <ele>2090.2</ele>
        <time>2026-05-04T01:52:06.6410000+00:00</time>
      </trkpt>
      <trkpt lat="46.78545" lon="8.08917">
        <ele>2091.9</ele>
        <time>2026-05-04T01:52:11.6860000+00:00</time>
      </trkpt>
      <trkpt lat="46.78546" lon="8.08922">
        <ele>2093.63</ele>
        <time>2026-05-04T01:52:16.7300000+00:00</time>
      </trkpt>
      <trkpt lat="46.78548" lon="8.08924">
        <ele>2095.17</ele>
        <time>2026-05-04T01:52:20.1580000+00:00</time>
      </trkpt>
      <trkpt lat="46.7855" lon="8.08926">
        <ele>2096.74</ele>
        <time>2026-05-04T01:52:23.5850000+00:00</time>
      </trkpt>
      <trkpt lat="46.78554" lon="8.0893">
        <ele>2099.96</ele>
        <time>2026-05-04T01:52:30.4400000+00:00</time>
      </trkpt>
      <trkpt lat="46.78554" lon="8.08932">
        <ele>2100.5</ele>
        <time>2026-05-04T01:52:32.3760000+00:00</time>
      </trkpt>
      <trkpt lat="46.78554" lon="8.08935">
        <ele>2101.31</ele>
        <time>2026-05-04T01:52:35.2780000+00:00</time>
      </trkpt>
      <trkpt lat="46.78554" lon="8.08937">
        <ele>2101.86</ele>
        <time>2026-05-04T01:52:37.2130000+00:00</time>
      </trkpt>
      <trkpt lat="46.78551" lon="8.08939">
        <ele>2100.67</ele>
        <time>2026-05-04T01:52:41.8770000+00:00</time>
      </trkpt>
      <trkpt lat="46.78548" lon="8.0894">
        <ele>2099.2</ele>
        <time>2026-05-04T01:52:46.2260000+00:00</time>
      </trkpt>
      <trkpt lat="46.78547" lon="8.08941">
        <ele>2098.87</ele>
        <time>2026-05-04T01:52:47.9380000+00:00</time>
      </trkpt>
      <trkpt lat="46.78546" lon="8.08943">
        <ele>2098.78</ele>
        <time>2026-05-04T01:52:50.3370000+00:00</time>
      </trkpt>
      <trkpt lat="46.78544" lon="8.08946">
        <ele>2098.32</ele>
        <time>2026-05-04T01:52:54.3920000+00:00</time>
      </trkpt>
      <trkpt lat="46.78543" lon="8.08951">
        <ele>2098.9</ele>
        <time>2026-05-04T01:52:59.4330000+00:00</time>
      </trkpt>
      <trkpt lat="46.78542" lon="8.08955">
        <ele>2099.22</ele>
        <time>2026-05-04T01:53:03.5560000+00:00</time>
      </trkpt>
      <trkpt lat="46.78542" lon="8.08958">
        <ele>2099.92</ele>
        <time>2026-05-04T01:53:06.4580000+00:00</time>
      </trkpt>
      <trkpt lat="46.78542" lon="8.08962">
        <ele>2100.85</ele>
        <time>2026-05-04T01:53:10.3290000+00:00</time>
      </trkpt>
      <trkpt lat="46.78542" lon="8.08964">
        <ele>2101.31</ele>
        <time>2026-05-04T01:53:12.2640000+00:00</time>
      </trkpt>
      <trkpt lat="46.78542" lon="8.08965">
        <ele>2101.55</ele>
        <time>2026-05-04T01:53:13.2300000+00:00</time>
      </trkpt>
      <trkpt lat="46.78542" lon="8.08968">
        <ele>2102.24</ele>
        <time>2026-05-04T01:53:16.1330000+00:00</time>
      </trkpt>
      <trkpt lat="46.7854" lon="8.08971">
        <ele>2101.59</ele>
        <time>2026-05-04T01:53:20.1870000+00:00</time>
      </trkpt>
      <trkpt lat="46.78538" lon="8.08973">
        <ele>2100.68</ele>
        <time>2026-05-04T01:53:23.6150000+00:00</time>
      </trkpt>
      <trkpt lat="46.78536" lon="8.08973">
        <ele>2099.31</ele>
        <time>2026-05-04T01:53:26.4410000+00:00</time>
      </trkpt>
      <trkpt lat="46.7853" lon="8.08972">
        <ele>2095.02</ele>
        <time>2026-05-04T01:53:34.9790000+00:00</time>
      </trkpt>
      <trkpt lat="46.78528" lon="8.08972">
        <ele>2093.66</ele>
        <time>2026-05-04T01:53:37.8080000+00:00</time>
      </trkpt>
      <trkpt lat="46.78527" lon="8.08973">
        <ele>2093.17</ele>
        <time>2026-05-04T01:53:39.5190000+00:00</time>
      </trkpt>
      <trkpt lat="46.78525" lon="8.08974">
        <ele>2091.98</ele>
        <time>2026-05-04T01:53:42.5080000+00:00</time>
      </trkpt>
      <trkpt lat="46.78524" lon="8.08977">
        <ele>2091.82</ele>
        <time>2026-05-04T01:53:45.7390000+00:00</time>
      </trkpt>
      <trkpt lat="46.78522" lon="8.08981">
        <ele>2091.11</ele>
        <time>2026-05-04T01:53:50.5350000+00:00</time>
      </trkpt>
      <trkpt lat="46.78521" lon="8.08986">
        <ele>2091.23</ele>
        <time>2026-05-04T01:53:55.5780000+00:00</time>
      </trkpt>
      <trkpt lat="46.78521" lon="8.08992">
        <ele>2092.22</ele>
        <time>2026-05-04T01:54:01.3850000+00:00</time>
      </trkpt>
      <trkpt lat="46.78521" lon="8.08998">
        <ele>2092.71</ele>
        <time>2026-05-04T01:54:07.1920000+00:00</time>
      </trkpt>
      <trkpt lat="46.78521" lon="8.09002">
        <ele>2092.99</ele>
        <time>2026-05-04T01:54:11.0630000+00:00</time>
      </trkpt>
      <trkpt lat="46.78521" lon="8.09008">
        <ele>2093.43</ele>
        <time>2026-05-04T01:54:16.8710000+00:00</time>
      </trkpt>
      <trkpt lat="46.7852" lon="8.09011">
        <ele>2092.97</ele>
        <time>2026-05-04T01:54:20.1010000+00:00</time>
      </trkpt>
      <trkpt lat="46.7852" lon="8.09014">
        <ele>2093.2</ele>
        <time>2026-05-04T01:54:23.0090000+00:00</time>
      </trkpt>
      <trkpt lat="46.78519" lon="8.09016">
        <ele>2092.7</ele>
        <time>2026-05-04T01:54:25.4080000+00:00</time>
      </trkpt>
      <trkpt lat="46.78517" lon="8.09018">
        <ele>2091.56</ele>
        <time>2026-05-04T01:54:28.8370000+00:00</time>
      </trkpt>
      <trkpt lat="46.78513" lon="8.0902">
        <ele>2089.19</ele>
        <time>2026-05-04T01:54:34.8160000+00:00</time>
      </trkpt>
      <trkpt lat="46.78505" lon="8.09024">
        <ele>2084.56</ele>
        <time>2026-05-04T01:54:46.7720000+00:00</time>
      </trkpt>
      <trkpt lat="46.78496" lon="8.09032">
        <ele>2080.05</ele>
        <time>2026-05-04T01:55:01.6690000+00:00</time>
      </trkpt>
      <trkpt lat="46.7849" lon="8.09036">
        <ele>2077.04</ele>
        <time>2026-05-04T01:55:10.9960000+00:00</time>
      </trkpt>
      <trkpt lat="46.78488" lon="8.09038">
        <ele>2076.17</ele>
        <time>2026-05-04T01:55:14.4230000+00:00</time>
      </trkpt>
      <trkpt lat="46.78486" lon="8.0904">
        <ele>2075.32</ele>
        <time>2026-05-04T01:55:17.8510000+00:00</time>
      </trkpt>
      <trkpt lat="46.78485" lon="8.09042">
        <ele>2075.08</ele>
        <time>2026-05-04T01:55:20.2500000+00:00</time>
      </trkpt>
      <trkpt lat="46.78484" lon="8.09046">
        <ele>2075.18</ele>
        <time>2026-05-04T01:55:24.3720000+00:00</time>
      </trkpt>
      <trkpt lat="46.78481" lon="8.0905">
        <ele>2074.19</ele>
        <time>2026-05-04T01:55:30.1170000+00:00</time>
      </trkpt>
      <trkpt lat="46.78474" lon="8.09057">
        <ele>2071.66</ele>
        <time>2026-05-04T01:55:42.1130000+00:00</time>
      </trkpt>
      <trkpt lat="46.78464" lon="8.09065">
        <ele>2068.05</ele>
        <time>2026-05-04T01:55:58.2360000+00:00</time>
      </trkpt>
      <trkpt lat="46.78455" lon="8.09073">
        <ele>2065.34</ele>
        <time>2026-05-04T01:56:13.1340000+00:00</time>
      </trkpt>
      <trkpt lat="46.7845" lon="8.09076">
        <ele>2063.5</ele>
        <time>2026-05-04T01:56:20.7790000+00:00</time>
      </trkpt>
      <trkpt lat="46.78441" lon="8.09077">
        <ele>2058.81</ele>
        <time>2026-05-04T01:56:33.5420000+00:00</time>
      </trkpt>
      <trkpt lat="46.78435" lon="8.09077">
        <ele>2055.87</ele>
        <time>2026-05-04T01:56:42.0260000+00:00</time>
      </trkpt>
      <trkpt lat="46.7843" lon="8.0908">
        <ele>2052.89</ele>
        <time>2026-05-04T01:56:49.6690000+00:00</time>
      </trkpt>
      <trkpt lat="46.78426" lon="8.09084">
        <ele>2050.15</ele>
        <time>2026-05-04T01:56:56.5230000+00:00</time>
      </trkpt>
      <trkpt lat="46.78416" lon="8.09093">
        <ele>2043.65</ele>
        <time>2026-05-04T01:57:13.1330000+00:00</time>
      </trkpt>
      <trkpt lat="46.78406" lon="8.09106">
        <ele>2036.4</ele>
        <time>2026-05-04T01:57:32.0650000+00:00</time>
      </trkpt>
      <trkpt lat="46.78398" lon="8.09122">
        <ele>2029.53</ele>
        <time>2026-05-04T01:57:51.2470000+00:00</time>
      </trkpt>
      <trkpt lat="46.78385" lon="8.09153">
        <ele>2017.78</ele>
        <time>2026-05-04T01:58:26.4450000+00:00</time>
      </trkpt>
      <trkpt lat="46.78378" lon="8.09167">
        <ele>2011.37</ele>
        <time>2026-05-04T01:58:43.2300000+00:00</time>
      </trkpt>
      <trkpt lat="46.78374" lon="8.09173">
        <ele>2008</ele>
        <time>2026-05-04T01:58:51.3380000+00:00</time>
      </trkpt>
      <trkpt lat="46.78364" lon="8.09186">
        <ele>2000.36</ele>
        <time>2026-05-04T01:59:10.2690000+00:00</time>
      </trkpt>
      <trkpt lat="46.78358" lon="8.09196">
        <ele>1995.19</ele>
        <time>2026-05-04T01:59:23.1430000+00:00</time>
      </trkpt>
      <trkpt lat="46.7835" lon="8.09204">
        <ele>1990.14</ele>
        <time>2026-05-04T01:59:36.8540000+00:00</time>
      </trkpt>
      <trkpt lat="46.78336" lon="8.09222">
        <ele>1982.12</ele>
        <time>2026-05-04T02:00:03.2290000+00:00</time>
      </trkpt>
      <trkpt lat="46.7833" lon="8.09235">
        <ele>1978.06</ele>
        <time>2026-05-04T02:00:18.4090000+00:00</time>
      </trkpt>
      <trkpt lat="46.78323" lon="8.09247">
        <ele>1974.16</ele>
        <time>2026-05-04T02:00:33.6730000+00:00</time>
      </trkpt>
      <trkpt lat="46.78318" lon="8.09252">
        <ele>1972.08</ele>
        <time>2026-05-04T02:00:42.2420000+00:00</time>
      </trkpt>
      <trkpt lat="46.78316" lon="8.09254">
        <ele>1971.26</ele>
        <time>2026-05-04T02:00:45.6700000+00:00</time>
      </trkpt>
      <trkpt lat="46.78314" lon="8.09259">
        <ele>1969.55</ele>
        <time>2026-05-04T02:00:51.2780000+00:00</time>
      </trkpt>
      <trkpt lat="46.78304" lon="8.09274">
        <ele>1964.11</ele>
        <time>2026-05-04T02:01:11.5480000+00:00</time>
      </trkpt>
      <trkpt lat="46.78294" lon="8.09289">
        <ele>1958.9</ele>
        <time>2026-05-04T02:01:31.8190000+00:00</time>
      </trkpt>
      <trkpt lat="46.7829" lon="8.09293">
        <ele>1957.43</ele>
        <time>2026-05-04T02:01:38.6740000+00:00</time>
      </trkpt>
      <trkpt lat="46.78285" lon="8.09306">
        <ele>1953.42</ele>
        <time>2026-05-04T02:01:53.1110000+00:00</time>
      </trkpt>
      <trkpt lat="46.78277" lon="8.09324">
        <ele>1947.96</ele>
        <time>2026-05-04T02:02:13.8890000+00:00</time>
      </trkpt>
      <trkpt lat="46.7827" lon="8.09333">
        <ele>1944.36</ele>
        <time>2026-05-04T02:02:27.0770000+00:00</time>
      </trkpt>
      <trkpt lat="46.7826" lon="8.09344">
        <ele>1939.71</ele>
        <time>2026-05-04T02:02:44.7800000+00:00</time>
      </trkpt>
      <trkpt lat="46.78251" lon="8.0936">
        <ele>1934.11</ele>
        <time>2026-05-04T02:03:04.8290000+00:00</time>
      </trkpt>
      <trkpt lat="46.78249" lon="8.09362">
        <ele>1933.48</ele>
        <time>2026-05-04T02:03:08.2560000+00:00</time>
      </trkpt>
      <trkpt lat="46.78244" lon="8.09372">
        <ele>1930.5</ele>
        <time>2026-05-04T02:03:20.2450000+00:00</time>
      </trkpt>
      <trkpt lat="46.78241" lon="8.09374">
        <ele>1930.01</ele>
        <time>2026-05-04T02:03:24.9080000+00:00</time>
      </trkpt>
      <trkpt lat="46.78239" lon="8.09375">
        <ele>1929.81</ele>
        <time>2026-05-04T02:03:27.8950000+00:00</time>
      </trkpt>
      <trkpt lat="46.78237" lon="8.09382">
        <ele>1927.94</ele>
        <time>2026-05-04T02:03:35.2380000+00:00</time>
      </trkpt>
      <trkpt lat="46.78235" lon="8.09385">
        <ele>1927.25</ele>
        <time>2026-05-04T02:03:39.2930000+00:00</time>
      </trkpt>
      <trkpt lat="46.78234" lon="8.09386">
        <ele>1927.06</ele>
        <time>2026-05-04T02:03:41.0090000+00:00</time>
      </trkpt>
      <trkpt lat="46.7823" lon="8.09386">
        <ele>1927.36</ele>
        <time>2026-05-04T02:03:46.6660000+00:00</time>
      </trkpt>
      <trkpt lat="46.78225" lon="8.09386">
        <ele>1927.73</ele>
        <time>2026-05-04T02:03:53.7370000+00:00</time>
      </trkpt>
      <trkpt lat="46.78221" lon="8.09385">
        <ele>1928.26</ele>
        <time>2026-05-04T02:03:59.4730000+00:00</time>
      </trkpt>
      <trkpt lat="46.7822" lon="8.09386">
        <ele>1928.11</ele>
        <time>2026-05-04T02:04:01.1890000+00:00</time>
      </trkpt>
      <trkpt lat="46.78217" lon="8.09388">
        <ele>1927.9</ele>
        <time>2026-05-04T02:04:05.8530000+00:00</time>
      </trkpt>
      <trkpt lat="46.78215" lon="8.09391">
        <ele>1927.42</ele>
        <time>2026-05-04T02:04:09.9070000+00:00</time>
      </trkpt>
      <trkpt lat="46.78213" lon="8.09392">
        <ele>1927.4</ele>
        <time>2026-05-04T02:04:12.8990000+00:00</time>
      </trkpt>
      <trkpt lat="46.78213" lon="8.09394">
        <ele>1926.99</ele>
        <time>2026-05-04T02:04:14.8380000+00:00</time>
      </trkpt>
      <trkpt lat="46.78211" lon="8.09394">
        <ele>1927.19</ele>
        <time>2026-05-04T02:04:17.6690000+00:00</time>
      </trkpt>
      <trkpt lat="46.78209" lon="8.09396">
        <ele>1927</ele>
        <time>2026-05-04T02:04:21.0960000+00:00</time>
      </trkpt>
      <trkpt lat="46.78207" lon="8.09397">
        <ele>1927.02</ele>
        <time>2026-05-04T02:04:24.0830000+00:00</time>
      </trkpt>
      <trkpt lat="46.78205" lon="8.09398">
        <ele>1927.06</ele>
        <time>2026-05-04T02:04:27.0700000+00:00</time>
      </trkpt>
      <trkpt lat="46.78204" lon="8.09401">
        <ele>1926.63</ele>
        <time>2026-05-04T02:04:30.3000000+00:00</time>
      </trkpt>
      <trkpt lat="46.78202" lon="8.09403">
        <ele>1926.53</ele>
        <time>2026-05-04T02:04:33.7280000+00:00</time>
      </trkpt>
      <trkpt lat="46.782" lon="8.09404">
        <ele>1926.62</ele>
        <time>2026-05-04T02:04:36.7170000+00:00</time>
      </trkpt>
      <trkpt lat="46.78198" lon="8.09406">
        <ele>1926.56</ele>
        <time>2026-05-04T02:04:40.1460000+00:00</time>
      </trkpt>
      <trkpt lat="46.78196" lon="8.09407">
        <ele>1926.67</ele>
        <time>2026-05-04T02:04:43.1330000+00:00</time>
      </trkpt>
      <trkpt lat="46.78194" lon="8.09409">
        <ele>1926.61</ele>
        <time>2026-05-04T02:04:46.5600000+00:00</time>
      </trkpt>
      <trkpt lat="46.78192" lon="8.0941">
        <ele>1926.49</ele>
        <time>2026-05-04T02:04:49.5470000+00:00</time>
      </trkpt>
      <trkpt lat="46.78188" lon="8.09412">
        <ele>1926.23</ele>
        <time>2026-05-04T02:04:55.5250000+00:00</time>
      </trkpt>
      <trkpt lat="46.78187" lon="8.09414">
        <ele>1925.53</ele>
        <time>2026-05-04T02:04:57.9240000+00:00</time>
      </trkpt>
      <trkpt lat="46.78186" lon="8.09415">
        <ele>1925.25</ele>
        <time>2026-05-04T02:04:59.6360000+00:00</time>
      </trkpt>
      <trkpt lat="46.78184" lon="8.09417">
        <ele>1924.46</ele>
        <time>2026-05-04T02:05:03.0630000+00:00</time>
      </trkpt>
      <trkpt lat="46.78183" lon="8.09417">
        <ele>1924.33</ele>
        <time>2026-05-04T02:05:04.4710000+00:00</time>
      </trkpt>
      <trkpt lat="46.78182" lon="8.09419">
        <ele>1923.39</ele>
        <time>2026-05-04T02:05:06.8670000+00:00</time>
      </trkpt>
      <trkpt lat="46.78181" lon="8.09421">
        <ele>1922.47</ele>
        <time>2026-05-04T02:05:09.2640000+00:00</time>
      </trkpt>
      <trkpt lat="46.7818" lon="8.09424">
        <ele>1921.18</ele>
        <time>2026-05-04T02:05:12.4940000+00:00</time>
      </trkpt>
      <trkpt lat="46.78177" lon="8.09427">
        <ele>1919.76</ele>
        <time>2026-05-04T02:05:17.6360000+00:00</time>
      </trkpt>
      <trkpt lat="46.78176" lon="8.09429">
        <ele>1918.93</ele>
        <time>2026-05-04T02:05:20.0320000+00:00</time>
      </trkpt>
      <trkpt lat="46.78174" lon="8.09432">
        <ele>1917.7</ele>
        <time>2026-05-04T02:05:24.0870000+00:00</time>
      </trkpt>
      <trkpt lat="46.7817" lon="8.09438">
        <ele>1915.43</ele>
        <time>2026-05-04T02:05:32.1960000+00:00</time>
      </trkpt>
      <trkpt lat="46.78168" lon="8.09441">
        <ele>1914.38</ele>
        <time>2026-05-04T02:05:36.2510000+00:00</time>
      </trkpt>
      <trkpt lat="46.78166" lon="8.09442">
        <ele>1914.04</ele>
        <time>2026-05-04T02:05:39.2420000+00:00</time>
      </trkpt>
      <trkpt lat="46.78163" lon="8.09445">
        <ele>1913.11</ele>
        <time>2026-05-04T02:05:44.3840000+00:00</time>
      </trkpt>
      <trkpt lat="46.7816" lon="8.09447">
        <ele>1912.56</ele>
        <time>2026-05-04T02:05:49.0470000+00:00</time>
      </trkpt>
      <trkpt lat="46.78157" lon="8.09448">
        <ele>1912.36</ele>
        <time>2026-05-04T02:05:53.3970000+00:00</time>
      </trkpt>
      <trkpt lat="46.78155" lon="8.0945">
        <ele>1911.88</ele>
        <time>2026-05-04T02:05:56.8270000+00:00</time>
      </trkpt>
      <trkpt lat="46.78154" lon="8.0945">
        <ele>1911.92</ele>
        <time>2026-05-04T02:05:58.2400000+00:00</time>
      </trkpt>
      <trkpt lat="46.78152" lon="8.09453">
        <ele>1911.23</ele>
        <time>2026-05-04T02:06:02.2940000+00:00</time>
      </trkpt>
      <trkpt lat="46.78151" lon="8.09455">
        <ele>1910.79</ele>
        <time>2026-05-04T02:06:04.6940000+00:00</time>
      </trkpt>
      <trkpt lat="46.78147" lon="8.09459">
        <ele>1910.13</ele>
        <time>2026-05-04T02:06:11.5480000+00:00</time>
      </trkpt>
      <trkpt lat="46.78145" lon="8.09462">
        <ele>1909.65</ele>
        <time>2026-05-04T02:06:15.6030000+00:00</time>
      </trkpt>
      <trkpt lat="46.78143" lon="8.09464">
        <ele>1909.43</ele>
        <time>2026-05-04T02:06:19.0310000+00:00</time>
      </trkpt>
      <trkpt lat="46.78142" lon="8.09467">
        <ele>1908.93</ele>
        <time>2026-05-04T02:06:22.2610000+00:00</time>
      </trkpt>
      <trkpt lat="46.7814" lon="8.09469">
        <ele>1908.79</ele>
        <time>2026-05-04T02:06:25.6880000+00:00</time>
      </trkpt>
      <trkpt lat="46.78137" lon="8.09472">
        <ele>1908.66</ele>
        <time>2026-05-04T02:06:30.8300000+00:00</time>
      </trkpt>
      <trkpt lat="46.78134" lon="8.09474">
        <ele>1908.78</ele>
        <time>2026-05-04T02:06:35.4930000+00:00</time>
      </trkpt>
      <trkpt lat="46.78129" lon="8.09477">
        <ele>1909.17</ele>
        <time>2026-05-04T02:06:43.1370000+00:00</time>
      </trkpt>
      <trkpt lat="46.78126" lon="8.09479">
        <ele>1909.46</ele>
        <time>2026-05-04T02:06:47.8010000+00:00</time>
      </trkpt>
      <trkpt lat="46.7812" lon="8.09483">
        <ele>1910.2</ele>
        <time>2026-05-04T02:06:57.1270000+00:00</time>
      </trkpt>
      <trkpt lat="46.78118" lon="8.09487">
        <ele>1910.28</ele>
        <time>2026-05-04T02:07:01.9230000+00:00</time>
      </trkpt>
      <trkpt lat="46.78117" lon="8.09489">
        <ele>1910.35</ele>
        <time>2026-05-04T02:07:04.3190000+00:00</time>
      </trkpt>
      <trkpt lat="46.78116" lon="8.0949">
        <ele>1910.52</ele>
        <time>2026-05-04T02:07:06.0350000+00:00</time>
      </trkpt>
      <trkpt lat="46.78114" lon="8.09493">
        <ele>1910.61</ele>
        <time>2026-05-04T02:07:10.0900000+00:00</time>
      </trkpt>
      <trkpt lat="46.78112" lon="8.09494">
        <ele>1910.83</ele>
        <time>2026-05-04T02:07:13.0790000+00:00</time>
      </trkpt>
      <trkpt lat="46.7811" lon="8.09496">
        <ele>1910.76</ele>
        <time>2026-05-04T02:07:16.5060000+00:00</time>
      </trkpt>
      <trkpt lat="46.78108" lon="8.09498">
        <ele>1910.69</ele>
        <time>2026-05-04T02:07:19.9330000+00:00</time>
      </trkpt>
      <trkpt lat="46.78106" lon="8.09501">
        <ele>1910.33</ele>
        <time>2026-05-04T02:07:23.9880000+00:00</time>
      </trkpt>
      <trkpt lat="46.78104" lon="8.09503">
        <ele>1910.25</ele>
        <time>2026-05-04T02:07:27.4160000+00:00</time>
      </trkpt>
      <trkpt lat="46.78101" lon="8.09504">
        <ele>1910.51</ele>
        <time>2026-05-04T02:07:31.7650000+00:00</time>
      </trkpt>
      <trkpt lat="46.78096" lon="8.09509">
        <ele>1908.63</ele>
        <time>2026-05-04T02:07:40.3330000+00:00</time>
      </trkpt>
      <trkpt lat="46.78094" lon="8.0951">
        <ele>1908.19</ele>
        <time>2026-05-04T02:07:43.3200000+00:00</time>
      </trkpt>
      <trkpt lat="46.7809" lon="8.09513">
        <ele>1907.07</ele>
        <time>2026-05-04T02:07:49.6780000+00:00</time>
      </trkpt>
      <trkpt lat="46.78085" lon="8.09514">
        <ele>1906.44</ele>
        <time>2026-05-04T02:07:56.8140000+00:00</time>
      </trkpt>
      <trkpt lat="46.7808" lon="8.09517">
        <ele>1905.36</ele>
        <time>2026-05-04T02:08:04.4570000+00:00</time>
      </trkpt>
      <trkpt lat="46.78076" lon="8.09519">
        <ele>1904.65</ele>
        <time>2026-05-04T02:08:10.4350000+00:00</time>
      </trkpt>
      <trkpt lat="46.78073" lon="8.09521">
        <ele>1904.04</ele>
        <time>2026-05-04T02:08:15.0990000+00:00</time>
      </trkpt>
      <trkpt lat="46.7807" lon="8.09524">
        <ele>1903.25</ele>
        <time>2026-05-04T02:08:20.2390000+00:00</time>
      </trkpt>
      <trkpt lat="46.78067" lon="8.09527">
        <ele>1902.5</ele>
        <time>2026-05-04T02:08:25.3790000+00:00</time>
      </trkpt>
      <trkpt lat="46.78062" lon="8.09533">
        <ele>1901.18</ele>
        <time>2026-05-04T02:08:34.5310000+00:00</time>
      </trkpt>
      <trkpt lat="46.78058" lon="8.09536">
        <ele>1900.55</ele>
        <time>2026-05-04T02:08:40.8890000+00:00</time>
      </trkpt>
      <trkpt lat="46.78055" lon="8.09538">
        <ele>1900.17</ele>
        <time>2026-05-04T02:08:45.5520000+00:00</time>
      </trkpt>
      <trkpt lat="46.78051" lon="8.09541">
        <ele>1899.64</ele>
        <time>2026-05-04T02:08:51.9110000+00:00</time>
      </trkpt>
      <trkpt lat="46.78044" lon="8.09547">
        <ele>1898.77</ele>
        <time>2026-05-04T02:09:03.3880000+00:00</time>
      </trkpt>
      <trkpt lat="46.78042" lon="8.09548">
        <ele>1898.66</ele>
        <time>2026-05-04T02:09:06.3750000+00:00</time>
      </trkpt>
      <trkpt lat="46.7804" lon="8.0955">
        <ele>1898.43</ele>
        <time>2026-05-04T02:09:09.8020000+00:00</time>
      </trkpt>
      <trkpt lat="46.78039" lon="8.09551">
        <ele>1898.32</ele>
        <time>2026-05-04T02:09:11.5180000+00:00</time>
      </trkpt>
      <trkpt lat="46.78037" lon="8.09552">
        <ele>1898.25</ele>
        <time>2026-05-04T02:09:14.5050000+00:00</time>
      </trkpt>
      <trkpt lat="46.78036" lon="8.09554">
        <ele>1898.03</ele>
        <time>2026-05-04T02:09:16.9010000+00:00</time>
      </trkpt>
      <trkpt lat="46.78034" lon="8.09556">
        <ele>1897.86</ele>
        <time>2026-05-04T02:09:20.3280000+00:00</time>
      </trkpt>
      <trkpt lat="46.78032" lon="8.09558">
        <ele>1897.72</ele>
        <time>2026-05-04T02:09:23.7560000+00:00</time>
      </trkpt>
      <trkpt lat="46.78031" lon="8.09558">
        <ele>1897.76</ele>
        <time>2026-05-04T02:09:25.1740000+00:00</time>
      </trkpt>
      <trkpt lat="46.78027" lon="8.09562">
        <ele>1897.53</ele>
        <time>2026-05-04T02:09:32.0310000+00:00</time>
      </trkpt>
      <trkpt lat="46.78024" lon="8.09564">
        <ele>1897.51</ele>
        <time>2026-05-04T02:09:36.6960000+00:00</time>
      </trkpt>
      <trkpt lat="46.78022" lon="8.09566">
        <ele>1897.45</ele>
        <time>2026-05-04T02:09:40.1230000+00:00</time>
      </trkpt>
      <trkpt lat="46.7802" lon="8.09568">
        <ele>1897.42</ele>
        <time>2026-05-04T02:09:43.5510000+00:00</time>
      </trkpt>
      <trkpt lat="46.78018" lon="8.0957">
        <ele>1897.35</ele>
        <time>2026-05-04T02:09:46.9780000+00:00</time>
      </trkpt>
      <trkpt lat="46.78015" lon="8.09573">
        <ele>1896.89</ele>
        <time>2026-05-04T02:09:52.1200000+00:00</time>
      </trkpt>
      <trkpt lat="46.78012" lon="8.09577">
        <ele>1896.11</ele>
        <time>2026-05-04T02:09:57.8640000+00:00</time>
      </trkpt>
      <trkpt lat="46.78009" lon="8.09582">
        <ele>1894.59</ele>
        <time>2026-05-04T02:10:04.3020000+00:00</time>
      </trkpt>
      <trkpt lat="46.78006" lon="8.09586">
        <ele>1893.38</ele>
        <time>2026-05-04T02:10:10.0480000+00:00</time>
      </trkpt>
      <trkpt lat="46.78002" lon="8.09591">
        <ele>1891.91</ele>
        <time>2026-05-04T02:10:17.4940000+00:00</time>
      </trkpt>
      <trkpt lat="46.77992" lon="8.096">
        <ele>1889.32</ele>
        <time>2026-05-04T02:10:34.1040000+00:00</time>
      </trkpt>
      <trkpt lat="46.77986" lon="8.09604">
        <ele>1888.23</ele>
        <time>2026-05-04T02:10:43.4310000+00:00</time>
      </trkpt>
      <trkpt lat="46.77965" lon="8.09627">
        <ele>1883.26</ele>
        <time>2026-05-04T02:11:20.5490000+00:00</time>
      </trkpt>
      <trkpt lat="46.77948" lon="8.0965">
        <ele>1879.64</ele>
        <time>2026-05-04T02:11:53.3190000+00:00</time>
      </trkpt>
      <trkpt lat="46.77941" lon="8.09658">
        <ele>1878.74</ele>
        <time>2026-05-04T02:12:05.8890000+00:00</time>
      </trkpt>
      <trkpt lat="46.77938" lon="8.09662">
        <ele>1878</ele>
        <time>2026-05-04T02:12:11.6330000+00:00</time>
      </trkpt>
      <trkpt lat="46.77936" lon="8.09666">
        <ele>1877.16</ele>
        <time>2026-05-04T02:12:16.4290000+00:00</time>
      </trkpt>
      <trkpt lat="46.77933" lon="8.09672">
        <ele>1875.75</ele>
        <time>2026-05-04T02:12:23.6230000+00:00</time>
      </trkpt>
      <trkpt lat="46.77928" lon="8.09677">
        <ele>1874.55</ele>
        <time>2026-05-04T02:12:32.1920000+00:00</time>
      </trkpt>
      <trkpt lat="46.77925" lon="8.0968">
        <ele>1873.91</ele>
        <time>2026-05-04T02:12:37.3320000+00:00</time>
      </trkpt>
      <trkpt lat="46.77919" lon="8.09687">
        <ele>1872.6</ele>
        <time>2026-05-04T02:12:48.1910000+00:00</time>
      </trkpt>
      <trkpt lat="46.77917" lon="8.09689">
        <ele>1872.28</ele>
        <time>2026-05-04T02:12:51.6180000+00:00</time>
      </trkpt>
      <trkpt lat="46.77914" lon="8.09692">
        <ele>1871.85</ele>
        <time>2026-05-04T02:12:56.7600000+00:00</time>
      </trkpt>
      <trkpt lat="46.77913" lon="8.09696">
        <ele>1871.19</ele>
        <time>2026-05-04T02:13:00.8820000+00:00</time>
      </trkpt>
      <trkpt lat="46.7791" lon="8.097">
        <ele>1870.7</ele>
        <time>2026-05-04T02:13:06.6270000+00:00</time>
      </trkpt>
      <trkpt lat="46.77908" lon="8.09704">
        <ele>1870.19</ele>
        <time>2026-05-04T02:13:11.4220000+00:00</time>
      </trkpt>
      <trkpt lat="46.77906" lon="8.09706">
        <ele>1870.04</ele>
        <time>2026-05-04T02:13:14.8500000+00:00</time>
      </trkpt>
      <trkpt lat="46.77904" lon="8.09708">
        <ele>1869.92</ele>
        <time>2026-05-04T02:13:18.2770000+00:00</time>
      </trkpt>
      <trkpt lat="46.77902" lon="8.0971">
        <ele>1869.82</ele>
        <time>2026-05-04T02:13:21.7050000+00:00</time>
      </trkpt>
      <trkpt lat="46.77898" lon="8.09714">
        <ele>1869.69</ele>
        <time>2026-05-04T02:13:28.5610000+00:00</time>
      </trkpt>
      <trkpt lat="46.77894" lon="8.09721">
        <ele>1869.31</ele>
        <time>2026-05-04T02:13:37.3890000+00:00</time>
      </trkpt>
      <trkpt lat="46.7789" lon="8.09728">
        <ele>1869.1</ele>
        <time>2026-05-04T02:13:46.2180000+00:00</time>
      </trkpt>
      <trkpt lat="46.77888" lon="8.09733">
        <ele>1868.91</ele>
        <time>2026-05-04T02:13:51.8260000+00:00</time>
      </trkpt>
      <trkpt lat="46.77884" lon="8.09739">
        <ele>1869.06</ele>
        <time>2026-05-04T02:13:59.9360000+00:00</time>
      </trkpt>
      <trkpt lat="46.77881" lon="8.09745">
        <ele>1868.76</ele>
        <time>2026-05-04T02:14:07.1300000+00:00</time>
      </trkpt>
      <trkpt lat="46.77878" lon="8.09752">
        <ele>1867.94</ele>
        <time>2026-05-04T02:14:15.1270000+00:00</time>
      </trkpt>
      <trkpt lat="46.77876" lon="8.0976">
        <ele>1866.74</ele>
        <time>2026-05-04T02:14:23.3730000+00:00</time>
      </trkpt>
      <trkpt lat="46.77874" lon="8.09765">
        <ele>1866.14</ele>
        <time>2026-05-04T02:14:28.9790000+00:00</time>
      </trkpt>
      <trkpt lat="46.77874" lon="8.09774">
        <ele>1864.35</ele>
        <time>2026-05-04T02:14:37.6950000+00:00</time>
      </trkpt>
      <trkpt lat="46.77873" lon="8.09782">
        <ele>1862.97</ele>
        <time>2026-05-04T02:14:45.5690000+00:00</time>
      </trkpt>
      <trkpt lat="46.77871" lon="8.09788">
        <ele>1862.19</ele>
        <time>2026-05-04T02:14:52.0310000+00:00</time>
      </trkpt>
      <trkpt lat="46.7787" lon="8.09795">
        <ele>1861.01</ele>
        <time>2026-05-04T02:14:58.9550000+00:00</time>
      </trkpt>
      <trkpt lat="46.77869" lon="8.09804">
        <ele>1859.45</ele>
        <time>2026-05-04T02:15:07.7840000+00:00</time>
      </trkpt>
      <trkpt lat="46.77867" lon="8.09812">
        <ele>1858.3</ele>
        <time>2026-05-04T02:15:16.0310000+00:00</time>
      </trkpt>
      <trkpt lat="46.77865" lon="8.09818">
        <ele>1857.54</ele>
        <time>2026-05-04T02:15:22.4920000+00:00</time>
      </trkpt>
      <trkpt lat="46.77862" lon="8.09836">
        <ele>1854.89</ele>
        <time>2026-05-04T02:15:40.4320000+00:00</time>
      </trkpt>
      <trkpt lat="46.77862" lon="8.09843">
        <ele>1853.66</ele>
        <time>2026-05-04T02:15:47.2090000+00:00</time>
      </trkpt>
      <trkpt lat="46.77861" lon="8.09849">
        <ele>1852.81</ele>
        <time>2026-05-04T02:15:53.1890000+00:00</time>
      </trkpt>
      <trkpt lat="46.77858" lon="8.09861">
        <ele>1851.29</ele>
        <time>2026-05-04T02:16:05.5590000+00:00</time>
      </trkpt>
      <trkpt lat="46.77855" lon="8.09876">
        <ele>1849.22</ele>
        <time>2026-05-04T02:16:20.6920000+00:00</time>
      </trkpt>
      <trkpt lat="46.77851" lon="8.09894">
        <ele>1846.68</ele>
        <time>2026-05-04T02:16:39.0170000+00:00</time>
      </trkpt>
      <trkpt lat="46.77848" lon="8.09902">
        <ele>1845.62</ele>
        <time>2026-05-04T02:16:47.8490000+00:00</time>
      </trkpt>
      <trkpt lat="46.77846" lon="8.0991">
        <ele>1844.52</ele>
        <time>2026-05-04T02:16:56.0960000+00:00</time>
      </trkpt>
      <trkpt lat="46.77843" lon="8.09915">
        <ele>1844.17</ele>
        <time>2026-05-04T02:17:02.5340000+00:00</time>
      </trkpt>
      <trkpt lat="46.77842" lon="8.09921">
        <ele>1843.42</ele>
        <time>2026-05-04T02:17:08.5130000+00:00</time>
      </trkpt>
      <trkpt lat="46.77839" lon="8.09932">
        <ele>1842.22</ele>
        <time>2026-05-04T02:17:19.9790000+00:00</time>
      </trkpt>
      <trkpt lat="46.77834" lon="8.09942">
        <ele>1841.54</ele>
        <time>2026-05-04T02:17:31.9690000+00:00</time>
      </trkpt>
      <trkpt lat="46.7783" lon="8.09953">
        <ele>1840.62</ele>
        <time>2026-05-04T02:17:44.0300000+00:00</time>
      </trkpt>
      <trkpt lat="46.77826" lon="8.09959">
        <ele>1840.45</ele>
        <time>2026-05-04T02:17:52.1380000+00:00</time>
      </trkpt>
      <trkpt lat="46.77823" lon="8.09957">
        <ele>1841.23</ele>
        <time>2026-05-04T02:17:56.8010000+00:00</time>
      </trkpt>
      <trkpt lat="46.77818" lon="8.09951">
        <ele>1842.85</ele>
        <time>2026-05-04T02:18:05.9530000+00:00</time>
      </trkpt>
      <trkpt lat="46.77813" lon="8.09945">
        <ele>1844.44</ele>
        <time>2026-05-04T02:18:15.1050000+00:00</time>
      </trkpt>
      <trkpt lat="46.7781" lon="8.0994">
        <ele>1845.54</ele>
        <time>2026-05-04T02:18:21.5440000+00:00</time>
      </trkpt>
      <trkpt lat="46.77807" lon="8.09935">
        <ele>1846.62</ele>
        <time>2026-05-04T02:18:27.9820000+00:00</time>
      </trkpt>
      <trkpt lat="46.77804" lon="8.0993">
        <ele>1847.69</ele>
        <time>2026-05-04T02:18:34.4200000+00:00</time>
      </trkpt>
      <trkpt lat="46.77801" lon="8.09925">
        <ele>1848.73</ele>
        <time>2026-05-04T02:18:40.8570000+00:00</time>
      </trkpt>
      <trkpt lat="46.77799" lon="8.09923">
        <ele>1849.25</ele>
        <time>2026-05-04T02:18:44.2840000+00:00</time>
      </trkpt>
      <trkpt lat="46.77795" lon="8.09919">
        <ele>1850.28</ele>
        <time>2026-05-04T02:18:51.1390000+00:00</time>
      </trkpt>
      <trkpt lat="46.77793" lon="8.09916">
        <ele>1850.9</ele>
        <time>2026-05-04T02:18:55.1940000+00:00</time>
      </trkpt>
      <trkpt lat="46.77791" lon="8.09912">
        <ele>1851.63</ele>
        <time>2026-05-04T02:18:59.9900000+00:00</time>
      </trkpt>
      <trkpt lat="46.77791" lon="8.09912">
        <ele>1851.63</ele>
        <time>2026-05-04T02:18:59.9900000+00:00</time>
      </trkpt>
      <trkpt lat="46.77789" lon="8.09911">
        <ele>1852.01</ele>
        <time>2026-05-04T02:19:02.9810000+00:00</time>
      </trkpt>
      <trkpt lat="46.77788" lon="8.09909">
        <ele>1852.36</ele>
        <time>2026-05-04T02:19:05.3780000+00:00</time>
      </trkpt>
      <trkpt lat="46.77787" lon="8.09903">
        <ele>1852.98</ele>
        <time>2026-05-04T02:19:11.3580000+00:00</time>
      </trkpt>
      <trkpt lat="46.77786" lon="8.099">
        <ele>1853.33</ele>
        <time>2026-05-04T02:19:14.5880000+00:00</time>
      </trkpt>
      <trkpt lat="46.77784" lon="8.09895">
        <ele>1853.93</ele>
        <time>2026-05-04T02:19:20.1970000+00:00</time>
      </trkpt>
      <trkpt lat="46.77782" lon="8.0989">
        <ele>1854.5</ele>
        <time>2026-05-04T02:19:25.8050000+00:00</time>
      </trkpt>
      <trkpt lat="46.77781" lon="8.09888">
        <ele>1854.74</ele>
        <time>2026-05-04T02:19:28.2040000+00:00</time>
      </trkpt>
      <trkpt lat="46.77779" lon="8.09886">
        <ele>1855.07</ele>
        <time>2026-05-04T02:19:31.6320000+00:00</time>
      </trkpt>
      <trkpt lat="46.77778" lon="8.09882">
        <ele>1855.41</ele>
        <time>2026-05-04T02:19:35.7560000+00:00</time>
      </trkpt>
      <trkpt lat="46.77777" lon="8.09879">
        <ele>1855.69</ele>
        <time>2026-05-04T02:19:38.9860000+00:00</time>
      </trkpt>
      <trkpt lat="46.77775" lon="8.09875">
        <ele>1856.09</ele>
        <time>2026-05-04T02:19:43.7820000+00:00</time>
      </trkpt>
      <trkpt lat="46.77773" lon="8.09872">
        <ele>1856.42</ele>
        <time>2026-05-04T02:19:47.8370000+00:00</time>
      </trkpt>
      <trkpt lat="46.77771" lon="8.09872">
        <ele>1856.57</ele>
        <time>2026-05-04T02:19:50.6630000+00:00</time>
      </trkpt>
      <trkpt lat="46.77769" lon="8.09872">
        <ele>1856.71</ele>
        <time>2026-05-04T02:19:53.4940000+00:00</time>
      </trkpt>
      <trkpt lat="46.77764" lon="8.09875">
        <ele>1855.06</ele>
        <time>2026-05-04T02:20:01.1370000+00:00</time>
      </trkpt>
      <trkpt lat="46.77761" lon="8.09876">
        <ele>1854.02</ele>
        <time>2026-05-04T02:20:05.4870000+00:00</time>
      </trkpt>
      <trkpt lat="46.77758" lon="8.09877">
        <ele>1853.01</ele>
        <time>2026-05-04T02:20:09.8380000+00:00</time>
      </trkpt>
      <trkpt lat="46.77756" lon="8.09878">
        <ele>1852.35</ele>
        <time>2026-05-04T02:20:12.8290000+00:00</time>
      </trkpt>
      <trkpt lat="46.77755" lon="8.0988">
        <ele>1852.05</ele>
        <time>2026-05-04T02:20:15.2250000+00:00</time>
      </trkpt>
      <trkpt lat="46.77752" lon="8.09882">
        <ele>1851.14</ele>
        <time>2026-05-04T02:20:19.8890000+00:00</time>
      </trkpt>
      <trkpt lat="46.77749" lon="8.09883">
        <ele>1850.25</ele>
        <time>2026-05-04T02:20:24.2400000+00:00</time>
      </trkpt>
      <trkpt lat="46.77746" lon="8.09883">
        <ele>1849.33</ele>
        <time>2026-05-04T02:20:28.4810000+00:00</time>
      </trkpt>
      <trkpt lat="46.77739" lon="8.09885">
        <ele>1847.36</ele>
        <time>2026-05-04T02:20:38.5670000+00:00</time>
      </trkpt>
      <trkpt lat="46.77733" lon="8.09885">
        <ele>1845.58</ele>
        <time>2026-05-04T02:20:47.0500000+00:00</time>
      </trkpt>
      <trkpt lat="46.77731" lon="8.09886">
        <ele>1845.11</ele>
        <time>2026-05-04T02:20:50.0420000+00:00</time>
      </trkpt>
      <trkpt lat="46.77727" lon="8.09888">
        <ele>1844.21</ele>
        <time>2026-05-04T02:20:56.0220000+00:00</time>
      </trkpt>
      <trkpt lat="46.77724" lon="8.09889">
        <ele>1843.51</ele>
        <time>2026-05-04T02:21:00.3750000+00:00</time>
      </trkpt>
      <trkpt lat="46.77722" lon="8.09888">
        <ele>1842.79</ele>
        <time>2026-05-04T02:21:03.3670000+00:00</time>
      </trkpt>
      <trkpt lat="46.77717" lon="8.09885">
        <ele>1840.83</ele>
        <time>2026-05-04T02:21:11.0100000+00:00</time>
      </trkpt>
      <trkpt lat="46.77715" lon="8.09885">
        <ele>1840.24</ele>
        <time>2026-05-04T02:21:13.8360000+00:00</time>
      </trkpt>
      <trkpt lat="46.77711" lon="8.09885">
        <ele>1839.05</ele>
        <time>2026-05-04T02:21:19.4910000+00:00</time>
      </trkpt>
      <trkpt lat="46.77707" lon="8.09885">
        <ele>1837.86</ele>
        <time>2026-05-04T02:21:25.1470000+00:00</time>
      </trkpt>
      <trkpt lat="46.77705" lon="8.09885">
        <ele>1837.27</ele>
        <time>2026-05-04T02:21:27.9780000+00:00</time>
      </trkpt>
      <trkpt lat="46.77702" lon="8.09887">
        <ele>1836.88</ele>
        <time>2026-05-04T02:21:32.6410000+00:00</time>
      </trkpt>
      <trkpt lat="46.777" lon="8.09887">
        <ele>1836.3</ele>
        <time>2026-05-04T02:21:35.4670000+00:00</time>
      </trkpt>
      <trkpt lat="46.77697" lon="8.09888">
        <ele>1835.71</ele>
        <time>2026-05-04T02:21:39.8200000+00:00</time>
      </trkpt>
      <trkpt lat="46.77694" lon="8.09888">
        <ele>1834.86</ele>
        <time>2026-05-04T02:21:44.0630000+00:00</time>
      </trkpt>
      <trkpt lat="46.7769" lon="8.0989">
        <ele>1834.33</ele>
        <time>2026-05-04T02:21:50.0410000+00:00</time>
      </trkpt>
      <trkpt lat="46.77688" lon="8.09892">
        <ele>1834.41</ele>
        <time>2026-05-04T02:21:53.4680000+00:00</time>
      </trkpt>
      <trkpt lat="46.77687" lon="8.09895">
        <ele>1835.09</ele>
        <time>2026-05-04T02:21:56.6990000+00:00</time>
      </trkpt>
      <trkpt lat="46.77686" lon="8.09903">
        <ele>1837.41</ele>
        <time>2026-05-04T02:22:04.5730000+00:00</time>
      </trkpt>
      <trkpt lat="46.77683" lon="8.09909">
        <ele>1838.44</ele>
        <time>2026-05-04T02:22:11.7660000+00:00</time>
      </trkpt>
      <trkpt lat="46.77681" lon="8.09912">
        <ele>1838.55</ele>
        <time>2026-05-04T02:22:15.8210000+00:00</time>
      </trkpt>
      <trkpt lat="46.77676" lon="8.09914">
        <ele>1837.53</ele>
        <time>2026-05-04T02:22:23.1520000+00:00</time>
      </trkpt>
      <trkpt lat="46.77673" lon="8.09916">
        <ele>1837.13</ele>
        <time>2026-05-04T02:22:27.8150000+00:00</time>
      </trkpt>
      <trkpt lat="46.7767" lon="8.09919">
        <ele>1837.01</ele>
        <time>2026-05-04T02:22:32.9570000+00:00</time>
      </trkpt>
      <trkpt lat="46.77668" lon="8.09921">
        <ele>1836.95</ele>
        <time>2026-05-04T02:22:36.3850000+00:00</time>
      </trkpt>
      <trkpt lat="46.77667" lon="8.0993">
        <ele>1839.05</ele>
        <time>2026-05-04T02:22:45.2130000+00:00</time>
      </trkpt>
      <trkpt lat="46.77664" lon="8.09935">
        <ele>1839.56</ele>
        <time>2026-05-04T02:22:51.6510000+00:00</time>
      </trkpt>
      <trkpt lat="46.77661" lon="8.09938">
        <ele>1839.57</ele>
        <time>2026-05-04T02:22:56.7930000+00:00</time>
      </trkpt>
      <trkpt lat="46.77654" lon="8.09944">
        <ele>1839.39</ele>
        <time>2026-05-04T02:23:08.2710000+00:00</time>
      </trkpt>
      <trkpt lat="46.77652" lon="8.09945">
        <ele>1839.16</ele>
        <time>2026-05-04T02:23:11.2580000+00:00</time>
      </trkpt>
      <trkpt lat="46.77645" lon="8.09948">
        <ele>1838.24</ele>
        <time>2026-05-04T02:23:21.5730000+00:00</time>
      </trkpt>
      <trkpt lat="46.77637" lon="8.09951">
        <ele>1837.12</ele>
        <time>2026-05-04T02:23:33.2530000+00:00</time>
      </trkpt>
      <trkpt lat="46.77631" lon="8.09953">
        <ele>1836.26</ele>
        <time>2026-05-04T02:23:41.9550000+00:00</time>
      </trkpt>
      <trkpt lat="46.77628" lon="8.09956">
        <ele>1836.48</ele>
        <time>2026-05-04T02:23:47.0970000+00:00</time>
      </trkpt>
      <trkpt lat="46.77627" lon="8.09956">
        <ele>1836.24</ele>
        <time>2026-05-04T02:23:48.5100000+00:00</time>
      </trkpt>
      <trkpt lat="46.77624" lon="8.09956">
        <ele>1835.51</ele>
        <time>2026-05-04T02:23:52.7510000+00:00</time>
      </trkpt>
      <trkpt lat="46.77622" lon="8.09962">
        <ele>1837.01</ele>
        <time>2026-05-04T02:23:59.2130000+00:00</time>
      </trkpt>
      <trkpt lat="46.77621" lon="8.09962">
        <ele>1836.77</ele>
        <time>2026-05-04T02:24:00.6310000+00:00</time>
      </trkpt>
      <trkpt lat="46.77618" lon="8.09961">
        <ele>1835.73</ele>
        <time>2026-05-04T02:24:04.9840000+00:00</time>
      </trkpt>
      <trkpt lat="46.77611" lon="8.09955">
        <ele>1831.99</ele>
        <time>2026-05-04T02:24:16.4610000+00:00</time>
      </trkpt>
      <trkpt lat="46.77604" lon="8.09953">
        <ele>1829.56</ele>
        <time>2026-05-04T02:24:26.5470000+00:00</time>
      </trkpt>
      <trkpt lat="46.77601" lon="8.09953">
        <ele>1828.77</ele>
        <time>2026-05-04T02:24:30.7910000+00:00</time>
      </trkpt>
      <trkpt lat="46.77597" lon="8.09955">
        <ele>1828.34</ele>
        <time>2026-05-04T02:24:36.7690000+00:00</time>
      </trkpt>
      <trkpt lat="46.77595" lon="8.09956">
        <ele>1828.13</ele>
        <time>2026-05-04T02:24:39.7580000+00:00</time>
      </trkpt>
      <trkpt lat="46.77592" lon="8.09955">
        <ele>1826.88</ele>
        <time>2026-05-04T02:24:44.1080000+00:00</time>
      </trkpt>
      <trkpt lat="46.77589" lon="8.09953">
        <ele>1825.24</ele>
        <time>2026-05-04T02:24:48.7710000+00:00</time>
      </trkpt>
      <trkpt lat="46.77587" lon="8.09952">
        <ele>1824.26</ele>
        <time>2026-05-04T02:24:51.7600000+00:00</time>
      </trkpt>
      <trkpt lat="46.77586" lon="8.09954">
        <ele>1824.75</ele>
        <time>2026-05-04T02:24:54.1630000+00:00</time>
      </trkpt>
      <trkpt lat="46.77585" lon="8.09958">
        <ele>1826.04</ele>
        <time>2026-05-04T02:24:58.2890000+00:00</time>
      </trkpt>
      <trkpt lat="46.77584" lon="8.0996">
        <ele>1826.55</ele>
        <time>2026-05-04T02:25:00.6850000+00:00</time>
      </trkpt>
      <trkpt lat="46.77582" lon="8.0996">
        <ele>1825.99</ele>
        <time>2026-05-04T02:25:03.5140000+00:00</time>
      </trkpt>
      <trkpt lat="46.77578" lon="8.09955">
        <ele>1822.82</ele>
        <time>2026-05-04T02:25:10.9600000+00:00</time>
      </trkpt>
      <trkpt lat="46.77576" lon="8.09952">
        <ele>1821</ele>
        <time>2026-05-04T02:25:15.0140000+00:00</time>
      </trkpt>
      <trkpt lat="46.77574" lon="8.0995">
        <ele>1819.58</ele>
        <time>2026-05-04T02:25:18.4420000+00:00</time>
      </trkpt>
      <trkpt lat="46.77572" lon="8.0995">
        <ele>1818.98</ele>
        <time>2026-05-04T02:25:21.2680000+00:00</time>
      </trkpt>
      <trkpt lat="46.77571" lon="8.0995">
        <ele>1818.68</ele>
        <time>2026-05-04T02:25:22.6760000+00:00</time>
      </trkpt>
      <trkpt lat="46.77568" lon="8.09954">
        <ele>1819.49</ele>
        <time>2026-05-04T02:25:28.4200000+00:00</time>
      </trkpt>
      <trkpt lat="46.77565" lon="8.09957">
        <ele>1819.92</ele>
        <time>2026-05-04T02:25:33.5620000+00:00</time>
      </trkpt>
      <trkpt lat="46.77564" lon="8.09959">
        <ele>1820.51</ele>
        <time>2026-05-04T02:25:35.9580000+00:00</time>
      </trkpt>
      <trkpt lat="46.77562" lon="8.09958">
        <ele>1819.5</ele>
        <time>2026-05-04T02:25:38.9470000+00:00</time>
      </trkpt>
      <trkpt lat="46.77561" lon="8.09954">
        <ele>1817.44</ele>
        <time>2026-05-04T02:25:43.0700000+00:00</time>
      </trkpt>
      <trkpt lat="46.77559" lon="8.09952">
        <ele>1815.97</ele>
        <time>2026-05-04T02:25:46.4970000+00:00</time>
      </trkpt>
      <trkpt lat="46.77558" lon="8.09952">
        <ele>1815.67</ele>
        <time>2026-05-04T02:25:47.9150000+00:00</time>
      </trkpt>
      <trkpt lat="46.77555" lon="8.09954">
        <ele>1815.69</ele>
        <time>2026-05-04T02:25:52.5800000+00:00</time>
      </trkpt>
      <trkpt lat="46.77554" lon="8.09956">
        <ele>1816.31</ele>
        <time>2026-05-04T02:25:54.9760000+00:00</time>
      </trkpt>
      <trkpt lat="46.77553" lon="8.09956">
        <ele>1816.02</ele>
        <time>2026-05-04T02:25:56.3840000+00:00</time>
      </trkpt>
      <trkpt lat="46.7755" lon="8.09952">
        <ele>1813.3</ele>
        <time>2026-05-04T02:26:02.1290000+00:00</time>
      </trkpt>
      <trkpt lat="46.77548" lon="8.09948">
        <ele>1810.83</ele>
        <time>2026-05-04T02:26:06.9240000+00:00</time>
      </trkpt>
      <trkpt lat="46.77543" lon="8.09939">
        <ele>1804.99</ele>
        <time>2026-05-04T02:26:18.1470000+00:00</time>
      </trkpt>
      <trkpt lat="46.77542" lon="8.09937">
        <ele>1803.71</ele>
        <time>2026-05-04T02:26:20.5440000+00:00</time>
      </trkpt>
      <trkpt lat="46.7754" lon="8.09936">
        <ele>1802.57</ele>
        <time>2026-05-04T02:26:23.5350000+00:00</time>
      </trkpt>
      <trkpt lat="46.77537" lon="8.09935">
        <ele>1801.09</ele>
        <time>2026-05-04T02:26:27.8880000+00:00</time>
      </trkpt>
      <trkpt lat="46.77533" lon="8.09933">
        <ele>1798.77</ele>
        <time>2026-05-04T02:26:33.8660000+00:00</time>
      </trkpt>
      <trkpt lat="46.7753" lon="8.09931">
        <ele>1796.75</ele>
        <time>2026-05-04T02:26:38.5290000+00:00</time>
      </trkpt>
      <trkpt lat="46.77528" lon="8.09929">
        <ele>1795.06</ele>
        <time>2026-05-04T02:26:41.9570000+00:00</time>
      </trkpt>
      <trkpt lat="46.77526" lon="8.09927">
        <ele>1793.34</ele>
        <time>2026-05-04T02:26:45.3840000+00:00</time>
      </trkpt>
      <trkpt lat="46.77523" lon="8.09926">
        <ele>1791.78</ele>
        <time>2026-05-04T02:26:49.7350000+00:00</time>
      </trkpt>
      <trkpt lat="46.77519" lon="8.09928">
        <ele>1791.44</ele>
        <time>2026-05-04T02:26:55.7130000+00:00</time>
      </trkpt>
      <trkpt lat="46.775149999999996" lon="8.09932">
        <ele>1793.27</ele>
        <time>2026-05-04T02:27:02.5680000+00:00</time>
      </trkpt>
      <trkpt lat="46.77513" lon="8.09934">
        <ele>1794.24</ele>
        <time>2026-05-04T02:27:05.9950000+00:00</time>
      </trkpt>
      <trkpt lat="46.7751" lon="8.09934">
        <ele>1794.09</ele>
        <time>2026-05-04T02:27:10.2360000+00:00</time>
      </trkpt>
      <trkpt lat="46.77505" lon="8.09933">
        <ele>1793.3</ele>
        <time>2026-05-04T02:27:17.3720000+00:00</time>
      </trkpt>
      <trkpt lat="46.775" lon="8.09935">
        <ele>1794.13</ele>
        <time>2026-05-04T02:27:24.7030000+00:00</time>
      </trkpt>
      <trkpt lat="46.77494" lon="8.0994">
        <ele>1796.59</ele>
        <time>2026-05-04T02:27:34.4720000+00:00</time>
      </trkpt>
      <trkpt lat="46.77492" lon="8.09944">
        <ele>1798.7</ele>
        <time>2026-05-04T02:27:39.2680000+00:00</time>
      </trkpt>
      <trkpt lat="46.7749" lon="8.09949">
        <ele>1801.39</ele>
        <time>2026-05-04T02:27:44.8750000+00:00</time>
      </trkpt>
      <trkpt lat="46.77489" lon="8.0995">
        <ele>1801.91</ele>
        <time>2026-05-04T02:27:46.5860000+00:00</time>
      </trkpt>
      <trkpt lat="46.77488" lon="8.0995">
        <ele>1801.87</ele>
        <time>2026-05-04T02:27:47.9940000+00:00</time>
      </trkpt>
      <trkpt lat="46.77484" lon="8.09947">
        <ele>1800.05</ele>
        <time>2026-05-04T02:27:54.3530000+00:00</time>
      </trkpt>
      <trkpt lat="46.77481" lon="8.09945">
        <ele>1798.81</ele>
        <time>2026-05-04T02:27:59.0160000+00:00</time>
      </trkpt>
      <trkpt lat="46.77478" lon="8.09943">
        <ele>1797.56</ele>
        <time>2026-05-04T02:28:03.6790000+00:00</time>
      </trkpt>
      <trkpt lat="46.77477" lon="8.0994">
        <ele>1795.83</ele>
        <time>2026-05-04T02:28:06.9100000+00:00</time>
      </trkpt>
      <trkpt lat="46.77476" lon="8.09937">
        <ele>1794.09</ele>
        <time>2026-05-04T02:28:10.1400000+00:00</time>
      </trkpt>
      <trkpt lat="46.77474" lon="8.09937">
        <ele>1793.99</ele>
        <time>2026-05-04T02:28:12.9690000+00:00</time>
      </trkpt>
      <trkpt lat="46.7747" lon="8.09938">
        <ele>1794.37</ele>
        <time>2026-05-04T02:28:18.7080000+00:00</time>
      </trkpt>
      <trkpt lat="46.77465" lon="8.09941">
        <ele>1795.87</ele>
        <time>2026-05-04T02:28:26.3530000+00:00</time>
      </trkpt>
      <trkpt lat="46.7746" lon="8.09945">
        <ele>1797.96</ele>
        <time>2026-05-04T02:28:34.4130000+00:00</time>
      </trkpt>
      <trkpt lat="46.77457" lon="8.09949">
        <ele>1800.17</ele>
        <time>2026-05-04T02:28:40.1580000+00:00</time>
      </trkpt>
      <trkpt lat="46.77454" lon="8.09951">
        <ele>1801.23</ele>
        <time>2026-05-04T02:28:44.8210000+00:00</time>
      </trkpt>
      <trkpt lat="46.77451" lon="8.09951">
        <ele>1801.12</ele>
        <time>2026-05-04T02:28:49.0640000+00:00</time>
      </trkpt>
      <trkpt lat="46.77448" lon="8.09951">
        <ele>1801.02</ele>
        <time>2026-05-04T02:28:53.3080000+00:00</time>
      </trkpt>
      <trkpt lat="46.77445" lon="8.0995">
        <ele>1800.32</ele>
        <time>2026-05-04T02:28:57.6610000+00:00</time>
      </trkpt>
      <trkpt lat="46.77443" lon="8.09948">
        <ele>1799.06</ele>
        <time>2026-05-04T02:29:01.0880000+00:00</time>
      </trkpt>
      <trkpt lat="46.7744" lon="8.09946">
        <ele>1797.75</ele>
        <time>2026-05-04T02:29:05.7510000+00:00</time>
      </trkpt>
      <trkpt lat="46.77437" lon="8.09942">
        <ele>1795.24</ele>
        <time>2026-05-04T02:29:11.4960000+00:00</time>
      </trkpt>
      <trkpt lat="46.77436" lon="8.0994">
        <ele>1793.99</ele>
        <time>2026-05-04T02:29:13.8950000+00:00</time>
      </trkpt>
      <trkpt lat="46.77435" lon="8.0994">
        <ele>1793.87</ele>
        <time>2026-05-04T02:29:15.3030000+00:00</time>
      </trkpt>
      <trkpt lat="46.77435" lon="8.0994">
        <ele>1793.87</ele>
        <time>2026-05-04T02:29:15.3030000+00:00</time>
      </trkpt>
      <trkpt lat="46.77434" lon="8.09941">
        <ele>1794.24</ele>
        <time>2026-05-04T02:29:17.0190000+00:00</time>
      </trkpt>
      <trkpt lat="46.77429" lon="8.09946">
        <ele>1796.11</ele>
        <time>2026-05-04T02:29:25.5880000+00:00</time>
      </trkpt>
      <trkpt lat="46.77426" lon="8.0995">
        <ele>1797.81</ele>
        <time>2026-05-04T02:29:31.3330000+00:00</time>
      </trkpt>
      <trkpt lat="46.77425" lon="8.09951">
        <ele>1798.18</ele>
        <time>2026-05-04T02:29:33.0490000+00:00</time>
      </trkpt>
      <trkpt lat="46.77424" lon="8.09952">
        <ele>1798.55</ele>
        <time>2026-05-04T02:29:34.7650000+00:00</time>
      </trkpt>
      <trkpt lat="46.77423" lon="8.09952">
        <ele>1798.32</ele>
        <time>2026-05-04T02:29:36.1830000+00:00</time>
      </trkpt>
      <trkpt lat="46.77422" lon="8.0995">
        <ele>1796.9</ele>
        <time>2026-05-04T02:29:38.5800000+00:00</time>
      </trkpt>
      <trkpt lat="46.77419" lon="8.09948">
        <ele>1795.04</ele>
        <time>2026-05-04T02:29:43.2430000+00:00</time>
      </trkpt>
      <trkpt lat="46.77418" lon="8.09946">
        <ele>1793.63</ele>
        <time>2026-05-04T02:29:45.6390000+00:00</time>
      </trkpt>
      <trkpt lat="46.77417" lon="8.09945">
        <ele>1792.81</ele>
        <time>2026-05-04T02:29:47.3550000+00:00</time>
      </trkpt>
      <trkpt lat="46.77416" lon="8.09945">
        <ele>1792.59</ele>
        <time>2026-05-04T02:29:48.7630000+00:00</time>
      </trkpt>
      <trkpt lat="46.77415" lon="8.09945">
        <ele>1792.36</ele>
        <time>2026-05-04T02:29:50.1760000+00:00</time>
      </trkpt>
      <trkpt lat="46.77414" lon="8.09946">
        <ele>1792.72</ele>
        <time>2026-05-04T02:29:51.8920000+00:00</time>
      </trkpt>
      <trkpt lat="46.77413" lon="8.09946">
        <ele>1792.5</ele>
        <time>2026-05-04T02:29:53.3100000+00:00</time>
      </trkpt>
      <trkpt lat="46.77412" lon="8.09947">
        <ele>1792.86</ele>
        <time>2026-05-04T02:29:55.0260000+00:00</time>
      </trkpt>
      <trkpt lat="46.77412" lon="8.09945">
        <ele>1791.69</ele>
        <time>2026-05-04T02:29:56.9650000+00:00</time>
      </trkpt>
      <trkpt lat="46.7741" lon="8.09942">
        <ele>1789.48</ele>
        <time>2026-05-04T02:30:01.0200000+00:00</time>
      </trkpt>
      <trkpt lat="46.77409" lon="8.09938">
        <ele>1786.91</ele>
        <time>2026-05-04T02:30:05.1420000+00:00</time>
      </trkpt>
      <trkpt lat="46.77407" lon="8.09936">
        <ele>1785.3</ele>
        <time>2026-05-04T02:30:08.5690000+00:00</time>
      </trkpt>
      <trkpt lat="46.77406" lon="8.09934">
        <ele>1783.91</ele>
        <time>2026-05-04T02:30:10.9660000+00:00</time>
      </trkpt>
      <trkpt lat="46.77406" lon="8.09934">
        <ele>1783.91</ele>
        <time>2026-05-04T02:30:10.9660000+00:00</time>
      </trkpt>
      <trkpt lat="46.77404" lon="8.09935">
        <ele>1784.06</ele>
        <time>2026-05-04T02:30:13.9520000+00:00</time>
      </trkpt>
      <trkpt lat="46.77402" lon="8.09936">
        <ele>1784.2</ele>
        <time>2026-05-04T02:30:16.9390000+00:00</time>
      </trkpt>
      <trkpt lat="46.774" lon="8.09936">
        <ele>1783.76</ele>
        <time>2026-05-04T02:30:19.7650000+00:00</time>
      </trkpt>
      <trkpt lat="46.77399" lon="8.09936">
        <ele>1783.54</ele>
        <time>2026-05-04T02:30:21.1780000+00:00</time>
      </trkpt>
      <trkpt lat="46.77398" lon="8.09937">
        <ele>1783.9</ele>
        <time>2026-05-04T02:30:22.8940000+00:00</time>
      </trkpt>
      <trkpt lat="46.77396" lon="8.0994">
        <ele>1785.19</ele>
        <time>2026-05-04T02:30:26.9490000+00:00</time>
      </trkpt>
      <trkpt lat="46.77394" lon="8.09944">
        <ele>1787.05</ele>
        <time>2026-05-04T02:30:31.7440000+00:00</time>
      </trkpt>
      <trkpt lat="46.77392" lon="8.09947">
        <ele>1788.33</ele>
        <time>2026-05-04T02:30:35.7990000+00:00</time>
      </trkpt>
      <trkpt lat="46.77391" lon="8.09948">
        <ele>1788.68</ele>
        <time>2026-05-04T02:30:37.5150000+00:00</time>
      </trkpt>
      <trkpt lat="46.7739" lon="8.09948">
        <ele>1788.45</ele>
        <time>2026-05-04T02:30:38.9280000+00:00</time>
      </trkpt>
      <trkpt lat="46.77389" lon="8.09945">
        <ele>1786.5</ele>
        <time>2026-05-04T02:30:42.1580000+00:00</time>
      </trkpt>
      <trkpt lat="46.77386" lon="8.09938">
        <ele>1781.82</ele>
        <time>2026-05-04T02:30:50.1550000+00:00</time>
      </trkpt>
      <trkpt lat="46.77384" lon="8.09934">
        <ele>1779.1</ele>
        <time>2026-05-04T02:30:54.9510000+00:00</time>
      </trkpt>
      <trkpt lat="46.77382" lon="8.0993">
        <ele>1776.38</ele>
        <time>2026-05-04T02:30:59.7470000+00:00</time>
      </trkpt>
      <trkpt lat="46.77382" lon="8.09927">
        <ele>1774.67</ele>
        <time>2026-05-04T02:31:02.6540000+00:00</time>
      </trkpt>
      <trkpt lat="46.77381" lon="8.09923">
        <ele>1772.18</ele>
        <time>2026-05-04T02:31:06.7770000+00:00</time>
      </trkpt>
      <trkpt lat="46.77379" lon="8.0992">
        <ele>1770.05</ele>
        <time>2026-05-04T02:31:10.8310000+00:00</time>
      </trkpt>
      <trkpt lat="46.77377" lon="8.09916">
        <ele>1767.36</ele>
        <time>2026-05-04T02:31:15.6270000+00:00</time>
      </trkpt>
      <trkpt lat="46.77375" lon="8.09913">
        <ele>1765.25</ele>
        <time>2026-05-04T02:31:19.6840000+00:00</time>
      </trkpt>
      <trkpt lat="46.77373" lon="8.09911">
        <ele>1763.71</ele>
        <time>2026-05-04T02:31:23.1110000+00:00</time>
      </trkpt>
      <trkpt lat="46.7737" lon="8.09909">
        <ele>1761.97</ele>
        <time>2026-05-04T02:31:27.7740000+00:00</time>
      </trkpt>
      <trkpt lat="46.77367" lon="8.09904">
        <ele>1758.94</ele>
        <time>2026-05-04T02:31:34.2120000+00:00</time>
      </trkpt>
      <trkpt lat="46.77364" lon="8.09902">
        <ele>1757.41</ele>
        <time>2026-05-04T02:31:38.8770000+00:00</time>
      </trkpt>
      <trkpt lat="46.77362" lon="8.09901">
        <ele>1756.54</ele>
        <time>2026-05-04T02:31:41.8640000+00:00</time>
      </trkpt>
      <trkpt lat="46.7736" lon="8.09902">
        <ele>1756.62</ele>
        <time>2026-05-04T02:31:44.8530000+00:00</time>
      </trkpt>
      <trkpt lat="46.77359" lon="8.09902">
        <ele>1756.42</ele>
        <time>2026-05-04T02:31:46.2710000+00:00</time>
      </trkpt>
      <trkpt lat="46.77358" lon="8.09901">
        <ele>1755.76</ele>
        <time>2026-05-04T02:31:47.9870000+00:00</time>
      </trkpt>
      <trkpt lat="46.77357" lon="8.099">
        <ele>1755.1</ele>
        <time>2026-05-04T02:31:49.7030000+00:00</time>
      </trkpt>
      <trkpt lat="46.77357" lon="8.09898">
        <ele>1754.18</ele>
        <time>2026-05-04T02:31:51.6420000+00:00</time>
      </trkpt>
      <trkpt lat="46.77354" lon="8.09897">
        <ele>1753.14</ele>
        <time>2026-05-04T02:31:55.9950000+00:00</time>
      </trkpt>
      <trkpt lat="46.77351" lon="8.09896">
        <ele>1752.58</ele>
        <time>2026-05-04T02:32:00.3480000+00:00</time>
      </trkpt>
      <trkpt lat="46.77347" lon="8.09898">
        <ele>1754.3</ele>
        <time>2026-05-04T02:32:06.3280000+00:00</time>
      </trkpt>
      <trkpt lat="46.77346" lon="8.09898">
        <ele>1754.5</ele>
        <time>2026-05-04T02:32:07.7460000+00:00</time>
      </trkpt>
      <trkpt lat="46.77344" lon="8.09897">
        <ele>1754.44</ele>
        <time>2026-05-04T02:32:10.7380000+00:00</time>
      </trkpt>
      <trkpt lat="46.7734" lon="8.09893">
        <ele>1753.41</ele>
        <time>2026-05-04T02:32:17.5930000+00:00</time>
      </trkpt>
      <trkpt lat="46.77336" lon="8.09889">
        <ele>1752.36</ele>
        <time>2026-05-04T02:32:24.4470000+00:00</time>
      </trkpt>
      <trkpt lat="46.77334" lon="8.09884">
        <ele>1750.45</ele>
        <time>2026-05-04T02:32:30.0560000+00:00</time>
      </trkpt>
      <trkpt lat="46.77333" lon="8.09882">
        <ele>1749.72</ele>
        <time>2026-05-04T02:32:32.4520000+00:00</time>
      </trkpt>
      <trkpt lat="46.77327" lon="8.09873">
        <ele>1746.73</ele>
        <time>2026-05-04T02:32:44.6150000+00:00</time>
      </trkpt>
      <trkpt lat="46.7732" lon="8.09868">
        <ele>1745.76</ele>
        <time>2026-05-04T02:32:55.6350000+00:00</time>
      </trkpt>
      <trkpt lat="46.77318" lon="8.09865">
        <ele>1744.74</ele>
        <time>2026-05-04T02:32:59.6890000+00:00</time>
      </trkpt>
      <trkpt lat="46.77315" lon="8.09862">
        <ele>1743.92</ele>
        <time>2026-05-04T02:33:04.8310000+00:00</time>
      </trkpt>
      <trkpt lat="46.77312" lon="8.09861">
        <ele>1744.02</ele>
        <time>2026-05-04T02:33:09.1810000+00:00</time>
      </trkpt>
      <trkpt lat="46.77309" lon="8.09862">
        <ele>1745.06</ele>
        <time>2026-05-04T02:33:13.5330000+00:00</time>
      </trkpt>
      <trkpt lat="46.7731" lon="8.09872">
        <ele>1749.56</ele>
        <time>2026-05-04T02:33:23.3200000+00:00</time>
      </trkpt>
      <trkpt lat="46.77311" lon="8.09885">
        <ele>1755.45</ele>
        <time>2026-05-04T02:33:35.9890000+00:00</time>
      </trkpt>
      <trkpt lat="46.7731" lon="8.09893">
        <ele>1759.4</ele>
        <time>2026-05-04T02:33:43.8650000+00:00</time>
      </trkpt>
      <trkpt lat="46.77309" lon="8.099">
        <ele>1762.88</ele>
        <time>2026-05-04T02:33:50.7900000+00:00</time>
      </trkpt>
      <trkpt lat="46.77307" lon="8.09906">
        <ele>1766.1</ele>
        <time>2026-05-04T02:33:57.2530000+00:00</time>
      </trkpt>
      <trkpt lat="46.77304" lon="8.0991">
        <ele>1768.6</ele>
        <time>2026-05-04T02:34:02.9980000+00:00</time>
      </trkpt>
      <trkpt lat="46.773" lon="8.09913">
        <ele>1770.81</ele>
        <time>2026-05-04T02:34:09.3580000+00:00</time>
      </trkpt>
      <trkpt lat="46.77298" lon="8.0992">
        <ele>1774.47</ele>
        <time>2026-05-04T02:34:16.7030000+00:00</time>
      </trkpt>
      <trkpt lat="46.77295" lon="8.09925">
        <ele>1777.34</ele>
        <time>2026-05-04T02:34:23.1420000+00:00</time>
      </trkpt>
      <trkpt lat="46.77293" lon="8.09929">
        <ele>1779.53</ele>
        <time>2026-05-04T02:34:27.9370000+00:00</time>
      </trkpt>
      <trkpt lat="46.77291" lon="8.09932">
        <ele>1781.24</ele>
        <time>2026-05-04T02:34:31.9920000+00:00</time>
      </trkpt>
      <trkpt lat="46.77288" lon="8.09936">
        <ele>1783.54</ele>
        <time>2026-05-04T02:34:37.7360000+00:00</time>
      </trkpt>
      <trkpt lat="46.77286" lon="8.09937">
        <ele>1784.31</ele>
        <time>2026-05-04T02:34:40.7250000+00:00</time>
      </trkpt>
      <trkpt lat="46.77284" lon="8.0994">
        <ele>1785.96</ele>
        <time>2026-05-04T02:34:44.7800000+00:00</time>
      </trkpt>
      <trkpt lat="46.77281" lon="8.0994">
        <ele>1786.42</ele>
        <time>2026-05-04T02:34:49.0230000+00:00</time>
      </trkpt>
      <trkpt lat="46.77277" lon="8.09941">
        <ele>1787.47</ele>
        <time>2026-05-04T02:34:54.7610000+00:00</time>
      </trkpt>
      <trkpt lat="46.77274" lon="8.09941">
        <ele>1787.93</ele>
        <time>2026-05-04T02:34:59.0020000+00:00</time>
      </trkpt>
      <trkpt lat="46.77269" lon="8.09942">
        <ele>1789.11</ele>
        <time>2026-05-04T02:35:06.1380000+00:00</time>
      </trkpt>
      <trkpt lat="46.77265" lon="8.09946">
        <ele>1788.94</ele>
        <time>2026-05-04T02:35:12.9930000+00:00</time>
      </trkpt>
      <trkpt lat="46.7726" lon="8.09948">
        <ele>1787.44</ele>
        <time>2026-05-04T02:35:20.3220000+00:00</time>
      </trkpt>
      <trkpt lat="46.77258" lon="8.09946">
        <ele>1785.64</ele>
        <time>2026-05-04T02:35:23.7490000+00:00</time>
      </trkpt>
      <trkpt lat="46.77252" lon="8.09942">
        <ele>1781.07</ele>
        <time>2026-05-04T02:35:33.0770000+00:00</time>
      </trkpt>
      <trkpt lat="46.77247" lon="8.09939">
        <ele>1777.37</ele>
        <time>2026-05-04T02:35:40.7220000+00:00</time>
      </trkpt>
      <trkpt lat="46.77242" lon="8.09938">
        <ele>1774.54</ele>
        <time>2026-05-04T02:35:47.8590000+00:00</time>
      </trkpt>
      <trkpt lat="46.77236" lon="8.09937">
        <ele>1771.22</ele>
        <time>2026-05-04T02:35:56.3990000+00:00</time>
      </trkpt>
      <trkpt lat="46.77232" lon="8.09937">
        <ele>1769.3</ele>
        <time>2026-05-04T02:36:02.0550000+00:00</time>
      </trkpt>
      <trkpt lat="46.77227" lon="8.09938">
        <ele>1767.36</ele>
        <time>2026-05-04T02:36:09.1910000+00:00</time>
      </trkpt>
      <trkpt lat="46.77224" lon="8.09937">
        <ele>1765.46</ele>
        <time>2026-05-04T02:36:13.5420000+00:00</time>
      </trkpt>
      <trkpt lat="46.77222" lon="8.09937">
        <ele>1764.5</ele>
        <time>2026-05-04T02:36:16.3710000+00:00</time>
      </trkpt>
      <trkpt lat="46.77219" lon="8.09938">
        <ele>1763.53</ele>
        <time>2026-05-04T02:36:20.7200000+00:00</time>
      </trkpt>
      <trkpt lat="46.77212" lon="8.0994">
        <ele>1761.11</ele>
        <time>2026-05-04T02:36:30.8070000+00:00</time>
      </trkpt>
      <trkpt lat="46.77206" lon="8.09943">
        <ele>1759.67</ele>
        <time>2026-05-04T02:36:39.7740000+00:00</time>
      </trkpt>
      <trkpt lat="46.772" lon="8.09946">
        <ele>1758.27</ele>
        <time>2026-05-04T02:36:48.7420000+00:00</time>
      </trkpt>
      <trkpt lat="46.77198" lon="8.09948">
        <ele>1758.29</ele>
        <time>2026-05-04T02:36:52.1700000+00:00</time>
      </trkpt>
      <trkpt lat="46.77196" lon="8.09952">
        <ele>1759.28</ele>
        <time>2026-05-04T02:36:56.9650000+00:00</time>
      </trkpt>
      <trkpt lat="46.77194" lon="8.09954">
        <ele>1759.32</ele>
        <time>2026-05-04T02:37:00.3930000+00:00</time>
      </trkpt>
      <trkpt lat="46.77192" lon="8.09955">
        <ele>1758.88</ele>
        <time>2026-05-04T02:37:03.3820000+00:00</time>
      </trkpt>
      <trkpt lat="46.77189" lon="8.09956">
        <ele>1757.97</ele>
        <time>2026-05-04T02:37:07.7350000+00:00</time>
      </trkpt>
      <trkpt lat="46.77187" lon="8.09957">
        <ele>1757.54</ele>
        <time>2026-05-04T02:37:10.7240000+00:00</time>
      </trkpt>
      <trkpt lat="46.77183" lon="8.09961">
        <ele>1757.56</ele>
        <time>2026-05-04T02:37:17.5800000+00:00</time>
      </trkpt>
      <trkpt lat="46.77179" lon="8.09965">
        <ele>1757.48</ele>
        <time>2026-05-04T02:37:24.4350000+00:00</time>
      </trkpt>
      <trkpt lat="46.77178" lon="8.09967">
        <ele>1757.94</ele>
        <time>2026-05-04T02:37:26.8310000+00:00</time>
      </trkpt>
      <trkpt lat="46.77172" lon="8.09972">
        <ele>1757.22</ele>
        <time>2026-05-04T02:37:36.5990000+00:00</time>
      </trkpt>
      <trkpt lat="46.7717" lon="8.09975">
        <ele>1757.58</ele>
        <time>2026-05-04T02:37:40.6540000+00:00</time>
      </trkpt>
      <trkpt lat="46.77167" lon="8.09979">
        <ele>1757.85</ele>
        <time>2026-05-04T02:37:46.3980000+00:00</time>
      </trkpt>
      <trkpt lat="46.77163" lon="8.09983">
        <ele>1757.54</ele>
        <time>2026-05-04T02:37:53.2530000+00:00</time>
      </trkpt>
      <trkpt lat="46.77161" lon="8.09985">
        <ele>1757.36</ele>
        <time>2026-05-04T02:37:56.6830000+00:00</time>
      </trkpt>
      <trkpt lat="46.77159" lon="8.09988">
        <ele>1757.62</ele>
        <time>2026-05-04T02:38:00.7370000+00:00</time>
      </trkpt>
      <trkpt lat="46.77158" lon="8.09991">
        <ele>1758.41</ele>
        <time>2026-05-04T02:38:03.9680000+00:00</time>
      </trkpt>
      <trkpt lat="46.77155" lon="8.09994">
        <ele>1757.58</ele>
        <time>2026-05-04T02:38:09.1080000+00:00</time>
      </trkpt>
      <trkpt lat="46.77151" lon="8.10002">
        <ele>1757.13</ele>
        <time>2026-05-04T02:38:18.7000000+00:00</time>
      </trkpt>
      <trkpt lat="46.77151" lon="8.10005">
        <ele>1757.79</ele>
        <time>2026-05-04T02:38:21.6070000+00:00</time>
      </trkpt>
      <trkpt lat="46.77151" lon="8.10006">
        <ele>1758.01</ele>
        <time>2026-05-04T02:38:22.5730000+00:00</time>
      </trkpt>
      <trkpt lat="46.77151" lon="8.10008">
        <ele>1758.45</ele>
        <time>2026-05-04T02:38:24.5120000+00:00</time>
      </trkpt>
      <trkpt lat="46.77153" lon="8.10011">
        <ele>1760.28</ele>
        <time>2026-05-04T02:38:28.5670000+00:00</time>
      </trkpt>
      <trkpt lat="46.77155" lon="8.10015">
        <ele>1762.36</ele>
        <time>2026-05-04T02:38:33.3620000+00:00</time>
      </trkpt>
      <trkpt lat="46.77156" lon="8.10021">
        <ele>1764.32</ele>
        <time>2026-05-04T02:38:39.3430000+00:00</time>
      </trkpt>
      <trkpt lat="46.77157" lon="8.10024">
        <ele>1765.61</ele>
        <time>2026-05-04T02:38:42.5760000+00:00</time>
      </trkpt>
      <trkpt lat="46.77157" lon="8.10027">
        <ele>1766.31</ele>
        <time>2026-05-04T02:38:45.4830000+00:00</time>
      </trkpt>
      <trkpt lat="46.77157" lon="8.10029">
        <ele>1766.77</ele>
        <time>2026-05-04T02:38:47.4220000+00:00</time>
      </trkpt>
      <trkpt lat="46.77156" lon="8.1003">
        <ele>1766.39</ele>
        <time>2026-05-04T02:38:49.1380000+00:00</time>
      </trkpt>
      <trkpt lat="46.77155" lon="8.10031">
        <ele>1766</ele>
        <time>2026-05-04T02:38:50.8540000+00:00</time>
      </trkpt>
      <trkpt lat="46.77153" lon="8.10032">
        <ele>1764.99</ele>
        <time>2026-05-04T02:38:53.8430000+00:00</time>
      </trkpt>
      <trkpt lat="46.77148" lon="8.10034">
        <ele>1762.35</ele>
        <time>2026-05-04T02:39:01.1730000+00:00</time>
      </trkpt>
      <trkpt lat="46.77144" lon="8.10035">
        <ele>1760.08</ele>
        <time>2026-05-04T02:39:06.9130000+00:00</time>
      </trkpt>
      <trkpt lat="46.77142" lon="8.10036">
        <ele>1759.04</ele>
        <time>2026-05-04T02:39:09.9040000+00:00</time>
      </trkpt>
      <trkpt lat="46.77139" lon="8.10039">
        <ele>1757.78</ele>
        <time>2026-05-04T02:39:15.0460000+00:00</time>
      </trkpt>
      <trkpt lat="46.77137" lon="8.10044">
        <ele>1757.52</ele>
        <time>2026-05-04T02:39:20.6540000+00:00</time>
      </trkpt>
      <trkpt lat="46.77134" lon="8.10048">
        <ele>1756.39</ele>
        <time>2026-05-04T02:39:26.3990000+00:00</time>
      </trkpt>
      <trkpt lat="46.77133" lon="8.10052">
        <ele>1756.52</ele>
        <time>2026-05-04T02:39:30.5230000+00:00</time>
      </trkpt>
      <trkpt lat="46.77134" lon="8.10058">
        <ele>1758.33</ele>
        <time>2026-05-04T02:39:36.5030000+00:00</time>
      </trkpt>
      <trkpt lat="46.77136" lon="8.10063">
        <ele>1760.63</ele>
        <time>2026-05-04T02:39:42.1110000+00:00</time>
      </trkpt>
      <trkpt lat="46.77138" lon="8.1007">
        <ele>1763.37</ele>
        <time>2026-05-04T02:39:49.4570000+00:00</time>
      </trkpt>
      <trkpt lat="46.77139" lon="8.10082">
        <ele>1766.66</ele>
        <time>2026-05-04T02:40:01.1640000+00:00</time>
      </trkpt>
      <trkpt lat="46.77139" lon="8.10086">
        <ele>1767.58</ele>
        <time>2026-05-04T02:40:05.0390000+00:00</time>
      </trkpt>
      <trkpt lat="46.77139" lon="8.10087">
        <ele>1767.81</ele>
        <time>2026-05-04T02:40:06.0040000+00:00</time>
      </trkpt>
      <trkpt lat="46.77138" lon="8.10088">
        <ele>1767.34</ele>
        <time>2026-05-04T02:40:07.7160000+00:00</time>
      </trkpt>
      <trkpt lat="46.77136" lon="8.10089">
        <ele>1766.17</ele>
        <time>2026-05-04T02:40:10.7030000+00:00</time>
      </trkpt>
      <trkpt lat="46.77133" lon="8.10091">
        <ele>1764.52</ele>
        <time>2026-05-04T02:40:15.3660000+00:00</time>
      </trkpt>
      <trkpt lat="46.77131" lon="8.10093">
        <ele>1763.56</ele>
        <time>2026-05-04T02:40:18.7930000+00:00</time>
      </trkpt>
      <trkpt lat="46.77128" lon="8.10097">
        <ele>1762.32</ele>
        <time>2026-05-04T02:40:24.5380000+00:00</time>
      </trkpt>
      <trkpt lat="46.77125" lon="8.10101">
        <ele>1761.06</ele>
        <time>2026-05-04T02:40:30.2820000+00:00</time>
      </trkpt>
      <trkpt lat="46.77124" lon="8.10102">
        <ele>1760.57</ele>
        <time>2026-05-04T02:40:31.9980000+00:00</time>
      </trkpt>
      <trkpt lat="46.77124" lon="8.10104">
        <ele>1760.99</ele>
        <time>2026-05-04T02:40:33.9370000+00:00</time>
      </trkpt>
      <trkpt lat="46.77124" lon="8.10105">
        <ele>1761.21</ele>
        <time>2026-05-04T02:40:34.9030000+00:00</time>
      </trkpt>
      <trkpt lat="46.77125" lon="8.1011">
        <ele>1763</ele>
        <time>2026-05-04T02:40:39.9490000+00:00</time>
      </trkpt>
      <trkpt lat="46.77126" lon="8.10113">
        <ele>1764.37</ele>
        <time>2026-05-04T02:40:43.1790000+00:00</time>
      </trkpt>
      <trkpt lat="46.77125" lon="8.10118">
        <ele>1764.72</ele>
        <time>2026-05-04T02:40:48.2240000+00:00</time>
      </trkpt>
      <trkpt lat="46.77123" lon="8.10126">
        <ele>1764.97</ele>
        <time>2026-05-04T02:40:56.4720000+00:00</time>
      </trkpt>
      <trkpt lat="46.77121" lon="8.10127">
        <ele>1763.7</ele>
        <time>2026-05-04T02:40:59.4630000+00:00</time>
      </trkpt>
      <trkpt lat="46.77119" lon="8.10127">
        <ele>1762.23</ele>
        <time>2026-05-04T02:41:02.2920000+00:00</time>
      </trkpt>
      <trkpt lat="46.77109" lon="8.10128">
        <ele>1755.06</ele>
        <time>2026-05-04T02:41:16.4650000+00:00</time>
      </trkpt>
      <trkpt lat="46.77108" lon="8.1013">
        <ele>1754.71</ele>
        <time>2026-05-04T02:41:18.8620000+00:00</time>
      </trkpt>
      <trkpt lat="46.77106" lon="8.10142">
        <ele>1755.58</ele>
        <time>2026-05-04T02:41:30.8230000+00:00</time>
      </trkpt>
      <trkpt lat="46.77106" lon="8.10143">
        <ele>1755.78</ele>
        <time>2026-05-04T02:41:31.7890000+00:00</time>
      </trkpt>
      <trkpt lat="46.77102" lon="8.10144">
        <ele>1752.97</ele>
        <time>2026-05-04T02:41:37.5280000+00:00</time>
      </trkpt>
      <trkpt lat="46.77095" lon="8.10141">
        <ele>1747.35</ele>
        <time>2026-05-04T02:41:47.8440000+00:00</time>
      </trkpt>
      <trkpt lat="46.77091" lon="8.10143">
        <ele>1744.87</ele>
        <time>2026-05-04T02:41:53.8220000+00:00</time>
      </trkpt>
      <trkpt lat="46.77088" lon="8.10148">
        <ele>1743.72</ele>
        <time>2026-05-04T02:42:00.2590000+00:00</time>
      </trkpt>
      <trkpt lat="46.77083" lon="8.10152">
        <ele>1740.96</ele>
        <time>2026-05-04T02:42:08.3200000+00:00</time>
      </trkpt>
      <trkpt lat="46.7708" lon="8.10157">
        <ele>1739.87</ele>
        <time>2026-05-04T02:42:14.7580000+00:00</time>
      </trkpt>
      <trkpt lat="46.77076" lon="8.1016">
        <ele>1737.9</ele>
        <time>2026-05-04T02:42:21.1170000+00:00</time>
      </trkpt>
      <trkpt lat="46.77072" lon="8.10163">
        <ele>1736.08</ele>
        <time>2026-05-04T02:42:27.4750000+00:00</time>
      </trkpt>
      <trkpt lat="46.77067" lon="8.10168">
        <ele>1734.22</ele>
        <time>2026-05-04T02:42:36.0440000+00:00</time>
      </trkpt>
      <trkpt lat="46.77064" lon="8.1017">
        <ele>1732.76</ele>
        <time>2026-05-04T02:42:40.7070000+00:00</time>
      </trkpt>
      <trkpt lat="46.77062" lon="8.10171">
        <ele>1731.67</ele>
        <time>2026-05-04T02:42:43.6960000+00:00</time>
      </trkpt>
      <trkpt lat="46.77058" lon="8.10177">
        <ele>1730.83</ele>
        <time>2026-05-04T02:42:51.8060000+00:00</time>
      </trkpt>
      <trkpt lat="46.77055" lon="8.10179">
        <ele>1729.36</ele>
        <time>2026-05-04T02:42:56.4690000+00:00</time>
      </trkpt>
      <trkpt lat="46.77051" lon="8.10188">
        <ele>1729.5</ele>
        <time>2026-05-04T02:43:06.8600000+00:00</time>
      </trkpt>
      <trkpt lat="46.77049" lon="8.10195">
        <ele>1730.4</ele>
        <time>2026-05-04T02:43:14.2060000+00:00</time>
      </trkpt>
      <trkpt lat="46.77048" lon="8.10205">
        <ele>1733.01</ele>
        <time>2026-05-04T02:43:23.9930000+00:00</time>
      </trkpt>
      <trkpt lat="46.77047" lon="8.10212">
        <ele>1734.61</ele>
        <time>2026-05-04T02:43:30.9180000+00:00</time>
      </trkpt>
      <trkpt lat="46.77047" lon="8.10214">
        <ele>1735.28</ele>
        <time>2026-05-04T02:43:32.8570000+00:00</time>
      </trkpt>
      <trkpt lat="46.77046" lon="8.10215">
        <ele>1734.88</ele>
        <time>2026-05-04T02:43:34.5690000+00:00</time>
      </trkpt>
      <trkpt lat="46.77044" lon="8.10216">
        <ele>1733.76</ele>
        <time>2026-05-04T02:43:37.5600000+00:00</time>
      </trkpt>
      <trkpt lat="46.7704" lon="8.10216">
        <ele>1730.86</ele>
        <time>2026-05-04T02:43:43.2170000+00:00</time>
      </trkpt>
      <trkpt lat="46.77036" lon="8.10217">
        <ele>1728.29</ele>
        <time>2026-05-04T02:43:48.9570000+00:00</time>
      </trkpt>
      <trkpt lat="46.77033" lon="8.10218">
        <ele>1726.44</ele>
        <time>2026-05-04T02:43:53.3080000+00:00</time>
      </trkpt>
      <trkpt lat="46.7703" lon="8.1022">
        <ele>1724.92</ele>
        <time>2026-05-04T02:43:57.9710000+00:00</time>
      </trkpt>
      <trkpt lat="46.77028" lon="8.10221">
        <ele>1723.79</ele>
        <time>2026-05-04T02:44:00.9620000+00:00</time>
      </trkpt>
      <trkpt lat="46.77027" lon="8.10223">
        <ele>1723.72</ele>
        <time>2026-05-04T02:44:03.3650000+00:00</time>
      </trkpt>
      <trkpt lat="46.77024" lon="8.10224">
        <ele>1721.86</ele>
        <time>2026-05-04T02:44:07.7180000+00:00</time>
      </trkpt>
      <trkpt lat="46.77021" lon="8.10227">
        <ele>1720.66</ele>
        <time>2026-05-04T02:44:12.8600000+00:00</time>
      </trkpt>
      <trkpt lat="46.7702" lon="8.10229">
        <ele>1720.58</ele>
        <time>2026-05-04T02:44:15.2590000+00:00</time>
      </trkpt>
      <trkpt lat="46.77017" lon="8.10234">
        <ele>1720.14</ele>
        <time>2026-05-04T02:44:21.6970000+00:00</time>
      </trkpt>
      <trkpt lat="46.77013" lon="8.1024">
        <ele>1719.39</ele>
        <time>2026-05-04T02:44:29.8060000+00:00</time>
      </trkpt>
      <trkpt lat="46.77009" lon="8.10243">
        <ele>1717.36</ele>
        <time>2026-05-04T02:44:36.1650000+00:00</time>
      </trkpt>
      <trkpt lat="46.77006" lon="8.10247">
        <ele>1715.78</ele>
        <time>2026-05-04T02:44:41.9090000+00:00</time>
      </trkpt>
      <trkpt lat="46.77002" lon="8.1025">
        <ele>1713.31</ele>
        <time>2026-05-04T02:44:48.2680000+00:00</time>
      </trkpt>
      <trkpt lat="46.76996" lon="8.10253">
        <ele>1709.34</ele>
        <time>2026-05-04T02:44:57.2360000+00:00</time>
      </trkpt>
      <trkpt lat="46.76994" lon="8.10256">
        <ele>1708.14</ele>
        <time>2026-05-04T02:45:01.2900000+00:00</time>
      </trkpt>
      <trkpt lat="46.76993" lon="8.10256">
        <ele>1707.42</ele>
        <time>2026-05-04T02:45:02.7090000+00:00</time>
      </trkpt>
      <trkpt lat="46.76991" lon="8.10257">
        <ele>1706.04</ele>
        <time>2026-05-04T02:45:05.7000000+00:00</time>
      </trkpt>
      <trkpt lat="46.7699" lon="8.10256">
        <ele>1705.26</ele>
        <time>2026-05-04T02:45:07.4160000+00:00</time>
      </trkpt>
      <trkpt lat="46.7699" lon="8.10256">
        <ele>1705.26</ele>
        <time>2026-05-04T02:45:07.4160000+00:00</time>
      </trkpt>
      <trkpt lat="46.76989" lon="8.10253">
        <ele>1704.37</ele>
        <time>2026-05-04T02:45:10.6460000+00:00</time>
      </trkpt>
      <trkpt lat="46.76989" lon="8.10252">
        <ele>1704.31</ele>
        <time>2026-05-04T02:45:11.6120000+00:00</time>
      </trkpt>
      <trkpt lat="46.76988" lon="8.10251">
        <ele>1703.55</ele>
        <time>2026-05-04T02:45:13.3240000+00:00</time>
      </trkpt>
      <trkpt lat="46.76987" lon="8.10251">
        <ele>1702.85</ele>
        <time>2026-05-04T02:45:14.7420000+00:00</time>
      </trkpt>
      <trkpt lat="46.76984" lon="8.1025">
        <ele>1700.7</ele>
        <time>2026-05-04T02:45:19.0950000+00:00</time>
      </trkpt>
      <trkpt lat="46.76984" lon="8.10249">
        <ele>1700.66</ele>
        <time>2026-05-04T02:45:20.0600000+00:00</time>
      </trkpt>
      <trkpt lat="46.76984" lon="8.10245">
        <ele>1700.5</ele>
        <time>2026-05-04T02:45:23.9350000+00:00</time>
      </trkpt>
      <trkpt lat="46.76984" lon="8.10241">
        <ele>1700.21</ele>
        <time>2026-05-04T02:45:27.8100000+00:00</time>
      </trkpt>
      <trkpt lat="46.76986" lon="8.10239">
        <ele>1700.93</ele>
        <time>2026-05-04T02:45:31.2370000+00:00</time>
      </trkpt>
      <trkpt lat="46.76989" lon="8.10238">
        <ele>1702.63</ele>
        <time>2026-05-04T02:45:35.5860000+00:00</time>
      </trkpt>
      <trkpt lat="46.76989" lon="8.10235">
        <ele>1701.68</ele>
        <time>2026-05-04T02:45:38.4940000+00:00</time>
      </trkpt>
      <trkpt lat="46.7699" lon="8.10231">
        <ele>1701.09</ele>
        <time>2026-05-04T02:45:42.6160000+00:00</time>
      </trkpt>
      <trkpt lat="46.76989" lon="8.10228">
        <ele>1699.47</ele>
        <time>2026-05-04T02:45:45.8470000+00:00</time>
      </trkpt>
      <trkpt lat="46.76986" lon="8.10224">
        <ele>1696.21</ele>
        <time>2026-05-04T02:45:51.5910000+00:00</time>
      </trkpt>
      <trkpt lat="46.76984" lon="8.10223">
        <ele>1694.56</ele>
        <time>2026-05-04T02:45:54.5820000+00:00</time>
      </trkpt>
      <trkpt lat="46.76977" lon="8.10226">
        <ele>1690.82</ele>
        <time>2026-05-04T02:46:04.8990000+00:00</time>
      </trkpt>
      <trkpt lat="46.76974" lon="8.10232">
        <ele>1690.69</ele>
        <time>2026-05-04T02:46:12.0930000+00:00</time>
      </trkpt>
      <trkpt lat="46.76972" lon="8.10239">
        <ele>1691.52</ele>
        <time>2026-05-04T02:46:19.4380000+00:00</time>
      </trkpt>
      <trkpt lat="46.7697" lon="8.10248">
        <ele>1690.9</ele>
        <time>2026-05-04T02:46:28.6020000+00:00</time>
      </trkpt>
      <trkpt lat="46.7697" lon="8.10251">
        <ele>1690.88</ele>
        <time>2026-05-04T02:46:31.5100000+00:00</time>
      </trkpt>
      <trkpt lat="46.76971" lon="8.10258">
        <ele>1691.56</ele>
        <time>2026-05-04T02:46:38.4370000+00:00</time>
      </trkpt>
      <trkpt lat="46.76978" lon="8.1027">
        <ele>1696.88</ele>
        <time>2026-05-04T02:46:53.7020000+00:00</time>
      </trkpt>
      <trkpt lat="46.7698" lon="8.10276">
        <ele>1698.58</ele>
        <time>2026-05-04T02:47:00.1660000+00:00</time>
      </trkpt>
      <trkpt lat="46.76983" lon="8.10285">
        <ele>1701.26</ele>
        <time>2026-05-04T02:47:09.8600000+00:00</time>
      </trkpt>
      <trkpt lat="46.76984" lon="8.1029">
        <ele>1702.28</ele>
        <time>2026-05-04T02:47:14.9040000+00:00</time>
      </trkpt>
      <trkpt lat="46.76986" lon="8.10292">
        <ele>1704.04</ele>
        <time>2026-05-04T02:47:18.3320000+00:00</time>
      </trkpt>
      <trkpt lat="46.76989" lon="8.10293">
        <ele>1706.61</ele>
        <time>2026-05-04T02:47:22.6810000+00:00</time>
      </trkpt>
      <trkpt lat="46.76991" lon="8.10295">
        <ele>1708.43</ele>
        <time>2026-05-04T02:47:26.1090000+00:00</time>
      </trkpt>
      <trkpt lat="46.76992" lon="8.10298">
        <ele>1709.47</ele>
        <time>2026-05-04T02:47:29.3440000+00:00</time>
      </trkpt>
      <trkpt lat="46.76994" lon="8.10303">
        <ele>1711.56</ele>
        <time>2026-05-04T02:47:34.9530000+00:00</time>
      </trkpt>
      <trkpt lat="46.76994" lon="8.10304">
        <ele>1711.63</ele>
        <time>2026-05-04T02:47:35.9340000+00:00</time>
      </trkpt>
      <trkpt lat="46.76994" lon="8.10308">
        <ele>1711.92</ele>
        <time>2026-05-04T02:47:39.8080000+00:00</time>
      </trkpt>
      <trkpt lat="46.76992" lon="8.1031">
        <ele>1710.27</ele>
        <time>2026-05-04T02:47:43.2400000+00:00</time>
      </trkpt>
      <trkpt lat="46.76991" lon="8.10312">
        <ele>1709.49</ele>
        <time>2026-05-04T02:47:45.6420000+00:00</time>
      </trkpt>
      <trkpt lat="46.7699" lon="8.10315">
        <ele>1708.76</ele>
        <time>2026-05-04T02:47:48.8730000+00:00</time>
      </trkpt>
      <trkpt lat="46.7699" lon="8.10317">
        <ele>1708.88</ele>
        <time>2026-05-04T02:47:50.8120000+00:00</time>
      </trkpt>
      <trkpt lat="46.7699" lon="8.10319">
        <ele>1709</ele>
        <time>2026-05-04T02:47:52.7510000+00:00</time>
      </trkpt>
      <trkpt lat="46.76991" lon="8.10321">
        <ele>1710.06</ele>
        <time>2026-05-04T02:47:55.1480000+00:00</time>
      </trkpt>
      <trkpt lat="46.76992" lon="8.10322">
        <ele>1711.06</ele>
        <time>2026-05-04T02:47:56.8630000+00:00</time>
      </trkpt>
      <trkpt lat="46.76998" lon="8.10326">
        <ele>1717.12</ele>
        <time>2026-05-04T02:48:06.1900000+00:00</time>
      </trkpt>
      <trkpt lat="46.76999" lon="8.10327">
        <ele>1718.22</ele>
        <time>2026-05-04T02:48:07.9010000+00:00</time>
      </trkpt>
      <trkpt lat="46.76999" lon="8.10328">
        <ele>1718.37</ele>
        <time>2026-05-04T02:48:08.8670000+00:00</time>
      </trkpt>
      <trkpt lat="46.76999" lon="8.10329">
        <ele>1718.52</ele>
        <time>2026-05-04T02:48:09.8330000+00:00</time>
      </trkpt>
      <trkpt lat="46.76998" lon="8.10333">
        <ele>1718.17</ele>
        <time>2026-05-04T02:48:13.9550000+00:00</time>
      </trkpt>
      <trkpt lat="46.76997" lon="8.10335">
        <ele>1717.53</ele>
        <time>2026-05-04T02:48:16.3550000+00:00</time>
      </trkpt>
      <trkpt lat="46.76996" lon="8.10337">
        <ele>1716.89</ele>
        <time>2026-05-04T02:48:18.7510000+00:00</time>
      </trkpt>
      <trkpt lat="46.76994" lon="8.1034">
        <ele>1715.45</ele>
        <time>2026-05-04T02:48:22.8060000+00:00</time>
      </trkpt>
      <trkpt lat="46.76994" lon="8.1034">
        <ele>1715.45</ele>
        <time>2026-05-04T02:48:22.8060000+00:00</time>
      </trkpt>
      <trkpt lat="46.76992" lon="8.10344">
        <ele>1714.17</ele>
        <time>2026-05-04T02:48:27.6050000+00:00</time>
      </trkpt>
      <trkpt lat="46.76992" lon="8.10345">
        <ele>1714.32</ele>
        <time>2026-05-04T02:48:28.5780000+00:00</time>
      </trkpt>
      <trkpt lat="46.76992" lon="8.10348">
        <ele>1714.78</ele>
        <time>2026-05-04T02:48:31.4850000+00:00</time>
      </trkpt>
      <trkpt lat="46.76992" lon="8.1035">
        <ele>1715.08</ele>
        <time>2026-05-04T02:48:33.4240000+00:00</time>
      </trkpt>
      <trkpt lat="46.76992" lon="8.10352">
        <ele>1715.38</ele>
        <time>2026-05-04T02:48:35.3640000+00:00</time>
      </trkpt>
      <trkpt lat="46.76994" lon="8.10353">
        <ele>1717.42</ele>
        <time>2026-05-04T02:48:38.3550000+00:00</time>
      </trkpt>
      <trkpt lat="46.76994" lon="8.10355">
        <ele>1717.72</ele>
        <time>2026-05-04T02:48:40.2940000+00:00</time>
      </trkpt>
      <trkpt lat="46.76994" lon="8.1036">
        <ele>1718.48</ele>
        <time>2026-05-04T02:48:45.1380000+00:00</time>
      </trkpt>
      <trkpt lat="46.76995" lon="8.10366">
        <ele>1720.32</ele>
        <time>2026-05-04T02:48:51.1190000+00:00</time>
      </trkpt>
      <trkpt lat="46.76995" lon="8.1037">
        <ele>1720.93</ele>
        <time>2026-05-04T02:48:54.9910000+00:00</time>
      </trkpt>
      <trkpt lat="46.76995" lon="8.10372">
        <ele>1721.23</ele>
        <time>2026-05-04T02:48:56.9270000+00:00</time>
      </trkpt>
      <trkpt lat="46.76997" lon="8.10377">
        <ele>1723.85</ele>
        <time>2026-05-04T02:49:02.5350000+00:00</time>
      </trkpt>
      <trkpt lat="46.76997" lon="8.10378">
        <ele>1724</ele>
        <time>2026-05-04T02:49:03.5010000+00:00</time>
      </trkpt>
      <trkpt lat="46.76996" lon="8.10379">
        <ele>1723.22</ele>
        <time>2026-05-04T02:49:05.2170000+00:00</time>
      </trkpt>
      <trkpt lat="46.76996" lon="8.1038">
        <ele>1723.37</ele>
        <time>2026-05-04T02:49:06.1830000+00:00</time>
      </trkpt>
      <trkpt lat="46.76994" lon="8.10381">
        <ele>1721.66</ele>
        <time>2026-05-04T02:49:09.1740000+00:00</time>
      </trkpt>
      <trkpt lat="46.76992" lon="8.10381">
        <ele>1719.79</ele>
        <time>2026-05-04T02:49:12.0050000+00:00</time>
      </trkpt>
      <trkpt lat="46.76988" lon="8.1038">
        <ele>1715.91</ele>
        <time>2026-05-04T02:49:17.7440000+00:00</time>
      </trkpt>
      <trkpt lat="46.76984" lon="8.10381">
        <ele>1712.33</ele>
        <time>2026-05-04T02:49:23.4840000+00:00</time>
      </trkpt>
      <trkpt lat="46.76976" lon="8.10381">
        <ele>1704.87</ele>
        <time>2026-05-04T02:49:34.7960000+00:00</time>
      </trkpt>
      <trkpt lat="46.76974" lon="8.10382">
        <ele>1703.16</ele>
        <time>2026-05-04T02:49:37.7870000+00:00</time>
      </trkpt>
      <trkpt lat="46.76972" lon="8.10386">
        <ele>1701.93</ele>
        <time>2026-05-04T02:49:42.5830000+00:00</time>
      </trkpt>
      <trkpt lat="46.76971" lon="8.10388">
        <ele>1701.31</ele>
        <time>2026-05-04T02:49:44.9830000+00:00</time>
      </trkpt>
      <trkpt lat="46.76971" lon="8.1039">
        <ele>1701.63</ele>
        <time>2026-05-04T02:49:46.9220000+00:00</time>
      </trkpt>
      <trkpt lat="46.76972" lon="8.10395">
        <ele>1703.35</ele>
        <time>2026-05-04T02:49:51.9660000+00:00</time>
      </trkpt>
      <trkpt lat="46.76971" lon="8.10397">
        <ele>1702.73</ele>
        <time>2026-05-04T02:49:54.3660000+00:00</time>
      </trkpt>
      <trkpt lat="46.76971" lon="8.10399">
        <ele>1703.05</ele>
        <time>2026-05-04T02:49:56.3050000+00:00</time>
      </trkpt>
      <trkpt lat="46.76971" lon="8.10401">
        <ele>1703.37</ele>
        <time>2026-05-04T02:49:58.2440000+00:00</time>
      </trkpt>
      <trkpt lat="46.7697" lon="8.10402">
        <ele>1702.6</ele>
        <time>2026-05-04T02:49:59.9600000+00:00</time>
      </trkpt>
      <trkpt lat="46.7697" lon="8.10405">
        <ele>1703.07</ele>
        <time>2026-05-04T02:50:02.8670000+00:00</time>
      </trkpt>
      <trkpt lat="46.7697" lon="8.10408">
        <ele>1703.55</ele>
        <time>2026-05-04T02:50:05.7750000+00:00</time>
      </trkpt>
      <trkpt lat="46.7697" lon="8.10412">
        <ele>1704.91</ele>
        <time>2026-05-04T02:50:09.6490000+00:00</time>
      </trkpt>
      <trkpt lat="46.7697" lon="8.10413">
        <ele>1705.26</ele>
        <time>2026-05-04T02:50:10.6220000+00:00</time>
      </trkpt>
      <trkpt lat="46.76969" lon="8.10415">
        <ele>1704.99</ele>
        <time>2026-05-04T02:50:13.0250000+00:00</time>
      </trkpt>
      <trkpt lat="46.76968" lon="8.10416">
        <ele>1704.38</ele>
        <time>2026-05-04T02:50:14.7410000+00:00</time>
      </trkpt>
      <trkpt lat="46.76965" lon="8.10418">
        <ele>1702.17</ele>
        <time>2026-05-04T02:50:19.4040000+00:00</time>
      </trkpt>
      <trkpt lat="46.76962" lon="8.10421">
        <ele>1700.24</ele>
        <time>2026-05-04T02:50:24.5460000+00:00</time>
      </trkpt>
      <trkpt lat="46.7696" lon="8.10422">
        <ele>1698.62</ele>
        <time>2026-05-04T02:50:27.5350000+00:00</time>
      </trkpt>
      <trkpt lat="46.76959" lon="8.10422">
        <ele>1697.64</ele>
        <time>2026-05-04T02:50:28.9530000+00:00</time>
      </trkpt>
      <trkpt lat="46.76957" lon="8.10424">
        <ele>1696.3</ele>
        <time>2026-05-04T02:50:32.3830000+00:00</time>
      </trkpt>
      <trkpt lat="46.76957" lon="8.10426">
        <ele>1696.9</ele>
        <time>2026-05-04T02:50:34.3220000+00:00</time>
      </trkpt>
      <trkpt lat="46.76956" lon="8.10432">
        <ele>1697.68</ele>
        <time>2026-05-04T02:50:40.3020000+00:00</time>
      </trkpt>
      <trkpt lat="46.76956" lon="8.10434">
        <ele>1698.27</ele>
        <time>2026-05-04T02:50:42.2340000+00:00</time>
      </trkpt>
      <trkpt lat="46.76957" lon="8.10436">
        <ele>1699.88</ele>
        <time>2026-05-04T02:50:44.6330000+00:00</time>
      </trkpt>
      <trkpt lat="46.76956" lon="8.10439">
        <ele>1699.74</ele>
        <time>2026-05-04T02:50:47.8660000+00:00</time>
      </trkpt>
      <trkpt lat="46.76955" lon="8.10443">
        <ele>1699.88</ele>
        <time>2026-05-04T02:50:51.9900000+00:00</time>
      </trkpt>
      <trkpt lat="46.76954" lon="8.10445">
        <ele>1699.42</ele>
        <time>2026-05-04T02:50:54.3860000+00:00</time>
      </trkpt>
      <trkpt lat="46.76954" lon="8.10448">
        <ele>1700.28</ele>
        <time>2026-05-04T02:50:57.2940000+00:00</time>
      </trkpt>
      <trkpt lat="46.76954" lon="8.10452">
        <ele>1701.44</ele>
        <time>2026-05-04T02:51:01.1680000+00:00</time>
      </trkpt>
      <trkpt lat="46.76955" lon="8.10456">
        <ele>1703.67</ele>
        <time>2026-05-04T02:51:05.2930000+00:00</time>
      </trkpt>
      <trkpt lat="46.76956" lon="8.10463">
        <ele>1706.82</ele>
        <time>2026-05-04T02:51:12.2170000+00:00</time>
      </trkpt>
      <trkpt lat="46.76957" lon="8.10465">
        <ele>1708.53</ele>
        <time>2026-05-04T02:51:14.6170000+00:00</time>
      </trkpt>
      <trkpt lat="46.76957" lon="8.10466">
        <ele>1708.82</ele>
        <time>2026-05-04T02:51:15.5900000+00:00</time>
      </trkpt>
      <trkpt lat="46.76956" lon="8.10468">
        <ele>1708.3</ele>
        <time>2026-05-04T02:51:17.9890000+00:00</time>
      </trkpt>
      <trkpt lat="46.76954" lon="8.10472">
        <ele>1707.2</ele>
        <time>2026-05-04T02:51:22.7850000+00:00</time>
      </trkpt>
      <trkpt lat="46.76953" lon="8.10474">
        <ele>1706.64</ele>
        <time>2026-05-04T02:51:25.1840000+00:00</time>
      </trkpt>
      <trkpt lat="46.76953" lon="8.10476">
        <ele>1707.21</ele>
        <time>2026-05-04T02:51:27.1240000+00:00</time>
      </trkpt>
      <trkpt lat="46.76952" lon="8.1048">
        <ele>1707.18</ele>
        <time>2026-05-04T02:51:31.2480000+00:00</time>
      </trkpt>
      <trkpt lat="46.76952" lon="8.10487">
        <ele>1709.15</ele>
        <time>2026-05-04T02:51:38.0270000+00:00</time>
      </trkpt>
      <trkpt lat="46.76951" lon="8.10491">
        <ele>1709.08</ele>
        <time>2026-05-04T02:51:42.1510000+00:00</time>
      </trkpt>
      <trkpt lat="46.7695" lon="8.10496">
        <ele>1708.24</ele>
        <time>2026-05-04T02:51:47.1950000+00:00</time>
      </trkpt>
      <trkpt lat="46.7695" lon="8.10502">
        <ele>1708.61</ele>
        <time>2026-05-04T02:51:53.0070000+00:00</time>
      </trkpt>
      <trkpt lat="46.76949" lon="8.10504">
        <ele>1707.55</ele>
        <time>2026-05-04T02:51:55.4030000+00:00</time>
      </trkpt>
      <trkpt lat="46.76948" lon="8.10507">
        <ele>1706.54</ele>
        <time>2026-05-04T02:51:58.6330000+00:00</time>
      </trkpt>
      <trkpt lat="46.76946" lon="8.1051">
        <ele>1704.36</ele>
        <time>2026-05-04T02:52:02.6880000+00:00</time>
      </trkpt>
      <trkpt lat="46.76945" lon="8.10514">
        <ele>1703.43</ele>
        <time>2026-05-04T02:52:06.8140000+00:00</time>
      </trkpt>
      <trkpt lat="46.76943" lon="8.10516">
        <ele>1701.2</ele>
        <time>2026-05-04T02:52:10.2410000+00:00</time>
      </trkpt>
      <trkpt lat="46.76942" lon="8.10519">
        <ele>1700.22</ele>
        <time>2026-05-04T02:52:13.4740000+00:00</time>
      </trkpt>
      <trkpt lat="46.7694" lon="8.1052">
        <ele>1697.93</ele>
        <time>2026-05-04T02:52:16.4610000+00:00</time>
      </trkpt>
      <trkpt lat="46.76938" lon="8.10521">
        <ele>1695.64</ele>
        <time>2026-05-04T02:52:19.4500000+00:00</time>
      </trkpt>
      <trkpt lat="46.76936" lon="8.10523">
        <ele>1693.42</ele>
        <time>2026-05-04T02:52:22.8770000+00:00</time>
      </trkpt>
      <trkpt lat="46.76936" lon="8.10525">
        <ele>1693.56</ele>
        <time>2026-05-04T02:52:24.8160000+00:00</time>
      </trkpt>
      <trkpt lat="46.76935" lon="8.10528">
        <ele>1692.85</ele>
        <time>2026-05-04T02:52:28.0470000+00:00</time>
      </trkpt>
      <trkpt lat="46.76935" lon="8.1053">
        <ele>1693</ele>
        <time>2026-05-04T02:52:29.9780000+00:00</time>
      </trkpt>
      <trkpt lat="46.76934" lon="8.10532">
        <ele>1692.26</ele>
        <time>2026-05-04T02:52:32.3740000+00:00</time>
      </trkpt>
      <trkpt lat="46.76934" lon="8.10533">
        <ele>1692.33</ele>
        <time>2026-05-04T02:52:33.3480000+00:00</time>
      </trkpt>
      <trkpt lat="46.76933" lon="8.10534">
        <ele>1691.52</ele>
        <time>2026-05-04T02:52:35.0640000+00:00</time>
      </trkpt>
      <trkpt lat="46.76932" lon="8.10534">
        <ele>1690.63</ele>
        <time>2026-05-04T02:52:36.4770000+00:00</time>
      </trkpt>
      <trkpt lat="46.76931" lon="8.10536">
        <ele>1689.91</ele>
        <time>2026-05-04T02:52:38.8790000+00:00</time>
      </trkpt>
      <trkpt lat="46.76931" lon="8.1054">
        <ele>1690.23</ele>
        <time>2026-05-04T02:52:42.7560000+00:00</time>
      </trkpt>
      <trkpt lat="46.7693" lon="8.10541">
        <ele>1689.44</ele>
        <time>2026-05-04T02:52:44.4710000+00:00</time>
      </trkpt>
      <trkpt lat="46.7693" lon="8.10544">
        <ele>1689.68</ele>
        <time>2026-05-04T02:52:47.3790000+00:00</time>
      </trkpt>
      <trkpt lat="46.7693" lon="8.10546">
        <ele>1689.85</ele>
        <time>2026-05-04T02:52:49.3180000+00:00</time>
      </trkpt>
      <trkpt lat="46.76931" lon="8.1055">
        <ele>1691.03</ele>
        <time>2026-05-04T02:52:53.4440000+00:00</time>
      </trkpt>
      <trkpt lat="46.76932" lon="8.10554">
        <ele>1692.21</ele>
        <time>2026-05-04T02:52:57.5700000+00:00</time>
      </trkpt>
      <trkpt lat="46.76932" lon="8.10556">
        <ele>1692.37</ele>
        <time>2026-05-04T02:52:59.5090000+00:00</time>
      </trkpt>
      <trkpt lat="46.76932" lon="8.10557">
        <ele>1692.45</ele>
        <time>2026-05-04T02:53:00.4820000+00:00</time>
      </trkpt>
      <trkpt lat="46.76931" lon="8.10558">
        <ele>1691.68</ele>
        <time>2026-05-04T02:53:02.1980000+00:00</time>
      </trkpt>
      <trkpt lat="46.7693" lon="8.10558">
        <ele>1690.83</ele>
        <time>2026-05-04T02:53:03.6160000+00:00</time>
      </trkpt>
      <trkpt lat="46.76928" lon="8.10558">
        <ele>1689.14</ele>
        <time>2026-05-04T02:53:06.4420000+00:00</time>
      </trkpt>
      <trkpt lat="46.76927" lon="8.10558">
        <ele>1688.3</ele>
        <time>2026-05-04T02:53:07.8500000+00:00</time>
      </trkpt>
      <trkpt lat="46.7692" lon="8.10559">
        <ele>1682.48</ele>
        <time>2026-05-04T02:53:17.7950000+00:00</time>
      </trkpt>
      <trkpt lat="46.76913" lon="8.10564">
        <ele>1677.13</ele>
        <time>2026-05-04T02:53:28.8140000+00:00</time>
      </trkpt>
      <trkpt lat="46.76909" lon="8.10565">
        <ele>1673.91</ele>
        <time>2026-05-04T02:53:34.5530000+00:00</time>
      </trkpt>
      <trkpt lat="46.76904" lon="8.10573">
        <ele>1670.77</ele>
        <time>2026-05-04T02:53:45.0430000+00:00</time>
      </trkpt>
      <trkpt lat="46.76902" lon="8.10577">
        <ele>1669.7</ele>
        <time>2026-05-04T02:53:49.8390000+00:00</time>
      </trkpt>
      <trkpt lat="46.76898" lon="8.10584">
        <ele>1667.51</ele>
        <time>2026-05-04T02:53:58.6670000+00:00</time>
      </trkpt>
      <trkpt lat="46.76895" lon="8.10591">
        <ele>1666.17</ele>
        <time>2026-05-04T02:54:06.6640000+00:00</time>
      </trkpt>
      <trkpt lat="46.7689" lon="8.10593">
        <ele>1662.48</ele>
        <time>2026-05-04T02:54:13.9950000+00:00</time>
      </trkpt>
      <trkpt lat="46.76888" lon="8.10598">
        <ele>1661.68</ele>
        <time>2026-05-04T02:54:19.6040000+00:00</time>
      </trkpt>
      <trkpt lat="46.76886" lon="8.10604">
        <ele>1661.07</ele>
        <time>2026-05-04T02:54:26.0670000+00:00</time>
      </trkpt>
      <trkpt lat="46.76884" lon="8.1061">
        <ele>1660.48</ele>
        <time>2026-05-04T02:54:32.5300000+00:00</time>
      </trkpt>
      <trkpt lat="46.76879" lon="8.10616">
        <ele>1657.57</ele>
        <time>2026-05-04T02:54:41.6810000+00:00</time>
      </trkpt>
      <trkpt lat="46.76876" lon="8.10622">
        <ele>1656.25</ele>
        <time>2026-05-04T02:54:48.8760000+00:00</time>
      </trkpt>
      <trkpt lat="46.76872" lon="8.10628">
        <ele>1654.2</ele>
        <time>2026-05-04T02:54:56.9850000+00:00</time>
      </trkpt>
      <trkpt lat="46.7687" lon="8.10634">
        <ele>1653.73</ele>
        <time>2026-05-04T02:55:03.4490000+00:00</time>
      </trkpt>
      <trkpt lat="46.7687" lon="8.10639">
        <ele>1654.61</ele>
        <time>2026-05-04T02:55:08.2930000+00:00</time>
      </trkpt>
      <trkpt lat="46.76869" lon="8.10641">
        <ele>1654.21</ele>
        <time>2026-05-04T02:55:10.6890000+00:00</time>
      </trkpt>
      <trkpt lat="46.76867" lon="8.10643">
        <ele>1653.05</ele>
        <time>2026-05-04T02:55:14.1160000+00:00</time>
      </trkpt>
      <trkpt lat="46.76866" lon="8.1065">
        <ele>1653.56</ele>
        <time>2026-05-04T02:55:21.0410000+00:00</time>
      </trkpt>
      <trkpt lat="46.76864" lon="8.10652">
        <ele>1652.42</ele>
        <time>2026-05-04T02:55:24.4680000+00:00</time>
      </trkpt>
      <trkpt lat="46.76862" lon="8.10656">
        <ele>1651.65</ele>
        <time>2026-05-04T02:55:29.2640000+00:00</time>
      </trkpt>
      <trkpt lat="46.76861" lon="8.10658">
        <ele>1651.26</ele>
        <time>2026-05-04T02:55:31.6610000+00:00</time>
      </trkpt>
      <trkpt lat="46.76859" lon="8.10659">
        <ele>1649.9</ele>
        <time>2026-05-04T02:55:34.6520000+00:00</time>
      </trkpt>
      <trkpt lat="46.76858" lon="8.1066">
        <ele>1649.27</ele>
        <time>2026-05-04T02:55:36.3680000+00:00</time>
      </trkpt>
      <trkpt lat="46.76857" lon="8.10667">
        <ele>1649.38</ele>
        <time>2026-05-04T02:55:43.2940000+00:00</time>
      </trkpt>
      <trkpt lat="46.76856" lon="8.1067">
        <ele>1648.99</ele>
        <time>2026-05-04T02:55:46.5240000+00:00</time>
      </trkpt>
      <trkpt lat="46.76855" lon="8.10672">
        <ele>1648.49</ele>
        <time>2026-05-04T02:55:48.9230000+00:00</time>
      </trkpt>
      <trkpt lat="46.76854" lon="8.10674">
        <ele>1647.98</ele>
        <time>2026-05-04T02:55:51.3260000+00:00</time>
      </trkpt>
      <trkpt lat="46.76853" lon="8.1068">
        <ele>1647.95</ele>
        <time>2026-05-04T02:55:57.3060000+00:00</time>
      </trkpt>
      <trkpt lat="46.76851" lon="8.10686">
        <ele>1647.22</ele>
        <time>2026-05-04T02:56:03.7690000+00:00</time>
      </trkpt>
      <trkpt lat="46.76846" lon="8.10696">
        <ele>1644.79</ele>
        <time>2026-05-04T02:56:15.7610000+00:00</time>
      </trkpt>
      <trkpt lat="46.76846" lon="8.10706">
        <ele>1645.96</ele>
        <time>2026-05-04T02:56:25.4470000+00:00</time>
      </trkpt>
      <trkpt lat="46.76842" lon="8.10722">
        <ele>1644.89</ele>
        <time>2026-05-04T02:56:41.9430000+00:00</time>
      </trkpt>
      <trkpt lat="46.76841" lon="8.10724">
        <ele>1644.38</ele>
        <time>2026-05-04T02:56:44.3460000+00:00</time>
      </trkpt>
      <trkpt lat="46.76838" lon="8.10727">
        <ele>1642.51</ele>
        <time>2026-05-04T02:56:49.4890000+00:00</time>
      </trkpt>
      <trkpt lat="46.76836" lon="8.10733">
        <ele>1641.71</ele>
        <time>2026-05-04T02:56:55.9520000+00:00</time>
      </trkpt>
      <trkpt lat="46.76832" lon="8.10749">
        <ele>1640.14</ele>
        <time>2026-05-04T02:57:12.4490000+00:00</time>
      </trkpt>
      <trkpt lat="46.76831" lon="8.10753">
        <ele>1639.65</ele>
        <time>2026-05-04T02:57:16.5750000+00:00</time>
      </trkpt>
      <trkpt lat="46.7683" lon="8.10758">
        <ele>1639.23</ele>
        <time>2026-05-04T02:57:21.6190000+00:00</time>
      </trkpt>
      <trkpt lat="46.76829" lon="8.10763">
        <ele>1638.8</ele>
        <time>2026-05-04T02:57:26.6640000+00:00</time>
      </trkpt>
      <trkpt lat="46.76828" lon="8.10767">
        <ele>1638.32</ele>
        <time>2026-05-04T02:57:30.7880000+00:00</time>
      </trkpt>
      <trkpt lat="46.76828" lon="8.10772">
        <ele>1638.63</ele>
        <time>2026-05-04T02:57:35.6320000+00:00</time>
      </trkpt>
      <trkpt lat="46.76827" lon="8.10782">
        <ele>1638.53</ele>
        <time>2026-05-04T02:57:45.4200000+00:00</time>
      </trkpt>
      <trkpt lat="46.76825" lon="8.10789">
        <ele>1637.5</ele>
        <time>2026-05-04T02:57:52.7660000+00:00</time>
      </trkpt>
      <trkpt lat="46.76824" lon="8.10794">
        <ele>1637.09</ele>
        <time>2026-05-04T02:57:57.8100000+00:00</time>
      </trkpt>
      <trkpt lat="46.76823" lon="8.108">
        <ele>1636.73</ele>
        <time>2026-05-04T02:58:03.7910000+00:00</time>
      </trkpt>
      <trkpt lat="46.76822" lon="8.10805">
        <ele>1636.32</ele>
        <time>2026-05-04T02:58:08.8360000+00:00</time>
      </trkpt>
      <trkpt lat="46.76821" lon="8.10808">
        <ele>1635.78</ele>
        <time>2026-05-04T02:58:12.0700000+00:00</time>
      </trkpt>
      <trkpt lat="46.7682" lon="8.10811">
        <ele>1635.24</ele>
        <time>2026-05-04T02:58:15.3010000+00:00</time>
      </trkpt>
      <trkpt lat="46.76819" lon="8.10817">
        <ele>1634.89</ele>
        <time>2026-05-04T02:58:21.2810000+00:00</time>
      </trkpt>
      <trkpt lat="46.76819" lon="8.10823">
        <ele>1635.28</ele>
        <time>2026-05-04T02:58:27.0930000+00:00</time>
      </trkpt>
      <trkpt lat="46.76818" lon="8.10829">
        <ele>1635.22</ele>
        <time>2026-05-04T02:58:33.0730000+00:00</time>
      </trkpt>
      <trkpt lat="46.76816" lon="8.1084">
        <ele>1635.1</ele>
        <time>2026-05-04T02:58:44.0950000+00:00</time>
      </trkpt>
      <trkpt lat="46.76814" lon="8.10843">
        <ele>1633.98</ele>
        <time>2026-05-04T02:58:48.1500000+00:00</time>
      </trkpt>
      <trkpt lat="46.76813" lon="8.10845">
        <ele>1633.48</ele>
        <time>2026-05-04T02:58:50.5460000+00:00</time>
      </trkpt>
      <trkpt lat="46.76811" lon="8.10846">
        <ele>1632.11</ele>
        <time>2026-05-04T02:58:53.5330000+00:00</time>
      </trkpt>
      <trkpt lat="46.76809" lon="8.1085">
        <ele>1631.1</ele>
        <time>2026-05-04T02:58:58.3290000+00:00</time>
      </trkpt>
      <trkpt lat="46.76808" lon="8.10858">
        <ele>1631.3</ele>
        <time>2026-05-04T02:59:06.2050000+00:00</time>
      </trkpt>
      <trkpt lat="46.76808" lon="8.10862">
        <ele>1631.77</ele>
        <time>2026-05-04T02:59:10.0770000+00:00</time>
      </trkpt>
      <trkpt lat="46.76806" lon="8.10866">
        <ele>1630.73</ele>
        <time>2026-05-04T02:59:14.8730000+00:00</time>
      </trkpt>
      <trkpt lat="46.76805" lon="8.1087">
        <ele>1630.44</ele>
        <time>2026-05-04T02:59:18.9970000+00:00</time>
      </trkpt>
      <trkpt lat="46.76805" lon="8.10873">
        <ele>1630.79</ele>
        <time>2026-05-04T02:59:21.9050000+00:00</time>
      </trkpt>
      <trkpt lat="46.76804" lon="8.10875">
        <ele>1630.26</ele>
        <time>2026-05-04T02:59:24.3010000+00:00</time>
      </trkpt>
      <trkpt lat="46.76804" lon="8.10877">
        <ele>1630.49</ele>
        <time>2026-05-04T02:59:26.2330000+00:00</time>
      </trkpt>
      <trkpt lat="46.76804" lon="8.10881">
        <ele>1630.96</ele>
        <time>2026-05-04T02:59:30.1050000+00:00</time>
      </trkpt>
      <trkpt lat="46.76802" lon="8.10886">
        <ele>1630</ele>
        <time>2026-05-04T02:59:35.7140000+00:00</time>
      </trkpt>
      <trkpt lat="46.768" lon="8.10892">
        <ele>1629.15</ele>
        <time>2026-05-04T02:59:42.1770000+00:00</time>
      </trkpt>
      <trkpt lat="46.76798" lon="8.10897">
        <ele>1628.17</ele>
        <time>2026-05-04T02:59:47.7850000+00:00</time>
      </trkpt>
      <trkpt lat="46.76796" lon="8.10906">
        <ele>1627.62</ele>
        <time>2026-05-04T02:59:56.9480000+00:00</time>
      </trkpt>
      <trkpt lat="46.76795" lon="8.10908">
        <ele>1627.13</ele>
        <time>2026-05-04T02:59:59.3440000+00:00</time>
      </trkpt>
      <trkpt lat="46.76794" lon="8.10911">
        <ele>1627.13</ele>
        <time>2026-05-04T03:00:02.5770000+00:00</time>
      </trkpt>
      <trkpt lat="46.76792" lon="8.10916">
        <ele>1626.85</ele>
        <time>2026-05-04T03:00:08.1840000+00:00</time>
      </trkpt>
      <trkpt lat="46.76791" lon="8.10919">
        <ele>1626.83</ele>
        <time>2026-05-04T03:00:11.4140000+00:00</time>
      </trkpt>
      <trkpt lat="46.76791" lon="8.1092">
        <ele>1627.08</ele>
        <time>2026-05-04T03:00:12.3800000+00:00</time>
      </trkpt>
      <trkpt lat="46.7679" lon="8.10922">
        <ele>1626.79</ele>
        <time>2026-05-04T03:00:14.7800000+00:00</time>
      </trkpt>
      <trkpt lat="46.76788" lon="8.10924">
        <ele>1625.68</ele>
        <time>2026-05-04T03:00:18.2070000+00:00</time>
      </trkpt>
      <trkpt lat="46.76786" lon="8.10926">
        <ele>1624.55</ele>
        <time>2026-05-04T03:00:21.6340000+00:00</time>
      </trkpt>
      <trkpt lat="46.767829999999996" lon="8.10931">
        <ele>1623.31</ele>
        <time>2026-05-04T03:00:28.0730000+00:00</time>
      </trkpt>
      <trkpt lat="46.76782" lon="8.10938">
        <ele>1624.17</ele>
        <time>2026-05-04T03:00:34.9990000+00:00</time>
      </trkpt>
      <trkpt lat="46.7678" lon="8.10946">
        <ele>1624.38</ele>
        <time>2026-05-04T03:00:43.2480000+00:00</time>
      </trkpt>
      <trkpt lat="46.7678" lon="8.10948">
        <ele>1624.85</ele>
        <time>2026-05-04T03:00:45.1870000+00:00</time>
      </trkpt>
      <trkpt lat="46.76778" lon="8.10949">
        <ele>1623.37</ele>
        <time>2026-05-04T03:00:48.1730000+00:00</time>
      </trkpt>
      <trkpt lat="46.76775" lon="8.10951">
        <ele>1621.25</ele>
        <time>2026-05-04T03:00:52.8370000+00:00</time>
      </trkpt>
      <trkpt lat="46.76774" lon="8.10953">
        <ele>1620.84</ele>
        <time>2026-05-04T03:00:55.2330000+00:00</time>
      </trkpt>
      <trkpt lat="46.76771" lon="8.10958">
        <ele>1619.34</ele>
        <time>2026-05-04T03:01:01.6710000+00:00</time>
      </trkpt>
      <trkpt lat="46.76768" lon="8.10962">
        <ele>1617.87</ele>
        <time>2026-05-04T03:01:07.4170000+00:00</time>
      </trkpt>
      <trkpt lat="46.76761" lon="8.10968">
        <ele>1614.52</ele>
        <time>2026-05-04T03:01:18.8950000+00:00</time>
      </trkpt>
      <trkpt lat="46.7676" lon="8.1097">
        <ele>1614.28</ele>
        <time>2026-05-04T03:01:21.2910000+00:00</time>
      </trkpt>
      <trkpt lat="46.76757" lon="8.10977">
        <ele>1613.77</ele>
        <time>2026-05-04T03:01:29.2880000+00:00</time>
      </trkpt>
      <trkpt lat="46.76754" lon="8.1098">
        <ele>1612.4</ele>
        <time>2026-05-04T03:01:34.4300000+00:00</time>
      </trkpt>
      <trkpt lat="46.76752" lon="8.10984">
        <ele>1611.9</ele>
        <time>2026-05-04T03:01:39.2260000+00:00</time>
      </trkpt>
      <trkpt lat="46.7675" lon="8.10988">
        <ele>1611.39</ele>
        <time>2026-05-04T03:01:44.0210000+00:00</time>
      </trkpt>
      <trkpt lat="46.76747" lon="8.10991">
        <ele>1610.04</ele>
        <time>2026-05-04T03:01:49.1630000+00:00</time>
      </trkpt>
      <trkpt lat="46.76744" lon="8.10997">
        <ele>1610.76</ele>
        <time>2026-05-04T03:01:56.3580000+00:00</time>
      </trkpt>
      <trkpt lat="46.76742" lon="8.10998">
        <ele>1609.84</ele>
        <time>2026-05-04T03:01:59.3500000+00:00</time>
      </trkpt>
      <trkpt lat="46.7674" lon="8.10999">
        <ele>1608.92</ele>
        <time>2026-05-04T03:02:02.3410000+00:00</time>
      </trkpt>
      <trkpt lat="46.76737" lon="8.11001">
        <ele>1607.74</ele>
        <time>2026-05-04T03:02:07.0040000+00:00</time>
      </trkpt>
      <trkpt lat="46.76735" lon="8.11003">
        <ele>1607.24</ele>
        <time>2026-05-04T03:02:10.4320000+00:00</time>
      </trkpt>
      <trkpt lat="46.76733" lon="8.11004">
        <ele>1606.29</ele>
        <time>2026-05-04T03:02:13.4190000+00:00</time>
      </trkpt>
      <trkpt lat="46.76731" lon="8.11005">
        <ele>1605.33</ele>
        <time>2026-05-04T03:02:16.4100000+00:00</time>
      </trkpt>
      <trkpt lat="46.7673" lon="8.11006">
        <ele>1605.06</ele>
        <time>2026-05-04T03:02:18.1220000+00:00</time>
      </trkpt>
      <trkpt lat="46.76728" lon="8.11008">
        <ele>1604.51</ele>
        <time>2026-05-04T03:02:21.5490000+00:00</time>
      </trkpt>
      <trkpt lat="46.76725" lon="8.11009">
        <ele>1602.82</ele>
        <time>2026-05-04T03:02:25.9020000+00:00</time>
      </trkpt>
      <trkpt lat="46.76724" lon="8.11011">
        <ele>1602.95</ele>
        <time>2026-05-04T03:02:28.2980000+00:00</time>
      </trkpt>
      <trkpt lat="46.76722" lon="8.11013">
        <ele>1602.36</ele>
        <time>2026-05-04T03:02:31.7260000+00:00</time>
      </trkpt>
      <trkpt lat="46.7672" lon="8.11014">
        <ele>1601.34</ele>
        <time>2026-05-04T03:02:34.7170000+00:00</time>
      </trkpt>
      <trkpt lat="46.76717" lon="8.11016">
        <ele>1600.01</ele>
        <time>2026-05-04T03:02:39.3800000+00:00</time>
      </trkpt>
      <trkpt lat="46.76715" lon="8.11017">
        <ele>1598.97</ele>
        <time>2026-05-04T03:02:42.3690000+00:00</time>
      </trkpt>
      <trkpt lat="46.76713" lon="8.1102">
        <ele>1598.72</ele>
        <time>2026-05-04T03:02:46.4240000+00:00</time>
      </trkpt>
      <trkpt lat="46.76709" lon="8.11024">
        <ele>1597.38</ele>
        <time>2026-05-04T03:02:53.2790000+00:00</time>
      </trkpt>
      <trkpt lat="46.76707" lon="8.11025">
        <ele>1596.3</ele>
        <time>2026-05-04T03:02:56.2650000+00:00</time>
      </trkpt>
      <trkpt lat="46.76706" lon="8.11027">
        <ele>1596.33</ele>
        <time>2026-05-04T03:02:58.6620000+00:00</time>
      </trkpt>
      <trkpt lat="46.76703" lon="8.11027">
        <ele>1594.11</ele>
        <time>2026-05-04T03:03:02.9030000+00:00</time>
      </trkpt>
      <trkpt lat="46.76701" lon="8.11029">
        <ele>1593.38</ele>
        <time>2026-05-04T03:03:06.3300000+00:00</time>
      </trkpt>
      <trkpt lat="46.76699" lon="8.11031">
        <ele>1592.64</ele>
        <time>2026-05-04T03:03:09.7570000+00:00</time>
      </trkpt>
      <trkpt lat="46.76698" lon="8.11033">
        <ele>1592.63</ele>
        <time>2026-05-04T03:03:12.1570000+00:00</time>
      </trkpt>
      <trkpt lat="46.76696" lon="8.11035">
        <ele>1591.86</ele>
        <time>2026-05-04T03:03:15.5840000+00:00</time>
      </trkpt>
      <trkpt lat="46.76692" lon="8.1104">
        <ele>1590.64</ele>
        <time>2026-05-04T03:03:23.0300000+00:00</time>
      </trkpt>
      <trkpt lat="46.76689" lon="8.11041">
        <ele>1588.7</ele>
        <time>2026-05-04T03:03:27.3810000+00:00</time>
      </trkpt>
      <trkpt lat="46.76688" lon="8.11043">
        <ele>1588.63</ele>
        <time>2026-05-04T03:03:29.7810000+00:00</time>
      </trkpt>
      <trkpt lat="46.76682" lon="8.11046">
        <ele>1585.98</ele>
        <time>2026-05-04T03:03:38.7490000+00:00</time>
      </trkpt>
      <trkpt lat="46.76669" lon="8.11053">
        <ele>1581.31</ele>
        <time>2026-05-04T03:03:58.3410000+00:00</time>
      </trkpt>
      <trkpt lat="46.76667" lon="8.11055">
        <ele>1580.9</ele>
        <time>2026-05-04T03:04:01.7690000+00:00</time>
      </trkpt>
      <trkpt lat="46.76655" lon="8.11066">
        <ele>1578.07</ele>
        <time>2026-05-04T03:04:21.8050000+00:00</time>
      </trkpt>
      <trkpt lat="46.76652" lon="8.11068">
        <ele>1577.1</ele>
        <time>2026-05-04T03:04:26.4680000+00:00</time>
      </trkpt>
      <trkpt lat="46.76651" lon="8.1107">
        <ele>1577.22</ele>
        <time>2026-05-04T03:04:28.8670000+00:00</time>
      </trkpt>
      <trkpt lat="46.76647" lon="8.11072">
        <ele>1575.69</ele>
        <time>2026-05-04T03:04:34.8470000+00:00</time>
      </trkpt>
      <trkpt lat="46.76645" lon="8.11074">
        <ele>1575.26</ele>
        <time>2026-05-04T03:04:38.2740000+00:00</time>
      </trkpt>
      <trkpt lat="46.76644" lon="8.11074">
        <ele>1574.71</ele>
        <time>2026-05-04T03:04:39.6820000+00:00</time>
      </trkpt>
      <trkpt lat="46.76645" lon="8.11071">
        <ele>1574.25</ele>
        <time>2026-05-04T03:04:42.9120000+00:00</time>
      </trkpt>
      <trkpt lat="46.76646" lon="8.11069">
        <ele>1574.13</ele>
        <time>2026-05-04T03:04:45.3090000+00:00</time>
      </trkpt>
      <trkpt lat="46.76646" lon="8.11068">
        <ele>1573.79</ele>
        <time>2026-05-04T03:04:46.2750000+00:00</time>
      </trkpt>
      <trkpt lat="46.76645" lon="8.11068">
        <ele>1573.24</ele>
        <time>2026-05-04T03:04:47.6820000+00:00</time>
      </trkpt>
      <trkpt lat="46.76644" lon="8.11069">
        <ele>1573.03</ele>
        <time>2026-05-04T03:04:49.3940000+00:00</time>
      </trkpt>
      <trkpt lat="46.76643" lon="8.11071">
        <ele>1573.15</ele>
        <time>2026-05-04T03:04:51.7930000+00:00</time>
      </trkpt>
      <trkpt lat="46.76642" lon="8.11071">
        <ele>1572.6</ele>
        <time>2026-05-04T03:04:53.2010000+00:00</time>
      </trkpt>
      <trkpt lat="46.76639" lon="8.11071">
        <ele>1570.94</ele>
        <time>2026-05-04T03:04:57.4420000+00:00</time>
      </trkpt>
      <trkpt lat="46.76637" lon="8.11072">
        <ele>1570.17</ele>
        <time>2026-05-04T03:05:00.4340000+00:00</time>
      </trkpt>
      <trkpt lat="46.76636" lon="8.11073">
        <ele>1569.96</ele>
        <time>2026-05-04T03:05:02.1500000+00:00</time>
      </trkpt>
      <trkpt lat="46.76632" lon="8.11073">
        <ele>1567.75</ele>
        <time>2026-05-04T03:05:07.8060000+00:00</time>
      </trkpt>
      <trkpt lat="46.7663" lon="8.11072">
        <ele>1566.31</ele>
        <time>2026-05-04T03:05:10.7970000+00:00</time>
      </trkpt>
      <trkpt lat="46.76628" lon="8.11073">
        <ele>1565.54</ele>
        <time>2026-05-04T03:05:13.7890000+00:00</time>
      </trkpt>
      <trkpt lat="46.76626" lon="8.11075">
        <ele>1565.1</ele>
        <time>2026-05-04T03:05:17.2160000+00:00</time>
      </trkpt>
      <trkpt lat="46.76624" lon="8.11075">
        <ele>1563.99</ele>
        <time>2026-05-04T03:05:20.0420000+00:00</time>
      </trkpt>
      <trkpt lat="46.76622" lon="8.11075">
        <ele>1562.88</ele>
        <time>2026-05-04T03:05:22.8680000+00:00</time>
      </trkpt>
      <trkpt lat="46.7662" lon="8.11078">
        <ele>1562.75</ele>
        <time>2026-05-04T03:05:26.9230000+00:00</time>
      </trkpt>
      <trkpt lat="46.76618" lon="8.11078">
        <ele>1561.64</ele>
        <time>2026-05-04T03:05:29.7490000+00:00</time>
      </trkpt>
      <trkpt lat="46.76616" lon="8.11078">
        <ele>1560.52</ele>
        <time>2026-05-04T03:05:32.5780000+00:00</time>
      </trkpt>
      <trkpt lat="46.76616" lon="8.11077">
        <ele>1560.2</ele>
        <time>2026-05-04T03:05:33.5510000+00:00</time>
      </trkpt>
      <trkpt lat="46.76613" lon="8.11079">
        <ele>1559.16</ele>
        <time>2026-05-04T03:05:38.2140000+00:00</time>
      </trkpt>
      <trkpt lat="46.76611" lon="8.11081">
        <ele>1558.66</ele>
        <time>2026-05-04T03:05:41.6420000+00:00</time>
      </trkpt>
      <trkpt lat="46.76609" lon="8.11083">
        <ele>1558.16</ele>
        <time>2026-05-04T03:05:45.0690000+00:00</time>
      </trkpt>
      <trkpt lat="46.76608" lon="8.11083">
        <ele>1557.59</ele>
        <time>2026-05-04T03:05:46.4870000+00:00</time>
      </trkpt>
      <trkpt lat="46.76608" lon="8.11082">
        <ele>1557.29</ele>
        <time>2026-05-04T03:05:47.4530000+00:00</time>
      </trkpt>
      <trkpt lat="46.76608" lon="8.11081">
        <ele>1556.98</ele>
        <time>2026-05-04T03:05:48.4190000+00:00</time>
      </trkpt>
      <trkpt lat="46.76609" lon="8.11079">
        <ele>1556.92</ele>
        <time>2026-05-04T03:05:50.8180000+00:00</time>
      </trkpt>
      <trkpt lat="46.7661" lon="8.11077">
        <ele>1556.86</ele>
        <time>2026-05-04T03:05:53.2150000+00:00</time>
      </trkpt>
      <trkpt lat="46.7661" lon="8.11075">
        <ele>1556.24</ele>
        <time>2026-05-04T03:05:55.1540000+00:00</time>
      </trkpt>
      <trkpt lat="46.7661" lon="8.11073">
        <ele>1555.6</ele>
        <time>2026-05-04T03:05:57.0930000+00:00</time>
      </trkpt>
      <trkpt lat="46.76609" lon="8.11072">
        <ele>1554.72</ele>
        <time>2026-05-04T03:05:58.8090000+00:00</time>
      </trkpt>
      <trkpt lat="46.76608" lon="8.11071">
        <ele>1553.84</ele>
        <time>2026-05-04T03:06:00.5250000+00:00</time>
      </trkpt>
      <trkpt lat="46.76607" lon="8.11071">
        <ele>1553.29</ele>
        <time>2026-05-04T03:06:01.9320000+00:00</time>
      </trkpt>
      <trkpt lat="46.76606" lon="8.11072">
        <ele>1553.07</ele>
        <time>2026-05-04T03:06:03.6480000+00:00</time>
      </trkpt>
      <trkpt lat="46.76605" lon="8.11073">
        <ele>1552.84</ele>
        <time>2026-05-04T03:06:05.3640000+00:00</time>
      </trkpt>
      <trkpt lat="46.76604" lon="8.11075">
        <ele>1552.92</ele>
        <time>2026-05-04T03:06:07.7600000+00:00</time>
      </trkpt>
      <trkpt lat="46.76598" lon="8.1108">
        <ele>1550.91</ele>
        <time>2026-05-04T03:06:17.5300000+00:00</time>
      </trkpt>
      <trkpt lat="46.76595" lon="8.11082">
        <ele>1549.72</ele>
        <time>2026-05-04T03:06:22.1930000+00:00</time>
      </trkpt>
      <trkpt lat="46.76591" lon="8.11084">
        <ele>1547.92</ele>
        <time>2026-05-04T03:06:28.1710000+00:00</time>
      </trkpt>
      <trkpt lat="46.76587" lon="8.11088">
        <ele>1546.7</ele>
        <time>2026-05-04T03:06:35.0270000+00:00</time>
      </trkpt>
      <trkpt lat="46.76585" lon="8.1109">
        <ele>1546.07</ele>
        <time>2026-05-04T03:06:38.4540000+00:00</time>
      </trkpt>
      <trkpt lat="46.76583" lon="8.11095">
        <ele>1546.3</ele>
        <time>2026-05-04T03:06:44.0620000+00:00</time>
      </trkpt>
      <trkpt lat="46.76581" lon="8.11096">
        <ele>1545.38</ele>
        <time>2026-05-04T03:06:47.0490000+00:00</time>
      </trkpt>
      <trkpt lat="46.76578" lon="8.11098">
        <ele>1544.13</ele>
        <time>2026-05-04T03:06:51.7120000+00:00</time>
      </trkpt>
      <trkpt lat="46.76576" lon="8.111">
        <ele>1543.48</ele>
        <time>2026-05-04T03:06:55.1400000+00:00</time>
      </trkpt>
      <trkpt lat="46.76575" lon="8.111">
        <ele>1542.88</ele>
        <time>2026-05-04T03:06:56.5530000+00:00</time>
      </trkpt>
      <trkpt lat="46.76575" lon="8.11099">
        <ele>1542.6</ele>
        <time>2026-05-04T03:06:57.5330000+00:00</time>
      </trkpt>
      <trkpt lat="46.76574" lon="8.11099">
        <ele>1541.99</ele>
        <time>2026-05-04T03:06:58.9520000+00:00</time>
      </trkpt>
      <trkpt lat="46.76572" lon="8.11102">
        <ele>1541.61</ele>
        <time>2026-05-04T03:07:03.0060000+00:00</time>
      </trkpt>
      <trkpt lat="46.7657" lon="8.11104">
        <ele>1540.95</ele>
        <time>2026-05-04T03:07:06.4340000+00:00</time>
      </trkpt>
      <trkpt lat="46.76566" lon="8.11108">
        <ele>1539.6</ele>
        <time>2026-05-04T03:07:13.2890000+00:00</time>
      </trkpt>
      <trkpt lat="46.76565" lon="8.1111">
        <ele>1539.53</ele>
        <time>2026-05-04T03:07:15.6880000+00:00</time>
      </trkpt>
      <trkpt lat="46.76564" lon="8.11112">
        <ele>1539.47</ele>
        <time>2026-05-04T03:07:18.0900000+00:00</time>
      </trkpt>
      <trkpt lat="46.76562" lon="8.11116">
        <ele>1539.32</ele>
        <time>2026-05-04T03:07:22.8860000+00:00</time>
      </trkpt>
      <trkpt lat="46.7655" lon="8.11131">
        <ele>1535.82</ele>
        <time>2026-05-04T03:07:45.2250000+00:00</time>
      </trkpt>
      <trkpt lat="46.76533" lon="8.11159">
        <ele>1532.12</ele>
        <time>2026-05-04T03:08:21.4650000+00:00</time>
      </trkpt>
      <trkpt lat="46.76526" lon="8.1118">
        <ele>1532.59</ele>
        <time>2026-05-04T03:08:44.0860000+00:00</time>
      </trkpt>
      <trkpt lat="46.76516" lon="8.11209">
        <ele>1531.9</ele>
        <time>2026-05-04T03:09:15.5340000+00:00</time>
      </trkpt>
      <trkpt lat="46.76494" lon="8.11244">
        <ele>1521.19</ele>
        <time>2026-05-04T03:10:01.5450000+00:00</time>
      </trkpt>
      <trkpt lat="46.76478" lon="8.11266">
        <ele>1512.54</ele>
        <time>2026-05-04T03:10:32.6250000+00:00</time>
      </trkpt>
      <trkpt lat="46.76465" lon="8.11281">
        <ele>1505.3</ele>
        <time>2026-05-04T03:10:56.0550000+00:00</time>
      </trkpt>
      <trkpt lat="46.76459" lon="8.11287">
        <ele>1501.86</ele>
        <time>2026-05-04T03:11:06.3390000+00:00</time>
      </trkpt>
      <trkpt lat="46.76457" lon="8.11289">
        <ele>1500.73</ele>
        <time>2026-05-04T03:11:09.7660000+00:00</time>
      </trkpt>
      <trkpt lat="46.76445" lon="8.11293">
        <ele>1492.12</ele>
        <time>2026-05-04T03:11:27.1720000+00:00</time>
      </trkpt>
      <trkpt lat="46.76442" lon="8.11294">
        <ele>1489.99</ele>
        <time>2026-05-04T03:11:31.5230000+00:00</time>
      </trkpt>
      <trkpt lat="46.7644" lon="8.11298">
        <ele>1489.39</ele>
        <time>2026-05-04T03:11:36.3200000+00:00</time>
      </trkpt>
      <trkpt lat="46.76437" lon="8.11301">
        <ele>1487.77</ele>
        <time>2026-05-04T03:11:41.4620000+00:00</time>
      </trkpt>
      <trkpt lat="46.76434" lon="8.11301">
        <ele>1486.1</ele>
        <time>2026-05-04T03:11:45.7030000+00:00</time>
      </trkpt>
      <trkpt lat="46.7643" lon="8.113">
        <ele>1483.88</ele>
        <time>2026-05-04T03:11:51.4420000+00:00</time>
      </trkpt>
      <trkpt lat="46.76428" lon="8.113">
        <ele>1482.9</ele>
        <time>2026-05-04T03:11:54.2710000+00:00</time>
      </trkpt>
      <trkpt lat="46.76422" lon="8.11303">
        <ele>1480.73</ele>
        <time>2026-05-04T03:12:03.2390000+00:00</time>
      </trkpt>
      <trkpt lat="46.76413" lon="8.11307">
        <ele>1477.37</ele>
        <time>2026-05-04T03:12:16.5420000+00:00</time>
      </trkpt>
      <trkpt lat="46.76406" lon="8.11309">
        <ele>1474.49</ele>
        <time>2026-05-04T03:12:26.6290000+00:00</time>
      </trkpt>
      <trkpt lat="46.76398" lon="8.11315">
        <ele>1472.21</ele>
        <time>2026-05-04T03:12:39.3470000+00:00</time>
      </trkpt>
      <trkpt lat="46.76393" lon="8.11318">
        <ele>1470.6</ele>
        <time>2026-05-04T03:12:46.9910000+00:00</time>
      </trkpt>
      <trkpt lat="46.76389" lon="8.11322">
        <ele>1469.76</ele>
        <time>2026-05-04T03:12:53.8470000+00:00</time>
      </trkpt>
      <trkpt lat="46.76384" lon="8.1133">
        <ele>1468.91</ele>
        <time>2026-05-04T03:13:04.3360000+00:00</time>
      </trkpt>
      <trkpt lat="46.7638" lon="8.1134">
        <ele>1468.65</ele>
        <time>2026-05-04T03:13:15.5530000+00:00</time>
      </trkpt>
      <trkpt lat="46.76377" lon="8.11344">
        <ele>1467.86</ele>
        <time>2026-05-04T03:13:21.2970000+00:00</time>
      </trkpt>
      <trkpt lat="46.76375" lon="8.11344">
        <ele>1466.88</ele>
        <time>2026-05-04T03:13:24.1260000+00:00</time>
      </trkpt>
      <trkpt lat="46.76368" lon="8.11341">
        <ele>1462.97</ele>
        <time>2026-05-04T03:13:34.4410000+00:00</time>
      </trkpt>
      <trkpt lat="46.76365" lon="8.1134">
        <ele>1461.34</ele>
        <time>2026-05-04T03:13:38.7910000+00:00</time>
      </trkpt>
      <trkpt lat="46.7636" lon="8.11342">
        <ele>1459.22</ele>
        <time>2026-05-04T03:13:46.1230000+00:00</time>
      </trkpt>
      <trkpt lat="46.76355" lon="8.11347">
        <ele>1457.57</ele>
        <time>2026-05-04T03:13:54.6930000+00:00</time>
      </trkpt>
      <trkpt lat="46.76353" lon="8.11348">
        <ele>1456.75</ele>
        <time>2026-05-04T03:13:57.6850000+00:00</time>
      </trkpt>
      <trkpt lat="46.7635" lon="8.11348">
        <ele>1455.65</ele>
        <time>2026-05-04T03:14:01.9260000+00:00</time>
      </trkpt>
      <trkpt lat="46.76347" lon="8.11346">
        <ele>1454.24</ele>
        <time>2026-05-04T03:14:06.5890000+00:00</time>
      </trkpt>
      <trkpt lat="46.76345" lon="8.1134">
        <ele>1452.58</ele>
        <time>2026-05-04T03:14:13.0520000+00:00</time>
      </trkpt>
      <trkpt lat="46.76342" lon="8.11336">
        <ele>1450.87</ele>
        <time>2026-05-04T03:14:18.7970000+00:00</time>
      </trkpt>
      <trkpt lat="46.76333" lon="8.11329">
        <ele>1446.55</ele>
        <time>2026-05-04T03:14:33.2170000+00:00</time>
      </trkpt>
      <trkpt lat="46.76317" lon="8.11308">
        <ele>1435.52</ele>
        <time>2026-05-04T03:15:03.6410000+00:00</time>
      </trkpt>
      <trkpt lat="46.76307" lon="8.11304">
        <ele>1430.81</ele>
        <time>2026-05-04T03:15:18.3030000+00:00</time>
      </trkpt>
      <trkpt lat="46.76298" lon="8.11309">
        <ele>1428.99</ele>
        <time>2026-05-04T03:15:31.9200000+00:00</time>
      </trkpt>
      <trkpt lat="46.76292" lon="8.1131">
        <ele>1427.12</ele>
        <time>2026-05-04T03:15:40.4600000+00:00</time>
      </trkpt>
      <trkpt lat="46.76289" lon="8.1131">
        <ele>1426.05</ele>
        <time>2026-05-04T03:15:44.7020000+00:00</time>
      </trkpt>
      <trkpt lat="46.76286" lon="8.11308">
        <ele>1424.42</ele>
        <time>2026-05-04T03:15:49.3650000+00:00</time>
      </trkpt>
      <trkpt lat="46.76284" lon="8.11308">
        <ele>1423.7</ele>
        <time>2026-05-04T03:15:52.1940000+00:00</time>
      </trkpt>
      <trkpt lat="46.76281" lon="8.11309">
        <ele>1422.91</ele>
        <time>2026-05-04T03:15:56.5450000+00:00</time>
      </trkpt>
      <trkpt lat="46.76276" lon="8.11312">
        <ele>1421.95</ele>
        <time>2026-05-04T03:16:04.1900000+00:00</time>
      </trkpt>
      <trkpt lat="46.76273" lon="8.11314">
        <ele>1421.42</ele>
        <time>2026-05-04T03:16:08.8570000+00:00</time>
      </trkpt>
      <trkpt lat="46.76271" lon="8.11316">
        <ele>1421.26</ele>
        <time>2026-05-04T03:16:12.2840000+00:00</time>
      </trkpt>
      <trkpt lat="46.76271" lon="8.11319">
        <ele>1422.09</ele>
        <time>2026-05-04T03:16:15.1860000+00:00</time>
      </trkpt>
      <trkpt lat="46.76271" lon="8.11329">
        <ele>1424.12</ele>
        <time>2026-05-04T03:16:24.8720000+00:00</time>
      </trkpt>
      <trkpt lat="46.76271" lon="8.11335">
        <ele>1424.91</ele>
        <time>2026-05-04T03:16:30.6820000+00:00</time>
      </trkpt>
      <trkpt lat="46.76272" lon="8.11347">
        <ele>1426.87</ele>
        <time>2026-05-04T03:16:42.3900000+00:00</time>
      </trkpt>
      <trkpt lat="46.76271" lon="8.11354">
        <ele>1427.43</ele>
        <time>2026-05-04T03:16:49.3160000+00:00</time>
      </trkpt>
      <trkpt lat="46.7627" lon="8.11363">
        <ele>1428.25</ele>
        <time>2026-05-04T03:16:58.1460000+00:00</time>
      </trkpt>
      <trkpt lat="46.76272" lon="8.11375">
        <ele>1430.59</ele>
        <time>2026-05-04T03:17:10.1080000+00:00</time>
      </trkpt>
      <trkpt lat="46.76276" lon="8.11391">
        <ele>1434.23</ele>
        <time>2026-05-04T03:17:26.6070000+00:00</time>
      </trkpt>
      <trkpt lat="46.76276" lon="8.11397">
        <ele>1435.03</ele>
        <time>2026-05-04T03:17:32.4190000+00:00</time>
      </trkpt>
      <trkpt lat="46.76275" lon="8.11408">
        <ele>1435.89</ele>
        <time>2026-05-04T03:17:43.1680000+00:00</time>
      </trkpt>
      <trkpt lat="46.76274" lon="8.11421">
        <ele>1433.62</ele>
        <time>2026-05-04T03:17:55.8390000+00:00</time>
      </trkpt>
      <trkpt lat="46.76274" lon="8.11426">
        <ele>1432.9</ele>
        <time>2026-05-04T03:18:00.6840000+00:00</time>
      </trkpt>
      <trkpt lat="46.76273" lon="8.1143">
        <ele>1431.94</ele>
        <time>2026-05-04T03:18:04.8090000+00:00</time>
      </trkpt>
      <trkpt lat="46.76269" lon="8.11435">
        <ele>1429.66</ele>
        <time>2026-05-04T03:18:12.2560000+00:00</time>
      </trkpt>
      <trkpt lat="46.76266" lon="8.11444">
        <ele>1427.13</ele>
        <time>2026-05-04T03:18:21.9520000+00:00</time>
      </trkpt>
      <trkpt lat="46.76266" lon="8.11453">
        <ele>1425.87</ele>
        <time>2026-05-04T03:18:30.6700000+00:00</time>
      </trkpt>
      <trkpt lat="46.76267" lon="8.11462">
        <ele>1425.01</ele>
        <time>2026-05-04T03:18:39.5010000+00:00</time>
      </trkpt>
      <trkpt lat="46.76266" lon="8.11469">
        <ele>1423.63</ele>
        <time>2026-05-04T03:18:46.4280000+00:00</time>
      </trkpt>
      <trkpt lat="46.76265" lon="8.11481">
        <ele>1421.59</ele>
        <time>2026-05-04T03:18:58.1380000+00:00</time>
      </trkpt>
      <trkpt lat="46.76264" lon="8.11488">
        <ele>1420.25</ele>
        <time>2026-05-04T03:19:05.0650000+00:00</time>
      </trkpt>
      <trkpt lat="46.7626" lon="8.11498">
        <ele>1417.03</ele>
        <time>2026-05-04T03:19:16.2810000+00:00</time>
      </trkpt>
      <trkpt lat="46.76258" lon="8.11502">
        <ele>1415.57</ele>
        <time>2026-05-04T03:19:21.0770000+00:00</time>
      </trkpt>
      <trkpt lat="46.76257" lon="8.11506">
        <ele>1414.48</ele>
        <time>2026-05-04T03:19:25.2010000+00:00</time>
      </trkpt>
      <trkpt lat="46.76257" lon="8.11515">
        <ele>1412.79</ele>
        <time>2026-05-04T03:19:33.9190000+00:00</time>
      </trkpt>
      <trkpt lat="46.76256" lon="8.11518">
        <ele>1411.9</ele>
        <time>2026-05-04T03:19:37.1530000+00:00</time>
      </trkpt>
      <trkpt lat="46.76255" lon="8.11524">
        <ele>1410.47</ele>
        <time>2026-05-04T03:19:43.1340000+00:00</time>
      </trkpt>
      <trkpt lat="46.76257" lon="8.11534">
        <ele>1409.22</ele>
        <time>2026-05-04T03:19:53.2240000+00:00</time>
      </trkpt>
      <trkpt lat="46.76257" lon="8.11542">
        <ele>1407.72</ele>
        <time>2026-05-04T03:20:00.9740000+00:00</time>
      </trkpt>
      <trkpt lat="46.76259" lon="8.11562">
        <ele>1404.51</ele>
        <time>2026-05-04T03:20:20.5510000+00:00</time>
      </trkpt>
      <trkpt lat="46.7626" lon="8.11568">
        <ele>1403.62</ele>
        <time>2026-05-04T03:20:26.5320000+00:00</time>
      </trkpt>
      <trkpt lat="46.76266" lon="8.11574">
        <ele>1403.96</ele>
        <time>2026-05-04T03:20:36.8150000+00:00</time>
      </trkpt>
      <trkpt lat="46.76269" lon="8.11578">
        <ele>1403.61</ele>
        <time>2026-05-04T03:20:42.5610000+00:00</time>
      </trkpt>
      <trkpt lat="46.7627" lon="8.11583">
        <ele>1402.49</ele>
        <time>2026-05-04T03:20:47.6060000+00:00</time>
      </trkpt>
      <trkpt lat="46.7627" lon="8.11594">
        <ele>1399.45</ele>
        <time>2026-05-04T03:20:58.2600000+00:00</time>
      </trkpt>
      <trkpt lat="46.76271" lon="8.11606">
        <ele>1396.43</ele>
        <time>2026-05-04T03:21:09.9690000+00:00</time>
      </trkpt>
      <trkpt lat="46.76273" lon="8.11614">
        <ele>1394.81</ele>
        <time>2026-05-04T03:21:18.2170000+00:00</time>
      </trkpt>
      <trkpt lat="46.76276" lon="8.11617">
        <ele>1394.87</ele>
        <time>2026-05-04T03:21:23.3620000+00:00</time>
      </trkpt>
      <trkpt lat="46.76279" lon="8.11623">
        <ele>1394.1</ele>
        <time>2026-05-04T03:21:30.5570000+00:00</time>
      </trkpt>
      <trkpt lat="46.7628" lon="8.11628">
        <ele>1393.02</ele>
        <time>2026-05-04T03:21:35.6010000+00:00</time>
      </trkpt>
      <trkpt lat="46.76279" lon="8.11636">
        <ele>1390.53</ele>
        <time>2026-05-04T03:21:43.4770000+00:00</time>
      </trkpt>
      <trkpt lat="46.7628" lon="8.11642">
        <ele>1389.18</ele>
        <time>2026-05-04T03:21:49.4580000+00:00</time>
      </trkpt>
      <trkpt lat="46.76283" lon="8.11644">
        <ele>1389.52</ele>
        <time>2026-05-04T03:21:54.1210000+00:00</time>
      </trkpt>
      <trkpt lat="46.76286" lon="8.11648">
        <ele>1389.32</ele>
        <time>2026-05-04T03:21:59.8650000+00:00</time>
      </trkpt>
      <trkpt lat="46.76287" lon="8.11652">
        <ele>1388.53</ele>
        <time>2026-05-04T03:22:03.9910000+00:00</time>
      </trkpt>
      <trkpt lat="46.76287" lon="8.11657">
        <ele>1387.16</ele>
        <time>2026-05-04T03:22:08.8350000+00:00</time>
      </trkpt>
      <trkpt lat="46.76288" lon="8.11661">
        <ele>1386.46</ele>
        <time>2026-05-04T03:22:12.9600000+00:00</time>
      </trkpt>
      <trkpt lat="46.76288" lon="8.11667">
        <ele>1384.96</ele>
        <time>2026-05-04T03:22:18.7720000+00:00</time>
      </trkpt>
      <trkpt lat="46.7629" lon="8.11674">
        <ele>1383.82</ele>
        <time>2026-05-04T03:22:26.1180000+00:00</time>
      </trkpt>
      <trkpt lat="46.76293" lon="8.1168">
        <ele>1383.24</ele>
        <time>2026-05-04T03:22:33.3140000+00:00</time>
      </trkpt>
      <trkpt lat="46.76297" lon="8.11692">
        <ele>1381.47</ele>
        <time>2026-05-04T03:22:46.2400000+00:00</time>
      </trkpt>
      <trkpt lat="46.76299" lon="8.11704">
        <ele>1379.11</ele>
        <time>2026-05-04T03:22:58.2020000+00:00</time>
      </trkpt>
      <trkpt lat="46.763" lon="8.11711">
        <ele>1377.68</ele>
        <time>2026-05-04T03:23:05.1280000+00:00</time>
      </trkpt>
      <trkpt lat="46.76299" lon="8.11718">
        <ele>1375.64</ele>
        <time>2026-05-04T03:23:12.0540000+00:00</time>
      </trkpt>
      <trkpt lat="46.76298" lon="8.11725">
        <ele>1373.59</ele>
        <time>2026-05-04T03:23:18.9810000+00:00</time>
      </trkpt>
      <trkpt lat="46.76297" lon="8.11729">
        <ele>1372.29</ele>
        <time>2026-05-04T03:23:23.1070000+00:00</time>
      </trkpt>
      <trkpt lat="46.76297" lon="8.11733">
        <ele>1371.29</ele>
        <time>2026-05-04T03:23:26.9810000+00:00</time>
      </trkpt>
      <trkpt lat="46.76294" lon="8.11741">
        <ele>1368.38</ele>
        <time>2026-05-04T03:23:35.8150000+00:00</time>
      </trkpt>
      <trkpt lat="46.76292" lon="8.11745">
        <ele>1366.82</ele>
        <time>2026-05-04T03:23:40.6120000+00:00</time>
      </trkpt>
      <trkpt lat="46.7629" lon="8.11757">
        <ele>1363.39</ele>
        <time>2026-05-04T03:23:52.5740000+00:00</time>
      </trkpt>
      <trkpt lat="46.76289" lon="8.11759">
        <ele>1362.61</ele>
        <time>2026-05-04T03:23:54.9710000+00:00</time>
      </trkpt>
      <trkpt lat="46.76286" lon="8.11761">
        <ele>1361.23</ele>
        <time>2026-05-04T03:23:59.6340000+00:00</time>
      </trkpt>
      <trkpt lat="46.76287" lon="8.11766">
        <ele>1360.37</ele>
        <time>2026-05-04T03:24:04.6800000+00:00</time>
      </trkpt>
      <trkpt lat="46.76287" lon="8.11767">
        <ele>1360.13</ele>
        <time>2026-05-04T03:24:05.6460000+00:00</time>
      </trkpt>
      <trkpt lat="46.76289" lon="8.11777">
        <ele>1358.41</ele>
        <time>2026-05-04T03:24:15.7360000+00:00</time>
      </trkpt>
      <trkpt lat="46.76288" lon="8.1178">
        <ele>1357.4</ele>
        <time>2026-05-04T03:24:18.9660000+00:00</time>
      </trkpt>
      <trkpt lat="46.76286" lon="8.11784">
        <ele>1355.87</ele>
        <time>2026-05-04T03:24:23.7640000+00:00</time>
      </trkpt>
      <trkpt lat="46.76286" lon="8.11791">
        <ele>1354.24</ele>
        <time>2026-05-04T03:24:30.5440000+00:00</time>
      </trkpt>
      <trkpt lat="46.76288" lon="8.11794">
        <ele>1354.14</ele>
        <time>2026-05-04T03:24:34.5980000+00:00</time>
      </trkpt>
      <trkpt lat="46.76289" lon="8.11797">
        <ele>1353.73</ele>
        <time>2026-05-04T03:24:37.8290000+00:00</time>
      </trkpt>
      <trkpt lat="46.76293" lon="8.11805">
        <ele>1353.04</ele>
        <time>2026-05-04T03:24:47.4230000+00:00</time>
      </trkpt>
      <trkpt lat="46.76298" lon="8.1182">
        <ele>1350.96</ele>
        <time>2026-05-04T03:25:03.5820000+00:00</time>
      </trkpt>
      <trkpt lat="46.76303" lon="8.11836">
        <ele>1348.45</ele>
        <time>2026-05-04T03:25:20.6160000+00:00</time>
      </trkpt>
      <trkpt lat="46.76304" lon="8.11841">
        <ele>1347.48</ele>
        <time>2026-05-04T03:25:25.6610000+00:00</time>
      </trkpt>
      <trkpt lat="46.76309" lon="8.11846">
        <ele>1347.64</ele>
        <time>2026-05-04T03:25:34.2320000+00:00</time>
      </trkpt>
      <trkpt lat="46.76314" lon="8.11854">
        <ele>1347.03</ele>
        <time>2026-05-04T03:25:44.7220000+00:00</time>
      </trkpt>
      <trkpt lat="46.76321" lon="8.11858">
        <ele>1347.96</ele>
        <time>2026-05-04T03:25:55.3510000+00:00</time>
      </trkpt>
      <trkpt lat="46.76323" lon="8.11861">
        <ele>1347.75</ele>
        <time>2026-05-04T03:25:59.4070000+00:00</time>
      </trkpt>
      <trkpt lat="46.76326" lon="8.11869">
        <ele>1346.53</ele>
        <time>2026-05-04T03:26:08.2410000+00:00</time>
      </trkpt>
      <trkpt lat="46.76333" lon="8.11893">
        <ele>1342.26</ele>
        <time>2026-05-04T03:26:33.5080000+00:00</time>
      </trkpt>
      <trkpt lat="46.76342" lon="8.11916">
        <ele>1338.53</ele>
        <time>2026-05-04T03:26:59.1650000+00:00</time>
      </trkpt>
      <trkpt lat="46.76342" lon="8.11937">
        <ele>1332.73</ele>
        <time>2026-05-04T03:27:19.5060000+00:00</time>
      </trkpt>
      <trkpt lat="46.76349" lon="8.11947">
        <ele>1331.81</ele>
        <time>2026-05-04T03:27:33.3550000+00:00</time>
      </trkpt>
      <trkpt lat="46.7636" lon="8.11957">
        <ele>1331.79</ele>
        <time>2026-05-04T03:27:51.6790000+00:00</time>
      </trkpt>
      <trkpt lat="46.76363" lon="8.11964">
        <ele>1330.58</ele>
        <time>2026-05-04T03:27:59.6780000+00:00</time>
      </trkpt>
      <trkpt lat="46.76366" lon="8.11969">
        <ele>1329.92</ele>
        <time>2026-05-04T03:28:06.1190000+00:00</time>
      </trkpt>
      <trkpt lat="46.76367" lon="8.11974">
        <ele>1328.78</ele>
        <time>2026-05-04T03:28:11.1650000+00:00</time>
      </trkpt>
      <trkpt lat="46.76367" lon="8.1198">
        <ele>1327.12</ele>
        <time>2026-05-04T03:28:16.9770000+00:00</time>
      </trkpt>
      <trkpt lat="46.76374" lon="8.11999">
        <ele>1322.9</ele>
        <time>2026-05-04T03:28:37.8740000+00:00</time>
      </trkpt>
      <trkpt lat="46.76372" lon="8.12005">
        <ele>1320.3</ele>
        <time>2026-05-04T03:28:44.3380000+00:00</time>
      </trkpt>
      <trkpt lat="46.76356" lon="8.1202">
        <ele>1310.65</ele>
        <time>2026-05-04T03:29:11.2260000+00:00</time>
      </trkpt>
      <trkpt lat="46.76353" lon="8.12025">
        <ele>1307.96</ele>
        <time>2026-05-04T03:29:17.6640000+00:00</time>
      </trkpt>
      <trkpt lat="46.76348" lon="8.1203">
        <ele>1304.95</ele>
        <time>2026-05-04T03:29:26.2340000+00:00</time>
      </trkpt>
      <trkpt lat="46.76345" lon="8.12032">
        <ele>1303.53</ele>
        <time>2026-05-04T03:29:30.8960000+00:00</time>
      </trkpt>
      <trkpt lat="46.76335" lon="8.12031">
        <ele>1301.61</ele>
        <time>2026-05-04T03:29:45.0690000+00:00</time>
      </trkpt>
      <trkpt lat="46.76332" lon="8.1203">
        <ele>1301.28</ele>
        <time>2026-05-04T03:29:49.4220000+00:00</time>
      </trkpt>
      <trkpt lat="46.76329" lon="8.12027">
        <ele>1301.65</ele>
        <time>2026-05-04T03:29:54.5650000+00:00</time>
      </trkpt>
      <trkpt lat="46.76322" lon="8.12026">
        <ele>1300.37</ele>
        <time>2026-05-04T03:30:04.5100000+00:00</time>
      </trkpt>
      <trkpt lat="46.76319" lon="8.12026">
        <ele>1299.67</ele>
        <time>2026-05-04T03:30:08.7510000+00:00</time>
      </trkpt>
      <trkpt lat="46.76314" lon="8.12022">
        <ele>1299.86</ele>
        <time>2026-05-04T03:30:16.8140000+00:00</time>
      </trkpt>
      <trkpt lat="46.76307" lon="8.12016">
        <ele>1300.19</ele>
        <time>2026-05-04T03:30:28.2920000+00:00</time>
      </trkpt>
      <trkpt lat="46.76304" lon="8.12013">
        <ele>1300.46</ele>
        <time>2026-05-04T03:30:33.4340000+00:00</time>
      </trkpt>
      <trkpt lat="46.76303" lon="8.12014">
        <ele>1299.89</ele>
        <time>2026-05-04T03:30:35.1500000+00:00</time>
      </trkpt>
      <trkpt lat="46.76303" lon="8.12016">
        <ele>1299.23</ele>
        <time>2026-05-04T03:30:37.0850000+00:00</time>
      </trkpt>
      <trkpt lat="46.76304" lon="8.1202">
        <ele>1298.15</ele>
        <time>2026-05-04T03:30:41.2090000+00:00</time>
      </trkpt>
      <trkpt lat="46.76305" lon="8.12023">
        <ele>1297.4</ele>
        <time>2026-05-04T03:30:44.4400000+00:00</time>
      </trkpt>
      <trkpt lat="46.76308" lon="8.12028">
        <ele>1296.44</ele>
        <time>2026-05-04T03:30:50.8780000+00:00</time>
      </trkpt>
      <trkpt lat="46.76311" lon="8.12033">
        <ele>1295.45</ele>
        <time>2026-05-04T03:30:57.3170000+00:00</time>
      </trkpt>
      <trkpt lat="46.76314" lon="8.12039">
        <ele>1294.1</ele>
        <time>2026-05-04T03:31:04.5120000+00:00</time>
      </trkpt>
      <trkpt lat="46.76315" lon="8.12042">
        <ele>1293.3</ele>
        <time>2026-05-04T03:31:07.7430000+00:00</time>
      </trkpt>
      <trkpt lat="46.76315" lon="8.12046">
        <ele>1291.95</ele>
        <time>2026-05-04T03:31:11.6170000+00:00</time>
      </trkpt>
      <trkpt lat="46.76316" lon="8.12048">
        <ele>1291.48</ele>
        <time>2026-05-04T03:31:14.0200000+00:00</time>
      </trkpt>
      <trkpt lat="46.76319" lon="8.12054">
        <ele>1290.07</ele>
        <time>2026-05-04T03:31:21.2150000+00:00</time>
      </trkpt>
      <trkpt lat="46.76322" lon="8.12064">
        <ele>1287.24</ele>
        <time>2026-05-04T03:31:31.7890000+00:00</time>
      </trkpt>
      <trkpt lat="46.76324" lon="8.1207">
        <ele>1285.56</ele>
        <time>2026-05-04T03:31:38.2520000+00:00</time>
      </trkpt>
      <trkpt lat="46.76324" lon="8.12076">
        <ele>1283.62</ele>
        <time>2026-05-04T03:31:44.0650000+00:00</time>
      </trkpt>
      <trkpt lat="46.76321" lon="8.1208">
        <ele>1281.89</ele>
        <time>2026-05-04T03:31:49.8100000+00:00</time>
      </trkpt>
      <trkpt lat="46.7632" lon="8.12087">
        <ele>1279.66</ele>
        <time>2026-05-04T03:31:56.7370000+00:00</time>
      </trkpt>
      <trkpt lat="46.76322" lon="8.12096">
        <ele>1277.42</ele>
        <time>2026-05-04T03:32:05.9030000+00:00</time>
      </trkpt>
      <trkpt lat="46.76324" lon="8.12103">
        <ele>1275.74</ele>
        <time>2026-05-04T03:32:13.2500000+00:00</time>
      </trkpt>
      <trkpt lat="46.76326" lon="8.1211">
        <ele>1274.06</ele>
        <time>2026-05-04T03:32:20.5980000+00:00</time>
      </trkpt>
      <trkpt lat="46.7633" lon="8.12119">
        <ele>1272.15</ele>
        <time>2026-05-04T03:32:30.9880000+00:00</time>
      </trkpt>
      <trkpt lat="46.76335" lon="8.12129">
        <ele>1270.09</ele>
        <time>2026-05-04T03:32:42.9800000+00:00</time>
      </trkpt>
      <trkpt lat="46.76339" lon="8.12132">
        <ele>1269.91</ele>
        <time>2026-05-04T03:32:49.3390000+00:00</time>
      </trkpt>
      <trkpt lat="46.76344" lon="8.12136">
        <ele>1269.59</ele>
        <time>2026-05-04T03:32:57.4010000+00:00</time>
      </trkpt>
      <trkpt lat="46.76347" lon="8.12139">
        <ele>1269.22</ele>
        <time>2026-05-04T03:33:02.5430000+00:00</time>
      </trkpt>
      <trkpt lat="46.76351" lon="8.12144">
        <ele>1268.41</ele>
        <time>2026-05-04T03:33:09.9900000+00:00</time>
      </trkpt>
      <trkpt lat="46.76352" lon="8.12148">
        <ele>1267.39</ele>
        <time>2026-05-04T03:33:14.1140000+00:00</time>
      </trkpt>
      <trkpt lat="46.76353" lon="8.12154">
        <ele>1265.75</ele>
        <time>2026-05-04T03:33:20.0960000+00:00</time>
      </trkpt>
      <trkpt lat="46.76354" lon="8.12161">
        <ele>1264.12</ele>
        <time>2026-05-04T03:33:27.0210000+00:00</time>
      </trkpt>
      <trkpt lat="46.76355" lon="8.1217">
        <ele>1262.1</ele>
        <time>2026-05-04T03:33:35.8530000+00:00</time>
      </trkpt>
      <trkpt lat="46.76355" lon="8.12182">
        <ele>1259.05</ele>
        <time>2026-05-04T03:33:47.4770000+00:00</time>
      </trkpt>
      <trkpt lat="46.76356" lon="8.12191">
        <ele>1257</ele>
        <time>2026-05-04T03:33:56.3080000+00:00</time>
      </trkpt>
      <trkpt lat="46.76357" lon="8.12202">
        <ele>1254.42</ele>
        <time>2026-05-04T03:34:07.0560000+00:00</time>
      </trkpt>
      <trkpt lat="46.76359" lon="8.1221">
        <ele>1252.82</ele>
        <time>2026-05-04T03:34:15.3050000+00:00</time>
      </trkpt>
      <trkpt lat="46.7636" lon="8.12215">
        <ele>1251.74</ele>
        <time>2026-05-04T03:34:20.3530000+00:00</time>
      </trkpt>
      <trkpt lat="46.76364" lon="8.12222">
        <ele>1250.76</ele>
        <time>2026-05-04T03:34:29.1830000+00:00</time>
      </trkpt>
      <trkpt lat="46.7637" lon="8.12229">
        <ele>1250.14</ele>
        <time>2026-05-04T03:34:40.0440000+00:00</time>
      </trkpt>
      <trkpt lat="46.76373" lon="8.12233">
        <ele>1249.67</ele>
        <time>2026-05-04T03:34:45.7880000+00:00</time>
      </trkpt>
      <trkpt lat="46.76374" lon="8.12237">
        <ele>1248.78</ele>
        <time>2026-05-04T03:34:49.9120000+00:00</time>
      </trkpt>
      <trkpt lat="46.76374" lon="8.1224">
        <ele>1247.99</ele>
        <time>2026-05-04T03:34:52.8200000+00:00</time>
      </trkpt>
      <trkpt lat="46.76373" lon="8.12244">
        <ele>1247.02</ele>
        <time>2026-05-04T03:34:56.9440000+00:00</time>
      </trkpt>
      <trkpt lat="46.7637" lon="8.12251">
        <ele>1245.13</ele>
        <time>2026-05-04T03:35:04.9410000+00:00</time>
      </trkpt>
      <trkpt lat="46.76368" lon="8.12258">
        <ele>1243.46</ele>
        <time>2026-05-04T03:35:12.2860000+00:00</time>
      </trkpt>
      <trkpt lat="46.76364" lon="8.12269">
        <ele>1240.78</ele>
        <time>2026-05-04T03:35:24.3490000+00:00</time>
      </trkpt>
      <trkpt lat="46.76362" lon="8.12278">
        <ele>1238.85</ele>
        <time>2026-05-04T03:35:33.5140000+00:00</time>
      </trkpt>
      <trkpt lat="46.76361" lon="8.12286">
        <ele>1237.28</ele>
        <time>2026-05-04T03:35:41.3910000+00:00</time>
      </trkpt>
      <trkpt lat="46.7636" lon="8.12302">
        <ele>1234.32</ele>
        <time>2026-05-04T03:35:56.9540000+00:00</time>
      </trkpt>
      <trkpt lat="46.7636" lon="8.12312">
        <ele>1232.55</ele>
        <time>2026-05-04T03:36:06.6410000+00:00</time>
      </trkpt>
      <trkpt lat="46.76363" lon="8.12327">
        <ele>1230.87</ele>
        <time>2026-05-04T03:36:21.7770000+00:00</time>
      </trkpt>
      <trkpt lat="46.76366" lon="8.12341">
        <ele>1231.26</ele>
        <time>2026-05-04T03:36:35.9870000+00:00</time>
      </trkpt>
      <trkpt lat="46.76368" lon="8.12358">
        <ele>1231.63</ele>
        <time>2026-05-04T03:36:52.6940000+00:00</time>
      </trkpt>
      <trkpt lat="46.76369" lon="8.12376">
        <ele>1231.95</ele>
        <time>2026-05-04T03:37:10.1870000+00:00</time>
      </trkpt>
      <trkpt lat="46.76369" lon="8.1239">
        <ele>1232.11</ele>
        <time>2026-05-04T03:37:23.7480000+00:00</time>
      </trkpt>
      <trkpt lat="46.76371" lon="8.12418">
        <ele>1233.02</ele>
        <time>2026-05-04T03:37:51.0160000+00:00</time>
      </trkpt>
      <trkpt lat="46.76372" lon="8.12423">
        <ele>1233.36</ele>
        <time>2026-05-04T03:37:56.0610000+00:00</time>
      </trkpt>
      <trkpt lat="46.7637" lon="8.12427">
        <ele>1233.19</ele>
        <time>2026-05-04T03:38:00.8600000+00:00</time>
      </trkpt>
      <trkpt lat="46.76365" lon="8.12438">
        <ele>1232.76</ele>
        <time>2026-05-04T03:38:13.6470000+00:00</time>
      </trkpt>
      <trkpt lat="46.76349" lon="8.12459">
        <ele>1231.08</ele>
        <time>2026-05-04T03:38:44.0710000+00:00</time>
      </trkpt>
      <trkpt lat="46.76336" lon="8.12481">
        <ele>1230.83</ele>
        <time>2026-05-04T03:39:12.2140000+00:00</time>
      </trkpt>
      <trkpt lat="46.76327" lon="8.12508">
        <ele>1228.94</ele>
        <time>2026-05-04T03:39:41.2990000+00:00</time>
      </trkpt>
      <trkpt lat="46.76324" lon="8.12521">
        <ele>1227.76</ele>
        <time>2026-05-04T03:39:54.5870000+00:00</time>
      </trkpt>
      <trkpt lat="46.76325" lon="8.12527">
        <ele>1227.33</ele>
        <time>2026-05-04T03:40:00.5680000+00:00</time>
      </trkpt>
      <trkpt lat="46.76332" lon="8.1255">
        <ele>1225.67</ele>
        <time>2026-05-04T03:40:24.9470000+00:00</time>
      </trkpt>
      <trkpt lat="46.76334" lon="8.12554">
        <ele>1225.38</ele>
        <time>2026-05-04T03:40:29.7450000+00:00</time>
      </trkpt>
      <trkpt lat="46.76345" lon="8.12566">
        <ele>1224.53</ele>
        <time>2026-05-04T03:40:49.1630000+00:00</time>
      </trkpt>
      <trkpt lat="46.76359" lon="8.12591">
        <ele>1224.51</ele>
        <time>2026-05-04T03:41:20.4410000+00:00</time>
      </trkpt>
      <trkpt lat="46.76361" lon="8.12594">
        <ele>1224.8</ele>
        <time>2026-05-04T03:41:24.4970000+00:00</time>
      </trkpt>
      <trkpt lat="46.76362" lon="8.12604">
        <ele>1224.44</ele>
        <time>2026-05-04T03:41:34.2860000+00:00</time>
      </trkpt>
      <trkpt lat="46.7636" lon="8.12626">
        <ele>1222.78</ele>
        <time>2026-05-04T03:41:55.7820000+00:00</time>
      </trkpt>
      <trkpt lat="46.76359" lon="8.12633">
        <ele>1222.2</ele>
        <time>2026-05-04T03:42:02.7090000+00:00</time>
      </trkpt>
      <trkpt lat="46.76361" lon="8.12663">
        <ele>1220.24</ele>
        <time>2026-05-04T03:42:31.9050000+00:00</time>
      </trkpt>
      <trkpt lat="46.7636" lon="8.12665">
        <ele>1219.79</ele>
        <time>2026-05-04T03:42:34.3080000+00:00</time>
      </trkpt>
      <trkpt lat="46.7636" lon="8.12666">
        <ele>1219.64</ele>
        <time>2026-05-04T03:42:35.2890000+00:00</time>
      </trkpt>
      <trkpt lat="46.76358" lon="8.12667">
        <ele>1219.19</ele>
        <time>2026-05-04T03:42:38.2800000+00:00</time>
      </trkpt>
      <trkpt lat="46.76352" lon="8.12668">
        <ele>1218.17</ele>
        <time>2026-05-04T03:42:46.8180000+00:00</time>
      </trkpt>
      <trkpt lat="46.7635" lon="8.12669">
        <ele>1217.79</ele>
        <time>2026-05-04T03:42:49.8100000+00:00</time>
      </trkpt>
      <trkpt lat="46.76335" lon="8.12682">
        <ele>1213.98</ele>
        <time>2026-05-04T03:43:14.4770000+00:00</time>
      </trkpt>
      <trkpt lat="46.76323" lon="8.12697">
        <ele>1209.98</ele>
        <time>2026-05-04T03:43:36.8160000+00:00</time>
      </trkpt>
      <trkpt lat="46.76309" lon="8.12721">
        <ele>1203.83</ele>
        <time>2026-05-04T03:44:07.3500000+00:00</time>
      </trkpt>
      <trkpt lat="46.76305" lon="8.12729">
        <ele>1201.78</ele>
        <time>2026-05-04T03:44:16.9440000+00:00</time>
      </trkpt>
      <trkpt lat="46.76303" lon="8.12738">
        <ele>1199.84</ele>
        <time>2026-05-04T03:44:26.1080000+00:00</time>
      </trkpt>
      <trkpt lat="46.76302" lon="8.12752">
        <ele>1198.52</ele>
        <time>2026-05-04T03:44:39.7420000+00:00</time>
      </trkpt>
      <trkpt lat="46.76304" lon="8.12776">
        <ele>1197.09</ele>
        <time>2026-05-04T03:45:03.1600000+00:00</time>
      </trkpt>
      <trkpt lat="46.76304" lon="8.1278">
        <ele>1196.8</ele>
        <time>2026-05-04T03:45:07.0350000+00:00</time>
      </trkpt>
      <trkpt lat="46.76301" lon="8.12799">
        <ele>1195.04</ele>
        <time>2026-05-04T03:45:25.9220000+00:00</time>
      </trkpt>
      <trkpt lat="46.76288" lon="8.12826">
        <ele>1191.99</ele>
        <time>2026-05-04T03:45:57.8890000+00:00</time>
      </trkpt>
      <trkpt lat="46.76283" lon="8.12834">
        <ele>1191.44</ele>
        <time>2026-05-04T03:46:08.3790000+00:00</time>
      </trkpt>
      <trkpt lat="46.7628" lon="8.12842">
        <ele>1191.07</ele>
        <time>2026-05-04T03:46:17.2130000+00:00</time>
      </trkpt>
      <trkpt lat="46.76276" lon="8.12847">
        <ele>1190.53</ele>
        <time>2026-05-04T03:46:24.6600000+00:00</time>
      </trkpt>
      <trkpt lat="46.76273" lon="8.1285">
        <ele>1190.11</ele>
        <time>2026-05-04T03:46:29.8050000+00:00</time>
      </trkpt>
      <trkpt lat="46.76271" lon="8.12851">
        <ele>1189.83</ele>
        <time>2026-05-04T03:46:32.7940000+00:00</time>
      </trkpt>
      <trkpt lat="46.76269" lon="8.12852">
        <ele>1189.53</ele>
        <time>2026-05-04T03:46:35.7830000+00:00</time>
      </trkpt>
      <trkpt lat="46.76266" lon="8.12852">
        <ele>1189.09</ele>
        <time>2026-05-04T03:46:40.0250000+00:00</time>
      </trkpt>
      <trkpt lat="46.76263" lon="8.1285">
        <ele>1188.7</ele>
        <time>2026-05-04T03:46:44.6890000+00:00</time>
      </trkpt>
      <trkpt lat="46.76257" lon="8.12846">
        <ele>1188.05</ele>
        <time>2026-05-04T03:46:54.0150000+00:00</time>
      </trkpt>
      <trkpt lat="46.76254" lon="8.12845">
        <ele>1187.72</ele>
        <time>2026-05-04T03:46:58.3660000+00:00</time>
      </trkpt>
      <trkpt lat="46.76249" lon="8.12843">
        <ele>1187.23</ele>
        <time>2026-05-04T03:47:05.6980000+00:00</time>
      </trkpt>
      <trkpt lat="46.76244" lon="8.12842">
        <ele>1186.71</ele>
        <time>2026-05-04T03:47:12.8330000+00:00</time>
      </trkpt>
      <trkpt lat="46.76232" lon="8.12839">
        <ele>1185.66</ele>
        <time>2026-05-04T03:47:30.0480000+00:00</time>
      </trkpt>
      <trkpt lat="46.76205" lon="8.12831">
        <ele>1184.37</ele>
        <time>2026-05-04T03:48:09.0050000+00:00</time>
      </trkpt>
      <trkpt lat="46.76197" lon="8.12828">
        <ele>1184.39</ele>
        <time>2026-05-04T03:48:20.6850000+00:00</time>
      </trkpt>
      <trkpt lat="46.76191" lon="8.12827">
        <ele>1184.18</ele>
        <time>2026-05-04T03:48:29.2240000+00:00</time>
      </trkpt>
      <trkpt lat="46.76179" lon="8.12828">
        <ele>1182.11</ele>
        <time>2026-05-04T03:48:46.2200000+00:00</time>
      </trkpt>
      <trkpt lat="46.76175" lon="8.1283">
        <ele>1180.83</ele>
        <time>2026-05-04T03:48:52.1980000+00:00</time>
      </trkpt>
      <trkpt lat="46.76173" lon="8.12833">
        <ele>1179.71</ele>
        <time>2026-05-04T03:48:56.2530000+00:00</time>
      </trkpt>
      <trkpt lat="46.76171" lon="8.12838">
        <ele>1178.12</ele>
        <time>2026-05-04T03:49:01.8610000+00:00</time>
      </trkpt>
      <trkpt lat="46.7617" lon="8.12854">
        <ele>1174.09</ele>
        <time>2026-05-04T03:49:17.4240000+00:00</time>
      </trkpt>
      <trkpt lat="46.76168" lon="8.12874">
        <ele>1169.02</ele>
        <time>2026-05-04T03:49:37.0020000+00:00</time>
      </trkpt>
      <trkpt lat="46.76166" lon="8.12903">
        <ele>1161.96</ele>
        <time>2026-05-04T03:50:05.2360000+00:00</time>
      </trkpt>
      <trkpt lat="46.76163" lon="8.12918">
        <ele>1158.34</ele>
        <time>2026-05-04T03:50:20.3720000+00:00</time>
      </trkpt>
      <trkpt lat="46.76156" lon="8.12942">
        <ele>1153.01</ele>
        <time>2026-05-04T03:50:45.6400000+00:00</time>
      </trkpt>
      <trkpt lat="46.76154" lon="8.1295">
        <ele>1151.4</ele>
        <time>2026-05-04T03:50:53.8890000+00:00</time>
      </trkpt>
      <trkpt lat="46.76153" lon="8.12957">
        <ele>1150.02</ele>
        <time>2026-05-04T03:51:00.8150000+00:00</time>
      </trkpt>
      <trkpt lat="46.76153" lon="8.12962">
        <ele>1149.03</ele>
        <time>2026-05-04T03:51:05.6570000+00:00</time>
      </trkpt>
      <trkpt lat="46.76155" lon="8.12985">
        <ele>1144.26</ele>
        <time>2026-05-04T03:51:28.1150000+00:00</time>
      </trkpt>
      <trkpt lat="46.76155" lon="8.1301">
        <ele>1138.1</ele>
        <time>2026-05-04T03:51:52.3320000+00:00</time>
      </trkpt>
      <trkpt lat="46.76155" lon="8.13019">
        <ele>1135.81</ele>
        <time>2026-05-04T03:52:01.0500000+00:00</time>
      </trkpt>
      <trkpt lat="46.76154" lon="8.13026">
        <ele>1134.18</ele>
        <time>2026-05-04T03:52:07.9770000+00:00</time>
      </trkpt>
      <trkpt lat="46.76152" lon="8.1303">
        <ele>1133.51</ele>
        <time>2026-05-04T03:52:12.7740000+00:00</time>
      </trkpt>
      <trkpt lat="46.76149" lon="8.13034">
        <ele>1133.02</ele>
        <time>2026-05-04T03:52:18.5180000+00:00</time>
      </trkpt>
      <trkpt lat="46.76144" lon="8.13036">
        <ele>1133.41</ele>
        <time>2026-05-04T03:52:25.8500000+00:00</time>
      </trkpt>
      <trkpt lat="46.76137" lon="8.13038">
        <ele>1134.18</ele>
        <time>2026-05-04T03:52:35.9360000+00:00</time>
      </trkpt>
      <trkpt lat="46.76132" lon="8.13039">
        <ele>1134.85</ele>
        <time>2026-05-04T03:52:43.0720000+00:00</time>
      </trkpt>
      <trkpt lat="46.76127" lon="8.13043">
        <ele>1134.89</ele>
        <time>2026-05-04T03:52:51.1340000+00:00</time>
      </trkpt>
      <trkpt lat="46.76124" lon="8.13046">
        <ele>1134.82</ele>
        <time>2026-05-04T03:52:56.2750000+00:00</time>
      </trkpt>
      <trkpt lat="46.76121" lon="8.13051">
        <ele>1134.36</ele>
        <time>2026-05-04T03:53:02.7140000+00:00</time>
      </trkpt>
      <trkpt lat="46.76115" lon="8.13064">
        <ele>1132.98</ele>
        <time>2026-05-04T03:53:17.8980000+00:00</time>
      </trkpt>
      <trkpt lat="46.76114" lon="8.13069">
        <ele>1132.22</ele>
        <time>2026-05-04T03:53:22.9430000+00:00</time>
      </trkpt>
      <trkpt lat="46.76106" lon="8.13079">
        <ele>1132.34</ele>
        <time>2026-05-04T03:53:37.8360000+00:00</time>
      </trkpt>
      <trkpt lat="46.761" lon="8.13082">
        <ele>1132.52</ele>
        <time>2026-05-04T03:53:46.8040000+00:00</time>
      </trkpt>
      <trkpt lat="46.76087" lon="8.13099">
        <ele>1129.98</ele>
        <time>2026-05-04T03:54:11.4840000+00:00</time>
      </trkpt>
      <trkpt lat="46.76068" lon="8.13126">
        <ele>1126.18</ele>
        <time>2026-05-04T03:54:48.9790000+00:00</time>
      </trkpt>
      <trkpt lat="46.76056" lon="8.13144">
        <ele>1123.8</ele>
        <time>2026-05-04T03:55:13.3090000+00:00</time>
      </trkpt>
      <trkpt lat="46.76044" lon="8.13161">
        <ele>1122.7</ele>
        <time>2026-05-04T03:55:36.9540000+00:00</time>
      </trkpt>
      <trkpt lat="46.76037" lon="8.13169">
        <ele>1123.32</ele>
        <time>2026-05-04T03:55:49.5250000+00:00</time>
      </trkpt>
      <trkpt lat="46.76032" lon="8.13174">
        <ele>1123.75</ele>
        <time>2026-05-04T03:55:58.0950000+00:00</time>
      </trkpt>
      <trkpt lat="46.76028" lon="8.13176">
        <ele>1123.98</ele>
        <time>2026-05-04T03:56:04.0740000+00:00</time>
      </trkpt>
      <trkpt lat="46.76023" lon="8.13177">
        <ele>1124.19</ele>
        <time>2026-05-04T03:56:11.2100000+00:00</time>
      </trkpt>
      <trkpt lat="46.76017" lon="8.13176">
        <ele>1124.01</ele>
        <time>2026-05-04T03:56:19.7500000+00:00</time>
      </trkpt>
      <trkpt lat="46.76012" lon="8.13176">
        <ele>1123.67</ele>
        <time>2026-05-04T03:56:26.8200000+00:00</time>
      </trkpt>
      <trkpt lat="46.76008" lon="8.13177">
        <ele>1123.45</ele>
        <time>2026-05-04T03:56:32.5590000+00:00</time>
      </trkpt>
      <trkpt lat="46.76004" lon="8.1318">
        <ele>1123.3</ele>
        <time>2026-05-04T03:56:38.9180000+00:00</time>
      </trkpt>
      <trkpt lat="46.76003" lon="8.13183">
        <ele>1123.36</ele>
        <time>2026-05-04T03:56:42.1480000+00:00</time>
      </trkpt>
      <trkpt lat="46.75998" lon="8.13192">
        <ele>1123.32</ele>
        <time>2026-05-04T03:56:53.3720000+00:00</time>
      </trkpt>
      <trkpt lat="46.75995" lon="8.13198">
        <ele>1123.27</ele>
        <time>2026-05-04T03:57:00.5670000+00:00</time>
      </trkpt>
      <trkpt lat="46.75991" lon="8.13202">
        <ele>1123.03</ele>
        <time>2026-05-04T03:57:07.4230000+00:00</time>
      </trkpt>
      <trkpt lat="46.75982" lon="8.13213">
        <ele>1122.42</ele>
        <time>2026-05-04T03:57:24.0220000+00:00</time>
      </trkpt>
      <trkpt lat="46.75979" lon="8.13214">
        <ele>1122.12</ele>
        <time>2026-05-04T03:57:28.3750000+00:00</time>
      </trkpt>
      <trkpt lat="46.75974" lon="8.13213">
        <ele>1121.57</ele>
        <time>2026-05-04T03:57:35.5110000+00:00</time>
      </trkpt>
      <trkpt lat="46.75967" lon="8.13207">
        <ele>1120.79</ele>
        <time>2026-05-04T03:57:46.9890000+00:00</time>
      </trkpt>
      <trkpt lat="46.75961" lon="8.13203">
        <ele>1120.19</ele>
        <time>2026-05-04T03:57:56.3160000+00:00</time>
      </trkpt>
      <trkpt lat="46.75952" lon="8.132">
        <ele>1119.35</ele>
        <time>2026-05-04T03:58:09.3700000+00:00</time>
      </trkpt>
      <trkpt lat="46.75948" lon="8.132">
        <ele>1118.98</ele>
        <time>2026-05-04T03:58:15.0260000+00:00</time>
      </trkpt>
      <trkpt lat="46.75944" lon="8.13201">
        <ele>1118.59</ele>
        <time>2026-05-04T03:58:20.7650000+00:00</time>
      </trkpt>
      <trkpt lat="46.7594" lon="8.13204">
        <ele>1118.16</ele>
        <time>2026-05-04T03:58:27.1250000+00:00</time>
      </trkpt>
      <trkpt lat="46.75935" lon="8.13209">
        <ele>1117.62</ele>
        <time>2026-05-04T03:58:35.6950000+00:00</time>
      </trkpt>
      <trkpt lat="46.75928" lon="8.13219">
        <ele>1116.9</ele>
        <time>2026-05-04T03:58:49.5450000+00:00</time>
      </trkpt>
      <trkpt lat="46.75924" lon="8.13227">
        <ele>1116.35</ele>
        <time>2026-05-04T03:58:59.1390000+00:00</time>
      </trkpt>
      <trkpt lat="46.75922" lon="8.13234">
        <ele>1115.95</ele>
        <time>2026-05-04T03:59:06.4850000+00:00</time>
      </trkpt>
      <trkpt lat="46.7592" lon="8.13251">
        <ele>1115.36</ele>
        <time>2026-05-04T03:59:23.1940000+00:00</time>
      </trkpt>
      <trkpt lat="46.75917" lon="8.13274">
        <ele>1114.62</ele>
        <time>2026-05-04T03:59:45.8750000+00:00</time>
      </trkpt>
      <trkpt lat="46.75917" lon="8.13292">
        <ele>1114.25</ele>
        <time>2026-05-04T04:00:03.3110000+00:00</time>
      </trkpt>
      <trkpt lat="46.75916" lon="8.133">
        <ele>1113.98</ele>
        <time>2026-05-04T04:00:11.1890000+00:00</time>
      </trkpt>
      <trkpt lat="46.75915" lon="8.13306">
        <ele>1113.74</ele>
        <time>2026-05-04T04:00:17.1700000+00:00</time>
      </trkpt>
      <trkpt lat="46.75911" lon="8.13322">
        <ele>1112.92</ele>
        <time>2026-05-04T04:00:33.6680000+00:00</time>
      </trkpt>
      <trkpt lat="46.75908" lon="8.13327">
        <ele>1112.34</ele>
        <time>2026-05-04T04:00:40.1080000+00:00</time>
      </trkpt>
      <trkpt lat="46.75906" lon="8.1333">
        <ele>1111.94</ele>
        <time>2026-05-04T04:00:44.1620000+00:00</time>
      </trkpt>
      <trkpt lat="46.75902" lon="8.13332">
        <ele>1111.32</ele>
        <time>2026-05-04T04:00:50.1400000+00:00</time>
      </trkpt>
      <trkpt lat="46.75894" lon="8.1333">
        <ele>1110.39</ele>
        <time>2026-05-04T04:01:01.6180000+00:00</time>
      </trkpt>
      <trkpt lat="46.7589" lon="8.13329">
        <ele>1109.94</ele>
        <time>2026-05-04T04:01:07.3580000+00:00</time>
      </trkpt>
      <trkpt lat="46.75886" lon="8.13326">
        <ele>1109.64</ele>
        <time>2026-05-04T04:01:13.7160000+00:00</time>
      </trkpt>
      <trkpt lat="46.75874" lon="8.13314">
        <ele>1108.79</ele>
        <time>2026-05-04T04:01:34.2840000+00:00</time>
      </trkpt>
      <trkpt lat="46.7586" lon="8.13304">
        <ele>1107.61</ele>
        <time>2026-05-04T04:01:56.3240000+00:00</time>
      </trkpt>
      <trkpt lat="46.75848" lon="8.13295">
        <ele>1106.16</ele>
        <time>2026-05-04T04:02:15.4010000+00:00</time>
      </trkpt>
      <trkpt lat="46.75828" lon="8.13289">
        <ele>1102.7</ele>
        <time>2026-05-04T04:02:44.2730000+00:00</time>
      </trkpt>
      <trkpt lat="46.75822" lon="8.1329">
        <ele>1101.41</ele>
        <time>2026-05-04T04:02:52.8120000+00:00</time>
      </trkpt>
      <trkpt lat="46.75805" lon="8.13299">
        <ele>1096.4</ele>
        <time>2026-05-04T04:03:18.3820000+00:00</time>
      </trkpt>
      <trkpt lat="46.75801" lon="8.13302">
        <ele>1094.91</ele>
        <time>2026-05-04T04:03:24.7420000+00:00</time>
      </trkpt>
      <trkpt lat="46.75788" lon="8.13304">
        <ele>1091.45</ele>
        <time>2026-05-04T04:03:43.2260000+00:00</time>
      </trkpt>
      <trkpt lat="46.75783" lon="8.13308">
        <ele>1089.27</ele>
        <time>2026-05-04T04:03:51.2890000+00:00</time>
      </trkpt>
      <trkpt lat="46.75781" lon="8.13313">
        <ele>1087.49</ele>
        <time>2026-05-04T04:03:56.8990000+00:00</time>
      </trkpt>
      <trkpt lat="46.75781" lon="8.13319">
        <ele>1085.95</ele>
        <time>2026-05-04T04:04:02.7120000+00:00</time>
      </trkpt>
      <trkpt lat="46.75782" lon="8.13328">
        <ele>1083.83</ele>
        <time>2026-05-04T04:04:11.5440000+00:00</time>
      </trkpt>
      <trkpt lat="46.75784" lon="8.13334">
        <ele>1082.82</ele>
        <time>2026-05-04T04:04:18.0070000+00:00</time>
      </trkpt>
      <trkpt lat="46.75786" lon="8.13338">
        <ele>1082.4</ele>
        <time>2026-05-04T04:04:22.8030000+00:00</time>
      </trkpt>
      <trkpt lat="46.75791" lon="8.1334">
        <ele>1083.52</ele>
        <time>2026-05-04T04:04:30.1340000+00:00</time>
      </trkpt>
      <trkpt lat="46.75796" lon="8.1334">
        <ele>1085.16</ele>
        <time>2026-05-04T04:04:37.2050000+00:00</time>
      </trkpt>
      <trkpt lat="46.75804" lon="8.13337">
        <ele>1088.46</ele>
        <time>2026-05-04T04:04:48.8840000+00:00</time>
      </trkpt>
      <trkpt lat="46.75811" lon="8.13336">
        <ele>1090.93</ele>
        <time>2026-05-04T04:04:58.8290000+00:00</time>
      </trkpt>
      <trkpt lat="46.75815" lon="8.13336">
        <ele>1092.21</ele>
        <time>2026-05-04T04:05:04.4840000+00:00</time>
      </trkpt>
      <trkpt lat="46.75819" lon="8.13338">
        <ele>1093.11</ele>
        <time>2026-05-04T04:05:10.4650000+00:00</time>
      </trkpt>
      <trkpt lat="46.75826" lon="8.13341">
        <ele>1094.87</ele>
        <time>2026-05-04T04:05:20.7800000+00:00</time>
      </trkpt>
      <trkpt lat="46.75835" lon="8.13348">
        <ele>1096.8</ele>
        <time>2026-05-04T04:05:35.2000000+00:00</time>
      </trkpt>
      <trkpt lat="46.75838" lon="8.13353">
        <ele>1097.12</ele>
        <time>2026-05-04T04:05:41.6380000+00:00</time>
      </trkpt>
      <trkpt lat="46.75841" lon="8.13358">
        <ele>1097.52</ele>
        <time>2026-05-04T04:05:48.0760000+00:00</time>
      </trkpt>
      <trkpt lat="46.75843" lon="8.13364">
        <ele>1097.46</ele>
        <time>2026-05-04T04:05:54.5400000+00:00</time>
      </trkpt>
      <trkpt lat="46.75843" lon="8.1337">
        <ele>1096.67</ele>
        <time>2026-05-04T04:06:00.3530000+00:00</time>
      </trkpt>
      <trkpt lat="46.75843" lon="8.13375">
        <ele>1096.01</ele>
        <time>2026-05-04T04:06:05.1970000+00:00</time>
      </trkpt>
      <trkpt lat="46.75841" lon="8.1338">
        <ele>1094.51</ele>
        <time>2026-05-04T04:06:10.8070000+00:00</time>
      </trkpt>
      <trkpt lat="46.75838" lon="8.13383">
        <ele>1092.81</ele>
        <time>2026-05-04T04:06:15.9480000+00:00</time>
      </trkpt>
      <trkpt lat="46.75835" lon="8.13384">
        <ele>1091.37</ele>
        <time>2026-05-04T04:06:20.3000000+00:00</time>
      </trkpt>
      <trkpt lat="46.75825" lon="8.13383">
        <ele>1087.24</ele>
        <time>2026-05-04T04:06:34.4730000+00:00</time>
      </trkpt>
      <trkpt lat="46.75822" lon="8.13384">
        <ele>1085.77</ele>
        <time>2026-05-04T04:06:38.8220000+00:00</time>
      </trkpt>
      <trkpt lat="46.75818" lon="8.13387">
        <ele>1083.48</ele>
        <time>2026-05-04T04:06:45.1810000+00:00</time>
      </trkpt>
      <trkpt lat="46.75816" lon="8.13391">
        <ele>1081.83</ele>
        <time>2026-05-04T04:06:49.9770000+00:00</time>
      </trkpt>
      <trkpt lat="46.75815" lon="8.13396">
        <ele>1080.4</ele>
        <time>2026-05-04T04:06:55.0240000+00:00</time>
      </trkpt>
      <trkpt lat="46.75815" lon="8.13408">
        <ele>1078.07</ele>
        <time>2026-05-04T04:07:06.6490000+00:00</time>
      </trkpt>
      <trkpt lat="46.75816" lon="8.13418">
        <ele>1076.78</ele>
        <time>2026-05-04T04:07:16.4390000+00:00</time>
      </trkpt>
      <trkpt lat="46.75817" lon="8.13424">
        <ele>1076.22</ele>
        <time>2026-05-04T04:07:22.4190000+00:00</time>
      </trkpt>
      <trkpt lat="46.75833" lon="8.13457">
        <ele>1079.63</ele>
        <time>2026-05-04T04:08:01.5830000+00:00</time>
      </trkpt>
      <trkpt lat="46.75834" lon="8.13461">
        <ele>1079.63</ele>
        <time>2026-05-04T04:08:05.7070000+00:00</time>
      </trkpt>
      <trkpt lat="46.75836" lon="8.13479">
        <ele>1078.26</ele>
        <time>2026-05-04T04:08:23.3720000+00:00</time>
      </trkpt>
      <trkpt lat="46.75836" lon="8.13487">
        <ele>1077.14</ele>
        <time>2026-05-04T04:08:31.1210000+00:00</time>
      </trkpt>
      <trkpt lat="46.75836" lon="8.13512">
        <ele>1071.08</ele>
        <time>2026-05-04T04:08:55.3390000+00:00</time>
      </trkpt>
      <trkpt lat="46.75839" lon="8.13531">
        <ele>1067.88</ele>
        <time>2026-05-04T04:09:14.2270000+00:00</time>
      </trkpt>
      <trkpt lat="46.7584" lon="8.13538">
        <ele>1066.56</ele>
        <time>2026-05-04T04:09:21.1540000+00:00</time>
      </trkpt>
      <trkpt lat="46.7584" lon="8.13542">
        <ele>1065.52</ele>
        <time>2026-05-04T04:09:25.0280000+00:00</time>
      </trkpt>
      <trkpt lat="46.75839" lon="8.13545">
        <ele>1064.26</ele>
        <time>2026-05-04T04:09:28.2590000+00:00</time>
      </trkpt>
      <trkpt lat="46.75838" lon="8.13549">
        <ele>1062.76</ele>
        <time>2026-05-04T04:09:32.3830000+00:00</time>
      </trkpt>
      <trkpt lat="46.75836" lon="8.13549">
        <ele>1061.84</ele>
        <time>2026-05-04T04:09:35.2090000+00:00</time>
      </trkpt>
      <trkpt lat="46.75831" lon="8.13546">
        <ele>1060.23</ele>
        <time>2026-05-04T04:09:42.8520000+00:00</time>
      </trkpt>
      <trkpt lat="46.75815" lon="8.13534">
        <ele>1054.96</ele>
        <time>2026-05-04T04:10:08.2880000+00:00</time>
      </trkpt>
      <trkpt lat="46.75808" lon="8.13527">
        <ele>1052.6</ele>
        <time>2026-05-04T04:10:20.2860000+00:00</time>
      </trkpt>
      <trkpt lat="46.75799" lon="8.13523">
        <ele>1048.44</ele>
        <time>2026-05-04T04:10:33.5890000+00:00</time>
      </trkpt>
      <trkpt lat="46.75787" lon="8.13519">
        <ele>1042.42</ele>
        <time>2026-05-04T04:10:50.9950000+00:00</time>
      </trkpt>
      <trkpt lat="46.7577" lon="8.13507">
        <ele>1033.86</ele>
        <time>2026-05-04T04:11:17.6970000+00:00</time>
      </trkpt>
      <trkpt lat="46.75768" lon="8.13509">
        <ele>1033.27</ele>
        <time>2026-05-04T04:11:21.1240000+00:00</time>
      </trkpt>
      <trkpt lat="46.75763" lon="8.1351">
        <ele>1032.07</ele>
        <time>2026-05-04T04:11:28.2610000+00:00</time>
      </trkpt>
      <trkpt lat="46.75755" lon="8.13514">
        <ele>1030.2</ele>
        <time>2026-05-04T04:11:40.2190000+00:00</time>
      </trkpt>
      <trkpt lat="46.7575" lon="8.13517">
        <ele>1029.13</ele>
        <time>2026-05-04T04:11:47.8640000+00:00</time>
      </trkpt>
      <trkpt lat="46.75746" lon="8.1352">
        <ele>1028.37</ele>
        <time>2026-05-04T04:11:54.2220000+00:00</time>
      </trkpt>
      <trkpt lat="46.75742" lon="8.13523">
        <ele>1027.68</ele>
        <time>2026-05-04T04:12:00.5810000+00:00</time>
      </trkpt>
      <trkpt lat="46.75732" lon="8.13529">
        <ele>1026.22</ele>
        <time>2026-05-04T04:12:15.8690000+00:00</time>
      </trkpt>
      <trkpt lat="46.75724" lon="8.13533">
        <ele>1025.25</ele>
        <time>2026-05-04T04:12:27.8260000+00:00</time>
      </trkpt>
      <trkpt lat="46.75723" lon="8.13534">
        <ele>1025.2</ele>
        <time>2026-05-04T04:12:29.5340000+00:00</time>
      </trkpt>
      <trkpt lat="46.75714" lon="8.13543">
        <ele>1024.98</ele>
        <time>2026-05-04T04:12:44.9600000+00:00</time>
      </trkpt>
      <trkpt lat="46.75705" lon="8.13547">
        <ele>1024.52</ele>
        <time>2026-05-04T04:12:58.2620000+00:00</time>
      </trkpt>
      <trkpt lat="46.757" lon="8.13549">
        <ele>1024.34</ele>
        <time>2026-05-04T04:13:05.5940000+00:00</time>
      </trkpt>
      <trkpt lat="46.75698" lon="8.13552">
        <ele>1024.67</ele>
        <time>2026-05-04T04:13:09.6490000+00:00</time>
      </trkpt>
      <trkpt lat="46.75695" lon="8.13556">
        <ele>1025.16</ele>
        <time>2026-05-04T04:13:15.3940000+00:00</time>
      </trkpt>
      <trkpt lat="46.75692" lon="8.13557">
        <ele>1025.13</ele>
        <time>2026-05-04T04:13:19.7470000+00:00</time>
      </trkpt>
      <trkpt lat="46.75688" lon="8.13559">
        <ele>1025.26</ele>
        <time>2026-05-04T04:13:25.7250000+00:00</time>
      </trkpt>
      <trkpt lat="46.75682" lon="8.13557">
        <ele>1023.31</ele>
        <time>2026-05-04T04:13:34.4270000+00:00</time>
      </trkpt>
      <trkpt lat="46.75674" lon="8.1357">
        <ele>1023.96</ele>
        <time>2026-05-04T04:13:51.3560000+00:00</time>
      </trkpt>
      <trkpt lat="46.75664" lon="8.13587">
        <ele>1021.13</ele>
        <time>2026-05-04T04:14:13.0620000+00:00</time>
      </trkpt>
      <trkpt lat="46.75656" lon="8.136">
        <ele>1018.81</ele>
        <time>2026-05-04T04:14:29.9900000+00:00</time>
      </trkpt>
      <trkpt lat="46.75652" lon="8.13608">
        <ele>1017.75</ele>
        <time>2026-05-04T04:14:39.5850000+00:00</time>
      </trkpt>
      <trkpt lat="46.75649" lon="8.13617">
        <ele>1016.99</ele>
        <time>2026-05-04T04:14:49.2800000+00:00</time>
      </trkpt>
      <trkpt lat="46.75647" lon="8.13626">
        <ele>1016.5</ele>
        <time>2026-05-04T04:14:58.4460000+00:00</time>
      </trkpt>
      <trkpt lat="46.75646" lon="8.13635">
        <ele>1016.25</ele>
        <time>2026-05-04T04:15:07.2790000+00:00</time>
      </trkpt>
      <trkpt lat="46.75646" lon="8.13644">
        <ele>1016.18</ele>
        <time>2026-05-04T04:15:15.9980000+00:00</time>
      </trkpt>
      <trkpt lat="46.75647" lon="8.13652">
        <ele>1016.27</ele>
        <time>2026-05-04T04:15:23.8760000+00:00</time>
      </trkpt>
      <trkpt lat="46.75649" lon="8.13658">
        <ele>1016.32</ele>
        <time>2026-05-04T04:15:30.3400000+00:00</time>
      </trkpt>
      <trkpt lat="46.75652" lon="8.13665">
        <ele>1016.17</ele>
        <time>2026-05-04T04:15:38.3390000+00:00</time>
      </trkpt>
      <trkpt lat="46.75654" lon="8.1367">
        <ele>1016.01</ele>
        <time>2026-05-04T04:15:43.9470000+00:00</time>
      </trkpt>
      <trkpt lat="46.75656" lon="8.13673">
        <ele>1015.99</ele>
        <time>2026-05-04T04:15:48.0020000+00:00</time>
      </trkpt>
      <trkpt lat="46.75661" lon="8.13679">
        <ele>1016.02</ele>
        <time>2026-05-04T04:15:57.1550000+00:00</time>
      </trkpt>
      <trkpt lat="46.75678" lon="8.13692">
        <ele>1016.34</ele>
        <time>2026-05-04T04:16:24.2920000+00:00</time>
      </trkpt>
      <trkpt lat="46.757" lon="8.1371">
        <ele>1016.23</ele>
        <time>2026-05-04T04:16:59.9550000+00:00</time>
      </trkpt>
      <trkpt lat="46.75708" lon="8.13717">
        <ele>1016.36</ele>
        <time>2026-05-04T04:17:13.1430000+00:00</time>
      </trkpt>
      <trkpt lat="46.75719" lon="8.13725">
        <ele>1016.91</ele>
        <time>2026-05-04T04:17:30.5210000+00:00</time>
      </trkpt>
      <trkpt lat="46.75718" lon="8.13728">
        <ele>1016.49</ele>
        <time>2026-05-04T04:17:33.7540000+00:00</time>
      </trkpt>
      <trkpt lat="46.75718" lon="8.13729">
        <ele>1016.4</ele>
        <time>2026-05-04T04:17:34.7340000+00:00</time>
      </trkpt>
      <trkpt lat="46.75718" lon="8.1373">
        <ele>1016.3</ele>
        <time>2026-05-04T04:17:35.7150000+00:00</time>
      </trkpt>
      <trkpt lat="46.75719" lon="8.13731">
        <ele>1016.34</ele>
        <time>2026-05-04T04:17:37.4310000+00:00</time>
      </trkpt>
      <trkpt lat="46.75722" lon="8.13734">
        <ele>1016.47</ele>
        <time>2026-05-04T04:17:42.5730000+00:00</time>
      </trkpt>
      <trkpt lat="46.75732" lon="8.13744">
        <ele>1017.29</ele>
        <time>2026-05-04T04:17:59.7130000+00:00</time>
      </trkpt>
      <trkpt lat="46.75734" lon="8.13746">
        <ele>1017.5</ele>
        <time>2026-05-04T04:18:03.1410000+00:00</time>
      </trkpt>
      <trkpt lat="46.75734" lon="8.13748">
        <ele>1017.43</ele>
        <time>2026-05-04T04:18:05.0760000+00:00</time>
      </trkpt>
      <trkpt lat="46.75732" lon="8.13753">
        <ele>1016.96</ele>
        <time>2026-05-04T04:18:10.6860000+00:00</time>
      </trkpt>
      <trkpt lat="46.75732" lon="8.13754">
        <ele>1016.92</ele>
        <time>2026-05-04T04:18:11.6520000+00:00</time>
      </trkpt>
      <trkpt lat="46.75734" lon="8.13758">
        <ele>1017.05</ele>
        <time>2026-05-04T04:18:16.4490000+00:00</time>
      </trkpt>
      <trkpt lat="46.75739" lon="8.13767">
        <ele>1017.39</ele>
        <time>2026-05-04T04:18:27.6730000+00:00</time>
      </trkpt>
      <trkpt lat="46.75743" lon="8.13775">
        <ele>1017.62</ele>
        <time>2026-05-04T04:18:37.2680000+00:00</time>
      </trkpt>
      <trkpt lat="46.75746" lon="8.13781">
        <ele>1017.77</ele>
        <time>2026-05-04T04:18:44.4630000+00:00</time>
      </trkpt>
      <trkpt lat="46.75748" lon="8.13787">
        <ele>1017.78</ele>
        <time>2026-05-04T04:18:50.9260000+00:00</time>
      </trkpt>
      <trkpt lat="46.7575" lon="8.13795">
        <ele>1017.71</ele>
        <time>2026-05-04T04:18:59.1750000+00:00</time>
      </trkpt>
      <trkpt lat="46.75756" lon="8.13815">
        <ele>1017.6</ele>
        <time>2026-05-04T04:19:20.3260000+00:00</time>
      </trkpt>
      <trkpt lat="46.7576" lon="8.13828">
        <ele>1017.43</ele>
        <time>2026-05-04T04:19:34.1310000+00:00</time>
      </trkpt>
      <trkpt lat="46.75764" lon="8.13839">
        <ele>1017.27</ele>
        <time>2026-05-04T04:19:46.1950000+00:00</time>
      </trkpt>
      <trkpt lat="46.75768" lon="8.13852">
        <ele>1016.95</ele>
        <time>2026-05-04T04:20:00.0000000+00:00</time>
      </trkpt>
    </trkseg>
  </trk>
</gpx>