<?xml version="1.0" encoding="utf-8"?>
<gpx xmlns:xsd="http://www.w3.org/2001/XMLSchema" xmlns:xsi="http://www.w3.org/2001/XMLSchema-instance" creator="eT4 META" version="1.1" xsi:schemaLocation="http://www.topografix.com/GPX/1/1 http://www.topografix.com/GPX/1/1/gpx.xsd" xmlns="http://www.topografix.com/GPX/1/1">
  <trk>
    <name>Chemin du sculpteur de l'Axalp</name>
    <trkseg>
      <trkpt lat="46.71894" lon="8.03774">
        <ele>1524.13</ele>
        <time>2026-05-04T00:00:00.0000000+00:00</time>
      </trkpt>
      <trkpt lat="46.71892" lon="8.03773">
        <ele>1524.39</ele>
        <time>2026-05-04T00:00:03.0820000+00:00</time>
      </trkpt>
      <trkpt lat="46.71891" lon="8.03793">
        <ele>1525.22</ele>
        <time>2026-05-04T00:00:23.1100000+00:00</time>
      </trkpt>
      <trkpt lat="46.7189" lon="8.03807">
        <ele>1525.83</ele>
        <time>2026-05-04T00:00:37.1680000+00:00</time>
      </trkpt>
      <trkpt lat="46.71889" lon="8.03813">
        <ele>1526.17</ele>
        <time>2026-05-04T00:00:43.3350000+00:00</time>
      </trkpt>
      <trkpt lat="46.71887" lon="8.03818">
        <ele>1526.61</ele>
        <time>2026-05-04T00:00:49.1160000+00:00</time>
      </trkpt>
      <trkpt lat="46.71886" lon="8.03824">
        <ele>1526.94</ele>
        <time>2026-05-04T00:00:55.2830000+00:00</time>
      </trkpt>
      <trkpt lat="46.71886" lon="8.0383">
        <ele>1527.14</ele>
        <time>2026-05-04T00:01:01.2760000+00:00</time>
      </trkpt>
      <trkpt lat="46.71887" lon="8.03847">
        <ele>1526.99</ele>
        <time>2026-05-04T00:01:18.3170000+00:00</time>
      </trkpt>
      <trkpt lat="46.71888" lon="8.03855">
        <ele>1526.84</ele>
        <time>2026-05-04T00:01:26.4390000+00:00</time>
      </trkpt>
      <trkpt lat="46.71888" lon="8.03862">
        <ele>1526.83</ele>
        <time>2026-05-04T00:01:33.4300000+00:00</time>
      </trkpt>
      <trkpt lat="46.71888" lon="8.03872">
        <ele>1526.81</ele>
        <time>2026-05-04T00:01:43.4170000+00:00</time>
      </trkpt>
      <trkpt lat="46.71893" lon="8.03894">
        <ele>1525.98</ele>
        <time>2026-05-04T00:02:06.5650000+00:00</time>
      </trkpt>
      <trkpt lat="46.71897" lon="8.03914">
        <ele>1525.22</ele>
        <time>2026-05-04T00:02:27.3720000+00:00</time>
      </trkpt>
      <trkpt lat="46.719" lon="8.03923">
        <ele>1524.49</ele>
        <time>2026-05-04T00:02:37.3660000+00:00</time>
      </trkpt>
      <trkpt lat="46.719" lon="8.0393">
        <ele>1524.31</ele>
        <time>2026-05-04T00:02:44.3550000+00:00</time>
      </trkpt>
      <trkpt lat="46.71899" lon="8.03939">
        <ele>1524.27</ele>
        <time>2026-05-04T00:02:53.4610000+00:00</time>
      </trkpt>
      <trkpt lat="46.71899" lon="8.03951">
        <ele>1523.98</ele>
        <time>2026-05-04T00:03:05.4450000+00:00</time>
      </trkpt>
      <trkpt lat="46.719" lon="8.03955">
        <ele>1523.68</ele>
        <time>2026-05-04T00:03:09.6960000+00:00</time>
      </trkpt>
      <trkpt lat="46.71901" lon="8.03959">
        <ele>1523.37</ele>
        <time>2026-05-04T00:03:13.9460000+00:00</time>
      </trkpt>
      <trkpt lat="46.71902" lon="8.03966">
        <ele>1522.97</ele>
        <time>2026-05-04T00:03:21.0870000+00:00</time>
      </trkpt>
      <trkpt lat="46.71902" lon="8.03974">
        <ele>1522.75</ele>
        <time>2026-05-04T00:03:29.0760000+00:00</time>
      </trkpt>
      <trkpt lat="46.71903" lon="8.03978">
        <ele>1522.42</ele>
        <time>2026-05-04T00:03:33.3260000+00:00</time>
      </trkpt>
      <trkpt lat="46.71906" lon="8.03983">
        <ele>1521.6</ele>
        <time>2026-05-04T00:03:39.9610000+00:00</time>
      </trkpt>
      <trkpt lat="46.71907" lon="8.03986">
        <ele>1521.27</ele>
        <time>2026-05-04T00:03:43.2940000+00:00</time>
      </trkpt>
      <trkpt lat="46.71906" lon="8.03996">
        <ele>1521.2</ele>
        <time>2026-05-04T00:03:53.3880000+00:00</time>
      </trkpt>
      <trkpt lat="46.71905" lon="8.04003">
        <ele>1521.43</ele>
        <time>2026-05-04T00:04:00.5290000+00:00</time>
      </trkpt>
      <trkpt lat="46.71905" lon="8.04013">
        <ele>1521.44</ele>
        <time>2026-05-04T00:04:10.5160000+00:00</time>
      </trkpt>
      <trkpt lat="46.71905" lon="8.04017">
        <ele>1521.44</ele>
        <time>2026-05-04T00:04:14.5120000+00:00</time>
      </trkpt>
      <trkpt lat="46.71905" lon="8.04026">
        <ele>1521.46</ele>
        <time>2026-05-04T00:04:23.5000000+00:00</time>
      </trkpt>
      <trkpt lat="46.71904" lon="8.04031">
        <ele>1521.73</ele>
        <time>2026-05-04T00:04:28.7030000+00:00</time>
      </trkpt>
      <trkpt lat="46.71903" lon="8.04036">
        <ele>1522.01</ele>
        <time>2026-05-04T00:04:33.9060000+00:00</time>
      </trkpt>
      <trkpt lat="46.71904" lon="8.04046">
        <ele>1521.76</ele>
        <time>2026-05-04T00:04:44.0000000+00:00</time>
      </trkpt>
      <trkpt lat="46.71906" lon="8.04054">
        <ele>1521.21</ele>
        <time>2026-05-04T00:04:52.5050000+00:00</time>
      </trkpt>
      <trkpt lat="46.71907" lon="8.0406">
        <ele>1520.93</ele>
        <time>2026-05-04T00:04:58.6730000+00:00</time>
      </trkpt>
      <trkpt lat="46.71909" lon="8.04069">
        <ele>1520.34</ele>
        <time>2026-05-04T00:05:08.1230000+00:00</time>
      </trkpt>
      <trkpt lat="46.71914" lon="8.04088">
        <ele>1519.65</ele>
        <time>2026-05-04T00:05:28.4480000+00:00</time>
      </trkpt>
      <trkpt lat="46.71917" lon="8.04094">
        <ele>1519.31</ele>
        <time>2026-05-04T00:05:35.8650000+00:00</time>
      </trkpt>
      <trkpt lat="46.71918" lon="8.04099">
        <ele>1519.48</ele>
        <time>2026-05-04T00:05:41.0680000+00:00</time>
      </trkpt>
      <trkpt lat="46.71923" lon="8.0411">
        <ele>1518.88</ele>
        <time>2026-05-04T00:05:54.2490000+00:00</time>
      </trkpt>
      <trkpt lat="46.71925" lon="8.04121">
        <ele>1519.19</ele>
        <time>2026-05-04T00:06:05.6140000+00:00</time>
      </trkpt>
      <trkpt lat="46.71928" lon="8.04128">
        <ele>1518.75</ele>
        <time>2026-05-04T00:06:13.8590000+00:00</time>
      </trkpt>
      <trkpt lat="46.71931" lon="8.04138">
        <ele>1518.51</ele>
        <time>2026-05-04T00:06:24.7600000+00:00</time>
      </trkpt>
      <trkpt lat="46.71935" lon="8.04144">
        <ele>1517.51</ele>
        <time>2026-05-04T00:06:33.1180000+00:00</time>
      </trkpt>
      <trkpt lat="46.71938" lon="8.04149">
        <ele>1516.76</ele>
        <time>2026-05-04T00:06:39.7530000+00:00</time>
      </trkpt>
      <trkpt lat="46.71938" lon="8.04155">
        <ele>1517.2</ele>
        <time>2026-05-04T00:06:45.7450000+00:00</time>
      </trkpt>
      <trkpt lat="46.7194" lon="8.04164">
        <ele>1517.13</ele>
        <time>2026-05-04T00:06:55.1930000+00:00</time>
      </trkpt>
      <trkpt lat="46.71942" lon="8.04172">
        <ele>1517.45</ele>
        <time>2026-05-04T00:07:03.6970000+00:00</time>
      </trkpt>
      <trkpt lat="46.71941" lon="8.04175">
        <ele>1518.21</ele>
        <time>2026-05-04T00:07:07.0300000+00:00</time>
      </trkpt>
      <trkpt lat="46.71943" lon="8.04184">
        <ele>1518.63</ele>
        <time>2026-05-04T00:07:16.4790000+00:00</time>
      </trkpt>
      <trkpt lat="46.71944" lon="8.04187">
        <ele>1518.64</ele>
        <time>2026-05-04T00:07:19.8120000+00:00</time>
      </trkpt>
      <trkpt lat="46.71946" lon="8.04194">
        <ele>1518.77</ele>
        <time>2026-05-04T00:07:27.3850000+00:00</time>
      </trkpt>
      <trkpt lat="46.71951" lon="8.042">
        <ele>1517.57</ele>
        <time>2026-05-04T00:07:36.8160000+00:00</time>
      </trkpt>
      <trkpt lat="46.71963" lon="8.04231">
        <ele>1516.34</ele>
        <time>2026-05-04T00:08:12.3710000+00:00</time>
      </trkpt>
      <trkpt lat="46.71965" lon="8.04242">
        <ele>1516.72</ele>
        <time>2026-05-04T00:08:23.7360000+00:00</time>
      </trkpt>
      <trkpt lat="46.71964" lon="8.04256">
        <ele>1517.51</ele>
        <time>2026-05-04T00:08:37.7930000+00:00</time>
      </trkpt>
      <trkpt lat="46.71962" lon="8.04262">
        <ele>1518.28</ele>
        <time>2026-05-04T00:08:44.4560000+00:00</time>
      </trkpt>
      <trkpt lat="46.71957" lon="8.04266">
        <ele>1520.35</ele>
        <time>2026-05-04T00:08:52.7630000+00:00</time>
      </trkpt>
      <trkpt lat="46.71953" lon="8.04266">
        <ele>1522.04</ele>
        <time>2026-05-04T00:08:58.5890000+00:00</time>
      </trkpt>
      <trkpt lat="46.71948" lon="8.04278">
        <ele>1523.91</ele>
        <time>2026-05-04T00:09:12.6140000+00:00</time>
      </trkpt>
      <trkpt lat="46.71945" lon="8.04285">
        <ele>1525.02</ele>
        <time>2026-05-04T00:09:20.8580000+00:00</time>
      </trkpt>
      <trkpt lat="46.71943" lon="8.04294">
        <ele>1525.64</ele>
        <time>2026-05-04T00:09:30.3060000+00:00</time>
      </trkpt>
      <trkpt lat="46.71943" lon="8.04299">
        <ele>1525.53</ele>
        <time>2026-05-04T00:09:35.3000000+00:00</time>
      </trkpt>
      <trkpt lat="46.71944" lon="8.04306">
        <ele>1524.96</ele>
        <time>2026-05-04T00:09:42.4420000+00:00</time>
      </trkpt>
      <trkpt lat="46.71944" lon="8.04313">
        <ele>1524.81</ele>
        <time>2026-05-04T00:09:49.4330000+00:00</time>
      </trkpt>
      <trkpt lat="46.71943" lon="8.04323">
        <ele>1524.98</ele>
        <time>2026-05-04T00:09:59.5270000+00:00</time>
      </trkpt>
      <trkpt lat="46.71937" lon="8.04333">
        <ele>1526.9</ele>
        <time>2026-05-04T00:10:12.7980000+00:00</time>
      </trkpt>
      <trkpt lat="46.71932" lon="8.0434">
        <ele>1528.26</ele>
        <time>2026-05-04T00:10:22.8930000+00:00</time>
      </trkpt>
      <trkpt lat="46.71925" lon="8.04344">
        <ele>1530.5</ele>
        <time>2026-05-04T00:10:33.8450000+00:00</time>
      </trkpt>
      <trkpt lat="46.71922" lon="8.04347">
        <ele>1531.38</ele>
        <time>2026-05-04T00:10:39.1440000+00:00</time>
      </trkpt>
      <trkpt lat="46.7192" lon="8.0435">
        <ele>1531.89</ele>
        <time>2026-05-04T00:10:43.3230000+00:00</time>
      </trkpt>
      <trkpt lat="46.7192" lon="8.04356">
        <ele>1531.49</ele>
        <time>2026-05-04T00:10:49.3160000+00:00</time>
      </trkpt>
      <trkpt lat="46.7192" lon="8.04365">
        <ele>1530.9</ele>
        <time>2026-05-04T00:10:58.3050000+00:00</time>
      </trkpt>
      <trkpt lat="46.7192" lon="8.04374">
        <ele>1530.31</ele>
        <time>2026-05-04T00:11:07.2950000+00:00</time>
      </trkpt>
      <trkpt lat="46.71923" lon="8.0438">
        <ele>1528.88</ele>
        <time>2026-05-04T00:11:14.7120000+00:00</time>
      </trkpt>
      <trkpt lat="46.71926" lon="8.04389">
        <ele>1527.26</ele>
        <time>2026-05-04T00:11:24.7060000+00:00</time>
      </trkpt>
      <trkpt lat="46.71928" lon="8.04399">
        <ele>1525.94</ele>
        <time>2026-05-04T00:11:35.1090000+00:00</time>
      </trkpt>
      <trkpt lat="46.71927" lon="8.04415">
        <ele>1525.3</ele>
        <time>2026-05-04T00:11:51.1540000+00:00</time>
      </trkpt>
      <trkpt lat="46.71926" lon="8.04423">
        <ele>1525.28</ele>
        <time>2026-05-04T00:11:59.2750000+00:00</time>
      </trkpt>
      <trkpt lat="46.71926" lon="8.0443">
        <ele>1524.97</ele>
        <time>2026-05-04T00:12:06.2650000+00:00</time>
      </trkpt>
      <trkpt lat="46.71928" lon="8.04436">
        <ele>1524.06</ele>
        <time>2026-05-04T00:12:12.9280000+00:00</time>
      </trkpt>
      <trkpt lat="46.71928" lon="8.04441">
        <ele>1523.85</ele>
        <time>2026-05-04T00:12:17.9220000+00:00</time>
      </trkpt>
      <trkpt lat="46.71929" lon="8.04446">
        <ele>1523.32</ele>
        <time>2026-05-04T00:12:23.1250000+00:00</time>
      </trkpt>
      <trkpt lat="46.7193" lon="8.04453">
        <ele>1522.71</ele>
        <time>2026-05-04T00:12:30.2660000+00:00</time>
      </trkpt>
      <trkpt lat="46.71929" lon="8.04466">
        <ele>1522.47</ele>
        <time>2026-05-04T00:12:43.3310000+00:00</time>
      </trkpt>
      <trkpt lat="46.7193" lon="8.04471">
        <ele>1521.95</ele>
        <time>2026-05-04T00:12:48.5340000+00:00</time>
      </trkpt>
      <trkpt lat="46.71933" lon="8.04479">
        <ele>1520.72</ele>
        <time>2026-05-04T00:12:57.6410000+00:00</time>
      </trkpt>
      <trkpt lat="46.71936" lon="8.04483">
        <ele>1519.68</ele>
        <time>2026-05-04T00:13:03.5620000+00:00</time>
      </trkpt>
      <trkpt lat="46.71936" lon="8.04483">
        <ele>1519.68</ele>
        <time>2026-05-04T00:13:03.5620000+00:00</time>
      </trkpt>
      <trkpt lat="46.71937" lon="8.04486">
        <ele>1519.27</ele>
        <time>2026-05-04T00:13:06.8920000+00:00</time>
      </trkpt>
      <trkpt lat="46.71939" lon="8.04492">
        <ele>1518.46</ele>
        <time>2026-05-04T00:13:13.5540000+00:00</time>
      </trkpt>
      <trkpt lat="46.71938" lon="8.04496">
        <ele>1518.6</ele>
        <time>2026-05-04T00:13:17.8050000+00:00</time>
      </trkpt>
      <trkpt lat="46.71932" lon="8.04498">
        <ele>1520.27</ele>
        <time>2026-05-04T00:13:26.7700000+00:00</time>
      </trkpt>
      <trkpt lat="46.71928" lon="8.04504">
        <ele>1521.22</ele>
        <time>2026-05-04T00:13:35.1290000+00:00</time>
      </trkpt>
      <trkpt lat="46.71925" lon="8.04506">
        <ele>1521.97</ele>
        <time>2026-05-04T00:13:39.9330000+00:00</time>
      </trkpt>
      <trkpt lat="46.71922" lon="8.04505">
        <ele>1522.82</ele>
        <time>2026-05-04T00:13:44.4160000+00:00</time>
      </trkpt>
      <trkpt lat="46.71918" lon="8.04504">
        <ele>1523.97</ele>
        <time>2026-05-04T00:13:50.3290000+00:00</time>
      </trkpt>
      <trkpt lat="46.71915" lon="8.04505">
        <ele>1524.74</ele>
        <time>2026-05-04T00:13:54.8130000+00:00</time>
      </trkpt>
      <trkpt lat="46.71912" lon="8.04509">
        <ele>1525.31</ele>
        <time>2026-05-04T00:14:00.7350000+00:00</time>
      </trkpt>
      <trkpt lat="46.71915" lon="8.04513">
        <ele>1524.29</ele>
        <time>2026-05-04T00:14:06.6570000+00:00</time>
      </trkpt>
      <trkpt lat="46.71918" lon="8.04519">
        <ele>1523.21</ele>
        <time>2026-05-04T00:14:14.0750000+00:00</time>
      </trkpt>
      <trkpt lat="46.71921" lon="8.04529">
        <ele>1522.02</ele>
        <time>2026-05-04T00:14:24.9770000+00:00</time>
      </trkpt>
      <trkpt lat="46.71923" lon="8.04535">
        <ele>1521.31</ele>
        <time>2026-05-04T00:14:31.6400000+00:00</time>
      </trkpt>
      <trkpt lat="46.71923" lon="8.04543">
        <ele>1520.97</ele>
        <time>2026-05-04T00:14:39.6280000+00:00</time>
      </trkpt>
      <trkpt lat="46.7192" lon="8.04548">
        <ele>1521.36</ele>
        <time>2026-05-04T00:14:46.2630000+00:00</time>
      </trkpt>
      <trkpt lat="46.71917" lon="8.04551">
        <ele>1521.8</ele>
        <time>2026-05-04T00:14:51.5620000+00:00</time>
      </trkpt>
      <trkpt lat="46.71915" lon="8.04554">
        <ele>1522.02</ele>
        <time>2026-05-04T00:14:55.7410000+00:00</time>
      </trkpt>
      <trkpt lat="46.71914" lon="8.04561">
        <ele>1521.81</ele>
        <time>2026-05-04T00:15:02.8830000+00:00</time>
      </trkpt>
      <trkpt lat="46.71913" lon="8.0457">
        <ele>1521.46</ele>
        <time>2026-05-04T00:15:11.9880000+00:00</time>
      </trkpt>
      <trkpt lat="46.7191" lon="8.04581">
        <ele>1521.18</ele>
        <time>2026-05-04T00:15:23.8110000+00:00</time>
      </trkpt>
      <trkpt lat="46.71905" lon="8.04591">
        <ele>1520.89</ele>
        <time>2026-05-04T00:15:36.1720000+00:00</time>
      </trkpt>
      <trkpt lat="46.71904" lon="8.04599">
        <ele>1520.22</ele>
        <time>2026-05-04T00:15:44.2930000+00:00</time>
      </trkpt>
      <trkpt lat="46.71902" lon="8.04605">
        <ele>1519.9</ele>
        <time>2026-05-04T00:15:50.9560000+00:00</time>
      </trkpt>
      <trkpt lat="46.71902" lon="8.04613">
        <ele>1519.08</ele>
        <time>2026-05-04T00:15:58.9450000+00:00</time>
      </trkpt>
      <trkpt lat="46.71904" lon="8.04621">
        <ele>1517.99</ele>
        <time>2026-05-04T00:16:07.4490000+00:00</time>
      </trkpt>
      <trkpt lat="46.71904" lon="8.04628">
        <ele>1517.29</ele>
        <time>2026-05-04T00:16:14.4410000+00:00</time>
      </trkpt>
      <trkpt lat="46.71906" lon="8.04633">
        <ele>1516.51</ele>
        <time>2026-05-04T00:16:20.2230000+00:00</time>
      </trkpt>
      <trkpt lat="46.71903" lon="8.04634">
        <ele>1516.81</ele>
        <time>2026-05-04T00:16:24.7050000+00:00</time>
      </trkpt>
      <trkpt lat="46.71902" lon="8.04635">
        <ele>1516.85</ele>
        <time>2026-05-04T00:16:26.4640000+00:00</time>
      </trkpt>
      <trkpt lat="46.71901" lon="8.04639">
        <ele>1516.58</ele>
        <time>2026-05-04T00:16:30.7150000+00:00</time>
      </trkpt>
      <trkpt lat="46.71901" lon="8.04645">
        <ele>1515.97</ele>
        <time>2026-05-04T00:16:36.7070000+00:00</time>
      </trkpt>
      <trkpt lat="46.71902" lon="8.04651">
        <ele>1515.22</ele>
        <time>2026-05-04T00:16:42.8730000+00:00</time>
      </trkpt>
      <trkpt lat="46.719" lon="8.04657">
        <ele>1514.88</ele>
        <time>2026-05-04T00:16:49.5350000+00:00</time>
      </trkpt>
      <trkpt lat="46.71902" lon="8.04665">
        <ele>1514.03</ele>
        <time>2026-05-04T00:16:58.0380000+00:00</time>
      </trkpt>
      <trkpt lat="46.71902" lon="8.04675">
        <ele>1514.07</ele>
        <time>2026-05-04T00:17:08.0240000+00:00</time>
      </trkpt>
      <trkpt lat="46.71901" lon="8.04688">
        <ele>1514.26</ele>
        <time>2026-05-04T00:17:21.0890000+00:00</time>
      </trkpt>
      <trkpt lat="46.71902" lon="8.04696">
        <ele>1514.14</ele>
        <time>2026-05-04T00:17:29.2100000+00:00</time>
      </trkpt>
      <trkpt lat="46.71902" lon="8.04702">
        <ele>1514.16</ele>
        <time>2026-05-04T00:17:35.2010000+00:00</time>
      </trkpt>
      <trkpt lat="46.71903" lon="8.0471">
        <ele>1514.02</ele>
        <time>2026-05-04T00:17:43.3210000+00:00</time>
      </trkpt>
      <trkpt lat="46.71905" lon="8.04715">
        <ele>1513.7</ele>
        <time>2026-05-04T00:17:49.1030000+00:00</time>
      </trkpt>
      <trkpt lat="46.71907" lon="8.04722">
        <ele>1513.36</ele>
        <time>2026-05-04T00:17:56.6770000+00:00</time>
      </trkpt>
      <trkpt lat="46.7191" lon="8.04728">
        <ele>1512.82</ele>
        <time>2026-05-04T00:18:04.0940000+00:00</time>
      </trkpt>
      <trkpt lat="46.71913" lon="8.04746">
        <ele>1512.2</ele>
        <time>2026-05-04T00:18:22.5940000+00:00</time>
      </trkpt>
      <trkpt lat="46.71914" lon="8.04757">
        <ele>1512.99</ele>
        <time>2026-05-04T00:18:33.6770000+00:00</time>
      </trkpt>
      <trkpt lat="46.71916" lon="8.04768">
        <ele>1513.55</ele>
        <time>2026-05-04T00:18:45.0420000+00:00</time>
      </trkpt>
      <trkpt lat="46.71916" lon="8.04777">
        <ele>1514.34</ele>
        <time>2026-05-04T00:18:54.0310000+00:00</time>
      </trkpt>
      <trkpt lat="46.71917" lon="8.04782">
        <ele>1514.54</ele>
        <time>2026-05-04T00:18:59.2310000+00:00</time>
      </trkpt>
      <trkpt lat="46.71919" lon="8.04789">
        <ele>1514.67</ele>
        <time>2026-05-04T00:19:06.8050000+00:00</time>
      </trkpt>
      <trkpt lat="46.7192" lon="8.04797">
        <ele>1515.09</ele>
        <time>2026-05-04T00:19:14.9260000+00:00</time>
      </trkpt>
      <trkpt lat="46.71922" lon="8.04812">
        <ele>1515.8</ele>
        <time>2026-05-04T00:19:30.1880000+00:00</time>
      </trkpt>
      <trkpt lat="46.71924" lon="8.04824">
        <ele>1516.21</ele>
        <time>2026-05-04T00:19:42.5210000+00:00</time>
      </trkpt>
      <trkpt lat="46.71928" lon="8.04838">
        <ele>1516.77</ele>
        <time>2026-05-04T00:19:57.6690000+00:00</time>
      </trkpt>
      <trkpt lat="46.71936" lon="8.0487">
        <ele>1518.78</ele>
        <time>2026-05-04T00:20:31.6870000+00:00</time>
      </trkpt>
      <trkpt lat="46.71941" lon="8.04894">
        <ele>1520.48</ele>
        <time>2026-05-04T00:20:56.7380000+00:00</time>
      </trkpt>
      <trkpt lat="46.71946" lon="8.04912">
        <ele>1522.43</ele>
        <time>2026-05-04T00:21:16.1350000+00:00</time>
      </trkpt>
      <trkpt lat="46.71954" lon="8.04931">
        <ele>1525.96</ele>
        <time>2026-05-04T00:21:38.4030000+00:00</time>
      </trkpt>
      <trkpt lat="46.71961" lon="8.04942">
        <ele>1527.78</ele>
        <time>2026-05-04T00:21:53.3920000+00:00</time>
      </trkpt>
      <trkpt lat="46.71963" lon="8.04948">
        <ele>1528.92</ele>
        <time>2026-05-04T00:22:00.0550000+00:00</time>
      </trkpt>
      <trkpt lat="46.71965" lon="8.04956">
        <ele>1530.5</ele>
        <time>2026-05-04T00:22:08.5580000+00:00</time>
      </trkpt>
      <trkpt lat="46.71973" lon="8.04976">
        <ele>1534.1</ele>
        <time>2026-05-04T00:22:31.6840000+00:00</time>
      </trkpt>
      <trkpt lat="46.71981" lon="8.04995">
        <ele>1537.39</ele>
        <time>2026-05-04T00:22:53.9520000+00:00</time>
      </trkpt>
      <trkpt lat="46.71994" lon="8.05017">
        <ele>1542.5</ele>
        <time>2026-05-04T00:23:22.9590000+00:00</time>
      </trkpt>
      <trkpt lat="46.72005" lon="8.05031">
        <ele>1544.73</ele>
        <time>2026-05-04T00:23:44.2250000+00:00</time>
      </trkpt>
      <trkpt lat="46.72018" lon="8.0504">
        <ele>1544.66</ele>
        <time>2026-05-04T00:24:05.1880000+00:00</time>
      </trkpt>
      <trkpt lat="46.72031" lon="8.0505">
        <ele>1545.22</ele>
        <time>2026-05-04T00:24:26.5970000+00:00</time>
      </trkpt>
      <trkpt lat="46.7204" lon="8.0506">
        <ele>1546.47</ele>
        <time>2026-05-04T00:24:43.0780000+00:00</time>
      </trkpt>
      <trkpt lat="46.72047" lon="8.05068">
        <ele>1547.3</ele>
        <time>2026-05-04T00:24:56.0320000+00:00</time>
      </trkpt>
      <trkpt lat="46.72053" lon="8.0508">
        <ele>1548.89</ele>
        <time>2026-05-04T00:25:10.8660000+00:00</time>
      </trkpt>
      <trkpt lat="46.72057" lon="8.05086">
        <ele>1549.4</ele>
        <time>2026-05-04T00:25:19.2250000+00:00</time>
      </trkpt>
      <trkpt lat="46.72062" lon="8.05095">
        <ele>1550.18</ele>
        <time>2026-05-04T00:25:30.7930000+00:00</time>
      </trkpt>
      <trkpt lat="46.72066" lon="8.05102">
        <ele>1550.66</ele>
        <time>2026-05-04T00:25:39.8950000+00:00</time>
      </trkpt>
      <trkpt lat="46.72075" lon="8.05116">
        <ele>1551.11</ele>
        <time>2026-05-04T00:25:59.0620000+00:00</time>
      </trkpt>
      <trkpt lat="46.72078" lon="8.05123">
        <ele>1551.51</ele>
        <time>2026-05-04T00:26:07.3060000+00:00</time>
      </trkpt>
      <trkpt lat="46.72081" lon="8.05136">
        <ele>1552.67</ele>
        <time>2026-05-04T00:26:21.0040000+00:00</time>
      </trkpt>
      <trkpt lat="46.72085" lon="8.05141">
        <ele>1552.37</ele>
        <time>2026-05-04T00:26:28.6790000+00:00</time>
      </trkpt>
      <trkpt lat="46.72087" lon="8.05157">
        <ele>1553.95</ele>
        <time>2026-05-04T00:26:44.9210000+00:00</time>
      </trkpt>
      <trkpt lat="46.72089" lon="8.05166">
        <ele>1554.49</ele>
        <time>2026-05-04T00:26:54.3700000+00:00</time>
      </trkpt>
      <trkpt lat="46.72092" lon="8.05191">
        <ele>1556.43</ele>
        <time>2026-05-04T00:27:19.7170000+00:00</time>
      </trkpt>
      <trkpt lat="46.72093" lon="8.052">
        <ele>1557.12</ele>
        <time>2026-05-04T00:27:28.8220000+00:00</time>
      </trkpt>
      <trkpt lat="46.72092" lon="8.05201">
        <ele>1557.56</ele>
        <time>2026-05-04T00:27:30.5850000+00:00</time>
      </trkpt>
      <trkpt lat="46.7209" lon="8.05208">
        <ele>1559.04</ele>
        <time>2026-05-04T00:27:38.1590000+00:00</time>
      </trkpt>
      <trkpt lat="46.72089" lon="8.05218">
        <ele>1560.54</ele>
        <time>2026-05-04T00:27:48.2510000+00:00</time>
      </trkpt>
      <trkpt lat="46.72088" lon="8.05226">
        <ele>1561.83</ele>
        <time>2026-05-04T00:27:56.3730000+00:00</time>
      </trkpt>
      <trkpt lat="46.72087" lon="8.05239">
        <ele>1563.74</ele>
        <time>2026-05-04T00:28:09.4370000+00:00</time>
      </trkpt>
      <trkpt lat="46.72085" lon="8.05256">
        <ele>1565.74</ele>
        <time>2026-05-04T00:28:26.6630000+00:00</time>
      </trkpt>
      <trkpt lat="46.72085" lon="8.05268">
        <ele>1566.26</ele>
        <time>2026-05-04T00:28:38.6480000+00:00</time>
      </trkpt>
      <trkpt lat="46.72085" lon="8.05287">
        <ele>1567.08</ele>
        <time>2026-05-04T00:28:57.6230000+00:00</time>
      </trkpt>
      <trkpt lat="46.72086" lon="8.05304">
        <ele>1567.34</ele>
        <time>2026-05-04T00:29:14.6630000+00:00</time>
      </trkpt>
      <trkpt lat="46.72087" lon="8.05323">
        <ele>1567.64</ele>
        <time>2026-05-04T00:29:33.6930000+00:00</time>
      </trkpt>
      <trkpt lat="46.72086" lon="8.05336">
        <ele>1568.48</ele>
        <time>2026-05-04T00:29:46.7580000+00:00</time>
      </trkpt>
      <trkpt lat="46.72084" lon="8.05349">
        <ele>1569.74</ele>
        <time>2026-05-04T00:30:00.0640000+00:00</time>
      </trkpt>
      <trkpt lat="46.72082" lon="8.05359">
        <ele>1571</ele>
        <time>2026-05-04T00:30:10.4670000+00:00</time>
      </trkpt>
      <trkpt lat="46.72085" lon="8.05372">
        <ele>1569.57</ele>
        <time>2026-05-04T00:30:24.1660000+00:00</time>
      </trkpt>
      <trkpt lat="46.72085" lon="8.05375">
        <ele>1569.62</ele>
        <time>2026-05-04T00:30:27.1640000+00:00</time>
      </trkpt>
      <trkpt lat="46.72087" lon="8.05392">
        <ele>1568.72</ele>
        <time>2026-05-04T00:30:44.3900000+00:00</time>
      </trkpt>
      <trkpt lat="46.72086" lon="8.05411">
        <ele>1569.59</ele>
        <time>2026-05-04T00:31:03.4210000+00:00</time>
      </trkpt>
      <trkpt lat="46.72086" lon="8.05422">
        <ele>1569.22</ele>
        <time>2026-05-04T00:31:14.4060000+00:00</time>
      </trkpt>
      <trkpt lat="46.72087" lon="8.05435">
        <ele>1568.06</ele>
        <time>2026-05-04T00:31:27.4700000+00:00</time>
      </trkpt>
      <trkpt lat="46.7209" lon="8.05444">
        <ele>1565.7</ele>
        <time>2026-05-04T00:31:37.4640000+00:00</time>
      </trkpt>
      <trkpt lat="46.72092" lon="8.05451">
        <ele>1564.03</ele>
        <time>2026-05-04T00:31:45.0380000+00:00</time>
      </trkpt>
      <trkpt lat="46.72093" lon="8.05463">
        <ele>1562.75</ele>
        <time>2026-05-04T00:31:57.1100000+00:00</time>
      </trkpt>
      <trkpt lat="46.72094" lon="8.05483">
        <ele>1561.01</ele>
        <time>2026-05-04T00:32:17.1370000+00:00</time>
      </trkpt>
      <trkpt lat="46.72094" lon="8.05496">
        <ele>1560.23</ele>
        <time>2026-05-04T00:32:30.1200000+00:00</time>
      </trkpt>
      <trkpt lat="46.72092" lon="8.05508">
        <ele>1559.04</ele>
        <time>2026-05-04T00:32:42.4530000+00:00</time>
      </trkpt>
      <trkpt lat="46.7209" lon="8.05516">
        <ele>1558.89</ele>
        <time>2026-05-04T00:32:50.9580000+00:00</time>
      </trkpt>
      <trkpt lat="46.7209" lon="8.05523">
        <ele>1557.37</ele>
        <time>2026-05-04T00:32:57.9490000+00:00</time>
      </trkpt>
      <trkpt lat="46.7209" lon="8.05543">
        <ele>1553.05</ele>
        <time>2026-05-04T00:33:17.9240000+00:00</time>
      </trkpt>
      <trkpt lat="46.7209" lon="8.05557">
        <ele>1550.02</ele>
        <time>2026-05-04T00:33:31.9060000+00:00</time>
      </trkpt>
      <trkpt lat="46.72088" lon="8.05564">
        <ele>1550.48</ele>
        <time>2026-05-04T00:33:39.4790000+00:00</time>
      </trkpt>
      <trkpt lat="46.72086" lon="8.0557">
        <ele>1551.26</ele>
        <time>2026-05-04T00:33:46.1420000+00:00</time>
      </trkpt>
      <trkpt lat="46.72086" lon="8.05576">
        <ele>1550.04</ele>
        <time>2026-05-04T00:33:52.1330000+00:00</time>
      </trkpt>
      <trkpt lat="46.72087" lon="8.05592">
        <ele>1544.15</ele>
        <time>2026-05-04T00:34:08.1780000+00:00</time>
      </trkpt>
      <trkpt lat="46.72088" lon="8.05616">
        <ele>1535.17</ele>
        <time>2026-05-04T00:34:32.1910000+00:00</time>
      </trkpt>
      <trkpt lat="46.72087" lon="8.05635">
        <ele>1530.23</ele>
        <time>2026-05-04T00:34:51.2220000+00:00</time>
      </trkpt>
      <trkpt lat="46.72085" lon="8.05652">
        <ele>1527.45</ele>
        <time>2026-05-04T00:35:08.4470000+00:00</time>
      </trkpt>
      <trkpt lat="46.72082" lon="8.05665">
        <ele>1527.03</ele>
        <time>2026-05-04T00:35:22.1460000+00:00</time>
      </trkpt>
      <trkpt lat="46.72077" lon="8.05685">
        <ele>1524.38</ele>
        <time>2026-05-04T00:35:43.4060000+00:00</time>
      </trkpt>
      <trkpt lat="46.72071" lon="8.05706">
        <ele>1523.12</ele>
        <time>2026-05-04T00:36:06.1280000+00:00</time>
      </trkpt>
      <trkpt lat="46.72067" lon="8.05718">
        <ele>1523.48</ele>
        <time>2026-05-04T00:36:19.4540000+00:00</time>
      </trkpt>
      <trkpt lat="46.72061" lon="8.05733">
        <ele>1525.72</ele>
        <time>2026-05-04T00:36:36.7980000+00:00</time>
      </trkpt>
      <trkpt lat="46.72055" lon="8.05744">
        <ele>1530.07</ele>
        <time>2026-05-04T00:36:50.8370000+00:00</time>
      </trkpt>
      <trkpt lat="46.72052" lon="8.05748">
        <ele>1532.84</ele>
        <time>2026-05-04T00:36:56.7580000+00:00</time>
      </trkpt>
      <trkpt lat="46.72052" lon="8.05755">
        <ele>1529.38</ele>
        <time>2026-05-04T00:37:03.7480000+00:00</time>
      </trkpt>
      <trkpt lat="46.7205" lon="8.05764">
        <ele>1527.95</ele>
        <time>2026-05-04T00:37:13.1960000+00:00</time>
      </trkpt>
      <trkpt lat="46.72048" lon="8.05771">
        <ele>1527.43</ele>
        <time>2026-05-04T00:37:20.7700000+00:00</time>
      </trkpt>
      <trkpt lat="46.72046" lon="8.05776">
        <ele>1527.85</ele>
        <time>2026-05-04T00:37:26.5500000+00:00</time>
      </trkpt>
      <trkpt lat="46.72043" lon="8.05784">
        <ele>1528.11</ele>
        <time>2026-05-04T00:37:35.6580000+00:00</time>
      </trkpt>
      <trkpt lat="46.72036" lon="8.05799">
        <ele>1530.15</ele>
        <time>2026-05-04T00:37:53.7800000+00:00</time>
      </trkpt>
      <trkpt lat="46.72029" lon="8.05819">
        <ele>1528.8</ele>
        <time>2026-05-04T00:38:16.2060000+00:00</time>
      </trkpt>
      <trkpt lat="46.72021" lon="8.05843">
        <ele>1526.23</ele>
        <time>2026-05-04T00:38:42.8580000+00:00</time>
      </trkpt>
      <trkpt lat="46.72014" lon="8.05864">
        <ele>1524.94</ele>
        <time>2026-05-04T00:39:06.1780000+00:00</time>
      </trkpt>
      <trkpt lat="46.72006" lon="8.05877">
        <ele>1529.96</ele>
        <time>2026-05-04T00:39:23.6240000+00:00</time>
      </trkpt>
      <trkpt lat="46.71998" lon="8.05889">
        <ele>1535.98</ele>
        <time>2026-05-04T00:39:40.3400000+00:00</time>
      </trkpt>
      <trkpt lat="46.71993" lon="8.05897">
        <ele>1539.74</ele>
        <time>2026-05-04T00:39:51.1520000+00:00</time>
      </trkpt>
      <trkpt lat="46.71998" lon="8.05894">
        <ele>1533.53</ele>
        <time>2026-05-04T00:39:59.0280000+00:00</time>
      </trkpt>
      <trkpt lat="46.72005" lon="8.05889">
        <ele>1525.36</ele>
        <time>2026-05-04T00:40:10.3820000+00:00</time>
      </trkpt>
      <trkpt lat="46.72009" lon="8.05888">
        <ele>1519.8</ele>
        <time>2026-05-04T00:40:16.2930000+00:00</time>
      </trkpt>
      <trkpt lat="46.72013" lon="8.05887">
        <ele>1514.27</ele>
        <time>2026-05-04T00:40:22.2050000+00:00</time>
      </trkpt>
      <trkpt lat="46.72012" lon="8.05894">
        <ele>1512.11</ele>
        <time>2026-05-04T00:40:29.3450000+00:00</time>
      </trkpt>
      <trkpt lat="46.72009" lon="8.05901">
        <ele>1513.08</ele>
        <time>2026-05-04T00:40:37.5890000+00:00</time>
      </trkpt>
      <trkpt lat="46.72004" lon="8.05908">
        <ele>1517.28</ele>
        <time>2026-05-04T00:40:47.6850000+00:00</time>
      </trkpt>
      <trkpt lat="46.71991" lon="8.05922">
        <ele>1532.14</ele>
        <time>2026-05-04T00:41:11.2260000+00:00</time>
      </trkpt>
      <trkpt lat="46.71983" lon="8.05933">
        <ele>1540.77</ele>
        <time>2026-05-04T00:41:27.2420000+00:00</time>
      </trkpt>
      <trkpt lat="46.71976" lon="8.05946">
        <ele>1547.1</ele>
        <time>2026-05-04T00:41:43.7510000+00:00</time>
      </trkpt>
      <trkpt lat="46.7197" lon="8.05959">
        <ele>1551.85</ele>
        <time>2026-05-04T00:41:59.4020000+00:00</time>
      </trkpt>
      <trkpt lat="46.71967" lon="8.05975">
        <ele>1550.81</ele>
        <time>2026-05-04T00:42:15.9680000+00:00</time>
      </trkpt>
      <trkpt lat="46.71967" lon="8.0599">
        <ele>1545.4</ele>
        <time>2026-05-04T00:42:30.9480000+00:00</time>
      </trkpt>
      <trkpt lat="46.71966" lon="8.06006">
        <ele>1544.83</ele>
        <time>2026-05-04T00:42:46.9940000+00:00</time>
      </trkpt>
      <trkpt lat="46.71962" lon="8.06025">
        <ele>1550.56</ele>
        <time>2026-05-04T00:43:06.8440000+00:00</time>
      </trkpt>
      <trkpt lat="46.71958" lon="8.06036">
        <ele>1556.56</ele>
        <time>2026-05-04T00:43:19.2800000+00:00</time>
      </trkpt>
      <trkpt lat="46.71955" lon="8.06047">
        <ele>1561.01</ele>
        <time>2026-05-04T00:43:31.1030000+00:00</time>
      </trkpt>
      <trkpt lat="46.71955" lon="8.06056">
        <ele>1560.75</ele>
        <time>2026-05-04T00:43:40.0910000+00:00</time>
      </trkpt>
      <trkpt lat="46.71955" lon="8.06064">
        <ele>1560.52</ele>
        <time>2026-05-04T00:43:48.0800000+00:00</time>
      </trkpt>
      <trkpt lat="46.71958" lon="8.06073">
        <ele>1555.48</ele>
        <time>2026-05-04T00:43:58.0750000+00:00</time>
      </trkpt>
      <trkpt lat="46.71962" lon="8.06087">
        <ele>1548.65</ele>
        <time>2026-05-04T00:44:13.2230000+00:00</time>
      </trkpt>
      <trkpt lat="46.71963" lon="8.06101">
        <ele>1546.66</ele>
        <time>2026-05-04T00:44:27.2800000+00:00</time>
      </trkpt>
      <trkpt lat="46.71962" lon="8.06114">
        <ele>1547.77</ele>
        <time>2026-05-04T00:44:40.3450000+00:00</time>
      </trkpt>
      <trkpt lat="46.71959" lon="8.06128">
        <ele>1551.67</ele>
        <time>2026-05-04T00:44:54.9940000+00:00</time>
      </trkpt>
      <trkpt lat="46.71956" lon="8.06137">
        <ele>1555.58</ele>
        <time>2026-05-04T00:45:04.9870000+00:00</time>
      </trkpt>
      <trkpt lat="46.71952" lon="8.06141">
        <ele>1561.05</ele>
        <time>2026-05-04T00:45:12.0510000+00:00</time>
      </trkpt>
      <trkpt lat="46.71949" lon="8.06145">
        <ele>1565.02</ele>
        <time>2026-05-04T00:45:17.9720000+00:00</time>
      </trkpt>
      <trkpt lat="46.71948" lon="8.06149">
        <ele>1566.13</ele>
        <time>2026-05-04T00:45:22.2240000+00:00</time>
      </trkpt>
      <trkpt lat="46.71947" lon="8.06161">
        <ele>1566.61</ele>
        <time>2026-05-04T00:45:34.2970000+00:00</time>
      </trkpt>
      <trkpt lat="46.71949" lon="8.06171">
        <ele>1563.57</ele>
        <time>2026-05-04T00:45:44.7010000+00:00</time>
      </trkpt>
      <trkpt lat="46.71953" lon="8.06177">
        <ele>1558.26</ele>
        <time>2026-05-04T00:45:53.0590000+00:00</time>
      </trkpt>
      <trkpt lat="46.7196" lon="8.06185">
        <ele>1549.46</ele>
        <time>2026-05-04T00:46:06.0140000+00:00</time>
      </trkpt>
      <trkpt lat="46.71964" lon="8.06195">
        <ele>1544.9</ele>
        <time>2026-05-04T00:46:17.5770000+00:00</time>
      </trkpt>
      <trkpt lat="46.71967" lon="8.06207">
        <ele>1541.98</ele>
        <time>2026-05-04T00:46:30.3340000+00:00</time>
      </trkpt>
      <trkpt lat="46.7197" lon="8.06229">
        <ele>1540.11</ele>
        <time>2026-05-04T00:46:52.7360000+00:00</time>
      </trkpt>
      <trkpt lat="46.71971" lon="8.06248">
        <ele>1540.45</ele>
        <time>2026-05-04T00:47:11.7670000+00:00</time>
      </trkpt>
      <trkpt lat="46.7197" lon="8.06266">
        <ele>1542.37</ele>
        <time>2026-05-04T00:47:29.8020000+00:00</time>
      </trkpt>
      <trkpt lat="46.71969" lon="8.06283">
        <ele>1544.08</ele>
        <time>2026-05-04T00:47:46.8420000+00:00</time>
      </trkpt>
      <trkpt lat="46.71966" lon="8.06291">
        <ele>1546.72</ele>
        <time>2026-05-04T00:47:55.9470000+00:00</time>
      </trkpt>
      <trkpt lat="46.71962" lon="8.06306">
        <ele>1549.97</ele>
        <time>2026-05-04T00:48:12.0210000+00:00</time>
      </trkpt>
      <trkpt lat="46.71959" lon="8.06312">
        <ele>1552.02</ele>
        <time>2026-05-04T00:48:19.4380000+00:00</time>
      </trkpt>
      <trkpt lat="46.71957" lon="8.06322">
        <ele>1553.26</ele>
        <time>2026-05-04T00:48:29.8410000+00:00</time>
      </trkpt>
      <trkpt lat="46.71963" lon="8.06318">
        <ele>1549.55</ele>
        <time>2026-05-04T00:48:39.4500000+00:00</time>
      </trkpt>
      <trkpt lat="46.71968" lon="8.06312">
        <ele>1546.17</ele>
        <time>2026-05-04T00:48:48.8830000+00:00</time>
      </trkpt>
      <trkpt lat="46.71974" lon="8.06304">
        <ele>1541.68</ele>
        <time>2026-05-04T00:49:00.7260000+00:00</time>
      </trkpt>
      <trkpt lat="46.71979" lon="8.063">
        <ele>1537.86</ele>
        <time>2026-05-04T00:49:09.0330000+00:00</time>
      </trkpt>
      <trkpt lat="46.71978" lon="8.06309">
        <ele>1539.39</ele>
        <time>2026-05-04T00:49:18.1380000+00:00</time>
      </trkpt>
      <trkpt lat="46.71976" lon="8.06318">
        <ele>1541.45</ele>
        <time>2026-05-04T00:49:27.5860000+00:00</time>
      </trkpt>
      <trkpt lat="46.71976" lon="8.06326">
        <ele>1542.11</ele>
        <time>2026-05-04T00:49:35.5750000+00:00</time>
      </trkpt>
      <trkpt lat="46.71976" lon="8.06331">
        <ele>1542.37</ele>
        <time>2026-05-04T00:49:40.5680000+00:00</time>
      </trkpt>
      <trkpt lat="46.71974" lon="8.06342">
        <ele>1543.76</ele>
        <time>2026-05-04T00:49:51.9340000+00:00</time>
      </trkpt>
      <trkpt lat="46.71972" lon="8.0635">
        <ele>1544.94</ele>
        <time>2026-05-04T00:50:00.4380000+00:00</time>
      </trkpt>
      <trkpt lat="46.71969" lon="8.06362">
        <ele>1546.47</ele>
        <time>2026-05-04T00:50:13.1940000+00:00</time>
      </trkpt>
      <trkpt lat="46.71973" lon="8.06362">
        <ele>1544.69</ele>
        <time>2026-05-04T00:50:19.0220000+00:00</time>
      </trkpt>
      <trkpt lat="46.71975" lon="8.06365">
        <ele>1543.89</ele>
        <time>2026-05-04T00:50:23.2030000+00:00</time>
      </trkpt>
      <trkpt lat="46.71974" lon="8.0637">
        <ele>1544.44</ele>
        <time>2026-05-04T00:50:28.4050000+00:00</time>
      </trkpt>
      <trkpt lat="46.71968" lon="8.06381">
        <ele>1546.93</ele>
        <time>2026-05-04T00:50:42.4440000+00:00</time>
      </trkpt>
      <trkpt lat="46.71968" lon="8.06385">
        <ele>1546.93</ele>
        <time>2026-05-04T00:50:46.4390000+00:00</time>
      </trkpt>
      <trkpt lat="46.71968" lon="8.0639">
        <ele>1546.93</ele>
        <time>2026-05-04T00:50:51.4330000+00:00</time>
      </trkpt>
      <trkpt lat="46.71967" lon="8.06392">
        <ele>1547.26</ele>
        <time>2026-05-04T00:50:53.9080000+00:00</time>
      </trkpt>
      <trkpt lat="46.7196" lon="8.06396">
        <ele>1549.43</ele>
        <time>2026-05-04T00:51:04.8600000+00:00</time>
      </trkpt>
      <trkpt lat="46.71955" lon="8.064">
        <ele>1550.79</ele>
        <time>2026-05-04T00:51:13.1670000+00:00</time>
      </trkpt>
      <trkpt lat="46.71948" lon="8.0641">
        <ele>1552.1</ele>
        <time>2026-05-04T00:51:27.4400000+00:00</time>
      </trkpt>
      <trkpt lat="46.71937" lon="8.06426">
        <ele>1553.54</ele>
        <time>2026-05-04T00:51:50.0700000+00:00</time>
      </trkpt>
      <trkpt lat="46.71928" lon="8.0644">
        <ele>1553.61</ele>
        <time>2026-05-04T00:52:09.2370000+00:00</time>
      </trkpt>
      <trkpt lat="46.7193" lon="8.06453">
        <ele>1552.34</ele>
        <time>2026-05-04T00:52:22.5430000+00:00</time>
      </trkpt>
      <trkpt lat="46.71932" lon="8.06466">
        <ele>1551.18</ele>
        <time>2026-05-04T00:52:35.8490000+00:00</time>
      </trkpt>
      <trkpt lat="46.71932" lon="8.06476">
        <ele>1550.42</ele>
        <time>2026-05-04T00:52:45.8370000+00:00</time>
      </trkpt>
      <trkpt lat="46.7193" lon="8.06486">
        <ele>1549.69</ele>
        <time>2026-05-04T00:52:56.2400000+00:00</time>
      </trkpt>
      <trkpt lat="46.71928" lon="8.06488">
        <ele>1549.56</ele>
        <time>2026-05-04T00:52:59.7730000+00:00</time>
      </trkpt>
      <trkpt lat="46.71925" lon="8.06488">
        <ele>1549.6</ele>
        <time>2026-05-04T00:53:04.1420000+00:00</time>
      </trkpt>
      <trkpt lat="46.71916" lon="8.06486">
        <ele>1549.93</ele>
        <time>2026-05-04T00:53:17.4040000+00:00</time>
      </trkpt>
      <trkpt lat="46.71906" lon="8.06485">
        <ele>1550.24</ele>
        <time>2026-05-04T00:53:32.0060000+00:00</time>
      </trkpt>
      <trkpt lat="46.71901" lon="8.06483">
        <ele>1550.61</ele>
        <time>2026-05-04T00:53:39.5590000+00:00</time>
      </trkpt>
      <trkpt lat="46.71896" lon="8.06482">
        <ele>1550.88</ele>
        <time>2026-05-04T00:53:46.9110000+00:00</time>
      </trkpt>
      <trkpt lat="46.71889" lon="8.06481">
        <ele>1551.22</ele>
        <time>2026-05-04T00:53:57.1570000+00:00</time>
      </trkpt>
      <trkpt lat="46.71882" lon="8.0648">
        <ele>1551.59</ele>
        <time>2026-05-04T00:54:07.4030000+00:00</time>
      </trkpt>
      <trkpt lat="46.71879" lon="8.06478">
        <ele>1552.04</ele>
        <time>2026-05-04T00:54:12.2070000+00:00</time>
      </trkpt>
      <trkpt lat="46.71876" lon="8.06479">
        <ele>1551.95</ele>
        <time>2026-05-04T00:54:16.6910000+00:00</time>
      </trkpt>
      <trkpt lat="46.71875" lon="8.0648">
        <ele>1551.79</ele>
        <time>2026-05-04T00:54:18.4590000+00:00</time>
      </trkpt>
      <trkpt lat="46.71875" lon="8.0648">
        <ele>1551.79</ele>
        <time>2026-05-04T00:54:18.4590000+00:00</time>
      </trkpt>
      <trkpt lat="46.71874" lon="8.06483">
        <ele>1551.24</ele>
        <time>2026-05-04T00:54:21.7920000+00:00</time>
      </trkpt>
      <trkpt lat="46.71874" lon="8.06486">
        <ele>1550.66</ele>
        <time>2026-05-04T00:54:24.7870000+00:00</time>
      </trkpt>
      <trkpt lat="46.71872" lon="8.06488">
        <ele>1550.3</ele>
        <time>2026-05-04T00:54:28.3180000+00:00</time>
      </trkpt>
      <trkpt lat="46.71866" lon="8.06497">
        <ele>1548.72</ele>
        <time>2026-05-04T00:54:40.8560000+00:00</time>
      </trkpt>
      <trkpt lat="46.71862" lon="8.06504">
        <ele>1547.88</ele>
        <time>2026-05-04T00:54:49.9570000+00:00</time>
      </trkpt>
      <trkpt lat="46.7186" lon="8.06512">
        <ele>1546.92</ele>
        <time>2026-05-04T00:54:58.4610000+00:00</time>
      </trkpt>
      <trkpt lat="46.71859" lon="8.06515">
        <ele>1546.56</ele>
        <time>2026-05-04T00:55:01.7940000+00:00</time>
      </trkpt>
      <trkpt lat="46.71856" lon="8.06516">
        <ele>1546.36</ele>
        <time>2026-05-04T00:55:06.2770000+00:00</time>
      </trkpt>
      <trkpt lat="46.71854" lon="8.06518">
        <ele>1545.95</ele>
        <time>2026-05-04T00:55:09.8080000+00:00</time>
      </trkpt>
      <trkpt lat="46.71853" lon="8.06521">
        <ele>1545.49</ele>
        <time>2026-05-04T00:55:13.1400000+00:00</time>
      </trkpt>
      <trkpt lat="46.71852" lon="8.06526">
        <ele>1544.77</ele>
        <time>2026-05-04T00:55:18.3430000+00:00</time>
      </trkpt>
      <trkpt lat="46.71848" lon="8.0653">
        <ele>1543.86</ele>
        <time>2026-05-04T00:55:25.4070000+00:00</time>
      </trkpt>
      <trkpt lat="46.71845" lon="8.06533">
        <ele>1543.16</ele>
        <time>2026-05-04T00:55:30.7060000+00:00</time>
      </trkpt>
      <trkpt lat="46.71843" lon="8.06535">
        <ele>1542.68</ele>
        <time>2026-05-04T00:55:34.2390000+00:00</time>
      </trkpt>
      <trkpt lat="46.71843" lon="8.06539">
        <ele>1542.13</ele>
        <time>2026-05-04T00:55:38.2350000+00:00</time>
      </trkpt>
      <trkpt lat="46.71837" lon="8.06546">
        <ele>1540.46</ele>
        <time>2026-05-04T00:55:49.4270000+00:00</time>
      </trkpt>
      <trkpt lat="46.7183" lon="8.06553">
        <ele>1538.57</ele>
        <time>2026-05-04T00:56:01.7910000+00:00</time>
      </trkpt>
      <trkpt lat="46.71816" lon="8.06551">
        <ele>1537.12</ele>
        <time>2026-05-04T00:56:22.2830000+00:00</time>
      </trkpt>
      <trkpt lat="46.71807" lon="8.06551">
        <ele>1535.99</ele>
        <time>2026-05-04T00:56:35.3940000+00:00</time>
      </trkpt>
      <trkpt lat="46.71801" lon="8.06552">
        <ele>1535.06</ele>
        <time>2026-05-04T00:56:44.1920000+00:00</time>
      </trkpt>
      <trkpt lat="46.71796" lon="8.06554">
        <ele>1534.05</ele>
        <time>2026-05-04T00:56:51.7450000+00:00</time>
      </trkpt>
      <trkpt lat="46.71794" lon="8.06549">
        <ele>1534.75</ele>
        <time>2026-05-04T00:56:57.5250000+00:00</time>
      </trkpt>
      <trkpt lat="46.71792" lon="8.06544">
        <ele>1535.48</ele>
        <time>2026-05-04T00:57:03.3070000+00:00</time>
      </trkpt>
      <trkpt lat="46.71791" lon="8.06538">
        <ele>1536.54</ele>
        <time>2026-05-04T00:57:09.4740000+00:00</time>
      </trkpt>
      <trkpt lat="46.7179" lon="8.06532">
        <ele>1537.61</ele>
        <time>2026-05-04T00:57:15.6410000+00:00</time>
      </trkpt>
      <trkpt lat="46.71789" lon="8.0653">
        <ele>1537.91</ele>
        <time>2026-05-04T00:57:18.1130000+00:00</time>
      </trkpt>
      <trkpt lat="46.71789" lon="8.06523">
        <ele>1539.29</ele>
        <time>2026-05-04T00:57:25.1040000+00:00</time>
      </trkpt>
      <trkpt lat="46.71783" lon="8.06508">
        <ele>1541.82</ele>
        <time>2026-05-04T00:57:42.4480000+00:00</time>
      </trkpt>
      <trkpt lat="46.71778" lon="8.06497">
        <ele>1543.76</ele>
        <time>2026-05-04T00:57:55.6300000+00:00</time>
      </trkpt>
      <trkpt lat="46.71773" lon="8.06491">
        <ele>1545.06</ele>
        <time>2026-05-04T00:58:05.0610000+00:00</time>
      </trkpt>
      <trkpt lat="46.71771" lon="8.06485">
        <ele>1546.67</ele>
        <time>2026-05-04T00:58:11.7240000+00:00</time>
      </trkpt>
      <trkpt lat="46.71766" lon="8.06475">
        <ele>1549.09</ele>
        <time>2026-05-04T00:58:24.0860000+00:00</time>
      </trkpt>
      <trkpt lat="46.71764" lon="8.06471">
        <ele>1550.03</ele>
        <time>2026-05-04T00:58:29.0300000+00:00</time>
      </trkpt>
      <trkpt lat="46.7176" lon="8.0646">
        <ele>1552.77</ele>
        <time>2026-05-04T00:58:41.4650000+00:00</time>
      </trkpt>
      <trkpt lat="46.71757" lon="8.06454">
        <ele>1554.11</ele>
        <time>2026-05-04T00:58:48.8810000+00:00</time>
      </trkpt>
      <trkpt lat="46.71751" lon="8.06446">
        <ele>1555.52</ele>
        <time>2026-05-04T00:59:00.7240000+00:00</time>
      </trkpt>
      <trkpt lat="46.71749" lon="8.06443">
        <ele>1556.07</ele>
        <time>2026-05-04T00:59:04.9050000+00:00</time>
      </trkpt>
      <trkpt lat="46.71749" lon="8.06442">
        <ele>1556.36</ele>
        <time>2026-05-04T00:59:05.9000000+00:00</time>
      </trkpt>
      <trkpt lat="46.71754" lon="8.06441">
        <ele>1557.48</ele>
        <time>2026-05-04T00:59:13.2520000+00:00</time>
      </trkpt>
      <trkpt lat="46.71768" lon="8.0644">
        <ele>1560.12</ele>
        <time>2026-05-04T00:59:33.6720000+00:00</time>
      </trkpt>
      <trkpt lat="46.71771" lon="8.0644">
        <ele>1560.62</ele>
        <time>2026-05-04T00:59:38.0440000+00:00</time>
      </trkpt>
      <trkpt lat="46.71772" lon="8.06438">
        <ele>1561.41</ele>
        <time>2026-05-04T00:59:40.5160000+00:00</time>
      </trkpt>
      <trkpt lat="46.71769" lon="8.06433">
        <ele>1562.45</ele>
        <time>2026-05-04T00:59:47.1520000+00:00</time>
      </trkpt>
      <trkpt lat="46.71768" lon="8.06426">
        <ele>1564.43</ele>
        <time>2026-05-04T00:59:54.2930000+00:00</time>
      </trkpt>
      <trkpt lat="46.71766" lon="8.06419">
        <ele>1566.21</ele>
        <time>2026-05-04T01:00:01.8660000+00:00</time>
      </trkpt>
      <trkpt lat="46.71764" lon="8.0641">
        <ele>1568.64</ele>
        <time>2026-05-04T01:00:11.3160000+00:00</time>
      </trkpt>
      <trkpt lat="46.7176" lon="8.06398">
        <ele>1572.1</ele>
        <time>2026-05-04T01:00:24.6420000+00:00</time>
      </trkpt>
      <trkpt lat="46.71755" lon="8.06388">
        <ele>1574.6</ele>
        <time>2026-05-04T01:00:37.0030000+00:00</time>
      </trkpt>
      <trkpt lat="46.71754" lon="8.06385">
        <ele>1575.44</ele>
        <time>2026-05-04T01:00:40.3360000+00:00</time>
      </trkpt>
      <trkpt lat="46.71754" lon="8.06384">
        <ele>1575.79</ele>
        <time>2026-05-04T01:00:41.3460000+00:00</time>
      </trkpt>
      <trkpt lat="46.71758" lon="8.06384">
        <ele>1576.62</ele>
        <time>2026-05-04T01:00:47.1730000+00:00</time>
      </trkpt>
      <trkpt lat="46.71764" lon="8.06385">
        <ele>1577.51</ele>
        <time>2026-05-04T01:00:55.9710000+00:00</time>
      </trkpt>
      <trkpt lat="46.71765" lon="8.06384">
        <ele>1578.07</ele>
        <time>2026-05-04T01:00:57.7390000+00:00</time>
      </trkpt>
      <trkpt lat="46.71765" lon="8.06383">
        <ele>1578.43</ele>
        <time>2026-05-04T01:00:58.7340000+00:00</time>
      </trkpt>
      <trkpt lat="46.71757" lon="8.0637">
        <ele>1581.32</ele>
        <time>2026-05-04T01:01:16.1810000+00:00</time>
      </trkpt>
      <trkpt lat="46.7175" lon="8.0636">
        <ele>1583.28</ele>
        <time>2026-05-04T01:01:30.4550000+00:00</time>
      </trkpt>
      <trkpt lat="46.7175" lon="8.06359">
        <ele>1583.62</ele>
        <time>2026-05-04T01:01:31.4650000+00:00</time>
      </trkpt>
      <trkpt lat="46.71751" lon="8.06358">
        <ele>1584.19</ele>
        <time>2026-05-04T01:01:33.2370000+00:00</time>
      </trkpt>
      <trkpt lat="46.71758" lon="8.06354">
        <ele>1587.16</ele>
        <time>2026-05-04T01:01:44.1890000+00:00</time>
      </trkpt>
      <trkpt lat="46.71764" lon="8.06351">
        <ele>1589.57</ele>
        <time>2026-05-04T01:01:53.4300000+00:00</time>
      </trkpt>
      <trkpt lat="46.7177" lon="8.06346">
        <ele>1592.73</ele>
        <time>2026-05-04T01:02:03.4970000+00:00</time>
      </trkpt>
      <trkpt lat="46.71775" lon="8.06344">
        <ele>1594.18</ele>
        <time>2026-05-04T01:02:11.0500000+00:00</time>
      </trkpt>
      <trkpt lat="46.71773" lon="8.06338">
        <ele>1596.3</ele>
        <time>2026-05-04T01:02:17.7130000+00:00</time>
      </trkpt>
      <trkpt lat="46.71765" lon="8.06332">
        <ele>1596.55</ele>
        <time>2026-05-04T01:02:30.8170000+00:00</time>
      </trkpt>
      <trkpt lat="46.71757" lon="8.06323">
        <ele>1597.43</ele>
        <time>2026-05-04T01:02:45.5350000+00:00</time>
      </trkpt>
      <trkpt lat="46.7175" lon="8.06316">
        <ele>1597.8</ele>
        <time>2026-05-04T01:02:57.8990000+00:00</time>
      </trkpt>
      <trkpt lat="46.71748" lon="8.06311">
        <ele>1598.8</ele>
        <time>2026-05-04T01:03:03.6800000+00:00</time>
      </trkpt>
      <trkpt lat="46.71742" lon="8.06302">
        <ele>1600.19</ele>
        <time>2026-05-04T01:03:16.2180000+00:00</time>
      </trkpt>
      <trkpt lat="46.71741" lon="8.06301">
        <ele>1600.28</ele>
        <time>2026-05-04T01:03:17.9860000+00:00</time>
      </trkpt>
      <trkpt lat="46.71738" lon="8.06301">
        <ele>1599.68</ele>
        <time>2026-05-04T01:03:22.3580000+00:00</time>
      </trkpt>
      <trkpt lat="46.71733" lon="8.06302">
        <ele>1598.36</ele>
        <time>2026-05-04T01:03:29.7100000+00:00</time>
      </trkpt>
      <trkpt lat="46.71731" lon="8.06302">
        <ele>1597.96</ele>
        <time>2026-05-04T01:03:32.6240000+00:00</time>
      </trkpt>
      <trkpt lat="46.71728" lon="8.06299">
        <ele>1598.3</ele>
        <time>2026-05-04T01:03:37.9230000+00:00</time>
      </trkpt>
      <trkpt lat="46.71725" lon="8.06296">
        <ele>1598.67</ele>
        <time>2026-05-04T01:03:43.2230000+00:00</time>
      </trkpt>
      <trkpt lat="46.71725" lon="8.06295">
        <ele>1599</ele>
        <time>2026-05-04T01:03:44.2260000+00:00</time>
      </trkpt>
      <trkpt lat="46.71727" lon="8.06294">
        <ele>1599.7</ele>
        <time>2026-05-04T01:03:47.3050000+00:00</time>
      </trkpt>
      <trkpt lat="46.71729" lon="8.06292">
        <ele>1600.72</ele>
        <time>2026-05-04T01:03:50.8360000+00:00</time>
      </trkpt>
      <trkpt lat="46.71735" lon="8.06285">
        <ele>1604</ele>
        <time>2026-05-04T01:04:02.0290000+00:00</time>
      </trkpt>
      <trkpt lat="46.71735" lon="8.06283">
        <ele>1604.62</ele>
        <time>2026-05-04T01:04:04.0270000+00:00</time>
      </trkpt>
      <trkpt lat="46.71735" lon="8.06282">
        <ele>1604.92</ele>
        <time>2026-05-04T01:04:05.0220000+00:00</time>
      </trkpt>
      <trkpt lat="46.7173" lon="8.0628">
        <ele>1604.68</ele>
        <time>2026-05-04T01:04:12.5750000+00:00</time>
      </trkpt>
      <trkpt lat="46.71723" lon="8.06275">
        <ele>1605.11</ele>
        <time>2026-05-04T01:04:23.9290000+00:00</time>
      </trkpt>
      <trkpt lat="46.71723" lon="8.06275">
        <ele>1605.11</ele>
        <time>2026-05-04T01:04:23.9290000+00:00</time>
      </trkpt>
      <trkpt lat="46.71723" lon="8.06274">
        <ele>1605.44</ele>
        <time>2026-05-04T01:04:24.9240000+00:00</time>
      </trkpt>
      <trkpt lat="46.71731" lon="8.06267">
        <ele>1608.93</ele>
        <time>2026-05-04T01:04:38.5150000+00:00</time>
      </trkpt>
      <trkpt lat="46.71732" lon="8.06265">
        <ele>1609.71</ele>
        <time>2026-05-04T01:04:40.9870000+00:00</time>
      </trkpt>
      <trkpt lat="46.71732" lon="8.06264">
        <ele>1610.02</ele>
        <time>2026-05-04T01:04:41.9970000+00:00</time>
      </trkpt>
      <trkpt lat="46.71724" lon="8.0626">
        <ele>1610.13</ele>
        <time>2026-05-04T01:04:54.3180000+00:00</time>
      </trkpt>
      <trkpt lat="46.71723" lon="8.06259">
        <ele>1610.31</ele>
        <time>2026-05-04T01:04:56.0860000+00:00</time>
      </trkpt>
      <trkpt lat="46.71723" lon="8.06258">
        <ele>1610.64</ele>
        <time>2026-05-04T01:04:57.0810000+00:00</time>
      </trkpt>
      <trkpt lat="46.71723" lon="8.06256">
        <ele>1611.29</ele>
        <time>2026-05-04T01:04:59.0790000+00:00</time>
      </trkpt>
      <trkpt lat="46.71724" lon="8.06255">
        <ele>1611.75</ele>
        <time>2026-05-04T01:05:00.8460000+00:00</time>
      </trkpt>
      <trkpt lat="46.71727" lon="8.06253">
        <ele>1612.79</ele>
        <time>2026-05-04T01:05:05.6540000+00:00</time>
      </trkpt>
      <trkpt lat="46.71728" lon="8.06252">
        <ele>1613.24</ele>
        <time>2026-05-04T01:05:07.4170000+00:00</time>
      </trkpt>
      <trkpt lat="46.71728" lon="8.06251">
        <ele>1613.56</ele>
        <time>2026-05-04T01:05:08.4120000+00:00</time>
      </trkpt>
      <trkpt lat="46.71726" lon="8.06249">
        <ele>1613.94</ele>
        <time>2026-05-04T01:05:11.9430000+00:00</time>
      </trkpt>
      <trkpt lat="46.71723" lon="8.06246">
        <ele>1614.54</ele>
        <time>2026-05-04T01:05:17.2420000+00:00</time>
      </trkpt>
      <trkpt lat="46.7172" lon="8.06246">
        <ele>1614.18</ele>
        <time>2026-05-04T01:05:21.6110000+00:00</time>
      </trkpt>
      <trkpt lat="46.71719" lon="8.06244">
        <ele>1614.64</ele>
        <time>2026-05-04T01:05:24.0800000+00:00</time>
      </trkpt>
      <trkpt lat="46.71718" lon="8.06238">
        <ele>1615.99</ele>
        <time>2026-05-04T01:05:30.2460000+00:00</time>
      </trkpt>
      <trkpt lat="46.71716" lon="8.06232">
        <ele>1617.27</ele>
        <time>2026-05-04T01:05:36.9090000+00:00</time>
      </trkpt>
      <trkpt lat="46.71712" lon="8.06225">
        <ele>1618.69</ele>
        <time>2026-05-04T01:05:46.0090000+00:00</time>
      </trkpt>
      <trkpt lat="46.71709" lon="8.06218">
        <ele>1620.28</ele>
        <time>2026-05-04T01:05:54.2540000+00:00</time>
      </trkpt>
      <trkpt lat="46.71705" lon="8.06211">
        <ele>1621.91</ele>
        <time>2026-05-04T01:06:03.3540000+00:00</time>
      </trkpt>
      <trkpt lat="46.71705" lon="8.0621">
        <ele>1622.18</ele>
        <time>2026-05-04T01:06:04.3570000+00:00</time>
      </trkpt>
      <trkpt lat="46.71705" lon="8.06209">
        <ele>1622.45</ele>
        <time>2026-05-04T01:06:05.3600000+00:00</time>
      </trkpt>
      <trkpt lat="46.7171" lon="8.0621">
        <ele>1622.43</ele>
        <time>2026-05-04T01:06:12.7130000+00:00</time>
      </trkpt>
      <trkpt lat="46.71711" lon="8.06209">
        <ele>1622.74</ele>
        <time>2026-05-04T01:06:14.4800000+00:00</time>
      </trkpt>
      <trkpt lat="46.71705" lon="8.06199">
        <ele>1625.16</ele>
        <time>2026-05-04T01:06:27.7530000+00:00</time>
      </trkpt>
      <trkpt lat="46.71699" lon="8.06192">
        <ele>1626.97</ele>
        <time>2026-05-04T01:06:38.9450000+00:00</time>
      </trkpt>
      <trkpt lat="46.71695" lon="8.06186">
        <ele>1628.66</ele>
        <time>2026-05-04T01:06:47.3030000+00:00</time>
      </trkpt>
      <trkpt lat="46.71704" lon="8.06182">
        <ele>1629.76</ele>
        <time>2026-05-04T01:07:01.0090000+00:00</time>
      </trkpt>
      <trkpt lat="46.717" lon="8.0617">
        <ele>1633.16</ele>
        <time>2026-05-04T01:07:14.3350000+00:00</time>
      </trkpt>
      <trkpt lat="46.71696" lon="8.06164">
        <ele>1635.01</ele>
        <time>2026-05-04T01:07:22.6940000+00:00</time>
      </trkpt>
      <trkpt lat="46.71694" lon="8.06155">
        <ele>1637.36</ele>
        <time>2026-05-04T01:07:32.1430000+00:00</time>
      </trkpt>
      <trkpt lat="46.71693" lon="8.06148">
        <ele>1639.08</ele>
        <time>2026-05-04T01:07:39.2850000+00:00</time>
      </trkpt>
      <trkpt lat="46.71689" lon="8.06145">
        <ele>1639.93</ele>
        <time>2026-05-04T01:07:45.8380000+00:00</time>
      </trkpt>
      <trkpt lat="46.71686" lon="8.06143">
        <ele>1640.32</ele>
        <time>2026-05-04T01:07:50.6420000+00:00</time>
      </trkpt>
      <trkpt lat="46.71683" lon="8.06141">
        <ele>1640.71</ele>
        <time>2026-05-04T01:07:55.4470000+00:00</time>
      </trkpt>
      <trkpt lat="46.71683" lon="8.06138">
        <ele>1641.45</ele>
        <time>2026-05-04T01:07:58.4420000+00:00</time>
      </trkpt>
      <trkpt lat="46.71681" lon="8.06138">
        <ele>1641.4</ele>
        <time>2026-05-04T01:08:01.3530000+00:00</time>
      </trkpt>
      <trkpt lat="46.7168" lon="8.06136">
        <ele>1641.87</ele>
        <time>2026-05-04T01:08:03.8250000+00:00</time>
      </trkpt>
      <trkpt lat="46.71681" lon="8.06132">
        <ele>1642.89</ele>
        <time>2026-05-04T01:08:08.0780000+00:00</time>
      </trkpt>
      <trkpt lat="46.71683" lon="8.06127">
        <ele>1644.16</ele>
        <time>2026-05-04T01:08:13.8580000+00:00</time>
      </trkpt>
      <trkpt lat="46.71688" lon="8.06125">
        <ele>1644.74</ele>
        <time>2026-05-04T01:08:21.4100000+00:00</time>
      </trkpt>
      <trkpt lat="46.71692" lon="8.06123">
        <ele>1645.09</ele>
        <time>2026-05-04T01:08:27.5700000+00:00</time>
      </trkpt>
      <trkpt lat="46.71692" lon="8.06117">
        <ele>1646.52</ele>
        <time>2026-05-04T01:08:33.5630000+00:00</time>
      </trkpt>
      <trkpt lat="46.71685" lon="8.061">
        <ele>1650.81</ele>
        <time>2026-05-04T01:08:53.3690000+00:00</time>
      </trkpt>
      <trkpt lat="46.71682" lon="8.06088">
        <ele>1653.79</ele>
        <time>2026-05-04T01:09:06.1260000+00:00</time>
      </trkpt>
      <trkpt lat="46.71678" lon="8.06086">
        <ele>1654.36</ele>
        <time>2026-05-04T01:09:12.2860000+00:00</time>
      </trkpt>
      <trkpt lat="46.71678" lon="8.06085">
        <ele>1654.61</ele>
        <time>2026-05-04T01:09:13.2810000+00:00</time>
      </trkpt>
      <trkpt lat="46.7168" lon="8.06084">
        <ele>1654.82</ele>
        <time>2026-05-04T01:09:16.3630000+00:00</time>
      </trkpt>
      <trkpt lat="46.71681" lon="8.06083">
        <ele>1655.05</ele>
        <time>2026-05-04T01:09:18.1300000+00:00</time>
      </trkpt>
      <trkpt lat="46.71681" lon="8.06083">
        <ele>1655.05</ele>
        <time>2026-05-04T01:09:18.1300000+00:00</time>
      </trkpt>
      <trkpt lat="46.71676" lon="8.0608">
        <ele>1655.91</ele>
        <time>2026-05-04T01:09:26.0060000+00:00</time>
      </trkpt>
      <trkpt lat="46.71675" lon="8.06078">
        <ele>1656.42</ele>
        <time>2026-05-04T01:09:28.4810000+00:00</time>
      </trkpt>
      <trkpt lat="46.71676" lon="8.06078">
        <ele>1656.4</ele>
        <time>2026-05-04T01:09:29.9420000+00:00</time>
      </trkpt>
      <trkpt lat="46.71681" lon="8.06078">
        <ele>1656.28</ele>
        <time>2026-05-04T01:09:37.2260000+00:00</time>
      </trkpt>
      <trkpt lat="46.71681" lon="8.06076">
        <ele>1656.68</ele>
        <time>2026-05-04T01:09:39.2240000+00:00</time>
      </trkpt>
      <trkpt lat="46.71681" lon="8.06075">
        <ele>1656.89</ele>
        <time>2026-05-04T01:09:40.2190000+00:00</time>
      </trkpt>
      <trkpt lat="46.71685" lon="8.06074">
        <ele>1656.97</ele>
        <time>2026-05-04T01:09:46.1320000+00:00</time>
      </trkpt>
      <trkpt lat="46.7169" lon="8.06073">
        <ele>1657.02</ele>
        <time>2026-05-04T01:09:53.4850000+00:00</time>
      </trkpt>
      <trkpt lat="46.71695" lon="8.06071">
        <ele>1656.7</ele>
        <time>2026-05-04T01:10:01.0380000+00:00</time>
      </trkpt>
      <trkpt lat="46.71697" lon="8.06068">
        <ele>1656.98</ele>
        <time>2026-05-04T01:10:05.2170000+00:00</time>
      </trkpt>
      <trkpt lat="46.71697" lon="8.06067">
        <ele>1657.17</ele>
        <time>2026-05-04T01:10:06.2120000+00:00</time>
      </trkpt>
      <trkpt lat="46.71703" lon="8.06069">
        <ele>1655.91</ele>
        <time>2026-05-04T01:10:15.1770000+00:00</time>
      </trkpt>
      <trkpt lat="46.71705" lon="8.0607">
        <ele>1655.43</ele>
        <time>2026-05-04T01:10:18.2590000+00:00</time>
      </trkpt>
      <trkpt lat="46.7171" lon="8.0607">
        <ele>1654.7</ele>
        <time>2026-05-04T01:10:25.5430000+00:00</time>
      </trkpt>
      <trkpt lat="46.71713" lon="8.0607">
        <ele>1654.26</ele>
        <time>2026-05-04T01:10:29.9140000+00:00</time>
      </trkpt>
      <trkpt lat="46.71714" lon="8.0607">
        <ele>1654.11</ele>
        <time>2026-05-04T01:10:31.3700000+00:00</time>
      </trkpt>
      <trkpt lat="46.71714" lon="8.06068">
        <ele>1654.48</ele>
        <time>2026-05-04T01:10:33.3670000+00:00</time>
      </trkpt>
      <trkpt lat="46.71713" lon="8.06063">
        <ele>1655.56</ele>
        <time>2026-05-04T01:10:38.5700000+00:00</time>
      </trkpt>
      <trkpt lat="46.71711" lon="8.06055">
        <ele>1657.34</ele>
        <time>2026-05-04T01:10:47.0740000+00:00</time>
      </trkpt>
      <trkpt lat="46.71711" lon="8.06054">
        <ele>1657.53</ele>
        <time>2026-05-04T01:10:48.0690000+00:00</time>
      </trkpt>
      <trkpt lat="46.71716" lon="8.0605">
        <ele>1657.51</ele>
        <time>2026-05-04T01:10:56.3770000+00:00</time>
      </trkpt>
      <trkpt lat="46.71719" lon="8.06047">
        <ele>1657.61</ele>
        <time>2026-05-04T01:11:01.6750000+00:00</time>
      </trkpt>
      <trkpt lat="46.71722" lon="8.06045">
        <ele>1657.51</ele>
        <time>2026-05-04T01:11:06.4800000+00:00</time>
      </trkpt>
      <trkpt lat="46.71723" lon="8.06044">
        <ele>1657.54</ele>
        <time>2026-05-04T01:11:08.2480000+00:00</time>
      </trkpt>
      <trkpt lat="46.71723" lon="8.06042">
        <ele>1657.91</ele>
        <time>2026-05-04T01:11:10.2460000+00:00</time>
      </trkpt>
      <trkpt lat="46.7172" lon="8.06039">
        <ele>1658.92</ele>
        <time>2026-05-04T01:11:15.5430000+00:00</time>
      </trkpt>
      <trkpt lat="46.71712" lon="8.06031">
        <ele>1661.65</ele>
        <time>2026-05-04T01:11:29.6740000+00:00</time>
      </trkpt>
      <trkpt lat="46.71711" lon="8.0603">
        <ele>1662</ele>
        <time>2026-05-04T01:11:31.4410000+00:00</time>
      </trkpt>
      <trkpt lat="46.71712" lon="8.06029">
        <ele>1662.02</ele>
        <time>2026-05-04T01:11:33.2090000+00:00</time>
      </trkpt>
      <trkpt lat="46.71713" lon="8.06028">
        <ele>1662.05</ele>
        <time>2026-05-04T01:11:34.9770000+00:00</time>
      </trkpt>
      <trkpt lat="46.71724" lon="8.06019">
        <ele>1661.95</ele>
        <time>2026-05-04T01:11:53.3500000+00:00</time>
      </trkpt>
      <trkpt lat="46.71726" lon="8.06017">
        <ele>1661.99</ele>
        <time>2026-05-04T01:11:56.8850000+00:00</time>
      </trkpt>
      <trkpt lat="46.71729" lon="8.06015">
        <ele>1661.87</ele>
        <time>2026-05-04T01:12:01.6910000+00:00</time>
      </trkpt>
      <trkpt lat="46.71729" lon="8.06014">
        <ele>1662.05</ele>
        <time>2026-05-04T01:12:02.6940000+00:00</time>
      </trkpt>
      <trkpt lat="46.71729" lon="8.06013">
        <ele>1662.23</ele>
        <time>2026-05-04T01:12:03.6970000+00:00</time>
      </trkpt>
      <trkpt lat="46.71726" lon="8.0601">
        <ele>1663.26</ele>
        <time>2026-05-04T01:12:08.9970000+00:00</time>
      </trkpt>
      <trkpt lat="46.71722" lon="8.06005">
        <ele>1664.83</ele>
        <time>2026-05-04T01:12:16.6720000+00:00</time>
      </trkpt>
      <trkpt lat="46.71718" lon="8.06003">
        <ele>1665.86</ele>
        <time>2026-05-04T01:12:22.8300000+00:00</time>
      </trkpt>
      <trkpt lat="46.71718" lon="8.06002">
        <ele>1666.05</ele>
        <time>2026-05-04T01:12:23.8250000+00:00</time>
      </trkpt>
      <trkpt lat="46.71718" lon="8.06">
        <ele>1666.42</ele>
        <time>2026-05-04T01:12:25.8190000+00:00</time>
      </trkpt>
      <trkpt lat="46.71726" lon="8.05994">
        <ele>1666.24</ele>
        <time>2026-05-04T01:12:38.9240000+00:00</time>
      </trkpt>
      <trkpt lat="46.71727" lon="8.05993">
        <ele>1666.32</ele>
        <time>2026-05-04T01:12:40.6920000+00:00</time>
      </trkpt>
      <trkpt lat="46.71727" lon="8.05992">
        <ele>1666.57</ele>
        <time>2026-05-04T01:12:41.6870000+00:00</time>
      </trkpt>
      <trkpt lat="46.71719" lon="8.05988">
        <ele>1668.96</ele>
        <time>2026-05-04T01:12:54.0070000+00:00</time>
      </trkpt>
      <trkpt lat="46.71718" lon="8.05986">
        <ele>1669.64</ele>
        <time>2026-05-04T01:12:56.4750000+00:00</time>
      </trkpt>
      <trkpt lat="46.71719" lon="8.05985">
        <ele>1669.72</ele>
        <time>2026-05-04T01:12:58.2340000+00:00</time>
      </trkpt>
      <trkpt lat="46.71724" lon="8.05979">
        <ele>1670.36</ele>
        <time>2026-05-04T01:13:07.6660000+00:00</time>
      </trkpt>
      <trkpt lat="46.71725" lon="8.05977">
        <ele>1670.68</ele>
        <time>2026-05-04T01:13:10.1410000+00:00</time>
      </trkpt>
      <trkpt lat="46.71725" lon="8.05976">
        <ele>1670.93</ele>
        <time>2026-05-04T01:13:11.1440000+00:00</time>
      </trkpt>
      <trkpt lat="46.71718" lon="8.05974">
        <ele>1672.72</ele>
        <time>2026-05-04T01:13:21.5350000+00:00</time>
      </trkpt>
      <trkpt lat="46.71717" lon="8.05974">
        <ele>1672.9</ele>
        <time>2026-05-04T01:13:22.9910000+00:00</time>
      </trkpt>
      <trkpt lat="46.71717" lon="8.05972">
        <ele>1673.41</ele>
        <time>2026-05-04T01:13:24.9930000+00:00</time>
      </trkpt>
      <trkpt lat="46.71717" lon="8.05971">
        <ele>1673.67</ele>
        <time>2026-05-04T01:13:26.0030000+00:00</time>
      </trkpt>
      <trkpt lat="46.71719" lon="8.05968">
        <ele>1674.07</ele>
        <time>2026-05-04T01:13:30.1840000+00:00</time>
      </trkpt>
      <trkpt lat="46.71722" lon="8.05964">
        <ele>1674.52</ele>
        <time>2026-05-04T01:13:36.1060000+00:00</time>
      </trkpt>
      <trkpt lat="46.71724" lon="8.05961">
        <ele>1674.89</ele>
        <time>2026-05-04T01:13:40.2870000+00:00</time>
      </trkpt>
      <trkpt lat="46.71724" lon="8.0596">
        <ele>1675.14</ele>
        <time>2026-05-04T01:13:41.2970000+00:00</time>
      </trkpt>
      <trkpt lat="46.71721" lon="8.05959">
        <ele>1675.98</ele>
        <time>2026-05-04T01:13:45.7810000+00:00</time>
      </trkpt>
      <trkpt lat="46.71713" lon="8.05958">
        <ele>1677.79</ele>
        <time>2026-05-04T01:13:57.4780000+00:00</time>
      </trkpt>
      <trkpt lat="46.71712" lon="8.05958">
        <ele>1677.99</ele>
        <time>2026-05-04T01:13:58.9390000+00:00</time>
      </trkpt>
      <trkpt lat="46.71713" lon="8.05956">
        <ele>1678.31</ele>
        <time>2026-05-04T01:14:01.4140000+00:00</time>
      </trkpt>
      <trkpt lat="46.71715" lon="8.05952">
        <ele>1678.95</ele>
        <time>2026-05-04T01:14:06.3580000+00:00</time>
      </trkpt>
      <trkpt lat="46.7172" lon="8.05946">
        <ele>1679.48</ele>
        <time>2026-05-04T01:14:15.7900000+00:00</time>
      </trkpt>
      <trkpt lat="46.71723" lon="8.05942">
        <ele>1679.88</ele>
        <time>2026-05-04T01:14:21.7110000+00:00</time>
      </trkpt>
      <trkpt lat="46.71722" lon="8.05941">
        <ele>1680.34</ele>
        <time>2026-05-04T01:14:23.4790000+00:00</time>
      </trkpt>
      <trkpt lat="46.71717" lon="8.05941">
        <ele>1681.38</ele>
        <time>2026-05-04T01:14:30.7630000+00:00</time>
      </trkpt>
      <trkpt lat="46.71712" lon="8.05941">
        <ele>1682.42</ele>
        <time>2026-05-04T01:14:38.0470000+00:00</time>
      </trkpt>
      <trkpt lat="46.71711" lon="8.05941">
        <ele>1682.62</ele>
        <time>2026-05-04T01:14:39.5080000+00:00</time>
      </trkpt>
      <trkpt lat="46.71712" lon="8.0594">
        <ele>1682.68</ele>
        <time>2026-05-04T01:14:41.2760000+00:00</time>
      </trkpt>
      <trkpt lat="46.71714" lon="8.05938">
        <ele>1682.78</ele>
        <time>2026-05-04T01:14:44.8110000+00:00</time>
      </trkpt>
      <trkpt lat="46.71721" lon="8.05928">
        <ele>1683.85</ele>
        <time>2026-05-04T01:14:59.0850000+00:00</time>
      </trkpt>
      <trkpt lat="46.71721" lon="8.05927">
        <ele>1684.11</ele>
        <time>2026-05-04T01:15:00.0960000+00:00</time>
      </trkpt>
      <trkpt lat="46.7172" lon="8.05926">
        <ele>1684.58</ele>
        <time>2026-05-04T01:15:01.8640000+00:00</time>
      </trkpt>
      <trkpt lat="46.71716" lon="8.05927">
        <ele>1685.19</ele>
        <time>2026-05-04T01:15:07.7750000+00:00</time>
      </trkpt>
      <trkpt lat="46.71707" lon="8.05928">
        <ele>1686.88</ele>
        <time>2026-05-04T01:15:20.9230000+00:00</time>
      </trkpt>
      <trkpt lat="46.71705" lon="8.05928">
        <ele>1687.32</ele>
        <time>2026-05-04T01:15:23.8350000+00:00</time>
      </trkpt>
      <trkpt lat="46.71705" lon="8.05927">
        <ele>1687.58</ele>
        <time>2026-05-04T01:15:24.8380000+00:00</time>
      </trkpt>
      <trkpt lat="46.71706" lon="8.05926">
        <ele>1687.63</ele>
        <time>2026-05-04T01:15:26.6050000+00:00</time>
      </trkpt>
      <trkpt lat="46.71713" lon="8.05916">
        <ele>1688.7</ele>
        <time>2026-05-04T01:15:40.8790000+00:00</time>
      </trkpt>
      <trkpt lat="46.71716" lon="8.05912">
        <ele>1689.06</ele>
        <time>2026-05-04T01:15:46.8000000+00:00</time>
      </trkpt>
      <trkpt lat="46.71716" lon="8.0591">
        <ele>1689.62</ele>
        <time>2026-05-04T01:15:48.7980000+00:00</time>
      </trkpt>
      <trkpt lat="46.71715" lon="8.0591">
        <ele>1689.85</ele>
        <time>2026-05-04T01:15:50.2590000+00:00</time>
      </trkpt>
      <trkpt lat="46.71711" lon="8.0591">
        <ele>1690.77</ele>
        <time>2026-05-04T01:15:56.0860000+00:00</time>
      </trkpt>
      <trkpt lat="46.71705" lon="8.05909">
        <ele>1692.45</ele>
        <time>2026-05-04T01:16:04.8840000+00:00</time>
      </trkpt>
      <trkpt lat="46.71702" lon="8.05909">
        <ele>1693.14</ele>
        <time>2026-05-04T01:16:09.2550000+00:00</time>
      </trkpt>
      <trkpt lat="46.71701" lon="8.05908">
        <ele>1693.68</ele>
        <time>2026-05-04T01:16:11.0230000+00:00</time>
      </trkpt>
      <trkpt lat="46.71703" lon="8.05904">
        <ele>1694.41</ele>
        <time>2026-05-04T01:16:15.9700000+00:00</time>
      </trkpt>
      <trkpt lat="46.71707" lon="8.059">
        <ele>1694.65</ele>
        <time>2026-05-04T01:16:23.0340000+00:00</time>
      </trkpt>
      <trkpt lat="46.71712" lon="8.05894">
        <ele>1695.19</ele>
        <time>2026-05-04T01:16:32.4670000+00:00</time>
      </trkpt>
      <trkpt lat="46.71716" lon="8.05888">
        <ele>1695.92</ele>
        <time>2026-05-04T01:16:40.8250000+00:00</time>
      </trkpt>
      <trkpt lat="46.71716" lon="8.05888">
        <ele>1695.92</ele>
        <time>2026-05-04T01:16:40.8250000+00:00</time>
      </trkpt>
      <trkpt lat="46.71713" lon="8.05888">
        <ele>1696.68</ele>
        <time>2026-05-04T01:16:45.1960000+00:00</time>
      </trkpt>
      <trkpt lat="46.71707" lon="8.05888">
        <ele>1698.19</ele>
        <time>2026-05-04T01:16:53.9360000+00:00</time>
      </trkpt>
      <trkpt lat="46.71703" lon="8.05887">
        <ele>1699.5</ele>
        <time>2026-05-04T01:16:59.8470000+00:00</time>
      </trkpt>
      <trkpt lat="46.71702" lon="8.05886">
        <ele>1700.05</ele>
        <time>2026-05-04T01:17:01.6150000+00:00</time>
      </trkpt>
      <trkpt lat="46.71703" lon="8.05885">
        <ele>1700.1</ele>
        <time>2026-05-04T01:17:03.3820000+00:00</time>
      </trkpt>
      <trkpt lat="46.71707" lon="8.0588">
        <ele>1700.55</ele>
        <time>2026-05-04T01:17:11.0560000+00:00</time>
      </trkpt>
      <trkpt lat="46.7171" lon="8.05876">
        <ele>1700.94</ele>
        <time>2026-05-04T01:17:16.9780000+00:00</time>
      </trkpt>
      <trkpt lat="46.71715" lon="8.05873">
        <ele>1700.48</ele>
        <time>2026-05-04T01:17:24.8550000+00:00</time>
      </trkpt>
      <trkpt lat="46.71716" lon="8.05871">
        <ele>1700.79</ele>
        <time>2026-05-04T01:17:27.3300000+00:00</time>
      </trkpt>
      <trkpt lat="46.71715" lon="8.0587">
        <ele>1701.35</ele>
        <time>2026-05-04T01:17:29.0980000+00:00</time>
      </trkpt>
      <trkpt lat="46.71711" lon="8.0587">
        <ele>1702.43</ele>
        <time>2026-05-04T01:17:34.9250000+00:00</time>
      </trkpt>
      <trkpt lat="46.71702" lon="8.05868">
        <ele>1705.46</ele>
        <time>2026-05-04T01:17:48.1870000+00:00</time>
      </trkpt>
      <trkpt lat="46.71706" lon="8.05864">
        <ele>1705.56</ele>
        <time>2026-05-04T01:17:55.2510000+00:00</time>
      </trkpt>
      <trkpt lat="46.71709" lon="8.05861">
        <ele>1705.61</ele>
        <time>2026-05-04T01:18:00.5480000+00:00</time>
      </trkpt>
      <trkpt lat="46.71713" lon="8.05857">
        <ele>1705.65</ele>
        <time>2026-05-04T01:18:07.6130000+00:00</time>
      </trkpt>
      <trkpt lat="46.71712" lon="8.05857">
        <ele>1705.93</ele>
        <time>2026-05-04T01:18:09.0740000+00:00</time>
      </trkpt>
      <trkpt lat="46.71712" lon="8.05857">
        <ele>1705.93</ele>
        <time>2026-05-04T01:18:09.0740000+00:00</time>
      </trkpt>
      <trkpt lat="46.71713" lon="8.05857">
        <ele>1705.65</ele>
        <time>2026-05-04T01:18:10.5350000+00:00</time>
      </trkpt>
      <trkpt lat="46.71718" lon="8.05855">
        <ele>1704.8</ele>
        <time>2026-05-04T01:18:18.0870000+00:00</time>
      </trkpt>
      <trkpt lat="46.71722" lon="8.05852">
        <ele>1704.5</ele>
        <time>2026-05-04T01:18:24.6390000+00:00</time>
      </trkpt>
      <trkpt lat="46.71728" lon="8.05847">
        <ele>1704.14</ele>
        <time>2026-05-04T01:18:34.7060000+00:00</time>
      </trkpt>
      <trkpt lat="46.71731" lon="8.05846">
        <ele>1703.53</ele>
        <time>2026-05-04T01:18:39.1890000+00:00</time>
      </trkpt>
      <trkpt lat="46.71742" lon="8.05841">
        <ele>1701.59</ele>
        <time>2026-05-04T01:18:55.9730000+00:00</time>
      </trkpt>
      <trkpt lat="46.71751" lon="8.05837">
        <ele>1699.89</ele>
        <time>2026-05-04T01:19:09.6790000+00:00</time>
      </trkpt>
      <trkpt lat="46.71762" lon="8.05829">
        <ele>1698.47</ele>
        <time>2026-05-04T01:19:27.5860000+00:00</time>
      </trkpt>
      <trkpt lat="46.71769" lon="8.05824">
        <ele>1696.92</ele>
        <time>2026-05-04T01:19:38.9400000+00:00</time>
      </trkpt>
      <trkpt lat="46.71777" lon="8.05817">
        <ele>1695.4</ele>
        <time>2026-05-04T01:19:52.5300000+00:00</time>
      </trkpt>
      <trkpt lat="46.71782" lon="8.05805">
        <ele>1695.47</ele>
        <time>2026-05-04T01:20:06.5540000+00:00</time>
      </trkpt>
      <trkpt lat="46.71787" lon="8.05791">
        <ele>1695.74</ele>
        <time>2026-05-04T01:20:22.3210000+00:00</time>
      </trkpt>
      <trkpt lat="46.71793" lon="8.05783">
        <ele>1695.11</ele>
        <time>2026-05-04T01:20:34.1630000+00:00</time>
      </trkpt>
      <trkpt lat="46.71795" lon="8.05777">
        <ele>1695.25</ele>
        <time>2026-05-04T01:20:40.8260000+00:00</time>
      </trkpt>
      <trkpt lat="46.71798" lon="8.05766">
        <ele>1695.65</ele>
        <time>2026-05-04T01:20:52.6500000+00:00</time>
      </trkpt>
      <trkpt lat="46.71798" lon="8.05759">
        <ele>1696.38</ele>
        <time>2026-05-04T01:20:59.6410000+00:00</time>
      </trkpt>
      <trkpt lat="46.718" lon="8.05749">
        <ele>1696.93</ele>
        <time>2026-05-04T01:21:10.0440000+00:00</time>
      </trkpt>
      <trkpt lat="46.718" lon="8.0574">
        <ele>1697.78</ele>
        <time>2026-05-04T01:21:19.0330000+00:00</time>
      </trkpt>
      <trkpt lat="46.71802" lon="8.0573">
        <ele>1698.16</ele>
        <time>2026-05-04T01:21:29.4370000+00:00</time>
      </trkpt>
      <trkpt lat="46.71805" lon="8.05708">
        <ele>1699.42</ele>
        <time>2026-05-04T01:21:51.8390000+00:00</time>
      </trkpt>
      <trkpt lat="46.71809" lon="8.05691">
        <ele>1700.07</ele>
        <time>2026-05-04T01:22:09.7900000+00:00</time>
      </trkpt>
      <trkpt lat="46.71813" lon="8.05672">
        <ele>1700.99</ele>
        <time>2026-05-04T01:22:29.6400000+00:00</time>
      </trkpt>
      <trkpt lat="46.71818" lon="8.05654">
        <ele>1701.54</ele>
        <time>2026-05-04T01:22:49.0370000+00:00</time>
      </trkpt>
      <trkpt lat="46.71824" lon="8.05635">
        <ele>1701.83</ele>
        <time>2026-05-04T01:23:09.9290000+00:00</time>
      </trkpt>
      <trkpt lat="46.71825" lon="8.05628">
        <ele>1702.19</ele>
        <time>2026-05-04T01:23:17.0690000+00:00</time>
      </trkpt>
      <trkpt lat="46.71825" lon="8.05615">
        <ele>1703.22</ele>
        <time>2026-05-04T01:23:30.0520000+00:00</time>
      </trkpt>
      <trkpt lat="46.71826" lon="8.05603">
        <ele>1703.98</ele>
        <time>2026-05-04T01:23:42.1260000+00:00</time>
      </trkpt>
      <trkpt lat="46.71825" lon="8.05595">
        <ele>1704.81</ele>
        <time>2026-05-04T01:23:50.2490000+00:00</time>
      </trkpt>
      <trkpt lat="46.7182" lon="8.05583">
        <ele>1706.73</ele>
        <time>2026-05-04T01:24:04.2740000+00:00</time>
      </trkpt>
      <trkpt lat="46.71817" lon="8.05574">
        <ele>1707.61</ele>
        <time>2026-05-04T01:24:14.2690000+00:00</time>
      </trkpt>
      <trkpt lat="46.71813" lon="8.05559">
        <ele>1708.33</ele>
        <time>2026-05-04T01:24:30.3440000+00:00</time>
      </trkpt>
      <trkpt lat="46.71812" lon="8.05555">
        <ele>1708.52</ele>
        <time>2026-05-04T01:24:34.5940000+00:00</time>
      </trkpt>
      <trkpt lat="46.71813" lon="8.05546">
        <ele>1708.27</ele>
        <time>2026-05-04T01:24:43.7000000+00:00</time>
      </trkpt>
      <trkpt lat="46.71811" lon="8.05533">
        <ele>1708.66</ele>
        <time>2026-05-04T01:24:57.0060000+00:00</time>
      </trkpt>
      <trkpt lat="46.71811" lon="8.05522">
        <ele>1708.63</ele>
        <time>2026-05-04T01:25:07.9920000+00:00</time>
      </trkpt>
      <trkpt lat="46.71809" lon="8.05508">
        <ele>1709.07</ele>
        <time>2026-05-04T01:25:22.2750000+00:00</time>
      </trkpt>
      <trkpt lat="46.71808" lon="8.05503">
        <ele>1709.31</ele>
        <time>2026-05-04T01:25:27.4780000+00:00</time>
      </trkpt>
      <trkpt lat="46.71802" lon="8.05493">
        <ele>1710.74</ele>
        <time>2026-05-04T01:25:40.7500000+00:00</time>
      </trkpt>
      <trkpt lat="46.71798" lon="8.05484">
        <ele>1711.5</ele>
        <time>2026-05-04T01:25:51.4620000+00:00</time>
      </trkpt>
      <trkpt lat="46.71793" lon="8.05475">
        <ele>1712.63</ele>
        <time>2026-05-04T01:26:03.0310000+00:00</time>
      </trkpt>
      <trkpt lat="46.71785" lon="8.05461">
        <ele>1714.65</ele>
        <time>2026-05-04T01:26:21.2330000+00:00</time>
      </trkpt>
      <trkpt lat="46.71781" lon="8.05456">
        <ele>1715.77</ele>
        <time>2026-05-04T01:26:28.9070000+00:00</time>
      </trkpt>
      <trkpt lat="46.7178" lon="8.05453">
        <ele>1716.05</ele>
        <time>2026-05-04T01:26:32.2400000+00:00</time>
      </trkpt>
      <trkpt lat="46.7178" lon="8.05449">
        <ele>1716.02</ele>
        <time>2026-05-04T01:26:36.2350000+00:00</time>
      </trkpt>
      <trkpt lat="46.7178" lon="8.05442">
        <ele>1715.97</ele>
        <time>2026-05-04T01:26:43.2270000+00:00</time>
      </trkpt>
      <trkpt lat="46.71779" lon="8.05426">
        <ele>1716.18</ele>
        <time>2026-05-04T01:26:59.2730000+00:00</time>
      </trkpt>
      <trkpt lat="46.71777" lon="8.05404">
        <ele>1716.21</ele>
        <time>2026-05-04T01:27:21.4380000+00:00</time>
      </trkpt>
      <trkpt lat="46.71776" lon="8.054">
        <ele>1716.27</ele>
        <time>2026-05-04T01:27:25.6880000+00:00</time>
      </trkpt>
      <trkpt lat="46.71775" lon="8.05394">
        <ele>1716.19</ele>
        <time>2026-05-04T01:27:31.8540000+00:00</time>
      </trkpt>
      <trkpt lat="46.71774" lon="8.05386">
        <ele>1715.95</ele>
        <time>2026-05-04T01:27:39.9760000+00:00</time>
      </trkpt>
      <trkpt lat="46.71772" lon="8.05376">
        <ele>1715.35</ele>
        <time>2026-05-04T01:27:50.3800000+00:00</time>
      </trkpt>
      <trkpt lat="46.71769" lon="8.05368">
        <ele>1714.68</ele>
        <time>2026-05-04T01:27:59.4880000+00:00</time>
      </trkpt>
      <trkpt lat="46.71766" lon="8.05358">
        <ele>1713.89</ele>
        <time>2026-05-04T01:28:10.3900000+00:00</time>
      </trkpt>
      <trkpt lat="46.71763" lon="8.05353">
        <ele>1713.45</ele>
        <time>2026-05-04T01:28:17.0250000+00:00</time>
      </trkpt>
      <trkpt lat="46.71762" lon="8.0535">
        <ele>1713.21</ele>
        <time>2026-05-04T01:28:20.3580000+00:00</time>
      </trkpt>
      <trkpt lat="46.71762" lon="8.05343">
        <ele>1712.72</ele>
        <time>2026-05-04T01:28:27.3500000+00:00</time>
      </trkpt>
      <trkpt lat="46.71762" lon="8.05333">
        <ele>1712.01</ele>
        <time>2026-05-04T01:28:37.3370000+00:00</time>
      </trkpt>
      <trkpt lat="46.71764" lon="8.05323">
        <ele>1710.81</ele>
        <time>2026-05-04T01:28:47.7410000+00:00</time>
      </trkpt>
      <trkpt lat="46.71764" lon="8.05309">
        <ele>1708.52</ele>
        <time>2026-05-04T01:29:01.7240000+00:00</time>
      </trkpt>
      <trkpt lat="46.71765" lon="8.05297">
        <ele>1706.52</ele>
        <time>2026-05-04T01:29:13.7960000+00:00</time>
      </trkpt>
      <trkpt lat="46.71768" lon="8.0529">
        <ele>1705.23</ele>
        <time>2026-05-04T01:29:22.0410000+00:00</time>
      </trkpt>
      <trkpt lat="46.71772" lon="8.05284">
        <ele>1703.99</ele>
        <time>2026-05-04T01:29:30.3990000+00:00</time>
      </trkpt>
      <trkpt lat="46.71776" lon="8.05278">
        <ele>1702.13</ele>
        <time>2026-05-04T01:29:38.7570000+00:00</time>
      </trkpt>
      <trkpt lat="46.71781" lon="8.0527">
        <ele>1699.31</ele>
        <time>2026-05-04T01:29:49.5680000+00:00</time>
      </trkpt>
      <trkpt lat="46.71777" lon="8.05266">
        <ele>1699.71</ele>
        <time>2026-05-04T01:29:56.6320000+00:00</time>
      </trkpt>
      <trkpt lat="46.71775" lon="8.05262">
        <ele>1699.54</ele>
        <time>2026-05-04T01:30:01.5760000+00:00</time>
      </trkpt>
      <trkpt lat="46.71773" lon="8.05256">
        <ele>1698.92</ele>
        <time>2026-05-04T01:30:08.2390000+00:00</time>
      </trkpt>
      <trkpt lat="46.71775" lon="8.05254">
        <ele>1698.11</ele>
        <time>2026-05-04T01:30:11.7700000+00:00</time>
      </trkpt>
      <trkpt lat="46.71777" lon="8.05251">
        <ele>1697.04</ele>
        <time>2026-05-04T01:30:15.9470000+00:00</time>
      </trkpt>
      <trkpt lat="46.71781" lon="8.05247">
        <ele>1695.27</ele>
        <time>2026-05-04T01:30:23.0120000+00:00</time>
      </trkpt>
      <trkpt lat="46.71787" lon="8.05241">
        <ele>1692.29</ele>
        <time>2026-05-04T01:30:33.6090000+00:00</time>
      </trkpt>
      <trkpt lat="46.71792" lon="8.0524">
        <ele>1690.71</ele>
        <time>2026-05-04T01:30:40.9610000+00:00</time>
      </trkpt>
      <trkpt lat="46.71796" lon="8.05242">
        <ele>1690.14</ele>
        <time>2026-05-04T01:30:47.1220000+00:00</time>
      </trkpt>
      <trkpt lat="46.71803" lon="8.05246">
        <ele>1689.27</ele>
        <time>2026-05-04T01:30:58.0740000+00:00</time>
      </trkpt>
      <trkpt lat="46.71811" lon="8.05245">
        <ele>1686.93</ele>
        <time>2026-05-04T01:31:09.7710000+00:00</time>
      </trkpt>
      <trkpt lat="46.71823" lon="8.05239">
        <ele>1682.15</ele>
        <time>2026-05-04T01:31:28.2500000+00:00</time>
      </trkpt>
      <trkpt lat="46.71836" lon="8.0523">
        <ele>1676.17</ele>
        <time>2026-05-04T01:31:49.2130000+00:00</time>
      </trkpt>
      <trkpt lat="46.71845" lon="8.05227">
        <ele>1672.87</ele>
        <time>2026-05-04T01:32:02.6610000+00:00</time>
      </trkpt>
      <trkpt lat="46.71857" lon="8.05224">
        <ele>1668.66</ele>
        <time>2026-05-04T01:32:20.3980000+00:00</time>
      </trkpt>
      <trkpt lat="46.71863" lon="8.05221">
        <ele>1664.77</ele>
        <time>2026-05-04T01:32:29.6370000+00:00</time>
      </trkpt>
      <trkpt lat="46.71877" lon="8.05213">
        <ele>1655.58</ele>
        <time>2026-05-04T01:32:51.5410000+00:00</time>
      </trkpt>
      <trkpt lat="46.71888" lon="8.05211">
        <ele>1649.62</ele>
        <time>2026-05-04T01:33:07.6890000+00:00</time>
      </trkpt>
      <trkpt lat="46.71901" lon="8.0521">
        <ele>1642.96</ele>
        <time>2026-05-04T01:33:26.6530000+00:00</time>
      </trkpt>
      <trkpt lat="46.71912" lon="8.05212">
        <ele>1638</ele>
        <time>2026-05-04T01:33:42.8020000+00:00</time>
      </trkpt>
      <trkpt lat="46.71927" lon="8.05216">
        <ele>1631.46</ele>
        <time>2026-05-04T01:34:05.0150000+00:00</time>
      </trkpt>
      <trkpt lat="46.71936" lon="8.05223">
        <ele>1628.43</ele>
        <time>2026-05-04T01:34:19.8730000+00:00</time>
      </trkpt>
      <trkpt lat="46.71948" lon="8.0523">
        <ele>1623.82</ele>
        <time>2026-05-04T01:34:38.7000000+00:00</time>
      </trkpt>
      <trkpt lat="46.71958" lon="8.05237">
        <ele>1620.21</ele>
        <time>2026-05-04T01:34:54.8580000+00:00</time>
      </trkpt>
      <trkpt lat="46.71966" lon="8.05244">
        <ele>1617.58</ele>
        <time>2026-05-04T01:35:08.4490000+00:00</time>
      </trkpt>
      <trkpt lat="46.71974" lon="8.05256">
        <ele>1615.25</ele>
        <time>2026-05-04T01:35:25.1650000+00:00</time>
      </trkpt>
      <trkpt lat="46.71978" lon="8.05265">
        <ele>1614.42</ele>
        <time>2026-05-04T01:35:35.8770000+00:00</time>
      </trkpt>
      <trkpt lat="46.71982" lon="8.05276">
        <ele>1613.85</ele>
        <time>2026-05-04T01:35:48.3130000+00:00</time>
      </trkpt>
      <trkpt lat="46.71988" lon="8.05285">
        <ele>1612.01</ele>
        <time>2026-05-04T01:36:00.8510000+00:00</time>
      </trkpt>
      <trkpt lat="46.71995" lon="8.05294">
        <ele>1609.67</ele>
        <time>2026-05-04T01:36:14.4440000+00:00</time>
      </trkpt>
      <trkpt lat="46.72008" lon="8.05312">
        <ele>1605.49</ele>
        <time>2026-05-04T01:36:40.5550000+00:00</time>
      </trkpt>
      <trkpt lat="46.72018" lon="8.05327">
        <ele>1602.43</ele>
        <time>2026-05-04T01:37:01.4510000+00:00</time>
      </trkpt>
      <trkpt lat="46.72025" lon="8.05333">
        <ele>1599.54</ele>
        <time>2026-05-04T01:37:13.2790000+00:00</time>
      </trkpt>
      <trkpt lat="46.72031" lon="8.05336">
        <ele>1596.73</ele>
        <time>2026-05-04T01:37:22.5190000+00:00</time>
      </trkpt>
      <trkpt lat="46.72041" lon="8.05343">
        <ele>1592.11</ele>
        <time>2026-05-04T01:37:38.6780000+00:00</time>
      </trkpt>
      <trkpt lat="46.72051" lon="8.0535">
        <ele>1587.3</ele>
        <time>2026-05-04T01:37:54.8360000+00:00</time>
      </trkpt>
      <trkpt lat="46.72056" lon="8.05355">
        <ele>1584.91</ele>
        <time>2026-05-04T01:38:03.6680000+00:00</time>
      </trkpt>
      <trkpt lat="46.72064" lon="8.05367">
        <ele>1581.13</ele>
        <time>2026-05-04T01:38:20.3840000+00:00</time>
      </trkpt>
      <trkpt lat="46.72066" lon="8.05374">
        <ele>1580.3</ele>
        <time>2026-05-04T01:38:27.9570000+00:00</time>
      </trkpt>
      <trkpt lat="46.72071" lon="8.05385">
        <ele>1577.86</ele>
        <time>2026-05-04T01:38:41.1390000+00:00</time>
      </trkpt>
      <trkpt lat="46.72076" lon="8.05399">
        <ele>1575.37</ele>
        <time>2026-05-04T01:38:56.9040000+00:00</time>
      </trkpt>
      <trkpt lat="46.72078" lon="8.05392">
        <ele>1574</ele>
        <time>2026-05-04T01:39:04.4770000+00:00</time>
      </trkpt>
      <trkpt lat="46.7208" lon="8.05381">
        <ele>1572.58</ele>
        <time>2026-05-04T01:39:15.8420000+00:00</time>
      </trkpt>
      <trkpt lat="46.72081" lon="8.0537">
        <ele>1571.77</ele>
        <time>2026-05-04T01:39:26.9230000+00:00</time>
      </trkpt>
      <trkpt lat="46.72081" lon="8.05363">
        <ele>1571.62</ele>
        <time>2026-05-04T01:39:33.9130000+00:00</time>
      </trkpt>
      <trkpt lat="46.72082" lon="8.05359">
        <ele>1571</ele>
        <time>2026-05-04T01:39:38.1630000+00:00</time>
      </trkpt>
      <trkpt lat="46.72084" lon="8.05349">
        <ele>1569.74</ele>
        <time>2026-05-04T01:39:48.5660000+00:00</time>
      </trkpt>
      <trkpt lat="46.72086" lon="8.05336">
        <ele>1568.48</ele>
        <time>2026-05-04T01:40:01.8720000+00:00</time>
      </trkpt>
      <trkpt lat="46.72087" lon="8.05323">
        <ele>1567.64</ele>
        <time>2026-05-04T01:40:14.9370000+00:00</time>
      </trkpt>
      <trkpt lat="46.72086" lon="8.05304">
        <ele>1567.34</ele>
        <time>2026-05-04T01:40:33.9680000+00:00</time>
      </trkpt>
      <trkpt lat="46.72085" lon="8.05287">
        <ele>1567.08</ele>
        <time>2026-05-04T01:40:51.0080000+00:00</time>
      </trkpt>
      <trkpt lat="46.72085" lon="8.05268">
        <ele>1566.26</ele>
        <time>2026-05-04T01:41:09.9830000+00:00</time>
      </trkpt>
      <trkpt lat="46.72085" lon="8.05256">
        <ele>1565.74</ele>
        <time>2026-05-04T01:41:21.9670000+00:00</time>
      </trkpt>
      <trkpt lat="46.72087" lon="8.05239">
        <ele>1563.74</ele>
        <time>2026-05-04T01:41:39.1930000+00:00</time>
      </trkpt>
      <trkpt lat="46.72088" lon="8.05226">
        <ele>1561.83</ele>
        <time>2026-05-04T01:41:52.2580000+00:00</time>
      </trkpt>
      <trkpt lat="46.72089" lon="8.05218">
        <ele>1560.54</ele>
        <time>2026-05-04T01:42:00.3790000+00:00</time>
      </trkpt>
      <trkpt lat="46.7209" lon="8.05208">
        <ele>1559.04</ele>
        <time>2026-05-04T01:42:10.4720000+00:00</time>
      </trkpt>
      <trkpt lat="46.72092" lon="8.05201">
        <ele>1557.56</ele>
        <time>2026-05-04T01:42:18.0450000+00:00</time>
      </trkpt>
      <trkpt lat="46.72093" lon="8.052">
        <ele>1557.12</ele>
        <time>2026-05-04T01:42:19.8090000+00:00</time>
      </trkpt>
      <trkpt lat="46.72092" lon="8.05191">
        <ele>1556.43</ele>
        <time>2026-05-04T01:42:28.9140000+00:00</time>
      </trkpt>
      <trkpt lat="46.72089" lon="8.05166">
        <ele>1554.49</ele>
        <time>2026-05-04T01:42:54.2600000+00:00</time>
      </trkpt>
      <trkpt lat="46.72087" lon="8.05157">
        <ele>1553.95</ele>
        <time>2026-05-04T01:43:03.7100000+00:00</time>
      </trkpt>
      <trkpt lat="46.72085" lon="8.05141">
        <ele>1552.37</ele>
        <time>2026-05-04T01:43:19.9520000+00:00</time>
      </trkpt>
      <trkpt lat="46.72081" lon="8.05136">
        <ele>1552.67</ele>
        <time>2026-05-04T01:43:27.6270000+00:00</time>
      </trkpt>
      <trkpt lat="46.72078" lon="8.05123">
        <ele>1551.51</ele>
        <time>2026-05-04T01:43:41.3250000+00:00</time>
      </trkpt>
      <trkpt lat="46.72075" lon="8.05116">
        <ele>1551.11</ele>
        <time>2026-05-04T01:43:49.5680000+00:00</time>
      </trkpt>
      <trkpt lat="46.72066" lon="8.05102">
        <ele>1550.66</ele>
        <time>2026-05-04T01:44:08.7360000+00:00</time>
      </trkpt>
      <trkpt lat="46.72062" lon="8.05095">
        <ele>1550.18</ele>
        <time>2026-05-04T01:44:17.8370000+00:00</time>
      </trkpt>
      <trkpt lat="46.72057" lon="8.05086">
        <ele>1549.4</ele>
        <time>2026-05-04T01:44:29.4060000+00:00</time>
      </trkpt>
      <trkpt lat="46.72053" lon="8.0508">
        <ele>1548.89</ele>
        <time>2026-05-04T01:44:37.7650000+00:00</time>
      </trkpt>
      <trkpt lat="46.72047" lon="8.05068">
        <ele>1547.3</ele>
        <time>2026-05-04T01:44:52.5980000+00:00</time>
      </trkpt>
      <trkpt lat="46.7204" lon="8.0506">
        <ele>1546.47</ele>
        <time>2026-05-04T01:45:05.5520000+00:00</time>
      </trkpt>
      <trkpt lat="46.72031" lon="8.0505">
        <ele>1545.22</ele>
        <time>2026-05-04T01:45:22.0330000+00:00</time>
      </trkpt>
      <trkpt lat="46.72018" lon="8.0504">
        <ele>1544.66</ele>
        <time>2026-05-04T01:45:43.4430000+00:00</time>
      </trkpt>
      <trkpt lat="46.72005" lon="8.05031">
        <ele>1544.73</ele>
        <time>2026-05-04T01:46:04.4050000+00:00</time>
      </trkpt>
      <trkpt lat="46.71994" lon="8.05017">
        <ele>1542.5</ele>
        <time>2026-05-04T01:46:25.6720000+00:00</time>
      </trkpt>
      <trkpt lat="46.71981" lon="8.04995">
        <ele>1537.39</ele>
        <time>2026-05-04T01:46:54.6780000+00:00</time>
      </trkpt>
      <trkpt lat="46.71973" lon="8.04976">
        <ele>1534.1</ele>
        <time>2026-05-04T01:47:16.9470000+00:00</time>
      </trkpt>
      <trkpt lat="46.71965" lon="8.04956">
        <ele>1530.5</ele>
        <time>2026-05-04T01:47:40.0720000+00:00</time>
      </trkpt>
      <trkpt lat="46.71963" lon="8.04948">
        <ele>1528.92</ele>
        <time>2026-05-04T01:47:48.5760000+00:00</time>
      </trkpt>
      <trkpt lat="46.71961" lon="8.04942">
        <ele>1527.78</ele>
        <time>2026-05-04T01:47:55.2390000+00:00</time>
      </trkpt>
      <trkpt lat="46.71954" lon="8.04931">
        <ele>1525.96</ele>
        <time>2026-05-04T01:48:10.2280000+00:00</time>
      </trkpt>
      <trkpt lat="46.71946" lon="8.04912">
        <ele>1522.43</ele>
        <time>2026-05-04T01:48:32.4960000+00:00</time>
      </trkpt>
      <trkpt lat="46.71941" lon="8.04894">
        <ele>1520.48</ele>
        <time>2026-05-04T01:48:51.8920000+00:00</time>
      </trkpt>
      <trkpt lat="46.71936" lon="8.0487">
        <ele>1518.78</ele>
        <time>2026-05-04T01:49:16.9440000+00:00</time>
      </trkpt>
      <trkpt lat="46.71928" lon="8.04838">
        <ele>1516.77</ele>
        <time>2026-05-04T01:49:50.9610000+00:00</time>
      </trkpt>
      <trkpt lat="46.71924" lon="8.04824">
        <ele>1516.21</ele>
        <time>2026-05-04T01:50:06.1090000+00:00</time>
      </trkpt>
      <trkpt lat="46.71922" lon="8.04812">
        <ele>1515.8</ele>
        <time>2026-05-04T01:50:18.4430000+00:00</time>
      </trkpt>
      <trkpt lat="46.7192" lon="8.04797">
        <ele>1515.09</ele>
        <time>2026-05-04T01:50:33.7040000+00:00</time>
      </trkpt>
      <trkpt lat="46.71919" lon="8.04789">
        <ele>1514.67</ele>
        <time>2026-05-04T01:50:41.8260000+00:00</time>
      </trkpt>
      <trkpt lat="46.71917" lon="8.04782">
        <ele>1514.54</ele>
        <time>2026-05-04T01:50:49.3990000+00:00</time>
      </trkpt>
      <trkpt lat="46.71916" lon="8.04777">
        <ele>1514.34</ele>
        <time>2026-05-04T01:50:54.5990000+00:00</time>
      </trkpt>
      <trkpt lat="46.71916" lon="8.04768">
        <ele>1513.55</ele>
        <time>2026-05-04T01:51:03.5890000+00:00</time>
      </trkpt>
      <trkpt lat="46.71914" lon="8.04757">
        <ele>1512.99</ele>
        <time>2026-05-04T01:51:14.9540000+00:00</time>
      </trkpt>
      <trkpt lat="46.71913" lon="8.04746">
        <ele>1512.2</ele>
        <time>2026-05-04T01:51:26.0360000+00:00</time>
      </trkpt>
      <trkpt lat="46.7191" lon="8.04728">
        <ele>1512.82</ele>
        <time>2026-05-04T01:51:44.5370000+00:00</time>
      </trkpt>
      <trkpt lat="46.71907" lon="8.04722">
        <ele>1513.36</ele>
        <time>2026-05-04T01:51:51.9530000+00:00</time>
      </trkpt>
      <trkpt lat="46.71905" lon="8.04715">
        <ele>1513.7</ele>
        <time>2026-05-04T01:51:59.5280000+00:00</time>
      </trkpt>
      <trkpt lat="46.71903" lon="8.0471">
        <ele>1514.02</ele>
        <time>2026-05-04T01:52:05.3100000+00:00</time>
      </trkpt>
      <trkpt lat="46.71902" lon="8.04702">
        <ele>1514.16</ele>
        <time>2026-05-04T01:52:13.4290000+00:00</time>
      </trkpt>
      <trkpt lat="46.71902" lon="8.04696">
        <ele>1514.14</ele>
        <time>2026-05-04T01:52:19.4200000+00:00</time>
      </trkpt>
      <trkpt lat="46.71901" lon="8.04688">
        <ele>1514.26</ele>
        <time>2026-05-04T01:52:27.5420000+00:00</time>
      </trkpt>
      <trkpt lat="46.71902" lon="8.04675">
        <ele>1514.07</ele>
        <time>2026-05-04T01:52:40.6060000+00:00</time>
      </trkpt>
      <trkpt lat="46.71902" lon="8.04665">
        <ele>1514.03</ele>
        <time>2026-05-04T01:52:50.5930000+00:00</time>
      </trkpt>
      <trkpt lat="46.719" lon="8.04657">
        <ele>1514.88</ele>
        <time>2026-05-04T01:52:59.0960000+00:00</time>
      </trkpt>
      <trkpt lat="46.71902" lon="8.04651">
        <ele>1515.22</ele>
        <time>2026-05-04T01:53:05.7580000+00:00</time>
      </trkpt>
      <trkpt lat="46.71901" lon="8.04645">
        <ele>1515.97</ele>
        <time>2026-05-04T01:53:11.9240000+00:00</time>
      </trkpt>
      <trkpt lat="46.71901" lon="8.04639">
        <ele>1516.58</ele>
        <time>2026-05-04T01:53:17.9160000+00:00</time>
      </trkpt>
      <trkpt lat="46.71902" lon="8.04635">
        <ele>1516.85</ele>
        <time>2026-05-04T01:53:22.1660000+00:00</time>
      </trkpt>
      <trkpt lat="46.71903" lon="8.04634">
        <ele>1516.81</ele>
        <time>2026-05-04T01:53:23.9250000+00:00</time>
      </trkpt>
      <trkpt lat="46.71906" lon="8.04633">
        <ele>1516.51</ele>
        <time>2026-05-04T01:53:28.4080000+00:00</time>
      </trkpt>
      <trkpt lat="46.71904" lon="8.04628">
        <ele>1517.29</ele>
        <time>2026-05-04T01:53:34.1900000+00:00</time>
      </trkpt>
      <trkpt lat="46.71904" lon="8.04621">
        <ele>1517.99</ele>
        <time>2026-05-04T01:53:41.1810000+00:00</time>
      </trkpt>
      <trkpt lat="46.71902" lon="8.04613">
        <ele>1519.08</ele>
        <time>2026-05-04T01:53:49.6850000+00:00</time>
      </trkpt>
      <trkpt lat="46.71902" lon="8.04605">
        <ele>1519.9</ele>
        <time>2026-05-04T01:53:57.6740000+00:00</time>
      </trkpt>
      <trkpt lat="46.71904" lon="8.04599">
        <ele>1520.22</ele>
        <time>2026-05-04T01:54:04.3370000+00:00</time>
      </trkpt>
      <trkpt lat="46.71905" lon="8.04591">
        <ele>1520.89</ele>
        <time>2026-05-04T01:54:12.4590000+00:00</time>
      </trkpt>
      <trkpt lat="46.7191" lon="8.04581">
        <ele>1521.18</ele>
        <time>2026-05-04T01:54:24.8190000+00:00</time>
      </trkpt>
      <trkpt lat="46.71913" lon="8.0457">
        <ele>1521.46</ele>
        <time>2026-05-04T01:54:36.6420000+00:00</time>
      </trkpt>
      <trkpt lat="46.71914" lon="8.04561">
        <ele>1521.81</ele>
        <time>2026-05-04T01:54:45.7480000+00:00</time>
      </trkpt>
      <trkpt lat="46.71915" lon="8.04554">
        <ele>1522.02</ele>
        <time>2026-05-04T01:54:52.8890000+00:00</time>
      </trkpt>
      <trkpt lat="46.71917" lon="8.04551">
        <ele>1521.8</ele>
        <time>2026-05-04T01:54:57.0680000+00:00</time>
      </trkpt>
      <trkpt lat="46.7192" lon="8.04548">
        <ele>1521.36</ele>
        <time>2026-05-04T01:55:02.3670000+00:00</time>
      </trkpt>
      <trkpt lat="46.71923" lon="8.04543">
        <ele>1520.97</ele>
        <time>2026-05-04T01:55:09.0020000+00:00</time>
      </trkpt>
      <trkpt lat="46.71923" lon="8.04535">
        <ele>1521.31</ele>
        <time>2026-05-04T01:55:16.9900000+00:00</time>
      </trkpt>
      <trkpt lat="46.71921" lon="8.04529">
        <ele>1522.02</ele>
        <time>2026-05-04T01:55:23.6530000+00:00</time>
      </trkpt>
      <trkpt lat="46.71918" lon="8.04519">
        <ele>1523.21</ele>
        <time>2026-05-04T01:55:34.5550000+00:00</time>
      </trkpt>
      <trkpt lat="46.71915" lon="8.04513">
        <ele>1524.29</ele>
        <time>2026-05-04T01:55:41.9740000+00:00</time>
      </trkpt>
      <trkpt lat="46.71912" lon="8.04509">
        <ele>1525.31</ele>
        <time>2026-05-04T01:55:47.8960000+00:00</time>
      </trkpt>
      <trkpt lat="46.71915" lon="8.04505">
        <ele>1524.74</ele>
        <time>2026-05-04T01:55:53.8180000+00:00</time>
      </trkpt>
      <trkpt lat="46.71918" lon="8.04504">
        <ele>1523.97</ele>
        <time>2026-05-04T01:55:58.3020000+00:00</time>
      </trkpt>
      <trkpt lat="46.71922" lon="8.04505">
        <ele>1522.82</ele>
        <time>2026-05-04T01:56:04.2150000+00:00</time>
      </trkpt>
      <trkpt lat="46.71925" lon="8.04506">
        <ele>1521.97</ele>
        <time>2026-05-04T01:56:08.6970000+00:00</time>
      </trkpt>
      <trkpt lat="46.71928" lon="8.04504">
        <ele>1521.22</ele>
        <time>2026-05-04T01:56:13.5010000+00:00</time>
      </trkpt>
      <trkpt lat="46.71932" lon="8.04498">
        <ele>1520.27</ele>
        <time>2026-05-04T01:56:21.8600000+00:00</time>
      </trkpt>
      <trkpt lat="46.71938" lon="8.04496">
        <ele>1518.6</ele>
        <time>2026-05-04T01:56:30.8260000+00:00</time>
      </trkpt>
      <trkpt lat="46.71939" lon="8.04492">
        <ele>1518.46</ele>
        <time>2026-05-04T01:56:35.0760000+00:00</time>
      </trkpt>
      <trkpt lat="46.71937" lon="8.04486">
        <ele>1519.27</ele>
        <time>2026-05-04T01:56:41.7380000+00:00</time>
      </trkpt>
      <trkpt lat="46.71933" lon="8.04479">
        <ele>1520.72</ele>
        <time>2026-05-04T01:56:50.8390000+00:00</time>
      </trkpt>
      <trkpt lat="46.7193" lon="8.04471">
        <ele>1521.95</ele>
        <time>2026-05-04T01:56:59.9460000+00:00</time>
      </trkpt>
      <trkpt lat="46.71929" lon="8.04466">
        <ele>1522.47</ele>
        <time>2026-05-04T01:57:05.1490000+00:00</time>
      </trkpt>
      <trkpt lat="46.7193" lon="8.04453">
        <ele>1522.71</ele>
        <time>2026-05-04T01:57:18.2140000+00:00</time>
      </trkpt>
      <trkpt lat="46.71929" lon="8.04446">
        <ele>1523.32</ele>
        <time>2026-05-04T01:57:25.3550000+00:00</time>
      </trkpt>
      <trkpt lat="46.71928" lon="8.04441">
        <ele>1523.85</ele>
        <time>2026-05-04T01:57:30.5580000+00:00</time>
      </trkpt>
      <trkpt lat="46.71928" lon="8.04436">
        <ele>1524.06</ele>
        <time>2026-05-04T01:57:35.5520000+00:00</time>
      </trkpt>
      <trkpt lat="46.71926" lon="8.0443">
        <ele>1524.97</ele>
        <time>2026-05-04T01:57:42.2150000+00:00</time>
      </trkpt>
      <trkpt lat="46.71926" lon="8.04423">
        <ele>1525.28</ele>
        <time>2026-05-04T01:57:49.2050000+00:00</time>
      </trkpt>
      <trkpt lat="46.71927" lon="8.04415">
        <ele>1525.3</ele>
        <time>2026-05-04T01:57:57.3260000+00:00</time>
      </trkpt>
      <trkpt lat="46.71928" lon="8.04399">
        <ele>1525.94</ele>
        <time>2026-05-04T01:58:13.3720000+00:00</time>
      </trkpt>
      <trkpt lat="46.71926" lon="8.04389">
        <ele>1527.26</ele>
        <time>2026-05-04T01:58:23.7750000+00:00</time>
      </trkpt>
      <trkpt lat="46.71923" lon="8.0438">
        <ele>1528.88</ele>
        <time>2026-05-04T01:58:33.7690000+00:00</time>
      </trkpt>
      <trkpt lat="46.7192" lon="8.04374">
        <ele>1530.31</ele>
        <time>2026-05-04T01:58:41.1850000+00:00</time>
      </trkpt>
      <trkpt lat="46.7192" lon="8.04365">
        <ele>1530.9</ele>
        <time>2026-05-04T01:58:50.1750000+00:00</time>
      </trkpt>
      <trkpt lat="46.7192" lon="8.04356">
        <ele>1531.49</ele>
        <time>2026-05-04T01:58:59.1640000+00:00</time>
      </trkpt>
      <trkpt lat="46.7192" lon="8.0435">
        <ele>1531.89</ele>
        <time>2026-05-04T01:59:05.1570000+00:00</time>
      </trkpt>
      <trkpt lat="46.71922" lon="8.04347">
        <ele>1531.38</ele>
        <time>2026-05-04T01:59:09.3370000+00:00</time>
      </trkpt>
      <trkpt lat="46.71925" lon="8.04344">
        <ele>1530.5</ele>
        <time>2026-05-04T01:59:14.6350000+00:00</time>
      </trkpt>
      <trkpt lat="46.71932" lon="8.0434">
        <ele>1528.26</ele>
        <time>2026-05-04T01:59:25.5870000+00:00</time>
      </trkpt>
      <trkpt lat="46.71937" lon="8.04333">
        <ele>1526.9</ele>
        <time>2026-05-04T01:59:35.6820000+00:00</time>
      </trkpt>
      <trkpt lat="46.71943" lon="8.04323">
        <ele>1524.98</ele>
        <time>2026-05-04T01:59:48.9540000+00:00</time>
      </trkpt>
      <trkpt lat="46.71944" lon="8.04313">
        <ele>1524.81</ele>
        <time>2026-05-04T01:59:59.0470000+00:00</time>
      </trkpt>
      <trkpt lat="46.71944" lon="8.04306">
        <ele>1524.96</ele>
        <time>2026-05-04T02:00:06.0390000+00:00</time>
      </trkpt>
      <trkpt lat="46.71943" lon="8.04299">
        <ele>1525.53</ele>
        <time>2026-05-04T02:00:13.1800000+00:00</time>
      </trkpt>
      <trkpt lat="46.71943" lon="8.04294">
        <ele>1525.64</ele>
        <time>2026-05-04T02:00:18.1740000+00:00</time>
      </trkpt>
      <trkpt lat="46.71945" lon="8.04285">
        <ele>1525.02</ele>
        <time>2026-05-04T02:00:27.6220000+00:00</time>
      </trkpt>
      <trkpt lat="46.71948" lon="8.04278">
        <ele>1523.91</ele>
        <time>2026-05-04T02:00:35.8670000+00:00</time>
      </trkpt>
      <trkpt lat="46.71953" lon="8.04266">
        <ele>1522.04</ele>
        <time>2026-05-04T02:00:49.8910000+00:00</time>
      </trkpt>
      <trkpt lat="46.71957" lon="8.04266">
        <ele>1520.35</ele>
        <time>2026-05-04T02:00:55.7170000+00:00</time>
      </trkpt>
      <trkpt lat="46.71962" lon="8.04262">
        <ele>1518.28</ele>
        <time>2026-05-04T02:01:04.0240000+00:00</time>
      </trkpt>
      <trkpt lat="46.71964" lon="8.04256">
        <ele>1517.51</ele>
        <time>2026-05-04T02:01:10.6870000+00:00</time>
      </trkpt>
      <trkpt lat="46.71965" lon="8.04242">
        <ele>1516.72</ele>
        <time>2026-05-04T02:01:24.7440000+00:00</time>
      </trkpt>
      <trkpt lat="46.71963" lon="8.04231">
        <ele>1516.34</ele>
        <time>2026-05-04T02:01:36.1100000+00:00</time>
      </trkpt>
      <trkpt lat="46.71951" lon="8.042">
        <ele>1517.57</ele>
        <time>2026-05-04T02:02:11.6640000+00:00</time>
      </trkpt>
      <trkpt lat="46.71946" lon="8.04194">
        <ele>1518.77</ele>
        <time>2026-05-04T02:02:21.0950000+00:00</time>
      </trkpt>
      <trkpt lat="46.71944" lon="8.04187">
        <ele>1518.64</ele>
        <time>2026-05-04T02:02:28.6690000+00:00</time>
      </trkpt>
      <trkpt lat="46.71943" lon="8.04184">
        <ele>1518.63</ele>
        <time>2026-05-04T02:02:32.0010000+00:00</time>
      </trkpt>
      <trkpt lat="46.71941" lon="8.04175">
        <ele>1518.21</ele>
        <time>2026-05-04T02:02:41.4500000+00:00</time>
      </trkpt>
      <trkpt lat="46.71942" lon="8.04172">
        <ele>1517.45</ele>
        <time>2026-05-04T02:02:44.7830000+00:00</time>
      </trkpt>
      <trkpt lat="46.7194" lon="8.04164">
        <ele>1517.13</ele>
        <time>2026-05-04T02:02:53.2870000+00:00</time>
      </trkpt>
      <trkpt lat="46.71938" lon="8.04155">
        <ele>1517.2</ele>
        <time>2026-05-04T02:03:02.7350000+00:00</time>
      </trkpt>
      <trkpt lat="46.71938" lon="8.04149">
        <ele>1516.76</ele>
        <time>2026-05-04T02:03:08.7270000+00:00</time>
      </trkpt>
      <trkpt lat="46.71935" lon="8.04144">
        <ele>1517.51</ele>
        <time>2026-05-04T02:03:15.3620000+00:00</time>
      </trkpt>
      <trkpt lat="46.71931" lon="8.04138">
        <ele>1518.51</ele>
        <time>2026-05-04T02:03:23.7210000+00:00</time>
      </trkpt>
      <trkpt lat="46.71928" lon="8.04128">
        <ele>1518.75</ele>
        <time>2026-05-04T02:03:34.6220000+00:00</time>
      </trkpt>
      <trkpt lat="46.71925" lon="8.04121">
        <ele>1519.19</ele>
        <time>2026-05-04T02:03:42.8660000+00:00</time>
      </trkpt>
      <trkpt lat="46.71923" lon="8.0411">
        <ele>1518.88</ele>
        <time>2026-05-04T02:03:54.2310000+00:00</time>
      </trkpt>
      <trkpt lat="46.71918" lon="8.04099">
        <ele>1519.48</ele>
        <time>2026-05-04T02:04:07.4120000+00:00</time>
      </trkpt>
      <trkpt lat="46.71917" lon="8.04094">
        <ele>1519.31</ele>
        <time>2026-05-04T02:04:12.6150000+00:00</time>
      </trkpt>
      <trkpt lat="46.71914" lon="8.04088">
        <ele>1519.65</ele>
        <time>2026-05-04T02:04:20.0320000+00:00</time>
      </trkpt>
      <trkpt lat="46.71909" lon="8.04069">
        <ele>1520.34</ele>
        <time>2026-05-04T02:04:40.3580000+00:00</time>
      </trkpt>
      <trkpt lat="46.71907" lon="8.0406">
        <ele>1520.93</ele>
        <time>2026-05-04T02:04:49.8070000+00:00</time>
      </trkpt>
      <trkpt lat="46.71906" lon="8.04054">
        <ele>1521.21</ele>
        <time>2026-05-04T02:04:55.9760000+00:00</time>
      </trkpt>
      <trkpt lat="46.71904" lon="8.04046">
        <ele>1521.76</ele>
        <time>2026-05-04T02:05:04.4800000+00:00</time>
      </trkpt>
      <trkpt lat="46.71903" lon="8.04036">
        <ele>1522.01</ele>
        <time>2026-05-04T02:05:14.5740000+00:00</time>
      </trkpt>
      <trkpt lat="46.71904" lon="8.04031">
        <ele>1521.73</ele>
        <time>2026-05-04T02:05:19.7770000+00:00</time>
      </trkpt>
      <trkpt lat="46.71905" lon="8.04026">
        <ele>1521.46</ele>
        <time>2026-05-04T02:05:24.9800000+00:00</time>
      </trkpt>
      <trkpt lat="46.71905" lon="8.04017">
        <ele>1521.44</ele>
        <time>2026-05-04T02:05:33.9680000+00:00</time>
      </trkpt>
      <trkpt lat="46.71905" lon="8.04013">
        <ele>1521.44</ele>
        <time>2026-05-04T02:05:37.9640000+00:00</time>
      </trkpt>
      <trkpt lat="46.71905" lon="8.04003">
        <ele>1521.43</ele>
        <time>2026-05-04T02:05:47.9510000+00:00</time>
      </trkpt>
      <trkpt lat="46.71906" lon="8.03996">
        <ele>1521.2</ele>
        <time>2026-05-04T02:05:55.0930000+00:00</time>
      </trkpt>
      <trkpt lat="46.71907" lon="8.03986">
        <ele>1521.27</ele>
        <time>2026-05-04T02:06:05.1860000+00:00</time>
      </trkpt>
      <trkpt lat="46.71906" lon="8.03983">
        <ele>1521.6</ele>
        <time>2026-05-04T02:06:08.5190000+00:00</time>
      </trkpt>
      <trkpt lat="46.71903" lon="8.03978">
        <ele>1522.42</ele>
        <time>2026-05-04T02:06:15.1540000+00:00</time>
      </trkpt>
      <trkpt lat="46.71902" lon="8.03974">
        <ele>1522.75</ele>
        <time>2026-05-04T02:06:19.4050000+00:00</time>
      </trkpt>
      <trkpt lat="46.71902" lon="8.03966">
        <ele>1522.97</ele>
        <time>2026-05-04T02:06:27.3940000+00:00</time>
      </trkpt>
      <trkpt lat="46.71901" lon="8.03959">
        <ele>1523.37</ele>
        <time>2026-05-04T02:06:34.5340000+00:00</time>
      </trkpt>
      <trkpt lat="46.719" lon="8.03955">
        <ele>1523.68</ele>
        <time>2026-05-04T02:06:38.7850000+00:00</time>
      </trkpt>
      <trkpt lat="46.71899" lon="8.03951">
        <ele>1523.98</ele>
        <time>2026-05-04T02:06:43.0350000+00:00</time>
      </trkpt>
      <trkpt lat="46.71899" lon="8.03939">
        <ele>1524.27</ele>
        <time>2026-05-04T02:06:55.0190000+00:00</time>
      </trkpt>
      <trkpt lat="46.719" lon="8.0393">
        <ele>1524.31</ele>
        <time>2026-05-04T02:07:04.1250000+00:00</time>
      </trkpt>
      <trkpt lat="46.719" lon="8.03923">
        <ele>1524.49</ele>
        <time>2026-05-04T02:07:11.1140000+00:00</time>
      </trkpt>
      <trkpt lat="46.71897" lon="8.03914">
        <ele>1525.22</ele>
        <time>2026-05-04T02:07:21.1080000+00:00</time>
      </trkpt>
      <trkpt lat="46.71893" lon="8.03894">
        <ele>1525.98</ele>
        <time>2026-05-04T02:07:41.9150000+00:00</time>
      </trkpt>
      <trkpt lat="46.71888" lon="8.03872">
        <ele>1526.81</ele>
        <time>2026-05-04T02:08:05.0630000+00:00</time>
      </trkpt>
      <trkpt lat="46.71888" lon="8.03862">
        <ele>1526.83</ele>
        <time>2026-05-04T02:08:15.0500000+00:00</time>
      </trkpt>
      <trkpt lat="46.71888" lon="8.03855">
        <ele>1526.84</ele>
        <time>2026-05-04T02:08:22.0420000+00:00</time>
      </trkpt>
      <trkpt lat="46.71887" lon="8.03847">
        <ele>1526.99</ele>
        <time>2026-05-04T02:08:30.1630000+00:00</time>
      </trkpt>
      <trkpt lat="46.71886" lon="8.0383">
        <ele>1527.14</ele>
        <time>2026-05-04T02:08:47.2040000+00:00</time>
      </trkpt>
      <trkpt lat="46.71886" lon="8.03824">
        <ele>1526.94</ele>
        <time>2026-05-04T02:08:53.1970000+00:00</time>
      </trkpt>
      <trkpt lat="46.71887" lon="8.03818">
        <ele>1526.61</ele>
        <time>2026-05-04T02:08:59.3650000+00:00</time>
      </trkpt>
      <trkpt lat="46.71889" lon="8.03813">
        <ele>1526.17</ele>
        <time>2026-05-04T02:09:05.1450000+00:00</time>
      </trkpt>
      <trkpt lat="46.7189" lon="8.03807">
        <ele>1525.83</ele>
        <time>2026-05-04T02:09:11.3120000+00:00</time>
      </trkpt>
      <trkpt lat="46.71891" lon="8.03793">
        <ele>1525.22</ele>
        <time>2026-05-04T02:09:25.3710000+00:00</time>
      </trkpt>
      <trkpt lat="46.71892" lon="8.03773">
        <ele>1524.39</ele>
        <time>2026-05-04T02:09:45.3980000+00:00</time>
      </trkpt>
      <trkpt lat="46.71882" lon="8.03772">
        <ele>1525.85</ele>
        <time>2026-05-04T02:10:00.0000000+00:00</time>
      </trkpt>
    </trkseg>
  </trk>
</gpx>