<?xml version="1.0" encoding="utf-8"?>
<gpx xmlns:xsd="http://www.w3.org/2001/XMLSchema" xmlns:xsi="http://www.w3.org/2001/XMLSchema-instance" creator="eT4 META" version="1.1" xsi:schemaLocation="http://www.topografix.com/GPX/1/1 http://www.topografix.com/GPX/1/1/gpx.xsd" xmlns="http://www.topografix.com/GPX/1/1">
  <trk>
    <name>Chemin panoramique du Niederhorn</name>
    <trkseg>
      <trkpt lat="46.71081" lon="7.77542">
        <ele>1932.35</ele>
        <time>2026-05-04T00:00:00.0000000+00:00</time>
      </trkpt>
      <trkpt lat="46.71084" lon="7.77552">
        <ele>1933.89</ele>
        <time>2026-05-04T00:00:09.8670000+00:00</time>
      </trkpt>
      <trkpt lat="46.71087" lon="7.7756">
        <ele>1935.3</ele>
        <time>2026-05-04T00:00:18.1100000+00:00</time>
      </trkpt>
      <trkpt lat="46.71088" lon="7.77555">
        <ele>1934.27</ele>
        <time>2026-05-04T00:00:22.8170000+00:00</time>
      </trkpt>
      <trkpt lat="46.71088" lon="7.77551">
        <ele>1933.46</ele>
        <time>2026-05-04T00:00:26.4290000+00:00</time>
      </trkpt>
      <trkpt lat="46.71087" lon="7.77544">
        <ele>1932.14</ele>
        <time>2026-05-04T00:00:32.8920000+00:00</time>
      </trkpt>
      <trkpt lat="46.71093" lon="7.77551">
        <ele>1933.16</ele>
        <time>2026-05-04T00:00:43.0220000+00:00</time>
      </trkpt>
      <trkpt lat="46.711" lon="7.7756">
        <ele>1935.04</ele>
        <time>2026-05-04T00:00:55.3250000+00:00</time>
      </trkpt>
      <trkpt lat="46.71103" lon="7.77568">
        <ele>1937.13</ele>
        <time>2026-05-04T00:01:03.5680000+00:00</time>
      </trkpt>
      <trkpt lat="46.71105" lon="7.77575">
        <ele>1939.1</ele>
        <time>2026-05-04T00:01:10.4230000+00:00</time>
      </trkpt>
      <trkpt lat="46.71106" lon="7.77588">
        <ele>1942.82</ele>
        <time>2026-05-04T00:01:22.2480000+00:00</time>
      </trkpt>
      <trkpt lat="46.71108" lon="7.77602">
        <ele>1946.23</ele>
        <time>2026-05-04T00:01:35.1760000+00:00</time>
      </trkpt>
      <trkpt lat="46.71109" lon="7.77615">
        <ele>1942.42</ele>
        <time>2026-05-04T00:01:47.0010000+00:00</time>
      </trkpt>
      <trkpt lat="46.71111" lon="7.77634">
        <ele>1936.63</ele>
        <time>2026-05-04T00:02:04.3780000+00:00</time>
      </trkpt>
      <trkpt lat="46.71113" lon="7.77646">
        <ele>1932.54</ele>
        <time>2026-05-04T00:02:15.5410000+00:00</time>
      </trkpt>
      <trkpt lat="46.71114" lon="7.77659">
        <ele>1929.55</ele>
        <time>2026-05-04T00:02:27.3670000+00:00</time>
      </trkpt>
      <trkpt lat="46.71114" lon="7.77674">
        <ele>1927.23</ele>
        <time>2026-05-04T00:02:40.9260000+00:00</time>
      </trkpt>
      <trkpt lat="46.71116" lon="7.77685">
        <ele>1924.16</ele>
        <time>2026-05-04T00:02:51.2140000+00:00</time>
      </trkpt>
      <trkpt lat="46.71118" lon="7.77694">
        <ele>1923.67</ele>
        <time>2026-05-04T00:02:59.7650000+00:00</time>
      </trkpt>
      <trkpt lat="46.7112" lon="7.77707">
        <ele>1923.94</ele>
        <time>2026-05-04T00:03:11.8090000+00:00</time>
      </trkpt>
      <trkpt lat="46.71122" lon="7.77716">
        <ele>1924.03</ele>
        <time>2026-05-04T00:03:20.3610000+00:00</time>
      </trkpt>
      <trkpt lat="46.71124" lon="7.77723">
        <ele>1924.07</ele>
        <time>2026-05-04T00:03:27.2170000+00:00</time>
      </trkpt>
      <trkpt lat="46.71126" lon="7.77732">
        <ele>1924.6</ele>
        <time>2026-05-04T00:03:35.7690000+00:00</time>
      </trkpt>
      <trkpt lat="46.71127" lon="7.77738">
        <ele>1925.2</ele>
        <time>2026-05-04T00:03:41.3510000+00:00</time>
      </trkpt>
      <trkpt lat="46.7113" lon="7.77744">
        <ele>1925.26</ele>
        <time>2026-05-04T00:03:48.0640000+00:00</time>
      </trkpt>
      <trkpt lat="46.71135" lon="7.77756">
        <ele>1926.33</ele>
        <time>2026-05-04T00:04:00.7580000+00:00</time>
      </trkpt>
      <trkpt lat="46.71138" lon="7.77766">
        <ele>1928</ele>
        <time>2026-05-04T00:04:10.6240000+00:00</time>
      </trkpt>
      <trkpt lat="46.71142" lon="7.77772">
        <ele>1928.28</ele>
        <time>2026-05-04T00:04:18.1890000+00:00</time>
      </trkpt>
      <trkpt lat="46.71147" lon="7.77782">
        <ele>1928.62</ele>
        <time>2026-05-04T00:04:29.3770000+00:00</time>
      </trkpt>
      <trkpt lat="46.71149" lon="7.77792">
        <ele>1929.54</ele>
        <time>2026-05-04T00:04:38.7920000+00:00</time>
      </trkpt>
      <trkpt lat="46.71152" lon="7.77806">
        <ele>1931.14</ele>
        <time>2026-05-04T00:04:52.0510000+00:00</time>
      </trkpt>
      <trkpt lat="46.71159" lon="7.77825">
        <ele>1934.26</ele>
        <time>2026-05-04T00:05:11.5490000+00:00</time>
      </trkpt>
      <trkpt lat="46.71165" lon="7.7784">
        <ele>1937.69</ele>
        <time>2026-05-04T00:05:27.2470000+00:00</time>
      </trkpt>
      <trkpt lat="46.71173" lon="7.77852">
        <ele>1941.75</ele>
        <time>2026-05-04T00:05:42.3770000+00:00</time>
      </trkpt>
      <trkpt lat="46.71184" lon="7.7787">
        <ele>1943.99</ele>
        <time>2026-05-04T00:06:04.1730000+00:00</time>
      </trkpt>
      <trkpt lat="46.71192" lon="7.77884">
        <ele>1944.63</ele>
        <time>2026-05-04T00:06:20.6470000+00:00</time>
      </trkpt>
      <trkpt lat="46.71195" lon="7.77887">
        <ele>1942.34</ele>
        <time>2026-05-04T00:06:25.4420000+00:00</time>
      </trkpt>
      <trkpt lat="46.71204" lon="7.77905">
        <ele>1934.86</ele>
        <time>2026-05-04T00:06:45.5800000+00:00</time>
      </trkpt>
      <trkpt lat="46.71212" lon="7.7792">
        <ele>1927.69</ele>
        <time>2026-05-04T00:07:02.7580000+00:00</time>
      </trkpt>
      <trkpt lat="46.71217" lon="7.77926">
        <ele>1923.18</ele>
        <time>2026-05-04T00:07:11.2930000+00:00</time>
      </trkpt>
      <trkpt lat="46.7122" lon="7.77932">
        <ele>1920.22</ele>
        <time>2026-05-04T00:07:18.0050000+00:00</time>
      </trkpt>
      <trkpt lat="46.71222" lon="7.7794">
        <ele>1918.89</ele>
        <time>2026-05-04T00:07:25.7020000+00:00</time>
      </trkpt>
      <trkpt lat="46.71232" lon="7.77964">
        <ele>1915.26</ele>
        <time>2026-05-04T00:07:51.0890000+00:00</time>
      </trkpt>
      <trkpt lat="46.7124" lon="7.77981">
        <ele>1914.22</ele>
        <time>2026-05-04T00:08:09.7270000+00:00</time>
      </trkpt>
      <trkpt lat="46.71244" lon="7.77992">
        <ele>1915.08</ele>
        <time>2026-05-04T00:08:20.9830000+00:00</time>
      </trkpt>
      <trkpt lat="46.71248" lon="7.78">
        <ele>1915.65</ele>
        <time>2026-05-04T00:08:29.9320000+00:00</time>
      </trkpt>
      <trkpt lat="46.7125" lon="7.78007">
        <ele>1917.05</ele>
        <time>2026-05-04T00:08:36.7860000+00:00</time>
      </trkpt>
      <trkpt lat="46.71252" lon="7.78015">
        <ele>1918.97</ele>
        <time>2026-05-04T00:08:44.4830000+00:00</time>
      </trkpt>
      <trkpt lat="46.71254" lon="7.78027">
        <ele>1921.53</ele>
        <time>2026-05-04T00:08:55.6460000+00:00</time>
      </trkpt>
      <trkpt lat="46.71261" lon="7.78046">
        <ele>1925.02</ele>
        <time>2026-05-04T00:09:15.1430000+00:00</time>
      </trkpt>
      <trkpt lat="46.712649999999996" lon="7.78053">
        <ele>1926.52</ele>
        <time>2026-05-04T00:09:23.3790000+00:00</time>
      </trkpt>
      <trkpt lat="46.71268" lon="7.78063">
        <ele>1929.29</ele>
        <time>2026-05-04T00:09:33.2460000+00:00</time>
      </trkpt>
      <trkpt lat="46.71273" lon="7.78076">
        <ele>1933.38</ele>
        <time>2026-05-04T00:09:46.7200000+00:00</time>
      </trkpt>
      <trkpt lat="46.71277" lon="7.78092">
        <ele>1937.9</ele>
        <time>2026-05-04T00:10:02.1150000+00:00</time>
      </trkpt>
      <trkpt lat="46.71285" lon="7.78117">
        <ele>1939.46</ele>
        <time>2026-05-04T00:10:27.0530000+00:00</time>
      </trkpt>
      <trkpt lat="46.7129" lon="7.78135">
        <ele>1939.08</ele>
        <time>2026-05-04T00:10:44.6090000+00:00</time>
      </trkpt>
      <trkpt lat="46.71294" lon="7.78147">
        <ele>1938.8</ele>
        <time>2026-05-04T00:10:56.6700000+00:00</time>
      </trkpt>
      <trkpt lat="46.71298" lon="7.78161">
        <ele>1938.77</ele>
        <time>2026-05-04T00:11:10.3800000+00:00</time>
      </trkpt>
      <trkpt lat="46.71301" lon="7.78166">
        <ele>1938.46</ele>
        <time>2026-05-04T00:11:16.3870000+00:00</time>
      </trkpt>
      <trkpt lat="46.71306" lon="7.7817">
        <ele>1937.69</ele>
        <time>2026-05-04T00:11:23.9050000+00:00</time>
      </trkpt>
      <trkpt lat="46.71309" lon="7.78174">
        <ele>1937.38</ele>
        <time>2026-05-04T00:11:29.2630000+00:00</time>
      </trkpt>
      <trkpt lat="46.71311" lon="7.7818">
        <ele>1937.47</ele>
        <time>2026-05-04T00:11:35.2930000+00:00</time>
      </trkpt>
      <trkpt lat="46.71314" lon="7.78181">
        <ele>1936.96</ele>
        <time>2026-05-04T00:11:39.3520000+00:00</time>
      </trkpt>
      <trkpt lat="46.71318" lon="7.78184">
        <ele>1936.45</ele>
        <time>2026-05-04T00:11:45.2820000+00:00</time>
      </trkpt>
      <trkpt lat="46.71323" lon="7.78192">
        <ele>1935.18</ele>
        <time>2026-05-04T00:11:55.0670000+00:00</time>
      </trkpt>
      <trkpt lat="46.71332" lon="7.78211">
        <ele>1932.95</ele>
        <time>2026-05-04T00:12:15.9420000+00:00</time>
      </trkpt>
      <trkpt lat="46.71336" lon="7.7822">
        <ele>1932.2</ele>
        <time>2026-05-04T00:12:25.6370000+00:00</time>
      </trkpt>
      <trkpt lat="46.71347" lon="7.78238">
        <ele>1930.99</ele>
        <time>2026-05-04T00:12:47.4320000+00:00</time>
      </trkpt>
      <trkpt lat="46.71353" lon="7.78251">
        <ele>1930.75</ele>
        <time>2026-05-04T00:13:01.5980000+00:00</time>
      </trkpt>
      <trkpt lat="46.71356" lon="7.78262">
        <ele>1930.87</ele>
        <time>2026-05-04T00:13:12.2990000+00:00</time>
      </trkpt>
      <trkpt lat="46.7136" lon="7.7827">
        <ele>1929.4</ele>
        <time>2026-05-04T00:13:21.2480000+00:00</time>
      </trkpt>
      <trkpt lat="46.71364" lon="7.78276">
        <ele>1927.01</ele>
        <time>2026-05-04T00:13:28.8130000+00:00</time>
      </trkpt>
      <trkpt lat="46.7137" lon="7.7828">
        <ele>1923.86</ele>
        <time>2026-05-04T00:13:37.5110000+00:00</time>
      </trkpt>
      <trkpt lat="46.71376" lon="7.78284">
        <ele>1920.87</ele>
        <time>2026-05-04T00:13:46.2090000+00:00</time>
      </trkpt>
      <trkpt lat="46.7138" lon="7.78289">
        <ele>1918.96</ele>
        <time>2026-05-04T00:13:53.1540000+00:00</time>
      </trkpt>
      <trkpt lat="46.71384" lon="7.78296">
        <ele>1917.2</ele>
        <time>2026-05-04T00:14:01.3900000+00:00</time>
      </trkpt>
      <trkpt lat="46.71389" lon="7.78306">
        <ele>1915.29</ele>
        <time>2026-05-04T00:14:12.5780000+00:00</time>
      </trkpt>
      <trkpt lat="46.7139" lon="7.78315">
        <ele>1915.17</ele>
        <time>2026-05-04T00:14:20.8200000+00:00</time>
      </trkpt>
      <trkpt lat="46.71395" lon="7.78328">
        <ele>1913.89</ele>
        <time>2026-05-04T00:14:34.2940000+00:00</time>
      </trkpt>
      <trkpt lat="46.714" lon="7.78338">
        <ele>1912.84</ele>
        <time>2026-05-04T00:14:45.4820000+00:00</time>
      </trkpt>
      <trkpt lat="46.71408" lon="7.78349">
        <ele>1911.37</ele>
        <time>2026-05-04T00:14:59.9770000+00:00</time>
      </trkpt>
      <trkpt lat="46.71411" lon="7.78356">
        <ele>1911.11</ele>
        <time>2026-05-04T00:15:07.4380000+00:00</time>
      </trkpt>
      <trkpt lat="46.7142" lon="7.78372">
        <ele>1910.48</ele>
        <time>2026-05-04T00:15:26.1450000+00:00</time>
      </trkpt>
      <trkpt lat="46.71431" lon="7.78392">
        <ele>1911.06</ele>
        <time>2026-05-04T00:15:49.3210000+00:00</time>
      </trkpt>
      <trkpt lat="46.71438" lon="7.78405">
        <ele>1912.23</ele>
        <time>2026-05-04T00:16:04.2620000+00:00</time>
      </trkpt>
      <trkpt lat="46.71445" lon="7.78423">
        <ele>1911.08</ele>
        <time>2026-05-04T00:16:22.9680000+00:00</time>
      </trkpt>
      <trkpt lat="46.71448" lon="7.78433">
        <ele>1910.2</ele>
        <time>2026-05-04T00:16:32.8350000+00:00</time>
      </trkpt>
      <trkpt lat="46.71453" lon="7.78448">
        <ele>1907.17</ele>
        <time>2026-05-04T00:16:47.9110000+00:00</time>
      </trkpt>
      <trkpt lat="46.71457" lon="7.78458">
        <ele>1904.77</ele>
        <time>2026-05-04T00:16:58.3750000+00:00</time>
      </trkpt>
      <trkpt lat="46.71461" lon="7.78473">
        <ele>1903.13</ele>
        <time>2026-05-04T00:17:12.9240000+00:00</time>
      </trkpt>
      <trkpt lat="46.71465" lon="7.78487">
        <ele>1901.75</ele>
        <time>2026-05-04T00:17:26.6330000+00:00</time>
      </trkpt>
      <trkpt lat="46.71468" lon="7.78494">
        <ele>1900.52</ele>
        <time>2026-05-04T00:17:34.0950000+00:00</time>
      </trkpt>
      <trkpt lat="46.71474" lon="7.78504">
        <ele>1897.88</ele>
        <time>2026-05-04T00:17:46.1070000+00:00</time>
      </trkpt>
      <trkpt lat="46.71479" lon="7.78514">
        <ele>1896.24</ele>
        <time>2026-05-04T00:17:57.2940000+00:00</time>
      </trkpt>
      <trkpt lat="46.71484" lon="7.78523">
        <ele>1894.65</ele>
        <time>2026-05-04T00:18:07.7640000+00:00</time>
      </trkpt>
      <trkpt lat="46.7149" lon="7.78536">
        <ele>1893.69</ele>
        <time>2026-05-04T00:18:21.9300000+00:00</time>
      </trkpt>
      <trkpt lat="46.71497" lon="7.78556">
        <ele>1894.82</ele>
        <time>2026-05-04T00:18:42.2270000+00:00</time>
      </trkpt>
      <trkpt lat="46.71504" lon="7.78576">
        <ele>1897.56</ele>
        <time>2026-05-04T00:19:02.5240000+00:00</time>
      </trkpt>
      <trkpt lat="46.71505" lon="7.78584">
        <ele>1899.51</ele>
        <time>2026-05-04T00:19:09.8760000+00:00</time>
      </trkpt>
      <trkpt lat="46.7151" lon="7.78597">
        <ele>1902.38</ele>
        <time>2026-05-04T00:19:23.3500000+00:00</time>
      </trkpt>
      <trkpt lat="46.71513" lon="7.78609">
        <ele>1904.3</ele>
        <time>2026-05-04T00:19:34.8960000+00:00</time>
      </trkpt>
      <trkpt lat="46.71518" lon="7.78619">
        <ele>1905.41</ele>
        <time>2026-05-04T00:19:46.0830000+00:00</time>
      </trkpt>
      <trkpt lat="46.71524" lon="7.78633">
        <ele>1907.77</ele>
        <time>2026-05-04T00:20:01.0060000+00:00</time>
      </trkpt>
      <trkpt lat="46.71532" lon="7.7865">
        <ele>1912.02</ele>
        <time>2026-05-04T00:20:19.6430000+00:00</time>
      </trkpt>
      <trkpt lat="46.7154" lon="7.7867">
        <ele>1917.22</ele>
        <time>2026-05-04T00:20:40.5730000+00:00</time>
      </trkpt>
      <trkpt lat="46.71546" lon="7.7869">
        <ele>1920.56</ele>
        <time>2026-05-04T00:21:00.3050000+00:00</time>
      </trkpt>
      <trkpt lat="46.7155" lon="7.78696">
        <ele>1920.56</ele>
        <time>2026-05-04T00:21:07.8690000+00:00</time>
      </trkpt>
      <trkpt lat="46.71556" lon="7.78705">
        <ele>1920.58</ele>
        <time>2026-05-04T00:21:19.2150000+00:00</time>
      </trkpt>
      <trkpt lat="46.7156" lon="7.78711">
        <ele>1920.6</ele>
        <time>2026-05-04T00:21:26.7800000+00:00</time>
      </trkpt>
      <trkpt lat="46.7156" lon="7.78711">
        <ele>1920.6</ele>
        <time>2026-05-04T00:21:26.7800000+00:00</time>
      </trkpt>
      <trkpt lat="46.71567" lon="7.7872">
        <ele>1920.84</ele>
        <time>2026-05-04T00:21:39.0810000+00:00</time>
      </trkpt>
      <trkpt lat="46.71578" lon="7.78721">
        <ele>1922.88</ele>
        <time>2026-05-04T00:21:53.6110000+00:00</time>
      </trkpt>
      <trkpt lat="46.71587" lon="7.78718">
        <ele>1925.03</ele>
        <time>2026-05-04T00:22:05.7820000+00:00</time>
      </trkpt>
      <trkpt lat="46.71593" lon="7.78719">
        <ele>1926.09</ele>
        <time>2026-05-04T00:22:13.7440000+00:00</time>
      </trkpt>
      <trkpt lat="46.716" lon="7.78724">
        <ele>1926.86</ele>
        <time>2026-05-04T00:22:24.0200000+00:00</time>
      </trkpt>
      <trkpt lat="46.71608" lon="7.78724">
        <ele>1928.37</ele>
        <time>2026-05-04T00:22:34.5670000+00:00</time>
      </trkpt>
      <trkpt lat="46.71619" lon="7.78721">
        <ele>1929.89</ele>
        <time>2026-05-04T00:22:49.3200000+00:00</time>
      </trkpt>
      <trkpt lat="46.71629" lon="7.78721">
        <ele>1930.95</ele>
        <time>2026-05-04T00:23:02.5040000+00:00</time>
      </trkpt>
      <trkpt lat="46.71637" lon="7.7872">
        <ele>1931.8</ele>
        <time>2026-05-04T00:23:13.0890000+00:00</time>
      </trkpt>
      <trkpt lat="46.71641" lon="7.78721">
        <ele>1932.23</ele>
        <time>2026-05-04T00:23:18.4400000+00:00</time>
      </trkpt>
      <trkpt lat="46.71646" lon="7.78724">
        <ele>1932.85</ele>
        <time>2026-05-04T00:23:25.5680000+00:00</time>
      </trkpt>
      <trkpt lat="46.71655" lon="7.78728">
        <ele>1934.18</ele>
        <time>2026-05-04T00:23:37.9720000+00:00</time>
      </trkpt>
      <trkpt lat="46.71676" lon="7.78734">
        <ele>1937.88</ele>
        <time>2026-05-04T00:24:06.1830000+00:00</time>
      </trkpt>
      <trkpt lat="46.71684" lon="7.78741">
        <ele>1940.4</ele>
        <time>2026-05-04T00:24:18.4830000+00:00</time>
      </trkpt>
      <trkpt lat="46.71689" lon="7.78747">
        <ele>1942.51</ele>
        <time>2026-05-04T00:24:27.0180000+00:00</time>
      </trkpt>
      <trkpt lat="46.71708" lon="7.78776">
        <ele>1944.7</ele>
        <time>2026-05-04T00:25:03.2750000+00:00</time>
      </trkpt>
      <trkpt lat="46.71715" lon="7.78784">
        <ele>1944.36</ele>
        <time>2026-05-04T00:25:14.9990000+00:00</time>
      </trkpt>
      <trkpt lat="46.71727" lon="7.78791">
        <ele>1944.08</ele>
        <time>2026-05-04T00:25:32.0380000+00:00</time>
      </trkpt>
      <trkpt lat="46.71737" lon="7.78798">
        <ele>1944.48</ele>
        <time>2026-05-04T00:25:46.6600000+00:00</time>
      </trkpt>
      <trkpt lat="46.71742" lon="7.78803">
        <ele>1945.12</ele>
        <time>2026-05-04T00:25:54.6530000+00:00</time>
      </trkpt>
      <trkpt lat="46.71746" lon="7.7881">
        <ele>1946.29</ele>
        <time>2026-05-04T00:26:02.8900000+00:00</time>
      </trkpt>
      <trkpt lat="46.7175" lon="7.78818">
        <ele>1947.85</ele>
        <time>2026-05-04T00:26:11.8390000+00:00</time>
      </trkpt>
      <trkpt lat="46.71751" lon="7.78828">
        <ele>1949.81</ele>
        <time>2026-05-04T00:26:20.9740000+00:00</time>
      </trkpt>
      <trkpt lat="46.71752" lon="7.78834">
        <ele>1951.07</ele>
        <time>2026-05-04T00:26:26.5550000+00:00</time>
      </trkpt>
      <trkpt lat="46.71754" lon="7.78837">
        <ele>1951.88</ele>
        <time>2026-05-04T00:26:30.3380000+00:00</time>
      </trkpt>
      <trkpt lat="46.71761" lon="7.78846">
        <ele>1954.76</ele>
        <time>2026-05-04T00:26:42.6410000+00:00</time>
      </trkpt>
      <trkpt lat="46.71765" lon="7.78852">
        <ele>1956.57</ele>
        <time>2026-05-04T00:26:50.2060000+00:00</time>
      </trkpt>
      <trkpt lat="46.71768" lon="7.78862">
        <ele>1957.2</ele>
        <time>2026-05-04T00:27:00.0720000+00:00</time>
      </trkpt>
      <trkpt lat="46.71771" lon="7.78874">
        <ele>1958</ele>
        <time>2026-05-04T00:27:11.6170000+00:00</time>
      </trkpt>
      <trkpt lat="46.71773" lon="7.78883">
        <ele>1958.65</ele>
        <time>2026-05-04T00:27:20.1680000+00:00</time>
      </trkpt>
      <trkpt lat="46.71774" lon="7.7889">
        <ele>1958.75</ele>
        <time>2026-05-04T00:27:26.6300000+00:00</time>
      </trkpt>
      <trkpt lat="46.71778" lon="7.78892">
        <ele>1957.28</ele>
        <time>2026-05-04T00:27:32.2050000+00:00</time>
      </trkpt>
      <trkpt lat="46.71786" lon="7.78892">
        <ele>1954.23</ele>
        <time>2026-05-04T00:27:42.7520000+00:00</time>
      </trkpt>
      <trkpt lat="46.71792" lon="7.78892">
        <ele>1951.95</ele>
        <time>2026-05-04T00:27:50.6610000+00:00</time>
      </trkpt>
      <trkpt lat="46.71798" lon="7.78898">
        <ele>1950.42</ele>
        <time>2026-05-04T00:28:00.2530000+00:00</time>
      </trkpt>
      <trkpt lat="46.718" lon="7.78902">
        <ele>1950.25</ele>
        <time>2026-05-04T00:28:04.7270000+00:00</time>
      </trkpt>
      <trkpt lat="46.71805" lon="7.78904">
        <ele>1948.87</ele>
        <time>2026-05-04T00:28:11.5620000+00:00</time>
      </trkpt>
      <trkpt lat="46.71808" lon="7.78908">
        <ele>1948.55</ele>
        <time>2026-05-04T00:28:16.9200000+00:00</time>
      </trkpt>
      <trkpt lat="46.71813" lon="7.78914">
        <ele>1948.11</ele>
        <time>2026-05-04T00:28:25.4560000+00:00</time>
      </trkpt>
      <trkpt lat="46.71815" lon="7.78919">
        <ele>1948.52</ele>
        <time>2026-05-04T00:28:30.6890000+00:00</time>
      </trkpt>
      <trkpt lat="46.71822" lon="7.78928">
        <ele>1948.69</ele>
        <time>2026-05-04T00:28:42.9900000+00:00</time>
      </trkpt>
      <trkpt lat="46.71832" lon="7.78942">
        <ele>1949.48</ele>
        <time>2026-05-04T00:29:01.2640000+00:00</time>
      </trkpt>
      <trkpt lat="46.7184" lon="7.78952">
        <ele>1950.34</ele>
        <time>2026-05-04T00:29:15.1530000+00:00</time>
      </trkpt>
      <trkpt lat="46.71849" lon="7.78961">
        <ele>1951.64</ele>
        <time>2026-05-04T00:29:29.5390000+00:00</time>
      </trkpt>
      <trkpt lat="46.71852" lon="7.78972">
        <ele>1954.46</ele>
        <time>2026-05-04T00:29:40.2390000+00:00</time>
      </trkpt>
      <trkpt lat="46.71858" lon="7.78981">
        <ele>1956.48</ele>
        <time>2026-05-04T00:29:51.5850000+00:00</time>
      </trkpt>
      <trkpt lat="46.71863" lon="7.78989">
        <ele>1956.83</ele>
        <time>2026-05-04T00:30:01.3690000+00:00</time>
      </trkpt>
      <trkpt lat="46.7187" lon="7.78997">
        <ele>1956.92</ele>
        <time>2026-05-04T00:30:13.0930000+00:00</time>
      </trkpt>
      <trkpt lat="46.71872" lon="7.79003">
        <ele>1958.51</ele>
        <time>2026-05-04T00:30:19.1230000+00:00</time>
      </trkpt>
      <trkpt lat="46.71875" lon="7.79007">
        <ele>1959.13</ele>
        <time>2026-05-04T00:30:24.4810000+00:00</time>
      </trkpt>
      <trkpt lat="46.71877" lon="7.79013">
        <ele>1961.02</ele>
        <time>2026-05-04T00:30:30.5120000+00:00</time>
      </trkpt>
      <trkpt lat="46.7188" lon="7.79022">
        <ele>1963.01</ele>
        <time>2026-05-04T00:30:39.5580000+00:00</time>
      </trkpt>
      <trkpt lat="46.71884" lon="7.79031">
        <ele>1964.02</ele>
        <time>2026-05-04T00:30:49.2530000+00:00</time>
      </trkpt>
      <trkpt lat="46.71887" lon="7.79038">
        <ele>1965.1</ele>
        <time>2026-05-04T00:30:56.7140000+00:00</time>
      </trkpt>
      <trkpt lat="46.71888" lon="7.79041">
        <ele>1965.67</ele>
        <time>2026-05-04T00:30:59.7300000+00:00</time>
      </trkpt>
      <trkpt lat="46.71891" lon="7.79042">
        <ele>1965.56</ele>
        <time>2026-05-04T00:31:03.7850000+00:00</time>
      </trkpt>
      <trkpt lat="46.71894" lon="7.79046">
        <ele>1966.3</ele>
        <time>2026-05-04T00:31:09.1430000+00:00</time>
      </trkpt>
      <trkpt lat="46.71898" lon="7.79054">
        <ele>1968.26</ele>
        <time>2026-05-04T00:31:18.0920000+00:00</time>
      </trkpt>
      <trkpt lat="46.719" lon="7.79057">
        <ele>1969.08</ele>
        <time>2026-05-04T00:31:21.8720000+00:00</time>
      </trkpt>
      <trkpt lat="46.71904" lon="7.79071">
        <ele>1973.52</ele>
        <time>2026-05-04T00:31:35.5800000+00:00</time>
      </trkpt>
      <trkpt lat="46.71907" lon="7.7908">
        <ele>1976.75</ele>
        <time>2026-05-04T00:31:44.6260000+00:00</time>
      </trkpt>
      <trkpt lat="46.71908" lon="7.79085">
        <ele>1978.59</ele>
        <time>2026-05-04T00:31:49.3340000+00:00</time>
      </trkpt>
      <trkpt lat="46.71911" lon="7.7909">
        <ele>1980.8</ele>
        <time>2026-05-04T00:31:55.3390000+00:00</time>
      </trkpt>
      <trkpt lat="46.7191" lon="7.79098">
        <ele>1983.52</ele>
        <time>2026-05-04T00:32:02.6880000+00:00</time>
      </trkpt>
      <trkpt lat="46.71911" lon="7.79104">
        <ele>1984.97</ele>
        <time>2026-05-04T00:32:08.2680000+00:00</time>
      </trkpt>
      <trkpt lat="46.71912" lon="7.79111">
        <ele>1985.75</ele>
        <time>2026-05-04T00:32:14.7310000+00:00</time>
      </trkpt>
      <trkpt lat="46.71916" lon="7.79117">
        <ele>1987.32</ele>
        <time>2026-05-04T00:32:22.2950000+00:00</time>
      </trkpt>
      <trkpt lat="46.71917" lon="7.79123">
        <ele>1988.18</ele>
        <time>2026-05-04T00:32:27.8760000+00:00</time>
      </trkpt>
      <trkpt lat="46.71919" lon="7.79135">
        <ele>1990.02</ele>
        <time>2026-05-04T00:32:39.0380000+00:00</time>
      </trkpt>
      <trkpt lat="46.71923" lon="7.79144">
        <ele>1992.45</ele>
        <time>2026-05-04T00:32:48.7320000+00:00</time>
      </trkpt>
      <trkpt lat="46.71927" lon="7.79152">
        <ele>1995</ele>
        <time>2026-05-04T00:32:57.6810000+00:00</time>
      </trkpt>
      <trkpt lat="46.7193" lon="7.79158">
        <ele>1997.07</ele>
        <time>2026-05-04T00:33:04.3930000+00:00</time>
      </trkpt>
      <trkpt lat="46.71935" lon="7.79163">
        <ele>1999.99</ele>
        <time>2026-05-04T00:33:12.3850000+00:00</time>
      </trkpt>
      <trkpt lat="46.7194" lon="7.79171">
        <ele>2003.63</ele>
        <time>2026-05-04T00:33:22.1700000+00:00</time>
      </trkpt>
      <trkpt lat="46.71945" lon="7.79181">
        <ele>2005.43</ele>
        <time>2026-05-04T00:33:33.3560000+00:00</time>
      </trkpt>
      <trkpt lat="46.71948" lon="7.79189">
        <ele>2005.58</ele>
        <time>2026-05-04T00:33:41.5960000+00:00</time>
      </trkpt>
      <trkpt lat="46.7195" lon="7.79198">
        <ele>2004.91</ele>
        <time>2026-05-04T00:33:50.1470000+00:00</time>
      </trkpt>
      <trkpt lat="46.71951" lon="7.79204">
        <ele>2004.5</ele>
        <time>2026-05-04T00:33:55.7290000+00:00</time>
      </trkpt>
      <trkpt lat="46.71953" lon="7.79212">
        <ele>2004.07</ele>
        <time>2026-05-04T00:34:03.4250000+00:00</time>
      </trkpt>
      <trkpt lat="46.71955" lon="7.79218">
        <ele>2003.87</ele>
        <time>2026-05-04T00:34:09.4550000+00:00</time>
      </trkpt>
      <trkpt lat="46.71959" lon="7.79227">
        <ele>2003.82</ele>
        <time>2026-05-04T00:34:19.1490000+00:00</time>
      </trkpt>
      <trkpt lat="46.71962" lon="7.79233">
        <ele>2003.96</ele>
        <time>2026-05-04T00:34:25.8610000+00:00</time>
      </trkpt>
      <trkpt lat="46.71964" lon="7.79236">
        <ele>2004.15</ele>
        <time>2026-05-04T00:34:29.6440000+00:00</time>
      </trkpt>
      <trkpt lat="46.71968" lon="7.79242">
        <ele>2004.64</ele>
        <time>2026-05-04T00:34:37.2090000+00:00</time>
      </trkpt>
      <trkpt lat="46.71972" lon="7.79245">
        <ele>2005.31</ele>
        <time>2026-05-04T00:34:43.1380000+00:00</time>
      </trkpt>
      <trkpt lat="46.71976" lon="7.79249">
        <ele>2006.05</ele>
        <time>2026-05-04T00:34:49.5310000+00:00</time>
      </trkpt>
      <trkpt lat="46.7198" lon="7.79257">
        <ele>2006.94</ele>
        <time>2026-05-04T00:34:58.4800000+00:00</time>
      </trkpt>
      <trkpt lat="46.71984" lon="7.79261">
        <ele>2007.93</ele>
        <time>2026-05-04T00:35:04.8730000+00:00</time>
      </trkpt>
      <trkpt lat="46.71988" lon="7.79267">
        <ele>2009.08</ele>
        <time>2026-05-04T00:35:12.4370000+00:00</time>
      </trkpt>
      <trkpt lat="46.71988" lon="7.79271">
        <ele>2008.99</ele>
        <time>2026-05-04T00:35:16.0530000+00:00</time>
      </trkpt>
      <trkpt lat="46.7199" lon="7.79274">
        <ele>2009.44</ele>
        <time>2026-05-04T00:35:19.8370000+00:00</time>
      </trkpt>
      <trkpt lat="46.71994" lon="7.79276">
        <ele>2010.47</ele>
        <time>2026-05-04T00:35:25.4110000+00:00</time>
      </trkpt>
      <trkpt lat="46.71999" lon="7.79278">
        <ele>2011.82</ele>
        <time>2026-05-04T00:35:32.2460000+00:00</time>
      </trkpt>
      <trkpt lat="46.72003" lon="7.79282">
        <ele>2012.94</ele>
        <time>2026-05-04T00:35:38.6400000+00:00</time>
      </trkpt>
      <trkpt lat="46.72006" lon="7.79286">
        <ele>2013.83</ele>
        <time>2026-05-04T00:35:43.9980000+00:00</time>
      </trkpt>
      <trkpt lat="46.72008" lon="7.79293">
        <ele>2014.52</ele>
        <time>2026-05-04T00:35:50.8520000+00:00</time>
      </trkpt>
      <trkpt lat="46.72011" lon="7.79298">
        <ele>2015.55</ele>
        <time>2026-05-04T00:35:56.8570000+00:00</time>
      </trkpt>
      <trkpt lat="46.72015" lon="7.79301">
        <ele>2016.92</ele>
        <time>2026-05-04T00:36:02.7870000+00:00</time>
      </trkpt>
      <trkpt lat="46.7202" lon="7.79306">
        <ele>2018.75</ele>
        <time>2026-05-04T00:36:10.7800000+00:00</time>
      </trkpt>
      <trkpt lat="46.72022" lon="7.7931">
        <ele>2019.6</ele>
        <time>2026-05-04T00:36:15.2540000+00:00</time>
      </trkpt>
      <trkpt lat="46.72024" lon="7.79315">
        <ele>2020.32</ele>
        <time>2026-05-04T00:36:20.4850000+00:00</time>
      </trkpt>
      <trkpt lat="46.72033" lon="7.79322">
        <ele>2021.29</ele>
        <time>2026-05-04T00:36:33.9320000+00:00</time>
      </trkpt>
      <trkpt lat="46.72036" lon="7.79327">
        <ele>2022.04</ele>
        <time>2026-05-04T00:36:39.9360000+00:00</time>
      </trkpt>
      <trkpt lat="46.72039" lon="7.79332">
        <ele>2022.93</ele>
        <time>2026-05-04T00:36:45.9410000+00:00</time>
      </trkpt>
      <trkpt lat="46.72043" lon="7.79343">
        <ele>2024.95</ele>
        <time>2026-05-04T00:36:57.1950000+00:00</time>
      </trkpt>
      <trkpt lat="46.72049" lon="7.79351">
        <ele>2027.23</ele>
        <time>2026-05-04T00:37:07.9130000+00:00</time>
      </trkpt>
      <trkpt lat="46.72054" lon="7.79353">
        <ele>2028.23</ele>
        <time>2026-05-04T00:37:14.7480000+00:00</time>
      </trkpt>
      <trkpt lat="46.72059" lon="7.79356">
        <ele>2029.26</ele>
        <time>2026-05-04T00:37:21.8760000+00:00</time>
      </trkpt>
      <trkpt lat="46.72064" lon="7.79362">
        <ele>2030.36</ele>
        <time>2026-05-04T00:37:30.4120000+00:00</time>
      </trkpt>
      <trkpt lat="46.72071" lon="7.79368">
        <ele>2032.04</ele>
        <time>2026-05-04T00:37:41.1170000+00:00</time>
      </trkpt>
      <trkpt lat="46.72077" lon="7.79374">
        <ele>2033.63</ele>
        <time>2026-05-04T00:37:50.7080000+00:00</time>
      </trkpt>
      <trkpt lat="46.72079" lon="7.79385">
        <ele>2034.48</ele>
        <time>2026-05-04T00:38:00.9940000+00:00</time>
      </trkpt>
      <trkpt lat="46.72082" lon="7.79392">
        <ele>2035.56</ele>
        <time>2026-05-04T00:38:08.4550000+00:00</time>
      </trkpt>
      <trkpt lat="46.72083" lon="7.79393">
        <ele>2035.88</ele>
        <time>2026-05-04T00:38:10.0550000+00:00</time>
      </trkpt>
      <trkpt lat="46.72086" lon="7.79381">
        <ele>2036.18</ele>
        <time>2026-05-04T00:38:21.5980000+00:00</time>
      </trkpt>
      <trkpt lat="46.72089" lon="7.79384">
        <ele>2037.12</ele>
        <time>2026-05-04T00:38:26.3950000+00:00</time>
      </trkpt>
      <trkpt lat="46.72093" lon="7.79393">
        <ele>2038.72</ele>
        <time>2026-05-04T00:38:36.0880000+00:00</time>
      </trkpt>
      <trkpt lat="46.72093" lon="7.794">
        <ele>2039.13</ele>
        <time>2026-05-04T00:38:42.4140000+00:00</time>
      </trkpt>
      <trkpt lat="46.72098" lon="7.7941">
        <ele>2041.29</ele>
        <time>2026-05-04T00:38:53.6000000+00:00</time>
      </trkpt>
      <trkpt lat="46.72106" lon="7.79424">
        <ele>2044.98</ele>
        <time>2026-05-04T00:39:10.0710000+00:00</time>
      </trkpt>
      <trkpt lat="46.72109" lon="7.79437">
        <ele>2045.72</ele>
        <time>2026-05-04T00:39:22.4680000+00:00</time>
      </trkpt>
      <trkpt lat="46.7211" lon="7.79446">
        <ele>2044.74</ele>
        <time>2026-05-04T00:39:30.7090000+00:00</time>
      </trkpt>
      <trkpt lat="46.72113" lon="7.79451">
        <ele>2044.39</ele>
        <time>2026-05-04T00:39:36.7140000+00:00</time>
      </trkpt>
      <trkpt lat="46.72115" lon="7.79455">
        <ele>2044.12</ele>
        <time>2026-05-04T00:39:41.1890000+00:00</time>
      </trkpt>
      <trkpt lat="46.7212" lon="7.7946">
        <ele>2044.05</ele>
        <time>2026-05-04T00:39:49.1790000+00:00</time>
      </trkpt>
      <trkpt lat="46.72124" lon="7.79466">
        <ele>2043.89</ele>
        <time>2026-05-04T00:39:56.7430000+00:00</time>
      </trkpt>
      <trkpt lat="46.72127" lon="7.79468">
        <ele>2044.04</ele>
        <time>2026-05-04T00:40:01.0910000+00:00</time>
      </trkpt>
      <trkpt lat="46.72134" lon="7.79472">
        <ele>2044.52</ele>
        <time>2026-05-04T00:40:11.0010000+00:00</time>
      </trkpt>
      <trkpt lat="46.72137" lon="7.79473">
        <ele>2044.8</ele>
        <time>2026-05-04T00:40:15.0560000+00:00</time>
      </trkpt>
      <trkpt lat="46.7214" lon="7.79472">
        <ele>2045.19</ele>
        <time>2026-05-04T00:40:19.1150000+00:00</time>
      </trkpt>
      <trkpt lat="46.72144" lon="7.79471">
        <ele>2045.69</ele>
        <time>2026-05-04T00:40:24.4660000+00:00</time>
      </trkpt>
      <trkpt lat="46.72145" lon="7.79471">
        <ele>2045.8</ele>
        <time>2026-05-04T00:40:25.7830000+00:00</time>
      </trkpt>
      <trkpt lat="46.72149" lon="7.79475">
        <ele>2046.11</ele>
        <time>2026-05-04T00:40:32.1780000+00:00</time>
      </trkpt>
      <trkpt lat="46.72152" lon="7.79477">
        <ele>2046.41</ele>
        <time>2026-05-04T00:40:36.5270000+00:00</time>
      </trkpt>
      <trkpt lat="46.72156" lon="7.79481">
        <ele>2046.82</ele>
        <time>2026-05-04T00:40:42.9200000+00:00</time>
      </trkpt>
      <trkpt lat="46.72158" lon="7.79481">
        <ele>2047.09</ele>
        <time>2026-05-04T00:40:45.5550000+00:00</time>
      </trkpt>
      <trkpt lat="46.72161" lon="7.7948">
        <ele>2047.49</ele>
        <time>2026-05-04T00:40:49.6120000+00:00</time>
      </trkpt>
      <trkpt lat="46.72165" lon="7.79481">
        <ele>2048</ele>
        <time>2026-05-04T00:40:54.9610000+00:00</time>
      </trkpt>
      <trkpt lat="46.7217" lon="7.79484">
        <ele>2048.69</ele>
        <time>2026-05-04T00:41:02.0890000+00:00</time>
      </trkpt>
      <trkpt lat="46.72172" lon="7.79486">
        <ele>2048.98</ele>
        <time>2026-05-04T00:41:05.2870000+00:00</time>
      </trkpt>
      <trkpt lat="46.72176" lon="7.79489">
        <ele>2049.61</ele>
        <time>2026-05-04T00:41:11.2170000+00:00</time>
      </trkpt>
      <trkpt lat="46.72178" lon="7.79489">
        <ele>2049.91</ele>
        <time>2026-05-04T00:41:13.8570000+00:00</time>
      </trkpt>
      <trkpt lat="46.72182" lon="7.79487">
        <ele>2050.43</ele>
        <time>2026-05-04T00:41:19.4330000+00:00</time>
      </trkpt>
      <trkpt lat="46.72185" lon="7.79482">
        <ele>2050.67</ele>
        <time>2026-05-04T00:41:25.4400000+00:00</time>
      </trkpt>
      <trkpt lat="46.72189" lon="7.79481">
        <ele>2051.16</ele>
        <time>2026-05-04T00:41:30.7900000+00:00</time>
      </trkpt>
      <trkpt lat="46.72197" lon="7.79481">
        <ele>2046.38</ele>
        <time>2026-05-04T00:41:41.3370000+00:00</time>
      </trkpt>
      <trkpt lat="46.72202" lon="7.79481">
        <ele>2042.97</ele>
        <time>2026-05-04T00:41:47.9290000+00:00</time>
      </trkpt>
      <trkpt lat="46.72209" lon="7.79482">
        <ele>2038.31</ele>
        <time>2026-05-04T00:41:57.2020000+00:00</time>
      </trkpt>
      <trkpt lat="46.72214" lon="7.79485">
        <ele>2035.32</ele>
        <time>2026-05-04T00:42:04.3280000+00:00</time>
      </trkpt>
      <trkpt lat="46.72218" lon="7.79489">
        <ele>2033.25</ele>
        <time>2026-05-04T00:42:10.7210000+00:00</time>
      </trkpt>
      <trkpt lat="46.72227" lon="7.79495">
        <ele>2028.45</ele>
        <time>2026-05-04T00:42:23.7660000+00:00</time>
      </trkpt>
      <trkpt lat="46.7223" lon="7.79502">
        <ele>2027.91</ele>
        <time>2026-05-04T00:42:31.2270000+00:00</time>
      </trkpt>
      <trkpt lat="46.72233" lon="7.79509">
        <ele>2027.51</ele>
        <time>2026-05-04T00:42:38.6880000+00:00</time>
      </trkpt>
      <trkpt lat="46.72238" lon="7.79517">
        <ele>2026.38</ele>
        <time>2026-05-04T00:42:48.4720000+00:00</time>
      </trkpt>
      <trkpt lat="46.72242" lon="7.79522">
        <ele>2024.5</ele>
        <time>2026-05-04T00:42:55.4160000+00:00</time>
      </trkpt>
      <trkpt lat="46.72246" lon="7.7953">
        <ele>2023.11</ele>
        <time>2026-05-04T00:43:04.3640000+00:00</time>
      </trkpt>
      <trkpt lat="46.72249" lon="7.79535">
        <ele>2022.22</ele>
        <time>2026-05-04T00:43:10.3700000+00:00</time>
      </trkpt>
      <trkpt lat="46.72251" lon="7.79538">
        <ele>2021.69</ele>
        <time>2026-05-04T00:43:14.1540000+00:00</time>
      </trkpt>
      <trkpt lat="46.72254" lon="7.79546">
        <ele>2021.5</ele>
        <time>2026-05-04T00:43:22.3950000+00:00</time>
      </trkpt>
      <trkpt lat="46.72258" lon="7.79553">
        <ele>2021.12</ele>
        <time>2026-05-04T00:43:30.6310000+00:00</time>
      </trkpt>
      <trkpt lat="46.72262" lon="7.79559">
        <ele>2020.89</ele>
        <time>2026-05-04T00:43:38.1950000+00:00</time>
      </trkpt>
      <trkpt lat="46.72267" lon="7.79567">
        <ele>2021.12</ele>
        <time>2026-05-04T00:43:47.9790000+00:00</time>
      </trkpt>
      <trkpt lat="46.7227" lon="7.79572">
        <ele>2021.54</ele>
        <time>2026-05-04T00:43:53.9840000+00:00</time>
      </trkpt>
      <trkpt lat="46.72272" lon="7.7958">
        <ele>2023.06</ele>
        <time>2026-05-04T00:44:01.6790000+00:00</time>
      </trkpt>
      <trkpt lat="46.72272" lon="7.79587">
        <ele>2024.78</ele>
        <time>2026-05-04T00:44:08.0060000+00:00</time>
      </trkpt>
      <trkpt lat="46.72273" lon="7.79596">
        <ele>2026.92</ele>
        <time>2026-05-04T00:44:16.2470000+00:00</time>
      </trkpt>
      <trkpt lat="46.72274" lon="7.79599">
        <ele>2026.91</ele>
        <time>2026-05-04T00:44:19.2630000+00:00</time>
      </trkpt>
      <trkpt lat="46.72275" lon="7.796">
        <ele>2026.32</ele>
        <time>2026-05-04T00:44:20.8630000+00:00</time>
      </trkpt>
      <trkpt lat="46.72279" lon="7.79598">
        <ele>2022.45</ele>
        <time>2026-05-04T00:44:26.4360000+00:00</time>
      </trkpt>
      <trkpt lat="46.72281" lon="7.79605">
        <ele>2021.45</ele>
        <time>2026-05-04T00:44:33.2900000+00:00</time>
      </trkpt>
      <trkpt lat="46.72282" lon="7.79609">
        <ele>2020.74</ele>
        <time>2026-05-04T00:44:37.1370000+00:00</time>
      </trkpt>
      <trkpt lat="46.72286" lon="7.7962">
        <ele>2018.08</ele>
        <time>2026-05-04T00:44:48.3910000+00:00</time>
      </trkpt>
      <trkpt lat="46.72287" lon="7.79628">
        <ele>2017.76</ele>
        <time>2026-05-04T00:44:55.7400000+00:00</time>
      </trkpt>
      <trkpt lat="46.72288" lon="7.79633">
        <ele>2017.36</ele>
        <time>2026-05-04T00:45:00.4480000+00:00</time>
      </trkpt>
      <trkpt lat="46.7229" lon="7.79629">
        <ele>2015.76</ele>
        <time>2026-05-04T00:45:04.9220000+00:00</time>
      </trkpt>
      <trkpt lat="46.72291" lon="7.79626">
        <ele>2014.86</ele>
        <time>2026-05-04T00:45:07.9380000+00:00</time>
      </trkpt>
      <trkpt lat="46.72294" lon="7.79632">
        <ele>2013.3</ele>
        <time>2026-05-04T00:45:14.6500000+00:00</time>
      </trkpt>
      <trkpt lat="46.72296" lon="7.79635">
        <ele>2012.27</ele>
        <time>2026-05-04T00:45:18.4340000+00:00</time>
      </trkpt>
      <trkpt lat="46.72303" lon="7.79644">
        <ele>2008.97</ele>
        <time>2026-05-04T00:45:30.7350000+00:00</time>
      </trkpt>
      <trkpt lat="46.72306" lon="7.79653">
        <ele>2008.58</ele>
        <time>2026-05-04T00:45:39.7790000+00:00</time>
      </trkpt>
      <trkpt lat="46.72308" lon="7.79662">
        <ele>2008.98</ele>
        <time>2026-05-04T00:45:48.3290000+00:00</time>
      </trkpt>
      <trkpt lat="46.72311" lon="7.79671">
        <ele>2009.12</ele>
        <time>2026-05-04T00:45:57.3750000+00:00</time>
      </trkpt>
      <trkpt lat="46.72316" lon="7.79681">
        <ele>2008.97</ele>
        <time>2026-05-04T00:46:08.5610000+00:00</time>
      </trkpt>
      <trkpt lat="46.72319" lon="7.79688">
        <ele>2007.4</ele>
        <time>2026-05-04T00:46:16.0220000+00:00</time>
      </trkpt>
      <trkpt lat="46.72323" lon="7.79695">
        <ele>2004.55</ele>
        <time>2026-05-04T00:46:24.2580000+00:00</time>
      </trkpt>
      <trkpt lat="46.72325" lon="7.797">
        <ele>2002.94</ele>
        <time>2026-05-04T00:46:29.4910000+00:00</time>
      </trkpt>
      <trkpt lat="46.72328" lon="7.79703">
        <ele>2001.5</ele>
        <time>2026-05-04T00:46:34.2880000+00:00</time>
      </trkpt>
      <trkpt lat="46.7233" lon="7.79708">
        <ele>2000.1</ele>
        <time>2026-05-04T00:46:39.5190000+00:00</time>
      </trkpt>
      <trkpt lat="46.72336" lon="7.79722">
        <ele>1996.61</ele>
        <time>2026-05-04T00:46:54.4410000+00:00</time>
      </trkpt>
      <trkpt lat="46.72338" lon="7.7973">
        <ele>1995.21</ele>
        <time>2026-05-04T00:47:02.1360000+00:00</time>
      </trkpt>
      <trkpt lat="46.72338" lon="7.79736">
        <ele>1994.45</ele>
        <time>2026-05-04T00:47:07.5570000+00:00</time>
      </trkpt>
      <trkpt lat="46.72342" lon="7.79739">
        <ele>1993.62</ele>
        <time>2026-05-04T00:47:13.4880000+00:00</time>
      </trkpt>
      <trkpt lat="46.72344" lon="7.79741">
        <ele>1993.2</ele>
        <time>2026-05-04T00:47:16.6830000+00:00</time>
      </trkpt>
      <trkpt lat="46.7235" lon="7.79743">
        <ele>1992.45</ele>
        <time>2026-05-04T00:47:24.7980000+00:00</time>
      </trkpt>
      <trkpt lat="46.72353" lon="7.79748">
        <ele>1991.91</ele>
        <time>2026-05-04T00:47:30.8030000+00:00</time>
      </trkpt>
      <trkpt lat="46.72356" lon="7.7975">
        <ele>1991.63</ele>
        <time>2026-05-04T00:47:35.1510000+00:00</time>
      </trkpt>
      <trkpt lat="46.7236" lon="7.79757">
        <ele>1992.2</ele>
        <time>2026-05-04T00:47:43.3870000+00:00</time>
      </trkpt>
      <trkpt lat="46.72359" lon="7.79765">
        <ele>1991.67</ele>
        <time>2026-05-04T00:47:50.7360000+00:00</time>
      </trkpt>
      <trkpt lat="46.7236" lon="7.79767">
        <ele>1991.77</ele>
        <time>2026-05-04T00:47:52.9730000+00:00</time>
      </trkpt>
      <trkpt lat="46.7236" lon="7.79769">
        <ele>1990.88</ele>
        <time>2026-05-04T00:47:54.7770000+00:00</time>
      </trkpt>
      <trkpt lat="46.72362" lon="7.7977">
        <ele>1990.89</ele>
        <time>2026-05-04T00:47:57.5620000+00:00</time>
      </trkpt>
      <trkpt lat="46.72363" lon="7.79768">
        <ele>1992.01</ele>
        <time>2026-05-04T00:47:59.7990000+00:00</time>
      </trkpt>
      <trkpt lat="46.72366" lon="7.79764">
        <ele>1993.31</ele>
        <time>2026-05-04T00:48:05.1570000+00:00</time>
      </trkpt>
      <trkpt lat="46.72367" lon="7.79767">
        <ele>1993.36</ele>
        <time>2026-05-04T00:48:08.1710000+00:00</time>
      </trkpt>
      <trkpt lat="46.72369" lon="7.79775">
        <ele>1990.28</ele>
        <time>2026-05-04T00:48:15.8670000+00:00</time>
      </trkpt>
      <trkpt lat="46.72371" lon="7.79777">
        <ele>1989.85</ele>
        <time>2026-05-04T00:48:19.0630000+00:00</time>
      </trkpt>
      <trkpt lat="46.72372" lon="7.79782">
        <ele>1987.87</ele>
        <time>2026-05-04T00:48:23.7700000+00:00</time>
      </trkpt>
      <trkpt lat="46.72376" lon="7.79786">
        <ele>1987.03</ele>
        <time>2026-05-04T00:48:30.1640000+00:00</time>
      </trkpt>
      <trkpt lat="46.7238" lon="7.79788">
        <ele>1987.07</ele>
        <time>2026-05-04T00:48:35.7390000+00:00</time>
      </trkpt>
      <trkpt lat="46.72381" lon="7.79784">
        <ele>1989.07</ele>
        <time>2026-05-04T00:48:39.5870000+00:00</time>
      </trkpt>
      <trkpt lat="46.7238" lon="7.7978">
        <ele>1990.6</ele>
        <time>2026-05-04T00:48:43.4350000+00:00</time>
      </trkpt>
      <trkpt lat="46.72382" lon="7.7978">
        <ele>1991.06</ele>
        <time>2026-05-04T00:48:46.0750000+00:00</time>
      </trkpt>
      <trkpt lat="46.72384" lon="7.79782">
        <ele>1990.64</ele>
        <time>2026-05-04T00:48:49.2730000+00:00</time>
      </trkpt>
      <trkpt lat="46.72385" lon="7.79781">
        <ele>1991.31</ele>
        <time>2026-05-04T00:48:50.8720000+00:00</time>
      </trkpt>
      <trkpt lat="46.72385" lon="7.7978">
        <ele>1991.75</ele>
        <time>2026-05-04T00:48:51.7730000+00:00</time>
      </trkpt>
      <trkpt lat="46.72384" lon="7.79776">
        <ele>1993.28</ele>
        <time>2026-05-04T00:48:55.6200000+00:00</time>
      </trkpt>
      <trkpt lat="46.72384" lon="7.79774">
        <ele>1994.16</ele>
        <time>2026-05-04T00:48:57.4310000+00:00</time>
      </trkpt>
      <trkpt lat="46.72385" lon="7.79773">
        <ele>1994.83</ele>
        <time>2026-05-04T00:48:59.0310000+00:00</time>
      </trkpt>
      <trkpt lat="46.72387" lon="7.79775">
        <ele>1994.41</ele>
        <time>2026-05-04T00:49:02.2260000+00:00</time>
      </trkpt>
      <trkpt lat="46.7239" lon="7.79775">
        <ele>1995.1</ele>
        <time>2026-05-04T00:49:06.1800000+00:00</time>
      </trkpt>
      <trkpt lat="46.72394" lon="7.79774">
        <ele>1996.45</ele>
        <time>2026-05-04T00:49:11.5290000+00:00</time>
      </trkpt>
      <trkpt lat="46.72398" lon="7.79774">
        <ele>1997.37</ele>
        <time>2026-05-04T00:49:16.8020000+00:00</time>
      </trkpt>
      <trkpt lat="46.72401" lon="7.79773">
        <ele>1998.5</ele>
        <time>2026-05-04T00:49:20.8610000+00:00</time>
      </trkpt>
      <trkpt lat="46.72404" lon="7.79773">
        <ele>1999.18</ele>
        <time>2026-05-04T00:49:24.8180000+00:00</time>
      </trkpt>
      <trkpt lat="46.72408" lon="7.79772">
        <ele>2000.54</ele>
        <time>2026-05-04T00:49:30.1690000+00:00</time>
      </trkpt>
      <trkpt lat="46.72412" lon="7.7977">
        <ele>2002.32</ele>
        <time>2026-05-04T00:49:35.7450000+00:00</time>
      </trkpt>
      <trkpt lat="46.72416" lon="7.7977">
        <ele>2003.24</ele>
        <time>2026-05-04T00:49:41.0180000+00:00</time>
      </trkpt>
      <trkpt lat="46.7242" lon="7.7977">
        <ele>2004.15</ele>
        <time>2026-05-04T00:49:46.2930000+00:00</time>
      </trkpt>
      <trkpt lat="46.72424" lon="7.79771">
        <ele>2004.63</ele>
        <time>2026-05-04T00:49:51.6440000+00:00</time>
      </trkpt>
      <trkpt lat="46.7243" lon="7.79774">
        <ele>2004.71</ele>
        <time>2026-05-04T00:50:00.0060000+00:00</time>
      </trkpt>
      <trkpt lat="46.72435" lon="7.79777">
        <ele>2004.55</ele>
        <time>2026-05-04T00:50:07.1330000+00:00</time>
      </trkpt>
      <trkpt lat="46.72439" lon="7.79779">
        <ele>2004.61</ele>
        <time>2026-05-04T00:50:12.7090000+00:00</time>
      </trkpt>
      <trkpt lat="46.72441" lon="7.7978">
        <ele>2004.35</ele>
        <time>2026-05-04T00:50:15.4980000+00:00</time>
      </trkpt>
      <trkpt lat="46.72444" lon="7.79782">
        <ele>2003.6</ele>
        <time>2026-05-04T00:50:19.8490000+00:00</time>
      </trkpt>
      <trkpt lat="46.72447" lon="7.79785">
        <ele>2002.55</ele>
        <time>2026-05-04T00:50:24.6450000+00:00</time>
      </trkpt>
      <trkpt lat="46.72448" lon="7.79787">
        <ele>2001.86</ele>
        <time>2026-05-04T00:50:26.8850000+00:00</time>
      </trkpt>
      <trkpt lat="46.72449" lon="7.79789">
        <ele>2001.19</ele>
        <time>2026-05-04T00:50:29.1250000+00:00</time>
      </trkpt>
      <trkpt lat="46.72452" lon="7.79792">
        <ele>2000.39</ele>
        <time>2026-05-04T00:50:33.9200000+00:00</time>
      </trkpt>
      <trkpt lat="46.72454" lon="7.79795">
        <ele>1999.6</ele>
        <time>2026-05-04T00:50:37.7010000+00:00</time>
      </trkpt>
      <trkpt lat="46.72458" lon="7.79798">
        <ele>1999.17</ele>
        <time>2026-05-04T00:50:43.6290000+00:00</time>
      </trkpt>
      <trkpt lat="46.72461" lon="7.798">
        <ele>1999.03</ele>
        <time>2026-05-04T00:50:47.9770000+00:00</time>
      </trkpt>
      <trkpt lat="46.72464" lon="7.79802">
        <ele>1998.98</ele>
        <time>2026-05-04T00:50:52.3260000+00:00</time>
      </trkpt>
      <trkpt lat="46.72469" lon="7.79804">
        <ele>1999.38</ele>
        <time>2026-05-04T00:50:59.1610000+00:00</time>
      </trkpt>
      <trkpt lat="46.72472" lon="7.79805">
        <ele>1999.72</ele>
        <time>2026-05-04T00:51:03.2170000+00:00</time>
      </trkpt>
      <trkpt lat="46.72476" lon="7.79806">
        <ele>2000.31</ele>
        <time>2026-05-04T00:51:08.5670000+00:00</time>
      </trkpt>
      <trkpt lat="46.72478" lon="7.79808">
        <ele>2000.38</ele>
        <time>2026-05-04T00:51:11.7670000+00:00</time>
      </trkpt>
      <trkpt lat="46.7248" lon="7.79812">
        <ele>2000.19</ele>
        <time>2026-05-04T00:51:16.2410000+00:00</time>
      </trkpt>
      <trkpt lat="46.72481" lon="7.79815">
        <ele>1999.99</ele>
        <time>2026-05-04T00:51:19.2570000+00:00</time>
      </trkpt>
      <trkpt lat="46.72482" lon="7.79818">
        <ele>1999.84</ele>
        <time>2026-05-04T00:51:22.2730000+00:00</time>
      </trkpt>
      <trkpt lat="46.72485" lon="7.7982">
        <ele>2000.45</ele>
        <time>2026-05-04T00:51:26.6210000+00:00</time>
      </trkpt>
      <trkpt lat="46.72488" lon="7.79822">
        <ele>2001.14</ele>
        <time>2026-05-04T00:51:30.9690000+00:00</time>
      </trkpt>
      <trkpt lat="46.72493" lon="7.79827">
        <ele>2002.37</ele>
        <time>2026-05-04T00:51:38.9600000+00:00</time>
      </trkpt>
      <trkpt lat="46.72496" lon="7.79827">
        <ele>2003.41</ele>
        <time>2026-05-04T00:51:42.9160000+00:00</time>
      </trkpt>
      <trkpt lat="46.72498" lon="7.7983">
        <ele>2004.01</ele>
        <time>2026-05-04T00:51:46.6960000+00:00</time>
      </trkpt>
      <trkpt lat="46.72501" lon="7.79833">
        <ele>2005.08</ele>
        <time>2026-05-04T00:51:51.4900000+00:00</time>
      </trkpt>
      <trkpt lat="46.72504" lon="7.79834">
        <ele>2006.25</ele>
        <time>2026-05-04T00:51:55.5470000+00:00</time>
      </trkpt>
      <trkpt lat="46.72508" lon="7.79837">
        <ele>2007.95</ele>
        <time>2026-05-04T00:52:01.4770000+00:00</time>
      </trkpt>
      <trkpt lat="46.72513" lon="7.79839">
        <ele>2010.17</ele>
        <time>2026-05-04T00:52:08.3130000+00:00</time>
      </trkpt>
      <trkpt lat="46.72517" lon="7.79841">
        <ele>2012.08</ele>
        <time>2026-05-04T00:52:13.8890000+00:00</time>
      </trkpt>
      <trkpt lat="46.72522" lon="7.79843">
        <ele>2014.56</ele>
        <time>2026-05-04T00:52:20.7240000+00:00</time>
      </trkpt>
      <trkpt lat="46.72527" lon="7.79843">
        <ele>2013.82</ele>
        <time>2026-05-04T00:52:27.3160000+00:00</time>
      </trkpt>
      <trkpt lat="46.72528" lon="7.79845">
        <ele>2013.85</ele>
        <time>2026-05-04T00:52:29.5500000+00:00</time>
      </trkpt>
      <trkpt lat="46.72532" lon="7.79848">
        <ele>2013.24</ele>
        <time>2026-05-04T00:52:35.4810000+00:00</time>
      </trkpt>
      <trkpt lat="46.72534" lon="7.79851">
        <ele>2012.91</ele>
        <time>2026-05-04T00:52:39.2640000+00:00</time>
      </trkpt>
      <trkpt lat="46.72536" lon="7.79853">
        <ele>2012.05</ele>
        <time>2026-05-04T00:52:42.4600000+00:00</time>
      </trkpt>
      <trkpt lat="46.72539" lon="7.79856">
        <ele>2010.81</ele>
        <time>2026-05-04T00:52:47.2540000+00:00</time>
      </trkpt>
      <trkpt lat="46.72541" lon="7.7986">
        <ele>2009.74</ele>
        <time>2026-05-04T00:52:51.7290000+00:00</time>
      </trkpt>
      <trkpt lat="46.72544" lon="7.79864">
        <ele>2008.53</ele>
        <time>2026-05-04T00:52:57.0890000+00:00</time>
      </trkpt>
      <trkpt lat="46.72546" lon="7.79866">
        <ele>2007.86</ele>
        <time>2026-05-04T00:53:00.2880000+00:00</time>
      </trkpt>
      <trkpt lat="46.72551" lon="7.7987">
        <ele>2006.46</ele>
        <time>2026-05-04T00:53:07.8060000+00:00</time>
      </trkpt>
      <trkpt lat="46.72555" lon="7.79872">
        <ele>2005.56</ele>
        <time>2026-05-04T00:53:13.3810000+00:00</time>
      </trkpt>
      <trkpt lat="46.72557" lon="7.79876">
        <ele>2004.9</ele>
        <time>2026-05-04T00:53:17.8550000+00:00</time>
      </trkpt>
      <trkpt lat="46.72558" lon="7.7988">
        <ele>2004.45</ele>
        <time>2026-05-04T00:53:21.7030000+00:00</time>
      </trkpt>
      <trkpt lat="46.72559" lon="7.79883">
        <ele>2004.1</ele>
        <time>2026-05-04T00:53:24.7170000+00:00</time>
      </trkpt>
      <trkpt lat="46.72563" lon="7.79884">
        <ele>2003.55</ele>
        <time>2026-05-04T00:53:30.0670000+00:00</time>
      </trkpt>
      <trkpt lat="46.72566" lon="7.79884">
        <ele>2003.2</ele>
        <time>2026-05-04T00:53:34.0210000+00:00</time>
      </trkpt>
      <trkpt lat="46.7257" lon="7.79886">
        <ele>2002.68</ele>
        <time>2026-05-04T00:53:39.5940000+00:00</time>
      </trkpt>
      <trkpt lat="46.72575" lon="7.79888">
        <ele>2002.13</ele>
        <time>2026-05-04T00:53:46.4300000+00:00</time>
      </trkpt>
      <trkpt lat="46.72577" lon="7.79889">
        <ele>2001.94</ele>
        <time>2026-05-04T00:53:49.2170000+00:00</time>
      </trkpt>
      <trkpt lat="46.72583" lon="7.79892">
        <ele>2001.45</ele>
        <time>2026-05-04T00:53:57.5790000+00:00</time>
      </trkpt>
      <trkpt lat="46.72587" lon="7.79896">
        <ele>2001.32</ele>
        <time>2026-05-04T00:54:03.9720000+00:00</time>
      </trkpt>
      <trkpt lat="46.72591" lon="7.799">
        <ele>2001.32</ele>
        <time>2026-05-04T00:54:10.3650000+00:00</time>
      </trkpt>
      <trkpt lat="46.72594" lon="7.79905">
        <ele>2001.58</ele>
        <time>2026-05-04T00:54:16.3690000+00:00</time>
      </trkpt>
      <trkpt lat="46.72596" lon="7.79914">
        <ele>2002.31</ele>
        <time>2026-05-04T00:54:24.9190000+00:00</time>
      </trkpt>
      <trkpt lat="46.72598" lon="7.79921">
        <ele>2003.02</ele>
        <time>2026-05-04T00:54:31.7730000+00:00</time>
      </trkpt>
      <trkpt lat="46.72602" lon="7.7993">
        <ele>2004.21</ele>
        <time>2026-05-04T00:54:41.4660000+00:00</time>
      </trkpt>
      <trkpt lat="46.72606" lon="7.7994">
        <ele>2006.01</ele>
        <time>2026-05-04T00:54:51.9300000+00:00</time>
      </trkpt>
      <trkpt lat="46.72608" lon="7.79944">
        <ele>2005.42</ele>
        <time>2026-05-04T00:54:56.4040000+00:00</time>
      </trkpt>
      <trkpt lat="46.72609" lon="7.79949">
        <ele>2005.6</ele>
        <time>2026-05-04T00:55:01.1100000+00:00</time>
      </trkpt>
      <trkpt lat="46.7261" lon="7.79953">
        <ele>2005.64</ele>
        <time>2026-05-04T00:55:04.9570000+00:00</time>
      </trkpt>
      <trkpt lat="46.72615" lon="7.79956">
        <ele>2003.08</ele>
        <time>2026-05-04T00:55:12.0840000+00:00</time>
      </trkpt>
      <trkpt lat="46.72619" lon="7.79964">
        <ele>2002.34</ele>
        <time>2026-05-04T00:55:21.0330000+00:00</time>
      </trkpt>
      <trkpt lat="46.72623" lon="7.79972">
        <ele>2001.9</ele>
        <time>2026-05-04T00:55:29.9820000+00:00</time>
      </trkpt>
      <trkpt lat="46.72625" lon="7.7998">
        <ele>2002.76</ele>
        <time>2026-05-04T00:55:37.6790000+00:00</time>
      </trkpt>
      <trkpt lat="46.72626" lon="7.79983">
        <ele>2002.99</ele>
        <time>2026-05-04T00:55:40.6950000+00:00</time>
      </trkpt>
      <trkpt lat="46.72627" lon="7.79988">
        <ele>2003.76</ele>
        <time>2026-05-04T00:55:45.4020000+00:00</time>
      </trkpt>
      <trkpt lat="46.72628" lon="7.79992">
        <ele>2004.32</ele>
        <time>2026-05-04T00:55:49.2520000+00:00</time>
      </trkpt>
      <trkpt lat="46.7263" lon="7.79996">
        <ele>2004.49</ele>
        <time>2026-05-04T00:55:53.7270000+00:00</time>
      </trkpt>
      <trkpt lat="46.72633" lon="7.8">
        <ele>2004.31</ele>
        <time>2026-05-04T00:55:59.0850000+00:00</time>
      </trkpt>
      <trkpt lat="46.72636" lon="7.80004">
        <ele>2004.25</ele>
        <time>2026-05-04T00:56:04.4430000+00:00</time>
      </trkpt>
      <trkpt lat="46.72638" lon="7.80006">
        <ele>2004.06</ele>
        <time>2026-05-04T00:56:07.6380000+00:00</time>
      </trkpt>
      <trkpt lat="46.72639" lon="7.8001">
        <ele>2004.91</ele>
        <time>2026-05-04T00:56:11.4850000+00:00</time>
      </trkpt>
      <trkpt lat="46.7264" lon="7.80014">
        <ele>2005.79</ele>
        <time>2026-05-04T00:56:15.3320000+00:00</time>
      </trkpt>
      <trkpt lat="46.72642" lon="7.80017">
        <ele>2005.91</ele>
        <time>2026-05-04T00:56:19.1140000+00:00</time>
      </trkpt>
      <trkpt lat="46.72644" lon="7.80022">
        <ele>2004.7</ele>
        <time>2026-05-04T00:56:24.3450000+00:00</time>
      </trkpt>
      <trkpt lat="46.72645" lon="7.80023">
        <ele>2004.29</ele>
        <time>2026-05-04T00:56:25.9450000+00:00</time>
      </trkpt>
      <trkpt lat="46.72647" lon="7.80024">
        <ele>2003.61</ele>
        <time>2026-05-04T00:56:28.7340000+00:00</time>
      </trkpt>
      <trkpt lat="46.7265" lon="7.80024">
        <ele>2002.74</ele>
        <time>2026-05-04T00:56:32.6880000+00:00</time>
      </trkpt>
      <trkpt lat="46.72654" lon="7.80028">
        <ele>2001.41</ele>
        <time>2026-05-04T00:56:39.0810000+00:00</time>
      </trkpt>
      <trkpt lat="46.72657" lon="7.80032">
        <ele>2000.51</ele>
        <time>2026-05-04T00:56:44.4410000+00:00</time>
      </trkpt>
      <trkpt lat="46.7266" lon="7.80038">
        <ele>1999.75</ele>
        <time>2026-05-04T00:56:51.1530000+00:00</time>
      </trkpt>
      <trkpt lat="46.72663" lon="7.80045">
        <ele>1999.24</ele>
        <time>2026-05-04T00:56:58.6130000+00:00</time>
      </trkpt>
      <trkpt lat="46.72666" lon="7.80054">
        <ele>1999.05</ele>
        <time>2026-05-04T00:57:07.6570000+00:00</time>
      </trkpt>
      <trkpt lat="46.72668" lon="7.80062">
        <ele>1999.21</ele>
        <time>2026-05-04T00:57:15.3530000+00:00</time>
      </trkpt>
      <trkpt lat="46.72671" lon="7.80069">
        <ele>1999.51</ele>
        <time>2026-05-04T00:57:22.8130000+00:00</time>
      </trkpt>
      <trkpt lat="46.72674" lon="7.80073">
        <ele>1999.82</ele>
        <time>2026-05-04T00:57:28.1710000+00:00</time>
      </trkpt>
      <trkpt lat="46.72677" lon="7.80078">
        <ele>2000.39</ele>
        <time>2026-05-04T00:57:34.1780000+00:00</time>
      </trkpt>
      <trkpt lat="46.72679" lon="7.80082">
        <ele>2000.95</ele>
        <time>2026-05-04T00:57:38.6530000+00:00</time>
      </trkpt>
      <trkpt lat="46.72682" lon="7.80083">
        <ele>2001.32</ele>
        <time>2026-05-04T00:57:42.7100000+00:00</time>
      </trkpt>
      <trkpt lat="46.72686" lon="7.80087">
        <ele>2002.3</ele>
        <time>2026-05-04T00:57:49.1040000+00:00</time>
      </trkpt>
      <trkpt lat="46.72689" lon="7.8009">
        <ele>2003.16</ele>
        <time>2026-05-04T00:57:53.8980000+00:00</time>
      </trkpt>
      <trkpt lat="46.72692" lon="7.80092">
        <ele>2004.46</ele>
        <time>2026-05-04T00:57:58.2460000+00:00</time>
      </trkpt>
      <trkpt lat="46.72695" lon="7.80094">
        <ele>2005.88</ele>
        <time>2026-05-04T00:58:02.5930000+00:00</time>
      </trkpt>
      <trkpt lat="46.72697" lon="7.80096">
        <ele>2006.97</ele>
        <time>2026-05-04T00:58:05.7890000+00:00</time>
      </trkpt>
      <trkpt lat="46.727" lon="7.801">
        <ele>2008.77</ele>
        <time>2026-05-04T00:58:11.1470000+00:00</time>
      </trkpt>
      <trkpt lat="46.72701" lon="7.80102">
        <ele>2008.2</ele>
        <time>2026-05-04T00:58:13.3840000+00:00</time>
      </trkpt>
      <trkpt lat="46.72703" lon="7.80104">
        <ele>2008.01</ele>
        <time>2026-05-04T00:58:16.5800000+00:00</time>
      </trkpt>
      <trkpt lat="46.72706" lon="7.80104">
        <ele>2009.12</ele>
        <time>2026-05-04T00:58:20.5330000+00:00</time>
      </trkpt>
      <trkpt lat="46.72711" lon="7.80104">
        <ele>2010.97</ele>
        <time>2026-05-04T00:58:27.1260000+00:00</time>
      </trkpt>
      <trkpt lat="46.72712" lon="7.80106">
        <ele>2010.46</ele>
        <time>2026-05-04T00:58:29.3630000+00:00</time>
      </trkpt>
      <trkpt lat="46.72714" lon="7.80107">
        <ele>2010.77</ele>
        <time>2026-05-04T00:58:32.1490000+00:00</time>
      </trkpt>
      <trkpt lat="46.72716" lon="7.80109">
        <ele>2010.66</ele>
        <time>2026-05-04T00:58:35.3470000+00:00</time>
      </trkpt>
      <trkpt lat="46.7272" lon="7.80112">
        <ele>2010.92</ele>
        <time>2026-05-04T00:58:41.2770000+00:00</time>
      </trkpt>
      <trkpt lat="46.72724" lon="7.80116">
        <ele>2010.82</ele>
        <time>2026-05-04T00:58:47.6700000+00:00</time>
      </trkpt>
      <trkpt lat="46.72728" lon="7.80119">
        <ele>2011.2</ele>
        <time>2026-05-04T00:58:53.6010000+00:00</time>
      </trkpt>
      <trkpt lat="46.72732" lon="7.80123">
        <ele>2011.24</ele>
        <time>2026-05-04T00:58:59.9940000+00:00</time>
      </trkpt>
      <trkpt lat="46.72735" lon="7.80125">
        <ele>2011.71</ele>
        <time>2026-05-04T00:59:04.3420000+00:00</time>
      </trkpt>
      <trkpt lat="46.72738" lon="7.8013">
        <ele>2011.06</ele>
        <time>2026-05-04T00:59:10.3460000+00:00</time>
      </trkpt>
      <trkpt lat="46.7274" lon="7.80133">
        <ele>2010.79</ele>
        <time>2026-05-04T00:59:14.1280000+00:00</time>
      </trkpt>
      <trkpt lat="46.72743" lon="7.80136">
        <ele>2011</ele>
        <time>2026-05-04T00:59:18.9250000+00:00</time>
      </trkpt>
      <trkpt lat="46.72745" lon="7.80138">
        <ele>2011.16</ele>
        <time>2026-05-04T00:59:22.1220000+00:00</time>
      </trkpt>
      <trkpt lat="46.72746" lon="7.80139">
        <ele>2011.24</ele>
        <time>2026-05-04T00:59:23.7220000+00:00</time>
      </trkpt>
      <trkpt lat="46.7275" lon="7.80139">
        <ele>2013.04</ele>
        <time>2026-05-04T00:59:28.9960000+00:00</time>
      </trkpt>
      <trkpt lat="46.72752" lon="7.8014">
        <ele>2013.6</ele>
        <time>2026-05-04T00:59:31.7820000+00:00</time>
      </trkpt>
      <trkpt lat="46.72754" lon="7.80141">
        <ele>2014.16</ele>
        <time>2026-05-04T00:59:34.5710000+00:00</time>
      </trkpt>
      <trkpt lat="46.72756" lon="7.80143">
        <ele>2014.39</ele>
        <time>2026-05-04T00:59:37.7670000+00:00</time>
      </trkpt>
      <trkpt lat="46.72758" lon="7.80145">
        <ele>2014.64</ele>
        <time>2026-05-04T00:59:40.9620000+00:00</time>
      </trkpt>
      <trkpt lat="46.7276" lon="7.80147">
        <ele>2014.91</ele>
        <time>2026-05-04T00:59:44.1600000+00:00</time>
      </trkpt>
      <trkpt lat="46.72763" lon="7.80149">
        <ele>2015.67</ele>
        <time>2026-05-04T00:59:48.5110000+00:00</time>
      </trkpt>
      <trkpt lat="46.72765" lon="7.80151">
        <ele>2015.99</ele>
        <time>2026-05-04T00:59:51.7080000+00:00</time>
      </trkpt>
      <trkpt lat="46.72771" lon="7.80152">
        <ele>2018.55</ele>
        <time>2026-05-04T00:59:59.6690000+00:00</time>
      </trkpt>
      <trkpt lat="46.72775" lon="7.80154">
        <ele>2018.04</ele>
        <time>2026-05-04T01:00:05.2440000+00:00</time>
      </trkpt>
      <trkpt lat="46.72778" lon="7.80159">
        <ele>2015.54</ele>
        <time>2026-05-04T01:00:11.2500000+00:00</time>
      </trkpt>
      <trkpt lat="46.7278" lon="7.80162">
        <ele>2013.95</ele>
        <time>2026-05-04T01:00:15.0320000+00:00</time>
      </trkpt>
      <trkpt lat="46.72785" lon="7.80166">
        <ele>2011</ele>
        <time>2026-05-04T01:00:22.5510000+00:00</time>
      </trkpt>
      <trkpt lat="46.72787" lon="7.80168">
        <ele>2009.67</ele>
        <time>2026-05-04T01:00:25.7500000+00:00</time>
      </trkpt>
      <trkpt lat="46.72789" lon="7.8017">
        <ele>2008.32</ele>
        <time>2026-05-04T01:00:28.9500000+00:00</time>
      </trkpt>
      <trkpt lat="46.72792" lon="7.80172">
        <ele>2006.6</ele>
        <time>2026-05-04T01:00:33.2990000+00:00</time>
      </trkpt>
      <trkpt lat="46.72794" lon="7.80172">
        <ele>2005.9</ele>
        <time>2026-05-04T01:00:35.9340000+00:00</time>
      </trkpt>
      <trkpt lat="46.72797" lon="7.80171">
        <ele>2005.2</ele>
        <time>2026-05-04T01:00:39.9890000+00:00</time>
      </trkpt>
      <trkpt lat="46.728" lon="7.8017">
        <ele>2004.52</ele>
        <time>2026-05-04T01:00:44.0470000+00:00</time>
      </trkpt>
      <trkpt lat="46.72804" lon="7.80169">
        <ele>2003.5</ele>
        <time>2026-05-04T01:00:49.3980000+00:00</time>
      </trkpt>
      <trkpt lat="46.72808" lon="7.8017">
        <ele>2001.75</ele>
        <time>2026-05-04T01:00:54.7480000+00:00</time>
      </trkpt>
      <trkpt lat="46.72812" lon="7.80172">
        <ele>1999.61</ele>
        <time>2026-05-04T01:01:00.3240000+00:00</time>
      </trkpt>
      <trkpt lat="46.72814" lon="7.80172">
        <ele>1998.91</ele>
        <time>2026-05-04T01:01:02.9640000+00:00</time>
      </trkpt>
      <trkpt lat="46.72817" lon="7.80172">
        <ele>1997.86</ele>
        <time>2026-05-04T01:01:06.9190000+00:00</time>
      </trkpt>
      <trkpt lat="46.72819" lon="7.80172">
        <ele>1997.16</ele>
        <time>2026-05-04T01:01:09.5540000+00:00</time>
      </trkpt>
      <trkpt lat="46.72821" lon="7.80172">
        <ele>1996.46</ele>
        <time>2026-05-04T01:01:12.1890000+00:00</time>
      </trkpt>
      <trkpt lat="46.72823" lon="7.80172">
        <ele>1995.76</ele>
        <time>2026-05-04T01:01:14.8240000+00:00</time>
      </trkpt>
      <trkpt lat="46.72824" lon="7.80173">
        <ele>1995.01</ele>
        <time>2026-05-04T01:01:16.4240000+00:00</time>
      </trkpt>
      <trkpt lat="46.72826" lon="7.80176">
        <ele>1993.08</ele>
        <time>2026-05-04T01:01:20.2070000+00:00</time>
      </trkpt>
      <trkpt lat="46.7283" lon="7.80179">
        <ele>1990.4</ele>
        <time>2026-05-04T01:01:26.1380000+00:00</time>
      </trkpt>
      <trkpt lat="46.72831" lon="7.80182">
        <ele>1988.78</ele>
        <time>2026-05-04T01:01:29.1540000+00:00</time>
      </trkpt>
      <trkpt lat="46.72832" lon="7.80184">
        <ele>1987.68</ele>
        <time>2026-05-04T01:01:31.3910000+00:00</time>
      </trkpt>
      <trkpt lat="46.72834" lon="7.80193">
        <ele>1984.3</ele>
        <time>2026-05-04T01:01:39.9410000+00:00</time>
      </trkpt>
      <trkpt lat="46.72838" lon="7.80199">
        <ele>1980.96</ele>
        <time>2026-05-04T01:01:47.5040000+00:00</time>
      </trkpt>
      <trkpt lat="46.72838" lon="7.80202">
        <ele>1980.07</ele>
        <time>2026-05-04T01:01:50.2150000+00:00</time>
      </trkpt>
      <trkpt lat="46.72838" lon="7.80205">
        <ele>1979.17</ele>
        <time>2026-05-04T01:01:52.9250000+00:00</time>
      </trkpt>
      <trkpt lat="46.72838" lon="7.80208">
        <ele>1978.28</ele>
        <time>2026-05-04T01:01:55.6360000+00:00</time>
      </trkpt>
      <trkpt lat="46.72836" lon="7.80212">
        <ele>1977.91</ele>
        <time>2026-05-04T01:02:00.1100000+00:00</time>
      </trkpt>
      <trkpt lat="46.72836" lon="7.80216">
        <ele>1976.73</ele>
        <time>2026-05-04T01:02:03.7260000+00:00</time>
      </trkpt>
      <trkpt lat="46.72837" lon="7.80227">
        <ele>1973.05</ele>
        <time>2026-05-04T01:02:13.7530000+00:00</time>
      </trkpt>
      <trkpt lat="46.72838" lon="7.80229">
        <ele>1972.01</ele>
        <time>2026-05-04T01:02:15.9900000+00:00</time>
      </trkpt>
      <trkpt lat="46.7284" lon="7.80233">
        <ele>1969.93</ele>
        <time>2026-05-04T01:02:20.4640000+00:00</time>
      </trkpt>
      <trkpt lat="46.72841" lon="7.80236">
        <ele>1968.58</ele>
        <time>2026-05-04T01:02:23.4800000+00:00</time>
      </trkpt>
      <trkpt lat="46.72842" lon="7.8024">
        <ele>1966.91</ele>
        <time>2026-05-04T01:02:27.3290000+00:00</time>
      </trkpt>
      <trkpt lat="46.72842" lon="7.80242">
        <ele>1966.31</ele>
        <time>2026-05-04T01:02:29.1370000+00:00</time>
      </trkpt>
      <trkpt lat="46.72841" lon="7.80243">
        <ele>1966.46</ele>
        <time>2026-05-04T01:02:30.7360000+00:00</time>
      </trkpt>
      <trkpt lat="46.72841" lon="7.80246">
        <ele>1965.55</ele>
        <time>2026-05-04T01:02:33.4470000+00:00</time>
      </trkpt>
      <trkpt lat="46.72841" lon="7.80251">
        <ele>1964.04</ele>
        <time>2026-05-04T01:02:37.9660000+00:00</time>
      </trkpt>
      <trkpt lat="46.7284" lon="7.80256">
        <ele>1963</ele>
        <time>2026-05-04T01:02:42.6740000+00:00</time>
      </trkpt>
      <trkpt lat="46.72839" lon="7.80258">
        <ele>1962.88</ele>
        <time>2026-05-04T01:02:44.9140000+00:00</time>
      </trkpt>
      <trkpt lat="46.72836" lon="7.80261">
        <ele>1963.43</ele>
        <time>2026-05-04T01:02:49.7100000+00:00</time>
      </trkpt>
      <trkpt lat="46.72835" lon="7.80262">
        <ele>1963.62</ele>
        <time>2026-05-04T01:02:51.3100000+00:00</time>
      </trkpt>
      <trkpt lat="46.72834" lon="7.80265">
        <ele>1963.23</ele>
        <time>2026-05-04T01:02:54.3240000+00:00</time>
      </trkpt>
      <trkpt lat="46.72833" lon="7.8027">
        <ele>1962.92</ele>
        <time>2026-05-04T01:02:59.0300000+00:00</time>
      </trkpt>
      <trkpt lat="46.72833" lon="7.80273">
        <ele>1962.59</ele>
        <time>2026-05-04T01:03:01.7400000+00:00</time>
      </trkpt>
      <trkpt lat="46.72834" lon="7.80277">
        <ele>1961.68</ele>
        <time>2026-05-04T01:03:05.5870000+00:00</time>
      </trkpt>
      <trkpt lat="46.72834" lon="7.8028">
        <ele>1961.36</ele>
        <time>2026-05-04T01:03:08.2980000+00:00</time>
      </trkpt>
      <trkpt lat="46.72832" lon="7.80287">
        <ele>1961.53</ele>
        <time>2026-05-04T01:03:15.1520000+00:00</time>
      </trkpt>
      <trkpt lat="46.72832" lon="7.80291">
        <ele>1961.09</ele>
        <time>2026-05-04T01:03:18.7680000+00:00</time>
      </trkpt>
      <trkpt lat="46.72831" lon="7.80296">
        <ele>1960.99</ele>
        <time>2026-05-04T01:03:23.4740000+00:00</time>
      </trkpt>
      <trkpt lat="46.72831" lon="7.803">
        <ele>1960.54</ele>
        <time>2026-05-04T01:03:27.0880000+00:00</time>
      </trkpt>
      <trkpt lat="46.72831" lon="7.80305">
        <ele>1959.98</ele>
        <time>2026-05-04T01:03:31.6060000+00:00</time>
      </trkpt>
      <trkpt lat="46.72831" lon="7.80311">
        <ele>1959.31</ele>
        <time>2026-05-04T01:03:37.0270000+00:00</time>
      </trkpt>
      <trkpt lat="46.72831" lon="7.80316">
        <ele>1958.75</ele>
        <time>2026-05-04T01:03:41.5450000+00:00</time>
      </trkpt>
      <trkpt lat="46.72832" lon="7.8032">
        <ele>1957.9</ele>
        <time>2026-05-04T01:03:45.3920000+00:00</time>
      </trkpt>
      <trkpt lat="46.72833" lon="7.80324">
        <ele>1957.06</ele>
        <time>2026-05-04T01:03:49.2400000+00:00</time>
      </trkpt>
      <trkpt lat="46.72833" lon="7.80326">
        <ele>1956.84</ele>
        <time>2026-05-04T01:03:51.0480000+00:00</time>
      </trkpt>
      <trkpt lat="46.72833" lon="7.80327">
        <ele>1956.73</ele>
        <time>2026-05-04T01:03:51.9490000+00:00</time>
      </trkpt>
      <trkpt lat="46.72832" lon="7.8033">
        <ele>1956.8</ele>
        <time>2026-05-04T01:03:54.9650000+00:00</time>
      </trkpt>
      <trkpt lat="46.7283" lon="7.80334">
        <ele>1957.13</ele>
        <time>2026-05-04T01:03:59.4390000+00:00</time>
      </trkpt>
      <trkpt lat="46.72829" lon="7.80336">
        <ele>1957.29</ele>
        <time>2026-05-04T01:04:01.6760000+00:00</time>
      </trkpt>
      <trkpt lat="46.72828" lon="7.80339">
        <ele>1957.32</ele>
        <time>2026-05-04T01:04:04.6900000+00:00</time>
      </trkpt>
      <trkpt lat="46.7283" lon="7.80345">
        <ele>1955.88</ele>
        <time>2026-05-04T01:04:10.7200000+00:00</time>
      </trkpt>
      <trkpt lat="46.72831" lon="7.80351">
        <ele>1955.21</ele>
        <time>2026-05-04T01:04:16.3000000+00:00</time>
      </trkpt>
      <trkpt lat="46.72833" lon="7.80358">
        <ele>1955.81</ele>
        <time>2026-05-04T01:04:23.1540000+00:00</time>
      </trkpt>
      <trkpt lat="46.72834" lon="7.80364">
        <ele>1956.67</ele>
        <time>2026-05-04T01:04:28.7330000+00:00</time>
      </trkpt>
      <trkpt lat="46.72835" lon="7.8037">
        <ele>1957.61</ele>
        <time>2026-05-04T01:04:34.3130000+00:00</time>
      </trkpt>
      <trkpt lat="46.72835" lon="7.80375">
        <ele>1958.61</ele>
        <time>2026-05-04T01:04:38.8300000+00:00</time>
      </trkpt>
      <trkpt lat="46.72835" lon="7.8038">
        <ele>1959.61</ele>
        <time>2026-05-04T01:04:43.3480000+00:00</time>
      </trkpt>
      <trkpt lat="46.72836" lon="7.80381">
        <ele>1959.67</ele>
        <time>2026-05-04T01:04:44.9480000+00:00</time>
      </trkpt>
      <trkpt lat="46.72837" lon="7.80383">
        <ele>1959.96</ele>
        <time>2026-05-04T01:04:47.1820000+00:00</time>
      </trkpt>
      <trkpt lat="46.72838" lon="7.80386">
        <ele>1960.5</ele>
        <time>2026-05-04T01:04:50.1980000+00:00</time>
      </trkpt>
      <trkpt lat="46.72838" lon="7.80389">
        <ele>1961.17</ele>
        <time>2026-05-04T01:04:52.9090000+00:00</time>
      </trkpt>
      <trkpt lat="46.72838" lon="7.80393">
        <ele>1962.05</ele>
        <time>2026-05-04T01:04:56.5230000+00:00</time>
      </trkpt>
      <trkpt lat="46.72839" lon="7.80396">
        <ele>1962.68</ele>
        <time>2026-05-04T01:04:59.5390000+00:00</time>
      </trkpt>
      <trkpt lat="46.7284" lon="7.80398">
        <ele>1963.12</ele>
        <time>2026-05-04T01:05:01.7790000+00:00</time>
      </trkpt>
      <trkpt lat="46.72842" lon="7.804">
        <ele>1963.58</ele>
        <time>2026-05-04T01:05:04.9780000+00:00</time>
      </trkpt>
      <trkpt lat="46.72843" lon="7.80404">
        <ele>1964.61</ele>
        <time>2026-05-04T01:05:08.8270000+00:00</time>
      </trkpt>
      <trkpt lat="46.72843" lon="7.80407">
        <ele>1965.38</ele>
        <time>2026-05-04T01:05:11.5400000+00:00</time>
      </trkpt>
      <trkpt lat="46.72842" lon="7.8041">
        <ele>1966.08</ele>
        <time>2026-05-04T01:05:14.5560000+00:00</time>
      </trkpt>
      <trkpt lat="46.72842" lon="7.80412">
        <ele>1966.58</ele>
        <time>2026-05-04T01:05:16.3640000+00:00</time>
      </trkpt>
      <trkpt lat="46.72842" lon="7.80414">
        <ele>1967.08</ele>
        <time>2026-05-04T01:05:18.1720000+00:00</time>
      </trkpt>
      <trkpt lat="46.72844" lon="7.80418">
        <ele>1968.32</ele>
        <time>2026-05-04T01:05:22.6460000+00:00</time>
      </trkpt>
      <trkpt lat="46.72845" lon="7.8042">
        <ele>1968.99</ele>
        <time>2026-05-04T01:05:24.8830000+00:00</time>
      </trkpt>
      <trkpt lat="46.72846" lon="7.80419">
        <ele>1968.85</ele>
        <time>2026-05-04T01:05:26.4830000+00:00</time>
      </trkpt>
      <trkpt lat="46.72848" lon="7.8042">
        <ele>1969.4</ele>
        <time>2026-05-04T01:05:29.2720000+00:00</time>
      </trkpt>
      <trkpt lat="46.7285" lon="7.80424">
        <ele>1970.89</ele>
        <time>2026-05-04T01:05:33.7460000+00:00</time>
      </trkpt>
      <trkpt lat="46.72851" lon="7.80427">
        <ele>1972</ele>
        <time>2026-05-04T01:05:36.7600000+00:00</time>
      </trkpt>
      <trkpt lat="46.72853" lon="7.80428">
        <ele>1972.7</ele>
        <time>2026-05-04T01:05:39.5440000+00:00</time>
      </trkpt>
      <trkpt lat="46.72854" lon="7.80432">
        <ele>1974.23</ele>
        <time>2026-05-04T01:05:43.3910000+00:00</time>
      </trkpt>
      <trkpt lat="46.72855" lon="7.80437">
        <ele>1975.01</ele>
        <time>2026-05-04T01:05:48.0980000+00:00</time>
      </trkpt>
      <trkpt lat="46.72857" lon="7.8044">
        <ele>1975.32</ele>
        <time>2026-05-04T01:05:51.8820000+00:00</time>
      </trkpt>
      <trkpt lat="46.72858" lon="7.80442">
        <ele>1975.36</ele>
        <time>2026-05-04T01:05:54.1190000+00:00</time>
      </trkpt>
      <trkpt lat="46.72859" lon="7.80447">
        <ele>1975.66</ele>
        <time>2026-05-04T01:05:58.8260000+00:00</time>
      </trkpt>
      <trkpt lat="46.72861" lon="7.8045">
        <ele>1975.82</ele>
        <time>2026-05-04T01:06:02.6100000+00:00</time>
      </trkpt>
      <trkpt lat="46.72863" lon="7.80452">
        <ele>1975.94</ele>
        <time>2026-05-04T01:06:05.8100000+00:00</time>
      </trkpt>
      <trkpt lat="46.72865" lon="7.80451">
        <ele>1975.77</ele>
        <time>2026-05-04T01:06:08.5960000+00:00</time>
      </trkpt>
      <trkpt lat="46.72866" lon="7.80454">
        <ele>1976.09</ele>
        <time>2026-05-04T01:06:11.6120000+00:00</time>
      </trkpt>
      <trkpt lat="46.72868" lon="7.80459">
        <ele>1976.73</ele>
        <time>2026-05-04T01:06:16.8440000+00:00</time>
      </trkpt>
      <trkpt lat="46.72869" lon="7.80463">
        <ele>1977.3</ele>
        <time>2026-05-04T01:06:20.6920000+00:00</time>
      </trkpt>
      <trkpt lat="46.72871" lon="7.80467">
        <ele>1977.98</ele>
        <time>2026-05-04T01:06:25.1660000+00:00</time>
      </trkpt>
      <trkpt lat="46.72874" lon="7.80472">
        <ele>1979.01</ele>
        <time>2026-05-04T01:06:31.1710000+00:00</time>
      </trkpt>
      <trkpt lat="46.72876" lon="7.80473">
        <ele>1979.38</ele>
        <time>2026-05-04T01:06:33.9580000+00:00</time>
      </trkpt>
      <trkpt lat="46.7288" lon="7.80474">
        <ele>1979.97</ele>
        <time>2026-05-04T01:06:39.3070000+00:00</time>
      </trkpt>
      <trkpt lat="46.72883" lon="7.80476">
        <ele>1980.74</ele>
        <time>2026-05-04T01:06:43.6550000+00:00</time>
      </trkpt>
      <trkpt lat="46.72885" lon="7.80482">
        <ele>1982.39</ele>
        <time>2026-05-04T01:06:49.6850000+00:00</time>
      </trkpt>
      <trkpt lat="46.72886" lon="7.80484">
        <ele>1983.02</ele>
        <time>2026-05-04T01:06:51.9250000+00:00</time>
      </trkpt>
      <trkpt lat="46.72889" lon="7.80488">
        <ele>1984.56</ele>
        <time>2026-05-04T01:06:57.2830000+00:00</time>
      </trkpt>
      <trkpt lat="46.72891" lon="7.80491">
        <ele>1985.75</ele>
        <time>2026-05-04T01:07:01.0650000+00:00</time>
      </trkpt>
      <trkpt lat="46.72891" lon="7.80493">
        <ele>1986.3</ele>
        <time>2026-05-04T01:07:02.8730000+00:00</time>
      </trkpt>
      <trkpt lat="46.72893" lon="7.80496">
        <ele>1987.59</ele>
        <time>2026-05-04T01:07:06.6530000+00:00</time>
      </trkpt>
      <trkpt lat="46.72894" lon="7.80497">
        <ele>1988.12</ele>
        <time>2026-05-04T01:07:08.2490000+00:00</time>
      </trkpt>
      <trkpt lat="46.72896" lon="7.80497">
        <ele>1988.61</ele>
        <time>2026-05-04T01:07:10.8840000+00:00</time>
      </trkpt>
      <trkpt lat="46.72898" lon="7.805">
        <ele>1990.04</ele>
        <time>2026-05-04T01:07:14.6680000+00:00</time>
      </trkpt>
      <trkpt lat="46.72902" lon="7.80503">
        <ele>1992.1</ele>
        <time>2026-05-04T01:07:20.5960000+00:00</time>
      </trkpt>
      <trkpt lat="46.72903" lon="7.80504">
        <ele>1992.73</ele>
        <time>2026-05-04T01:07:22.1960000+00:00</time>
      </trkpt>
      <trkpt lat="46.72905" lon="7.80503">
        <ele>1992.94</ele>
        <time>2026-05-04T01:07:24.9820000+00:00</time>
      </trkpt>
      <trkpt lat="46.72906" lon="7.80505">
        <ele>1993.95</ele>
        <time>2026-05-04T01:07:27.2170000+00:00</time>
      </trkpt>
      <trkpt lat="46.72909" lon="7.80507">
        <ele>1995.59</ele>
        <time>2026-05-04T01:07:31.5640000+00:00</time>
      </trkpt>
      <trkpt lat="46.72912" lon="7.80511">
        <ele>1998.1</ele>
        <time>2026-05-04T01:07:36.9220000+00:00</time>
      </trkpt>
      <trkpt lat="46.72913" lon="7.80513">
        <ele>1999.24</ele>
        <time>2026-05-04T01:07:39.1620000+00:00</time>
      </trkpt>
      <trkpt lat="46.72914" lon="7.80516">
        <ele>2000.82</ele>
        <time>2026-05-04T01:07:42.1780000+00:00</time>
      </trkpt>
      <trkpt lat="46.72915" lon="7.8052">
        <ele>2000.94</ele>
        <time>2026-05-04T01:07:46.0250000+00:00</time>
      </trkpt>
      <trkpt lat="46.72916" lon="7.80522">
        <ele>2001.14</ele>
        <time>2026-05-04T01:07:48.2650000+00:00</time>
      </trkpt>
      <trkpt lat="46.72919" lon="7.80525">
        <ele>2002.05</ele>
        <time>2026-05-04T01:07:53.0620000+00:00</time>
      </trkpt>
      <trkpt lat="46.72921" lon="7.80525">
        <ele>2002.82</ele>
        <time>2026-05-04T01:07:55.6960000+00:00</time>
      </trkpt>
      <trkpt lat="46.72923" lon="7.80526">
        <ele>2003.54</ele>
        <time>2026-05-04T01:07:58.4830000+00:00</time>
      </trkpt>
      <trkpt lat="46.72926" lon="7.80528">
        <ele>2004.6</ele>
        <time>2026-05-04T01:08:02.8310000+00:00</time>
      </trkpt>
      <trkpt lat="46.72927" lon="7.8053">
        <ele>2004.9</ele>
        <time>2026-05-04T01:08:05.0650000+00:00</time>
      </trkpt>
      <trkpt lat="46.72932" lon="7.80532">
        <ele>2006.85</ele>
        <time>2026-05-04T01:08:11.9010000+00:00</time>
      </trkpt>
      <trkpt lat="46.72936" lon="7.80536">
        <ele>2008.4</ele>
        <time>2026-05-04T01:08:18.2940000+00:00</time>
      </trkpt>
      <trkpt lat="46.72941" lon="7.80537">
        <ele>2009.9</ele>
        <time>2026-05-04T01:08:24.9470000+00:00</time>
      </trkpt>
      <trkpt lat="46.72943" lon="7.80539">
        <ele>2010.07</ele>
        <time>2026-05-04T01:08:28.1470000+00:00</time>
      </trkpt>
      <trkpt lat="46.72945" lon="7.80547">
        <ele>2010.35</ele>
        <time>2026-05-04T01:08:35.8420000+00:00</time>
      </trkpt>
      <trkpt lat="46.72947" lon="7.80556">
        <ele>2010.77</ele>
        <time>2026-05-04T01:08:44.3910000+00:00</time>
      </trkpt>
      <trkpt lat="46.72949" lon="7.80558">
        <ele>2011.15</ele>
        <time>2026-05-04T01:08:47.5860000+00:00</time>
      </trkpt>
      <trkpt lat="46.72952" lon="7.8056">
        <ele>2011.73</ele>
        <time>2026-05-04T01:08:51.9340000+00:00</time>
      </trkpt>
      <trkpt lat="46.72955" lon="7.80562">
        <ele>2012.37</ele>
        <time>2026-05-04T01:08:56.2820000+00:00</time>
      </trkpt>
      <trkpt lat="46.72956" lon="7.80559">
        <ele>2012.38</ele>
        <time>2026-05-04T01:08:59.2960000+00:00</time>
      </trkpt>
      <trkpt lat="46.72958" lon="7.8056">
        <ele>2012.79</ele>
        <time>2026-05-04T01:09:02.0830000+00:00</time>
      </trkpt>
      <trkpt lat="46.7296" lon="7.80564">
        <ele>2013.44</ele>
        <time>2026-05-04T01:09:06.5570000+00:00</time>
      </trkpt>
      <trkpt lat="46.72964" lon="7.80568">
        <ele>2014.56</ele>
        <time>2026-05-04T01:09:12.9510000+00:00</time>
      </trkpt>
      <trkpt lat="46.72966" lon="7.80567">
        <ele>2014.88</ele>
        <time>2026-05-04T01:09:15.7350000+00:00</time>
      </trkpt>
      <trkpt lat="46.72968" lon="7.80568">
        <ele>2015.4</ele>
        <time>2026-05-04T01:09:18.5200000+00:00</time>
      </trkpt>
      <trkpt lat="46.72967" lon="7.80572">
        <ele>2015.59</ele>
        <time>2026-05-04T01:09:22.3670000+00:00</time>
      </trkpt>
      <trkpt lat="46.72968" lon="7.80579">
        <ele>2016.54</ele>
        <time>2026-05-04T01:09:28.8280000+00:00</time>
      </trkpt>
      <trkpt lat="46.72969" lon="7.8058">
        <ele>2016.9</ele>
        <time>2026-05-04T01:09:30.4270000+00:00</time>
      </trkpt>
      <trkpt lat="46.72971" lon="7.80574">
        <ele>2016.72</ele>
        <time>2026-05-04T01:09:36.4570000+00:00</time>
      </trkpt>
      <trkpt lat="46.72972" lon="7.80575">
        <ele>2017.07</ele>
        <time>2026-05-04T01:09:38.0570000+00:00</time>
      </trkpt>
      <trkpt lat="46.72972" lon="7.80579">
        <ele>2017.56</ele>
        <time>2026-05-04T01:09:41.6730000+00:00</time>
      </trkpt>
      <trkpt lat="46.72972" lon="7.80585">
        <ele>2018.28</ele>
        <time>2026-05-04T01:09:47.0940000+00:00</time>
      </trkpt>
      <trkpt lat="46.72975" lon="7.8059">
        <ele>2019.77</ele>
        <time>2026-05-04T01:09:53.0990000+00:00</time>
      </trkpt>
      <trkpt lat="46.72978" lon="7.80596">
        <ele>2021.54</ele>
        <time>2026-05-04T01:09:59.8110000+00:00</time>
      </trkpt>
      <trkpt lat="46.72981" lon="7.806">
        <ele>2022.87</ele>
        <time>2026-05-04T01:10:05.1690000+00:00</time>
      </trkpt>
      <trkpt lat="46.72986" lon="7.80603">
        <ele>2023.48</ele>
        <time>2026-05-04T01:10:12.2960000+00:00</time>
      </trkpt>
      <trkpt lat="46.7299" lon="7.80604">
        <ele>2024.48</ele>
        <time>2026-05-04T01:10:17.6470000+00:00</time>
      </trkpt>
      <trkpt lat="46.72993" lon="7.80605">
        <ele>2025.14</ele>
        <time>2026-05-04T01:10:21.7050000+00:00</time>
      </trkpt>
      <trkpt lat="46.72998" lon="7.80605">
        <ele>2026.84</ele>
        <time>2026-05-04T01:10:28.2970000+00:00</time>
      </trkpt>
      <trkpt lat="46.73004" lon="7.80608">
        <ele>2027.84</ele>
        <time>2026-05-04T01:10:36.6600000+00:00</time>
      </trkpt>
      <trkpt lat="46.7301" lon="7.80612">
        <ele>2028.51</ele>
        <time>2026-05-04T01:10:45.3570000+00:00</time>
      </trkpt>
      <trkpt lat="46.73016" lon="7.80613">
        <ele>2030.23</ele>
        <time>2026-05-04T01:10:53.3180000+00:00</time>
      </trkpt>
      <trkpt lat="46.7302" lon="7.80616">
        <ele>2030.59</ele>
        <time>2026-05-04T01:10:59.2480000+00:00</time>
      </trkpt>
      <trkpt lat="46.73029" lon="7.80618">
        <ele>2031.36</ele>
        <time>2026-05-04T01:11:11.2500000+00:00</time>
      </trkpt>
      <trkpt lat="46.73039" lon="7.8062">
        <ele>2031.51</ele>
        <time>2026-05-04T01:11:24.5570000+00:00</time>
      </trkpt>
      <trkpt lat="46.73044" lon="7.80621">
        <ele>2031.55</ele>
        <time>2026-05-04T01:11:31.2110000+00:00</time>
      </trkpt>
      <trkpt lat="46.73046" lon="7.80624">
        <ele>2030.54</ele>
        <time>2026-05-04T01:11:34.9950000+00:00</time>
      </trkpt>
      <trkpt lat="46.73047" lon="7.80629">
        <ele>2028.65</ele>
        <time>2026-05-04T01:11:39.7020000+00:00</time>
      </trkpt>
      <trkpt lat="46.73051" lon="7.80635">
        <ele>2026.49</ele>
        <time>2026-05-04T01:11:47.2660000+00:00</time>
      </trkpt>
      <trkpt lat="46.73055" lon="7.80639">
        <ele>2025.05</ele>
        <time>2026-05-04T01:11:53.6590000+00:00</time>
      </trkpt>
      <trkpt lat="46.73058" lon="7.80638">
        <ele>2025.59</ele>
        <time>2026-05-04T01:11:57.7160000+00:00</time>
      </trkpt>
      <trkpt lat="46.7306" lon="7.80638">
        <ele>2025.68</ele>
        <time>2026-05-04T01:12:00.3510000+00:00</time>
      </trkpt>
      <trkpt lat="46.73064" lon="7.80642">
        <ele>2024.12</ele>
        <time>2026-05-04T01:12:06.7440000+00:00</time>
      </trkpt>
      <trkpt lat="46.73069" lon="7.80643">
        <ele>2023.85</ele>
        <time>2026-05-04T01:12:13.3980000+00:00</time>
      </trkpt>
      <trkpt lat="46.73073" lon="7.80644">
        <ele>2023.52</ele>
        <time>2026-05-04T01:12:18.7480000+00:00</time>
      </trkpt>
      <trkpt lat="46.73078" lon="7.80644">
        <ele>2023.67</ele>
        <time>2026-05-04T01:12:25.3410000+00:00</time>
      </trkpt>
      <trkpt lat="46.7308" lon="7.80644">
        <ele>2023.73</ele>
        <time>2026-05-04T01:12:27.9750000+00:00</time>
      </trkpt>
      <trkpt lat="46.73084" lon="7.80643">
        <ele>2024.32</ele>
        <time>2026-05-04T01:12:33.3250000+00:00</time>
      </trkpt>
      <trkpt lat="46.73087" lon="7.80644">
        <ele>2023.93</ele>
        <time>2026-05-04T01:12:37.3830000+00:00</time>
      </trkpt>
      <trkpt lat="46.7309" lon="7.80646">
        <ele>2023.04</ele>
        <time>2026-05-04T01:12:41.7310000+00:00</time>
      </trkpt>
      <trkpt lat="46.73095" lon="7.80649">
        <ele>2021.65</ele>
        <time>2026-05-04T01:12:48.8570000+00:00</time>
      </trkpt>
      <trkpt lat="46.73099" lon="7.80655">
        <ele>2018.64</ele>
        <time>2026-05-04T01:12:56.4210000+00:00</time>
      </trkpt>
      <trkpt lat="46.73102" lon="7.80658">
        <ele>2017.1</ele>
        <time>2026-05-04T01:13:01.2160000+00:00</time>
      </trkpt>
      <trkpt lat="46.73106" lon="7.80661">
        <ele>2015.45</ele>
        <time>2026-05-04T01:13:07.1470000+00:00</time>
      </trkpt>
      <trkpt lat="46.73111" lon="7.80663">
        <ele>2013.49</ele>
        <time>2026-05-04T01:13:13.9820000+00:00</time>
      </trkpt>
      <trkpt lat="46.73116" lon="7.80662">
        <ele>2013.1</ele>
        <time>2026-05-04T01:13:20.6360000+00:00</time>
      </trkpt>
      <trkpt lat="46.73123" lon="7.80664">
        <ele>2010.82</ele>
        <time>2026-05-04T01:13:30.0390000+00:00</time>
      </trkpt>
      <trkpt lat="46.73133" lon="7.80666">
        <ele>2008.07</ele>
        <time>2026-05-04T01:13:43.3460000+00:00</time>
      </trkpt>
      <trkpt lat="46.73141" lon="7.80667">
        <ele>2006.21</ele>
        <time>2026-05-04T01:13:53.9310000+00:00</time>
      </trkpt>
      <trkpt lat="46.73146" lon="7.80669">
        <ele>2004.43</ele>
        <time>2026-05-04T01:14:00.7670000+00:00</time>
      </trkpt>
      <trkpt lat="46.73154" lon="7.80675">
        <ele>2000.45</ele>
        <time>2026-05-04T01:14:12.6260000+00:00</time>
      </trkpt>
      <trkpt lat="46.73158" lon="7.80677">
        <ele>1998.95</ele>
        <time>2026-05-04T01:14:18.2010000+00:00</time>
      </trkpt>
      <trkpt lat="46.73162" lon="7.80678">
        <ele>1997.91</ele>
        <time>2026-05-04T01:14:23.5520000+00:00</time>
      </trkpt>
      <trkpt lat="46.73165" lon="7.80681">
        <ele>1996.2</ele>
        <time>2026-05-04T01:14:28.3460000+00:00</time>
      </trkpt>
      <trkpt lat="46.73168" lon="7.80682">
        <ele>1995.34</ele>
        <time>2026-05-04T01:14:32.4010000+00:00</time>
      </trkpt>
      <trkpt lat="46.73172" lon="7.80682">
        <ele>1994.76</ele>
        <time>2026-05-04T01:14:37.6740000+00:00</time>
      </trkpt>
      <trkpt lat="46.73176" lon="7.80682">
        <ele>1994.18</ele>
        <time>2026-05-04T01:14:42.9480000+00:00</time>
      </trkpt>
      <trkpt lat="46.73179" lon="7.80679">
        <ele>1994.91</ele>
        <time>2026-05-04T01:14:47.7430000+00:00</time>
      </trkpt>
      <trkpt lat="46.73182" lon="7.80676">
        <ele>1995.62</ele>
        <time>2026-05-04T01:14:52.5370000+00:00</time>
      </trkpt>
      <trkpt lat="46.73184" lon="7.80674">
        <ele>1996.07</ele>
        <time>2026-05-04T01:14:55.7320000+00:00</time>
      </trkpt>
      <trkpt lat="46.73185" lon="7.80668">
        <ele>1998.19</ele>
        <time>2026-05-04T01:15:01.3130000+00:00</time>
      </trkpt>
      <trkpt lat="46.73191" lon="7.80664">
        <ele>1997.38</ele>
        <time>2026-05-04T01:15:10.0100000+00:00</time>
      </trkpt>
      <trkpt lat="46.73194" lon="7.80662">
        <ele>1995.67</ele>
        <time>2026-05-04T01:15:14.3570000+00:00</time>
      </trkpt>
      <trkpt lat="46.73196" lon="7.80662">
        <ele>1994.04</ele>
        <time>2026-05-04T01:15:16.9970000+00:00</time>
      </trkpt>
      <trkpt lat="46.73198" lon="7.80664">
        <ele>1991.71</ele>
        <time>2026-05-04T01:15:20.1970000+00:00</time>
      </trkpt>
      <trkpt lat="46.73198" lon="7.80669">
        <ele>1989.95</ele>
        <time>2026-05-04T01:15:24.7140000+00:00</time>
      </trkpt>
      <trkpt lat="46.73201" lon="7.80669">
        <ele>1987.55</ele>
        <time>2026-05-04T01:15:28.6680000+00:00</time>
      </trkpt>
      <trkpt lat="46.73204" lon="7.80669">
        <ele>1985.16</ele>
        <time>2026-05-04T01:15:32.6240000+00:00</time>
      </trkpt>
      <trkpt lat="46.73206" lon="7.80665">
        <ele>1984.9</ele>
        <time>2026-05-04T01:15:37.0980000+00:00</time>
      </trkpt>
      <trkpt lat="46.73208" lon="7.8066">
        <ele>1984.94</ele>
        <time>2026-05-04T01:15:42.3300000+00:00</time>
      </trkpt>
      <trkpt lat="46.73211" lon="7.80656">
        <ele>1983.79</ele>
        <time>2026-05-04T01:15:47.6900000+00:00</time>
      </trkpt>
      <trkpt lat="46.73215" lon="7.8065">
        <ele>1982.38</ele>
        <time>2026-05-04T01:15:55.2540000+00:00</time>
      </trkpt>
      <trkpt lat="46.73216" lon="7.8065">
        <ele>1981.54</ele>
        <time>2026-05-04T01:15:56.5760000+00:00</time>
      </trkpt>
      <trkpt lat="46.73218" lon="7.8065">
        <ele>1979.86</ele>
        <time>2026-05-04T01:15:59.2110000+00:00</time>
      </trkpt>
      <trkpt lat="46.73219" lon="7.80652">
        <ele>1978.41</ele>
        <time>2026-05-04T01:16:01.4450000+00:00</time>
      </trkpt>
      <trkpt lat="46.73221" lon="7.8066">
        <ele>1974.31</ele>
        <time>2026-05-04T01:16:09.1400000+00:00</time>
      </trkpt>
      <trkpt lat="46.73225" lon="7.80666">
        <ele>1969.27</ele>
        <time>2026-05-04T01:16:16.7040000+00:00</time>
      </trkpt>
      <trkpt lat="46.73229" lon="7.8067">
        <ele>1964.91</ele>
        <time>2026-05-04T01:16:23.0970000+00:00</time>
      </trkpt>
      <trkpt lat="46.73231" lon="7.80672">
        <ele>1962.75</ele>
        <time>2026-05-04T01:16:26.2930000+00:00</time>
      </trkpt>
      <trkpt lat="46.73232" lon="7.80666">
        <ele>1963.64</ele>
        <time>2026-05-04T01:16:31.8720000+00:00</time>
      </trkpt>
      <trkpt lat="46.73234" lon="7.80668">
        <ele>1961.48</ele>
        <time>2026-05-04T01:16:35.0690000+00:00</time>
      </trkpt>
      <trkpt lat="46.73236" lon="7.80675">
        <ele>1957.98</ele>
        <time>2026-05-04T01:16:41.9220000+00:00</time>
      </trkpt>
      <trkpt lat="46.73239" lon="7.8067">
        <ele>1956.95</ele>
        <time>2026-05-04T01:16:47.9260000+00:00</time>
      </trkpt>
      <trkpt lat="46.73242" lon="7.80664">
        <ele>1956.1</ele>
        <time>2026-05-04T01:16:54.6380000+00:00</time>
      </trkpt>
      <trkpt lat="46.73242" lon="7.80655">
        <ele>1958.42</ele>
        <time>2026-05-04T01:17:02.7710000+00:00</time>
      </trkpt>
      <trkpt lat="46.73243" lon="7.80653">
        <ele>1958.11</ele>
        <time>2026-05-04T01:17:05.0080000+00:00</time>
      </trkpt>
      <trkpt lat="46.73245" lon="7.80649">
        <ele>1957.44</ele>
        <time>2026-05-04T01:17:09.4820000+00:00</time>
      </trkpt>
      <trkpt lat="46.73247" lon="7.80643">
        <ele>1957.24</ele>
        <time>2026-05-04T01:17:15.5110000+00:00</time>
      </trkpt>
      <trkpt lat="46.73248" lon="7.8064">
        <ele>1957.12</ele>
        <time>2026-05-04T01:17:18.5270000+00:00</time>
      </trkpt>
      <trkpt lat="46.73246" lon="7.80639">
        <ele>1959.09</ele>
        <time>2026-05-04T01:17:21.3160000+00:00</time>
      </trkpt>
      <trkpt lat="46.73244" lon="7.80641">
        <ele>1960.31</ele>
        <time>2026-05-04T01:17:24.5130000+00:00</time>
      </trkpt>
      <trkpt lat="46.73239" lon="7.8064">
        <ele>1964.87</ele>
        <time>2026-05-04T01:17:31.1680000+00:00</time>
      </trkpt>
      <trkpt lat="46.73237" lon="7.80639">
        <ele>1966.86</ele>
        <time>2026-05-04T01:17:33.9570000+00:00</time>
      </trkpt>
      <trkpt lat="46.73238" lon="7.80638">
        <ele>1966.27</ele>
        <time>2026-05-04T01:17:35.5560000+00:00</time>
      </trkpt>
      <trkpt lat="46.7324" lon="7.80636">
        <ele>1965.06</ele>
        <time>2026-05-04T01:17:38.7540000+00:00</time>
      </trkpt>
      <trkpt lat="46.73242" lon="7.80633">
        <ele>1964.09</ele>
        <time>2026-05-04T01:17:42.5340000+00:00</time>
      </trkpt>
      <trkpt lat="46.73245" lon="7.80628">
        <ele>1962.72</ele>
        <time>2026-05-04T01:17:48.5390000+00:00</time>
      </trkpt>
      <trkpt lat="46.73246" lon="7.80626">
        <ele>1962.33</ele>
        <time>2026-05-04T01:17:50.7760000+00:00</time>
      </trkpt>
      <trkpt lat="46.73245" lon="7.80624">
        <ele>1963.72</ele>
        <time>2026-05-04T01:17:53.0130000+00:00</time>
      </trkpt>
      <trkpt lat="46.73242" lon="7.80626">
        <ele>1965.89</ele>
        <time>2026-05-04T01:17:57.3620000+00:00</time>
      </trkpt>
      <trkpt lat="46.73238" lon="7.80625">
        <ele>1969.73</ele>
        <time>2026-05-04T01:18:02.7120000+00:00</time>
      </trkpt>
      <trkpt lat="46.73237" lon="7.80624">
        <ele>1970.89</ele>
        <time>2026-05-04T01:18:04.3120000+00:00</time>
      </trkpt>
      <trkpt lat="46.73238" lon="7.80621">
        <ele>1970.79</ele>
        <time>2026-05-04T01:18:07.3260000+00:00</time>
      </trkpt>
      <trkpt lat="46.73241" lon="7.80618">
        <ele>1968.87</ele>
        <time>2026-05-04T01:18:12.1200000+00:00</time>
      </trkpt>
      <trkpt lat="46.73246" lon="7.80616">
        <ele>1964.82</ele>
        <time>2026-05-04T01:18:18.9540000+00:00</time>
      </trkpt>
      <trkpt lat="46.7325" lon="7.80612">
        <ele>1962.13</ele>
        <time>2026-05-04T01:18:25.3470000+00:00</time>
      </trkpt>
      <trkpt lat="46.73252" lon="7.80607">
        <ele>1961.46</ele>
        <time>2026-05-04T01:18:30.5780000+00:00</time>
      </trkpt>
      <trkpt lat="46.73254" lon="7.80606">
        <ele>1959.83</ele>
        <time>2026-05-04T01:18:33.3670000+00:00</time>
      </trkpt>
      <trkpt lat="46.73257" lon="7.80604">
        <ele>1957.48</ele>
        <time>2026-05-04T01:18:37.7170000+00:00</time>
      </trkpt>
      <trkpt lat="46.7326" lon="7.80606">
        <ele>1954.22</ele>
        <time>2026-05-04T01:18:42.0640000+00:00</time>
      </trkpt>
      <trkpt lat="46.73262" lon="7.80608">
        <ele>1951.92</ele>
        <time>2026-05-04T01:18:45.2600000+00:00</time>
      </trkpt>
      <trkpt lat="46.73264" lon="7.80612">
        <ele>1949.22</ele>
        <time>2026-05-04T01:18:49.7340000+00:00</time>
      </trkpt>
      <trkpt lat="46.73266" lon="7.80612">
        <ele>1947.38</ele>
        <time>2026-05-04T01:18:52.3690000+00:00</time>
      </trkpt>
      <trkpt lat="46.73267" lon="7.80612">
        <ele>1946.46</ele>
        <time>2026-05-04T01:18:53.6910000+00:00</time>
      </trkpt>
      <trkpt lat="46.73267" lon="7.80609">
        <ele>1947.07</ele>
        <time>2026-05-04T01:18:56.4020000+00:00</time>
      </trkpt>
      <trkpt lat="46.73265" lon="7.80603">
        <ele>1950.17</ele>
        <time>2026-05-04T01:19:02.4300000+00:00</time>
      </trkpt>
      <trkpt lat="46.73262" lon="7.80595">
        <ele>1954.76</ele>
        <time>2026-05-04T01:19:10.6700000+00:00</time>
      </trkpt>
      <trkpt lat="46.73262" lon="7.80591">
        <ele>1955.66</ele>
        <time>2026-05-04T01:19:14.2860000+00:00</time>
      </trkpt>
      <trkpt lat="46.73262" lon="7.8059">
        <ele>1955.88</ele>
        <time>2026-05-04T01:19:15.2010000+00:00</time>
      </trkpt>
      <trkpt lat="46.73265" lon="7.80588">
        <ele>1953.7</ele>
        <time>2026-05-04T01:19:19.5510000+00:00</time>
      </trkpt>
      <trkpt lat="46.7327" lon="7.80583">
        <ele>1950.68</ele>
        <time>2026-05-04T01:19:27.5440000+00:00</time>
      </trkpt>
      <trkpt lat="46.73274" lon="7.80578">
        <ele>1948.58</ele>
        <time>2026-05-04T01:19:34.4890000+00:00</time>
      </trkpt>
      <trkpt lat="46.73275" lon="7.80577">
        <ele>1947.93</ele>
        <time>2026-05-04T01:19:36.0890000+00:00</time>
      </trkpt>
      <trkpt lat="46.73277" lon="7.8057">
        <ele>1948.1</ele>
        <time>2026-05-04T01:19:42.9410000+00:00</time>
      </trkpt>
      <trkpt lat="46.73278" lon="7.80567">
        <ele>1948.04</ele>
        <time>2026-05-04T01:19:45.9550000+00:00</time>
      </trkpt>
      <trkpt lat="46.73283" lon="7.80562">
        <ele>1944.86</ele>
        <time>2026-05-04T01:19:53.9480000+00:00</time>
      </trkpt>
      <trkpt lat="46.73286" lon="7.8056">
        <ele>1942.67</ele>
        <time>2026-05-04T01:19:58.2970000+00:00</time>
      </trkpt>
      <trkpt lat="46.73288" lon="7.8056">
        <ele>1940.82</ele>
        <time>2026-05-04T01:20:00.9320000+00:00</time>
      </trkpt>
      <trkpt lat="46.73291" lon="7.80562">
        <ele>1937.45</ele>
        <time>2026-05-04T01:20:05.2790000+00:00</time>
      </trkpt>
      <trkpt lat="46.73294" lon="7.80567">
        <ele>1933.16</ele>
        <time>2026-05-04T01:20:11.2840000+00:00</time>
      </trkpt>
      <trkpt lat="46.73297" lon="7.80573">
        <ele>1928.56</ele>
        <time>2026-05-04T01:20:17.9960000+00:00</time>
      </trkpt>
      <trkpt lat="46.73298" lon="7.80576">
        <ele>1926.71</ele>
        <time>2026-05-04T01:20:21.0100000+00:00</time>
      </trkpt>
      <trkpt lat="46.73298" lon="7.80583">
        <ele>1924.59</ele>
        <time>2026-05-04T01:20:27.3360000+00:00</time>
      </trkpt>
      <trkpt lat="46.73297" lon="7.80595">
        <ele>1921.9</ele>
        <time>2026-05-04T01:20:38.2590000+00:00</time>
      </trkpt>
      <trkpt lat="46.73296" lon="7.80601">
        <ele>1921.28</ele>
        <time>2026-05-04T01:20:43.8380000+00:00</time>
      </trkpt>
      <trkpt lat="46.73295" lon="7.80611">
        <ele>1920.83</ele>
        <time>2026-05-04T01:20:52.9700000+00:00</time>
      </trkpt>
      <trkpt lat="46.73295" lon="7.80619">
        <ele>1919.71</ele>
        <time>2026-05-04T01:21:00.1980000+00:00</time>
      </trkpt>
      <trkpt lat="46.73296" lon="7.80627">
        <ele>1917.71</ele>
        <time>2026-05-04T01:21:07.5460000+00:00</time>
      </trkpt>
      <trkpt lat="46.73296" lon="7.80633">
        <ele>1916.89</ele>
        <time>2026-05-04T01:21:12.9680000+00:00</time>
      </trkpt>
      <trkpt lat="46.73297" lon="7.8064">
        <ele>1915.07</ele>
        <time>2026-05-04T01:21:19.4290000+00:00</time>
      </trkpt>
      <trkpt lat="46.73299" lon="7.80644">
        <ele>1912.84</ele>
        <time>2026-05-04T01:21:23.9030000+00:00</time>
      </trkpt>
      <trkpt lat="46.733" lon="7.80649">
        <ele>1911.35</ele>
        <time>2026-05-04T01:21:28.6100000+00:00</time>
      </trkpt>
      <trkpt lat="46.73302" lon="7.80654">
        <ele>1909.06</ele>
        <time>2026-05-04T01:21:33.8410000+00:00</time>
      </trkpt>
      <trkpt lat="46.73303" lon="7.80655">
        <ele>1908.12</ele>
        <time>2026-05-04T01:21:35.4410000+00:00</time>
      </trkpt>
      <trkpt lat="46.73304" lon="7.80657">
        <ele>1907.06</ele>
        <time>2026-05-04T01:21:37.6780000+00:00</time>
      </trkpt>
      <trkpt lat="46.73305" lon="7.8066">
        <ele>1905.89</ele>
        <time>2026-05-04T01:21:40.6920000+00:00</time>
      </trkpt>
      <trkpt lat="46.73304" lon="7.80667">
        <ele>1905.87</ele>
        <time>2026-05-04T01:21:47.1530000+00:00</time>
      </trkpt>
      <trkpt lat="46.73303" lon="7.80672">
        <ele>1906.06</ele>
        <time>2026-05-04T01:21:51.8590000+00:00</time>
      </trkpt>
      <trkpt lat="46.73302" lon="7.80677">
        <ele>1906.22</ele>
        <time>2026-05-04T01:21:56.5650000+00:00</time>
      </trkpt>
      <trkpt lat="46.73302" lon="7.80682">
        <ele>1905.6</ele>
        <time>2026-05-04T01:22:01.0830000+00:00</time>
      </trkpt>
      <trkpt lat="46.73302" lon="7.80687">
        <ele>1905.82</ele>
        <time>2026-05-04T01:22:05.6010000+00:00</time>
      </trkpt>
      <trkpt lat="46.73301" lon="7.80695">
        <ele>1907.13</ele>
        <time>2026-05-04T01:22:12.9490000+00:00</time>
      </trkpt>
      <trkpt lat="46.733" lon="7.80703">
        <ele>1908.4</ele>
        <time>2026-05-04T01:22:20.2970000+00:00</time>
      </trkpt>
      <trkpt lat="46.73299" lon="7.80712">
        <ele>1909.68</ele>
        <time>2026-05-04T01:22:28.5360000+00:00</time>
      </trkpt>
      <trkpt lat="46.73299" lon="7.80716">
        <ele>1909.94</ele>
        <time>2026-05-04T01:22:32.1520000+00:00</time>
      </trkpt>
      <trkpt lat="46.73301" lon="7.80725">
        <ele>1909.26</ele>
        <time>2026-05-04T01:22:40.7020000+00:00</time>
      </trkpt>
      <trkpt lat="46.73301" lon="7.80732">
        <ele>1909.75</ele>
        <time>2026-05-04T01:22:47.0290000+00:00</time>
      </trkpt>
      <trkpt lat="46.73301" lon="7.80742">
        <ele>1910.46</ele>
        <time>2026-05-04T01:22:56.0660000+00:00</time>
      </trkpt>
      <trkpt lat="46.73302" lon="7.80751">
        <ele>1910.54</ele>
        <time>2026-05-04T01:23:04.3050000+00:00</time>
      </trkpt>
      <trkpt lat="46.73303" lon="7.80759">
        <ele>1910.59</ele>
        <time>2026-05-04T01:23:11.6530000+00:00</time>
      </trkpt>
      <trkpt lat="46.73306" lon="7.80767">
        <ele>1909.55</ele>
        <time>2026-05-04T01:23:19.8940000+00:00</time>
      </trkpt>
      <trkpt lat="46.73308" lon="7.80774">
        <ele>1908.36</ele>
        <time>2026-05-04T01:23:26.7470000+00:00</time>
      </trkpt>
      <trkpt lat="46.7331" lon="7.80781">
        <ele>1907.31</ele>
        <time>2026-05-04T01:23:33.6010000+00:00</time>
      </trkpt>
      <trkpt lat="46.73311" lon="7.80786">
        <ele>1906.83</ele>
        <time>2026-05-04T01:23:38.3080000+00:00</time>
      </trkpt>
      <trkpt lat="46.73314" lon="7.80793">
        <ele>1905.63</ele>
        <time>2026-05-04T01:23:45.7680000+00:00</time>
      </trkpt>
      <trkpt lat="46.73318" lon="7.808">
        <ele>1904.29</ele>
        <time>2026-05-04T01:23:54.0020000+00:00</time>
      </trkpt>
      <trkpt lat="46.73324" lon="7.80808">
        <ele>1902.68</ele>
        <time>2026-05-04T01:24:04.7180000+00:00</time>
      </trkpt>
      <trkpt lat="46.7333" lon="7.80818">
        <ele>1901.72</ele>
        <time>2026-05-04T01:24:16.7270000+00:00</time>
      </trkpt>
      <trkpt lat="46.73333" lon="7.80824">
        <ele>1901.58</ele>
        <time>2026-05-04T01:24:23.4370000+00:00</time>
      </trkpt>
      <trkpt lat="46.73335" lon="7.80828">
        <ele>1901.58</ele>
        <time>2026-05-04T01:24:27.9110000+00:00</time>
      </trkpt>
      <trkpt lat="46.73337" lon="7.80833">
        <ele>1901.78</ele>
        <time>2026-05-04T01:24:33.1430000+00:00</time>
      </trkpt>
      <trkpt lat="46.73338" lon="7.80836">
        <ele>1901.99</ele>
        <time>2026-05-04T01:24:36.1550000+00:00</time>
      </trkpt>
      <trkpt lat="46.73342" lon="7.8084">
        <ele>1901.93</ele>
        <time>2026-05-04T01:24:42.5480000+00:00</time>
      </trkpt>
      <trkpt lat="46.73344" lon="7.80842">
        <ele>1901.96</ele>
        <time>2026-05-04T01:24:45.7450000+00:00</time>
      </trkpt>
      <trkpt lat="46.73345" lon="7.80846">
        <ele>1902.48</ele>
        <time>2026-05-04T01:24:49.5920000+00:00</time>
      </trkpt>
      <trkpt lat="46.73345" lon="7.8085">
        <ele>1902.96</ele>
        <time>2026-05-04T01:24:53.2060000+00:00</time>
      </trkpt>
      <trkpt lat="46.73345" lon="7.80852">
        <ele>1902.8</ele>
        <time>2026-05-04T01:24:55.0140000+00:00</time>
      </trkpt>
      <trkpt lat="46.73346" lon="7.80855">
        <ele>1902.48</ele>
        <time>2026-05-04T01:24:58.0300000+00:00</time>
      </trkpt>
      <trkpt lat="46.73348" lon="7.8086">
        <ele>1901.97</ele>
        <time>2026-05-04T01:25:03.2610000+00:00</time>
      </trkpt>
      <trkpt lat="46.73349" lon="7.80862">
        <ele>1901.77</ele>
        <time>2026-05-04T01:25:05.4980000+00:00</time>
      </trkpt>
      <trkpt lat="46.7335" lon="7.80864">
        <ele>1901.58</ele>
        <time>2026-05-04T01:25:07.7320000+00:00</time>
      </trkpt>
      <trkpt lat="46.73351" lon="7.80867">
        <ele>1901.34</ele>
        <time>2026-05-04T01:25:10.7460000+00:00</time>
      </trkpt>
      <trkpt lat="46.73352" lon="7.80869">
        <ele>1901.18</ele>
        <time>2026-05-04T01:25:12.9830000+00:00</time>
      </trkpt>
      <trkpt lat="46.73356" lon="7.80872">
        <ele>1900.93</ele>
        <time>2026-05-04T01:25:18.9140000+00:00</time>
      </trkpt>
      <trkpt lat="46.73358" lon="7.80876">
        <ele>1900.83</ele>
        <time>2026-05-04T01:25:23.3880000+00:00</time>
      </trkpt>
      <trkpt lat="46.73359" lon="7.80881">
        <ele>1900.67</ele>
        <time>2026-05-04T01:25:28.0940000+00:00</time>
      </trkpt>
      <trkpt lat="46.7336" lon="7.80882">
        <ele>1900.68</ele>
        <time>2026-05-04T01:25:29.6940000+00:00</time>
      </trkpt>
      <trkpt lat="46.7336" lon="7.80884">
        <ele>1900.6</ele>
        <time>2026-05-04T01:25:31.5020000+00:00</time>
      </trkpt>
      <trkpt lat="46.73361" lon="7.80887">
        <ele>1900.55</ele>
        <time>2026-05-04T01:25:34.5150000+00:00</time>
      </trkpt>
      <trkpt lat="46.73362" lon="7.8089">
        <ele>1900.5</ele>
        <time>2026-05-04T01:25:37.5320000+00:00</time>
      </trkpt>
      <trkpt lat="46.73366" lon="7.80894">
        <ele>1900.66</ele>
        <time>2026-05-04T01:25:43.9260000+00:00</time>
      </trkpt>
      <trkpt lat="46.73371" lon="7.80898">
        <ele>1900.96</ele>
        <time>2026-05-04T01:25:51.4430000+00:00</time>
      </trkpt>
      <trkpt lat="46.73375" lon="7.809">
        <ele>1901.27</ele>
        <time>2026-05-04T01:25:57.0180000+00:00</time>
      </trkpt>
      <trkpt lat="46.73377" lon="7.80902">
        <ele>1901.43</ele>
        <time>2026-05-04T01:26:00.2160000+00:00</time>
      </trkpt>
      <trkpt lat="46.73378" lon="7.80905">
        <ele>1901.49</ele>
        <time>2026-05-04T01:26:03.2270000+00:00</time>
      </trkpt>
      <trkpt lat="46.73378" lon="7.80909">
        <ele>1901.45</ele>
        <time>2026-05-04T01:26:06.8400000+00:00</time>
      </trkpt>
      <trkpt lat="46.73379" lon="7.80911">
        <ele>1901.54</ele>
        <time>2026-05-04T01:26:09.0740000+00:00</time>
      </trkpt>
      <trkpt lat="46.73382" lon="7.80914">
        <ele>1901.86</ele>
        <time>2026-05-04T01:26:13.8680000+00:00</time>
      </trkpt>
      <trkpt lat="46.73384" lon="7.80918">
        <ele>1902.08</ele>
        <time>2026-05-04T01:26:18.3410000+00:00</time>
      </trkpt>
      <trkpt lat="46.73386" lon="7.80921">
        <ele>1902.34</ele>
        <time>2026-05-04T01:26:22.1230000+00:00</time>
      </trkpt>
      <trkpt lat="46.7339" lon="7.80924">
        <ele>1902.87</ele>
        <time>2026-05-04T01:26:28.0530000+00:00</time>
      </trkpt>
      <trkpt lat="46.73392" lon="7.80928">
        <ele>1903.19</ele>
        <time>2026-05-04T01:26:32.5240000+00:00</time>
      </trkpt>
      <trkpt lat="46.73395" lon="7.8093">
        <ele>1903.64</ele>
        <time>2026-05-04T01:26:36.8730000+00:00</time>
      </trkpt>
      <trkpt lat="46.73397" lon="7.80933">
        <ele>1903.89</ele>
        <time>2026-05-04T01:26:40.6570000+00:00</time>
      </trkpt>
      <trkpt lat="46.73399" lon="7.80939">
        <ele>1902.95</ele>
        <time>2026-05-04T01:26:46.6860000+00:00</time>
      </trkpt>
      <trkpt lat="46.73401" lon="7.80942">
        <ele>1902.63</ele>
        <time>2026-05-04T01:26:50.4660000+00:00</time>
      </trkpt>
      <trkpt lat="46.73403" lon="7.80946">
        <ele>1902.12</ele>
        <time>2026-05-04T01:26:54.9400000+00:00</time>
      </trkpt>
      <trkpt lat="46.73406" lon="7.80951">
        <ele>1901.55</ele>
        <time>2026-05-04T01:27:00.9450000+00:00</time>
      </trkpt>
      <trkpt lat="46.73409" lon="7.80955">
        <ele>1901.2</ele>
        <time>2026-05-04T01:27:06.3030000+00:00</time>
      </trkpt>
      <trkpt lat="46.73411" lon="7.8096">
        <ele>1900.5</ele>
        <time>2026-05-04T01:27:11.5340000+00:00</time>
      </trkpt>
      <trkpt lat="46.73413" lon="7.80963">
        <ele>1900.2</ele>
        <time>2026-05-04T01:27:15.3160000+00:00</time>
      </trkpt>
      <trkpt lat="46.73415" lon="7.80964">
        <ele>1900.31</ele>
        <time>2026-05-04T01:27:18.1060000+00:00</time>
      </trkpt>
      <trkpt lat="46.73417" lon="7.80964">
        <ele>1900.62</ele>
        <time>2026-05-04T01:27:20.7430000+00:00</time>
      </trkpt>
      <trkpt lat="46.73421" lon="7.80962">
        <ele>1901.63</ele>
        <time>2026-05-04T01:27:26.3160000+00:00</time>
      </trkpt>
      <trkpt lat="46.73425" lon="7.80962">
        <ele>1902.24</ele>
        <time>2026-05-04T01:27:31.5910000+00:00</time>
      </trkpt>
      <trkpt lat="46.73428" lon="7.80964">
        <ele>1902.3</ele>
        <time>2026-05-04T01:27:35.9420000+00:00</time>
      </trkpt>
      <trkpt lat="46.73431" lon="7.80967">
        <ele>1902.18</ele>
        <time>2026-05-04T01:27:40.7360000+00:00</time>
      </trkpt>
      <trkpt lat="46.73433" lon="7.80971">
        <ele>1901.71</ele>
        <time>2026-05-04T01:27:45.2100000+00:00</time>
      </trkpt>
      <trkpt lat="46.73435" lon="7.80977">
        <ele>1900.86</ele>
        <time>2026-05-04T01:27:51.2380000+00:00</time>
      </trkpt>
      <trkpt lat="46.73437" lon="7.80981">
        <ele>1900.41</ele>
        <time>2026-05-04T01:27:55.7120000+00:00</time>
      </trkpt>
      <trkpt lat="46.73439" lon="7.80983">
        <ele>1900.31</ele>
        <time>2026-05-04T01:27:58.9090000+00:00</time>
      </trkpt>
      <trkpt lat="46.73443" lon="7.80984">
        <ele>1900.27</ele>
        <time>2026-05-04T01:28:04.2580000+00:00</time>
      </trkpt>
      <trkpt lat="46.73446" lon="7.80985">
        <ele>1900.19</ele>
        <time>2026-05-04T01:28:08.3150000+00:00</time>
      </trkpt>
      <trkpt lat="46.7345" lon="7.8099">
        <ele>1899.36</ele>
        <time>2026-05-04T01:28:15.2590000+00:00</time>
      </trkpt>
      <trkpt lat="46.73454" lon="7.80993">
        <ele>1898.9</ele>
        <time>2026-05-04T01:28:21.1890000+00:00</time>
      </trkpt>
      <trkpt lat="46.73457" lon="7.80996">
        <ele>1898.4</ele>
        <time>2026-05-04T01:28:25.9860000+00:00</time>
      </trkpt>
      <trkpt lat="46.73459" lon="7.80996">
        <ele>1898.47</ele>
        <time>2026-05-04T01:28:28.6250000+00:00</time>
      </trkpt>
      <trkpt lat="46.7346" lon="7.80999">
        <ele>1897.9</ele>
        <time>2026-05-04T01:28:31.6410000+00:00</time>
      </trkpt>
      <trkpt lat="46.73462" lon="7.81005">
        <ele>1896.75</ele>
        <time>2026-05-04T01:28:37.6690000+00:00</time>
      </trkpt>
      <trkpt lat="46.73462" lon="7.81008">
        <ele>1896.14</ele>
        <time>2026-05-04T01:28:40.3780000+00:00</time>
      </trkpt>
      <trkpt lat="46.73464" lon="7.81014">
        <ele>1894.97</ele>
        <time>2026-05-04T01:28:46.4050000+00:00</time>
      </trkpt>
      <trkpt lat="46.73467" lon="7.81018">
        <ele>1894.17</ele>
        <time>2026-05-04T01:28:51.7620000+00:00</time>
      </trkpt>
      <trkpt lat="46.73469" lon="7.81021">
        <ele>1893.53</ele>
        <time>2026-05-04T01:28:55.5430000+00:00</time>
      </trkpt>
      <trkpt lat="46.73472" lon="7.81024">
        <ele>1892.91</ele>
        <time>2026-05-04T01:29:00.3370000+00:00</time>
      </trkpt>
      <trkpt lat="46.73476" lon="7.81026">
        <ele>1892.56</ele>
        <time>2026-05-04T01:29:05.9100000+00:00</time>
      </trkpt>
      <trkpt lat="46.73477" lon="7.81028">
        <ele>1892.13</ele>
        <time>2026-05-04T01:29:08.1500000+00:00</time>
      </trkpt>
      <trkpt lat="46.73478" lon="7.8103">
        <ele>1891.7</ele>
        <time>2026-05-04T01:29:10.3870000+00:00</time>
      </trkpt>
      <trkpt lat="46.73478" lon="7.81032">
        <ele>1891.24</ele>
        <time>2026-05-04T01:29:12.1950000+00:00</time>
      </trkpt>
      <trkpt lat="46.7348" lon="7.81032">
        <ele>1891.3</ele>
        <time>2026-05-04T01:29:14.8320000+00:00</time>
      </trkpt>
      <trkpt lat="46.73482" lon="7.81032">
        <ele>1891.35</ele>
        <time>2026-05-04T01:29:17.4670000+00:00</time>
      </trkpt>
      <trkpt lat="46.73484" lon="7.81034">
        <ele>1890.96</ele>
        <time>2026-05-04T01:29:20.6650000+00:00</time>
      </trkpt>
      <trkpt lat="46.73485" lon="7.81035">
        <ele>1890.76</ele>
        <time>2026-05-04T01:29:22.2650000+00:00</time>
      </trkpt>
      <trkpt lat="46.73486" lon="7.81038">
        <ele>1890.11</ele>
        <time>2026-05-04T01:29:25.2810000+00:00</time>
      </trkpt>
      <trkpt lat="46.73487" lon="7.81041">
        <ele>1889.46</ele>
        <time>2026-05-04T01:29:28.2970000+00:00</time>
      </trkpt>
      <trkpt lat="46.73488" lon="7.81042">
        <ele>1889.26</ele>
        <time>2026-05-04T01:29:29.9000000+00:00</time>
      </trkpt>
      <trkpt lat="46.73491" lon="7.81045">
        <ele>1888.68</ele>
        <time>2026-05-04T01:29:34.6940000+00:00</time>
      </trkpt>
      <trkpt lat="46.73493" lon="7.81046">
        <ele>1888.52</ele>
        <time>2026-05-04T01:29:37.4810000+00:00</time>
      </trkpt>
      <trkpt lat="46.73494" lon="7.81048">
        <ele>1888.11</ele>
        <time>2026-05-04T01:29:39.7210000+00:00</time>
      </trkpt>
      <trkpt lat="46.73495" lon="7.81051">
        <ele>1887.47</ele>
        <time>2026-05-04T01:29:42.7370000+00:00</time>
      </trkpt>
      <trkpt lat="46.73496" lon="7.81053">
        <ele>1887.06</ele>
        <time>2026-05-04T01:29:44.9740000+00:00</time>
      </trkpt>
      <trkpt lat="46.73497" lon="7.81054">
        <ele>1886.87</ele>
        <time>2026-05-04T01:29:46.5740000+00:00</time>
      </trkpt>
      <trkpt lat="46.735" lon="7.81054">
        <ele>1886.97</ele>
        <time>2026-05-04T01:29:50.5310000+00:00</time>
      </trkpt>
      <trkpt lat="46.73502" lon="7.81055">
        <ele>1886.82</ele>
        <time>2026-05-04T01:29:53.3200000+00:00</time>
      </trkpt>
      <trkpt lat="46.73504" lon="7.81056">
        <ele>1886.67</ele>
        <time>2026-05-04T01:29:56.1070000+00:00</time>
      </trkpt>
      <trkpt lat="46.73507" lon="7.81057">
        <ele>1886.56</ele>
        <time>2026-05-04T01:30:00.1650000+00:00</time>
      </trkpt>
      <trkpt lat="46.73507" lon="7.81058">
        <ele>1886.34</ele>
        <time>2026-05-04T01:30:01.0660000+00:00</time>
      </trkpt>
      <trkpt lat="46.73509" lon="7.81058">
        <ele>1886.41</ele>
        <time>2026-05-04T01:30:03.7000000+00:00</time>
      </trkpt>
      <trkpt lat="46.7351" lon="7.81058">
        <ele>1886.44</ele>
        <time>2026-05-04T01:30:05.0130000+00:00</time>
      </trkpt>
      <trkpt lat="46.73511" lon="7.81055">
        <ele>1887.14</ele>
        <time>2026-05-04T01:30:08.0250000+00:00</time>
      </trkpt>
      <trkpt lat="46.73512" lon="7.81055">
        <ele>1887.17</ele>
        <time>2026-05-04T01:30:09.3470000+00:00</time>
      </trkpt>
      <trkpt lat="46.73515" lon="7.81055">
        <ele>1887.28</ele>
        <time>2026-05-04T01:30:13.3040000+00:00</time>
      </trkpt>
      <trkpt lat="46.73517" lon="7.81055">
        <ele>1887.35</ele>
        <time>2026-05-04T01:30:15.9420000+00:00</time>
      </trkpt>
      <trkpt lat="46.7352" lon="7.81056">
        <ele>1887.24</ele>
        <time>2026-05-04T01:30:19.9980000+00:00</time>
      </trkpt>
      <trkpt lat="46.7352" lon="7.81057">
        <ele>1887.02</ele>
        <time>2026-05-04T01:30:20.8990000+00:00</time>
      </trkpt>
      <trkpt lat="46.73522" lon="7.81059">
        <ele>1886.66</ele>
        <time>2026-05-04T01:30:24.0940000+00:00</time>
      </trkpt>
      <trkpt lat="46.73526" lon="7.81059">
        <ele>1885.62</ele>
        <time>2026-05-04T01:30:29.3690000+00:00</time>
      </trkpt>
      <trkpt lat="46.7353" lon="7.81062">
        <ele>1883.95</ele>
        <time>2026-05-04T01:30:35.2980000+00:00</time>
      </trkpt>
      <trkpt lat="46.73532" lon="7.81063">
        <ele>1883.24</ele>
        <time>2026-05-04T01:30:38.0830000+00:00</time>
      </trkpt>
      <trkpt lat="46.73533" lon="7.81065">
        <ele>1882.59</ele>
        <time>2026-05-04T01:30:40.3200000+00:00</time>
      </trkpt>
      <trkpt lat="46.73535" lon="7.81066">
        <ele>1881.9</ele>
        <time>2026-05-04T01:30:43.1090000+00:00</time>
      </trkpt>
      <trkpt lat="46.73537" lon="7.81067">
        <ele>1881.21</ele>
        <time>2026-05-04T01:30:45.8980000+00:00</time>
      </trkpt>
      <trkpt lat="46.73539" lon="7.81068">
        <ele>1880.53</ele>
        <time>2026-05-04T01:30:48.6850000+00:00</time>
      </trkpt>
      <trkpt lat="46.73541" lon="7.81069">
        <ele>1879.86</ele>
        <time>2026-05-04T01:30:51.4740000+00:00</time>
      </trkpt>
      <trkpt lat="46.73544" lon="7.81069">
        <ele>1879.12</ele>
        <time>2026-05-04T01:30:55.4300000+00:00</time>
      </trkpt>
      <trkpt lat="46.73548" lon="7.8107">
        <ele>1877.98</ele>
        <time>2026-05-04T01:31:00.7800000+00:00</time>
      </trkpt>
      <trkpt lat="46.73549" lon="7.81071">
        <ele>1877.58</ele>
        <time>2026-05-04T01:31:02.3800000+00:00</time>
      </trkpt>
      <trkpt lat="46.7355" lon="7.8107">
        <ele>1877.5</ele>
        <time>2026-05-04T01:31:03.9800000+00:00</time>
      </trkpt>
      <trkpt lat="46.73553" lon="7.81072">
        <ele>1876.47</ele>
        <time>2026-05-04T01:31:08.3290000+00:00</time>
      </trkpt>
      <trkpt lat="46.73557" lon="7.81074">
        <ele>1875.23</ele>
        <time>2026-05-04T01:31:13.9030000+00:00</time>
      </trkpt>
      <trkpt lat="46.73561" lon="7.81075">
        <ele>1874.16</ele>
        <time>2026-05-04T01:31:19.2520000+00:00</time>
      </trkpt>
      <trkpt lat="46.73563" lon="7.81077">
        <ele>1873.44</ele>
        <time>2026-05-04T01:31:22.4480000+00:00</time>
      </trkpt>
      <trkpt lat="46.73565" lon="7.81078">
        <ele>1872.86</ele>
        <time>2026-05-04T01:31:25.2350000+00:00</time>
      </trkpt>
      <trkpt lat="46.73568" lon="7.81079">
        <ele>1872.07</ele>
        <time>2026-05-04T01:31:29.2920000+00:00</time>
      </trkpt>
      <trkpt lat="46.73571" lon="7.8108">
        <ele>1871.29</ele>
        <time>2026-05-04T01:31:33.3500000+00:00</time>
      </trkpt>
      <trkpt lat="46.73572" lon="7.81082">
        <ele>1870.85</ele>
        <time>2026-05-04T01:31:35.5840000+00:00</time>
      </trkpt>
      <trkpt lat="46.73574" lon="7.81083">
        <ele>1870.31</ele>
        <time>2026-05-04T01:31:38.3690000+00:00</time>
      </trkpt>
      <trkpt lat="46.73577" lon="7.81088">
        <ele>1869.18</ele>
        <time>2026-05-04T01:31:44.3720000+00:00</time>
      </trkpt>
      <trkpt lat="46.7358" lon="7.81094">
        <ele>1868.02</ele>
        <time>2026-05-04T01:31:51.0820000+00:00</time>
      </trkpt>
      <trkpt lat="46.73581" lon="7.81097">
        <ele>1867.57</ele>
        <time>2026-05-04T01:31:54.0960000+00:00</time>
      </trkpt>
      <trkpt lat="46.73582" lon="7.811">
        <ele>1867.14</ele>
        <time>2026-05-04T01:31:57.1120000+00:00</time>
      </trkpt>
      <trkpt lat="46.73582" lon="7.81101">
        <ele>1867.07</ele>
        <time>2026-05-04T01:31:58.0130000+00:00</time>
      </trkpt>
      <trkpt lat="46.73584" lon="7.81102">
        <ele>1866.65</ele>
        <time>2026-05-04T01:32:00.7970000+00:00</time>
      </trkpt>
      <trkpt lat="46.73585" lon="7.81102">
        <ele>1866.48</ele>
        <time>2026-05-04T01:32:02.1150000+00:00</time>
      </trkpt>
      <trkpt lat="46.73588" lon="7.81102">
        <ele>1865.96</ele>
        <time>2026-05-04T01:32:06.0720000+00:00</time>
      </trkpt>
      <trkpt lat="46.73589" lon="7.81102">
        <ele>1865.79</ele>
        <time>2026-05-04T01:32:07.3940000+00:00</time>
      </trkpt>
      <trkpt lat="46.73591" lon="7.81102">
        <ele>1865.44</ele>
        <time>2026-05-04T01:32:10.0340000+00:00</time>
      </trkpt>
      <trkpt lat="46.73592" lon="7.81105">
        <ele>1865.14</ele>
        <time>2026-05-04T01:32:13.0500000+00:00</time>
      </trkpt>
      <trkpt lat="46.73593" lon="7.81105">
        <ele>1864.97</ele>
        <time>2026-05-04T01:32:14.3720000+00:00</time>
      </trkpt>
      <trkpt lat="46.73596" lon="7.81108">
        <ele>1864.37</ele>
        <time>2026-05-04T01:32:19.1680000+00:00</time>
      </trkpt>
      <trkpt lat="46.73598" lon="7.8111">
        <ele>1863.99</ele>
        <time>2026-05-04T01:32:22.3650000+00:00</time>
      </trkpt>
      <trkpt lat="46.736" lon="7.81113">
        <ele>1863.61</ele>
        <time>2026-05-04T01:32:26.1450000+00:00</time>
      </trkpt>
      <trkpt lat="46.73603" lon="7.81116">
        <ele>1863.12</ele>
        <time>2026-05-04T01:32:30.9390000+00:00</time>
      </trkpt>
      <trkpt lat="46.73606" lon="7.81118">
        <ele>1862.6</ele>
        <time>2026-05-04T01:32:35.2890000+00:00</time>
      </trkpt>
      <trkpt lat="46.73607" lon="7.81119">
        <ele>1862.33</ele>
        <time>2026-05-04T01:32:36.8800000+00:00</time>
      </trkpt>
      <trkpt lat="46.7361" lon="7.8112">
        <ele>1861.56</ele>
        <time>2026-05-04T01:32:40.9370000+00:00</time>
      </trkpt>
      <trkpt lat="46.73612" lon="7.8112">
        <ele>1861.05</ele>
        <time>2026-05-04T01:32:43.5740000+00:00</time>
      </trkpt>
      <trkpt lat="46.73615" lon="7.8112">
        <ele>1860.28</ele>
        <time>2026-05-04T01:32:47.5280000+00:00</time>
      </trkpt>
      <trkpt lat="46.73617" lon="7.81119">
        <ele>1859.75</ele>
        <time>2026-05-04T01:32:50.3150000+00:00</time>
      </trkpt>
      <trkpt lat="46.73619" lon="7.81118">
        <ele>1859.21</ele>
        <time>2026-05-04T01:32:53.1040000+00:00</time>
      </trkpt>
      <trkpt lat="46.73621" lon="7.81116">
        <ele>1858.63</ele>
        <time>2026-05-04T01:32:56.3020000+00:00</time>
      </trkpt>
      <trkpt lat="46.73623" lon="7.81114">
        <ele>1858.03</ele>
        <time>2026-05-04T01:32:59.4970000+00:00</time>
      </trkpt>
      <trkpt lat="46.73624" lon="7.81113">
        <ele>1857.71</ele>
        <time>2026-05-04T01:33:01.0970000+00:00</time>
      </trkpt>
      <trkpt lat="46.73626" lon="7.81114">
        <ele>1857.21</ele>
        <time>2026-05-04T01:33:03.8860000+00:00</time>
      </trkpt>
      <trkpt lat="46.73627" lon="7.81114">
        <ele>1856.94</ele>
        <time>2026-05-04T01:33:05.2080000+00:00</time>
      </trkpt>
      <trkpt lat="46.73628" lon="7.81114">
        <ele>1856.67</ele>
        <time>2026-05-04T01:33:06.5310000+00:00</time>
      </trkpt>
      <trkpt lat="46.7363" lon="7.81116">
        <ele>1856.24</ele>
        <time>2026-05-04T01:33:09.7280000+00:00</time>
      </trkpt>
      <trkpt lat="46.7363" lon="7.81118">
        <ele>1856.35</ele>
        <time>2026-05-04T01:33:11.5360000+00:00</time>
      </trkpt>
      <trkpt lat="46.7363" lon="7.81121">
        <ele>1856.51</ele>
        <time>2026-05-04T01:33:14.2470000+00:00</time>
      </trkpt>
      <trkpt lat="46.73631" lon="7.81125">
        <ele>1856.5</ele>
        <time>2026-05-04T01:33:18.0940000+00:00</time>
      </trkpt>
      <trkpt lat="46.73632" lon="7.81126">
        <ele>1856.32</ele>
        <time>2026-05-04T01:33:19.6930000+00:00</time>
      </trkpt>
      <trkpt lat="46.73633" lon="7.81127">
        <ele>1856.14</ele>
        <time>2026-05-04T01:33:21.2930000+00:00</time>
      </trkpt>
      <trkpt lat="46.73634" lon="7.81129">
        <ele>1856.04</ele>
        <time>2026-05-04T01:33:23.5330000+00:00</time>
      </trkpt>
      <trkpt lat="46.73634" lon="7.81132">
        <ele>1856.24</ele>
        <time>2026-05-04T01:33:26.2440000+00:00</time>
      </trkpt>
      <trkpt lat="46.73635" lon="7.81135">
        <ele>1856.22</ele>
        <time>2026-05-04T01:33:29.2600000+00:00</time>
      </trkpt>
      <trkpt lat="46.73636" lon="7.81139">
        <ele>1856.3</ele>
        <time>2026-05-04T01:33:33.1070000+00:00</time>
      </trkpt>
      <trkpt lat="46.73637" lon="7.81142">
        <ele>1856.32</ele>
        <time>2026-05-04T01:33:36.1230000+00:00</time>
      </trkpt>
      <trkpt lat="46.73638" lon="7.81143">
        <ele>1856.2</ele>
        <time>2026-05-04T01:33:37.7220000+00:00</time>
      </trkpt>
      <trkpt lat="46.7364" lon="7.81144">
        <ele>1855.9</ele>
        <time>2026-05-04T01:33:40.5110000+00:00</time>
      </trkpt>
      <trkpt lat="46.73641" lon="7.81144">
        <ele>1855.71</ele>
        <time>2026-05-04T01:33:41.8290000+00:00</time>
      </trkpt>
      <trkpt lat="46.73644" lon="7.81146">
        <ele>1855.33</ele>
        <time>2026-05-04T01:33:46.1770000+00:00</time>
      </trkpt>
      <trkpt lat="46.73646" lon="7.81146">
        <ele>1854.97</ele>
        <time>2026-05-04T01:33:48.8110000+00:00</time>
      </trkpt>
      <trkpt lat="46.73648" lon="7.81148">
        <ele>1854.81</ele>
        <time>2026-05-04T01:33:52.0070000+00:00</time>
      </trkpt>
      <trkpt lat="46.73649" lon="7.8115">
        <ele>1854.85</ele>
        <time>2026-05-04T01:33:54.2470000+00:00</time>
      </trkpt>
      <trkpt lat="46.73652" lon="7.81152">
        <ele>1854.56</ele>
        <time>2026-05-04T01:33:58.5950000+00:00</time>
      </trkpt>
      <trkpt lat="46.73654" lon="7.81153">
        <ele>1854.35</ele>
        <time>2026-05-04T01:34:01.3810000+00:00</time>
      </trkpt>
      <trkpt lat="46.73655" lon="7.81155">
        <ele>1854.43</ele>
        <time>2026-05-04T01:34:03.6160000+00:00</time>
      </trkpt>
      <trkpt lat="46.73656" lon="7.81158">
        <ele>1854.65</ele>
        <time>2026-05-04T01:34:06.6270000+00:00</time>
      </trkpt>
      <trkpt lat="46.73656" lon="7.8116">
        <ele>1854.91</ele>
        <time>2026-05-04T01:34:08.4350000+00:00</time>
      </trkpt>
      <trkpt lat="46.73658" lon="7.81161">
        <ele>1854.75</ele>
        <time>2026-05-04T01:34:11.2220000+00:00</time>
      </trkpt>
      <trkpt lat="46.7366" lon="7.81163">
        <ele>1854.74</ele>
        <time>2026-05-04T01:34:14.4180000+00:00</time>
      </trkpt>
      <trkpt lat="46.7366" lon="7.81166">
        <ele>1855.15</ele>
        <time>2026-05-04T01:34:17.1310000+00:00</time>
      </trkpt>
      <trkpt lat="46.73662" lon="7.81168">
        <ele>1855.18</ele>
        <time>2026-05-04T01:34:20.3260000+00:00</time>
      </trkpt>
      <trkpt lat="46.73664" lon="7.81169">
        <ele>1855.08</ele>
        <time>2026-05-04T01:34:23.1150000+00:00</time>
      </trkpt>
      <trkpt lat="46.73665" lon="7.8117">
        <ele>1855.11</ele>
        <time>2026-05-04T01:34:24.7150000+00:00</time>
      </trkpt>
      <trkpt lat="46.73666" lon="7.81175">
        <ele>1855.77</ele>
        <time>2026-05-04T01:34:29.4210000+00:00</time>
      </trkpt>
      <trkpt lat="46.73667" lon="7.8118">
        <ele>1856.45</ele>
        <time>2026-05-04T01:34:34.1270000+00:00</time>
      </trkpt>
      <trkpt lat="46.73668" lon="7.81185">
        <ele>1856.75</ele>
        <time>2026-05-04T01:34:38.8330000+00:00</time>
      </trkpt>
      <trkpt lat="46.73668" lon="7.81188">
        <ele>1856.77</ele>
        <time>2026-05-04T01:34:41.5440000+00:00</time>
      </trkpt>
      <trkpt lat="46.73669" lon="7.81189">
        <ele>1856.7</ele>
        <time>2026-05-04T01:34:43.1430000+00:00</time>
      </trkpt>
      <trkpt lat="46.7367" lon="7.8119">
        <ele>1856.63</ele>
        <time>2026-05-04T01:34:44.7430000+00:00</time>
      </trkpt>
      <trkpt lat="46.73673" lon="7.81189">
        <ele>1856.4</ele>
        <time>2026-05-04T01:34:48.8000000+00:00</time>
      </trkpt>
      <trkpt lat="46.73677" lon="7.8119">
        <ele>1856.12</ele>
        <time>2026-05-04T01:34:54.1510000+00:00</time>
      </trkpt>
      <trkpt lat="46.73679" lon="7.81189">
        <ele>1855.95</ele>
        <time>2026-05-04T01:34:56.9380000+00:00</time>
      </trkpt>
      <trkpt lat="46.73682" lon="7.8119">
        <ele>1855.76</ele>
        <time>2026-05-04T01:35:00.9930000+00:00</time>
      </trkpt>
      <trkpt lat="46.73684" lon="7.81191">
        <ele>1855.64</ele>
        <time>2026-05-04T01:35:03.7800000+00:00</time>
      </trkpt>
      <trkpt lat="46.73686" lon="7.81193">
        <ele>1855.56</ele>
        <time>2026-05-04T01:35:06.9750000+00:00</time>
      </trkpt>
      <trkpt lat="46.73688" lon="7.81195">
        <ele>1855.49</ele>
        <time>2026-05-04T01:35:10.1710000+00:00</time>
      </trkpt>
      <trkpt lat="46.73689" lon="7.81197">
        <ele>1855.45</ele>
        <time>2026-05-04T01:35:12.4050000+00:00</time>
      </trkpt>
      <trkpt lat="46.7369" lon="7.812">
        <ele>1855.38</ele>
        <time>2026-05-04T01:35:15.4170000+00:00</time>
      </trkpt>
      <trkpt lat="46.7369" lon="7.81204">
        <ele>1855.54</ele>
        <time>2026-05-04T01:35:19.0310000+00:00</time>
      </trkpt>
      <trkpt lat="46.73691" lon="7.81206">
        <ele>1855.45</ele>
        <time>2026-05-04T01:35:21.2710000+00:00</time>
      </trkpt>
      <trkpt lat="46.73691" lon="7.81208">
        <ele>1855.53</ele>
        <time>2026-05-04T01:35:23.0750000+00:00</time>
      </trkpt>
      <trkpt lat="46.73692" lon="7.81209">
        <ele>1855.41</ele>
        <time>2026-05-04T01:35:24.6750000+00:00</time>
      </trkpt>
      <trkpt lat="46.73694" lon="7.8121">
        <ele>1855.13</ele>
        <time>2026-05-04T01:35:27.4640000+00:00</time>
      </trkpt>
      <trkpt lat="46.73695" lon="7.81212">
        <ele>1855.07</ele>
        <time>2026-05-04T01:35:29.7010000+00:00</time>
      </trkpt>
      <trkpt lat="46.73696" lon="7.81213">
        <ele>1854.96</ele>
        <time>2026-05-04T01:35:31.2970000+00:00</time>
      </trkpt>
      <trkpt lat="46.73697" lon="7.81217">
        <ele>1855.02</ele>
        <time>2026-05-04T01:35:35.1440000+00:00</time>
      </trkpt>
      <trkpt lat="46.73698" lon="7.81218">
        <ele>1854.93</ele>
        <time>2026-05-04T01:35:36.7430000+00:00</time>
      </trkpt>
      <trkpt lat="46.737" lon="7.81219">
        <ele>1854.7</ele>
        <time>2026-05-04T01:35:39.5320000+00:00</time>
      </trkpt>
      <trkpt lat="46.73701" lon="7.81222">
        <ele>1854.74</ele>
        <time>2026-05-04T01:35:42.5480000+00:00</time>
      </trkpt>
      <trkpt lat="46.73703" lon="7.81223">
        <ele>1854.53</ele>
        <time>2026-05-04T01:35:45.3380000+00:00</time>
      </trkpt>
      <trkpt lat="46.73705" lon="7.81226">
        <ele>1854.47</ele>
        <time>2026-05-04T01:35:49.1180000+00:00</time>
      </trkpt>
      <trkpt lat="46.73706" lon="7.81227">
        <ele>1854.42</ele>
        <time>2026-05-04T01:35:50.7100000+00:00</time>
      </trkpt>
      <trkpt lat="46.73708" lon="7.81229">
        <ele>1854.31</ele>
        <time>2026-05-04T01:35:53.9050000+00:00</time>
      </trkpt>
      <trkpt lat="46.7371" lon="7.81231">
        <ele>1854.23</ele>
        <time>2026-05-04T01:35:57.1050000+00:00</time>
      </trkpt>
      <trkpt lat="46.73711" lon="7.81233">
        <ele>1854.27</ele>
        <time>2026-05-04T01:35:59.3450000+00:00</time>
      </trkpt>
      <trkpt lat="46.73709" lon="7.81233">
        <ele>1854.5</ele>
        <time>2026-05-04T01:36:01.9790000+00:00</time>
      </trkpt>
      <trkpt lat="46.73704" lon="7.81232">
        <ele>1855</ele>
        <time>2026-05-04T01:36:08.6330000+00:00</time>
      </trkpt>
      <trkpt lat="46.73701" lon="7.81231">
        <ele>1855.29</ele>
        <time>2026-05-04T01:36:12.6900000+00:00</time>
      </trkpt>
      <trkpt lat="46.73696" lon="7.81231">
        <ele>1855.88</ele>
        <time>2026-05-04T01:36:19.2820000+00:00</time>
      </trkpt>
      <trkpt lat="46.73693" lon="7.81231">
        <ele>1856.23</ele>
        <time>2026-05-04T01:36:23.2390000+00:00</time>
      </trkpt>
      <trkpt lat="46.7369" lon="7.81229">
        <ele>1856.51</ele>
        <time>2026-05-04T01:36:27.5880000+00:00</time>
      </trkpt>
      <trkpt lat="46.73687" lon="7.81227">
        <ele>1856.64</ele>
        <time>2026-05-04T01:36:31.9360000+00:00</time>
      </trkpt>
      <trkpt lat="46.73685" lon="7.81227">
        <ele>1856.68</ele>
        <time>2026-05-04T01:36:34.5710000+00:00</time>
      </trkpt>
      <trkpt lat="46.73681" lon="7.81227">
        <ele>1856.76</ele>
        <time>2026-05-04T01:36:39.8450000+00:00</time>
      </trkpt>
      <trkpt lat="46.73678" lon="7.81227">
        <ele>1856.82</ele>
        <time>2026-05-04T01:36:43.7990000+00:00</time>
      </trkpt>
      <trkpt lat="46.73677" lon="7.81227">
        <ele>1856.84</ele>
        <time>2026-05-04T01:36:45.1120000+00:00</time>
      </trkpt>
      <trkpt lat="46.73674" lon="7.81226">
        <ele>1856.88</ele>
        <time>2026-05-04T01:36:49.1700000+00:00</time>
      </trkpt>
      <trkpt lat="46.73673" lon="7.81226">
        <ele>1856.9</ele>
        <time>2026-05-04T01:36:50.4920000+00:00</time>
      </trkpt>
      <trkpt lat="46.73671" lon="7.81225">
        <ele>1856.93</ele>
        <time>2026-05-04T01:36:53.2810000+00:00</time>
      </trkpt>
      <trkpt lat="46.7367" lon="7.81224">
        <ele>1856.95</ele>
        <time>2026-05-04T01:36:54.8810000+00:00</time>
      </trkpt>
      <trkpt lat="46.73668" lon="7.81223">
        <ele>1856.99</ele>
        <time>2026-05-04T01:36:57.6660000+00:00</time>
      </trkpt>
      <trkpt lat="46.73667" lon="7.81222">
        <ele>1857.01</ele>
        <time>2026-05-04T01:36:59.2650000+00:00</time>
      </trkpt>
      <trkpt lat="46.73667" lon="7.8122">
        <ele>1857</ele>
        <time>2026-05-04T01:37:01.0770000+00:00</time>
      </trkpt>
      <trkpt lat="46.73665" lon="7.81218">
        <ele>1857.05</ele>
        <time>2026-05-04T01:37:04.2760000+00:00</time>
      </trkpt>
      <trkpt lat="46.73662" lon="7.81216">
        <ele>1857.16</ele>
        <time>2026-05-04T01:37:08.6260000+00:00</time>
      </trkpt>
      <trkpt lat="46.7366" lon="7.81216">
        <ele>1857.23</ele>
        <time>2026-05-04T01:37:11.2600000+00:00</time>
      </trkpt>
      <trkpt lat="46.73656" lon="7.81215">
        <ele>1857.38</ele>
        <time>2026-05-04T01:37:16.6110000+00:00</time>
      </trkpt>
      <trkpt lat="46.73655" lon="7.81214">
        <ele>1857.43</ele>
        <time>2026-05-04T01:37:18.2070000+00:00</time>
      </trkpt>
      <trkpt lat="46.73655" lon="7.81214">
        <ele>1857.43</ele>
        <time>2026-05-04T01:37:18.2070000+00:00</time>
      </trkpt>
      <trkpt lat="46.73652" lon="7.81212">
        <ele>1857.58</ele>
        <time>2026-05-04T01:37:22.5550000+00:00</time>
      </trkpt>
      <trkpt lat="46.7365" lon="7.81212">
        <ele>1857.66</ele>
        <time>2026-05-04T01:37:25.1900000+00:00</time>
      </trkpt>
      <trkpt lat="46.73649" lon="7.81212">
        <ele>1857.7</ele>
        <time>2026-05-04T01:37:26.5020000+00:00</time>
      </trkpt>
      <trkpt lat="46.73648" lon="7.81213">
        <ele>1857.72</ele>
        <time>2026-05-04T01:37:28.1020000+00:00</time>
      </trkpt>
      <trkpt lat="46.73646" lon="7.81212">
        <ele>1857.83</ele>
        <time>2026-05-04T01:37:30.8890000+00:00</time>
      </trkpt>
      <trkpt lat="46.73645" lon="7.8121">
        <ele>1857.92</ele>
        <time>2026-05-04T01:37:33.1290000+00:00</time>
      </trkpt>
      <trkpt lat="46.73642" lon="7.81209">
        <ele>1858.09</ele>
        <time>2026-05-04T01:37:37.1860000+00:00</time>
      </trkpt>
      <trkpt lat="46.73639" lon="7.81209">
        <ele>1858.22</ele>
        <time>2026-05-04T01:37:41.1410000+00:00</time>
      </trkpt>
      <trkpt lat="46.73636" lon="7.81208">
        <ele>1858.4</ele>
        <time>2026-05-04T01:37:45.1980000+00:00</time>
      </trkpt>
      <trkpt lat="46.73634" lon="7.81208">
        <ele>1858.49</ele>
        <time>2026-05-04T01:37:47.8330000+00:00</time>
      </trkpt>
      <trkpt lat="46.73633" lon="7.81209">
        <ele>1858.5</ele>
        <time>2026-05-04T01:37:49.4330000+00:00</time>
      </trkpt>
      <trkpt lat="46.7363" lon="7.81209">
        <ele>1858.63</ele>
        <time>2026-05-04T01:37:53.3870000+00:00</time>
      </trkpt>
      <trkpt lat="46.73628" lon="7.8121">
        <ele>1858.67</ele>
        <time>2026-05-04T01:37:56.1760000+00:00</time>
      </trkpt>
      <trkpt lat="46.73627" lon="7.81211">
        <ele>1858.66</ele>
        <time>2026-05-04T01:37:57.7750000+00:00</time>
      </trkpt>
      <trkpt lat="46.73625" lon="7.81212">
        <ele>1858.69</ele>
        <time>2026-05-04T01:38:00.5640000+00:00</time>
      </trkpt>
      <trkpt lat="46.73623" lon="7.81213">
        <ele>1858.72</ele>
        <time>2026-05-04T01:38:03.3510000+00:00</time>
      </trkpt>
      <trkpt lat="46.73622" lon="7.81213">
        <ele>1858.76</ele>
        <time>2026-05-04T01:38:04.6690000+00:00</time>
      </trkpt>
      <trkpt lat="46.7362" lon="7.81213">
        <ele>1858.84</ele>
        <time>2026-05-04T01:38:07.3060000+00:00</time>
      </trkpt>
      <trkpt lat="46.73619" lon="7.81214">
        <ele>1858.81</ele>
        <time>2026-05-04T01:38:08.9060000+00:00</time>
      </trkpt>
      <trkpt lat="46.73618" lon="7.81215">
        <ele>1858.79</ele>
        <time>2026-05-04T01:38:10.5050000+00:00</time>
      </trkpt>
      <trkpt lat="46.73616" lon="7.81215">
        <ele>1858.86</ele>
        <time>2026-05-04T01:38:13.1400000+00:00</time>
      </trkpt>
      <trkpt lat="46.73614" lon="7.81216">
        <ele>1858.86</ele>
        <time>2026-05-04T01:38:15.9270000+00:00</time>
      </trkpt>
      <trkpt lat="46.73612" lon="7.81216">
        <ele>1858.93</ele>
        <time>2026-05-04T01:38:18.5620000+00:00</time>
      </trkpt>
      <trkpt lat="46.73611" lon="7.81215">
        <ele>1859.05</ele>
        <time>2026-05-04T01:38:20.1620000+00:00</time>
      </trkpt>
      <trkpt lat="46.73609" lon="7.81214">
        <ele>1859.2</ele>
        <time>2026-05-04T01:38:22.9510000+00:00</time>
      </trkpt>
      <trkpt lat="46.73608" lon="7.81212">
        <ele>1859.4</ele>
        <time>2026-05-04T01:38:25.1910000+00:00</time>
      </trkpt>
      <trkpt lat="46.73607" lon="7.81207">
        <ele>1859.85</ele>
        <time>2026-05-04T01:38:29.8970000+00:00</time>
      </trkpt>
      <trkpt lat="46.73605" lon="7.81205">
        <ele>1860.08</ele>
        <time>2026-05-04T01:38:33.0920000+00:00</time>
      </trkpt>
      <trkpt lat="46.73603" lon="7.81203">
        <ele>1860.16</ele>
        <time>2026-05-04T01:38:36.2920000+00:00</time>
      </trkpt>
      <trkpt lat="46.73601" lon="7.81199">
        <ele>1860.42</ele>
        <time>2026-05-04T01:38:40.7660000+00:00</time>
      </trkpt>
      <trkpt lat="46.736" lon="7.81196">
        <ele>1860.65</ele>
        <time>2026-05-04T01:38:43.7820000+00:00</time>
      </trkpt>
      <trkpt lat="46.73598" lon="7.81193">
        <ele>1860.85</ele>
        <time>2026-05-04T01:38:47.5620000+00:00</time>
      </trkpt>
      <trkpt lat="46.73597" lon="7.8119">
        <ele>1861.09</ele>
        <time>2026-05-04T01:38:50.5780000+00:00</time>
      </trkpt>
      <trkpt lat="46.73595" lon="7.81189">
        <ele>1861.12</ele>
        <time>2026-05-04T01:38:53.3670000+00:00</time>
      </trkpt>
      <trkpt lat="46.73593" lon="7.8119">
        <ele>1860.97</ele>
        <time>2026-05-04T01:38:56.1560000+00:00</time>
      </trkpt>
      <trkpt lat="46.73591" lon="7.81193">
        <ele>1860.61</ele>
        <time>2026-05-04T01:38:59.9370000+00:00</time>
      </trkpt>
      <trkpt lat="46.7359" lon="7.81194">
        <ele>1860.47</ele>
        <time>2026-05-04T01:39:01.5360000+00:00</time>
      </trkpt>
      <trkpt lat="46.73586" lon="7.81193">
        <ele>1860.43</ele>
        <time>2026-05-04T01:39:06.8870000+00:00</time>
      </trkpt>
      <trkpt lat="46.73582" lon="7.81193">
        <ele>1860.29</ele>
        <time>2026-05-04T01:39:12.1610000+00:00</time>
      </trkpt>
      <trkpt lat="46.7358" lon="7.81194">
        <ele>1860.11</ele>
        <time>2026-05-04T01:39:14.9480000+00:00</time>
      </trkpt>
      <trkpt lat="46.73576" lon="7.81193">
        <ele>1860.08</ele>
        <time>2026-05-04T01:39:20.2970000+00:00</time>
      </trkpt>
      <trkpt lat="46.73572" lon="7.81193">
        <ele>1859.95</ele>
        <time>2026-05-04T01:39:25.5700000+00:00</time>
      </trkpt>
      <trkpt lat="46.7357" lon="7.81193">
        <ele>1859.88</ele>
        <time>2026-05-04T01:39:28.2040000+00:00</time>
      </trkpt>
      <trkpt lat="46.73568" lon="7.81194">
        <ele>1859.68</ele>
        <time>2026-05-04T01:39:30.9890000+00:00</time>
      </trkpt>
      <trkpt lat="46.73566" lon="7.81196">
        <ele>1859.37</ele>
        <time>2026-05-04T01:39:34.1860000+00:00</time>
      </trkpt>
      <trkpt lat="46.73565" lon="7.81198">
        <ele>1859.08</ele>
        <time>2026-05-04T01:39:36.4260000+00:00</time>
      </trkpt>
      <trkpt lat="46.73564" lon="7.81199">
        <ele>1858.91</ele>
        <time>2026-05-04T01:39:38.0260000+00:00</time>
      </trkpt>
      <trkpt lat="46.73563" lon="7.812">
        <ele>1858.74</ele>
        <time>2026-05-04T01:39:39.6220000+00:00</time>
      </trkpt>
      <trkpt lat="46.73562" lon="7.81201">
        <ele>1858.58</ele>
        <time>2026-05-04T01:39:41.2180000+00:00</time>
      </trkpt>
      <trkpt lat="46.7356" lon="7.81204">
        <ele>1858.1</ele>
        <time>2026-05-04T01:39:44.9980000+00:00</time>
      </trkpt>
      <trkpt lat="46.73558" lon="7.81206">
        <ele>1857.74</ele>
        <time>2026-05-04T01:39:48.1940000+00:00</time>
      </trkpt>
      <trkpt lat="46.73555" lon="7.81206">
        <ele>1857.6</ele>
        <time>2026-05-04T01:39:52.1510000+00:00</time>
      </trkpt>
      <trkpt lat="46.73553" lon="7.81206">
        <ele>1857.5</ele>
        <time>2026-05-04T01:39:54.7880000+00:00</time>
      </trkpt>
      <trkpt lat="46.73552" lon="7.81208">
        <ele>1857.18</ele>
        <time>2026-05-04T01:39:57.0250000+00:00</time>
      </trkpt>
      <trkpt lat="46.73551" lon="7.81212">
        <ele>1856.58</ele>
        <time>2026-05-04T01:40:00.8720000+00:00</time>
      </trkpt>
      <trkpt lat="46.73551" lon="7.81216">
        <ele>1856.02</ele>
        <time>2026-05-04T01:40:04.4860000+00:00</time>
      </trkpt>
      <trkpt lat="46.7355" lon="7.81217">
        <ele>1855.82</ele>
        <time>2026-05-04T01:40:06.0860000+00:00</time>
      </trkpt>
      <trkpt lat="46.73548" lon="7.81218">
        <ele>1855.56</ele>
        <time>2026-05-04T01:40:08.8750000+00:00</time>
      </trkpt>
      <trkpt lat="46.73546" lon="7.8122">
        <ele>1855.15</ele>
        <time>2026-05-04T01:40:12.0740000+00:00</time>
      </trkpt>
      <trkpt lat="46.73544" lon="7.81222">
        <ele>1854.74</ele>
        <time>2026-05-04T01:40:15.2740000+00:00</time>
      </trkpt>
      <trkpt lat="46.73542" lon="7.81223">
        <ele>1854.46</ele>
        <time>2026-05-04T01:40:18.0630000+00:00</time>
      </trkpt>
      <trkpt lat="46.7354" lon="7.81223">
        <ele>1854.33</ele>
        <time>2026-05-04T01:40:20.7000000+00:00</time>
      </trkpt>
      <trkpt lat="46.73537" lon="7.81221">
        <ele>1854.44</ele>
        <time>2026-05-04T01:40:25.0480000+00:00</time>
      </trkpt>
      <trkpt lat="46.73536" lon="7.81219">
        <ele>1854.69</ele>
        <time>2026-05-04T01:40:27.2880000+00:00</time>
      </trkpt>
      <trkpt lat="46.73535" lon="7.81218">
        <ele>1854.78</ele>
        <time>2026-05-04T01:40:28.8870000+00:00</time>
      </trkpt>
      <trkpt lat="46.73534" lon="7.81218">
        <ele>1854.72</ele>
        <time>2026-05-04T01:40:30.2050000+00:00</time>
      </trkpt>
      <trkpt lat="46.73532" lon="7.81219">
        <ele>1854.44</ele>
        <time>2026-05-04T01:40:32.9920000+00:00</time>
      </trkpt>
      <trkpt lat="46.73529" lon="7.8122">
        <ele>1854.1</ele>
        <time>2026-05-04T01:40:37.0480000+00:00</time>
      </trkpt>
      <trkpt lat="46.73528" lon="7.81221">
        <ele>1853.88</ele>
        <time>2026-05-04T01:40:38.6400000+00:00</time>
      </trkpt>
      <trkpt lat="46.73526" lon="7.81221">
        <ele>1853.75</ele>
        <time>2026-05-04T01:40:41.2780000+00:00</time>
      </trkpt>
      <trkpt lat="46.73524" lon="7.81221">
        <ele>1853.62</ele>
        <time>2026-05-04T01:40:43.9170000+00:00</time>
      </trkpt>
      <trkpt lat="46.73522" lon="7.81221">
        <ele>1853.5</ele>
        <time>2026-05-04T01:40:46.5520000+00:00</time>
      </trkpt>
      <trkpt lat="46.7352" lon="7.81218">
        <ele>1853.85</ele>
        <time>2026-05-04T01:40:50.3330000+00:00</time>
      </trkpt>
      <trkpt lat="46.73516" lon="7.81215">
        <ele>1854.08</ele>
        <time>2026-05-04T01:40:56.2620000+00:00</time>
      </trkpt>
      <trkpt lat="46.73514" lon="7.81213">
        <ele>1854.28</ele>
        <time>2026-05-04T01:40:59.4570000+00:00</time>
      </trkpt>
      <trkpt lat="46.73513" lon="7.81211">
        <ele>1854.56</ele>
        <time>2026-05-04T01:41:01.6940000+00:00</time>
      </trkpt>
      <trkpt lat="46.73511" lon="7.81207">
        <ele>1855.13</ele>
        <time>2026-05-04T01:41:06.1690000+00:00</time>
      </trkpt>
      <trkpt lat="46.73509" lon="7.81204">
        <ele>1855.53</ele>
        <time>2026-05-04T01:41:09.9490000+00:00</time>
      </trkpt>
      <trkpt lat="46.73506" lon="7.81204">
        <ele>1855.34</ele>
        <time>2026-05-04T01:41:13.9030000+00:00</time>
      </trkpt>
      <trkpt lat="46.73506" lon="7.81204">
        <ele>1855.34</ele>
        <time>2026-05-04T01:41:13.9030000+00:00</time>
      </trkpt>
      <trkpt lat="46.73505" lon="7.81203">
        <ele>1855.45</ele>
        <time>2026-05-04T01:41:15.5030000+00:00</time>
      </trkpt>
      <trkpt lat="46.73503" lon="7.81201">
        <ele>1855.69</ele>
        <time>2026-05-04T01:41:18.7000000+00:00</time>
      </trkpt>
      <trkpt lat="46.73501" lon="7.81202">
        <ele>1855.39</ele>
        <time>2026-05-04T01:41:21.4870000+00:00</time>
      </trkpt>
      <trkpt lat="46.735" lon="7.81201">
        <ele>1855.51</ele>
        <time>2026-05-04T01:41:23.0870000+00:00</time>
      </trkpt>
      <trkpt lat="46.735" lon="7.81198">
        <ele>1856.06</ele>
        <time>2026-05-04T01:41:25.8000000+00:00</time>
      </trkpt>
      <trkpt lat="46.73498" lon="7.81196">
        <ele>1856.31</ele>
        <time>2026-05-04T01:41:28.9950000+00:00</time>
      </trkpt>
      <trkpt lat="46.73497" lon="7.81195">
        <ele>1856.44</ele>
        <time>2026-05-04T01:41:30.5950000+00:00</time>
      </trkpt>
      <trkpt lat="46.73496" lon="7.81194">
        <ele>1856.57</ele>
        <time>2026-05-04T01:41:32.1950000+00:00</time>
      </trkpt>
      <trkpt lat="46.73494" lon="7.81194">
        <ele>1856.46</ele>
        <time>2026-05-04T01:41:34.8320000+00:00</time>
      </trkpt>
      <trkpt lat="46.7349" lon="7.81196">
        <ele>1855.85</ele>
        <time>2026-05-04T01:41:40.4080000+00:00</time>
      </trkpt>
      <trkpt lat="46.73487" lon="7.81197">
        <ele>1855.48</ele>
        <time>2026-05-04T01:41:44.4660000+00:00</time>
      </trkpt>
      <trkpt lat="46.73484" lon="7.81197">
        <ele>1855.31</ele>
        <time>2026-05-04T01:41:48.4230000+00:00</time>
      </trkpt>
      <trkpt lat="46.73482" lon="7.81197">
        <ele>1855.19</ele>
        <time>2026-05-04T01:41:51.0610000+00:00</time>
      </trkpt>
      <trkpt lat="46.73482" lon="7.81197">
        <ele>1855.19</ele>
        <time>2026-05-04T01:41:51.0610000+00:00</time>
      </trkpt>
      <trkpt lat="46.73481" lon="7.81197">
        <ele>1855.13</ele>
        <time>2026-05-04T01:41:52.3730000+00:00</time>
      </trkpt>
      <trkpt lat="46.7348" lon="7.81194">
        <ele>1855.67</ele>
        <time>2026-05-04T01:41:55.3850000+00:00</time>
      </trkpt>
      <trkpt lat="46.73479" lon="7.81192">
        <ele>1856.01</ele>
        <time>2026-05-04T01:41:57.6250000+00:00</time>
      </trkpt>
      <trkpt lat="46.73476" lon="7.81191">
        <ele>1856.04</ele>
        <time>2026-05-04T01:42:01.6830000+00:00</time>
      </trkpt>
      <trkpt lat="46.73475" lon="7.81189">
        <ele>1856.39</ele>
        <time>2026-05-04T01:42:03.9230000+00:00</time>
      </trkpt>
      <trkpt lat="46.73473" lon="7.81187">
        <ele>1856.7</ele>
        <time>2026-05-04T01:42:07.1230000+00:00</time>
      </trkpt>
      <trkpt lat="46.73471" lon="7.81185">
        <ele>1857</ele>
        <time>2026-05-04T01:42:10.3200000+00:00</time>
      </trkpt>
      <trkpt lat="46.7347" lon="7.81184">
        <ele>1857.16</ele>
        <time>2026-05-04T01:42:11.9160000+00:00</time>
      </trkpt>
      <trkpt lat="46.7347" lon="7.81185">
        <ele>1856.95</ele>
        <time>2026-05-04T01:42:12.8170000+00:00</time>
      </trkpt>
      <trkpt lat="46.73469" lon="7.81184">
        <ele>1857.11</ele>
        <time>2026-05-04T01:42:14.4160000+00:00</time>
      </trkpt>
      <trkpt lat="46.73467" lon="7.81184">
        <ele>1857.01</ele>
        <time>2026-05-04T01:42:17.0510000+00:00</time>
      </trkpt>
      <trkpt lat="46.73467" lon="7.81185">
        <ele>1856.8</ele>
        <time>2026-05-04T01:42:17.9520000+00:00</time>
      </trkpt>
      <trkpt lat="46.73465" lon="7.81183">
        <ele>1857.12</ele>
        <time>2026-05-04T01:42:21.1470000+00:00</time>
      </trkpt>
      <trkpt lat="46.73464" lon="7.8118">
        <ele>1857.72</ele>
        <time>2026-05-04T01:42:24.1630000+00:00</time>
      </trkpt>
      <trkpt lat="46.73463" lon="7.81179">
        <ele>1857.89</ele>
        <time>2026-05-04T01:42:25.7630000+00:00</time>
      </trkpt>
      <trkpt lat="46.73461" lon="7.81179">
        <ele>1857.79</ele>
        <time>2026-05-04T01:42:28.3980000+00:00</time>
      </trkpt>
      <trkpt lat="46.73459" lon="7.81179">
        <ele>1857.69</ele>
        <time>2026-05-04T01:42:31.0350000+00:00</time>
      </trkpt>
      <trkpt lat="46.73456" lon="7.81179">
        <ele>1857.55</ele>
        <time>2026-05-04T01:42:34.9890000+00:00</time>
      </trkpt>
      <trkpt lat="46.73452" lon="7.81181">
        <ele>1856.93</ele>
        <time>2026-05-04T01:42:40.5640000+00:00</time>
      </trkpt>
      <trkpt lat="46.7345" lon="7.81181">
        <ele>1856.83</ele>
        <time>2026-05-04T01:42:43.2040000+00:00</time>
      </trkpt>
      <trkpt lat="46.73448" lon="7.81182">
        <ele>1856.52</ele>
        <time>2026-05-04T01:42:45.9900000+00:00</time>
      </trkpt>
      <trkpt lat="46.73445" lon="7.81183">
        <ele>1856.15</ele>
        <time>2026-05-04T01:42:50.0470000+00:00</time>
      </trkpt>
      <trkpt lat="46.73442" lon="7.81182">
        <ele>1856.23</ele>
        <time>2026-05-04T01:42:54.1040000+00:00</time>
      </trkpt>
      <trkpt lat="46.7344" lon="7.81182">
        <ele>1856.13</ele>
        <time>2026-05-04T01:42:56.7390000+00:00</time>
      </trkpt>
      <trkpt lat="46.73436" lon="7.81184">
        <ele>1855.46</ele>
        <time>2026-05-04T01:43:02.3140000+00:00</time>
      </trkpt>
      <trkpt lat="46.73432" lon="7.81186">
        <ele>1854.8</ele>
        <time>2026-05-04T01:43:07.8880000+00:00</time>
      </trkpt>
      <trkpt lat="46.73428" lon="7.81186">
        <ele>1854.59</ele>
        <time>2026-05-04T01:43:13.1620000+00:00</time>
      </trkpt>
      <trkpt lat="46.73422" lon="7.81184">
        <ele>1854.67</ele>
        <time>2026-05-04T01:43:21.2760000+00:00</time>
      </trkpt>
      <trkpt lat="46.73418" lon="7.81183">
        <ele>1854.63</ele>
        <time>2026-05-04T01:43:26.6270000+00:00</time>
      </trkpt>
      <trkpt lat="46.73415" lon="7.81183">
        <ele>1854.45</ele>
        <time>2026-05-04T01:43:30.5840000+00:00</time>
      </trkpt>
      <trkpt lat="46.73412" lon="7.81182">
        <ele>1854.46</ele>
        <time>2026-05-04T01:43:34.6420000+00:00</time>
      </trkpt>
      <trkpt lat="46.73409" lon="7.8118">
        <ele>1854.66</ele>
        <time>2026-05-04T01:43:38.9900000+00:00</time>
      </trkpt>
      <trkpt lat="46.73407" lon="7.8118">
        <ele>1854.53</ele>
        <time>2026-05-04T01:43:41.6250000+00:00</time>
      </trkpt>
      <trkpt lat="46.73402" lon="7.81179">
        <ele>1854.41</ele>
        <time>2026-05-04T01:43:48.2780000+00:00</time>
      </trkpt>
      <trkpt lat="46.73398" lon="7.8118">
        <ele>1853.97</ele>
        <time>2026-05-04T01:43:53.6290000+00:00</time>
      </trkpt>
      <trkpt lat="46.73394" lon="7.8118">
        <ele>1853.73</ele>
        <time>2026-05-04T01:43:58.9040000+00:00</time>
      </trkpt>
      <trkpt lat="46.73392" lon="7.81182">
        <ele>1853.25</ele>
        <time>2026-05-04T01:44:02.0990000+00:00</time>
      </trkpt>
      <trkpt lat="46.73389" lon="7.81184">
        <ele>1852.79</ele>
        <time>2026-05-04T01:44:06.4470000+00:00</time>
      </trkpt>
      <trkpt lat="46.73384" lon="7.81186">
        <ele>1852.25</ele>
        <time>2026-05-04T01:44:13.2830000+00:00</time>
      </trkpt>
      <trkpt lat="46.73379" lon="7.81187">
        <ele>1851.87</ele>
        <time>2026-05-04T01:44:19.9360000+00:00</time>
      </trkpt>
      <trkpt lat="46.73378" lon="7.81187">
        <ele>1851.82</ele>
        <time>2026-05-04T01:44:21.2490000+00:00</time>
      </trkpt>
      <trkpt lat="46.73376" lon="7.81188">
        <ele>1851.6</ele>
        <time>2026-05-04T01:44:24.0350000+00:00</time>
      </trkpt>
      <trkpt lat="46.73375" lon="7.81188">
        <ele>1851.56</ele>
        <time>2026-05-04T01:44:25.3580000+00:00</time>
      </trkpt>
      <trkpt lat="46.73374" lon="7.81186">
        <ele>1851.72</ele>
        <time>2026-05-04T01:44:27.5970000+00:00</time>
      </trkpt>
      <trkpt lat="46.73371" lon="7.81184">
        <ele>1851.76</ele>
        <time>2026-05-04T01:44:31.9480000+00:00</time>
      </trkpt>
      <trkpt lat="46.7337" lon="7.81183">
        <ele>1851.8</ele>
        <time>2026-05-04T01:44:33.5440000+00:00</time>
      </trkpt>
      <trkpt lat="46.73368" lon="7.81182">
        <ele>1851.8</ele>
        <time>2026-05-04T01:44:36.3310000+00:00</time>
      </trkpt>
      <trkpt lat="46.73367" lon="7.8118">
        <ele>1852.05</ele>
        <time>2026-05-04T01:44:38.5710000+00:00</time>
      </trkpt>
      <trkpt lat="46.73366" lon="7.81179">
        <ele>1852.14</ele>
        <time>2026-05-04T01:44:40.1700000+00:00</time>
      </trkpt>
      <trkpt lat="46.73363" lon="7.81176">
        <ele>1852.4</ele>
        <time>2026-05-04T01:44:44.9640000+00:00</time>
      </trkpt>
      <trkpt lat="46.73363" lon="7.81173">
        <ele>1852.86</ele>
        <time>2026-05-04T01:44:47.6750000+00:00</time>
      </trkpt>
      <trkpt lat="46.73361" lon="7.81169">
        <ele>1853.31</ele>
        <time>2026-05-04T01:44:52.1480000+00:00</time>
      </trkpt>
      <trkpt lat="46.73359" lon="7.81164">
        <ele>1853.91</ele>
        <time>2026-05-04T01:44:57.3790000+00:00</time>
      </trkpt>
      <trkpt lat="46.73358" lon="7.81161">
        <ele>1854.27</ele>
        <time>2026-05-04T01:45:00.3910000+00:00</time>
      </trkpt>
      <trkpt lat="46.73357" lon="7.8116">
        <ele>1854.34</ele>
        <time>2026-05-04T01:45:01.9860000+00:00</time>
      </trkpt>
      <trkpt lat="46.73354" lon="7.8116">
        <ele>1854.1</ele>
        <time>2026-05-04T01:45:05.9400000+00:00</time>
      </trkpt>
      <trkpt lat="46.73351" lon="7.81158">
        <ele>1854.15</ele>
        <time>2026-05-04T01:45:10.2880000+00:00</time>
      </trkpt>
      <trkpt lat="46.73348" lon="7.81154">
        <ele>1854.45</ele>
        <time>2026-05-04T01:45:15.6460000+00:00</time>
      </trkpt>
      <trkpt lat="46.73346" lon="7.81152">
        <ele>1854.54</ele>
        <time>2026-05-04T01:45:18.8420000+00:00</time>
      </trkpt>
      <trkpt lat="46.73344" lon="7.81149">
        <ele>1854.75</ele>
        <time>2026-05-04T01:45:22.6240000+00:00</time>
      </trkpt>
      <trkpt lat="46.73343" lon="7.81145">
        <ele>1855.17</ele>
        <time>2026-05-04T01:45:26.4720000+00:00</time>
      </trkpt>
      <trkpt lat="46.73342" lon="7.81141">
        <ele>1855.58</ele>
        <time>2026-05-04T01:45:30.3220000+00:00</time>
      </trkpt>
      <trkpt lat="46.73342" lon="7.81137">
        <ele>1856.09</ele>
        <time>2026-05-04T01:45:33.9380000+00:00</time>
      </trkpt>
      <trkpt lat="46.73341" lon="7.81132">
        <ele>1856.61</ele>
        <time>2026-05-04T01:45:38.6470000+00:00</time>
      </trkpt>
      <trkpt lat="46.73341" lon="7.81128">
        <ele>1857.11</ele>
        <time>2026-05-04T01:45:42.2630000+00:00</time>
      </trkpt>
      <trkpt lat="46.73341" lon="7.81124">
        <ele>1857.61</ele>
        <time>2026-05-04T01:45:45.8790000+00:00</time>
      </trkpt>
      <trkpt lat="46.7334" lon="7.81122">
        <ele>1857.73</ele>
        <time>2026-05-04T01:45:48.1160000+00:00</time>
      </trkpt>
      <trkpt lat="46.7334" lon="7.81121">
        <ele>1857.86</ele>
        <time>2026-05-04T01:45:49.0090000+00:00</time>
      </trkpt>
      <trkpt lat="46.73338" lon="7.81121">
        <ele>1857.6</ele>
        <time>2026-05-04T01:45:51.6440000+00:00</time>
      </trkpt>
      <trkpt lat="46.73334" lon="7.81121">
        <ele>1857.09</ele>
        <time>2026-05-04T01:45:56.9170000+00:00</time>
      </trkpt>
      <trkpt lat="46.7333" lon="7.81121">
        <ele>1856.58</ele>
        <time>2026-05-04T01:46:02.1910000+00:00</time>
      </trkpt>
      <trkpt lat="46.73327" lon="7.81119">
        <ele>1856.41</ele>
        <time>2026-05-04T01:46:06.5400000+00:00</time>
      </trkpt>
      <trkpt lat="46.73323" lon="7.81117">
        <ele>1856.09</ele>
        <time>2026-05-04T01:46:12.1150000+00:00</time>
      </trkpt>
      <trkpt lat="46.7332" lon="7.81117">
        <ele>1855.7</ele>
        <time>2026-05-04T01:46:16.0690000+00:00</time>
      </trkpt>
      <trkpt lat="46.73317" lon="7.81117">
        <ele>1855.3</ele>
        <time>2026-05-04T01:46:20.0230000+00:00</time>
      </trkpt>
      <trkpt lat="46.73313" lon="7.81116">
        <ele>1854.85</ele>
        <time>2026-05-04T01:46:25.3730000+00:00</time>
      </trkpt>
      <trkpt lat="46.7331" lon="7.81114">
        <ele>1854.62</ele>
        <time>2026-05-04T01:46:29.7210000+00:00</time>
      </trkpt>
      <trkpt lat="46.73307" lon="7.8111">
        <ele>1854.54</ele>
        <time>2026-05-04T01:46:35.0790000+00:00</time>
      </trkpt>
      <trkpt lat="46.73304" lon="7.81109">
        <ele>1854.19</ele>
        <time>2026-05-04T01:46:39.1360000+00:00</time>
      </trkpt>
      <trkpt lat="46.73301" lon="7.81109">
        <ele>1853.76</ele>
        <time>2026-05-04T01:46:43.0900000+00:00</time>
      </trkpt>
      <trkpt lat="46.73298" lon="7.81109">
        <ele>1853.33</ele>
        <time>2026-05-04T01:46:47.0470000+00:00</time>
      </trkpt>
      <trkpt lat="46.73296" lon="7.81109">
        <ele>1853.04</ele>
        <time>2026-05-04T01:46:49.6820000+00:00</time>
      </trkpt>
      <trkpt lat="46.73293" lon="7.81108">
        <ele>1852.67</ele>
        <time>2026-05-04T01:46:53.7390000+00:00</time>
      </trkpt>
      <trkpt lat="46.7329" lon="7.81108">
        <ele>1852.24</ele>
        <time>2026-05-04T01:46:57.6960000+00:00</time>
      </trkpt>
      <trkpt lat="46.73285" lon="7.81109">
        <ele>1851.47</ele>
        <time>2026-05-04T01:47:04.3490000+00:00</time>
      </trkpt>
      <trkpt lat="46.73279" lon="7.8111">
        <ele>1850.56</ele>
        <time>2026-05-04T01:47:12.3110000+00:00</time>
      </trkpt>
      <trkpt lat="46.73276" lon="7.8111">
        <ele>1850.14</ele>
        <time>2026-05-04T01:47:16.2690000+00:00</time>
      </trkpt>
      <trkpt lat="46.73273" lon="7.8111">
        <ele>1849.71</ele>
        <time>2026-05-04T01:47:20.2230000+00:00</time>
      </trkpt>
      <trkpt lat="46.73269" lon="7.8111">
        <ele>1849.08</ele>
        <time>2026-05-04T01:47:25.4950000+00:00</time>
      </trkpt>
      <trkpt lat="46.73266" lon="7.81108">
        <ele>1848.68</ele>
        <time>2026-05-04T01:47:29.8440000+00:00</time>
      </trkpt>
      <trkpt lat="46.73262" lon="7.81107">
        <ele>1848.08</ele>
        <time>2026-05-04T01:47:35.1950000+00:00</time>
      </trkpt>
      <trkpt lat="46.7326" lon="7.81107">
        <ele>1847.76</ele>
        <time>2026-05-04T01:47:37.8300000+00:00</time>
      </trkpt>
      <trkpt lat="46.73258" lon="7.81102">
        <ele>1847.65</ele>
        <time>2026-05-04T01:47:43.0610000+00:00</time>
      </trkpt>
      <trkpt lat="46.73256" lon="7.81096">
        <ele>1847.91</ele>
        <time>2026-05-04T01:47:49.0890000+00:00</time>
      </trkpt>
      <trkpt lat="46.73255" lon="7.81093">
        <ele>1848.2</ele>
        <time>2026-05-04T01:47:52.1050000+00:00</time>
      </trkpt>
      <trkpt lat="46.73253" lon="7.81091">
        <ele>1848.18</ele>
        <time>2026-05-04T01:47:55.3040000+00:00</time>
      </trkpt>
      <trkpt lat="46.7325" lon="7.8109">
        <ele>1847.86</ele>
        <time>2026-05-04T01:47:59.3610000+00:00</time>
      </trkpt>
      <trkpt lat="46.73246" lon="7.8109">
        <ele>1847.24</ele>
        <time>2026-05-04T01:48:04.6330000+00:00</time>
      </trkpt>
      <trkpt lat="46.73242" lon="7.81091">
        <ele>1846.47</ele>
        <time>2026-05-04T01:48:09.9830000+00:00</time>
      </trkpt>
      <trkpt lat="46.73239" lon="7.81092">
        <ele>1845.86</ele>
        <time>2026-05-04T01:48:14.0410000+00:00</time>
      </trkpt>
      <trkpt lat="46.73237" lon="7.81092">
        <ele>1845.55</ele>
        <time>2026-05-04T01:48:16.6790000+00:00</time>
      </trkpt>
      <trkpt lat="46.73233" lon="7.81093">
        <ele>1844.78</ele>
        <time>2026-05-04T01:48:22.0300000+00:00</time>
      </trkpt>
      <trkpt lat="46.7323" lon="7.81093">
        <ele>1844.31</ele>
        <time>2026-05-04T01:48:25.9850000+00:00</time>
      </trkpt>
      <trkpt lat="46.73228" lon="7.81092">
        <ele>1844.15</ele>
        <time>2026-05-04T01:48:28.7720000+00:00</time>
      </trkpt>
      <trkpt lat="46.73227" lon="7.8109">
        <ele>1844.3</ele>
        <time>2026-05-04T01:48:31.0060000+00:00</time>
      </trkpt>
      <trkpt lat="46.73225" lon="7.81089">
        <ele>1844.14</ele>
        <time>2026-05-04T01:48:33.7950000+00:00</time>
      </trkpt>
      <trkpt lat="46.73223" lon="7.81089">
        <ele>1843.83</ele>
        <time>2026-05-04T01:48:36.4350000+00:00</time>
      </trkpt>
      <trkpt lat="46.7322" lon="7.81091">
        <ele>1843.06</ele>
        <time>2026-05-04T01:48:40.7840000+00:00</time>
      </trkpt>
      <trkpt lat="46.73218" lon="7.81094">
        <ele>1842.3</ele>
        <time>2026-05-04T01:48:44.5650000+00:00</time>
      </trkpt>
      <trkpt lat="46.73218" lon="7.81096">
        <ele>1841.99</ele>
        <time>2026-05-04T01:48:46.3720000+00:00</time>
      </trkpt>
      <trkpt lat="46.73217" lon="7.81097">
        <ele>1841.69</ele>
        <time>2026-05-04T01:48:47.9680000+00:00</time>
      </trkpt>
      <trkpt lat="46.73215" lon="7.81097">
        <ele>1841.38</ele>
        <time>2026-05-04T01:48:50.6030000+00:00</time>
      </trkpt>
      <trkpt lat="46.73213" lon="7.81098">
        <ele>1840.91</ele>
        <time>2026-05-04T01:48:53.3900000+00:00</time>
      </trkpt>
      <trkpt lat="46.73212" lon="7.81101">
        <ele>1840.47</ele>
        <time>2026-05-04T01:48:56.4060000+00:00</time>
      </trkpt>
      <trkpt lat="46.73209" lon="7.81107">
        <ele>1839.62</ele>
        <time>2026-05-04T01:49:03.1180000+00:00</time>
      </trkpt>
      <trkpt lat="46.73208" lon="7.81109">
        <ele>1839.33</ele>
        <time>2026-05-04T01:49:05.3580000+00:00</time>
      </trkpt>
      <trkpt lat="46.73206" lon="7.81113">
        <ele>1838.75</ele>
        <time>2026-05-04T01:49:09.8320000+00:00</time>
      </trkpt>
      <trkpt lat="46.73204" lon="7.81116">
        <ele>1838.23</ele>
        <time>2026-05-04T01:49:13.6160000+00:00</time>
      </trkpt>
      <trkpt lat="46.73201" lon="7.81119">
        <ele>1837.54</ele>
        <time>2026-05-04T01:49:18.4110000+00:00</time>
      </trkpt>
      <trkpt lat="46.73198" lon="7.81123">
        <ele>1836.77</ele>
        <time>2026-05-04T01:49:23.7680000+00:00</time>
      </trkpt>
      <trkpt lat="46.73196" lon="7.81124">
        <ele>1836.37</ele>
        <time>2026-05-04T01:49:26.5570000+00:00</time>
      </trkpt>
      <trkpt lat="46.73195" lon="7.81124">
        <ele>1836.2</ele>
        <time>2026-05-04T01:49:27.8790000+00:00</time>
      </trkpt>
      <trkpt lat="46.73194" lon="7.81123">
        <ele>1836.11</ele>
        <time>2026-05-04T01:49:29.4790000+00:00</time>
      </trkpt>
      <trkpt lat="46.73193" lon="7.8112">
        <ele>1836.15</ele>
        <time>2026-05-04T01:49:32.4930000+00:00</time>
      </trkpt>
      <trkpt lat="46.73191" lon="7.81116">
        <ele>1836.11</ele>
        <time>2026-05-04T01:49:36.9670000+00:00</time>
      </trkpt>
      <trkpt lat="46.73188" lon="7.81113">
        <ele>1835.88</ele>
        <time>2026-05-04T01:49:41.7610000+00:00</time>
      </trkpt>
      <trkpt lat="46.73184" lon="7.81114">
        <ele>1835.32</ele>
        <time>2026-05-04T01:49:47.1120000+00:00</time>
      </trkpt>
      <trkpt lat="46.73181" lon="7.81113">
        <ele>1835.04</ele>
        <time>2026-05-04T01:49:51.1700000+00:00</time>
      </trkpt>
      <trkpt lat="46.7318" lon="7.81112">
        <ele>1834.99</ele>
        <time>2026-05-04T01:49:52.7660000+00:00</time>
      </trkpt>
      <trkpt lat="46.73177" lon="7.81109">
        <ele>1834.88</ele>
        <time>2026-05-04T01:49:57.5600000+00:00</time>
      </trkpt>
      <trkpt lat="46.73175" lon="7.81108">
        <ele>1834.74</ele>
        <time>2026-05-04T01:50:00.3490000+00:00</time>
      </trkpt>
      <trkpt lat="46.73174" lon="7.81103">
        <ele>1835.04</ele>
        <time>2026-05-04T01:50:05.0560000+00:00</time>
      </trkpt>
      <trkpt lat="46.73173" lon="7.811">
        <ele>1835.19</ele>
        <time>2026-05-04T01:50:08.0680000+00:00</time>
      </trkpt>
      <trkpt lat="46.73171" lon="7.81094">
        <ele>1835.93</ele>
        <time>2026-05-04T01:50:14.0970000+00:00</time>
      </trkpt>
      <trkpt lat="46.73168" lon="7.81092">
        <ele>1835.96</ele>
        <time>2026-05-04T01:50:18.4450000+00:00</time>
      </trkpt>
      <trkpt lat="46.73164" lon="7.81089">
        <ele>1836.09</ele>
        <time>2026-05-04T01:50:24.3740000+00:00</time>
      </trkpt>
      <trkpt lat="46.7316" lon="7.81087">
        <ele>1836.05</ele>
        <time>2026-05-04T01:50:29.9500000+00:00</time>
      </trkpt>
      <trkpt lat="46.73158" lon="7.81084">
        <ele>1836.41</ele>
        <time>2026-05-04T01:50:33.7320000+00:00</time>
      </trkpt>
      <trkpt lat="46.73157" lon="7.81084">
        <ele>1836.31</ele>
        <time>2026-05-04T01:50:35.0540000+00:00</time>
      </trkpt>
      <trkpt lat="46.73156" lon="7.81084">
        <ele>1836.22</ele>
        <time>2026-05-04T01:50:36.3760000+00:00</time>
      </trkpt>
      <trkpt lat="46.73152" lon="7.81082">
        <ele>1836.21</ele>
        <time>2026-05-04T01:50:41.9520000+00:00</time>
      </trkpt>
      <trkpt lat="46.7315" lon="7.81082">
        <ele>1836.03</ele>
        <time>2026-05-04T01:50:44.5920000+00:00</time>
      </trkpt>
      <trkpt lat="46.73148" lon="7.81082">
        <ele>1835.84</ele>
        <time>2026-05-04T01:50:47.2270000+00:00</time>
      </trkpt>
      <trkpt lat="46.73146" lon="7.81082">
        <ele>1835.65</ele>
        <time>2026-05-04T01:50:49.8620000+00:00</time>
      </trkpt>
      <trkpt lat="46.73143" lon="7.81082">
        <ele>1835.37</ele>
        <time>2026-05-04T01:50:53.8160000+00:00</time>
      </trkpt>
      <trkpt lat="46.73141" lon="7.81083">
        <ele>1834.99</ele>
        <time>2026-05-04T01:50:56.6050000+00:00</time>
      </trkpt>
      <trkpt lat="46.73139" lon="7.81084">
        <ele>1834.6</ele>
        <time>2026-05-04T01:50:59.3920000+00:00</time>
      </trkpt>
      <trkpt lat="46.73137" lon="7.81088">
        <ele>1833.61</ele>
        <time>2026-05-04T01:51:03.8660000+00:00</time>
      </trkpt>
      <trkpt lat="46.73135" lon="7.81092">
        <ele>1832.6</ele>
        <time>2026-05-04T01:51:08.3380000+00:00</time>
      </trkpt>
      <trkpt lat="46.73133" lon="7.81094">
        <ele>1831.99</ele>
        <time>2026-05-04T01:51:11.5340000+00:00</time>
      </trkpt>
      <trkpt lat="46.73132" lon="7.81095">
        <ele>1831.68</ele>
        <time>2026-05-04T01:51:13.1340000+00:00</time>
      </trkpt>
      <trkpt lat="46.73129" lon="7.81096">
        <ele>1831.16</ele>
        <time>2026-05-04T01:51:17.1920000+00:00</time>
      </trkpt>
      <trkpt lat="46.73127" lon="7.81096">
        <ele>1830.94</ele>
        <time>2026-05-04T01:51:19.8270000+00:00</time>
      </trkpt>
      <trkpt lat="46.73125" lon="7.81098">
        <ele>1830.31</ele>
        <time>2026-05-04T01:51:23.0220000+00:00</time>
      </trkpt>
      <trkpt lat="46.73122" lon="7.81101">
        <ele>1829.51</ele>
        <time>2026-05-04T01:51:27.8180000+00:00</time>
      </trkpt>
      <trkpt lat="46.7312" lon="7.81102">
        <ele>1829.16</ele>
        <time>2026-05-04T01:51:30.6070000+00:00</time>
      </trkpt>
      <trkpt lat="46.73118" lon="7.81103">
        <ele>1828.8</ele>
        <time>2026-05-04T01:51:33.3960000+00:00</time>
      </trkpt>
      <trkpt lat="46.73117" lon="7.81105">
        <ele>1828.42</ele>
        <time>2026-05-04T01:51:35.6360000+00:00</time>
      </trkpt>
      <trkpt lat="46.73116" lon="7.81108">
        <ele>1827.9</ele>
        <time>2026-05-04T01:51:38.6500000+00:00</time>
      </trkpt>
      <trkpt lat="46.73115" lon="7.8111">
        <ele>1827.51</ele>
        <time>2026-05-04T01:51:40.8840000+00:00</time>
      </trkpt>
      <trkpt lat="46.73114" lon="7.8111">
        <ele>1827.4</ele>
        <time>2026-05-04T01:51:42.1970000+00:00</time>
      </trkpt>
      <trkpt lat="46.73112" lon="7.8111">
        <ele>1827.16</ele>
        <time>2026-05-04T01:51:44.8310000+00:00</time>
      </trkpt>
      <trkpt lat="46.7311" lon="7.81113">
        <ele>1826.51</ele>
        <time>2026-05-04T01:51:48.6130000+00:00</time>
      </trkpt>
      <trkpt lat="46.73106" lon="7.81116">
        <ele>1825.59</ele>
        <time>2026-05-04T01:51:54.5430000+00:00</time>
      </trkpt>
      <trkpt lat="46.73103" lon="7.81119">
        <ele>1825.14</ele>
        <time>2026-05-04T01:51:59.3380000+00:00</time>
      </trkpt>
      <trkpt lat="46.73101" lon="7.81121">
        <ele>1824.85</ele>
        <time>2026-05-04T01:52:02.5360000+00:00</time>
      </trkpt>
      <trkpt lat="46.73098" lon="7.81122">
        <ele>1824.71</ele>
        <time>2026-05-04T01:52:06.5920000+00:00</time>
      </trkpt>
      <trkpt lat="46.73097" lon="7.81122">
        <ele>1824.72</ele>
        <time>2026-05-04T01:52:07.9150000+00:00</time>
      </trkpt>
      <trkpt lat="46.73094" lon="7.81122">
        <ele>1824.72</ele>
        <time>2026-05-04T01:52:11.8700000+00:00</time>
      </trkpt>
      <trkpt lat="46.73091" lon="7.81122">
        <ele>1824.73</ele>
        <time>2026-05-04T01:52:15.8260000+00:00</time>
      </trkpt>
      <trkpt lat="46.73088" lon="7.81124">
        <ele>1824.43</ele>
        <time>2026-05-04T01:52:20.1750000+00:00</time>
      </trkpt>
      <trkpt lat="46.73085" lon="7.81125">
        <ele>1824.28</ele>
        <time>2026-05-04T01:52:24.2330000+00:00</time>
      </trkpt>
      <trkpt lat="46.73081" lon="7.81127">
        <ele>1823.98</ele>
        <time>2026-05-04T01:52:29.8080000+00:00</time>
      </trkpt>
      <trkpt lat="46.73076" lon="7.81129">
        <ele>1823.66</ele>
        <time>2026-05-04T01:52:36.6430000+00:00</time>
      </trkpt>
      <trkpt lat="46.73071" lon="7.81136">
        <ele>1822.54</ele>
        <time>2026-05-04T01:52:45.7780000+00:00</time>
      </trkpt>
      <trkpt lat="46.73069" lon="7.81137">
        <ele>1822.37</ele>
        <time>2026-05-04T01:52:48.5670000+00:00</time>
      </trkpt>
      <trkpt lat="46.73066" lon="7.81141">
        <ele>1821.72</ele>
        <time>2026-05-04T01:52:53.9250000+00:00</time>
      </trkpt>
      <trkpt lat="46.73062" lon="7.81141">
        <ele>1821.69</ele>
        <time>2026-05-04T01:52:59.1990000+00:00</time>
      </trkpt>
      <trkpt lat="46.73058" lon="7.81145">
        <ele>1821.01</ele>
        <time>2026-05-04T01:53:05.5930000+00:00</time>
      </trkpt>
      <trkpt lat="46.73055" lon="7.81148">
        <ele>1820.49</ele>
        <time>2026-05-04T01:53:10.3860000+00:00</time>
      </trkpt>
      <trkpt lat="46.73052" lon="7.8115">
        <ele>1820.12</ele>
        <time>2026-05-04T01:53:14.7340000+00:00</time>
      </trkpt>
      <trkpt lat="46.73048" lon="7.81152">
        <ele>1819.75</ele>
        <time>2026-05-04T01:53:20.3090000+00:00</time>
      </trkpt>
      <trkpt lat="46.73046" lon="7.81152">
        <ele>1819.72</ele>
        <time>2026-05-04T01:53:22.9490000+00:00</time>
      </trkpt>
      <trkpt lat="46.73045" lon="7.81152">
        <ele>1819.71</ele>
        <time>2026-05-04T01:53:24.2660000+00:00</time>
      </trkpt>
      <trkpt lat="46.73044" lon="7.81154">
        <ele>1819.36</ele>
        <time>2026-05-04T01:53:26.5060000+00:00</time>
      </trkpt>
      <trkpt lat="46.73041" lon="7.81157">
        <ele>1818.81</ele>
        <time>2026-05-04T01:53:31.3030000+00:00</time>
      </trkpt>
      <trkpt lat="46.73037" lon="7.81158">
        <ele>1818.58</ele>
        <time>2026-05-04T01:53:36.6530000+00:00</time>
      </trkpt>
      <trkpt lat="46.73033" lon="7.8116">
        <ele>1818.18</ele>
        <time>2026-05-04T01:53:42.2290000+00:00</time>
      </trkpt>
      <trkpt lat="46.73032" lon="7.81161">
        <ele>1817.99</ele>
        <time>2026-05-04T01:53:43.8290000+00:00</time>
      </trkpt>
      <trkpt lat="46.73031" lon="7.81163">
        <ele>1817.62</ele>
        <time>2026-05-04T01:53:46.0690000+00:00</time>
      </trkpt>
      <trkpt lat="46.73031" lon="7.81169">
        <ele>1816.56</ele>
        <time>2026-05-04T01:53:51.4930000+00:00</time>
      </trkpt>
      <trkpt lat="46.7303" lon="7.81171">
        <ele>1816.19</ele>
        <time>2026-05-04T01:53:53.7300000+00:00</time>
      </trkpt>
      <trkpt lat="46.73028" lon="7.81173">
        <ele>1815.79</ele>
        <time>2026-05-04T01:53:56.9250000+00:00</time>
      </trkpt>
      <trkpt lat="46.73025" lon="7.81174">
        <ele>1815.56</ele>
        <time>2026-05-04T01:54:00.9810000+00:00</time>
      </trkpt>
      <trkpt lat="46.73022" lon="7.81178">
        <ele>1814.78</ele>
        <time>2026-05-04T01:54:06.3390000+00:00</time>
      </trkpt>
      <trkpt lat="46.7302" lon="7.81182">
        <ele>1814.06</ele>
        <time>2026-05-04T01:54:10.8130000+00:00</time>
      </trkpt>
      <trkpt lat="46.73018" lon="7.81187">
        <ele>1813.35</ele>
        <time>2026-05-04T01:54:16.0440000+00:00</time>
      </trkpt>
      <trkpt lat="46.73018" lon="7.81192">
        <ele>1812.65</ele>
        <time>2026-05-04T01:54:20.5630000+00:00</time>
      </trkpt>
      <trkpt lat="46.73018" lon="7.81196">
        <ele>1812.09</ele>
        <time>2026-05-04T01:54:24.1790000+00:00</time>
      </trkpt>
      <trkpt lat="46.73017" lon="7.81199">
        <ele>1811.69</ele>
        <time>2026-05-04T01:54:27.1910000+00:00</time>
      </trkpt>
      <trkpt lat="46.73016" lon="7.812">
        <ele>1811.57</ele>
        <time>2026-05-04T01:54:28.7870000+00:00</time>
      </trkpt>
      <trkpt lat="46.73011" lon="7.81204">
        <ele>1811.13</ele>
        <time>2026-05-04T01:54:36.3040000+00:00</time>
      </trkpt>
      <trkpt lat="46.73008" lon="7.81208">
        <ele>1810.68</ele>
        <time>2026-05-04T01:54:41.6620000+00:00</time>
      </trkpt>
      <trkpt lat="46.73006" lon="7.8121">
        <ele>1810.47</ele>
        <time>2026-05-04T01:54:44.8570000+00:00</time>
      </trkpt>
      <trkpt lat="46.73004" lon="7.81211">
        <ele>1810.41</ele>
        <time>2026-05-04T01:54:47.6460000+00:00</time>
      </trkpt>
      <trkpt lat="46.73002" lon="7.81212">
        <ele>1810.34</ele>
        <time>2026-05-04T01:54:50.4330000+00:00</time>
      </trkpt>
      <trkpt lat="46.73003" lon="7.81214">
        <ele>1810.06</ele>
        <time>2026-05-04T01:54:52.6700000+00:00</time>
      </trkpt>
      <trkpt lat="46.73004" lon="7.8122">
        <ele>1809.28</ele>
        <time>2026-05-04T01:54:58.2500000+00:00</time>
      </trkpt>
      <trkpt lat="46.73004" lon="7.81223">
        <ele>1808.9</ele>
        <time>2026-05-04T01:55:00.9610000+00:00</time>
      </trkpt>
      <trkpt lat="46.73003" lon="7.81227">
        <ele>1808.44</ele>
        <time>2026-05-04T01:55:04.8080000+00:00</time>
      </trkpt>
      <trkpt lat="46.73001" lon="7.81231">
        <ele>1808.04</ele>
        <time>2026-05-04T01:55:09.2820000+00:00</time>
      </trkpt>
      <trkpt lat="46.72999" lon="7.81233">
        <ele>1807.9</ele>
        <time>2026-05-04T01:55:12.4810000+00:00</time>
      </trkpt>
      <trkpt lat="46.72998" lon="7.81234">
        <ele>1807.83</ele>
        <time>2026-05-04T01:55:14.0810000+00:00</time>
      </trkpt>
      <trkpt lat="46.72995" lon="7.81237">
        <ele>1807.64</ele>
        <time>2026-05-04T01:55:18.8750000+00:00</time>
      </trkpt>
      <trkpt lat="46.72994" lon="7.81237">
        <ele>1807.7</ele>
        <time>2026-05-04T01:55:20.1880000+00:00</time>
      </trkpt>
      <trkpt lat="46.72993" lon="7.81239">
        <ele>1807.52</ele>
        <time>2026-05-04T01:55:22.4250000+00:00</time>
      </trkpt>
      <trkpt lat="46.72992" lon="7.8124">
        <ele>1807.47</ele>
        <time>2026-05-04T01:55:24.0250000+00:00</time>
      </trkpt>
      <trkpt lat="46.7299" lon="7.81242">
        <ele>1807.36</ele>
        <time>2026-05-04T01:55:27.2200000+00:00</time>
      </trkpt>
      <trkpt lat="46.72989" lon="7.81243">
        <ele>1807.31</ele>
        <time>2026-05-04T01:55:28.8200000+00:00</time>
      </trkpt>
      <trkpt lat="46.72987" lon="7.81247">
        <ele>1807</ele>
        <time>2026-05-04T01:55:33.2940000+00:00</time>
      </trkpt>
      <trkpt lat="46.7298" lon="7.81249">
        <ele>1807.25</ele>
        <time>2026-05-04T01:55:42.6980000+00:00</time>
      </trkpt>
      <trkpt lat="46.72975" lon="7.81251">
        <ele>1807.4</ele>
        <time>2026-05-04T01:55:49.5330000+00:00</time>
      </trkpt>
      <trkpt lat="46.72972" lon="7.81258">
        <ele>1806.95</ele>
        <time>2026-05-04T01:55:56.9940000+00:00</time>
      </trkpt>
      <trkpt lat="46.72969" lon="7.81261">
        <ele>1806.91</ele>
        <time>2026-05-04T01:56:01.7890000+00:00</time>
      </trkpt>
      <trkpt lat="46.72965" lon="7.8126">
        <ele>1807.32</ele>
        <time>2026-05-04T01:56:07.1400000+00:00</time>
      </trkpt>
      <trkpt lat="46.72961" lon="7.8126">
        <ele>1807.63</ele>
        <time>2026-05-04T01:56:12.4130000+00:00</time>
      </trkpt>
      <trkpt lat="46.72957" lon="7.81257">
        <ele>1808.18</ele>
        <time>2026-05-04T01:56:18.3430000+00:00</time>
      </trkpt>
      <trkpt lat="46.72953" lon="7.81256">
        <ele>1808.55</ele>
        <time>2026-05-04T01:56:23.6930000+00:00</time>
      </trkpt>
      <trkpt lat="46.72949" lon="7.81256">
        <ele>1808.85</ele>
        <time>2026-05-04T01:56:28.9680000+00:00</time>
      </trkpt>
      <trkpt lat="46.72945" lon="7.81256">
        <ele>1809.15</ele>
        <time>2026-05-04T01:56:34.2400000+00:00</time>
      </trkpt>
      <trkpt lat="46.72944" lon="7.81255">
        <ele>1809.29</ele>
        <time>2026-05-04T01:56:35.8400000+00:00</time>
      </trkpt>
      <trkpt lat="46.72939" lon="7.8125">
        <ele>1809.89</ele>
        <time>2026-05-04T01:56:43.8320000+00:00</time>
      </trkpt>
      <trkpt lat="46.72935" lon="7.81246">
        <ele>1809.25</ele>
        <time>2026-05-04T01:56:50.2260000+00:00</time>
      </trkpt>
      <trkpt lat="46.72932" lon="7.81245">
        <ele>1808.67</ele>
        <time>2026-05-04T01:56:54.2850000+00:00</time>
      </trkpt>
      <trkpt lat="46.72928" lon="7.81246">
        <ele>1807.71</ele>
        <time>2026-05-04T01:56:59.6350000+00:00</time>
      </trkpt>
      <trkpt lat="46.72926" lon="7.81245">
        <ele>1807.37</ele>
        <time>2026-05-04T01:57:02.4210000+00:00</time>
      </trkpt>
      <trkpt lat="46.72921" lon="7.81241">
        <ele>1806.74</ele>
        <time>2026-05-04T01:57:09.9390000+00:00</time>
      </trkpt>
      <trkpt lat="46.7292" lon="7.8124">
        <ele>1806.65</ele>
        <time>2026-05-04T01:57:11.5390000+00:00</time>
      </trkpt>
      <trkpt lat="46.72916" lon="7.81239">
        <ele>1805.97</ele>
        <time>2026-05-04T01:57:16.8900000+00:00</time>
      </trkpt>
      <trkpt lat="46.7291" lon="7.81235">
        <ele>1805.35</ele>
        <time>2026-05-04T01:57:25.5870000+00:00</time>
      </trkpt>
      <trkpt lat="46.72906" lon="7.81233">
        <ele>1804.91</ele>
        <time>2026-05-04T01:57:31.1610000+00:00</time>
      </trkpt>
      <trkpt lat="46.72901" lon="7.8123">
        <ele>1804.51</ele>
        <time>2026-05-04T01:57:38.2890000+00:00</time>
      </trkpt>
      <trkpt lat="46.72897" lon="7.81227">
        <ele>1804.36</ele>
        <time>2026-05-04T01:57:44.2180000+00:00</time>
      </trkpt>
      <trkpt lat="46.72892" lon="7.81219">
        <ele>1805.11</ele>
        <time>2026-05-04T01:57:54.0020000+00:00</time>
      </trkpt>
      <trkpt lat="46.72887" lon="7.81211">
        <ele>1806.08</ele>
        <time>2026-05-04T01:58:03.7850000+00:00</time>
      </trkpt>
      <trkpt lat="46.72882" lon="7.81204">
        <ele>1807.06</ele>
        <time>2026-05-04T01:58:12.9210000+00:00</time>
      </trkpt>
      <trkpt lat="46.7288" lon="7.81201">
        <ele>1807.56</ele>
        <time>2026-05-04T01:58:16.7010000+00:00</time>
      </trkpt>
      <trkpt lat="46.72876" lon="7.81192">
        <ele>1809.38</ele>
        <time>2026-05-04T01:58:26.3940000+00:00</time>
      </trkpt>
      <trkpt lat="46.72873" lon="7.81188">
        <ele>1810.2</ele>
        <time>2026-05-04T01:58:31.7520000+00:00</time>
      </trkpt>
      <trkpt lat="46.7287" lon="7.81179">
        <ele>1812.3</ele>
        <time>2026-05-04T01:58:40.7960000+00:00</time>
      </trkpt>
      <trkpt lat="46.72866" lon="7.81172">
        <ele>1813.87</ele>
        <time>2026-05-04T01:58:49.0310000+00:00</time>
      </trkpt>
      <trkpt lat="46.72862" lon="7.81167">
        <ele>1815</ele>
        <time>2026-05-04T01:58:55.9750000+00:00</time>
      </trkpt>
      <trkpt lat="46.7286" lon="7.81164">
        <ele>1815.7</ele>
        <time>2026-05-04T01:58:59.7570000+00:00</time>
      </trkpt>
      <trkpt lat="46.72858" lon="7.81156">
        <ele>1817.66</ele>
        <time>2026-05-04T01:59:07.4520000+00:00</time>
      </trkpt>
      <trkpt lat="46.72856" lon="7.81153">
        <ele>1818.4</ele>
        <time>2026-05-04T01:59:11.2340000+00:00</time>
      </trkpt>
      <trkpt lat="46.72851" lon="7.8115">
        <ele>1817.58</ele>
        <time>2026-05-04T01:59:18.3620000+00:00</time>
      </trkpt>
      <trkpt lat="46.72847" lon="7.81147">
        <ele>1817.06</ele>
        <time>2026-05-04T01:59:24.2920000+00:00</time>
      </trkpt>
      <trkpt lat="46.72844" lon="7.81143">
        <ele>1817.12</ele>
        <time>2026-05-04T01:59:29.6500000+00:00</time>
      </trkpt>
      <trkpt lat="46.72842" lon="7.81135">
        <ele>1818.51</ele>
        <time>2026-05-04T01:59:37.3460000+00:00</time>
      </trkpt>
      <trkpt lat="46.72841" lon="7.81129">
        <ele>1819.72</ele>
        <time>2026-05-04T01:59:42.9260000+00:00</time>
      </trkpt>
      <trkpt lat="46.7283" lon="7.81122">
        <ele>1818.03</ele>
        <time>2026-05-04T01:59:58.7480000+00:00</time>
      </trkpt>
      <trkpt lat="46.72827" lon="7.81122">
        <ele>1817.08</ele>
        <time>2026-05-04T02:00:02.7010000+00:00</time>
      </trkpt>
      <trkpt lat="46.72825" lon="7.81119">
        <ele>1817.22</ele>
        <time>2026-05-04T02:00:06.4850000+00:00</time>
      </trkpt>
      <trkpt lat="46.72825" lon="7.81114">
        <ele>1818.51</ele>
        <time>2026-05-04T02:00:11.0040000+00:00</time>
      </trkpt>
      <trkpt lat="46.72826" lon="7.81107">
        <ele>1820.62</ele>
        <time>2026-05-04T02:00:17.4660000+00:00</time>
      </trkpt>
      <trkpt lat="46.72825" lon="7.81102">
        <ele>1821.59</ele>
        <time>2026-05-04T02:00:22.1740000+00:00</time>
      </trkpt>
      <trkpt lat="46.72822" lon="7.8109">
        <ele>1823.15</ele>
        <time>2026-05-04T02:00:33.7170000+00:00</time>
      </trkpt>
      <trkpt lat="46.72819" lon="7.81085">
        <ele>1823.2</ele>
        <time>2026-05-04T02:00:39.7220000+00:00</time>
      </trkpt>
      <trkpt lat="46.72812" lon="7.81083">
        <ele>1821.49</ele>
        <time>2026-05-04T02:00:49.1260000+00:00</time>
      </trkpt>
      <trkpt lat="46.72809" lon="7.81079">
        <ele>1821.4</ele>
        <time>2026-05-04T02:00:54.4840000+00:00</time>
      </trkpt>
      <trkpt lat="46.72803" lon="7.81071">
        <ele>1821.26</ele>
        <time>2026-05-04T02:01:05.2010000+00:00</time>
      </trkpt>
      <trkpt lat="46.72799" lon="7.8106">
        <ele>1822.39</ele>
        <time>2026-05-04T02:01:16.4530000+00:00</time>
      </trkpt>
      <trkpt lat="46.72789" lon="7.81051">
        <ele>1821.5</ele>
        <time>2026-05-04T02:01:31.9430000+00:00</time>
      </trkpt>
      <trkpt lat="46.72786" lon="7.8105">
        <ele>1820.89</ele>
        <time>2026-05-04T02:01:36.0020000+00:00</time>
      </trkpt>
      <trkpt lat="46.72782" lon="7.8105">
        <ele>1819.78</ele>
        <time>2026-05-04T02:01:41.2750000+00:00</time>
      </trkpt>
      <trkpt lat="46.72777" lon="7.81053">
        <ele>1817.72</ele>
        <time>2026-05-04T02:01:48.4030000+00:00</time>
      </trkpt>
      <trkpt lat="46.72773" lon="7.81056">
        <ele>1815.92</ele>
        <time>2026-05-04T02:01:54.3330000+00:00</time>
      </trkpt>
      <trkpt lat="46.72771" lon="7.81058">
        <ele>1815.2</ele>
        <time>2026-05-04T02:01:57.5290000+00:00</time>
      </trkpt>
      <trkpt lat="46.72765" lon="7.81066">
        <ele>1812.83</ele>
        <time>2026-05-04T02:02:08.2450000+00:00</time>
      </trkpt>
      <trkpt lat="46.72759" lon="7.81074">
        <ele>1810.56</ele>
        <time>2026-05-04T02:02:18.9610000+00:00</time>
      </trkpt>
      <trkpt lat="46.72755" lon="7.8108">
        <ele>1808.95</ele>
        <time>2026-05-04T02:02:26.5240000+00:00</time>
      </trkpt>
      <trkpt lat="46.7275" lon="7.81085">
        <ele>1807.53</ele>
        <time>2026-05-04T02:02:34.5160000+00:00</time>
      </trkpt>
      <trkpt lat="46.72748" lon="7.81093">
        <ele>1805.75</ele>
        <time>2026-05-04T02:02:42.2120000+00:00</time>
      </trkpt>
      <trkpt lat="46.72747" lon="7.81096">
        <ele>1805.08</ele>
        <time>2026-05-04T02:02:45.2260000+00:00</time>
      </trkpt>
      <trkpt lat="46.72746" lon="7.81108">
        <ele>1802.11</ele>
        <time>2026-05-04T02:02:56.1500000+00:00</time>
      </trkpt>
      <trkpt lat="46.72746" lon="7.81112">
        <ele>1801.08</ele>
        <time>2026-05-04T02:02:59.7660000+00:00</time>
      </trkpt>
      <trkpt lat="46.72744" lon="7.81116">
        <ele>1799.95</ele>
        <time>2026-05-04T02:03:04.2410000+00:00</time>
      </trkpt>
      <trkpt lat="46.72742" lon="7.81122">
        <ele>1798.31</ele>
        <time>2026-05-04T02:03:10.2700000+00:00</time>
      </trkpt>
      <trkpt lat="46.72736" lon="7.81132">
        <ele>1795.45</ele>
        <time>2026-05-04T02:03:22.2810000+00:00</time>
      </trkpt>
      <trkpt lat="46.72734" lon="7.81134">
        <ele>1794.84</ele>
        <time>2026-05-04T02:03:25.4800000+00:00</time>
      </trkpt>
      <trkpt lat="46.72729" lon="7.81137">
        <ele>1793.84</ele>
        <time>2026-05-04T02:03:32.6080000+00:00</time>
      </trkpt>
      <trkpt lat="46.72724" lon="7.81142">
        <ele>1792.34</ele>
        <time>2026-05-04T02:03:40.6000000+00:00</time>
      </trkpt>
      <trkpt lat="46.7272" lon="7.81148">
        <ele>1790.65</ele>
        <time>2026-05-04T02:03:48.1630000+00:00</time>
      </trkpt>
      <trkpt lat="46.72717" lon="7.81151">
        <ele>1789.77</ele>
        <time>2026-05-04T02:03:52.9580000+00:00</time>
      </trkpt>
      <trkpt lat="46.72714" lon="7.81152">
        <ele>1789.39</ele>
        <time>2026-05-04T02:03:57.0160000+00:00</time>
      </trkpt>
      <trkpt lat="46.7271" lon="7.81154">
        <ele>1788.72</ele>
        <time>2026-05-04T02:04:02.5910000+00:00</time>
      </trkpt>
      <trkpt lat="46.72699" lon="7.81154">
        <ele>1788.23</ele>
        <time>2026-05-04T02:04:17.0930000+00:00</time>
      </trkpt>
      <trkpt lat="46.7269" lon="7.81154">
        <ele>1787.83</ele>
        <time>2026-05-04T02:04:28.9580000+00:00</time>
      </trkpt>
      <trkpt lat="46.72678" lon="7.81153">
        <ele>1787.73</ele>
        <time>2026-05-04T02:04:44.8040000+00:00</time>
      </trkpt>
      <trkpt lat="46.7267" lon="7.81153">
        <ele>1787.5</ele>
        <time>2026-05-04T02:04:55.3510000+00:00</time>
      </trkpt>
      <trkpt lat="46.72664" lon="7.81154">
        <ele>1787.09</ele>
        <time>2026-05-04T02:05:03.3120000+00:00</time>
      </trkpt>
      <trkpt lat="46.72657" lon="7.81155">
        <ele>1786.66</ele>
        <time>2026-05-04T02:05:12.5860000+00:00</time>
      </trkpt>
      <trkpt lat="46.72651" lon="7.81155">
        <ele>1786.49</ele>
        <time>2026-05-04T02:05:20.4960000+00:00</time>
      </trkpt>
      <trkpt lat="46.72643" lon="7.81154">
        <ele>1786.5</ele>
        <time>2026-05-04T02:05:31.0820000+00:00</time>
      </trkpt>
      <trkpt lat="46.72634" lon="7.81153">
        <ele>1786.48</ele>
        <time>2026-05-04T02:05:42.9810000+00:00</time>
      </trkpt>
      <trkpt lat="46.7263" lon="7.81153">
        <ele>1786.37</ele>
        <time>2026-05-04T02:05:48.2530000+00:00</time>
      </trkpt>
      <trkpt lat="46.72627" lon="7.81155">
        <ele>1785.82</ele>
        <time>2026-05-04T02:05:52.6020000+00:00</time>
      </trkpt>
      <trkpt lat="46.72623" lon="7.8116">
        <ele>1784.56</ele>
        <time>2026-05-04T02:05:59.5460000+00:00</time>
      </trkpt>
      <trkpt lat="46.7262" lon="7.81164">
        <ele>1783.56</ele>
        <time>2026-05-04T02:06:04.9040000+00:00</time>
      </trkpt>
      <trkpt lat="46.72616" lon="7.81166">
        <ele>1782.99</ele>
        <time>2026-05-04T02:06:10.4780000+00:00</time>
      </trkpt>
      <trkpt lat="46.7261" lon="7.81169">
        <ele>1782.15</ele>
        <time>2026-05-04T02:06:18.8410000+00:00</time>
      </trkpt>
      <trkpt lat="46.72605" lon="7.81173">
        <ele>1781.21</ele>
        <time>2026-05-04T02:06:26.3590000+00:00</time>
      </trkpt>
      <trkpt lat="46.72601" lon="7.81175">
        <ele>1781.05</ele>
        <time>2026-05-04T02:06:31.9350000+00:00</time>
      </trkpt>
      <trkpt lat="46.72596" lon="7.81177">
        <ele>1780.99</ele>
        <time>2026-05-04T02:06:38.7700000+00:00</time>
      </trkpt>
      <trkpt lat="46.72591" lon="7.81181">
        <ele>1780.55</ele>
        <time>2026-05-04T02:06:46.2880000+00:00</time>
      </trkpt>
      <trkpt lat="46.72585" lon="7.81186">
        <ele>1780.19</ele>
        <time>2026-05-04T02:06:55.3960000+00:00</time>
      </trkpt>
      <trkpt lat="46.7258" lon="7.81191">
        <ele>1779.92</ele>
        <time>2026-05-04T02:07:03.3880000+00:00</time>
      </trkpt>
      <trkpt lat="46.72575" lon="7.81197">
        <ele>1779.64</ele>
        <time>2026-05-04T02:07:11.9230000+00:00</time>
      </trkpt>
      <trkpt lat="46.72571" lon="7.812">
        <ele>1779.75</ele>
        <time>2026-05-04T02:07:17.8530000+00:00</time>
      </trkpt>
      <trkpt lat="46.72568" lon="7.81202">
        <ele>1779.91</ele>
        <time>2026-05-04T02:07:22.2030000+00:00</time>
      </trkpt>
      <trkpt lat="46.72567" lon="7.81203">
        <ele>1779.93</ele>
        <time>2026-05-04T02:07:23.8020000+00:00</time>
      </trkpt>
      <trkpt lat="46.72561" lon="7.81205">
        <ele>1780.56</ele>
        <time>2026-05-04T02:07:31.9160000+00:00</time>
      </trkpt>
      <trkpt lat="46.72553" lon="7.81208">
        <ele>1781.46</ele>
        <time>2026-05-04T02:07:42.8060000+00:00</time>
      </trkpt>
      <trkpt lat="46.72546" lon="7.81212">
        <ele>1782.28</ele>
        <time>2026-05-04T02:07:52.7180000+00:00</time>
      </trkpt>
      <trkpt lat="46.7254" lon="7.81214">
        <ele>1783.16</ele>
        <time>2026-05-04T02:08:00.8320000+00:00</time>
      </trkpt>
      <trkpt lat="46.72531" lon="7.81216">
        <ele>1784.61</ele>
        <time>2026-05-04T02:08:12.8340000+00:00</time>
      </trkpt>
      <trkpt lat="46.72523" lon="7.81218">
        <ele>1785.98</ele>
        <time>2026-05-04T02:08:23.5350000+00:00</time>
      </trkpt>
      <trkpt lat="46.72518" lon="7.81221">
        <ele>1785.59</ele>
        <time>2026-05-04T02:08:30.6620000+00:00</time>
      </trkpt>
      <trkpt lat="46.72512" lon="7.81227">
        <ele>1785.21</ele>
        <time>2026-05-04T02:08:40.2530000+00:00</time>
      </trkpt>
      <trkpt lat="46.72507" lon="7.81232">
        <ele>1785</ele>
        <time>2026-05-04T02:08:48.2450000+00:00</time>
      </trkpt>
      <trkpt lat="46.72502" lon="7.81235">
        <ele>1784.8</ele>
        <time>2026-05-04T02:08:55.3730000+00:00</time>
      </trkpt>
      <trkpt lat="46.72493" lon="7.8124">
        <ele>1784.56</ele>
        <time>2026-05-04T02:09:08.0700000+00:00</time>
      </trkpt>
      <trkpt lat="46.72487" lon="7.81244">
        <ele>1784.55</ele>
        <time>2026-05-04T02:09:16.7670000+00:00</time>
      </trkpt>
      <trkpt lat="46.72482" lon="7.81249">
        <ele>1784.73</ele>
        <time>2026-05-04T02:09:24.7600000+00:00</time>
      </trkpt>
      <trkpt lat="46.72477" lon="7.81257">
        <ele>1785.26</ele>
        <time>2026-05-04T02:09:34.5440000+00:00</time>
      </trkpt>
      <trkpt lat="46.72473" lon="7.81261">
        <ele>1785.57</ele>
        <time>2026-05-04T02:09:40.9370000+00:00</time>
      </trkpt>
      <trkpt lat="46.72468" lon="7.81264">
        <ele>1785.83</ele>
        <time>2026-05-04T02:09:48.0640000+00:00</time>
      </trkpt>
      <trkpt lat="46.72462" lon="7.81268">
        <ele>1786.36</ele>
        <time>2026-05-04T02:09:56.7610000+00:00</time>
      </trkpt>
      <trkpt lat="46.72453" lon="7.81271">
        <ele>1786.96</ele>
        <time>2026-05-04T02:10:08.9330000+00:00</time>
      </trkpt>
      <trkpt lat="46.7244" lon="7.81277">
        <ele>1788.45</ele>
        <time>2026-05-04T02:10:26.9080000+00:00</time>
      </trkpt>
      <trkpt lat="46.72432" lon="7.8128">
        <ele>1785.79</ele>
        <time>2026-05-04T02:10:37.7980000+00:00</time>
      </trkpt>
      <trkpt lat="46.72423" lon="7.81282">
        <ele>1782.24</ele>
        <time>2026-05-04T02:10:49.8000000+00:00</time>
      </trkpt>
      <trkpt lat="46.72414" lon="7.81282">
        <ele>1778.29</ele>
        <time>2026-05-04T02:11:01.6650000+00:00</time>
      </trkpt>
      <trkpt lat="46.72405" lon="7.81284">
        <ele>1774.64</ele>
        <time>2026-05-04T02:11:13.6670000+00:00</time>
      </trkpt>
      <trkpt lat="46.72398" lon="7.81286">
        <ele>1771.82</ele>
        <time>2026-05-04T02:11:23.0710000+00:00</time>
      </trkpt>
      <trkpt lat="46.72392" lon="7.81289">
        <ele>1769.52</ele>
        <time>2026-05-04T02:11:31.4340000+00:00</time>
      </trkpt>
      <trkpt lat="46.72388" lon="7.81293">
        <ele>1768.18</ele>
        <time>2026-05-04T02:11:37.8270000+00:00</time>
      </trkpt>
      <trkpt lat="46.7238" lon="7.81302">
        <ele>1765.45</ele>
        <time>2026-05-04T02:11:51.1460000+00:00</time>
      </trkpt>
      <trkpt lat="46.72369" lon="7.8132">
        <ele>1761.71</ele>
        <time>2026-05-04T02:12:12.9390000+00:00</time>
      </trkpt>
      <trkpt lat="46.72361" lon="7.81333">
        <ele>1758.52</ele>
        <time>2026-05-04T02:12:28.7270000+00:00</time>
      </trkpt>
      <trkpt lat="46.72359" lon="7.81341">
        <ele>1757.97</ele>
        <time>2026-05-04T02:12:36.4230000+00:00</time>
      </trkpt>
      <trkpt lat="46.72359" lon="7.81356">
        <ele>1758.75</ele>
        <time>2026-05-04T02:12:49.9800000+00:00</time>
      </trkpt>
      <trkpt lat="46.72358" lon="7.81367">
        <ele>1758.59</ele>
        <time>2026-05-04T02:13:00.0080000+00:00</time>
      </trkpt>
      <trkpt lat="46.72357" lon="7.81378">
        <ele>1758.42</ele>
        <time>2026-05-04T02:13:10.0360000+00:00</time>
      </trkpt>
      <trkpt lat="46.72354" lon="7.81388">
        <ele>1757.12</ele>
        <time>2026-05-04T02:13:19.9020000+00:00</time>
      </trkpt>
      <trkpt lat="46.72353" lon="7.81398">
        <ele>1756.92</ele>
        <time>2026-05-04T02:13:29.0350000+00:00</time>
      </trkpt>
      <trkpt lat="46.72353" lon="7.81411">
        <ele>1757.37</ele>
        <time>2026-05-04T02:13:40.7830000+00:00</time>
      </trkpt>
      <trkpt lat="46.7235" lon="7.81427">
        <ele>1756.23</ele>
        <time>2026-05-04T02:13:55.7740000+00:00</time>
      </trkpt>
      <trkpt lat="46.72346" lon="7.81441">
        <ele>1753.81</ele>
        <time>2026-05-04T02:14:09.4820000+00:00</time>
      </trkpt>
      <trkpt lat="46.72341" lon="7.81452">
        <ele>1750.56</ele>
        <time>2026-05-04T02:14:21.4110000+00:00</time>
      </trkpt>
      <trkpt lat="46.72334" lon="7.81467">
        <ele>1746</ele>
        <time>2026-05-04T02:14:37.8110000+00:00</time>
      </trkpt>
      <trkpt lat="46.72329" lon="7.81484">
        <ele>1742.48</ele>
        <time>2026-05-04T02:14:54.5290000+00:00</time>
      </trkpt>
      <trkpt lat="46.72323" lon="7.81499">
        <ele>1738.43</ele>
        <time>2026-05-04T02:15:10.2250000+00:00</time>
      </trkpt>
      <trkpt lat="46.72321" lon="7.81508">
        <ele>1736.91</ele>
        <time>2026-05-04T02:15:18.7760000+00:00</time>
      </trkpt>
      <trkpt lat="46.7232" lon="7.81524">
        <ele>1735.52</ele>
        <time>2026-05-04T02:15:33.2960000+00:00</time>
      </trkpt>
      <trkpt lat="46.72318" lon="7.81537">
        <ele>1733.58</ele>
        <time>2026-05-04T02:15:45.3370000+00:00</time>
      </trkpt>
      <trkpt lat="46.72312" lon="7.81561">
        <ele>1728.68</ele>
        <time>2026-05-04T02:16:08.4250000+00:00</time>
      </trkpt>
      <trkpt lat="46.72309" lon="7.81573">
        <ele>1726.23</ele>
        <time>2026-05-04T02:16:19.9680000+00:00</time>
      </trkpt>
      <trkpt lat="46.72308" lon="7.81592">
        <ele>1724.52</ele>
        <time>2026-05-04T02:16:37.1910000+00:00</time>
      </trkpt>
      <trkpt lat="46.72307" lon="7.81605">
        <ele>1723.24</ele>
        <time>2026-05-04T02:16:49.0140000+00:00</time>
      </trkpt>
      <trkpt lat="46.72305" lon="7.81616">
        <ele>1721.55</ele>
        <time>2026-05-04T02:16:59.2990000+00:00</time>
      </trkpt>
      <trkpt lat="46.72299" lon="7.81613">
        <ele>1718.24</ele>
        <time>2026-05-04T02:17:07.6610000+00:00</time>
      </trkpt>
      <trkpt lat="46.72298" lon="7.81613">
        <ele>1717.66</ele>
        <time>2026-05-04T02:17:08.9790000+00:00</time>
      </trkpt>
      <trkpt lat="46.72291" lon="7.81612">
        <ele>1713.68</ele>
        <time>2026-05-04T02:17:18.2510000+00:00</time>
      </trkpt>
      <trkpt lat="46.72277" lon="7.81611">
        <ele>1705.65</ele>
        <time>2026-05-04T02:17:36.7300000+00:00</time>
      </trkpt>
      <trkpt lat="46.72268" lon="7.81607">
        <ele>1702.34</ele>
        <time>2026-05-04T02:17:49.1330000+00:00</time>
      </trkpt>
      <trkpt lat="46.72264" lon="7.81603">
        <ele>1701.57</ele>
        <time>2026-05-04T02:17:55.5260000+00:00</time>
      </trkpt>
      <trkpt lat="46.72257" lon="7.81595">
        <ele>1700.39</ele>
        <time>2026-05-04T02:18:07.2490000+00:00</time>
      </trkpt>
      <trkpt lat="46.72256" lon="7.81593">
        <ele>1700.29</ele>
        <time>2026-05-04T02:18:09.4860000+00:00</time>
      </trkpt>
      <trkpt lat="46.7225" lon="7.81604">
        <ele>1698.09</ele>
        <time>2026-05-04T02:18:22.1900000+00:00</time>
      </trkpt>
      <trkpt lat="46.72243" lon="7.81614">
        <ele>1695.63</ele>
        <time>2026-05-04T02:18:35.1070000+00:00</time>
      </trkpt>
      <trkpt lat="46.72236" lon="7.81621">
        <ele>1693.3</ele>
        <time>2026-05-04T02:18:46.2960000+00:00</time>
      </trkpt>
      <trkpt lat="46.7223" lon="7.81626">
        <ele>1691.31</ele>
        <time>2026-05-04T02:18:55.4060000+00:00</time>
      </trkpt>
      <trkpt lat="46.72226" lon="7.81633">
        <ele>1689.64</ele>
        <time>2026-05-04T02:19:03.6420000+00:00</time>
      </trkpt>
      <trkpt lat="46.72222" lon="7.81641">
        <ele>1687.82</ele>
        <time>2026-05-04T02:19:12.5910000+00:00</time>
      </trkpt>
      <trkpt lat="46.72219" lon="7.81648">
        <ele>1686.32</ele>
        <time>2026-05-04T02:19:20.0510000+00:00</time>
      </trkpt>
      <trkpt lat="46.72217" lon="7.81651">
        <ele>1685.47</ele>
        <time>2026-05-04T02:19:23.8330000+00:00</time>
      </trkpt>
      <trkpt lat="46.72214" lon="7.81651">
        <ele>1684.61</ele>
        <time>2026-05-04T02:19:27.7870000+00:00</time>
      </trkpt>
      <trkpt lat="46.72216" lon="7.81656">
        <ele>1684.7</ele>
        <time>2026-05-04T02:19:33.0190000+00:00</time>
      </trkpt>
      <trkpt lat="46.72215" lon="7.81659">
        <ele>1684.11</ele>
        <time>2026-05-04T02:19:36.0350000+00:00</time>
      </trkpt>
      <trkpt lat="46.72215" lon="7.81664">
        <ele>1683.62</ele>
        <time>2026-05-04T02:19:40.5570000+00:00</time>
      </trkpt>
      <trkpt lat="46.72215" lon="7.81666">
        <ele>1683.42</ele>
        <time>2026-05-04T02:19:42.3720000+00:00</time>
      </trkpt>
      <trkpt lat="46.72211" lon="7.81675">
        <ele>1681.31</ele>
        <time>2026-05-04T02:19:52.0660000+00:00</time>
      </trkpt>
      <trkpt lat="46.7221" lon="7.81678">
        <ele>1680.7</ele>
        <time>2026-05-04T02:19:55.0820000+00:00</time>
      </trkpt>
      <trkpt lat="46.7221" lon="7.81688">
        <ele>1679.75</ele>
        <time>2026-05-04T02:20:04.1200000+00:00</time>
      </trkpt>
      <trkpt lat="46.72208" lon="7.81697">
        <ele>1678.3</ele>
        <time>2026-05-04T02:20:12.6700000+00:00</time>
      </trkpt>
      <trkpt lat="46.72207" lon="7.81704">
        <ele>1677.35</ele>
        <time>2026-05-04T02:20:19.1320000+00:00</time>
      </trkpt>
      <trkpt lat="46.72205" lon="7.81708">
        <ele>1676.34</ele>
        <time>2026-05-04T02:20:23.6080000+00:00</time>
      </trkpt>
      <trkpt lat="46.722" lon="7.81718">
        <ele>1673.81</ele>
        <time>2026-05-04T02:20:34.7950000+00:00</time>
      </trkpt>
      <trkpt lat="46.72198" lon="7.81725">
        <ele>1672.51</ele>
        <time>2026-05-04T02:20:41.6490000+00:00</time>
      </trkpt>
      <trkpt lat="46.72197" lon="7.8173">
        <ele>1671.72</ele>
        <time>2026-05-04T02:20:46.3560000+00:00</time>
      </trkpt>
      <trkpt lat="46.72198" lon="7.81735">
        <ele>1671.57</ele>
        <time>2026-05-04T02:20:51.0630000+00:00</time>
      </trkpt>
      <trkpt lat="46.72201" lon="7.81743">
        <ele>1671.81</ele>
        <time>2026-05-04T02:20:59.3050000+00:00</time>
      </trkpt>
      <trkpt lat="46.72199" lon="7.81747">
        <ele>1670.78</ele>
        <time>2026-05-04T02:21:03.7790000+00:00</time>
      </trkpt>
      <trkpt lat="46.72197" lon="7.81752">
        <ele>1669.65</ele>
        <time>2026-05-04T02:21:09.0110000+00:00</time>
      </trkpt>
      <trkpt lat="46.72194" lon="7.81759">
        <ele>1667.99</ele>
        <time>2026-05-04T02:21:16.4720000+00:00</time>
      </trkpt>
      <trkpt lat="46.7219" lon="7.81767">
        <ele>1665.75</ele>
        <time>2026-05-04T02:21:25.4210000+00:00</time>
      </trkpt>
      <trkpt lat="46.72187" lon="7.81773">
        <ele>1663.9</ele>
        <time>2026-05-04T02:21:32.1320000+00:00</time>
      </trkpt>
      <trkpt lat="46.72185" lon="7.8178">
        <ele>1662.11</ele>
        <time>2026-05-04T02:21:38.9860000+00:00</time>
      </trkpt>
      <trkpt lat="46.72186" lon="7.81782">
        <ele>1662.05</ele>
        <time>2026-05-04T02:21:41.2240000+00:00</time>
      </trkpt>
      <trkpt lat="46.72187" lon="7.81785">
        <ele>1661.82</ele>
        <time>2026-05-04T02:21:44.2400000+00:00</time>
      </trkpt>
      <trkpt lat="46.72188" lon="7.81794">
        <ele>1660.58</ele>
        <time>2026-05-04T02:21:52.4800000+00:00</time>
      </trkpt>
      <trkpt lat="46.72192" lon="7.81802">
        <ele>1660.59</ele>
        <time>2026-05-04T02:22:01.4290000+00:00</time>
      </trkpt>
      <trkpt lat="46.72193" lon="7.81809">
        <ele>1659.8</ele>
        <time>2026-05-04T02:22:07.8910000+00:00</time>
      </trkpt>
      <trkpt lat="46.72192" lon="7.81813">
        <ele>1658.76</ele>
        <time>2026-05-04T02:22:11.7380000+00:00</time>
      </trkpt>
      <trkpt lat="46.72189" lon="7.81817">
        <ele>1656.99</ele>
        <time>2026-05-04T02:22:17.0960000+00:00</time>
      </trkpt>
      <trkpt lat="46.72188" lon="7.81821">
        <ele>1655.95</ele>
        <time>2026-05-04T02:22:20.9440000+00:00</time>
      </trkpt>
      <trkpt lat="46.72188" lon="7.81827">
        <ele>1654.92</ele>
        <time>2026-05-04T02:22:26.3670000+00:00</time>
      </trkpt>
      <trkpt lat="46.72188" lon="7.81838">
        <ele>1653.04</ele>
        <time>2026-05-04T02:22:36.3090000+00:00</time>
      </trkpt>
      <trkpt lat="46.7219" lon="7.81848">
        <ele>1652.14</ele>
        <time>2026-05-04T02:22:45.7240000+00:00</time>
      </trkpt>
      <trkpt lat="46.72191" lon="7.81856">
        <ele>1651.21</ele>
        <time>2026-05-04T02:22:53.0740000+00:00</time>
      </trkpt>
      <trkpt lat="46.72194" lon="7.81868">
        <ele>1650.5</ele>
        <time>2026-05-04T02:23:04.6180000+00:00</time>
      </trkpt>
      <trkpt lat="46.72198" lon="7.81878">
        <ele>1650.68</ele>
        <time>2026-05-04T02:23:15.0820000+00:00</time>
      </trkpt>
      <trkpt lat="46.72204" lon="7.81884">
        <ele>1652.51</ele>
        <time>2026-05-04T02:23:24.6720000+00:00</time>
      </trkpt>
      <trkpt lat="46.72206" lon="7.81887">
        <ele>1653</ele>
        <time>2026-05-04T02:23:28.4540000+00:00</time>
      </trkpt>
      <trkpt lat="46.72209" lon="7.81891">
        <ele>1653.85</ele>
        <time>2026-05-04T02:23:33.8120000+00:00</time>
      </trkpt>
      <trkpt lat="46.72211" lon="7.81891">
        <ele>1654.79</ele>
        <time>2026-05-04T02:23:36.4470000+00:00</time>
      </trkpt>
      <trkpt lat="46.72213" lon="7.81894">
        <ele>1655.35</ele>
        <time>2026-05-04T02:23:40.2290000+00:00</time>
      </trkpt>
      <trkpt lat="46.72218" lon="7.81897">
        <ele>1657.36</ele>
        <time>2026-05-04T02:23:47.3570000+00:00</time>
      </trkpt>
      <trkpt lat="46.72224" lon="7.81903">
        <ele>1659.59</ele>
        <time>2026-05-04T02:23:56.9480000+00:00</time>
      </trkpt>
      <trkpt lat="46.72227" lon="7.81908">
        <ele>1660.55</ele>
        <time>2026-05-04T02:24:02.9530000+00:00</time>
      </trkpt>
      <trkpt lat="46.72227" lon="7.81913">
        <ele>1660.03</ele>
        <time>2026-05-04T02:24:07.4730000+00:00</time>
      </trkpt>
      <trkpt lat="46.72225" lon="7.81919">
        <ele>1658.37</ele>
        <time>2026-05-04T02:24:13.5030000+00:00</time>
      </trkpt>
      <trkpt lat="46.72223" lon="7.81932">
        <ele>1655.91</ele>
        <time>2026-05-04T02:24:25.5450000+00:00</time>
      </trkpt>
      <trkpt lat="46.7222" lon="7.81938">
        <ele>1654.01</ele>
        <time>2026-05-04T02:24:32.2580000+00:00</time>
      </trkpt>
      <trkpt lat="46.72215" lon="7.81949">
        <ele>1650.59</ele>
        <time>2026-05-04T02:24:44.1870000+00:00</time>
      </trkpt>
      <trkpt lat="46.72214" lon="7.81953">
        <ele>1649.76</ele>
        <time>2026-05-04T02:24:48.0330000+00:00</time>
      </trkpt>
      <trkpt lat="46.72215" lon="7.81957">
        <ele>1650.12</ele>
        <time>2026-05-04T02:24:51.8800000+00:00</time>
      </trkpt>
      <trkpt lat="46.72216" lon="7.81962">
        <ele>1650.44</ele>
        <time>2026-05-04T02:24:56.5890000+00:00</time>
      </trkpt>
      <trkpt lat="46.72218" lon="7.81973">
        <ele>1651.11</ele>
        <time>2026-05-04T02:25:06.8740000+00:00</time>
      </trkpt>
      <trkpt lat="46.7222" lon="7.81991">
        <ele>1651.56</ele>
        <time>2026-05-04T02:25:23.3550000+00:00</time>
      </trkpt>
      <trkpt lat="46.72222" lon="7.81995">
        <ele>1652.77</ele>
        <time>2026-05-04T02:25:27.8290000+00:00</time>
      </trkpt>
      <trkpt lat="46.72225" lon="7.81998">
        <ele>1654.76</ele>
        <time>2026-05-04T02:25:32.6250000+00:00</time>
      </trkpt>
      <trkpt lat="46.72225" lon="7.82002">
        <ele>1654.62</ele>
        <time>2026-05-04T02:25:36.2410000+00:00</time>
      </trkpt>
      <trkpt lat="46.72227" lon="7.82011">
        <ele>1655.78</ele>
        <time>2026-05-04T02:25:44.7910000+00:00</time>
      </trkpt>
      <trkpt lat="46.72228" lon="7.82014">
        <ele>1656.44</ele>
        <time>2026-05-04T02:25:47.8050000+00:00</time>
      </trkpt>
      <trkpt lat="46.72234" lon="7.82018">
        <ele>1661.27</ele>
        <time>2026-05-04T02:25:56.5030000+00:00</time>
      </trkpt>
      <trkpt lat="46.72234" lon="7.82022">
        <ele>1661.78</ele>
        <time>2026-05-04T02:26:00.1180000+00:00</time>
      </trkpt>
      <trkpt lat="46.72232" lon="7.8203">
        <ele>1661.36</ele>
        <time>2026-05-04T02:26:07.8150000+00:00</time>
      </trkpt>
      <trkpt lat="46.7223" lon="7.82037">
        <ele>1660.87</ele>
        <time>2026-05-04T02:26:14.6690000+00:00</time>
      </trkpt>
      <trkpt lat="46.72229" lon="7.82044">
        <ele>1661.12</ele>
        <time>2026-05-04T02:26:21.1310000+00:00</time>
      </trkpt>
      <trkpt lat="46.72227" lon="7.82046">
        <ele>1660.01</ele>
        <time>2026-05-04T02:26:24.3270000+00:00</time>
      </trkpt>
      <trkpt lat="46.72228" lon="7.82054">
        <ele>1661.8</ele>
        <time>2026-05-04T02:26:31.6750000+00:00</time>
      </trkpt>
      <trkpt lat="46.72228" lon="7.82059">
        <ele>1662.49</ele>
        <time>2026-05-04T02:26:36.1940000+00:00</time>
      </trkpt>
      <trkpt lat="46.72227" lon="7.82062">
        <ele>1662.24</ele>
        <time>2026-05-04T02:26:39.2080000+00:00</time>
      </trkpt>
      <trkpt lat="46.72225" lon="7.82062">
        <ele>1660.92</ele>
        <time>2026-05-04T02:26:41.8430000+00:00</time>
      </trkpt>
      <trkpt lat="46.72223" lon="7.8206">
        <ele>1659.3</ele>
        <time>2026-05-04T02:26:45.0430000+00:00</time>
      </trkpt>
      <trkpt lat="46.72222" lon="7.8206">
        <ele>1658.63</ele>
        <time>2026-05-04T02:26:46.3650000+00:00</time>
      </trkpt>
      <trkpt lat="46.72221" lon="7.82057">
        <ele>1657.51</ele>
        <time>2026-05-04T02:26:49.3810000+00:00</time>
      </trkpt>
      <trkpt lat="46.72219" lon="7.82052">
        <ele>1655.4</ele>
        <time>2026-05-04T02:26:54.6120000+00:00</time>
      </trkpt>
      <trkpt lat="46.72218" lon="7.82049">
        <ele>1654.25</ele>
        <time>2026-05-04T02:26:57.6280000+00:00</time>
      </trkpt>
      <trkpt lat="46.72216" lon="7.82046">
        <ele>1652.41</ele>
        <time>2026-05-04T02:27:01.4100000+00:00</time>
      </trkpt>
      <trkpt lat="46.72214" lon="7.82043">
        <ele>1650.54</ele>
        <time>2026-05-04T02:27:05.1920000+00:00</time>
      </trkpt>
      <trkpt lat="46.72213" lon="7.82047">
        <ele>1650.5</ele>
        <time>2026-05-04T02:27:09.0390000+00:00</time>
      </trkpt>
      <trkpt lat="46.7221" lon="7.82043">
        <ele>1647.75</ele>
        <time>2026-05-04T02:27:14.3970000+00:00</time>
      </trkpt>
      <trkpt lat="46.72208" lon="7.82046">
        <ele>1646.88</ele>
        <time>2026-05-04T02:27:18.1790000+00:00</time>
      </trkpt>
      <trkpt lat="46.72204" lon="7.82047">
        <ele>1644.29</ele>
        <time>2026-05-04T02:27:23.5290000+00:00</time>
      </trkpt>
      <trkpt lat="46.72203" lon="7.82051">
        <ele>1644.33</ele>
        <time>2026-05-04T02:27:27.3770000+00:00</time>
      </trkpt>
      <trkpt lat="46.72199" lon="7.82054">
        <ele>1642.17</ele>
        <time>2026-05-04T02:27:33.3080000+00:00</time>
      </trkpt>
      <trkpt lat="46.72197" lon="7.82053">
        <ele>1640.62</ele>
        <time>2026-05-04T02:27:36.0940000+00:00</time>
      </trkpt>
      <trkpt lat="46.72196" lon="7.82049">
        <ele>1639.17</ele>
        <time>2026-05-04T02:27:39.9410000+00:00</time>
      </trkpt>
      <trkpt lat="46.72195" lon="7.82048">
        <ele>1638.29</ele>
        <time>2026-05-04T02:27:41.5410000+00:00</time>
      </trkpt>
      <trkpt lat="46.72193" lon="7.8205">
        <ele>1637.31</ele>
        <time>2026-05-04T02:27:44.7360000+00:00</time>
      </trkpt>
      <trkpt lat="46.72192" lon="7.82053">
        <ele>1637.23</ele>
        <time>2026-05-04T02:27:47.7500000+00:00</time>
      </trkpt>
      <trkpt lat="46.72191" lon="7.82055">
        <ele>1636.95</ele>
        <time>2026-05-04T02:27:49.9900000+00:00</time>
      </trkpt>
      <trkpt lat="46.72189" lon="7.82052">
        <ele>1635.09</ele>
        <time>2026-05-04T02:27:53.7740000+00:00</time>
      </trkpt>
      <trkpt lat="46.72187" lon="7.82051">
        <ele>1633.76</ele>
        <time>2026-05-04T02:27:56.5630000+00:00</time>
      </trkpt>
      <trkpt lat="46.72184" lon="7.82052">
        <ele>1632.29</ele>
        <time>2026-05-04T02:28:00.6180000+00:00</time>
      </trkpt>
      <trkpt lat="46.72183" lon="7.82056">
        <ele>1632.59</ele>
        <time>2026-05-04T02:28:04.4650000+00:00</time>
      </trkpt>
      <trkpt lat="46.72181" lon="7.82059">
        <ele>1632.13</ele>
        <time>2026-05-04T02:28:08.2490000+00:00</time>
      </trkpt>
      <trkpt lat="46.72178" lon="7.82061">
        <ele>1630.93</ele>
        <time>2026-05-04T02:28:12.5980000+00:00</time>
      </trkpt>
      <trkpt lat="46.72176" lon="7.82059">
        <ele>1629.39</ele>
        <time>2026-05-04T02:28:15.7970000+00:00</time>
      </trkpt>
      <trkpt lat="46.72172" lon="7.82057">
        <ele>1626.73</ele>
        <time>2026-05-04T02:28:21.3730000+00:00</time>
      </trkpt>
      <trkpt lat="46.72169" lon="7.82054">
        <ele>1624.37</ele>
        <time>2026-05-04T02:28:26.1700000+00:00</time>
      </trkpt>
      <trkpt lat="46.72166" lon="7.82054">
        <ele>1622.7</ele>
        <time>2026-05-04T02:28:30.1250000+00:00</time>
      </trkpt>
      <trkpt lat="46.72163" lon="7.82049">
        <ele>1619.82</ele>
        <time>2026-05-04T02:28:36.1300000+00:00</time>
      </trkpt>
      <trkpt lat="46.72161" lon="7.82048">
        <ele>1618.45</ele>
        <time>2026-05-04T02:28:38.9190000+00:00</time>
      </trkpt>
      <trkpt lat="46.72159" lon="7.82051">
        <ele>1618.06</ele>
        <time>2026-05-04T02:28:42.7030000+00:00</time>
      </trkpt>
      <trkpt lat="46.72158" lon="7.82055">
        <ele>1618.5</ele>
        <time>2026-05-04T02:28:46.5500000+00:00</time>
      </trkpt>
      <trkpt lat="46.72157" lon="7.82055">
        <ele>1617.95</ele>
        <time>2026-05-04T02:28:47.8670000+00:00</time>
      </trkpt>
      <trkpt lat="46.72156" lon="7.82052">
        <ele>1616.64</ele>
        <time>2026-05-04T02:28:50.8810000+00:00</time>
      </trkpt>
      <trkpt lat="46.72154" lon="7.82055">
        <ele>1616.28</ele>
        <time>2026-05-04T02:28:54.6610000+00:00</time>
      </trkpt>
      <trkpt lat="46.72151" lon="7.82055">
        <ele>1614.62</ele>
        <time>2026-05-04T02:28:58.6170000+00:00</time>
      </trkpt>
      <trkpt lat="46.72151" lon="7.8206">
        <ele>1615.92</ele>
        <time>2026-05-04T02:29:03.1360000+00:00</time>
      </trkpt>
      <trkpt lat="46.72148" lon="7.82059">
        <ele>1614.01</ele>
        <time>2026-05-04T02:29:07.1930000+00:00</time>
      </trkpt>
      <trkpt lat="46.72147" lon="7.82056">
        <ele>1612.67</ele>
        <time>2026-05-04T02:29:10.2090000+00:00</time>
      </trkpt>
      <trkpt lat="46.72146" lon="7.82052">
        <ele>1611.04</ele>
        <time>2026-05-04T02:29:14.0560000+00:00</time>
      </trkpt>
      <trkpt lat="46.72144" lon="7.8205">
        <ele>1609.39</ele>
        <time>2026-05-04T02:29:17.2510000+00:00</time>
      </trkpt>
      <trkpt lat="46.72142" lon="7.8205">
        <ele>1608.26</ele>
        <time>2026-05-04T02:29:19.8860000+00:00</time>
      </trkpt>
      <trkpt lat="46.72141" lon="7.82053">
        <ele>1608.52</ele>
        <time>2026-05-04T02:29:22.9020000+00:00</time>
      </trkpt>
      <trkpt lat="46.72139" lon="7.82056">
        <ele>1608.24</ele>
        <time>2026-05-04T02:29:26.6840000+00:00</time>
      </trkpt>
      <trkpt lat="46.72136" lon="7.8206">
        <ele>1607.71</ele>
        <time>2026-05-04T02:29:32.0420000+00:00</time>
      </trkpt>
      <trkpt lat="46.72134" lon="7.82059">
        <ele>1606.33</ele>
        <time>2026-05-04T02:29:34.8290000+00:00</time>
      </trkpt>
      <trkpt lat="46.7213" lon="7.82058">
        <ele>1603.84</ele>
        <time>2026-05-04T02:29:40.1790000+00:00</time>
      </trkpt>
      <trkpt lat="46.7213" lon="7.82054">
        <ele>1602.68</ele>
        <time>2026-05-04T02:29:43.7940000+00:00</time>
      </trkpt>
      <trkpt lat="46.7213" lon="7.8205">
        <ele>1601.52</ele>
        <time>2026-05-04T02:29:47.4100000+00:00</time>
      </trkpt>
      <trkpt lat="46.72133" lon="7.82046">
        <ele>1602.06</ele>
        <time>2026-05-04T02:29:52.7680000+00:00</time>
      </trkpt>
      <trkpt lat="46.72131" lon="7.8204">
        <ele>1599.19</ele>
        <time>2026-05-04T02:29:58.7960000+00:00</time>
      </trkpt>
      <trkpt lat="46.72129" lon="7.82041">
        <ele>1598.33</ele>
        <time>2026-05-04T02:30:01.5850000+00:00</time>
      </trkpt>
      <trkpt lat="46.72125" lon="7.82044">
        <ele>1596.92</ele>
        <time>2026-05-04T02:30:07.5150000+00:00</time>
      </trkpt>
      <trkpt lat="46.72121" lon="7.82048">
        <ele>1595.85</ele>
        <time>2026-05-04T02:30:13.9080000+00:00</time>
      </trkpt>
      <trkpt lat="46.72119" lon="7.82047">
        <ele>1594.42</ele>
        <time>2026-05-04T02:30:16.6950000+00:00</time>
      </trkpt>
      <trkpt lat="46.72118" lon="7.8205">
        <ele>1594.77</ele>
        <time>2026-05-04T02:30:19.7110000+00:00</time>
      </trkpt>
      <trkpt lat="46.72116" lon="7.82055">
        <ele>1595.2</ele>
        <time>2026-05-04T02:30:24.9420000+00:00</time>
      </trkpt>
      <trkpt lat="46.72115" lon="7.82059">
        <ele>1595.9</ele>
        <time>2026-05-04T02:30:28.7890000+00:00</time>
      </trkpt>
      <trkpt lat="46.72114" lon="7.82059">
        <ele>1595.35</ele>
        <time>2026-05-04T02:30:30.1010000+00:00</time>
      </trkpt>
      <trkpt lat="46.72112" lon="7.82056">
        <ele>1593.3</ele>
        <time>2026-05-04T02:30:33.8830000+00:00</time>
      </trkpt>
      <trkpt lat="46.7211" lon="7.82051">
        <ele>1590.6</ele>
        <time>2026-05-04T02:30:39.1140000+00:00</time>
      </trkpt>
      <trkpt lat="46.72108" lon="7.82047">
        <ele>1588.19</ele>
        <time>2026-05-04T02:30:43.5890000+00:00</time>
      </trkpt>
      <trkpt lat="46.72108" lon="7.82044">
        <ele>1587.22</ele>
        <time>2026-05-04T02:30:46.3020000+00:00</time>
      </trkpt>
      <trkpt lat="46.7211" lon="7.82035">
        <ele>1585.49</ele>
        <time>2026-05-04T02:30:54.8520000+00:00</time>
      </trkpt>
      <trkpt lat="46.72108" lon="7.82033">
        <ele>1583.68</ele>
        <time>2026-05-04T02:30:58.0480000+00:00</time>
      </trkpt>
      <trkpt lat="46.72104" lon="7.82034">
        <ele>1582.29</ele>
        <time>2026-05-04T02:31:03.3990000+00:00</time>
      </trkpt>
      <trkpt lat="46.72098" lon="7.82033">
        <ele>1579.91</ele>
        <time>2026-05-04T02:31:11.3600000+00:00</time>
      </trkpt>
      <trkpt lat="46.72088" lon="7.8203">
        <ele>1575.43</ele>
        <time>2026-05-04T02:31:24.8190000+00:00</time>
      </trkpt>
      <trkpt lat="46.7208" lon="7.82026">
        <ele>1571.18</ele>
        <time>2026-05-04T02:31:35.9690000+00:00</time>
      </trkpt>
      <trkpt lat="46.72076" lon="7.82024">
        <ele>1569.02</ele>
        <time>2026-05-04T02:31:41.5420000+00:00</time>
      </trkpt>
      <trkpt lat="46.72074" lon="7.82021">
        <ele>1567.16</ele>
        <time>2026-05-04T02:31:45.3240000+00:00</time>
      </trkpt>
      <trkpt lat="46.72073" lon="7.82019">
        <ele>1566.03</ele>
        <time>2026-05-04T02:31:47.5640000+00:00</time>
      </trkpt>
      <trkpt lat="46.72072" lon="7.82016">
        <ele>1564.52</ele>
        <time>2026-05-04T02:31:50.5780000+00:00</time>
      </trkpt>
      <trkpt lat="46.7207" lon="7.82016">
        <ele>1563.77</ele>
        <time>2026-05-04T02:31:53.2130000+00:00</time>
      </trkpt>
      <trkpt lat="46.72069" lon="7.82018">
        <ele>1564.18</ele>
        <time>2026-05-04T02:31:55.4470000+00:00</time>
      </trkpt>
      <trkpt lat="46.72069" lon="7.82019">
        <ele>1564.57</ele>
        <time>2026-05-04T02:31:56.3480000+00:00</time>
      </trkpt>
      <trkpt lat="46.72068" lon="7.8202">
        <ele>1564.6</ele>
        <time>2026-05-04T02:31:57.9470000+00:00</time>
      </trkpt>
      <trkpt lat="46.72067" lon="7.82019">
        <ele>1563.84</ele>
        <time>2026-05-04T02:31:59.5470000+00:00</time>
      </trkpt>
      <trkpt lat="46.72066" lon="7.82017">
        <ele>1562.69</ele>
        <time>2026-05-04T02:32:01.7870000+00:00</time>
      </trkpt>
      <trkpt lat="46.72064" lon="7.82013">
        <ele>1561.23</ele>
        <time>2026-05-04T02:32:06.2610000+00:00</time>
      </trkpt>
      <trkpt lat="46.72062" lon="7.82012">
        <ele>1560.51</ele>
        <time>2026-05-04T02:32:09.0500000+00:00</time>
      </trkpt>
      <trkpt lat="46.72062" lon="7.82017">
        <ele>1561.21</ele>
        <time>2026-05-04T02:32:13.5690000+00:00</time>
      </trkpt>
      <trkpt lat="46.72059" lon="7.82017">
        <ele>1560.1</ele>
        <time>2026-05-04T02:32:17.5250000+00:00</time>
      </trkpt>
      <trkpt lat="46.72056" lon="7.82014">
        <ele>1558.2</ele>
        <time>2026-05-04T02:32:22.3200000+00:00</time>
      </trkpt>
      <trkpt lat="46.72054" lon="7.82011">
        <ele>1557.52</ele>
        <time>2026-05-04T02:32:26.1000000+00:00</time>
      </trkpt>
      <trkpt lat="46.72051" lon="7.8201">
        <ele>1556.41</ele>
        <time>2026-05-04T02:32:30.1590000+00:00</time>
      </trkpt>
      <trkpt lat="46.72049" lon="7.82015">
        <ele>1555.57</ele>
        <time>2026-05-04T02:32:35.3910000+00:00</time>
      </trkpt>
      <trkpt lat="46.72044" lon="7.82024">
        <ele>1557.6</ele>
        <time>2026-05-04T02:32:45.8610000+00:00</time>
      </trkpt>
      <trkpt lat="46.72044" lon="7.82025">
        <ele>1558.03</ele>
        <time>2026-05-04T02:32:46.7620000+00:00</time>
      </trkpt>
      <trkpt lat="46.72042" lon="7.82025">
        <ele>1557.32</ele>
        <time>2026-05-04T02:32:49.3990000+00:00</time>
      </trkpt>
      <trkpt lat="46.72037" lon="7.82024">
        <ele>1555.1</ele>
        <time>2026-05-04T02:32:56.0540000+00:00</time>
      </trkpt>
      <trkpt lat="46.7203" lon="7.82022">
        <ele>1551.69</ele>
        <time>2026-05-04T02:33:05.4590000+00:00</time>
      </trkpt>
      <trkpt lat="46.72023" lon="7.82022">
        <ele>1549.23</ele>
        <time>2026-05-04T02:33:14.6880000+00:00</time>
      </trkpt>
      <trkpt lat="46.72018" lon="7.82022">
        <ele>1548.41</ele>
        <time>2026-05-04T02:33:21.2800000+00:00</time>
      </trkpt>
      <trkpt lat="46.72012" lon="7.82022">
        <ele>1547.42</ele>
        <time>2026-05-04T02:33:29.1890000+00:00</time>
      </trkpt>
      <trkpt lat="46.72008" lon="7.82022">
        <ele>1546.76</ele>
        <time>2026-05-04T02:33:34.4630000+00:00</time>
      </trkpt>
      <trkpt lat="46.72004" lon="7.82023">
        <ele>1546.57</ele>
        <time>2026-05-04T02:33:39.8140000+00:00</time>
      </trkpt>
      <trkpt lat="46.71997" lon="7.82023">
        <ele>1545.42</ele>
        <time>2026-05-04T02:33:49.0420000+00:00</time>
      </trkpt>
      <trkpt lat="46.71991" lon="7.82023">
        <ele>1544.43</ele>
        <time>2026-05-04T02:33:56.9530000+00:00</time>
      </trkpt>
      <trkpt lat="46.71984" lon="7.82021">
        <ele>1542.31</ele>
        <time>2026-05-04T02:34:06.3570000+00:00</time>
      </trkpt>
      <trkpt lat="46.71975" lon="7.82017">
        <ele>1538.86</ele>
        <time>2026-05-04T02:34:18.7610000+00:00</time>
      </trkpt>
      <trkpt lat="46.71969" lon="7.82015">
        <ele>1536.87</ele>
        <time>2026-05-04T02:34:26.8740000+00:00</time>
      </trkpt>
      <trkpt lat="46.71964" lon="7.82014">
        <ele>1535.83</ele>
        <time>2026-05-04T02:34:33.5280000+00:00</time>
      </trkpt>
      <trkpt lat="46.71958" lon="7.82014">
        <ele>1534.81</ele>
        <time>2026-05-04T02:34:41.4390000+00:00</time>
      </trkpt>
      <trkpt lat="46.71951" lon="7.82015">
        <ele>1533.85</ele>
        <time>2026-05-04T02:34:50.7120000+00:00</time>
      </trkpt>
      <trkpt lat="46.71945" lon="7.82015">
        <ele>1532.84</ele>
        <time>2026-05-04T02:34:58.6220000+00:00</time>
      </trkpt>
      <trkpt lat="46.71941" lon="7.82013">
        <ele>1531.64</ele>
        <time>2026-05-04T02:35:04.1970000+00:00</time>
      </trkpt>
      <trkpt lat="46.71938" lon="7.82011">
        <ele>1530.88</ele>
        <time>2026-05-04T02:35:08.5460000+00:00</time>
      </trkpt>
      <trkpt lat="46.71935" lon="7.8201">
        <ele>1530.5</ele>
        <time>2026-05-04T02:35:12.6020000+00:00</time>
      </trkpt>
      <trkpt lat="46.71931" lon="7.8201">
        <ele>1530.36</ele>
        <time>2026-05-04T02:35:17.8760000+00:00</time>
      </trkpt>
      <trkpt lat="46.71927" lon="7.82008">
        <ele>1529.63</ele>
        <time>2026-05-04T02:35:23.4510000+00:00</time>
      </trkpt>
      <trkpt lat="46.71923" lon="7.82006">
        <ele>1528.86</ele>
        <time>2026-05-04T02:35:29.0240000+00:00</time>
      </trkpt>
      <trkpt lat="46.71915" lon="7.82004">
        <ele>1527.86</ele>
        <time>2026-05-04T02:35:39.7250000+00:00</time>
      </trkpt>
      <trkpt lat="46.71909" lon="7.82004">
        <ele>1527.56</ele>
        <time>2026-05-04T02:35:47.6350000+00:00</time>
      </trkpt>
      <trkpt lat="46.71907" lon="7.82004">
        <ele>1527.46</ele>
        <time>2026-05-04T02:35:50.2730000+00:00</time>
      </trkpt>
      <trkpt lat="46.71905" lon="7.82002">
        <ele>1526.68</ele>
        <time>2026-05-04T02:35:53.4720000+00:00</time>
      </trkpt>
      <trkpt lat="46.719" lon="7.81996">
        <ele>1524.27</ele>
        <time>2026-05-04T02:36:02.0070000+00:00</time>
      </trkpt>
      <trkpt lat="46.71898" lon="7.81994">
        <ele>1523.41</ele>
        <time>2026-05-04T02:36:05.2030000+00:00</time>
      </trkpt>
      <trkpt lat="46.71894" lon="7.81993">
        <ele>1522.75</ele>
        <time>2026-05-04T02:36:10.5520000+00:00</time>
      </trkpt>
      <trkpt lat="46.71891" lon="7.81991">
        <ele>1521.77</ele>
        <time>2026-05-04T02:36:14.9000000+00:00</time>
      </trkpt>
      <trkpt lat="46.71887" lon="7.81989">
        <ele>1520.68</ele>
        <time>2026-05-04T02:36:20.4740000+00:00</time>
      </trkpt>
      <trkpt lat="46.71878" lon="7.81987">
        <ele>1519.11</ele>
        <time>2026-05-04T02:36:32.4760000+00:00</time>
      </trkpt>
      <trkpt lat="46.71873" lon="7.81985">
        <ele>1517.83</ele>
        <time>2026-05-04T02:36:39.3110000+00:00</time>
      </trkpt>
      <trkpt lat="46.71865" lon="7.81978">
        <ele>1514.02</ele>
        <time>2026-05-04T02:36:51.6100000+00:00</time>
      </trkpt>
      <trkpt lat="46.71857" lon="7.81974">
        <ele>1511.32</ele>
        <time>2026-05-04T02:37:02.7590000+00:00</time>
      </trkpt>
      <trkpt lat="46.71848" lon="7.81968">
        <ele>1508.8</ele>
        <time>2026-05-04T02:37:15.8050000+00:00</time>
      </trkpt>
      <trkpt lat="46.71842" lon="7.81968">
        <ele>1508.97</ele>
        <time>2026-05-04T02:37:23.7160000+00:00</time>
      </trkpt>
      <trkpt lat="46.71837" lon="7.81968">
        <ele>1509.1</ele>
        <time>2026-05-04T02:37:30.3070000+00:00</time>
      </trkpt>
      <trkpt lat="46.71833" lon="7.81969">
        <ele>1509.68</ele>
        <time>2026-05-04T02:37:35.6550000+00:00</time>
      </trkpt>
      <trkpt lat="46.71828" lon="7.81967">
        <ele>1508.88</ele>
        <time>2026-05-04T02:37:42.4910000+00:00</time>
      </trkpt>
      <trkpt lat="46.71826" lon="7.81966">
        <ele>1508.47</ele>
        <time>2026-05-04T02:37:45.2800000+00:00</time>
      </trkpt>
      <trkpt lat="46.71824" lon="7.81962">
        <ele>1506.64</ele>
        <time>2026-05-04T02:37:49.7540000+00:00</time>
      </trkpt>
      <trkpt lat="46.71822" lon="7.81959">
        <ele>1505.28</ele>
        <time>2026-05-04T02:37:53.5360000+00:00</time>
      </trkpt>
      <trkpt lat="46.71816" lon="7.81954">
        <ele>1503.05</ele>
        <time>2026-05-04T02:38:02.6460000+00:00</time>
      </trkpt>
      <trkpt lat="46.71809" lon="7.81949">
        <ele>1500.82</ele>
        <time>2026-05-04T02:38:12.9210000+00:00</time>
      </trkpt>
      <trkpt lat="46.71802" lon="7.81942">
        <ele>1497.59</ele>
        <time>2026-05-04T02:38:24.1100000+00:00</time>
      </trkpt>
      <trkpt lat="46.718" lon="7.81938">
        <ele>1495.7</ele>
        <time>2026-05-04T02:38:28.5840000+00:00</time>
      </trkpt>
      <trkpt lat="46.71796" lon="7.81936">
        <ele>1494.79</ele>
        <time>2026-05-04T02:38:34.1590000+00:00</time>
      </trkpt>
      <trkpt lat="46.71791" lon="7.81936">
        <ele>1494.86</ele>
        <time>2026-05-04T02:38:40.7490000+00:00</time>
      </trkpt>
      <trkpt lat="46.71787" lon="7.81936">
        <ele>1494.92</ele>
        <time>2026-05-04T02:38:46.0220000+00:00</time>
      </trkpt>
      <trkpt lat="46.71783" lon="7.81933">
        <ele>1493.51</ele>
        <time>2026-05-04T02:38:51.9520000+00:00</time>
      </trkpt>
      <trkpt lat="46.71778" lon="7.81931">
        <ele>1492.64</ele>
        <time>2026-05-04T02:38:58.7870000+00:00</time>
      </trkpt>
      <trkpt lat="46.71771" lon="7.81929">
        <ele>1491.91</ele>
        <time>2026-05-04T02:39:08.1910000+00:00</time>
      </trkpt>
      <trkpt lat="46.71765" lon="7.81928">
        <ele>1491.75</ele>
        <time>2026-05-04T02:39:16.1530000+00:00</time>
      </trkpt>
      <trkpt lat="46.71757" lon="7.81924">
        <ele>1490.34</ele>
        <time>2026-05-04T02:39:27.3030000+00:00</time>
      </trkpt>
      <trkpt lat="46.71751" lon="7.8192">
        <ele>1488.83</ele>
        <time>2026-05-04T02:39:36.0000000+00:00</time>
      </trkpt>
      <trkpt lat="46.71748" lon="7.81915">
        <ele>1486.73</ele>
        <time>2026-05-04T02:39:42.0060000+00:00</time>
      </trkpt>
      <trkpt lat="46.71746" lon="7.8191">
        <ele>1484.58</ele>
        <time>2026-05-04T02:39:47.2370000+00:00</time>
      </trkpt>
      <trkpt lat="46.71743" lon="7.81909">
        <ele>1484.27</ele>
        <time>2026-05-04T02:39:51.2940000+00:00</time>
      </trkpt>
      <trkpt lat="46.71737" lon="7.81908">
        <ele>1484.09</ele>
        <time>2026-05-04T02:39:59.2540000+00:00</time>
      </trkpt>
      <trkpt lat="46.71732" lon="7.81905">
        <ele>1482.96</ele>
        <time>2026-05-04T02:40:06.3820000+00:00</time>
      </trkpt>
      <trkpt lat="46.71725" lon="7.819">
        <ele>1481.01</ele>
        <time>2026-05-04T02:40:16.6590000+00:00</time>
      </trkpt>
      <trkpt lat="46.7172" lon="7.81896">
        <ele>1479.42</ele>
        <time>2026-05-04T02:40:24.1770000+00:00</time>
      </trkpt>
      <trkpt lat="46.71716" lon="7.81895">
        <ele>1479.14</ele>
        <time>2026-05-04T02:40:29.5270000+00:00</time>
      </trkpt>
      <trkpt lat="46.71709" lon="7.81891">
        <ele>1477.62</ele>
        <time>2026-05-04T02:40:39.4380000+00:00</time>
      </trkpt>
      <trkpt lat="46.71706" lon="7.8189">
        <ele>1477.3</ele>
        <time>2026-05-04T02:40:43.4940000+00:00</time>
      </trkpt>
      <trkpt lat="46.71702" lon="7.81889">
        <ele>1477.01</ele>
        <time>2026-05-04T02:40:48.8420000+00:00</time>
      </trkpt>
      <trkpt lat="46.71697" lon="7.81884">
        <ele>1474.94</ele>
        <time>2026-05-04T02:40:56.8350000+00:00</time>
      </trkpt>
      <trkpt lat="46.7169" lon="7.81874">
        <ele>1470.68</ele>
        <time>2026-05-04T02:41:09.7520000+00:00</time>
      </trkpt>
      <trkpt lat="46.71679" lon="7.81864">
        <ele>1467.31</ele>
        <time>2026-05-04T02:41:26.8400000+00:00</time>
      </trkpt>
      <trkpt lat="46.71665" lon="7.81855">
        <ele>1464.72</ele>
        <time>2026-05-04T02:41:47.0100000+00:00</time>
      </trkpt>
      <trkpt lat="46.71652" lon="7.81848">
        <ele>1462.96</ele>
        <time>2026-05-04T02:42:05.2790000+00:00</time>
      </trkpt>
      <trkpt lat="46.71644" lon="7.81846">
        <ele>1463.08</ele>
        <time>2026-05-04T02:42:15.9800000+00:00</time>
      </trkpt>
      <trkpt lat="46.71633" lon="7.81846">
        <ele>1464.27</ele>
        <time>2026-05-04T02:42:30.4810000+00:00</time>
      </trkpt>
      <trkpt lat="46.71621" lon="7.81846">
        <ele>1465.57</ele>
        <time>2026-05-04T02:42:46.3010000+00:00</time>
      </trkpt>
      <trkpt lat="46.71604" lon="7.81849">
        <ele>1467.81</ele>
        <time>2026-05-04T02:43:08.8760000+00:00</time>
      </trkpt>
      <trkpt lat="46.71593" lon="7.8185">
        <ele>1466.64</ele>
        <time>2026-05-04T02:43:23.4060000+00:00</time>
      </trkpt>
      <trkpt lat="46.71581" lon="7.81854">
        <ele>1466.49</ele>
        <time>2026-05-04T02:43:39.6350000+00:00</time>
      </trkpt>
      <trkpt lat="46.71573" lon="7.81858">
        <ele>1466.8</ele>
        <time>2026-05-04T02:43:50.7850000+00:00</time>
      </trkpt>
      <trkpt lat="46.71568" lon="7.81861">
        <ele>1467.12</ele>
        <time>2026-05-04T02:43:57.9120000+00:00</time>
      </trkpt>
      <trkpt lat="46.71562" lon="7.81863">
        <ele>1466.83</ele>
        <time>2026-05-04T02:44:06.0270000+00:00</time>
      </trkpt>
      <trkpt lat="46.71556" lon="7.81862">
        <ele>1465.44</ele>
        <time>2026-05-04T02:44:13.9890000+00:00</time>
      </trkpt>
      <trkpt lat="46.71547" lon="7.81859">
        <ele>1462.89</ele>
        <time>2026-05-04T02:44:26.1600000+00:00</time>
      </trkpt>
      <trkpt lat="46.71538" lon="7.81859">
        <ele>1461.4</ele>
        <time>2026-05-04T02:44:38.0250000+00:00</time>
      </trkpt>
      <trkpt lat="46.71531" lon="7.81859">
        <ele>1460.24</ele>
        <time>2026-05-04T02:44:47.2540000+00:00</time>
      </trkpt>
      <trkpt lat="46.71528" lon="7.8186">
        <ele>1460.04</ele>
        <time>2026-05-04T02:44:51.3090000+00:00</time>
      </trkpt>
      <trkpt lat="46.71525" lon="7.81864">
        <ele>1460.7</ele>
        <time>2026-05-04T02:44:56.6680000+00:00</time>
      </trkpt>
      <trkpt lat="46.71519" lon="7.81876">
        <ele>1462.54</ele>
        <time>2026-05-04T02:45:10.0930000+00:00</time>
      </trkpt>
      <trkpt lat="46.71514" lon="7.8189">
        <ele>1465.05</ele>
        <time>2026-05-04T02:45:24.3610000+00:00</time>
      </trkpt>
      <trkpt lat="46.7151" lon="7.81902">
        <ele>1467.26</ele>
        <time>2026-05-04T02:45:36.4220000+00:00</time>
      </trkpt>
      <trkpt lat="46.71507" lon="7.81911">
        <ele>1468.9</ele>
        <time>2026-05-04T02:45:45.4680000+00:00</time>
      </trkpt>
      <trkpt lat="46.71505" lon="7.81916">
        <ele>1469.7</ele>
        <time>2026-05-04T02:45:50.7010000+00:00</time>
      </trkpt>
      <trkpt lat="46.71502" lon="7.81918">
        <ele>1469.34</ele>
        <time>2026-05-04T02:45:55.0520000+00:00</time>
      </trkpt>
      <trkpt lat="46.715" lon="7.81921">
        <ele>1469.57</ele>
        <time>2026-05-04T02:45:58.8360000+00:00</time>
      </trkpt>
      <trkpt lat="46.71496" lon="7.81923">
        <ele>1468.9</ele>
        <time>2026-05-04T02:46:04.4100000+00:00</time>
      </trkpt>
      <trkpt lat="46.71493" lon="7.81924">
        <ele>1468.25</ele>
        <time>2026-05-04T02:46:08.4670000+00:00</time>
      </trkpt>
      <trkpt lat="46.7149" lon="7.81928">
        <ele>1468.43</ele>
        <time>2026-05-04T02:46:13.8250000+00:00</time>
      </trkpt>
      <trkpt lat="46.71487" lon="7.81933">
        <ele>1468.98</ele>
        <time>2026-05-04T02:46:19.8300000+00:00</time>
      </trkpt>
      <trkpt lat="46.71484" lon="7.81938">
        <ele>1469.81</ele>
        <time>2026-05-04T02:46:25.8360000+00:00</time>
      </trkpt>
      <trkpt lat="46.71482" lon="7.81944">
        <ele>1471.32</ele>
        <time>2026-05-04T02:46:31.8680000+00:00</time>
      </trkpt>
      <trkpt lat="46.71478" lon="7.81947">
        <ele>1471.16</ele>
        <time>2026-05-04T02:46:37.7980000+00:00</time>
      </trkpt>
      <trkpt lat="46.71474" lon="7.81948">
        <ele>1470.29</ele>
        <time>2026-05-04T02:46:43.1490000+00:00</time>
      </trkpt>
      <trkpt lat="46.7147" lon="7.81945">
        <ele>1468</ele>
        <time>2026-05-04T02:46:49.0780000+00:00</time>
      </trkpt>
      <trkpt lat="46.71461" lon="7.81939">
        <ele>1463.06</ele>
        <time>2026-05-04T02:47:02.1250000+00:00</time>
      </trkpt>
      <trkpt lat="46.71453" lon="7.81935">
        <ele>1459.12</ele>
        <time>2026-05-04T02:47:13.2740000+00:00</time>
      </trkpt>
      <trkpt lat="46.71449" lon="7.81934">
        <ele>1457.5</ele>
        <time>2026-05-04T02:47:18.6240000+00:00</time>
      </trkpt>
      <trkpt lat="46.71442" lon="7.81935">
        <ele>1455.7</ele>
        <time>2026-05-04T02:47:27.8960000+00:00</time>
      </trkpt>
      <trkpt lat="46.71435" lon="7.81938">
        <ele>1456.22</ele>
        <time>2026-05-04T02:47:37.5150000+00:00</time>
      </trkpt>
      <trkpt lat="46.7143" lon="7.81937">
        <ele>1455.73</ele>
        <time>2026-05-04T02:47:44.1690000+00:00</time>
      </trkpt>
      <trkpt lat="46.71424" lon="7.81935">
        <ele>1454.84</ele>
        <time>2026-05-04T02:47:52.2830000+00:00</time>
      </trkpt>
      <trkpt lat="46.71419" lon="7.8193">
        <ele>1452.98</ele>
        <time>2026-05-04T02:48:00.2760000+00:00</time>
      </trkpt>
      <trkpt lat="46.71413" lon="7.81924">
        <ele>1450.99</ele>
        <time>2026-05-04T02:48:09.8660000+00:00</time>
      </trkpt>
      <trkpt lat="46.71407" lon="7.81919">
        <ele>1449.22</ele>
        <time>2026-05-04T02:48:18.9770000+00:00</time>
      </trkpt>
      <trkpt lat="46.71402" lon="7.81917">
        <ele>1448.37</ele>
        <time>2026-05-04T02:48:25.8130000+00:00</time>
      </trkpt>
      <trkpt lat="46.71397" lon="7.81915">
        <ele>1447.49</ele>
        <time>2026-05-04T02:48:32.6490000+00:00</time>
      </trkpt>
      <trkpt lat="46.7139" lon="7.81916">
        <ele>1447.49</ele>
        <time>2026-05-04T02:48:41.9220000+00:00</time>
      </trkpt>
      <trkpt lat="46.71382" lon="7.81917">
        <ele>1447.46</ele>
        <time>2026-05-04T02:48:52.5080000+00:00</time>
      </trkpt>
      <trkpt lat="46.71374" lon="7.81917">
        <ele>1447.1</ele>
        <time>2026-05-04T02:49:03.0550000+00:00</time>
      </trkpt>
      <trkpt lat="46.71367" lon="7.81916">
        <ele>1446.41</ele>
        <time>2026-05-04T02:49:12.3280000+00:00</time>
      </trkpt>
      <trkpt lat="46.7136" lon="7.81913">
        <ele>1444.95</ele>
        <time>2026-05-04T02:49:21.9460000+00:00</time>
      </trkpt>
      <trkpt lat="46.71348" lon="7.81908">
        <ele>1442.8</ele>
        <time>2026-05-04T02:49:38.3990000+00:00</time>
      </trkpt>
      <trkpt lat="46.71331" lon="7.81901">
        <ele>1439.99</ele>
        <time>2026-05-04T02:50:01.6880000+00:00</time>
      </trkpt>
      <trkpt lat="46.71321" lon="7.81899">
        <ele>1439.16</ele>
        <time>2026-05-04T02:50:14.9940000+00:00</time>
      </trkpt>
      <trkpt lat="46.71306" lon="7.819">
        <ele>1439.43</ele>
        <time>2026-05-04T02:50:34.7900000+00:00</time>
      </trkpt>
      <trkpt lat="46.71295" lon="7.819">
        <ele>1439.35</ele>
        <time>2026-05-04T02:50:49.2920000+00:00</time>
      </trkpt>
      <trkpt lat="46.71284" lon="7.81901">
        <ele>1439.64</ele>
        <time>2026-05-04T02:51:03.8220000+00:00</time>
      </trkpt>
      <trkpt lat="46.71272" lon="7.819">
        <ele>1439.1</ele>
        <time>2026-05-04T02:51:19.6690000+00:00</time>
      </trkpt>
      <trkpt lat="46.71264" lon="7.819">
        <ele>1438.71</ele>
        <time>2026-05-04T02:51:30.2150000+00:00</time>
      </trkpt>
      <trkpt lat="46.71259" lon="7.81898">
        <ele>1437.73</ele>
        <time>2026-05-04T02:51:37.0510000+00:00</time>
      </trkpt>
      <trkpt lat="46.71252" lon="7.81895">
        <ele>1436.27</ele>
        <time>2026-05-04T02:51:46.6700000+00:00</time>
      </trkpt>
      <trkpt lat="46.71246" lon="7.81891">
        <ele>1434.5</ele>
        <time>2026-05-04T02:51:55.3670000+00:00</time>
      </trkpt>
      <trkpt lat="46.71231" lon="7.81878">
        <ele>1428.94</ele>
        <time>2026-05-04T02:52:18.3710000+00:00</time>
      </trkpt>
      <trkpt lat="46.71215" lon="7.81865">
        <ele>1423.33</ele>
        <time>2026-05-04T02:52:42.5170000+00:00</time>
      </trkpt>
      <trkpt lat="46.71204" lon="7.81858">
        <ele>1420.19</ele>
        <time>2026-05-04T02:52:58.3400000+00:00</time>
      </trkpt>
      <trkpt lat="46.71193" lon="7.81853">
        <ele>1417.8</ele>
        <time>2026-05-04T02:53:13.5300000+00:00</time>
      </trkpt>
      <trkpt lat="46.71172" lon="7.81842">
        <ele>1415.69</ele>
        <time>2026-05-04T02:53:42.9470000+00:00</time>
      </trkpt>
      <trkpt lat="46.71149" lon="7.81833">
        <ele>1414.95</ele>
        <time>2026-05-04T02:54:14.3410000+00:00</time>
      </trkpt>
      <trkpt lat="46.71137" lon="7.8183">
        <ele>1415.05</ele>
        <time>2026-05-04T02:54:30.3920000+00:00</time>
      </trkpt>
      <trkpt lat="46.71125" lon="7.8183">
        <ele>1416.03</ele>
        <time>2026-05-04T02:54:46.2130000+00:00</time>
      </trkpt>
      <trkpt lat="46.71111" lon="7.81834">
        <ele>1418.36</ele>
        <time>2026-05-04T02:55:05.0210000+00:00</time>
      </trkpt>
      <trkpt lat="46.711" lon="7.8184">
        <ele>1419.76</ele>
        <time>2026-05-04T02:55:20.5040000+00:00</time>
      </trkpt>
      <trkpt lat="46.71091" lon="7.81848">
        <ele>1421.29</ele>
        <time>2026-05-04T02:55:34.3990000+00:00</time>
      </trkpt>
      <trkpt lat="46.71081" lon="7.81858">
        <ele>1423.75</ele>
        <time>2026-05-04T02:55:50.3840000+00:00</time>
      </trkpt>
      <trkpt lat="46.71071" lon="7.81864">
        <ele>1424.77</ele>
        <time>2026-05-04T02:56:04.6400000+00:00</time>
      </trkpt>
      <trkpt lat="46.71061" lon="7.81868">
        <ele>1425.06</ele>
        <time>2026-05-04T02:56:18.3100000+00:00</time>
      </trkpt>
      <trkpt lat="46.71052" lon="7.81871">
        <ele>1425.08</ele>
        <time>2026-05-04T02:56:30.4820000+00:00</time>
      </trkpt>
      <trkpt lat="46.71034" lon="7.81874">
        <ele>1424.07</ele>
        <time>2026-05-04T02:56:54.3670000+00:00</time>
      </trkpt>
      <trkpt lat="46.71027" lon="7.81874">
        <ele>1423.29</ele>
        <time>2026-05-04T02:57:03.5950000+00:00</time>
      </trkpt>
      <trkpt lat="46.71017" lon="7.8187">
        <ele>1420.76</ele>
        <time>2026-05-04T02:57:17.2650000+00:00</time>
      </trkpt>
      <trkpt lat="46.71001" lon="7.8186">
        <ele>1415.51</ele>
        <time>2026-05-04T02:57:40.2150000+00:00</time>
      </trkpt>
      <trkpt lat="46.70985" lon="7.81848">
        <ele>1409.7</ele>
        <time>2026-05-04T02:58:03.9340000+00:00</time>
      </trkpt>
      <trkpt lat="46.70968" lon="7.81835">
        <ele>1404.03</ele>
        <time>2026-05-04T02:58:29.2410000+00:00</time>
      </trkpt>
      <trkpt lat="46.70958" lon="7.81828">
        <ele>1400.95</ele>
        <time>2026-05-04T02:58:43.8640000+00:00</time>
      </trkpt>
      <trkpt lat="46.70948" lon="7.81824">
        <ele>1398.7</ele>
        <time>2026-05-04T02:58:57.5340000+00:00</time>
      </trkpt>
      <trkpt lat="46.70934" lon="7.81818">
        <ele>1396.54</ele>
        <time>2026-05-04T02:59:16.7710000+00:00</time>
      </trkpt>
      <trkpt lat="46.7092" lon="7.81815">
        <ele>1396.26</ele>
        <time>2026-05-04T02:59:35.4260000+00:00</time>
      </trkpt>
      <trkpt lat="46.70899" lon="7.81809">
        <ele>1395.53</ele>
        <time>2026-05-04T03:00:03.6380000+00:00</time>
      </trkpt>
      <trkpt lat="46.7088" lon="7.81803">
        <ele>1394.8</ele>
        <time>2026-05-04T03:00:29.2680000+00:00</time>
      </trkpt>
      <trkpt lat="46.70871" lon="7.81801">
        <ele>1394.67</ele>
        <time>2026-05-04T03:00:41.2700000+00:00</time>
      </trkpt>
      <trkpt lat="46.70865" lon="7.81799">
        <ele>1394.43</ele>
        <time>2026-05-04T03:00:49.3830000+00:00</time>
      </trkpt>
      <trkpt lat="46.70859" lon="7.81797">
        <ele>1394.2</ele>
        <time>2026-05-04T03:00:57.4970000+00:00</time>
      </trkpt>
      <trkpt lat="46.70852" lon="7.81794">
        <ele>1393.03</ele>
        <time>2026-05-04T03:01:07.1170000+00:00</time>
      </trkpt>
      <trkpt lat="46.70846" lon="7.81792">
        <ele>1392.01</ele>
        <time>2026-05-04T03:01:15.2310000+00:00</time>
      </trkpt>
      <trkpt lat="46.70841" lon="7.81792">
        <ele>1391.54</ele>
        <time>2026-05-04T03:01:21.8230000+00:00</time>
      </trkpt>
      <trkpt lat="46.70837" lon="7.81793">
        <ele>1391.36</ele>
        <time>2026-05-04T03:01:27.1740000+00:00</time>
      </trkpt>
      <trkpt lat="46.70829" lon="7.81798">
        <ele>1391.55</ele>
        <time>2026-05-04T03:01:38.6480000+00:00</time>
      </trkpt>
      <trkpt lat="46.7082" lon="7.81804">
        <ele>1391.7</ele>
        <time>2026-05-04T03:01:51.6940000+00:00</time>
      </trkpt>
      <trkpt lat="46.70817" lon="7.81806">
        <ele>1391.72</ele>
        <time>2026-05-04T03:01:56.0430000+00:00</time>
      </trkpt>
      <trkpt lat="46.70802" lon="7.81818">
        <ele>1391.9</ele>
        <time>2026-05-04T03:02:18.5980000+00:00</time>
      </trkpt>
      <trkpt lat="46.70791" lon="7.81826">
        <ele>1391.62</ele>
        <time>2026-05-04T03:02:34.8040000+00:00</time>
      </trkpt>
      <trkpt lat="46.70783" lon="7.81831">
        <ele>1391.16</ele>
        <time>2026-05-04T03:02:46.2780000+00:00</time>
      </trkpt>
      <trkpt lat="46.70776" lon="7.81833">
        <ele>1390.39</ele>
        <time>2026-05-04T03:02:55.6820000+00:00</time>
      </trkpt>
      <trkpt lat="46.7077" lon="7.81834">
        <ele>1389.35</ele>
        <time>2026-05-04T03:03:03.6440000+00:00</time>
      </trkpt>
      <trkpt lat="46.70765" lon="7.81834">
        <ele>1388.3</ele>
        <time>2026-05-04T03:03:10.2360000+00:00</time>
      </trkpt>
      <trkpt lat="46.70764" lon="7.81834">
        <ele>1388.09</ele>
        <time>2026-05-04T03:03:11.5530000+00:00</time>
      </trkpt>
      <trkpt lat="46.7076" lon="7.8183">
        <ele>1386.79</ele>
        <time>2026-05-04T03:03:17.9470000+00:00</time>
      </trkpt>
      <trkpt lat="46.70757" lon="7.81829">
        <ele>1386.06</ele>
        <time>2026-05-04T03:03:22.0020000+00:00</time>
      </trkpt>
      <trkpt lat="46.70753" lon="7.8183">
        <ele>1385.34</ele>
        <time>2026-05-04T03:03:27.3530000+00:00</time>
      </trkpt>
      <trkpt lat="46.70749" lon="7.81833">
        <ele>1384.83</ele>
        <time>2026-05-04T03:03:33.2840000+00:00</time>
      </trkpt>
      <trkpt lat="46.70745" lon="7.8184">
        <ele>1384.75</ele>
        <time>2026-05-04T03:03:41.5220000+00:00</time>
      </trkpt>
      <trkpt lat="46.70737" lon="7.81854">
        <ele>1384.35</ele>
        <time>2026-05-04T03:03:57.9970000+00:00</time>
      </trkpt>
      <trkpt lat="46.70732" lon="7.81861">
        <ele>1383.82</ele>
        <time>2026-05-04T03:04:07.1340000+00:00</time>
      </trkpt>
      <trkpt lat="46.70727" lon="7.81864">
        <ele>1382.99</ele>
        <time>2026-05-04T03:04:14.2620000+00:00</time>
      </trkpt>
      <trkpt lat="46.70722" lon="7.81866">
        <ele>1382.08</ele>
        <time>2026-05-04T03:04:21.0970000+00:00</time>
      </trkpt>
      <trkpt lat="46.70717" lon="7.81868">
        <ele>1381.17</ele>
        <time>2026-05-04T03:04:27.9320000+00:00</time>
      </trkpt>
      <trkpt lat="46.7071" lon="7.81869">
        <ele>1379.76</ele>
        <time>2026-05-04T03:04:37.2040000+00:00</time>
      </trkpt>
      <trkpt lat="46.70701" lon="7.81868">
        <ele>1377.76</ele>
        <time>2026-05-04T03:04:49.1040000+00:00</time>
      </trkpt>
      <trkpt lat="46.70697" lon="7.81868">
        <ele>1376.9</ele>
        <time>2026-05-04T03:04:54.3760000+00:00</time>
      </trkpt>
      <trkpt lat="46.70691" lon="7.81869">
        <ele>1375.71</ele>
        <time>2026-05-04T03:05:02.3360000+00:00</time>
      </trkpt>
      <trkpt lat="46.70683" lon="7.81871">
        <ele>1374.34</ele>
        <time>2026-05-04T03:05:13.0370000+00:00</time>
      </trkpt>
      <trkpt lat="46.70671" lon="7.81876">
        <ele>1372.45</ele>
        <time>2026-05-04T03:05:29.4910000+00:00</time>
      </trkpt>
      <trkpt lat="46.70663" lon="7.81879">
        <ele>1371.17</ele>
        <time>2026-05-04T03:05:40.3800000+00:00</time>
      </trkpt>
      <trkpt lat="46.70657" lon="7.81882">
        <ele>1370.27</ele>
        <time>2026-05-04T03:05:48.7420000+00:00</time>
      </trkpt>
      <trkpt lat="46.70652" lon="7.81882">
        <ele>1369.31</ele>
        <time>2026-05-04T03:05:55.3340000+00:00</time>
      </trkpt>
      <trkpt lat="46.70646" lon="7.8188">
        <ele>1367.99</ele>
        <time>2026-05-04T03:06:03.4480000+00:00</time>
      </trkpt>
      <trkpt lat="46.70637" lon="7.81874">
        <ele>1365.75</ele>
        <time>2026-05-04T03:06:16.4940000+00:00</time>
      </trkpt>
      <trkpt lat="46.70633" lon="7.81872">
        <ele>1364.82</ele>
        <time>2026-05-04T03:06:22.0670000+00:00</time>
      </trkpt>
      <trkpt lat="46.70629" lon="7.81872">
        <ele>1364.05</ele>
        <time>2026-05-04T03:06:27.3410000+00:00</time>
      </trkpt>
      <trkpt lat="46.70626" lon="7.81875">
        <ele>1363.72</ele>
        <time>2026-05-04T03:06:32.1360000+00:00</time>
      </trkpt>
      <trkpt lat="46.70622" lon="7.81879">
        <ele>1363.29</ele>
        <time>2026-05-04T03:06:38.5300000+00:00</time>
      </trkpt>
      <trkpt lat="46.70618" lon="7.8189">
        <ele>1363.45</ele>
        <time>2026-05-04T03:06:49.7860000+00:00</time>
      </trkpt>
      <trkpt lat="46.70614" lon="7.81905">
        <ele>1363.94</ele>
        <time>2026-05-04T03:07:04.3360000+00:00</time>
      </trkpt>
      <trkpt lat="46.70602" lon="7.81927">
        <ele>1363.27</ele>
        <time>2026-05-04T03:07:29.7500000+00:00</time>
      </trkpt>
      <trkpt lat="46.70593" lon="7.81938">
        <ele>1362.07</ele>
        <time>2026-05-04T03:07:45.2320000+00:00</time>
      </trkpt>
      <trkpt lat="46.70585" lon="7.81943">
        <ele>1360.6</ele>
        <time>2026-05-04T03:07:56.7060000+00:00</time>
      </trkpt>
      <trkpt lat="46.70571" lon="7.81949">
        <ele>1357.84</ele>
        <time>2026-05-04T03:08:15.9430000+00:00</time>
      </trkpt>
      <trkpt lat="46.70559" lon="7.81953">
        <ele>1355.39</ele>
        <time>2026-05-04T03:08:32.1710000+00:00</time>
      </trkpt>
      <trkpt lat="46.70542" lon="7.8196">
        <ele>1352.02</ele>
        <time>2026-05-04T03:08:55.4600000+00:00</time>
      </trkpt>
      <trkpt lat="46.7053" lon="7.81966">
        <ele>1349.71</ele>
        <time>2026-05-04T03:09:12.1840000+00:00</time>
      </trkpt>
      <trkpt lat="46.70521" lon="7.81968">
        <ele>1348.31</ele>
        <time>2026-05-04T03:09:24.1860000+00:00</time>
      </trkpt>
      <trkpt lat="46.70512" lon="7.81965">
        <ele>1347.31</ele>
        <time>2026-05-04T03:09:36.3570000+00:00</time>
      </trkpt>
      <trkpt lat="46.70504" lon="7.81959">
        <ele>1346.15</ele>
        <time>2026-05-04T03:09:48.2170000+00:00</time>
      </trkpt>
      <trkpt lat="46.70496" lon="7.81952">
        <ele>1344.88</ele>
        <time>2026-05-04T03:10:00.5170000+00:00</time>
      </trkpt>
      <trkpt lat="46.70487" lon="7.81937">
        <ele>1342.83</ele>
        <time>2026-05-04T03:10:18.5370000+00:00</time>
      </trkpt>
      <trkpt lat="46.70476" lon="7.81918">
        <ele>1339.89</ele>
        <time>2026-05-04T03:10:41.0170000+00:00</time>
      </trkpt>
      <trkpt lat="46.70467" lon="7.81901">
        <ele>1337.12</ele>
        <time>2026-05-04T03:11:00.4330000+00:00</time>
      </trkpt>
      <trkpt lat="46.7046" lon="7.8189">
        <ele>1335.12</ele>
        <time>2026-05-04T03:11:14.0000000+00:00</time>
      </trkpt>
      <trkpt lat="46.70455" lon="7.81883">
        <ele>1333.75</ele>
        <time>2026-05-04T03:11:23.1380000+00:00</time>
      </trkpt>
      <trkpt lat="46.70451" lon="7.81879">
        <ele>1332.82</ele>
        <time>2026-05-04T03:11:29.5330000+00:00</time>
      </trkpt>
      <trkpt lat="46.70446" lon="7.81877">
        <ele>1331.99</ele>
        <time>2026-05-04T03:11:36.3680000+00:00</time>
      </trkpt>
      <trkpt lat="46.70442" lon="7.81877">
        <ele>1331.51</ele>
        <time>2026-05-04T03:11:41.6400000+00:00</time>
      </trkpt>
      <trkpt lat="46.70436" lon="7.81878">
        <ele>1331.51</ele>
        <time>2026-05-04T03:11:49.6010000+00:00</time>
      </trkpt>
      <trkpt lat="46.7043" lon="7.81879">
        <ele>1331.58</ele>
        <time>2026-05-04T03:11:57.5620000+00:00</time>
      </trkpt>
      <trkpt lat="46.70426" lon="7.81878">
        <ele>1331.43</ele>
        <time>2026-05-04T03:12:02.9130000+00:00</time>
      </trkpt>
      <trkpt lat="46.7042" lon="7.81874">
        <ele>1330.89</ele>
        <time>2026-05-04T03:12:11.6100000+00:00</time>
      </trkpt>
      <trkpt lat="46.70421" lon="7.81869">
        <ele>1330.28</ele>
        <time>2026-05-04T03:12:16.3190000+00:00</time>
      </trkpt>
      <trkpt lat="46.70421" lon="7.81864">
        <ele>1329.67</ele>
        <time>2026-05-04T03:12:20.8380000+00:00</time>
      </trkpt>
      <trkpt lat="46.70421" lon="7.8186">
        <ele>1329.18</ele>
        <time>2026-05-04T03:12:24.4540000+00:00</time>
      </trkpt>
      <trkpt lat="46.70419" lon="7.81856">
        <ele>1328.66</ele>
        <time>2026-05-04T03:12:28.9290000+00:00</time>
      </trkpt>
      <trkpt lat="46.70416" lon="7.8185">
        <ele>1327.89</ele>
        <time>2026-05-04T03:12:35.6420000+00:00</time>
      </trkpt>
      <trkpt lat="46.70412" lon="7.81842">
        <ele>1326.82</ele>
        <time>2026-05-04T03:12:44.5930000+00:00</time>
      </trkpt>
      <trkpt lat="46.70409" lon="7.81836">
        <ele>1326</ele>
        <time>2026-05-04T03:12:51.3070000+00:00</time>
      </trkpt>
      <trkpt lat="46.70405" lon="7.81827">
        <ele>1324.76</ele>
        <time>2026-05-04T03:13:01.0040000+00:00</time>
      </trkpt>
      <trkpt lat="46.70394" lon="7.81801">
        <ele>1321.08</ele>
        <time>2026-05-04T03:13:28.6230000+00:00</time>
      </trkpt>
      <trkpt lat="46.70384" lon="7.81775">
        <ele>1317.28</ele>
        <time>2026-05-04T03:13:55.5740000+00:00</time>
      </trkpt>
      <trkpt lat="46.70376" lon="7.81749">
        <ele>1313.44</ele>
        <time>2026-05-04T03:14:21.3380000+00:00</time>
      </trkpt>
      <trkpt lat="46.7037" lon="7.81724">
        <ele>1309.71</ele>
        <time>2026-05-04T03:14:45.2850000+00:00</time>
      </trkpt>
      <trkpt lat="46.70364" lon="7.81695">
        <ele>1305.28</ele>
        <time>2026-05-04T03:15:12.6710000+00:00</time>
      </trkpt>
      <trkpt lat="46.7036" lon="7.8168">
        <ele>1302.91</ele>
        <time>2026-05-04T03:15:27.2210000+00:00</time>
      </trkpt>
      <trkpt lat="46.70359" lon="7.81672">
        <ele>1301.88</ele>
        <time>2026-05-04T03:15:34.5730000+00:00</time>
      </trkpt>
      <trkpt lat="46.70358" lon="7.81667">
        <ele>1301.21</ele>
        <time>2026-05-04T03:15:39.2820000+00:00</time>
      </trkpt>
      <trkpt lat="46.70356" lon="7.81657">
        <ele>1300.04</ele>
        <time>2026-05-04T03:15:48.7000000+00:00</time>
      </trkpt>
      <trkpt lat="46.70354" lon="7.81644">
        <ele>1298.48</ele>
        <time>2026-05-04T03:16:00.7460000+00:00</time>
      </trkpt>
      <trkpt lat="46.70352" lon="7.81628">
        <ele>1296.51</ele>
        <time>2026-05-04T03:16:15.4500000+00:00</time>
      </trkpt>
      <trkpt lat="46.70351" lon="7.81615">
        <ele>1294.88</ele>
        <time>2026-05-04T03:16:27.2770000+00:00</time>
      </trkpt>
      <trkpt lat="46.70349" lon="7.81607">
        <ele>1293.84</ele>
        <time>2026-05-04T03:16:34.9740000+00:00</time>
      </trkpt>
      <trkpt lat="46.70349" lon="7.81603">
        <ele>1293.33</ele>
        <time>2026-05-04T03:16:38.5940000+00:00</time>
      </trkpt>
      <trkpt lat="46.7035" lon="7.81597">
        <ele>1292.62</ele>
        <time>2026-05-04T03:16:44.1760000+00:00</time>
      </trkpt>
      <trkpt lat="46.70351" lon="7.81591">
        <ele>1291.96</ele>
        <time>2026-05-04T03:16:49.7580000+00:00</time>
      </trkpt>
      <trkpt lat="46.70351" lon="7.81582">
        <ele>1290.93</ele>
        <time>2026-05-04T03:16:57.8940000+00:00</time>
      </trkpt>
      <trkpt lat="46.70352" lon="7.81576">
        <ele>1290.29</ele>
        <time>2026-05-04T03:17:03.4750000+00:00</time>
      </trkpt>
      <trkpt lat="46.70352" lon="7.81569">
        <ele>1289.49</ele>
        <time>2026-05-04T03:17:09.8040000+00:00</time>
      </trkpt>
      <trkpt lat="46.70349" lon="7.81564">
        <ele>1288.76</ele>
        <time>2026-05-04T03:17:15.8110000+00:00</time>
      </trkpt>
      <trkpt lat="46.70345" lon="7.81557">
        <ele>1287.71</ele>
        <time>2026-05-04T03:17:24.0480000+00:00</time>
      </trkpt>
      <trkpt lat="46.70337" lon="7.81545">
        <ele>1285.72</ele>
        <time>2026-05-04T03:17:39.1790000+00:00</time>
      </trkpt>
      <trkpt lat="46.70327" lon="7.81526">
        <ele>1282.45</ele>
        <time>2026-05-04T03:18:00.8330000+00:00</time>
      </trkpt>
      <trkpt lat="46.70315" lon="7.81507">
        <ele>1279.1</ele>
        <time>2026-05-04T03:18:24.1860000+00:00</time>
      </trkpt>
      <trkpt lat="46.70306" lon="7.81492">
        <ele>1276.72</ele>
        <time>2026-05-04T03:18:42.2050000+00:00</time>
      </trkpt>
      <trkpt lat="46.703" lon="7.81477">
        <ele>1274.51</ele>
        <time>2026-05-04T03:18:57.9050000+00:00</time>
      </trkpt>
      <trkpt lat="46.70292" lon="7.81458">
        <ele>1271.47</ele>
        <time>2026-05-04T03:19:18.0620000+00:00</time>
      </trkpt>
      <trkpt lat="46.70288" lon="7.81453">
        <ele>1270.37</ele>
        <time>2026-05-04T03:19:25.0080000+00:00</time>
      </trkpt>
      <trkpt lat="46.70283" lon="7.81446">
        <ele>1268.87</ele>
        <time>2026-05-04T03:19:34.1470000+00:00</time>
      </trkpt>
      <trkpt lat="46.70277" lon="7.81436">
        <ele>1266.81</ele>
        <time>2026-05-04T03:19:46.1600000+00:00</time>
      </trkpt>
      <trkpt lat="46.70274" lon="7.81427">
        <ele>1265.33</ele>
        <time>2026-05-04T03:19:55.2070000+00:00</time>
      </trkpt>
      <trkpt lat="46.7027" lon="7.81417">
        <ele>1263.64</ele>
        <time>2026-05-04T03:20:05.6740000+00:00</time>
      </trkpt>
      <trkpt lat="46.70266" lon="7.81413">
        <ele>1262.59</ele>
        <time>2026-05-04T03:20:12.0690000+00:00</time>
      </trkpt>
      <trkpt lat="46.70262" lon="7.8141">
        <ele>1261.64</ele>
        <time>2026-05-04T03:20:18.0000000+00:00</time>
      </trkpt>
      <trkpt lat="46.70252" lon="7.81403">
        <ele>1259.28</ele>
        <time>2026-05-04T03:20:32.6240000+00:00</time>
      </trkpt>
      <trkpt lat="46.70241" lon="7.81395">
        <ele>1256.58</ele>
        <time>2026-05-04T03:20:48.8290000+00:00</time>
      </trkpt>
      <trkpt lat="46.70234" lon="7.81388">
        <ele>1254.57</ele>
        <time>2026-05-04T03:21:00.0200000+00:00</time>
      </trkpt>
      <trkpt lat="46.70226" lon="7.81376">
        <ele>1251.72</ele>
        <time>2026-05-04T03:21:15.1500000+00:00</time>
      </trkpt>
      <trkpt lat="46.70222" lon="7.8137">
        <ele>1250.26</ele>
        <time>2026-05-04T03:21:22.7160000+00:00</time>
      </trkpt>
      <trkpt lat="46.70219" lon="7.81368">
        <ele>1249.48</ele>
        <time>2026-05-04T03:21:27.0660000+00:00</time>
      </trkpt>
      <trkpt lat="46.70218" lon="7.81365">
        <ele>1248.91</ele>
        <time>2026-05-04T03:21:30.0850000+00:00</time>
      </trkpt>
      <trkpt lat="46.70217" lon="7.81362">
        <ele>1248.34</ele>
        <time>2026-05-04T03:21:33.1010000+00:00</time>
      </trkpt>
      <trkpt lat="46.70212" lon="7.81354">
        <ele>1246.38</ele>
        <time>2026-05-04T03:21:42.8860000+00:00</time>
      </trkpt>
      <trkpt lat="46.70211" lon="7.81351">
        <ele>1245.8</ele>
        <time>2026-05-04T03:21:45.9020000+00:00</time>
      </trkpt>
      <trkpt lat="46.70209" lon="7.81349">
        <ele>1245.17</ele>
        <time>2026-05-04T03:21:49.1000000+00:00</time>
      </trkpt>
      <trkpt lat="46.70209" lon="7.81346">
        <ele>1244.85</ele>
        <time>2026-05-04T03:21:51.8150000+00:00</time>
      </trkpt>
      <trkpt lat="46.70209" lon="7.81342">
        <ele>1244.44</ele>
        <time>2026-05-04T03:21:55.4330000+00:00</time>
      </trkpt>
      <trkpt lat="46.70206" lon="7.8134">
        <ele>1243.7</ele>
        <time>2026-05-04T03:21:59.7820000+00:00</time>
      </trkpt>
      <trkpt lat="46.70201" lon="7.81335">
        <ele>1242.32</ele>
        <time>2026-05-04T03:22:07.7740000+00:00</time>
      </trkpt>
      <trkpt lat="46.70194" lon="7.81324">
        <ele>1240.03</ele>
        <time>2026-05-04T03:22:21.3410000+00:00</time>
      </trkpt>
      <trkpt lat="46.70173" lon="7.8129">
        <ele>1234.5</ele>
        <time>2026-05-04T03:23:02.7110000+00:00</time>
      </trkpt>
      <trkpt lat="46.70157" lon="7.81266">
        <ele>1230.72</ele>
        <time>2026-05-04T03:23:32.9730000+00:00</time>
      </trkpt>
      <trkpt lat="46.70159" lon="7.81263">
        <ele>1230.62</ele>
        <time>2026-05-04T03:23:36.7570000+00:00</time>
      </trkpt>
      <trkpt lat="46.70162" lon="7.81256">
        <ele>1230.23</ele>
        <time>2026-05-04T03:23:44.2200000+00:00</time>
      </trkpt>
      <trkpt lat="46.70166" lon="7.81249">
        <ele>1229.97</ele>
        <time>2026-05-04T03:23:52.4570000+00:00</time>
      </trkpt>
      <trkpt lat="46.70174" lon="7.81234">
        <ele>1229.42</ele>
        <time>2026-05-04T03:24:09.6370000+00:00</time>
      </trkpt>
      <trkpt lat="46.70183" lon="7.81218">
        <ele>1229</ele>
        <time>2026-05-04T03:24:28.3470000+00:00</time>
      </trkpt>
      <trkpt lat="46.70198" lon="7.81192">
        <ele>1228.47</ele>
        <time>2026-05-04T03:24:59.0660000+00:00</time>
      </trkpt>
      <trkpt lat="46.70209" lon="7.81172">
        <ele>1227.61</ele>
        <time>2026-05-04T03:25:22.2450000+00:00</time>
      </trkpt>
      <trkpt lat="46.70214" lon="7.81163">
        <ele>1227.11</ele>
        <time>2026-05-04T03:25:32.7170000+00:00</time>
      </trkpt>
      <trkpt lat="46.7022" lon="7.81149">
        <ele>1226.12</ele>
        <time>2026-05-04T03:25:47.6430000+00:00</time>
      </trkpt>
      <trkpt lat="46.70226" lon="7.81136">
        <ele>1225.17</ele>
        <time>2026-05-04T03:26:01.8100000+00:00</time>
      </trkpt>
      <trkpt lat="46.70229" lon="7.81128">
        <ele>1224.5</ele>
        <time>2026-05-04T03:26:10.0540000+00:00</time>
      </trkpt>
      <trkpt lat="46.70237" lon="7.81108">
        <ele>1222.76</ele>
        <time>2026-05-04T03:26:30.9870000+00:00</time>
      </trkpt>
      <trkpt lat="46.7024" lon="7.81101">
        <ele>1222.14</ele>
        <time>2026-05-04T03:26:38.4500000+00:00</time>
      </trkpt>
      <trkpt lat="46.70242" lon="7.81093">
        <ele>1221.33</ele>
        <time>2026-05-04T03:26:46.1480000+00:00</time>
      </trkpt>
      <trkpt lat="46.70244" lon="7.81086">
        <ele>1220.64</ele>
        <time>2026-05-04T03:26:53.0040000+00:00</time>
      </trkpt>
      <trkpt lat="46.70248" lon="7.81075">
        <ele>1219.59</ele>
        <time>2026-05-04T03:27:04.2610000+00:00</time>
      </trkpt>
      <trkpt lat="46.70262" lon="7.81048">
        <ele>1217.19</ele>
        <time>2026-05-04T03:27:34.8640000+00:00</time>
      </trkpt>
      <trkpt lat="46.70271" lon="7.81029">
        <ele>1215.39</ele>
        <time>2026-05-04T03:27:55.7410000+00:00</time>
      </trkpt>
      <trkpt lat="46.70279" lon="7.81013">
        <ele>1213.84</ele>
        <time>2026-05-04T03:28:13.6440000+00:00</time>
      </trkpt>
      <trkpt lat="46.70282" lon="7.81007">
        <ele>1213.29</ele>
        <time>2026-05-04T03:28:20.3580000+00:00</time>
      </trkpt>
      <trkpt lat="46.70285" lon="7.81003">
        <ele>1212.94</ele>
        <time>2026-05-04T03:28:25.7180000+00:00</time>
      </trkpt>
      <trkpt lat="46.7029" lon="7.80998">
        <ele>1212.54</ele>
        <time>2026-05-04T03:28:33.7110000+00:00</time>
      </trkpt>
      <trkpt lat="46.70293" lon="7.80995">
        <ele>1212.3</ele>
        <time>2026-05-04T03:28:38.5070000+00:00</time>
      </trkpt>
      <trkpt lat="46.70297" lon="7.80993">
        <ele>1212.19</ele>
        <time>2026-05-04T03:28:44.0820000+00:00</time>
      </trkpt>
      <trkpt lat="46.70316" lon="7.80985">
        <ele>1211.79</ele>
        <time>2026-05-04T03:29:10.1540000+00:00</time>
      </trkpt>
      <trkpt lat="46.70326" lon="7.80981">
        <ele>1211.57</ele>
        <time>2026-05-04T03:29:23.8250000+00:00</time>
      </trkpt>
      <trkpt lat="46.70336" lon="7.80976">
        <ele>1211.2</ele>
        <time>2026-05-04T03:29:37.7630000+00:00</time>
      </trkpt>
      <trkpt lat="46.70341" lon="7.80972">
        <ele>1210.81</ele>
        <time>2026-05-04T03:29:45.2810000+00:00</time>
      </trkpt>
      <trkpt lat="46.70344" lon="7.80969">
        <ele>1210.5</ele>
        <time>2026-05-04T03:29:50.0780000+00:00</time>
      </trkpt>
      <trkpt lat="46.70346" lon="7.80965">
        <ele>1210.03</ele>
        <time>2026-05-04T03:29:54.5520000+00:00</time>
      </trkpt>
      <trkpt lat="46.70347" lon="7.80961">
        <ele>1209.53</ele>
        <time>2026-05-04T03:29:58.4000000+00:00</time>
      </trkpt>
      <trkpt lat="46.70348" lon="7.8096">
        <ele>1209.43</ele>
        <time>2026-05-04T03:30:00.0000000+00:00</time>
      </trkpt>
    </trkseg>
  </trk>
</gpx>