<?xml version="1.0" encoding="utf-8"?>
<gpx xmlns:xsd="http://www.w3.org/2001/XMLSchema" xmlns:xsi="http://www.w3.org/2001/XMLSchema-instance" creator="eT4 META" version="1.1" xsi:schemaLocation="http://www.topografix.com/GPX/1/1 http://www.topografix.com/GPX/1/1/gpx.xsd" xmlns="http://www.topografix.com/GPX/1/1">
  <trk>
    <name>Chemin d'expérience Stockhorn</name>
    <trkseg>
      <trkpt lat="46.6839" lon="7.54244">
        <ele>1623.71</ele>
        <time>2026-05-04T00:00:00.0000000+00:00</time>
      </trkpt>
      <trkpt lat="46.68385" lon="7.54252">
        <ele>1628.04</ele>
        <time>2026-05-04T00:00:11.4170000+00:00</time>
      </trkpt>
      <trkpt lat="46.68381" lon="7.54257">
        <ele>1631.13</ele>
        <time>2026-05-04T00:00:19.5200000+00:00</time>
      </trkpt>
      <trkpt lat="46.68381" lon="7.54261">
        <ele>1632.57</ele>
        <time>2026-05-04T00:00:23.7380000+00:00</time>
      </trkpt>
      <trkpt lat="46.68383" lon="7.54266">
        <ele>1633.65</ele>
        <time>2026-05-04T00:00:29.8450000+00:00</time>
      </trkpt>
      <trkpt lat="46.68395" lon="7.54264">
        <ele>1628.71</ele>
        <time>2026-05-04T00:00:48.4180000+00:00</time>
      </trkpt>
      <trkpt lat="46.6842" lon="7.54254">
        <ele>1617.2</ele>
        <time>2026-05-04T00:01:28.2820000+00:00</time>
      </trkpt>
      <trkpt lat="46.68425" lon="7.54254">
        <ele>1615.55</ele>
        <time>2026-05-04T00:01:35.9700000+00:00</time>
      </trkpt>
      <trkpt lat="46.6843" lon="7.54256">
        <ele>1614.4</ele>
        <time>2026-05-04T00:01:43.9430000+00:00</time>
      </trkpt>
      <trkpt lat="46.68434" lon="7.5426">
        <ele>1614.01</ele>
        <time>2026-05-04T00:01:51.4020000+00:00</time>
      </trkpt>
      <trkpt lat="46.68437" lon="7.54268">
        <ele>1614.82</ele>
        <time>2026-05-04T00:02:01.0190000+00:00</time>
      </trkpt>
      <trkpt lat="46.68442" lon="7.54281">
        <ele>1615.84</ele>
        <time>2026-05-04T00:02:16.7410000+00:00</time>
      </trkpt>
      <trkpt lat="46.68447" lon="7.54289">
        <ele>1617.31</ele>
        <time>2026-05-04T00:02:28.1570000+00:00</time>
      </trkpt>
      <trkpt lat="46.68455" lon="7.54299">
        <ele>1620.16</ele>
        <time>2026-05-04T00:02:44.3620000+00:00</time>
      </trkpt>
      <trkpt lat="46.68463" lon="7.54306">
        <ele>1622.04</ele>
        <time>2026-05-04T00:02:58.7100000+00:00</time>
      </trkpt>
      <trkpt lat="46.6847" lon="7.54307">
        <ele>1622.26</ele>
        <time>2026-05-04T00:03:09.5250000+00:00</time>
      </trkpt>
      <trkpt lat="46.68478" lon="7.54307">
        <ele>1622.2</ele>
        <time>2026-05-04T00:03:21.8270000+00:00</time>
      </trkpt>
      <trkpt lat="46.68486" lon="7.54306">
        <ele>1621.9</ele>
        <time>2026-05-04T00:03:34.1730000+00:00</time>
      </trkpt>
      <trkpt lat="46.68493" lon="7.54308">
        <ele>1622.33</ele>
        <time>2026-05-04T00:03:45.1420000+00:00</time>
      </trkpt>
      <trkpt lat="46.68506" lon="7.54311">
        <ele>1622.9</ele>
        <time>2026-05-04T00:04:05.3810000+00:00</time>
      </trkpt>
      <trkpt lat="46.68507" lon="7.54312">
        <ele>1623.11</ele>
        <time>2026-05-04T00:04:07.2470000+00:00</time>
      </trkpt>
      <trkpt lat="46.68509" lon="7.54311">
        <ele>1622.87</ele>
        <time>2026-05-04T00:04:10.4980000+00:00</time>
      </trkpt>
      <trkpt lat="46.68513" lon="7.54308">
        <ele>1622.17</ele>
        <time>2026-05-04T00:04:17.4150000+00:00</time>
      </trkpt>
      <trkpt lat="46.6852" lon="7.54303">
        <ele>1621.06</ele>
        <time>2026-05-04T00:04:29.4020000+00:00</time>
      </trkpt>
      <trkpt lat="46.68526" lon="7.54301">
        <ele>1620.64</ele>
        <time>2026-05-04T00:04:38.8660000+00:00</time>
      </trkpt>
      <trkpt lat="46.68532" lon="7.54302">
        <ele>1621.11</ele>
        <time>2026-05-04T00:04:48.1520000+00:00</time>
      </trkpt>
      <trkpt lat="46.68536" lon="7.54304">
        <ele>1621.69</ele>
        <time>2026-05-04T00:04:54.6560000+00:00</time>
      </trkpt>
      <trkpt lat="46.68541" lon="7.54308">
        <ele>1622.73</ele>
        <time>2026-05-04T00:05:03.4260000+00:00</time>
      </trkpt>
      <trkpt lat="46.68544" lon="7.54309">
        <ele>1623.07</ele>
        <time>2026-05-04T00:05:08.1560000+00:00</time>
      </trkpt>
      <trkpt lat="46.68547" lon="7.54306">
        <ele>1622.6</ele>
        <time>2026-05-04T00:05:13.7500000+00:00</time>
      </trkpt>
      <trkpt lat="46.68548" lon="7.54302">
        <ele>1621.84</ele>
        <time>2026-05-04T00:05:18.2430000+00:00</time>
      </trkpt>
      <trkpt lat="46.6855" lon="7.54294">
        <ele>1620.33</ele>
        <time>2026-05-04T00:05:27.2250000+00:00</time>
      </trkpt>
      <trkpt lat="46.68553" lon="7.54287">
        <ele>1619.04</ele>
        <time>2026-05-04T00:05:35.9320000+00:00</time>
      </trkpt>
      <trkpt lat="46.68566" lon="7.54269">
        <ele>1615.55</ele>
        <time>2026-05-04T00:06:03.5030000+00:00</time>
      </trkpt>
      <trkpt lat="46.6857" lon="7.54264">
        <ele>1614.6</ele>
        <time>2026-05-04T00:06:11.6060000+00:00</time>
      </trkpt>
      <trkpt lat="46.68575" lon="7.54261">
        <ele>1614.16</ele>
        <time>2026-05-04T00:06:19.9200000+00:00</time>
      </trkpt>
      <trkpt lat="46.68582" lon="7.54258">
        <ele>1613.81</ele>
        <time>2026-05-04T00:06:31.1400000+00:00</time>
      </trkpt>
      <trkpt lat="46.68585" lon="7.54256">
        <ele>1613.5</ele>
        <time>2026-05-04T00:06:36.2140000+00:00</time>
      </trkpt>
      <trkpt lat="46.6859" lon="7.54251">
        <ele>1612.6</ele>
        <time>2026-05-04T00:06:45.5380000+00:00</time>
      </trkpt>
      <trkpt lat="46.68598" lon="7.54247">
        <ele>1612.07</ele>
        <time>2026-05-04T00:06:58.5440000+00:00</time>
      </trkpt>
      <trkpt lat="46.68605" lon="7.54245">
        <ele>1611.95</ele>
        <time>2026-05-04T00:07:09.5130000+00:00</time>
      </trkpt>
      <trkpt lat="46.68612" lon="7.54244">
        <ele>1612.79</ele>
        <time>2026-05-04T00:07:20.3290000+00:00</time>
      </trkpt>
      <trkpt lat="46.68618" lon="7.54243">
        <ele>1614.62</ele>
        <time>2026-05-04T00:07:29.6160000+00:00</time>
      </trkpt>
      <trkpt lat="46.68625" lon="7.54241">
        <ele>1616.62</ele>
        <time>2026-05-04T00:07:40.5850000+00:00</time>
      </trkpt>
      <trkpt lat="46.6863" lon="7.54242">
        <ele>1618.54</ele>
        <time>2026-05-04T00:07:48.3460000+00:00</time>
      </trkpt>
      <trkpt lat="46.68636" lon="7.54245">
        <ele>1621.15</ele>
        <time>2026-05-04T00:07:58.0990000+00:00</time>
      </trkpt>
      <trkpt lat="46.6864" lon="7.54245">
        <ele>1622.5</ele>
        <time>2026-05-04T00:08:04.2510000+00:00</time>
      </trkpt>
      <trkpt lat="46.68643" lon="7.54242">
        <ele>1623.01</ele>
        <time>2026-05-04T00:08:09.8460000+00:00</time>
      </trkpt>
      <trkpt lat="46.68649" lon="7.54235">
        <ele>1623.95</ele>
        <time>2026-05-04T00:08:21.6630000+00:00</time>
      </trkpt>
      <trkpt lat="46.68652" lon="7.54233">
        <ele>1624.71</ele>
        <time>2026-05-04T00:08:26.7360000+00:00</time>
      </trkpt>
      <trkpt lat="46.68662" lon="7.5423">
        <ele>1627.9</ele>
        <time>2026-05-04T00:08:42.4360000+00:00</time>
      </trkpt>
      <trkpt lat="46.68668" lon="7.54227">
        <ele>1629.71</ele>
        <time>2026-05-04T00:08:52.1900000+00:00</time>
      </trkpt>
      <trkpt lat="46.68674" lon="7.54222">
        <ele>1631.34</ele>
        <time>2026-05-04T00:09:02.8170000+00:00</time>
      </trkpt>
      <trkpt lat="46.68681" lon="7.54215">
        <ele>1633.26</ele>
        <time>2026-05-04T00:09:15.8710000+00:00</time>
      </trkpt>
      <trkpt lat="46.68686" lon="7.5421">
        <ele>1634.74</ele>
        <time>2026-05-04T00:09:25.1950000+00:00</time>
      </trkpt>
      <trkpt lat="46.68694" lon="7.54202">
        <ele>1637.1</ele>
        <time>2026-05-04T00:09:40.1130000+00:00</time>
      </trkpt>
      <trkpt lat="46.68699" lon="7.54194">
        <ele>1638.14</ele>
        <time>2026-05-04T00:09:51.5300000+00:00</time>
      </trkpt>
      <trkpt lat="46.68702" lon="7.54186">
        <ele>1638.33</ele>
        <time>2026-05-04T00:10:01.1470000+00:00</time>
      </trkpt>
      <trkpt lat="46.68704" lon="7.54179">
        <ele>1638.25</ele>
        <time>2026-05-04T00:10:09.1460000+00:00</time>
      </trkpt>
      <trkpt lat="46.68705" lon="7.54171">
        <ele>1637.56</ele>
        <time>2026-05-04T00:10:17.7250000+00:00</time>
      </trkpt>
      <trkpt lat="46.68704" lon="7.54153">
        <ele>1634.34</ele>
        <time>2026-05-04T00:10:36.7750000+00:00</time>
      </trkpt>
      <trkpt lat="46.68703" lon="7.54142">
        <ele>1632.13</ele>
        <time>2026-05-04T00:10:48.4810000+00:00</time>
      </trkpt>
      <trkpt lat="46.68701" lon="7.54129">
        <ele>1629</ele>
        <time>2026-05-04T00:11:02.5340000+00:00</time>
      </trkpt>
      <trkpt lat="46.68701" lon="7.54118">
        <ele>1627.81</ele>
        <time>2026-05-04T00:11:14.1380000+00:00</time>
      </trkpt>
      <trkpt lat="46.68701" lon="7.54106">
        <ele>1627.68</ele>
        <time>2026-05-04T00:11:26.7960000+00:00</time>
      </trkpt>
      <trkpt lat="46.68701" lon="7.54097">
        <ele>1627.58</ele>
        <time>2026-05-04T00:11:36.2890000+00:00</time>
      </trkpt>
      <trkpt lat="46.68703" lon="7.54091">
        <ele>1628.79</ele>
        <time>2026-05-04T00:11:43.3250000+00:00</time>
      </trkpt>
      <trkpt lat="46.68703" lon="7.54084">
        <ele>1628.74</ele>
        <time>2026-05-04T00:11:50.7100000+00:00</time>
      </trkpt>
      <trkpt lat="46.68702" lon="7.54074">
        <ele>1628</ele>
        <time>2026-05-04T00:12:01.3710000+00:00</time>
      </trkpt>
      <trkpt lat="46.68702" lon="7.54064">
        <ele>1627.9</ele>
        <time>2026-05-04T00:12:11.9210000+00:00</time>
      </trkpt>
      <trkpt lat="46.68702" lon="7.5405">
        <ele>1627.77</ele>
        <time>2026-05-04T00:12:26.6890000+00:00</time>
      </trkpt>
      <trkpt lat="46.68701" lon="7.5404">
        <ele>1626.96</ele>
        <time>2026-05-04T00:12:37.3500000+00:00</time>
      </trkpt>
      <trkpt lat="46.68699" lon="7.54032">
        <ele>1626.02</ele>
        <time>2026-05-04T00:12:46.3320000+00:00</time>
      </trkpt>
      <trkpt lat="46.68695" lon="7.54026">
        <ele>1623.55</ele>
        <time>2026-05-04T00:12:55.1590000+00:00</time>
      </trkpt>
      <trkpt lat="46.68691" lon="7.54016">
        <ele>1621.98</ele>
        <time>2026-05-04T00:13:07.3700000+00:00</time>
      </trkpt>
      <trkpt lat="46.68686" lon="7.54004">
        <ele>1621.05</ele>
        <time>2026-05-04T00:13:22.1800000+00:00</time>
      </trkpt>
      <trkpt lat="46.68682" lon="7.53994">
        <ele>1620.31</ele>
        <time>2026-05-04T00:13:34.3920000+00:00</time>
      </trkpt>
      <trkpt lat="46.68677" lon="7.53983">
        <ele>1619.25</ele>
        <time>2026-05-04T00:13:48.3120000+00:00</time>
      </trkpt>
      <trkpt lat="46.68673" lon="7.53971">
        <ele>1618.59</ele>
        <time>2026-05-04T00:14:02.3850000+00:00</time>
      </trkpt>
      <trkpt lat="46.6867" lon="7.53963">
        <ele>1618.01</ele>
        <time>2026-05-04T00:14:12.0020000+00:00</time>
      </trkpt>
      <trkpt lat="46.68668" lon="7.53951">
        <ele>1618.4</ele>
        <time>2026-05-04T00:14:25.0290000+00:00</time>
      </trkpt>
      <trkpt lat="46.68665" lon="7.53937">
        <ele>1619.41</ele>
        <time>2026-05-04T00:14:40.5010000+00:00</time>
      </trkpt>
      <trkpt lat="46.68665" lon="7.53929">
        <ele>1620.63</ele>
        <time>2026-05-04T00:14:48.9380000+00:00</time>
      </trkpt>
      <trkpt lat="46.68663" lon="7.53922">
        <ele>1620.94</ele>
        <time>2026-05-04T00:14:56.9370000+00:00</time>
      </trkpt>
      <trkpt lat="46.68658" lon="7.53909">
        <ele>1621.02</ele>
        <time>2026-05-04T00:15:12.6580000+00:00</time>
      </trkpt>
      <trkpt lat="46.68657" lon="7.53902">
        <ele>1621.69</ele>
        <time>2026-05-04T00:15:20.2010000+00:00</time>
      </trkpt>
      <trkpt lat="46.68657" lon="7.53893">
        <ele>1623.05</ele>
        <time>2026-05-04T00:15:29.6960000+00:00</time>
      </trkpt>
      <trkpt lat="46.68655" lon="7.53878">
        <ele>1624.55</ele>
        <time>2026-05-04T00:15:45.8140000+00:00</time>
      </trkpt>
      <trkpt lat="46.68654" lon="7.53862">
        <ele>1626.92</ele>
        <time>2026-05-04T00:16:02.7620000+00:00</time>
      </trkpt>
      <trkpt lat="46.68655" lon="7.53852">
        <ele>1629.21</ele>
        <time>2026-05-04T00:16:13.4230000+00:00</time>
      </trkpt>
      <trkpt lat="46.68657" lon="7.53844">
        <ele>1631.59</ele>
        <time>2026-05-04T00:16:22.4050000+00:00</time>
      </trkpt>
      <trkpt lat="46.68658" lon="7.53836">
        <ele>1633.58</ele>
        <time>2026-05-04T00:16:30.9830000+00:00</time>
      </trkpt>
      <trkpt lat="46.68656" lon="7.53817">
        <ele>1636.28</ele>
        <time>2026-05-04T00:16:51.2600000+00:00</time>
      </trkpt>
      <trkpt lat="46.68654" lon="7.53809">
        <ele>1636.78</ele>
        <time>2026-05-04T00:17:00.2420000+00:00</time>
      </trkpt>
      <trkpt lat="46.68649" lon="7.53799">
        <ele>1635.98</ele>
        <time>2026-05-04T00:17:13.2950000+00:00</time>
      </trkpt>
      <trkpt lat="46.68643" lon="7.53791">
        <ele>1634.1</ele>
        <time>2026-05-04T00:17:25.7990000+00:00</time>
      </trkpt>
      <trkpt lat="46.68635" lon="7.53781">
        <ele>1631.27</ele>
        <time>2026-05-04T00:17:42.0040000+00:00</time>
      </trkpt>
      <trkpt lat="46.68631" lon="7.53772">
        <ele>1630.38</ele>
        <time>2026-05-04T00:17:53.3160000+00:00</time>
      </trkpt>
      <trkpt lat="46.68629" lon="7.53765">
        <ele>1630.26</ele>
        <time>2026-05-04T00:18:01.3150000+00:00</time>
      </trkpt>
      <trkpt lat="46.68624" lon="7.53754">
        <ele>1628.88</ele>
        <time>2026-05-04T00:18:15.2340000+00:00</time>
      </trkpt>
      <trkpt lat="46.68619" lon="7.53744">
        <ele>1627.21</ele>
        <time>2026-05-04T00:18:28.2880000+00:00</time>
      </trkpt>
      <trkpt lat="46.68616" lon="7.53734">
        <ele>1626.65</ele>
        <time>2026-05-04T00:18:39.8010000+00:00</time>
      </trkpt>
      <trkpt lat="46.68614" lon="7.53723">
        <ele>1626.78</ele>
        <time>2026-05-04T00:18:51.8050000+00:00</time>
      </trkpt>
      <trkpt lat="46.68614" lon="7.53721">
        <ele>1627.04</ele>
        <time>2026-05-04T00:18:53.9180000+00:00</time>
      </trkpt>
      <trkpt lat="46.68621" lon="7.53692">
        <ele>1635.58</ele>
        <time>2026-05-04T00:19:26.3480000+00:00</time>
      </trkpt>
      <trkpt lat="46.68629" lon="7.53666">
        <ele>1644.75</ele>
        <time>2026-05-04T00:19:56.4070000+00:00</time>
      </trkpt>
      <trkpt lat="46.68635" lon="7.53652">
        <ele>1650.97</ele>
        <time>2026-05-04T00:20:13.8200000+00:00</time>
      </trkpt>
      <trkpt lat="46.68636" lon="7.53648">
        <ele>1652.27</ele>
        <time>2026-05-04T00:20:18.3110000+00:00</time>
      </trkpt>
      <trkpt lat="46.68638" lon="7.53645">
        <ele>1654.12</ele>
        <time>2026-05-04T00:20:22.7240000+00:00</time>
      </trkpt>
      <trkpt lat="46.6864" lon="7.53645">
        <ele>1655.54</ele>
        <time>2026-05-04T00:20:25.7980000+00:00</time>
      </trkpt>
      <trkpt lat="46.68644" lon="7.5365">
        <ele>1657.61</ele>
        <time>2026-05-04T00:20:33.9010000+00:00</time>
      </trkpt>
      <trkpt lat="46.68649" lon="7.53659">
        <ele>1659.74</ele>
        <time>2026-05-04T00:20:46.1180000+00:00</time>
      </trkpt>
      <trkpt lat="46.68659" lon="7.5367">
        <ele>1664.96</ele>
        <time>2026-05-04T00:21:05.3810000+00:00</time>
      </trkpt>
      <trkpt lat="46.68664" lon="7.53672">
        <ele>1668.1</ele>
        <time>2026-05-04T00:21:13.3540000+00:00</time>
      </trkpt>
      <trkpt lat="46.68671" lon="7.53674">
        <ele>1672.6</ele>
        <time>2026-05-04T00:21:24.3230000+00:00</time>
      </trkpt>
      <trkpt lat="46.68676" lon="7.53676">
        <ele>1675.72</ele>
        <time>2026-05-04T00:21:32.2960000+00:00</time>
      </trkpt>
      <trkpt lat="46.68683" lon="7.53681">
        <ele>1679.67</ele>
        <time>2026-05-04T00:21:44.2820000+00:00</time>
      </trkpt>
      <trkpt lat="46.6869" lon="7.53685">
        <ele>1683.76</ele>
        <time>2026-05-04T00:21:55.8450000+00:00</time>
      </trkpt>
      <trkpt lat="46.68693" lon="7.53688">
        <ele>1685.31</ele>
        <time>2026-05-04T00:22:01.4390000+00:00</time>
      </trkpt>
      <trkpt lat="46.68706" lon="7.53706">
        <ele>1693.12</ele>
        <time>2026-05-04T00:22:29.0100000+00:00</time>
      </trkpt>
      <trkpt lat="46.68711" lon="7.53712">
        <ele>1696.06</ele>
        <time>2026-05-04T00:22:38.9690000+00:00</time>
      </trkpt>
      <trkpt lat="46.68716" lon="7.53721">
        <ele>1698.41</ele>
        <time>2026-05-04T00:22:51.1850000+00:00</time>
      </trkpt>
      <trkpt lat="46.68718" lon="7.5373">
        <ele>1698.21</ele>
        <time>2026-05-04T00:23:01.1640000+00:00</time>
      </trkpt>
      <trkpt lat="46.68719" lon="7.53724">
        <ele>1700.37</ele>
        <time>2026-05-04T00:23:07.6780000+00:00</time>
      </trkpt>
      <trkpt lat="46.68717" lon="7.53714">
        <ele>1700.78</ele>
        <time>2026-05-04T00:23:18.6670000+00:00</time>
      </trkpt>
      <trkpt lat="46.68716" lon="7.53707">
        <ele>1701.44</ele>
        <time>2026-05-04T00:23:26.2110000+00:00</time>
      </trkpt>
      <trkpt lat="46.68716" lon="7.53701">
        <ele>1702.36</ele>
        <time>2026-05-04T00:23:32.5410000+00:00</time>
      </trkpt>
      <trkpt lat="46.68716" lon="7.53696">
        <ele>1702.99</ele>
        <time>2026-05-04T00:23:37.8170000+00:00</time>
      </trkpt>
      <trkpt lat="46.68712" lon="7.53678">
        <ele>1702.11</ele>
        <time>2026-05-04T00:23:57.7760000+00:00</time>
      </trkpt>
      <trkpt lat="46.68707" lon="7.53656">
        <ele>1701.4</ele>
        <time>2026-05-04T00:24:22.2230000+00:00</time>
      </trkpt>
      <trkpt lat="46.68706" lon="7.53648">
        <ele>1701.86</ele>
        <time>2026-05-04T00:24:30.8010000+00:00</time>
      </trkpt>
      <trkpt lat="46.6871" lon="7.53634">
        <ele>1706.7</ele>
        <time>2026-05-04T00:24:46.7990000+00:00</time>
      </trkpt>
      <trkpt lat="46.68708" lon="7.53622">
        <ele>1707.07</ele>
        <time>2026-05-04T00:24:59.8260000+00:00</time>
      </trkpt>
      <trkpt lat="46.68706" lon="7.53617">
        <ele>1706.19</ele>
        <time>2026-05-04T00:25:05.9320000+00:00</time>
      </trkpt>
      <trkpt lat="46.68704" lon="7.53608">
        <ele>1705.71</ele>
        <time>2026-05-04T00:25:15.9110000+00:00</time>
      </trkpt>
      <trkpt lat="46.68705" lon="7.53601">
        <ele>1706.99</ele>
        <time>2026-05-04T00:25:23.4540000+00:00</time>
      </trkpt>
      <trkpt lat="46.6871" lon="7.53605">
        <ele>1709.8</ele>
        <time>2026-05-04T00:25:32.2240000+00:00</time>
      </trkpt>
      <trkpt lat="46.68714" lon="7.53607">
        <ele>1712.19</ele>
        <time>2026-05-04T00:25:38.7260000+00:00</time>
      </trkpt>
      <trkpt lat="46.68716" lon="7.53611">
        <ele>1713.17</ele>
        <time>2026-05-04T00:25:43.9480000+00:00</time>
      </trkpt>
      <trkpt lat="46.6872" lon="7.53617">
        <ele>1715.34</ele>
        <time>2026-05-04T00:25:52.7740000+00:00</time>
      </trkpt>
      <trkpt lat="46.68722" lon="7.53613">
        <ele>1716.91</ele>
        <time>2026-05-04T00:25:57.9960000+00:00</time>
      </trkpt>
      <trkpt lat="46.68722" lon="7.53606">
        <ele>1717.37</ele>
        <time>2026-05-04T00:26:05.3780000+00:00</time>
      </trkpt>
      <trkpt lat="46.68725" lon="7.53599">
        <ele>1719.71</ele>
        <time>2026-05-04T00:26:14.0850000+00:00</time>
      </trkpt>
      <trkpt lat="46.68724" lon="7.53585">
        <ele>1719.97</ele>
        <time>2026-05-04T00:26:28.9320000+00:00</time>
      </trkpt>
      <trkpt lat="46.68723" lon="7.53574">
        <ele>1720.07</ele>
        <time>2026-05-04T00:26:40.6370000+00:00</time>
      </trkpt>
      <trkpt lat="46.68721" lon="7.53566">
        <ele>1719.43</ele>
        <time>2026-05-04T00:26:49.6180000+00:00</time>
      </trkpt>
      <trkpt lat="46.68718" lon="7.53561">
        <ele>1718.05</ele>
        <time>2026-05-04T00:26:56.6240000+00:00</time>
      </trkpt>
      <trkpt lat="46.68713" lon="7.53549">
        <ele>1716.13</ele>
        <time>2026-05-04T00:27:11.4350000+00:00</time>
      </trkpt>
      <trkpt lat="46.68709" lon="7.53539">
        <ele>1714.76</ele>
        <time>2026-05-04T00:27:23.6460000+00:00</time>
      </trkpt>
      <trkpt lat="46.68707" lon="7.53512">
        <ele>1715.83</ele>
        <time>2026-05-04T00:27:52.2930000+00:00</time>
      </trkpt>
      <trkpt lat="46.68716" lon="7.53513">
        <ele>1720.34</ele>
        <time>2026-05-04T00:28:06.1730000+00:00</time>
      </trkpt>
      <trkpt lat="46.68724" lon="7.53523">
        <ele>1723.83</ele>
        <time>2026-05-04T00:28:22.3780000+00:00</time>
      </trkpt>
      <trkpt lat="46.68722" lon="7.53505">
        <ele>1723.91</ele>
        <time>2026-05-04T00:28:41.6130000+00:00</time>
      </trkpt>
      <trkpt lat="46.6872" lon="7.53498">
        <ele>1723.36</ele>
        <time>2026-05-04T00:28:49.6120000+00:00</time>
      </trkpt>
      <trkpt lat="46.68716" lon="7.53487">
        <ele>1722.14</ele>
        <time>2026-05-04T00:29:02.7450000+00:00</time>
      </trkpt>
      <trkpt lat="46.68715" lon="7.53478">
        <ele>1722.3</ele>
        <time>2026-05-04T00:29:12.3630000+00:00</time>
      </trkpt>
      <trkpt lat="46.68715" lon="7.53469">
        <ele>1722.93</ele>
        <time>2026-05-04T00:29:21.8570000+00:00</time>
      </trkpt>
      <trkpt lat="46.68717" lon="7.53463">
        <ele>1724.26</ele>
        <time>2026-05-04T00:29:28.8950000+00:00</time>
      </trkpt>
      <trkpt lat="46.68721" lon="7.53458">
        <ele>1726.39</ele>
        <time>2026-05-04T00:29:36.9970000+00:00</time>
      </trkpt>
      <trkpt lat="46.68727" lon="7.53456">
        <ele>1729.19</ele>
        <time>2026-05-04T00:29:46.4620000+00:00</time>
      </trkpt>
      <trkpt lat="46.68732" lon="7.53442">
        <ele>1730.5</ele>
        <time>2026-05-04T00:30:03.1120000+00:00</time>
      </trkpt>
      <trkpt lat="46.68739" lon="7.53435">
        <ele>1732.99</ele>
        <time>2026-05-04T00:30:16.1660000+00:00</time>
      </trkpt>
      <trkpt lat="46.68741" lon="7.53429">
        <ele>1733.38</ele>
        <time>2026-05-04T00:30:23.2030000+00:00</time>
      </trkpt>
      <trkpt lat="46.68745" lon="7.53423">
        <ele>1734.58</ele>
        <time>2026-05-04T00:30:32.0270000+00:00</time>
      </trkpt>
      <trkpt lat="46.68747" lon="7.53412">
        <ele>1734.5</ele>
        <time>2026-05-04T00:30:44.0310000+00:00</time>
      </trkpt>
      <trkpt lat="46.6875" lon="7.53401">
        <ele>1734.78</ele>
        <time>2026-05-04T00:30:56.5180000+00:00</time>
      </trkpt>
      <trkpt lat="46.68752" lon="7.53395">
        <ele>1735.05</ele>
        <time>2026-05-04T00:31:03.5540000+00:00</time>
      </trkpt>
      <trkpt lat="46.68755" lon="7.53391">
        <ele>1735.87</ele>
        <time>2026-05-04T00:31:09.8060000+00:00</time>
      </trkpt>
      <trkpt lat="46.68757" lon="7.53386">
        <ele>1736.18</ele>
        <time>2026-05-04T00:31:15.9100000+00:00</time>
      </trkpt>
      <trkpt lat="46.68762" lon="7.5338">
        <ele>1737.53</ele>
        <time>2026-05-04T00:31:25.8690000+00:00</time>
      </trkpt>
      <trkpt lat="46.68763" lon="7.53372">
        <ele>1737.14</ele>
        <time>2026-05-04T00:31:34.4460000+00:00</time>
      </trkpt>
      <trkpt lat="46.68764" lon="7.53365">
        <ele>1736.95</ele>
        <time>2026-05-04T00:31:41.9880000+00:00</time>
      </trkpt>
      <trkpt lat="46.6877" lon="7.53365">
        <ele>1739.17</ele>
        <time>2026-05-04T00:31:51.2160000+00:00</time>
      </trkpt>
      <trkpt lat="46.68771" lon="7.53361">
        <ele>1739.21</ele>
        <time>2026-05-04T00:31:55.7080000+00:00</time>
      </trkpt>
      <trkpt lat="46.68771" lon="7.53357">
        <ele>1738.88</ele>
        <time>2026-05-04T00:31:59.9300000+00:00</time>
      </trkpt>
      <trkpt lat="46.68774" lon="7.53353">
        <ele>1739.65</ele>
        <time>2026-05-04T00:32:06.1840000+00:00</time>
      </trkpt>
      <trkpt lat="46.6878" lon="7.53346">
        <ele>1742.94</ele>
        <time>2026-05-04T00:32:18.0010000+00:00</time>
      </trkpt>
      <trkpt lat="46.68784" lon="7.53336">
        <ele>1745.27</ele>
        <time>2026-05-04T00:32:30.2110000+00:00</time>
      </trkpt>
      <trkpt lat="46.68787" lon="7.53329">
        <ele>1747.08</ele>
        <time>2026-05-04T00:32:38.9180000+00:00</time>
      </trkpt>
      <trkpt lat="46.68789" lon="7.53324">
        <ele>1748.26</ele>
        <time>2026-05-04T00:32:45.0240000+00:00</time>
      </trkpt>
      <trkpt lat="46.68792" lon="7.53315">
        <ele>1749.93</ele>
        <time>2026-05-04T00:32:55.5790000+00:00</time>
      </trkpt>
      <trkpt lat="46.68795" lon="7.53307">
        <ele>1751.69</ele>
        <time>2026-05-04T00:33:05.1960000+00:00</time>
      </trkpt>
      <trkpt lat="46.68798" lon="7.53294">
        <ele>1753.08</ele>
        <time>2026-05-04T00:33:19.6640000+00:00</time>
      </trkpt>
      <trkpt lat="46.68798" lon="7.53288">
        <ele>1752.63</ele>
        <time>2026-05-04T00:33:25.9930000+00:00</time>
      </trkpt>
      <trkpt lat="46.68798" lon="7.53274">
        <ele>1751.72</ele>
        <time>2026-05-04T00:33:40.7600000+00:00</time>
      </trkpt>
      <trkpt lat="46.68798" lon="7.53259">
        <ele>1750.75</ele>
        <time>2026-05-04T00:33:56.5820000+00:00</time>
      </trkpt>
      <trkpt lat="46.68798" lon="7.53244">
        <ele>1749.79</ele>
        <time>2026-05-04T00:34:12.4040000+00:00</time>
      </trkpt>
      <trkpt lat="46.68797" lon="7.53234">
        <ele>1748.41</ele>
        <time>2026-05-04T00:34:23.0640000+00:00</time>
      </trkpt>
      <trkpt lat="46.68799" lon="7.53222">
        <ele>1749.08</ele>
        <time>2026-05-04T00:34:36.0900000+00:00</time>
      </trkpt>
      <trkpt lat="46.68802" lon="7.53213">
        <ele>1750.61</ele>
        <time>2026-05-04T00:34:46.6450000+00:00</time>
      </trkpt>
      <trkpt lat="46.68802" lon="7.53198">
        <ele>1749.81</ele>
        <time>2026-05-04T00:35:02.4670000+00:00</time>
      </trkpt>
      <trkpt lat="46.688" lon="7.53187">
        <ele>1748.06</ele>
        <time>2026-05-04T00:35:14.4710000+00:00</time>
      </trkpt>
      <trkpt lat="46.688" lon="7.53176">
        <ele>1747.68</ele>
        <time>2026-05-04T00:35:26.0740000+00:00</time>
      </trkpt>
      <trkpt lat="46.68799" lon="7.53167">
        <ele>1746.73</ele>
        <time>2026-05-04T00:35:35.6910000+00:00</time>
      </trkpt>
      <trkpt lat="46.68795" lon="7.53152">
        <ele>1743.75</ele>
        <time>2026-05-04T00:35:52.6670000+00:00</time>
      </trkpt>
      <trkpt lat="46.68793" lon="7.53141">
        <ele>1742.24</ele>
        <time>2026-05-04T00:36:04.6700000+00:00</time>
      </trkpt>
      <trkpt lat="46.68793" lon="7.53135">
        <ele>1742.1</ele>
        <time>2026-05-04T00:36:10.9990000+00:00</time>
      </trkpt>
      <trkpt lat="46.6879" lon="7.53123">
        <ele>1740.07</ele>
        <time>2026-05-04T00:36:24.4710000+00:00</time>
      </trkpt>
      <trkpt lat="46.68785" lon="7.53109">
        <ele>1737.66</ele>
        <time>2026-05-04T00:36:41.1210000+00:00</time>
      </trkpt>
      <trkpt lat="46.68781" lon="7.53107">
        <ele>1735.51</ele>
        <time>2026-05-04T00:36:47.6250000+00:00</time>
      </trkpt>
      <trkpt lat="46.68776" lon="7.53103">
        <ele>1732.93</ele>
        <time>2026-05-04T00:36:56.3950000+00:00</time>
      </trkpt>
      <trkpt lat="46.68771" lon="7.53091">
        <ele>1732.48</ele>
        <time>2026-05-04T00:37:11.2060000+00:00</time>
      </trkpt>
      <trkpt lat="46.68768" lon="7.53086">
        <ele>1732.08</ele>
        <time>2026-05-04T00:37:18.2150000+00:00</time>
      </trkpt>
      <trkpt lat="46.68766" lon="7.53083">
        <ele>1731.8</ele>
        <time>2026-05-04T00:37:22.6280000+00:00</time>
      </trkpt>
      <trkpt lat="46.68763" lon="7.53082">
        <ele>1731.21</ele>
        <time>2026-05-04T00:37:27.3600000+00:00</time>
      </trkpt>
      <trkpt lat="46.6876" lon="7.53073">
        <ele>1730.95</ele>
        <time>2026-05-04T00:37:37.9140000+00:00</time>
      </trkpt>
      <trkpt lat="46.68757" lon="7.53068">
        <ele>1730.51</ele>
        <time>2026-05-04T00:37:44.9230000+00:00</time>
      </trkpt>
      <trkpt lat="46.6875" lon="7.53065">
        <ele>1729.11</ele>
        <time>2026-05-04T00:37:56.1420000+00:00</time>
      </trkpt>
      <trkpt lat="46.68745" lon="7.53062">
        <ele>1728.13</ele>
        <time>2026-05-04T00:38:04.4560000+00:00</time>
      </trkpt>
      <trkpt lat="46.68741" lon="7.53054">
        <ele>1727.52</ele>
        <time>2026-05-04T00:38:14.8980000+00:00</time>
      </trkpt>
      <trkpt lat="46.68732" lon="7.53046">
        <ele>1725.76</ele>
        <time>2026-05-04T00:38:31.1080000+00:00</time>
      </trkpt>
      <trkpt lat="46.68729" lon="7.53042">
        <ele>1725.19</ele>
        <time>2026-05-04T00:38:37.3600000+00:00</time>
      </trkpt>
      <trkpt lat="46.68728" lon="7.53038">
        <ele>1725.19</ele>
        <time>2026-05-04T00:38:41.8510000+00:00</time>
      </trkpt>
      <trkpt lat="46.68727" lon="7.5303">
        <ele>1726</ele>
        <time>2026-05-04T00:38:50.4280000+00:00</time>
      </trkpt>
      <trkpt lat="46.68728" lon="7.53025">
        <ele>1726.88</ele>
        <time>2026-05-04T00:38:55.9210000+00:00</time>
      </trkpt>
      <trkpt lat="46.68728" lon="7.5302">
        <ele>1727.53</ele>
        <time>2026-05-04T00:39:01.1960000+00:00</time>
      </trkpt>
      <trkpt lat="46.68725" lon="7.53014">
        <ele>1727.61</ele>
        <time>2026-05-04T00:39:09.0270000+00:00</time>
      </trkpt>
      <trkpt lat="46.68724" lon="7.53003">
        <ele>1728.79</ele>
        <time>2026-05-04T00:39:20.7320000+00:00</time>
      </trkpt>
      <trkpt lat="46.68724" lon="7.5299">
        <ele>1730.47</ele>
        <time>2026-05-04T00:39:34.4460000+00:00</time>
      </trkpt>
      <trkpt lat="46.68722" lon="7.52979">
        <ele>1731.4</ele>
        <time>2026-05-04T00:39:46.4500000+00:00</time>
      </trkpt>
      <trkpt lat="46.68721" lon="7.52968">
        <ele>1732.57</ele>
        <time>2026-05-04T00:39:58.1540000+00:00</time>
      </trkpt>
      <trkpt lat="46.6872" lon="7.5296">
        <ele>1733.34</ele>
        <time>2026-05-04T00:40:06.7310000+00:00</time>
      </trkpt>
      <trkpt lat="46.68719" lon="7.52954">
        <ele>1733.9</ele>
        <time>2026-05-04T00:40:13.2450000+00:00</time>
      </trkpt>
      <trkpt lat="46.68722" lon="7.52947">
        <ele>1735.69</ele>
        <time>2026-05-04T00:40:21.9520000+00:00</time>
      </trkpt>
      <trkpt lat="46.68722" lon="7.52944">
        <ele>1736.14</ele>
        <time>2026-05-04T00:40:25.1140000+00:00</time>
      </trkpt>
      <trkpt lat="46.6872" lon="7.52936">
        <ele>1736.81</ele>
        <time>2026-05-04T00:40:34.0950000+00:00</time>
      </trkpt>
      <trkpt lat="46.6872" lon="7.52927">
        <ele>1738.15</ele>
        <time>2026-05-04T00:40:43.5880000+00:00</time>
      </trkpt>
      <trkpt lat="46.68721" lon="7.5292">
        <ele>1739.44</ele>
        <time>2026-05-04T00:40:51.1280000+00:00</time>
      </trkpt>
      <trkpt lat="46.68724" lon="7.5291">
        <ele>1741.7</ele>
        <time>2026-05-04T00:41:02.6410000+00:00</time>
      </trkpt>
      <trkpt lat="46.68724" lon="7.52901">
        <ele>1743.04</ele>
        <time>2026-05-04T00:41:12.1360000+00:00</time>
      </trkpt>
      <trkpt lat="46.68724" lon="7.52885">
        <ele>1745.41</ele>
        <time>2026-05-04T00:41:29.0140000+00:00</time>
      </trkpt>
      <trkpt lat="46.68724" lon="7.52878">
        <ele>1746.45</ele>
        <time>2026-05-04T00:41:36.3990000+00:00</time>
      </trkpt>
      <trkpt lat="46.68727" lon="7.52871">
        <ele>1748.19</ele>
        <time>2026-05-04T00:41:45.1060000+00:00</time>
      </trkpt>
      <trkpt lat="46.68728" lon="7.52849">
        <ele>1750.34</ele>
        <time>2026-05-04T00:42:08.3630000+00:00</time>
      </trkpt>
      <trkpt lat="46.68728" lon="7.52838">
        <ele>1751.29</ele>
        <time>2026-05-04T00:42:19.9670000+00:00</time>
      </trkpt>
      <trkpt lat="46.68731" lon="7.52831">
        <ele>1752.64</ele>
        <time>2026-05-04T00:42:28.6730000+00:00</time>
      </trkpt>
      <trkpt lat="46.68733" lon="7.52814">
        <ele>1754.58</ele>
        <time>2026-05-04T00:42:46.8680000+00:00</time>
      </trkpt>
      <trkpt lat="46.68734" lon="7.52795">
        <ele>1756.43</ele>
        <time>2026-05-04T00:43:06.9700000+00:00</time>
      </trkpt>
      <trkpt lat="46.68735" lon="7.52789">
        <ele>1757.12</ele>
        <time>2026-05-04T00:43:13.4840000+00:00</time>
      </trkpt>
      <trkpt lat="46.6874" lon="7.52772">
        <ele>1756.72</ele>
        <time>2026-05-04T00:43:32.9950000+00:00</time>
      </trkpt>
      <trkpt lat="46.68743" lon="7.52759">
        <ele>1756.15</ele>
        <time>2026-05-04T00:43:47.4630000+00:00</time>
      </trkpt>
      <trkpt lat="46.68749" lon="7.52748">
        <ele>1756.35</ele>
        <time>2026-05-04T00:44:02.2870000+00:00</time>
      </trkpt>
      <trkpt lat="46.6875" lon="7.52742">
        <ele>1755.95</ele>
        <time>2026-05-04T00:44:08.8010000+00:00</time>
      </trkpt>
      <trkpt lat="46.68755" lon="7.52727">
        <ele>1755.41</ele>
        <time>2026-05-04T00:44:26.3930000+00:00</time>
      </trkpt>
      <trkpt lat="46.68756" lon="7.52719">
        <ele>1754.76</ele>
        <time>2026-05-04T00:44:34.9700000+00:00</time>
      </trkpt>
      <trkpt lat="46.68758" lon="7.52721">
        <ele>1755.35</ele>
        <time>2026-05-04T00:44:38.7020000+00:00</time>
      </trkpt>
      <trkpt lat="46.6876" lon="7.52723">
        <ele>1755.95</ele>
        <time>2026-05-04T00:44:42.4340000+00:00</time>
      </trkpt>
      <trkpt lat="46.68762" lon="7.52724">
        <ele>1756.45</ele>
        <time>2026-05-04T00:44:45.6870000+00:00</time>
      </trkpt>
      <trkpt lat="46.68767" lon="7.52722">
        <ele>1757.18</ele>
        <time>2026-05-04T00:44:53.6600000+00:00</time>
      </trkpt>
      <trkpt lat="46.68772" lon="7.52722">
        <ele>1758.14</ele>
        <time>2026-05-04T00:45:01.3490000+00:00</time>
      </trkpt>
      <trkpt lat="46.68774" lon="7.52722">
        <ele>1758.53</ele>
        <time>2026-05-04T00:45:04.4280000+00:00</time>
      </trkpt>
      <trkpt lat="46.68775" lon="7.52724">
        <ele>1758.96</ele>
        <time>2026-05-04T00:45:07.0410000+00:00</time>
      </trkpt>
      <trkpt lat="46.68778" lon="7.5273">
        <ele>1760.06</ele>
        <time>2026-05-04T00:45:14.8740000+00:00</time>
      </trkpt>
      <trkpt lat="46.68779" lon="7.52751">
        <ele>1762.66</ele>
        <time>2026-05-04T00:45:37.0790000+00:00</time>
      </trkpt>
      <trkpt lat="46.68778" lon="7.5276">
        <ele>1763.65</ele>
        <time>2026-05-04T00:45:46.6960000+00:00</time>
      </trkpt>
      <trkpt lat="46.68783" lon="7.52778">
        <ele>1766.24</ele>
        <time>2026-05-04T00:46:07.1810000+00:00</time>
      </trkpt>
      <trkpt lat="46.68784" lon="7.52786">
        <ele>1767.27</ele>
        <time>2026-05-04T00:46:15.7580000+00:00</time>
      </trkpt>
      <trkpt lat="46.68785" lon="7.52795">
        <ele>1767.41</ele>
        <time>2026-05-04T00:46:25.3760000+00:00</time>
      </trkpt>
      <trkpt lat="46.68796" lon="7.52797">
        <ele>1768.33</ele>
        <time>2026-05-04T00:46:42.4230000+00:00</time>
      </trkpt>
      <trkpt lat="46.68806" lon="7.52799">
        <ele>1769.2</ele>
        <time>2026-05-04T00:46:57.9440000+00:00</time>
      </trkpt>
      <trkpt lat="46.68813" lon="7.52801">
        <ele>1769.83</ele>
        <time>2026-05-04T00:47:08.9130000+00:00</time>
      </trkpt>
      <trkpt lat="46.68818" lon="7.52805">
        <ele>1770.25</ele>
        <time>2026-05-04T00:47:17.6840000+00:00</time>
      </trkpt>
      <trkpt lat="46.68823" lon="7.52806">
        <ele>1770.77</ele>
        <time>2026-05-04T00:47:25.4450000+00:00</time>
      </trkpt>
      <trkpt lat="46.68832" lon="7.52805">
        <ele>1771.72</ele>
        <time>2026-05-04T00:47:39.3240000+00:00</time>
      </trkpt>
      <trkpt lat="46.68836" lon="7.52809">
        <ele>1772.16</ele>
        <time>2026-05-04T00:47:46.7840000+00:00</time>
      </trkpt>
      <trkpt lat="46.6884" lon="7.52812">
        <ele>1772.63</ele>
        <time>2026-05-04T00:47:53.6990000+00:00</time>
      </trkpt>
      <trkpt lat="46.68846" lon="7.52813">
        <ele>1773.33</ele>
        <time>2026-05-04T00:48:02.9870000+00:00</time>
      </trkpt>
      <trkpt lat="46.68847" lon="7.52817">
        <ele>1773.52</ele>
        <time>2026-05-04T00:48:07.4770000+00:00</time>
      </trkpt>
      <trkpt lat="46.68862" lon="7.52818">
        <ele>1775.51</ele>
        <time>2026-05-04T00:48:30.5670000+00:00</time>
      </trkpt>
      <trkpt lat="46.68882" lon="7.52818">
        <ele>1779.01</ele>
        <time>2026-05-04T00:49:01.3220000+00:00</time>
      </trkpt>
      <trkpt lat="46.68889" lon="7.52826">
        <ele>1780.29</ele>
        <time>2026-05-04T00:49:14.9990000+00:00</time>
      </trkpt>
      <trkpt lat="46.68896" lon="7.52833">
        <ele>1781.45</ele>
        <time>2026-05-04T00:49:28.0510000+00:00</time>
      </trkpt>
      <trkpt lat="46.68901" lon="7.52839">
        <ele>1782.21</ele>
        <time>2026-05-04T00:49:38.0090000+00:00</time>
      </trkpt>
      <trkpt lat="46.68907" lon="7.52849">
        <ele>1783.02</ele>
        <time>2026-05-04T00:49:52.0230000+00:00</time>
      </trkpt>
      <trkpt lat="46.68912" lon="7.52857">
        <ele>1783.6</ele>
        <time>2026-05-04T00:50:03.4390000+00:00</time>
      </trkpt>
      <trkpt lat="46.68912" lon="7.52885">
        <ele>1782.98</ele>
        <time>2026-05-04T00:50:32.9740000+00:00</time>
      </trkpt>
      <trkpt lat="46.68913" lon="7.52897">
        <ele>1782.76</ele>
        <time>2026-05-04T00:50:45.7240000+00:00</time>
      </trkpt>
      <trkpt lat="46.68917" lon="7.52905">
        <ele>1783.03</ele>
        <time>2026-05-04T00:50:56.1660000+00:00</time>
      </trkpt>
      <trkpt lat="46.68924" lon="7.52914">
        <ele>1783.67</ele>
        <time>2026-05-04T00:51:10.5180000+00:00</time>
      </trkpt>
      <trkpt lat="46.68925" lon="7.5292">
        <ele>1783.63</ele>
        <time>2026-05-04T00:51:17.0320000+00:00</time>
      </trkpt>
      <trkpt lat="46.68928" lon="7.5294">
        <ele>1783.49</ele>
        <time>2026-05-04T00:51:38.6270000+00:00</time>
      </trkpt>
      <trkpt lat="46.68931" lon="7.52956">
        <ele>1783.48</ele>
        <time>2026-05-04T00:51:56.1230000+00:00</time>
      </trkpt>
      <trkpt lat="46.68932" lon="7.52966">
        <ele>1783.83</ele>
        <time>2026-05-04T00:52:06.7820000+00:00</time>
      </trkpt>
      <trkpt lat="46.68938" lon="7.52979">
        <ele>1784.94</ele>
        <time>2026-05-04T00:52:23.3090000+00:00</time>
      </trkpt>
      <trkpt lat="46.68941" lon="7.52983">
        <ele>1785.44</ele>
        <time>2026-05-04T00:52:29.5620000+00:00</time>
      </trkpt>
      <trkpt lat="46.68942" lon="7.52993">
        <ele>1785.82</ele>
        <time>2026-05-04T00:52:40.2210000+00:00</time>
      </trkpt>
      <trkpt lat="46.68942" lon="7.53001">
        <ele>1786.01</ele>
        <time>2026-05-04T00:52:48.6580000+00:00</time>
      </trkpt>
      <trkpt lat="46.68942" lon="7.52993">
        <ele>1785.82</ele>
        <time>2026-05-04T00:52:57.0950000+00:00</time>
      </trkpt>
      <trkpt lat="46.68941" lon="7.52983">
        <ele>1785.44</ele>
        <time>2026-05-04T00:53:07.7550000+00:00</time>
      </trkpt>
      <trkpt lat="46.68938" lon="7.52979">
        <ele>1784.94</ele>
        <time>2026-05-04T00:53:14.0070000+00:00</time>
      </trkpt>
      <trkpt lat="46.68932" lon="7.52966">
        <ele>1783.83</ele>
        <time>2026-05-04T00:53:30.5340000+00:00</time>
      </trkpt>
      <trkpt lat="46.68931" lon="7.52956">
        <ele>1783.48</ele>
        <time>2026-05-04T00:53:41.1930000+00:00</time>
      </trkpt>
      <trkpt lat="46.68928" lon="7.5294">
        <ele>1783.49</ele>
        <time>2026-05-04T00:53:58.6890000+00:00</time>
      </trkpt>
      <trkpt lat="46.68925" lon="7.5292">
        <ele>1783.63</ele>
        <time>2026-05-04T00:54:20.2840000+00:00</time>
      </trkpt>
      <trkpt lat="46.68924" lon="7.52914">
        <ele>1783.67</ele>
        <time>2026-05-04T00:54:26.7980000+00:00</time>
      </trkpt>
      <trkpt lat="46.68917" lon="7.52905">
        <ele>1783.03</ele>
        <time>2026-05-04T00:54:41.1500000+00:00</time>
      </trkpt>
      <trkpt lat="46.68913" lon="7.52897">
        <ele>1782.76</ele>
        <time>2026-05-04T00:54:51.5920000+00:00</time>
      </trkpt>
      <trkpt lat="46.68912" lon="7.52885">
        <ele>1782.98</ele>
        <time>2026-05-04T00:55:04.3430000+00:00</time>
      </trkpt>
      <trkpt lat="46.68912" lon="7.52857">
        <ele>1783.6</ele>
        <time>2026-05-04T00:55:33.8770000+00:00</time>
      </trkpt>
      <trkpt lat="46.68907" lon="7.52849">
        <ele>1783.02</ele>
        <time>2026-05-04T00:55:45.2930000+00:00</time>
      </trkpt>
      <trkpt lat="46.68901" lon="7.52839">
        <ele>1782.21</ele>
        <time>2026-05-04T00:55:59.3070000+00:00</time>
      </trkpt>
      <trkpt lat="46.68896" lon="7.52833">
        <ele>1781.45</ele>
        <time>2026-05-04T00:56:09.2650000+00:00</time>
      </trkpt>
      <trkpt lat="46.68889" lon="7.52826">
        <ele>1780.29</ele>
        <time>2026-05-04T00:56:22.3170000+00:00</time>
      </trkpt>
      <trkpt lat="46.68882" lon="7.52818">
        <ele>1779.01</ele>
        <time>2026-05-04T00:56:35.9950000+00:00</time>
      </trkpt>
      <trkpt lat="46.68862" lon="7.52818">
        <ele>1775.51</ele>
        <time>2026-05-04T00:57:06.7490000+00:00</time>
      </trkpt>
      <trkpt lat="46.68847" lon="7.52817">
        <ele>1773.52</ele>
        <time>2026-05-04T00:57:29.8390000+00:00</time>
      </trkpt>
      <trkpt lat="46.68846" lon="7.52813">
        <ele>1773.33</ele>
        <time>2026-05-04T00:57:34.3300000+00:00</time>
      </trkpt>
      <trkpt lat="46.6884" lon="7.52812">
        <ele>1772.63</ele>
        <time>2026-05-04T00:57:43.6170000+00:00</time>
      </trkpt>
      <trkpt lat="46.68836" lon="7.52809">
        <ele>1772.16</ele>
        <time>2026-05-04T00:57:50.5330000+00:00</time>
      </trkpt>
      <trkpt lat="46.68832" lon="7.52805">
        <ele>1771.72</ele>
        <time>2026-05-04T00:57:57.9920000+00:00</time>
      </trkpt>
      <trkpt lat="46.68823" lon="7.52806">
        <ele>1770.77</ele>
        <time>2026-05-04T00:58:11.8710000+00:00</time>
      </trkpt>
      <trkpt lat="46.68818" lon="7.52805">
        <ele>1770.25</ele>
        <time>2026-05-04T00:58:19.6330000+00:00</time>
      </trkpt>
      <trkpt lat="46.68813" lon="7.52801">
        <ele>1769.83</ele>
        <time>2026-05-04T00:58:28.4030000+00:00</time>
      </trkpt>
      <trkpt lat="46.68806" lon="7.52799">
        <ele>1769.2</ele>
        <time>2026-05-04T00:58:39.3720000+00:00</time>
      </trkpt>
      <trkpt lat="46.68796" lon="7.52797">
        <ele>1768.33</ele>
        <time>2026-05-04T00:58:54.8940000+00:00</time>
      </trkpt>
      <trkpt lat="46.68785" lon="7.52795">
        <ele>1767.41</ele>
        <time>2026-05-04T00:59:11.9400000+00:00</time>
      </trkpt>
      <trkpt lat="46.68784" lon="7.52786">
        <ele>1767.27</ele>
        <time>2026-05-04T00:59:21.5580000+00:00</time>
      </trkpt>
      <trkpt lat="46.68783" lon="7.52778">
        <ele>1766.24</ele>
        <time>2026-05-04T00:59:30.1350000+00:00</time>
      </trkpt>
      <trkpt lat="46.68778" lon="7.5276">
        <ele>1763.65</ele>
        <time>2026-05-04T00:59:50.6200000+00:00</time>
      </trkpt>
      <trkpt lat="46.68779" lon="7.52751">
        <ele>1762.66</ele>
        <time>2026-05-04T01:00:00.2370000+00:00</time>
      </trkpt>
      <trkpt lat="46.68778" lon="7.5273">
        <ele>1760.06</ele>
        <time>2026-05-04T01:00:22.4420000+00:00</time>
      </trkpt>
      <trkpt lat="46.68775" lon="7.52724">
        <ele>1758.96</ele>
        <time>2026-05-04T01:00:30.2760000+00:00</time>
      </trkpt>
      <trkpt lat="46.68774" lon="7.52722">
        <ele>1758.53</ele>
        <time>2026-05-04T01:00:32.8880000+00:00</time>
      </trkpt>
      <trkpt lat="46.68772" lon="7.52722">
        <ele>1758.14</ele>
        <time>2026-05-04T01:00:35.9670000+00:00</time>
      </trkpt>
      <trkpt lat="46.68767" lon="7.52722">
        <ele>1757.18</ele>
        <time>2026-05-04T01:00:43.6560000+00:00</time>
      </trkpt>
      <trkpt lat="46.68762" lon="7.52724">
        <ele>1756.45</ele>
        <time>2026-05-04T01:00:51.6290000+00:00</time>
      </trkpt>
      <trkpt lat="46.6876" lon="7.52723">
        <ele>1755.95</ele>
        <time>2026-05-04T01:00:54.8820000+00:00</time>
      </trkpt>
      <trkpt lat="46.68758" lon="7.52721">
        <ele>1755.35</ele>
        <time>2026-05-04T01:00:58.6140000+00:00</time>
      </trkpt>
      <trkpt lat="46.68756" lon="7.52719">
        <ele>1754.76</ele>
        <time>2026-05-04T01:01:02.3460000+00:00</time>
      </trkpt>
      <trkpt lat="46.68755" lon="7.52702">
        <ele>1752.54</ele>
        <time>2026-05-04T01:01:20.3440000+00:00</time>
      </trkpt>
      <trkpt lat="46.68755" lon="7.52681">
        <ele>1749.08</ele>
        <time>2026-05-04T01:01:42.4960000+00:00</time>
      </trkpt>
      <trkpt lat="46.68755" lon="7.52662">
        <ele>1745.94</ele>
        <time>2026-05-04T01:02:02.5380000+00:00</time>
      </trkpt>
      <trkpt lat="46.68756" lon="7.52641">
        <ele>1742.61</ele>
        <time>2026-05-04T01:02:24.7430000+00:00</time>
      </trkpt>
      <trkpt lat="46.68754" lon="7.52634">
        <ele>1741.19</ele>
        <time>2026-05-04T01:02:32.7410000+00:00</time>
      </trkpt>
      <trkpt lat="46.68757" lon="7.52628">
        <ele>1740.58</ele>
        <time>2026-05-04T01:02:40.5730000+00:00</time>
      </trkpt>
      <trkpt lat="46.68757" lon="7.52618">
        <ele>1738.96</ele>
        <time>2026-05-04T01:02:51.1210000+00:00</time>
      </trkpt>
      <trkpt lat="46.68757" lon="7.52603">
        <ele>1736.6</ele>
        <time>2026-05-04T01:03:06.9440000+00:00</time>
      </trkpt>
      <trkpt lat="46.68754" lon="7.52584">
        <ele>1733.32</ele>
        <time>2026-05-04T01:03:27.5100000+00:00</time>
      </trkpt>
      <trkpt lat="46.68754" lon="7.52568">
        <ele>1730.84</ele>
        <time>2026-05-04T01:03:44.3870000+00:00</time>
      </trkpt>
      <trkpt lat="46.68756" lon="7.52557">
        <ele>1729.29</ele>
        <time>2026-05-04T01:03:56.3910000+00:00</time>
      </trkpt>
      <trkpt lat="46.68754" lon="7.52537">
        <ele>1725.95</ele>
        <time>2026-05-04T01:04:17.7100000+00:00</time>
      </trkpt>
      <trkpt lat="46.68751" lon="7.5252">
        <ele>1722.68</ele>
        <time>2026-05-04T01:04:36.2270000+00:00</time>
      </trkpt>
      <trkpt lat="46.68748" lon="7.525">
        <ele>1718.86</ele>
        <time>2026-05-04T01:04:57.8220000+00:00</time>
      </trkpt>
      <trkpt lat="46.68745" lon="7.52484">
        <ele>1715.76</ele>
        <time>2026-05-04T01:05:15.3180000+00:00</time>
      </trkpt>
      <trkpt lat="46.68736" lon="7.52464">
        <ele>1711.51</ele>
        <time>2026-05-04T01:05:40.5490000+00:00</time>
      </trkpt>
      <trkpt lat="46.68728" lon="7.5245">
        <ele>1707.88</ele>
        <time>2026-05-04T01:05:59.7690000+00:00</time>
      </trkpt>
      <trkpt lat="46.68725" lon="7.52442">
        <ele>1705.6</ele>
        <time>2026-05-04T01:06:09.3870000+00:00</time>
      </trkpt>
      <trkpt lat="46.68728" lon="7.52443">
        <ele>1706.04</ele>
        <time>2026-05-04T01:06:14.1180000+00:00</time>
      </trkpt>
      <trkpt lat="46.68732" lon="7.52447">
        <ele>1707.34</ele>
        <time>2026-05-04T01:06:21.5780000+00:00</time>
      </trkpt>
      <trkpt lat="46.68736" lon="7.52448">
        <ele>1707.86</ele>
        <time>2026-05-04T01:06:27.8190000+00:00</time>
      </trkpt>
      <trkpt lat="46.6874" lon="7.52447">
        <ele>1707.84</ele>
        <time>2026-05-04T01:06:34.0600000+00:00</time>
      </trkpt>
      <trkpt lat="46.68746" lon="7.52448">
        <ele>1708.5</ele>
        <time>2026-05-04T01:06:43.3460000+00:00</time>
      </trkpt>
      <trkpt lat="46.6875" lon="7.52445">
        <ele>1707.9</ele>
        <time>2026-05-04T01:06:50.2630000+00:00</time>
      </trkpt>
      <trkpt lat="46.68752" lon="7.52442">
        <ele>1707.15</ele>
        <time>2026-05-04T01:06:54.6770000+00:00</time>
      </trkpt>
      <trkpt lat="46.68743" lon="7.52435">
        <ele>1704.68</ele>
        <time>2026-05-04T01:07:10.3620000+00:00</time>
      </trkpt>
      <trkpt lat="46.68737" lon="7.52428">
        <ele>1702.47</ele>
        <time>2026-05-04T01:07:22.1790000+00:00</time>
      </trkpt>
      <trkpt lat="46.68743" lon="7.52417">
        <ele>1699.66</ele>
        <time>2026-05-04T01:07:37.0040000+00:00</time>
      </trkpt>
      <trkpt lat="46.68744" lon="7.52412">
        <ele>1698.3</ele>
        <time>2026-05-04T01:07:42.4970000+00:00</time>
      </trkpt>
      <trkpt lat="46.68742" lon="7.52399">
        <ele>1694.63</ele>
        <time>2026-05-04T01:07:56.5510000+00:00</time>
      </trkpt>
      <trkpt lat="46.68739" lon="7.5238">
        <ele>1689.36</ele>
        <time>2026-05-04T01:08:17.1170000+00:00</time>
      </trkpt>
      <trkpt lat="46.68736" lon="7.52372">
        <ele>1687.24</ele>
        <time>2026-05-04T01:08:26.7350000+00:00</time>
      </trkpt>
      <trkpt lat="46.68736" lon="7.52366">
        <ele>1685.84</ele>
        <time>2026-05-04T01:08:33.0640000+00:00</time>
      </trkpt>
      <trkpt lat="46.68735" lon="7.52357">
        <ele>1683.74</ele>
        <time>2026-05-04T01:08:42.6810000+00:00</time>
      </trkpt>
      <trkpt lat="46.68738" lon="7.52357">
        <ele>1683.71</ele>
        <time>2026-05-04T01:08:47.2930000+00:00</time>
      </trkpt>
      <trkpt lat="46.68741" lon="7.5236">
        <ele>1684.38</ele>
        <time>2026-05-04T01:08:52.8880000+00:00</time>
      </trkpt>
      <trkpt lat="46.68745" lon="7.52359">
        <ele>1684.11</ele>
        <time>2026-05-04T01:08:59.1260000+00:00</time>
      </trkpt>
      <trkpt lat="46.68747" lon="7.52356">
        <ele>1683.39</ele>
        <time>2026-05-04T01:09:03.5380000+00:00</time>
      </trkpt>
      <trkpt lat="46.68747" lon="7.52352">
        <ele>1682.46</ele>
        <time>2026-05-04T01:09:07.7550000+00:00</time>
      </trkpt>
      <trkpt lat="46.68749" lon="7.52346">
        <ele>1681.05</ele>
        <time>2026-05-04T01:09:14.7910000+00:00</time>
      </trkpt>
      <trkpt lat="46.68742" lon="7.52339">
        <ele>1679.48</ele>
        <time>2026-05-04T01:09:27.8450000+00:00</time>
      </trkpt>
      <trkpt lat="46.68736" lon="7.52329">
        <ele>1677.18</ele>
        <time>2026-05-04T01:09:41.8590000+00:00</time>
      </trkpt>
      <trkpt lat="46.68743" lon="7.5233">
        <ele>1677.37</ele>
        <time>2026-05-04T01:09:52.6740000+00:00</time>
      </trkpt>
      <trkpt lat="46.68748" lon="7.52329">
        <ele>1677.11</ele>
        <time>2026-05-04T01:10:00.4340000+00:00</time>
      </trkpt>
      <trkpt lat="46.68754" lon="7.5233">
        <ele>1677.31</ele>
        <time>2026-05-04T01:10:09.7200000+00:00</time>
      </trkpt>
      <trkpt lat="46.6876" lon="7.52332">
        <ele>1677.74</ele>
        <time>2026-05-04T01:10:19.1860000+00:00</time>
      </trkpt>
      <trkpt lat="46.68762" lon="7.52332">
        <ele>1677.72</ele>
        <time>2026-05-04T01:10:22.2650000+00:00</time>
      </trkpt>
      <trkpt lat="46.6877" lon="7.52332">
        <ele>1677.68</ele>
        <time>2026-05-04T01:10:34.5660000+00:00</time>
      </trkpt>
      <trkpt lat="46.6878" lon="7.52338">
        <ele>1680.58</ele>
        <time>2026-05-04T01:10:51.1950000+00:00</time>
      </trkpt>
      <trkpt lat="46.68783" lon="7.52339">
        <ele>1681.98</ele>
        <time>2026-05-04T01:10:55.9290000+00:00</time>
      </trkpt>
      <trkpt lat="46.68791" lon="7.52348">
        <ele>1686.99</ele>
        <time>2026-05-04T01:11:11.4680000+00:00</time>
      </trkpt>
      <trkpt lat="46.68794" lon="7.52351">
        <ele>1688.75</ele>
        <time>2026-05-04T01:11:17.0630000+00:00</time>
      </trkpt>
      <trkpt lat="46.68797" lon="7.52353">
        <ele>1690.28</ele>
        <time>2026-05-04T01:11:22.1360000+00:00</time>
      </trkpt>
      <trkpt lat="46.68801" lon="7.52358">
        <ele>1692.76</ele>
        <time>2026-05-04T01:11:30.2390000+00:00</time>
      </trkpt>
      <trkpt lat="46.68803" lon="7.52363">
        <ele>1694.46</ele>
        <time>2026-05-04T01:11:36.3460000+00:00</time>
      </trkpt>
      <trkpt lat="46.68806" lon="7.52364">
        <ele>1695.73</ele>
        <time>2026-05-04T01:11:41.0780000+00:00</time>
      </trkpt>
      <trkpt lat="46.68811" lon="7.52363">
        <ele>1697.35</ele>
        <time>2026-05-04T01:11:48.8380000+00:00</time>
      </trkpt>
      <trkpt lat="46.68817" lon="7.52359">
        <ele>1698.82</ele>
        <time>2026-05-04T01:11:58.9840000+00:00</time>
      </trkpt>
      <trkpt lat="46.68825" lon="7.52354">
        <ele>1700.93</ele>
        <time>2026-05-04T01:12:12.3690000+00:00</time>
      </trkpt>
      <trkpt lat="46.68831" lon="7.52347">
        <ele>1702.07</ele>
        <time>2026-05-04T01:12:24.1860000+00:00</time>
      </trkpt>
      <trkpt lat="46.6884" lon="7.52338">
        <ele>1704.2</ele>
        <time>2026-05-04T01:12:40.9690000+00:00</time>
      </trkpt>
      <trkpt lat="46.68847" lon="7.52333">
        <ele>1706.28</ele>
        <time>2026-05-04T01:12:52.9550000+00:00</time>
      </trkpt>
      <trkpt lat="46.6885" lon="7.52326">
        <ele>1706.55</ele>
        <time>2026-05-04T01:13:01.6620000+00:00</time>
      </trkpt>
      <trkpt lat="46.68854" lon="7.52315">
        <ele>1706.79</ele>
        <time>2026-05-04T01:13:14.7940000+00:00</time>
      </trkpt>
      <trkpt lat="46.68857" lon="7.52299">
        <ele>1706.09</ele>
        <time>2026-05-04T01:13:32.2910000+00:00</time>
      </trkpt>
      <trkpt lat="46.6886" lon="7.52293">
        <ele>1706.79</ele>
        <time>2026-05-04T01:13:40.1220000+00:00</time>
      </trkpt>
      <trkpt lat="46.68862" lon="7.52283">
        <ele>1706.79</ele>
        <time>2026-05-04T01:13:51.1090000+00:00</time>
      </trkpt>
      <trkpt lat="46.68862" lon="7.52278">
        <ele>1706.24</ele>
        <time>2026-05-04T01:13:56.3840000+00:00</time>
      </trkpt>
      <trkpt lat="46.68863" lon="7.52273">
        <ele>1706.25</ele>
        <time>2026-05-04T01:14:01.8760000+00:00</time>
      </trkpt>
      <trkpt lat="46.68862" lon="7.52259">
        <ele>1704.16</ele>
        <time>2026-05-04T01:14:16.7220000+00:00</time>
      </trkpt>
      <trkpt lat="46.68863" lon="7.52239">
        <ele>1702.5</ele>
        <time>2026-05-04T01:14:37.8740000+00:00</time>
      </trkpt>
      <trkpt lat="46.68863" lon="7.52215">
        <ele>1699.86</ele>
        <time>2026-05-04T01:15:03.1890000+00:00</time>
      </trkpt>
      <trkpt lat="46.68863" lon="7.52202">
        <ele>1698.57</ele>
        <time>2026-05-04T01:15:16.9030000+00:00</time>
      </trkpt>
      <trkpt lat="46.68862" lon="7.52188">
        <ele>1697</ele>
        <time>2026-05-04T01:15:31.7490000+00:00</time>
      </trkpt>
      <trkpt lat="46.68862" lon="7.52169">
        <ele>1695.57</ele>
        <time>2026-05-04T01:15:51.7900000+00:00</time>
      </trkpt>
      <trkpt lat="46.68864" lon="7.52158">
        <ele>1695.64</ele>
        <time>2026-05-04T01:16:03.7940000+00:00</time>
      </trkpt>
      <trkpt lat="46.68866" lon="7.52144">
        <ele>1695.42</ele>
        <time>2026-05-04T01:16:18.8790000+00:00</time>
      </trkpt>
      <trkpt lat="46.68873" lon="7.52129">
        <ele>1697.12</ele>
        <time>2026-05-04T01:16:38.0150000+00:00</time>
      </trkpt>
      <trkpt lat="46.68878" lon="7.52123">
        <ele>1698.6</ele>
        <time>2026-05-04T01:16:47.9740000+00:00</time>
      </trkpt>
      <trkpt lat="46.68882" lon="7.52117">
        <ele>1699.09</ele>
        <time>2026-05-04T01:16:56.7990000+00:00</time>
      </trkpt>
      <trkpt lat="46.68884" lon="7.52108">
        <ele>1698.19</ele>
        <time>2026-05-04T01:17:06.7770000+00:00</time>
      </trkpt>
      <trkpt lat="46.68886" lon="7.52087">
        <ele>1694.96</ele>
        <time>2026-05-04T01:17:29.1410000+00:00</time>
      </trkpt>
      <trkpt lat="46.6889" lon="7.52072">
        <ele>1693.63</ele>
        <time>2026-05-04T01:17:46.1170000+00:00</time>
      </trkpt>
      <trkpt lat="46.68893" lon="7.52062">
        <ele>1692.84</ele>
        <time>2026-05-04T01:17:57.6300000+00:00</time>
      </trkpt>
      <trkpt lat="46.68895" lon="7.52054">
        <ele>1692.04</ele>
        <time>2026-05-04T01:18:06.6110000+00:00</time>
      </trkpt>
      <trkpt lat="46.68899" lon="7.52049">
        <ele>1692.57</ele>
        <time>2026-05-04T01:18:14.7150000+00:00</time>
      </trkpt>
      <trkpt lat="46.68902" lon="7.52044">
        <ele>1692.7</ele>
        <time>2026-05-04T01:18:21.7220000+00:00</time>
      </trkpt>
      <trkpt lat="46.68903" lon="7.52039">
        <ele>1692.21</ele>
        <time>2026-05-04T01:18:27.2170000+00:00</time>
      </trkpt>
      <trkpt lat="46.68901" lon="7.52026">
        <ele>1690.69</ele>
        <time>2026-05-04T01:18:41.2710000+00:00</time>
      </trkpt>
      <trkpt lat="46.68899" lon="7.52021">
        <ele>1689.72</ele>
        <time>2026-05-04T01:18:47.3770000+00:00</time>
      </trkpt>
      <trkpt lat="46.68897" lon="7.52017">
        <ele>1688.84</ele>
        <time>2026-05-04T01:18:52.5980000+00:00</time>
      </trkpt>
      <trkpt lat="46.68885" lon="7.52002">
        <ele>1684.51</ele>
        <time>2026-05-04T01:19:16.9060000+00:00</time>
      </trkpt>
      <trkpt lat="46.68882" lon="7.51998">
        <ele>1683.54</ele>
        <time>2026-05-04T01:19:23.1570000+00:00</time>
      </trkpt>
      <trkpt lat="46.68881" lon="7.51998">
        <ele>1683.25</ele>
        <time>2026-05-04T01:19:24.6990000+00:00</time>
      </trkpt>
      <trkpt lat="46.68876" lon="7.5199">
        <ele>1681.74</ele>
        <time>2026-05-04T01:19:36.1160000+00:00</time>
      </trkpt>
      <trkpt lat="46.68867" lon="7.51981">
        <ele>1679.37</ele>
        <time>2026-05-04T01:19:52.8980000+00:00</time>
      </trkpt>
      <trkpt lat="46.68862" lon="7.51974">
        <ele>1678.23</ele>
        <time>2026-05-04T01:20:03.5570000+00:00</time>
      </trkpt>
      <trkpt lat="46.68859" lon="7.51966">
        <ele>1677.73</ele>
        <time>2026-05-04T01:20:13.1750000+00:00</time>
      </trkpt>
      <trkpt lat="46.68855" lon="7.51954">
        <ele>1677.99</ele>
        <time>2026-05-04T01:20:27.2470000+00:00</time>
      </trkpt>
      <trkpt lat="46.68852" lon="7.51946">
        <ele>1679.42</ele>
        <time>2026-05-04T01:20:36.8640000+00:00</time>
      </trkpt>
      <trkpt lat="46.68845" lon="7.51934">
        <ele>1680.89</ele>
        <time>2026-05-04T01:20:53.4800000+00:00</time>
      </trkpt>
      <trkpt lat="46.68835" lon="7.51921">
        <ele>1681.59</ele>
        <time>2026-05-04T01:21:14.0840000+00:00</time>
      </trkpt>
      <trkpt lat="46.68826" lon="7.51911">
        <ele>1681.48</ele>
        <time>2026-05-04T01:21:31.4850000+00:00</time>
      </trkpt>
      <trkpt lat="46.68821" lon="7.51901">
        <ele>1682.07</ele>
        <time>2026-05-04T01:21:44.5390000+00:00</time>
      </trkpt>
      <trkpt lat="46.68812" lon="7.51882">
        <ele>1682.83</ele>
        <time>2026-05-04T01:22:08.8940000+00:00</time>
      </trkpt>
      <trkpt lat="46.68809" lon="7.51872">
        <ele>1683.68</ele>
        <time>2026-05-04T01:22:20.4070000+00:00</time>
      </trkpt>
      <trkpt lat="46.68805" lon="7.51856">
        <ele>1686.71</ele>
        <time>2026-05-04T01:22:38.3710000+00:00</time>
      </trkpt>
      <trkpt lat="46.68802" lon="7.51843">
        <ele>1689.32</ele>
        <time>2026-05-04T01:22:52.8390000+00:00</time>
      </trkpt>
      <trkpt lat="46.68799" lon="7.51838">
        <ele>1689.8</ele>
        <time>2026-05-04T01:22:59.8450000+00:00</time>
      </trkpt>
      <trkpt lat="46.68794" lon="7.51821">
        <ele>1693.05</ele>
        <time>2026-05-04T01:23:19.3560000+00:00</time>
      </trkpt>
      <trkpt lat="46.6879" lon="7.51812">
        <ele>1694.46</ele>
        <time>2026-05-04T01:23:30.6680000+00:00</time>
      </trkpt>
      <trkpt lat="46.68789" lon="7.51805">
        <ele>1696.14</ele>
        <time>2026-05-04T01:23:38.2100000+00:00</time>
      </trkpt>
      <trkpt lat="46.68784" lon="7.51797">
        <ele>1697.08</ele>
        <time>2026-05-04T01:23:49.6250000+00:00</time>
      </trkpt>
      <trkpt lat="46.68781" lon="7.51788">
        <ele>1699.07</ele>
        <time>2026-05-04T01:24:00.1800000+00:00</time>
      </trkpt>
      <trkpt lat="46.68776" lon="7.51779">
        <ele>1701.29</ele>
        <time>2026-05-04T01:24:12.3960000+00:00</time>
      </trkpt>
      <trkpt lat="46.6877" lon="7.51775">
        <ele>1700.3</ele>
        <time>2026-05-04T01:24:22.5420000+00:00</time>
      </trkpt>
      <trkpt lat="46.68767" lon="7.51769">
        <ele>1701.17</ele>
        <time>2026-05-04T01:24:30.3740000+00:00</time>
      </trkpt>
      <trkpt lat="46.68763" lon="7.51766">
        <ele>1700.44</ele>
        <time>2026-05-04T01:24:37.2900000+00:00</time>
      </trkpt>
      <trkpt lat="46.68757" lon="7.51759">
        <ele>1700.02</ele>
        <time>2026-05-04T01:24:49.1080000+00:00</time>
      </trkpt>
      <trkpt lat="46.68747" lon="7.51746">
        <ele>1699.1</ele>
        <time>2026-05-04T01:25:09.7110000+00:00</time>
      </trkpt>
      <trkpt lat="46.68743" lon="7.51743">
        <ele>1697.89</ele>
        <time>2026-05-04T01:25:16.6280000+00:00</time>
      </trkpt>
      <trkpt lat="46.68738" lon="7.51735">
        <ele>1697.39</ele>
        <time>2026-05-04T01:25:28.0430000+00:00</time>
      </trkpt>
      <trkpt lat="46.68732" lon="7.51728">
        <ele>1695.82</ele>
        <time>2026-05-04T01:25:39.8600000+00:00</time>
      </trkpt>
      <trkpt lat="46.68727" lon="7.5172">
        <ele>1694.8</ele>
        <time>2026-05-04T01:25:51.2770000+00:00</time>
      </trkpt>
      <trkpt lat="46.6872" lon="7.51713">
        <ele>1692.08</ele>
        <time>2026-05-04T01:26:04.3300000+00:00</time>
      </trkpt>
      <trkpt lat="46.68714" lon="7.5171">
        <ele>1688.94</ele>
        <time>2026-05-04T01:26:14.0830000+00:00</time>
      </trkpt>
      <trkpt lat="46.68712" lon="7.5171">
        <ele>1687.69</ele>
        <time>2026-05-04T01:26:17.1570000+00:00</time>
      </trkpt>
      <trkpt lat="46.6871" lon="7.51711">
        <ele>1686.26</ele>
        <time>2026-05-04T01:26:20.4070000+00:00</time>
      </trkpt>
      <trkpt lat="46.68702" lon="7.51717">
        <ele>1680.38</ele>
        <time>2026-05-04T01:26:34.2420000+00:00</time>
      </trkpt>
      <trkpt lat="46.68694" lon="7.5172">
        <ele>1675.17</ele>
        <time>2026-05-04T01:26:46.9440000+00:00</time>
      </trkpt>
      <trkpt lat="46.68687" lon="7.51723">
        <ele>1673.89</ele>
        <time>2026-05-04T01:26:58.1640000+00:00</time>
      </trkpt>
      <trkpt lat="46.68681" lon="7.51728">
        <ele>1673.12</ele>
        <time>2026-05-04T01:27:08.7920000+00:00</time>
      </trkpt>
      <trkpt lat="46.68675" lon="7.51735">
        <ele>1672.13</ele>
        <time>2026-05-04T01:27:20.6080000+00:00</time>
      </trkpt>
      <trkpt lat="46.68668" lon="7.51741">
        <ele>1671.26</ele>
        <time>2026-05-04T01:27:33.0950000+00:00</time>
      </trkpt>
      <trkpt lat="46.6866" lon="7.51746">
        <ele>1670.49</ele>
        <time>2026-05-04T01:27:46.4800000+00:00</time>
      </trkpt>
      <trkpt lat="46.68654" lon="7.51747">
        <ele>1670.24</ele>
        <time>2026-05-04T01:27:55.7670000+00:00</time>
      </trkpt>
      <trkpt lat="46.68652" lon="7.51748">
        <ele>1670.08</ele>
        <time>2026-05-04T01:27:59.0200000+00:00</time>
      </trkpt>
      <trkpt lat="46.6865" lon="7.5175">
        <ele>1669.82</ele>
        <time>2026-05-04T01:28:02.7500000+00:00</time>
      </trkpt>
      <trkpt lat="46.68643" lon="7.51762">
        <ele>1668.38</ele>
        <time>2026-05-04T01:28:19.3660000+00:00</time>
      </trkpt>
      <trkpt lat="46.68636" lon="7.51774">
        <ele>1667</ele>
        <time>2026-05-04T01:28:35.9820000+00:00</time>
      </trkpt>
      <trkpt lat="46.68634" lon="7.5178">
        <ele>1666.34</ele>
        <time>2026-05-04T01:28:43.0180000+00:00</time>
      </trkpt>
      <trkpt lat="46.6863" lon="7.51783">
        <ele>1665.98</ele>
        <time>2026-05-04T01:28:49.9350000+00:00</time>
      </trkpt>
      <trkpt lat="46.68622" lon="7.51784">
        <ele>1665.77</ele>
        <time>2026-05-04T01:29:02.2820000+00:00</time>
      </trkpt>
      <trkpt lat="46.68615" lon="7.51787">
        <ele>1665.38</ele>
        <time>2026-05-04T01:29:13.5020000+00:00</time>
      </trkpt>
      <trkpt lat="46.68613" lon="7.5179">
        <ele>1665.06</ele>
        <time>2026-05-04T01:29:17.9150000+00:00</time>
      </trkpt>
      <trkpt lat="46.68612" lon="7.51793">
        <ele>1665.03</ele>
        <time>2026-05-04T01:29:21.4330000+00:00</time>
      </trkpt>
      <trkpt lat="46.6861" lon="7.51798">
        <ele>1665.01</ele>
        <time>2026-05-04T01:29:27.5380000+00:00</time>
      </trkpt>
      <trkpt lat="46.68606" lon="7.518">
        <ele>1665.26</ele>
        <time>2026-05-04T01:29:34.0410000+00:00</time>
      </trkpt>
      <trkpt lat="46.68598" lon="7.51801">
        <ele>1665.86</ele>
        <time>2026-05-04T01:29:46.3890000+00:00</time>
      </trkpt>
      <trkpt lat="46.68594" lon="7.51804">
        <ele>1666.12</ele>
        <time>2026-05-04T01:29:53.3070000+00:00</time>
      </trkpt>
      <trkpt lat="46.68589" lon="7.51809">
        <ele>1666.39</ele>
        <time>2026-05-04T01:30:02.6310000+00:00</time>
      </trkpt>
      <trkpt lat="46.68586" lon="7.51816">
        <ele>1666.45</ele>
        <time>2026-05-04T01:30:11.3380000+00:00</time>
      </trkpt>
      <trkpt lat="46.68582" lon="7.51824">
        <ele>1666.51</ele>
        <time>2026-05-04T01:30:21.7810000+00:00</time>
      </trkpt>
      <trkpt lat="46.68577" lon="7.51831">
        <ele>1666.58</ele>
        <time>2026-05-04T01:30:32.4420000+00:00</time>
      </trkpt>
      <trkpt lat="46.68572" lon="7.51835">
        <ele>1666.7</ele>
        <time>2026-05-04T01:30:41.2120000+00:00</time>
      </trkpt>
      <trkpt lat="46.68573" lon="7.5183">
        <ele>1666.81</ele>
        <time>2026-05-04T01:30:46.7070000+00:00</time>
      </trkpt>
      <trkpt lat="46.68571" lon="7.51828">
        <ele>1666.98</ele>
        <time>2026-05-04T01:30:50.4350000+00:00</time>
      </trkpt>
      <trkpt lat="46.68567" lon="7.51828">
        <ele>1667.18</ele>
        <time>2026-05-04T01:30:56.5840000+00:00</time>
      </trkpt>
      <trkpt lat="46.68562" lon="7.51826">
        <ele>1667.52</ele>
        <time>2026-05-04T01:31:04.5570000+00:00</time>
      </trkpt>
      <trkpt lat="46.68557" lon="7.51822">
        <ele>1667.97</ele>
        <time>2026-05-04T01:31:13.3270000+00:00</time>
      </trkpt>
      <trkpt lat="46.68555" lon="7.51818">
        <ele>1668.27</ele>
        <time>2026-05-04T01:31:18.5490000+00:00</time>
      </trkpt>
      <trkpt lat="46.68553" lon="7.51809">
        <ele>1668.83</ele>
        <time>2026-05-04T01:31:28.5280000+00:00</time>
      </trkpt>
      <trkpt lat="46.68554" lon="7.51794">
        <ele>1669.48</ele>
        <time>2026-05-04T01:31:44.4260000+00:00</time>
      </trkpt>
      <trkpt lat="46.68561" lon="7.51761">
        <ele>1673.51</ele>
        <time>2026-05-04T01:32:20.8630000+00:00</time>
      </trkpt>
      <trkpt lat="46.68565" lon="7.51743">
        <ele>1675.69</ele>
        <time>2026-05-04T01:32:40.8220000+00:00</time>
      </trkpt>
      <trkpt lat="46.68568" lon="7.51733">
        <ele>1676.72</ele>
        <time>2026-05-04T01:32:52.3360000+00:00</time>
      </trkpt>
      <trkpt lat="46.68568" lon="7.5173">
        <ele>1677.15</ele>
        <time>2026-05-04T01:32:55.4980000+00:00</time>
      </trkpt>
      <trkpt lat="46.68567" lon="7.51726">
        <ele>1677.88</ele>
        <time>2026-05-04T01:32:59.9880000+00:00</time>
      </trkpt>
      <trkpt lat="46.68562" lon="7.51724">
        <ele>1678.98</ele>
        <time>2026-05-04T01:33:07.9610000+00:00</time>
      </trkpt>
      <trkpt lat="46.68534" lon="7.51724">
        <ele>1683.47</ele>
        <time>2026-05-04T01:33:51.0170000+00:00</time>
      </trkpt>
      <trkpt lat="46.68531" lon="7.51722">
        <ele>1684.32</ele>
        <time>2026-05-04T01:33:56.0900000+00:00</time>
      </trkpt>
      <trkpt lat="46.68526" lon="7.51723">
        <ele>1684.97</ele>
        <time>2026-05-04T01:34:03.8500000+00:00</time>
      </trkpt>
      <trkpt lat="46.68523" lon="7.51721">
        <ele>1686.2</ele>
        <time>2026-05-04T01:34:08.9230000+00:00</time>
      </trkpt>
      <trkpt lat="46.6852" lon="7.51717">
        <ele>1687.78</ele>
        <time>2026-05-04T01:34:15.1760000+00:00</time>
      </trkpt>
      <trkpt lat="46.68517" lon="7.51717">
        <ele>1688.61</ele>
        <time>2026-05-04T01:34:19.7870000+00:00</time>
      </trkpt>
      <trkpt lat="46.68514" lon="7.51719">
        <ele>1689.08</ele>
        <time>2026-05-04T01:34:24.8620000+00:00</time>
      </trkpt>
      <trkpt lat="46.68512" lon="7.51724">
        <ele>1688.76</ele>
        <time>2026-05-04T01:34:30.9660000+00:00</time>
      </trkpt>
      <trkpt lat="46.68513" lon="7.51738">
        <ele>1686</ele>
        <time>2026-05-04T01:34:45.8140000+00:00</time>
      </trkpt>
      <trkpt lat="46.68511" lon="7.51747">
        <ele>1685.02</ele>
        <time>2026-05-04T01:34:55.7940000+00:00</time>
      </trkpt>
      <trkpt lat="46.68501" lon="7.5176">
        <ele>1686.01</ele>
        <time>2026-05-04T01:35:16.3980000+00:00</time>
      </trkpt>
      <trkpt lat="46.68497" lon="7.51766">
        <ele>1686.36</ele>
        <time>2026-05-04T01:35:25.2240000+00:00</time>
      </trkpt>
      <trkpt lat="46.68489" lon="7.51771">
        <ele>1688.27</ele>
        <time>2026-05-04T01:35:38.6090000+00:00</time>
      </trkpt>
      <trkpt lat="46.68483" lon="7.51782">
        <ele>1688.74</ele>
        <time>2026-05-04T01:35:53.4330000+00:00</time>
      </trkpt>
      <trkpt lat="46.68476" lon="7.51789">
        <ele>1690.25</ele>
        <time>2026-05-04T01:36:06.4870000+00:00</time>
      </trkpt>
      <trkpt lat="46.68472" lon="7.51796">
        <ele>1691.12</ele>
        <time>2026-05-04T01:36:16.0970000+00:00</time>
      </trkpt>
      <trkpt lat="46.68467" lon="7.51807">
        <ele>1692.13</ele>
        <time>2026-05-04T01:36:30.0170000+00:00</time>
      </trkpt>
      <trkpt lat="46.68465" lon="7.51818">
        <ele>1692.06</ele>
        <time>2026-05-04T01:36:42.0220000+00:00</time>
      </trkpt>
      <trkpt lat="46.68465" lon="7.51827">
        <ele>1691.41</ele>
        <time>2026-05-04T01:36:51.5170000+00:00</time>
      </trkpt>
      <trkpt lat="46.68464" lon="7.51832">
        <ele>1691.41</ele>
        <time>2026-05-04T01:36:57.0120000+00:00</time>
      </trkpt>
      <trkpt lat="46.68458" lon="7.51842">
        <ele>1692.85</ele>
        <time>2026-05-04T01:37:11.0260000+00:00</time>
      </trkpt>
      <trkpt lat="46.68449" lon="7.51842">
        <ele>1696.09</ele>
        <time>2026-05-04T01:37:24.8660000+00:00</time>
      </trkpt>
      <trkpt lat="46.68441" lon="7.51846">
        <ele>1698.97</ele>
        <time>2026-05-04T01:37:37.8720000+00:00</time>
      </trkpt>
      <trkpt lat="46.68432" lon="7.51849">
        <ele>1703.28</ele>
        <time>2026-05-04T01:37:52.0690000+00:00</time>
      </trkpt>
      <trkpt lat="46.68426" lon="7.51855">
        <ele>1705.82</ele>
        <time>2026-05-04T01:38:03.2570000+00:00</time>
      </trkpt>
      <trkpt lat="46.68411" lon="7.51882">
        <ele>1712.7</ele>
        <time>2026-05-04T01:38:39.9090000+00:00</time>
      </trkpt>
      <trkpt lat="46.68404" lon="7.51896">
        <ele>1717.75</ele>
        <time>2026-05-04T01:38:58.1840000+00:00</time>
      </trkpt>
      <trkpt lat="46.68398" lon="7.51916">
        <ele>1723.02</ele>
        <time>2026-05-04T01:39:21.2120000+00:00</time>
      </trkpt>
      <trkpt lat="46.68394" lon="7.5193">
        <ele>1726.62</ele>
        <time>2026-05-04T01:39:37.2110000+00:00</time>
      </trkpt>
      <trkpt lat="46.68392" lon="7.51946">
        <ele>1729.47</ele>
        <time>2026-05-04T01:39:54.3680000+00:00</time>
      </trkpt>
      <trkpt lat="46.68394" lon="7.51954">
        <ele>1729.39</ele>
        <time>2026-05-04T01:40:03.3510000+00:00</time>
      </trkpt>
      <trkpt lat="46.68393" lon="7.51972">
        <ele>1732.41</ele>
        <time>2026-05-04T01:40:22.4020000+00:00</time>
      </trkpt>
      <trkpt lat="46.68395" lon="7.5198">
        <ele>1732.59</ele>
        <time>2026-05-04T01:40:31.3830000+00:00</time>
      </trkpt>
      <trkpt lat="46.68392" lon="7.51994">
        <ele>1736.06</ele>
        <time>2026-05-04T01:40:46.8560000+00:00</time>
      </trkpt>
      <trkpt lat="46.68392" lon="7.52016">
        <ele>1739.21</ele>
        <time>2026-05-04T01:41:10.0650000+00:00</time>
      </trkpt>
      <trkpt lat="46.6839" lon="7.52027">
        <ele>1741.7</ele>
        <time>2026-05-04T01:41:22.0700000+00:00</time>
      </trkpt>
      <trkpt lat="46.68389" lon="7.5205">
        <ele>1745.73</ele>
        <time>2026-05-04T01:41:46.3820000+00:00</time>
      </trkpt>
      <trkpt lat="46.68384" lon="7.52064">
        <ele>1750.22</ele>
        <time>2026-05-04T01:42:03.0330000+00:00</time>
      </trkpt>
      <trkpt lat="46.68382" lon="7.52076">
        <ele>1753.01</ele>
        <time>2026-05-04T01:42:16.0600000+00:00</time>
      </trkpt>
      <trkpt lat="46.68381" lon="7.52081">
        <ele>1754.22</ele>
        <time>2026-05-04T01:42:21.5550000+00:00</time>
      </trkpt>
      <trkpt lat="46.68382" lon="7.52087">
        <ele>1754.82</ele>
        <time>2026-05-04T01:42:28.0690000+00:00</time>
      </trkpt>
      <trkpt lat="46.68381" lon="7.52098">
        <ele>1756.98</ele>
        <time>2026-05-04T01:42:39.7750000+00:00</time>
      </trkpt>
      <trkpt lat="46.6837" lon="7.52091">
        <ele>1759.92</ele>
        <time>2026-05-04T01:42:58.2310000+00:00</time>
      </trkpt>
      <trkpt lat="46.68359" lon="7.52083">
        <ele>1762.95</ele>
        <time>2026-05-04T01:43:17.1350000+00:00</time>
      </trkpt>
      <trkpt lat="46.68355" lon="7.52083">
        <ele>1764.44</ele>
        <time>2026-05-04T01:43:23.2870000+00:00</time>
      </trkpt>
      <trkpt lat="46.68351" lon="7.52087">
        <ele>1766.45</ele>
        <time>2026-05-04T01:43:30.7460000+00:00</time>
      </trkpt>
      <trkpt lat="46.68347" lon="7.52094">
        <ele>1768.87</ele>
        <time>2026-05-04T01:43:40.3560000+00:00</time>
      </trkpt>
      <trkpt lat="46.68343" lon="7.52104">
        <ele>1771.68</ele>
        <time>2026-05-04T01:43:52.5680000+00:00</time>
      </trkpt>
      <trkpt lat="46.6834" lon="7.52106">
        <ele>1773.06</ele>
        <time>2026-05-04T01:43:57.6420000+00:00</time>
      </trkpt>
      <trkpt lat="46.68336" lon="7.52104">
        <ele>1774.28</ele>
        <time>2026-05-04T01:44:04.1460000+00:00</time>
      </trkpt>
      <trkpt lat="46.68329" lon="7.52095">
        <ele>1775.7</ele>
        <time>2026-05-04T01:44:18.4990000+00:00</time>
      </trkpt>
      <trkpt lat="46.68325" lon="7.52089">
        <ele>1776.4</ele>
        <time>2026-05-04T01:44:27.3250000+00:00</time>
      </trkpt>
      <trkpt lat="46.68322" lon="7.52076">
        <ele>1775.8</ele>
        <time>2026-05-04T01:44:41.7940000+00:00</time>
      </trkpt>
      <trkpt lat="46.6832" lon="7.52068">
        <ele>1775.48</ele>
        <time>2026-05-04T01:44:50.7760000+00:00</time>
      </trkpt>
      <trkpt lat="46.68316" lon="7.52059">
        <ele>1775.78</ele>
        <time>2026-05-04T01:45:02.0890000+00:00</time>
      </trkpt>
      <trkpt lat="46.6831" lon="7.52054">
        <ele>1777.36</ele>
        <time>2026-05-04T01:45:12.7180000+00:00</time>
      </trkpt>
      <trkpt lat="46.68309" lon="7.52053">
        <ele>1777.6</ele>
        <time>2026-05-04T01:45:14.5840000+00:00</time>
      </trkpt>
      <trkpt lat="46.68297" lon="7.52044">
        <ele>1780.88</ele>
        <time>2026-05-04T01:45:35.3360000+00:00</time>
      </trkpt>
      <trkpt lat="46.68292" lon="7.52045">
        <ele>1782.87</ele>
        <time>2026-05-04T01:45:43.0960000+00:00</time>
      </trkpt>
      <trkpt lat="46.68289" lon="7.52048">
        <ele>1784.38</ele>
        <time>2026-05-04T01:45:48.6890000+00:00</time>
      </trkpt>
      <trkpt lat="46.68288" lon="7.52056">
        <ele>1785.81</ele>
        <time>2026-05-04T01:45:57.2680000+00:00</time>
      </trkpt>
      <trkpt lat="46.6828" lon="7.52069">
        <ele>1790.51</ele>
        <time>2026-05-04T01:46:15.6920000+00:00</time>
      </trkpt>
      <trkpt lat="46.68274" lon="7.52073">
        <ele>1792.47</ele>
        <time>2026-05-04T01:46:25.8370000+00:00</time>
      </trkpt>
      <trkpt lat="46.68262" lon="7.52078">
        <ele>1793.64</ele>
        <time>2026-05-04T01:46:45.0290000+00:00</time>
      </trkpt>
      <trkpt lat="46.68253" lon="7.5208">
        <ele>1794.28</ele>
        <time>2026-05-04T01:46:59.0290000+00:00</time>
      </trkpt>
      <trkpt lat="46.68245" lon="7.52079">
        <ele>1794.49</ele>
        <time>2026-05-04T01:47:11.3760000+00:00</time>
      </trkpt>
      <trkpt lat="46.68238" lon="7.52076">
        <ele>1794.41</ele>
        <time>2026-05-04T01:47:22.5960000+00:00</time>
      </trkpt>
      <trkpt lat="46.68227" lon="7.52075">
        <ele>1794.75</ele>
        <time>2026-05-04T01:47:39.5440000+00:00</time>
      </trkpt>
      <trkpt lat="46.68217" lon="7.52076">
        <ele>1795.31</ele>
        <time>2026-05-04T01:47:54.9570000+00:00</time>
      </trkpt>
      <trkpt lat="46.68209" lon="7.52072">
        <ele>1795.16</ele>
        <time>2026-05-04T01:48:07.9630000+00:00</time>
      </trkpt>
      <trkpt lat="46.68197" lon="7.52069">
        <ele>1795.32</ele>
        <time>2026-05-04T01:48:26.6850000+00:00</time>
      </trkpt>
      <trkpt lat="46.68191" lon="7.52069">
        <ele>1795.14</ele>
        <time>2026-05-04T01:48:35.9120000+00:00</time>
      </trkpt>
      <trkpt lat="46.68184" lon="7.52072">
        <ele>1794.35</ele>
        <time>2026-05-04T01:48:47.1320000+00:00</time>
      </trkpt>
      <trkpt lat="46.68171" lon="7.52077">
        <ele>1792.63</ele>
        <time>2026-05-04T01:49:07.8070000+00:00</time>
      </trkpt>
      <trkpt lat="46.68164" lon="7.52082">
        <ele>1791.77</ele>
        <time>2026-05-04T01:49:19.7940000+00:00</time>
      </trkpt>
      <trkpt lat="46.68165" lon="7.5209">
        <ele>1792.52</ele>
        <time>2026-05-04T01:49:28.3730000+00:00</time>
      </trkpt>
      <trkpt lat="46.68165" lon="7.52098">
        <ele>1793.09</ele>
        <time>2026-05-04T01:49:36.8130000+00:00</time>
      </trkpt>
      <trkpt lat="46.68164" lon="7.52107">
        <ele>1793.51</ele>
        <time>2026-05-04T01:49:46.4320000+00:00</time>
      </trkpt>
      <trkpt lat="46.68163" lon="7.52117">
        <ele>1793.97</ele>
        <time>2026-05-04T01:49:57.0930000+00:00</time>
      </trkpt>
      <trkpt lat="46.68162" lon="7.52122">
        <ele>1794.06</ele>
        <time>2026-05-04T01:50:02.5880000+00:00</time>
      </trkpt>
      <trkpt lat="46.68163" lon="7.52131">
        <ele>1795.53</ele>
        <time>2026-05-04T01:50:12.2060000+00:00</time>
      </trkpt>
      <trkpt lat="46.68164" lon="7.5214">
        <ele>1797.14</ele>
        <time>2026-05-04T01:50:21.8240000+00:00</time>
      </trkpt>
      <trkpt lat="46.68165" lon="7.52151">
        <ele>1799.09</ele>
        <time>2026-05-04T01:50:33.5290000+00:00</time>
      </trkpt>
      <trkpt lat="46.68166" lon="7.52155">
        <ele>1800.02</ele>
        <time>2026-05-04T01:50:38.0220000+00:00</time>
      </trkpt>
      <trkpt lat="46.68166" lon="7.52174">
        <ele>1802.94</ele>
        <time>2026-05-04T01:50:58.0660000+00:00</time>
      </trkpt>
      <trkpt lat="46.68166" lon="7.52193">
        <ele>1805.85</ele>
        <time>2026-05-04T01:51:18.1110000+00:00</time>
      </trkpt>
      <trkpt lat="46.68165" lon="7.5222">
        <ele>1809.58</ele>
        <time>2026-05-04T01:51:46.6370000+00:00</time>
      </trkpt>
      <trkpt lat="46.68164" lon="7.52232">
        <ele>1810.99</ele>
        <time>2026-05-04T01:51:59.3900000+00:00</time>
      </trkpt>
      <trkpt lat="46.68162" lon="7.5224">
        <ele>1811.28</ele>
        <time>2026-05-04T01:52:08.3730000+00:00</time>
      </trkpt>
      <trkpt lat="46.6816" lon="7.52247">
        <ele>1811.39</ele>
        <time>2026-05-04T01:52:16.3730000+00:00</time>
      </trkpt>
      <trkpt lat="46.68159" lon="7.52253">
        <ele>1811.82</ele>
        <time>2026-05-04T01:52:22.8870000+00:00</time>
      </trkpt>
      <trkpt lat="46.68158" lon="7.5226">
        <ele>1812.38</ele>
        <time>2026-05-04T01:52:30.4300000+00:00</time>
      </trkpt>
      <trkpt lat="46.68155" lon="7.52272">
        <ele>1812.67</ele>
        <time>2026-05-04T01:52:43.9040000+00:00</time>
      </trkpt>
      <trkpt lat="46.6815" lon="7.52289">
        <ele>1812.6</ele>
        <time>2026-05-04T01:53:03.4170000+00:00</time>
      </trkpt>
      <trkpt lat="46.68147" lon="7.52302">
        <ele>1812.09</ele>
        <time>2026-05-04T01:53:17.8860000+00:00</time>
      </trkpt>
      <trkpt lat="46.68142" lon="7.52316">
        <ele>1810.68</ele>
        <time>2026-05-04T01:53:34.5370000+00:00</time>
      </trkpt>
      <trkpt lat="46.68139" lon="7.52326">
        <ele>1810.03</ele>
        <time>2026-05-04T01:53:46.0510000+00:00</time>
      </trkpt>
      <trkpt lat="46.68137" lon="7.5233">
        <ele>1809.4</ele>
        <time>2026-05-04T01:53:51.2730000+00:00</time>
      </trkpt>
      <trkpt lat="46.68134" lon="7.52336">
        <ele>1808.48</ele>
        <time>2026-05-04T01:53:59.1060000+00:00</time>
      </trkpt>
      <trkpt lat="46.68133" lon="7.52339">
        <ele>1808.26</ele>
        <time>2026-05-04T01:54:02.6270000+00:00</time>
      </trkpt>
      <trkpt lat="46.68134" lon="7.52343">
        <ele>1809.09</ele>
        <time>2026-05-04T01:54:07.1170000+00:00</time>
      </trkpt>
      <trkpt lat="46.68134" lon="7.52348">
        <ele>1809.52</ele>
        <time>2026-05-04T01:54:12.3920000+00:00</time>
      </trkpt>
      <trkpt lat="46.68132" lon="7.52353">
        <ele>1809.04</ele>
        <time>2026-05-04T01:54:18.4990000+00:00</time>
      </trkpt>
      <trkpt lat="46.6813" lon="7.52355">
        <ele>1808.29</ele>
        <time>2026-05-04T01:54:22.2310000+00:00</time>
      </trkpt>
      <trkpt lat="46.68122" lon="7.52362">
        <ele>1805.3</ele>
        <time>2026-05-04T01:54:36.5790000+00:00</time>
      </trkpt>
      <trkpt lat="46.68115" lon="7.52372">
        <ele>1803.16</ele>
        <time>2026-05-04T01:54:51.6510000+00:00</time>
      </trkpt>
      <trkpt lat="46.68111" lon="7.52378">
        <ele>1801.96</ele>
        <time>2026-05-04T01:55:00.4780000+00:00</time>
      </trkpt>
      <trkpt lat="46.68106" lon="7.52389">
        <ele>1800.98</ele>
        <time>2026-05-04T01:55:14.3990000+00:00</time>
      </trkpt>
      <trkpt lat="46.68103" lon="7.52397">
        <ele>1800.54</ele>
        <time>2026-05-04T01:55:24.0170000+00:00</time>
      </trkpt>
      <trkpt lat="46.68101" lon="7.52408">
        <ele>1800.79</ele>
        <time>2026-05-04T01:55:36.0220000+00:00</time>
      </trkpt>
      <trkpt lat="46.68098" lon="7.52419">
        <ele>1800.62</ele>
        <time>2026-05-04T01:55:48.5100000+00:00</time>
      </trkpt>
      <trkpt lat="46.68096" lon="7.52428">
        <ele>1800.66</ele>
        <time>2026-05-04T01:55:58.4900000+00:00</time>
      </trkpt>
      <trkpt lat="46.68092" lon="7.52435">
        <ele>1799.7</ele>
        <time>2026-05-04T01:56:08.1000000+00:00</time>
      </trkpt>
      <trkpt lat="46.68089" lon="7.5244">
        <ele>1798.95</ele>
        <time>2026-05-04T01:56:15.1070000+00:00</time>
      </trkpt>
      <trkpt lat="46.68087" lon="7.5245">
        <ele>1799.06</ele>
        <time>2026-05-04T01:56:26.0960000+00:00</time>
      </trkpt>
      <trkpt lat="46.68084" lon="7.52467">
        <ele>1798.42</ele>
        <time>2026-05-04T01:56:44.6140000+00:00</time>
      </trkpt>
      <trkpt lat="46.68084" lon="7.52473">
        <ele>1798.42</ele>
        <time>2026-05-04T01:56:50.9430000+00:00</time>
      </trkpt>
      <trkpt lat="46.68083" lon="7.52477">
        <ele>1798.01</ele>
        <time>2026-05-04T01:56:55.4320000+00:00</time>
      </trkpt>
      <trkpt lat="46.68082" lon="7.52483">
        <ele>1797.6</ele>
        <time>2026-05-04T01:57:01.9460000+00:00</time>
      </trkpt>
      <trkpt lat="46.68079" lon="7.5249">
        <ele>1796.38</ele>
        <time>2026-05-04T01:57:10.6530000+00:00</time>
      </trkpt>
      <trkpt lat="46.68076" lon="7.52503">
        <ele>1795.15</ele>
        <time>2026-05-04T01:57:25.1230000+00:00</time>
      </trkpt>
      <trkpt lat="46.68074" lon="7.52514">
        <ele>1794.34</ele>
        <time>2026-05-04T01:57:37.1280000+00:00</time>
      </trkpt>
      <trkpt lat="46.68074" lon="7.52526">
        <ele>1794.34</ele>
        <time>2026-05-04T01:57:49.7880000+00:00</time>
      </trkpt>
      <trkpt lat="46.68074" lon="7.5254">
        <ele>1794.26</ele>
        <time>2026-05-04T01:58:04.5570000+00:00</time>
      </trkpt>
      <trkpt lat="46.68074" lon="7.52553">
        <ele>1791.92</ele>
        <time>2026-05-04T01:58:18.2710000+00:00</time>
      </trkpt>
      <trkpt lat="46.68075" lon="7.52562">
        <ele>1790.68</ele>
        <time>2026-05-04T01:58:27.8890000+00:00</time>
      </trkpt>
      <trkpt lat="46.68076" lon="7.52574">
        <ele>1788.89</ele>
        <time>2026-05-04T01:58:40.6410000+00:00</time>
      </trkpt>
      <trkpt lat="46.68078" lon="7.52585">
        <ele>1787.61</ele>
        <time>2026-05-04T01:58:52.6460000+00:00</time>
      </trkpt>
      <trkpt lat="46.6808" lon="7.52593">
        <ele>1786.85</ele>
        <time>2026-05-04T01:59:01.6300000+00:00</time>
      </trkpt>
      <trkpt lat="46.68082" lon="7.52601">
        <ele>1786.05</ele>
        <time>2026-05-04T01:59:10.6120000+00:00</time>
      </trkpt>
      <trkpt lat="46.68084" lon="7.5261">
        <ele>1785.03</ele>
        <time>2026-05-04T01:59:20.5920000+00:00</time>
      </trkpt>
      <trkpt lat="46.68085" lon="7.52622">
        <ele>1783.08</ele>
        <time>2026-05-04T01:59:33.3430000+00:00</time>
      </trkpt>
      <trkpt lat="46.68087" lon="7.52635">
        <ele>1780.7</ele>
        <time>2026-05-04T01:59:47.3980000+00:00</time>
      </trkpt>
      <trkpt lat="46.6809" lon="7.52644">
        <ele>1779.51</ele>
        <time>2026-05-04T01:59:57.9540000+00:00</time>
      </trkpt>
      <trkpt lat="46.68092" lon="7.52648">
        <ele>1779.17</ele>
        <time>2026-05-04T02:00:03.1760000+00:00</time>
      </trkpt>
      <trkpt lat="46.68093" lon="7.52653">
        <ele>1778.27</ele>
        <time>2026-05-04T02:00:08.6710000+00:00</time>
      </trkpt>
      <trkpt lat="46.68094" lon="7.52657">
        <ele>1777.61</ele>
        <time>2026-05-04T02:00:13.1620000+00:00</time>
      </trkpt>
      <trkpt lat="46.68097" lon="7.52661">
        <ele>1777.54</ele>
        <time>2026-05-04T02:00:19.4140000+00:00</time>
      </trkpt>
      <trkpt lat="46.68099" lon="7.52666">
        <ele>1776.91</ele>
        <time>2026-05-04T02:00:25.5210000+00:00</time>
      </trkpt>
      <trkpt lat="46.68102" lon="7.5267">
        <ele>1776.8</ele>
        <time>2026-05-04T02:00:31.7740000+00:00</time>
      </trkpt>
      <trkpt lat="46.68105" lon="7.52677">
        <ele>1775.93</ele>
        <time>2026-05-04T02:00:40.4810000+00:00</time>
      </trkpt>
      <trkpt lat="46.68107" lon="7.52684">
        <ele>1774.75</ele>
        <time>2026-05-04T02:00:48.4820000+00:00</time>
      </trkpt>
      <trkpt lat="46.68108" lon="7.5269">
        <ele>1773.53</ele>
        <time>2026-05-04T02:00:54.9960000+00:00</time>
      </trkpt>
      <trkpt lat="46.68111" lon="7.52694">
        <ele>1773.74</ele>
        <time>2026-05-04T02:01:01.2490000+00:00</time>
      </trkpt>
      <trkpt lat="46.68115" lon="7.52697">
        <ele>1775.55</ele>
        <time>2026-05-04T02:01:08.1670000+00:00</time>
      </trkpt>
      <trkpt lat="46.68119" lon="7.52697">
        <ele>1778.11</ele>
        <time>2026-05-04T02:01:14.3180000+00:00</time>
      </trkpt>
      <trkpt lat="46.68122" lon="7.52697">
        <ele>1780.04</ele>
        <time>2026-05-04T02:01:18.9320000+00:00</time>
      </trkpt>
      <trkpt lat="46.68126" lon="7.52702">
        <ele>1781.41</ele>
        <time>2026-05-04T02:01:27.0360000+00:00</time>
      </trkpt>
      <trkpt lat="46.68129" lon="7.52706">
        <ele>1782.4</ele>
        <time>2026-05-04T02:01:33.2880000+00:00</time>
      </trkpt>
      <trkpt lat="46.68133" lon="7.5271">
        <ele>1784.16</ele>
        <time>2026-05-04T02:01:40.7480000+00:00</time>
      </trkpt>
      <trkpt lat="46.68138" lon="7.52714">
        <ele>1786.6</ele>
        <time>2026-05-04T02:01:49.5190000+00:00</time>
      </trkpt>
      <trkpt lat="46.68141" lon="7.52719">
        <ele>1787.56</ele>
        <time>2026-05-04T02:01:56.5250000+00:00</time>
      </trkpt>
      <trkpt lat="46.68145" lon="7.52724">
        <ele>1789.21</ele>
        <time>2026-05-04T02:02:04.6290000+00:00</time>
      </trkpt>
      <trkpt lat="46.68147" lon="7.5273">
        <ele>1789.36</ele>
        <time>2026-05-04T02:02:11.6670000+00:00</time>
      </trkpt>
      <trkpt lat="46.6815" lon="7.52734">
        <ele>1790.6</ele>
        <time>2026-05-04T02:02:17.9180000+00:00</time>
      </trkpt>
      <trkpt lat="46.68153" lon="7.52737">
        <ele>1792.04</ele>
        <time>2026-05-04T02:02:23.5130000+00:00</time>
      </trkpt>
      <trkpt lat="46.68154" lon="7.52741">
        <ele>1791.96</ele>
        <time>2026-05-04T02:02:28.0060000+00:00</time>
      </trkpt>
      <trkpt lat="46.68154" lon="7.5275">
        <ele>1790.25</ele>
        <time>2026-05-04T02:02:37.5010000+00:00</time>
      </trkpt>
      <trkpt lat="46.68157" lon="7.5276">
        <ele>1790.43</ele>
        <time>2026-05-04T02:02:49.0150000+00:00</time>
      </trkpt>
      <trkpt lat="46.6816" lon="7.5277">
        <ele>1790.67</ele>
        <time>2026-05-04T02:03:00.5290000+00:00</time>
      </trkpt>
      <trkpt lat="46.68162" lon="7.52774">
        <ele>1791.35</ele>
        <time>2026-05-04T02:03:05.7510000+00:00</time>
      </trkpt>
      <trkpt lat="46.68165" lon="7.52779">
        <ele>1792.57</ele>
        <time>2026-05-04T02:03:12.7600000+00:00</time>
      </trkpt>
      <trkpt lat="46.6817" lon="7.52785">
        <ele>1795.07</ele>
        <time>2026-05-04T02:03:22.7180000+00:00</time>
      </trkpt>
      <trkpt lat="46.68172" lon="7.52792">
        <ele>1795.42</ele>
        <time>2026-05-04T02:03:30.7170000+00:00</time>
      </trkpt>
      <trkpt lat="46.68175" lon="7.52802">
        <ele>1796.35</ele>
        <time>2026-05-04T02:03:42.2310000+00:00</time>
      </trkpt>
      <trkpt lat="46.68178" lon="7.52812">
        <ele>1797.3</ele>
        <time>2026-05-04T02:03:53.7440000+00:00</time>
      </trkpt>
      <trkpt lat="46.68181" lon="7.52823">
        <ele>1798.13</ele>
        <time>2026-05-04T02:04:06.2300000+00:00</time>
      </trkpt>
      <trkpt lat="46.68184" lon="7.52834">
        <ele>1798.97</ele>
        <time>2026-05-04T02:04:18.7190000+00:00</time>
      </trkpt>
      <trkpt lat="46.68187" lon="7.52845">
        <ele>1799.82</ele>
        <time>2026-05-04T02:04:31.2060000+00:00</time>
      </trkpt>
      <trkpt lat="46.6819" lon="7.52851">
        <ele>1801.28</ele>
        <time>2026-05-04T02:04:39.0370000+00:00</time>
      </trkpt>
      <trkpt lat="46.68193" lon="7.52856">
        <ele>1802.87</ele>
        <time>2026-05-04T02:04:46.0460000+00:00</time>
      </trkpt>
      <trkpt lat="46.68195" lon="7.52863">
        <ele>1803.45</ele>
        <time>2026-05-04T02:04:54.0460000+00:00</time>
      </trkpt>
      <trkpt lat="46.68197" lon="7.52869">
        <ele>1804.15</ele>
        <time>2026-05-04T02:05:01.0820000+00:00</time>
      </trkpt>
      <trkpt lat="46.68198" lon="7.52874">
        <ele>1804.32</ele>
        <time>2026-05-04T02:05:06.5770000+00:00</time>
      </trkpt>
      <trkpt lat="46.682" lon="7.52879">
        <ele>1805.37</ele>
        <time>2026-05-04T02:05:12.6830000+00:00</time>
      </trkpt>
      <trkpt lat="46.682" lon="7.52884">
        <ele>1805</ele>
        <time>2026-05-04T02:05:17.9570000+00:00</time>
      </trkpt>
      <trkpt lat="46.68198" lon="7.52886">
        <ele>1803.49</ele>
        <time>2026-05-04T02:05:21.6870000+00:00</time>
      </trkpt>
      <trkpt lat="46.68198" lon="7.52892">
        <ele>1803.07</ele>
        <time>2026-05-04T02:05:28.0170000+00:00</time>
      </trkpt>
      <trkpt lat="46.682" lon="7.52899">
        <ele>1803.89</ele>
        <time>2026-05-04T02:05:36.0160000+00:00</time>
      </trkpt>
      <trkpt lat="46.68202" lon="7.52904">
        <ele>1804.81</ele>
        <time>2026-05-04T02:05:42.1230000+00:00</time>
      </trkpt>
      <trkpt lat="46.68202" lon="7.5291">
        <ele>1804.34</ele>
        <time>2026-05-04T02:05:48.4520000+00:00</time>
      </trkpt>
      <trkpt lat="46.68204" lon="7.52917">
        <ele>1805.04</ele>
        <time>2026-05-04T02:05:56.4520000+00:00</time>
      </trkpt>
      <trkpt lat="46.68206" lon="7.52923">
        <ele>1805.76</ele>
        <time>2026-05-04T02:06:03.4880000+00:00</time>
      </trkpt>
      <trkpt lat="46.68206" lon="7.52931">
        <ele>1805.07</ele>
        <time>2026-05-04T02:06:11.9270000+00:00</time>
      </trkpt>
      <trkpt lat="46.68206" lon="7.52936">
        <ele>1804.64</ele>
        <time>2026-05-04T02:06:17.2020000+00:00</time>
      </trkpt>
      <trkpt lat="46.68208" lon="7.52947">
        <ele>1804.81</ele>
        <time>2026-05-04T02:06:29.2060000+00:00</time>
      </trkpt>
      <trkpt lat="46.68209" lon="7.52961">
        <ele>1804.09</ele>
        <time>2026-05-04T02:06:44.0550000+00:00</time>
      </trkpt>
      <trkpt lat="46.6821" lon="7.5297">
        <ele>1803.76</ele>
        <time>2026-05-04T02:06:53.6730000+00:00</time>
      </trkpt>
      <trkpt lat="46.6821" lon="7.52978">
        <ele>1803.01</ele>
        <time>2026-05-04T02:07:02.1120000+00:00</time>
      </trkpt>
      <trkpt lat="46.68211" lon="7.52983">
        <ele>1803.01</ele>
        <time>2026-05-04T02:07:07.6080000+00:00</time>
      </trkpt>
      <trkpt lat="46.68212" lon="7.5299">
        <ele>1802.77</ele>
        <time>2026-05-04T02:07:15.1510000+00:00</time>
      </trkpt>
      <trkpt lat="46.68211" lon="7.5301">
        <ele>1800.39</ele>
        <time>2026-05-04T02:07:36.3050000+00:00</time>
      </trkpt>
      <trkpt lat="46.6821" lon="7.53024">
        <ele>1798.68</ele>
        <time>2026-05-04T02:07:51.1540000+00:00</time>
      </trkpt>
      <trkpt lat="46.68206" lon="7.53051">
        <ele>1793.64</ele>
        <time>2026-05-04T02:08:20.2940000+00:00</time>
      </trkpt>
      <trkpt lat="46.68206" lon="7.53062">
        <ele>1791.44</ele>
        <time>2026-05-04T02:08:31.8990000+00:00</time>
      </trkpt>
      <trkpt lat="46.68206" lon="7.53074">
        <ele>1789.05</ele>
        <time>2026-05-04T02:08:44.5580000+00:00</time>
      </trkpt>
      <trkpt lat="46.68206" lon="7.53077">
        <ele>1788.45</ele>
        <time>2026-05-04T02:08:47.7260000+00:00</time>
      </trkpt>
      <trkpt lat="46.68208" lon="7.53087">
        <ele>1786.84</ele>
        <time>2026-05-04T02:08:58.7140000+00:00</time>
      </trkpt>
      <trkpt lat="46.68208" lon="7.53098">
        <ele>1784.59</ele>
        <time>2026-05-04T02:09:10.3170000+00:00</time>
      </trkpt>
      <trkpt lat="46.6821" lon="7.5311">
        <ele>1782.42</ele>
        <time>2026-05-04T02:09:23.3440000+00:00</time>
      </trkpt>
      <trkpt lat="46.6821" lon="7.53125">
        <ele>1779.08</ele>
        <time>2026-05-04T02:09:39.1680000+00:00</time>
      </trkpt>
      <trkpt lat="46.68213" lon="7.5314">
        <ele>1775.05</ele>
        <time>2026-05-04T02:09:55.6510000+00:00</time>
      </trkpt>
      <trkpt lat="46.68215" lon="7.53144">
        <ele>1774.03</ele>
        <time>2026-05-04T02:10:00.8730000+00:00</time>
      </trkpt>
      <trkpt lat="46.68215" lon="7.5315">
        <ele>1772.27</ele>
        <time>2026-05-04T02:10:07.2030000+00:00</time>
      </trkpt>
      <trkpt lat="46.68215" lon="7.53158">
        <ele>1769.92</ele>
        <time>2026-05-04T02:10:15.6440000+00:00</time>
      </trkpt>
      <trkpt lat="46.68215" lon="7.53166">
        <ele>1767.58</ele>
        <time>2026-05-04T02:10:24.0840000+00:00</time>
      </trkpt>
      <trkpt lat="46.68213" lon="7.53175">
        <ele>1764.92</ele>
        <time>2026-05-04T02:10:34.0640000+00:00</time>
      </trkpt>
      <trkpt lat="46.68213" lon="7.53182">
        <ele>1762.89</ele>
        <time>2026-05-04T02:10:41.4490000+00:00</time>
      </trkpt>
      <trkpt lat="46.68204" lon="7.532">
        <ele>1758.02</ele>
        <time>2026-05-04T02:11:04.9460000+00:00</time>
      </trkpt>
      <trkpt lat="46.68204" lon="7.53211">
        <ele>1754.72</ele>
        <time>2026-05-04T02:11:16.5500000+00:00</time>
      </trkpt>
      <trkpt lat="46.682" lon="7.53238">
        <ele>1746.09</ele>
        <time>2026-05-04T02:11:45.6900000+00:00</time>
      </trkpt>
      <trkpt lat="46.68199" lon="7.53251">
        <ele>1741.9</ele>
        <time>2026-05-04T02:11:59.4910000+00:00</time>
      </trkpt>
      <trkpt lat="46.68203" lon="7.53249">
        <ele>1742.29</ele>
        <time>2026-05-04T02:12:05.9940000+00:00</time>
      </trkpt>
      <trkpt lat="46.68208" lon="7.53246">
        <ele>1742.95</ele>
        <time>2026-05-04T02:12:14.3090000+00:00</time>
      </trkpt>
      <trkpt lat="46.68214" lon="7.53251">
        <ele>1740.89</ele>
        <time>2026-05-04T02:12:24.9360000+00:00</time>
      </trkpt>
      <trkpt lat="46.68221" lon="7.53253">
        <ele>1739.74</ele>
        <time>2026-05-04T02:12:35.9040000+00:00</time>
      </trkpt>
      <trkpt lat="46.68228" lon="7.53265">
        <ele>1735.19</ele>
        <time>2026-05-04T02:12:52.5210000+00:00</time>
      </trkpt>
      <trkpt lat="46.68232" lon="7.53272">
        <ele>1732.51</ele>
        <time>2026-05-04T02:13:02.1310000+00:00</time>
      </trkpt>
      <trkpt lat="46.68239" lon="7.53278">
        <ele>1729.91</ele>
        <time>2026-05-04T02:13:14.6180000+00:00</time>
      </trkpt>
      <trkpt lat="46.68243" lon="7.53282">
        <ele>1728.21</ele>
        <time>2026-05-04T02:13:22.0770000+00:00</time>
      </trkpt>
      <trkpt lat="46.68247" lon="7.53288">
        <ele>1725.8</ele>
        <time>2026-05-04T02:13:30.9040000+00:00</time>
      </trkpt>
      <trkpt lat="46.68251" lon="7.53296">
        <ele>1723.2</ele>
        <time>2026-05-04T02:13:41.3480000+00:00</time>
      </trkpt>
      <trkpt lat="46.68255" lon="7.53301">
        <ele>1721.44</ele>
        <time>2026-05-04T02:13:49.4500000+00:00</time>
      </trkpt>
      <trkpt lat="46.68259" lon="7.53302">
        <ele>1720.77</ele>
        <time>2026-05-04T02:13:55.6910000+00:00</time>
      </trkpt>
      <trkpt lat="46.6827" lon="7.53306">
        <ele>1718.53</ele>
        <time>2026-05-04T02:14:13.1250000+00:00</time>
      </trkpt>
      <trkpt lat="46.68273" lon="7.53308">
        <ele>1717.63</ele>
        <time>2026-05-04T02:14:18.1970000+00:00</time>
      </trkpt>
      <trkpt lat="46.68275" lon="7.53312">
        <ele>1716.23</ele>
        <time>2026-05-04T02:14:23.4180000+00:00</time>
      </trkpt>
      <trkpt lat="46.68278" lon="7.53314">
        <ele>1714.84</ele>
        <time>2026-05-04T02:14:28.4930000+00:00</time>
      </trkpt>
      <trkpt lat="46.6828" lon="7.53318">
        <ele>1712.85</ele>
        <time>2026-05-04T02:14:33.7150000+00:00</time>
      </trkpt>
      <trkpt lat="46.68279" lon="7.5332">
        <ele>1712.65</ele>
        <time>2026-05-04T02:14:36.3240000+00:00</time>
      </trkpt>
      <trkpt lat="46.68273" lon="7.53325">
        <ele>1712.58</ele>
        <time>2026-05-04T02:14:46.9510000+00:00</time>
      </trkpt>
      <trkpt lat="46.68271" lon="7.5333">
        <ele>1711.35</ele>
        <time>2026-05-04T02:14:53.0570000+00:00</time>
      </trkpt>
      <trkpt lat="46.68273" lon="7.53332">
        <ele>1710.51</ele>
        <time>2026-05-04T02:14:56.7860000+00:00</time>
      </trkpt>
      <trkpt lat="46.6828" lon="7.53331">
        <ele>1709</ele>
        <time>2026-05-04T02:15:07.6010000+00:00</time>
      </trkpt>
      <trkpt lat="46.68283" lon="7.53334">
        <ele>1706.97</ele>
        <time>2026-05-04T02:15:13.1960000+00:00</time>
      </trkpt>
      <trkpt lat="46.68284" lon="7.53337">
        <ele>1705.72</ele>
        <time>2026-05-04T02:15:16.7140000+00:00</time>
      </trkpt>
      <trkpt lat="46.68293" lon="7.53343">
        <ele>1700.64</ele>
        <time>2026-05-04T02:15:31.9330000+00:00</time>
      </trkpt>
      <trkpt lat="46.68298" lon="7.53354">
        <ele>1695.76</ele>
        <time>2026-05-04T02:15:45.8530000+00:00</time>
      </trkpt>
      <trkpt lat="46.68303" lon="7.5336">
        <ele>1692.35</ele>
        <time>2026-05-04T02:15:55.8120000+00:00</time>
      </trkpt>
      <trkpt lat="46.68324" lon="7.53377">
        <ele>1681.01</ele>
        <time>2026-05-04T02:16:32.7500000+00:00</time>
      </trkpt>
      <trkpt lat="46.68327" lon="7.53382">
        <ele>1679.06</ele>
        <time>2026-05-04T02:16:39.7570000+00:00</time>
      </trkpt>
      <trkpt lat="46.68333" lon="7.53387">
        <ele>1676.29</ele>
        <time>2026-05-04T02:16:50.3860000+00:00</time>
      </trkpt>
      <trkpt lat="46.68336" lon="7.53386">
        <ele>1675.58</ele>
        <time>2026-05-04T02:16:55.1190000+00:00</time>
      </trkpt>
      <trkpt lat="46.68338" lon="7.53389">
        <ele>1674.48</ele>
        <time>2026-05-04T02:16:59.5330000+00:00</time>
      </trkpt>
      <trkpt lat="46.68336" lon="7.53393">
        <ele>1674.37</ele>
        <time>2026-05-04T02:17:04.7550000+00:00</time>
      </trkpt>
      <trkpt lat="46.68337" lon="7.53396">
        <ele>1673.58</ele>
        <time>2026-05-04T02:17:08.2720000+00:00</time>
      </trkpt>
      <trkpt lat="46.68336" lon="7.53399">
        <ele>1673.33</ele>
        <time>2026-05-04T02:17:11.7900000+00:00</time>
      </trkpt>
      <trkpt lat="46.68337" lon="7.53402">
        <ele>1672.56</ele>
        <time>2026-05-04T02:17:15.3080000+00:00</time>
      </trkpt>
      <trkpt lat="46.68339" lon="7.53401">
        <ele>1672.21</ele>
        <time>2026-05-04T02:17:18.5610000+00:00</time>
      </trkpt>
      <trkpt lat="46.68341" lon="7.53397">
        <ele>1672.34</ele>
        <time>2026-05-04T02:17:23.7830000+00:00</time>
      </trkpt>
      <trkpt lat="46.68344" lon="7.53393">
        <ele>1672.13</ele>
        <time>2026-05-04T02:17:30.0360000+00:00</time>
      </trkpt>
      <trkpt lat="46.68346" lon="7.53391">
        <ele>1671.87</ele>
        <time>2026-05-04T02:17:33.7630000+00:00</time>
      </trkpt>
      <trkpt lat="46.6835" lon="7.53382">
        <ele>1671.94</ele>
        <time>2026-05-04T02:17:45.0750000+00:00</time>
      </trkpt>
      <trkpt lat="46.68357" lon="7.53377">
        <ele>1670.35</ele>
        <time>2026-05-04T02:17:57.0620000+00:00</time>
      </trkpt>
      <trkpt lat="46.6836" lon="7.53392">
        <ele>1667.79</ele>
        <time>2026-05-04T02:18:13.5440000+00:00</time>
      </trkpt>
      <trkpt lat="46.68365" lon="7.53409">
        <ele>1664.71</ele>
        <time>2026-05-04T02:18:33.0560000+00:00</time>
      </trkpt>
      <trkpt lat="46.68369" lon="7.53422">
        <ele>1662.2</ele>
        <time>2026-05-04T02:18:48.0870000+00:00</time>
      </trkpt>
      <trkpt lat="46.68374" lon="7.53434">
        <ele>1659.46</ele>
        <time>2026-05-04T02:19:02.8990000+00:00</time>
      </trkpt>
      <trkpt lat="46.68377" lon="7.53444">
        <ele>1657.42</ele>
        <time>2026-05-04T02:19:14.4120000+00:00</time>
      </trkpt>
      <trkpt lat="46.68378" lon="7.5345">
        <ele>1656.4</ele>
        <time>2026-05-04T02:19:20.9250000+00:00</time>
      </trkpt>
      <trkpt lat="46.68381" lon="7.53476">
        <ele>1650.68</ele>
        <time>2026-05-04T02:19:48.7380000+00:00</time>
      </trkpt>
      <trkpt lat="46.68383" lon="7.53483">
        <ele>1648.78</ele>
        <time>2026-05-04T02:19:56.7370000+00:00</time>
      </trkpt>
      <trkpt lat="46.68384" lon="7.53492">
        <ele>1646.75</ele>
        <time>2026-05-04T02:20:06.3550000+00:00</time>
      </trkpt>
      <trkpt lat="46.68387" lon="7.53495">
        <ele>1645.5</ele>
        <time>2026-05-04T02:20:11.9500000+00:00</time>
      </trkpt>
      <trkpt lat="46.68391" lon="7.53498">
        <ele>1644.06</ele>
        <time>2026-05-04T02:20:18.8670000+00:00</time>
      </trkpt>
      <trkpt lat="46.68389" lon="7.53503">
        <ele>1643.55</ele>
        <time>2026-05-04T02:20:24.9740000+00:00</time>
      </trkpt>
      <trkpt lat="46.68388" lon="7.53507">
        <ele>1642.99</ele>
        <time>2026-05-04T02:20:29.4650000+00:00</time>
      </trkpt>
      <trkpt lat="46.6839" lon="7.53514">
        <ele>1641.27</ele>
        <time>2026-05-04T02:20:37.4640000+00:00</time>
      </trkpt>
      <trkpt lat="46.68394" lon="7.53516">
        <ele>1640.16</ele>
        <time>2026-05-04T02:20:43.9680000+00:00</time>
      </trkpt>
      <trkpt lat="46.68393" lon="7.5352">
        <ele>1639.62</ele>
        <time>2026-05-04T02:20:48.4580000+00:00</time>
      </trkpt>
      <trkpt lat="46.68396" lon="7.53523">
        <ele>1638.56</ele>
        <time>2026-05-04T02:20:54.0530000+00:00</time>
      </trkpt>
      <trkpt lat="46.68399" lon="7.53522">
        <ele>1638.21</ele>
        <time>2026-05-04T02:20:58.7830000+00:00</time>
      </trkpt>
      <trkpt lat="46.68402" lon="7.53519">
        <ele>1638.2</ele>
        <time>2026-05-04T02:21:04.3780000+00:00</time>
      </trkpt>
      <trkpt lat="46.68405" lon="7.53515">
        <ele>1638.31</ele>
        <time>2026-05-04T02:21:10.6300000+00:00</time>
      </trkpt>
      <trkpt lat="46.68408" lon="7.53511">
        <ele>1638.38</ele>
        <time>2026-05-04T02:21:16.8820000+00:00</time>
      </trkpt>
      <trkpt lat="46.6841" lon="7.53506">
        <ele>1638.76</ele>
        <time>2026-05-04T02:21:22.9880000+00:00</time>
      </trkpt>
      <trkpt lat="46.68412" lon="7.53505">
        <ele>1638.51</ele>
        <time>2026-05-04T02:21:26.2390000+00:00</time>
      </trkpt>
      <trkpt lat="46.68413" lon="7.53507">
        <ele>1638.01</ele>
        <time>2026-05-04T02:21:28.8480000+00:00</time>
      </trkpt>
      <trkpt lat="46.68414" lon="7.53514">
        <ele>1636.79</ele>
        <time>2026-05-04T02:21:36.3900000+00:00</time>
      </trkpt>
      <trkpt lat="46.68414" lon="7.53517">
        <ele>1636.35</ele>
        <time>2026-05-04T02:21:39.5540000+00:00</time>
      </trkpt>
      <trkpt lat="46.68414" lon="7.5352">
        <ele>1635.91</ele>
        <time>2026-05-04T02:21:42.7190000+00:00</time>
      </trkpt>
      <trkpt lat="46.68417" lon="7.53526">
        <ele>1634.54</ele>
        <time>2026-05-04T02:21:50.5510000+00:00</time>
      </trkpt>
      <trkpt lat="46.68418" lon="7.5353">
        <ele>1633.81</ele>
        <time>2026-05-04T02:21:55.0420000+00:00</time>
      </trkpt>
      <trkpt lat="46.68422" lon="7.53538">
        <ele>1632.12</ele>
        <time>2026-05-04T02:22:05.4860000+00:00</time>
      </trkpt>
      <trkpt lat="46.68426" lon="7.53545">
        <ele>1630.52</ele>
        <time>2026-05-04T02:22:15.0960000+00:00</time>
      </trkpt>
      <trkpt lat="46.68436" lon="7.5356">
        <ele>1627.36</ele>
        <time>2026-05-04T02:22:37.1600000+00:00</time>
      </trkpt>
      <trkpt lat="46.68441" lon="7.53566">
        <ele>1626.21</ele>
        <time>2026-05-04T02:22:47.1200000+00:00</time>
      </trkpt>
      <trkpt lat="46.68445" lon="7.53566">
        <ele>1625.87</ele>
        <time>2026-05-04T02:22:53.2700000+00:00</time>
      </trkpt>
      <trkpt lat="46.68447" lon="7.53568">
        <ele>1625.48</ele>
        <time>2026-05-04T02:22:57.0020000+00:00</time>
      </trkpt>
      <trkpt lat="46.6845" lon="7.53574">
        <ele>1624.58</ele>
        <time>2026-05-04T02:23:04.8360000+00:00</time>
      </trkpt>
      <trkpt lat="46.68451" lon="7.53579">
        <ele>1623.97</ele>
        <time>2026-05-04T02:23:10.3310000+00:00</time>
      </trkpt>
      <trkpt lat="46.6845" lon="7.53582">
        <ele>1623.73</ele>
        <time>2026-05-04T02:23:13.8510000+00:00</time>
      </trkpt>
      <trkpt lat="46.68446" lon="7.53585">
        <ele>1623.75</ele>
        <time>2026-05-04T02:23:20.7680000+00:00</time>
      </trkpt>
      <trkpt lat="46.68444" lon="7.53588">
        <ele>1623.59</ele>
        <time>2026-05-04T02:23:25.1820000+00:00</time>
      </trkpt>
      <trkpt lat="46.68444" lon="7.53595">
        <ele>1622.83</ele>
        <time>2026-05-04T02:23:32.5670000+00:00</time>
      </trkpt>
      <trkpt lat="46.68449" lon="7.53608">
        <ele>1621.05</ele>
        <time>2026-05-04T02:23:48.2890000+00:00</time>
      </trkpt>
      <trkpt lat="46.68448" lon="7.53613">
        <ele>1620.59</ele>
        <time>2026-05-04T02:23:53.7840000+00:00</time>
      </trkpt>
      <trkpt lat="46.68435" lon="7.53593">
        <ele>1623.28</ele>
        <time>2026-05-04T02:24:22.8490000+00:00</time>
      </trkpt>
      <trkpt lat="46.68431" lon="7.53587">
        <ele>1624.17</ele>
        <time>2026-05-04T02:24:31.6760000+00:00</time>
      </trkpt>
      <trkpt lat="46.6843" lon="7.53587">
        <ele>1624.2</ele>
        <time>2026-05-04T02:24:33.2120000+00:00</time>
      </trkpt>
      <trkpt lat="46.68422" lon="7.5358">
        <ele>1625.56</ele>
        <time>2026-05-04T02:24:47.5600000+00:00</time>
      </trkpt>
      <trkpt lat="46.68414" lon="7.53573">
        <ele>1627.18</ele>
        <time>2026-05-04T02:25:01.9070000+00:00</time>
      </trkpt>
      <trkpt lat="46.68408" lon="7.53566">
        <ele>1628.89</ele>
        <time>2026-05-04T02:25:13.7250000+00:00</time>
      </trkpt>
      <trkpt lat="46.68402" lon="7.53562">
        <ele>1630.19</ele>
        <time>2026-05-04T02:25:23.8700000+00:00</time>
      </trkpt>
      <trkpt lat="46.68388" lon="7.5356">
        <ele>1631.92</ele>
        <time>2026-05-04T02:25:45.5020000+00:00</time>
      </trkpt>
      <trkpt lat="46.68381" lon="7.53557">
        <ele>1633.34</ele>
        <time>2026-05-04T02:25:56.7220000+00:00</time>
      </trkpt>
      <trkpt lat="46.68374" lon="7.53553">
        <ele>1635.12</ele>
        <time>2026-05-04T02:26:08.2840000+00:00</time>
      </trkpt>
      <trkpt lat="46.6837" lon="7.53552">
        <ele>1635.84</ele>
        <time>2026-05-04T02:26:14.5260000+00:00</time>
      </trkpt>
      <trkpt lat="46.68369" lon="7.53554">
        <ele>1635.4</ele>
        <time>2026-05-04T02:26:17.1380000+00:00</time>
      </trkpt>
      <trkpt lat="46.68365" lon="7.53562">
        <ele>1633.53</ele>
        <time>2026-05-04T02:26:27.5820000+00:00</time>
      </trkpt>
      <trkpt lat="46.68361" lon="7.53571">
        <ele>1631.22</ele>
        <time>2026-05-04T02:26:38.8950000+00:00</time>
      </trkpt>
      <trkpt lat="46.68358" lon="7.53574">
        <ele>1630.83</ele>
        <time>2026-05-04T02:26:44.4890000+00:00</time>
      </trkpt>
      <trkpt lat="46.68351" lon="7.53574">
        <ele>1632.59</ele>
        <time>2026-05-04T02:26:55.2530000+00:00</time>
      </trkpt>
      <trkpt lat="46.68348" lon="7.53575">
        <ele>1633.08</ele>
        <time>2026-05-04T02:26:59.9870000+00:00</time>
      </trkpt>
      <trkpt lat="46.68346" lon="7.53579">
        <ele>1632.55</ele>
        <time>2026-05-04T02:27:05.2090000+00:00</time>
      </trkpt>
      <trkpt lat="46.68346" lon="7.53592">
        <ele>1629.19</ele>
        <time>2026-05-04T02:27:18.9220000+00:00</time>
      </trkpt>
      <trkpt lat="46.68347" lon="7.53601">
        <ele>1626.53</ele>
        <time>2026-05-04T02:27:28.5400000+00:00</time>
      </trkpt>
      <trkpt lat="46.68346" lon="7.53612">
        <ele>1624.01</ele>
        <time>2026-05-04T02:27:40.2450000+00:00</time>
      </trkpt>
      <trkpt lat="46.68343" lon="7.53625">
        <ele>1622.45</ele>
        <time>2026-05-04T02:27:54.7140000+00:00</time>
      </trkpt>
      <trkpt lat="46.68339" lon="7.53637">
        <ele>1623.61</ele>
        <time>2026-05-04T02:28:08.7880000+00:00</time>
      </trkpt>
      <trkpt lat="46.68337" lon="7.53644">
        <ele>1624.32</ele>
        <time>2026-05-04T02:28:16.7870000+00:00</time>
      </trkpt>
      <trkpt lat="46.68337" lon="7.5365">
        <ele>1624.14</ele>
        <time>2026-05-04T02:28:23.1160000+00:00</time>
      </trkpt>
      <trkpt lat="46.68339" lon="7.5366">
        <ele>1622.7</ele>
        <time>2026-05-04T02:28:34.1050000+00:00</time>
      </trkpt>
      <trkpt lat="46.68338" lon="7.53669">
        <ele>1622.95</ele>
        <time>2026-05-04T02:28:43.7230000+00:00</time>
      </trkpt>
      <trkpt lat="46.68339" lon="7.53684">
        <ele>1621.75</ele>
        <time>2026-05-04T02:28:59.6210000+00:00</time>
      </trkpt>
      <trkpt lat="46.68339" lon="7.53699">
        <ele>1621.16</ele>
        <time>2026-05-04T02:29:15.4450000+00:00</time>
      </trkpt>
      <trkpt lat="46.68339" lon="7.53712">
        <ele>1620.87</ele>
        <time>2026-05-04T02:29:29.1580000+00:00</time>
      </trkpt>
      <trkpt lat="46.68337" lon="7.53719">
        <ele>1622.43</ele>
        <time>2026-05-04T02:29:37.1560000+00:00</time>
      </trkpt>
      <trkpt lat="46.68335" lon="7.53725">
        <ele>1624.07</ele>
        <time>2026-05-04T02:29:44.1950000+00:00</time>
      </trkpt>
      <trkpt lat="46.68335" lon="7.5373">
        <ele>1624.09</ele>
        <time>2026-05-04T02:29:49.4710000+00:00</time>
      </trkpt>
      <trkpt lat="46.68337" lon="7.53736">
        <ele>1622.41</ele>
        <time>2026-05-04T02:29:56.5090000+00:00</time>
      </trkpt>
      <trkpt lat="46.68341" lon="7.53743">
        <ele>1618.94</ele>
        <time>2026-05-04T02:30:06.1210000+00:00</time>
      </trkpt>
      <trkpt lat="46.68346" lon="7.53753">
        <ele>1614.36</ele>
        <time>2026-05-04T02:30:19.1740000+00:00</time>
      </trkpt>
      <trkpt lat="46.6835" lon="7.53764">
        <ele>1610.41</ele>
        <time>2026-05-04T02:30:32.3080000+00:00</time>
      </trkpt>
      <trkpt lat="46.6835" lon="7.53772">
        <ele>1610.13</ele>
        <time>2026-05-04T02:30:40.7460000+00:00</time>
      </trkpt>
      <trkpt lat="46.68351" lon="7.53785">
        <ele>1608.7</ele>
        <time>2026-05-04T02:30:54.5450000+00:00</time>
      </trkpt>
      <trkpt lat="46.6835" lon="7.53793">
        <ele>1609.31</ele>
        <time>2026-05-04T02:31:03.1230000+00:00</time>
      </trkpt>
      <trkpt lat="46.68352" lon="7.53801">
        <ele>1606.89</ele>
        <time>2026-05-04T02:31:12.1070000+00:00</time>
      </trkpt>
      <trkpt lat="46.68355" lon="7.53811">
        <ele>1603.34</ele>
        <time>2026-05-04T02:31:23.6210000+00:00</time>
      </trkpt>
      <trkpt lat="46.6836" lon="7.53826">
        <ele>1597.73</ele>
        <time>2026-05-04T02:31:41.2130000+00:00</time>
      </trkpt>
      <trkpt lat="46.68362" lon="7.53843">
        <ele>1596.63</ele>
        <time>2026-05-04T02:31:59.4090000+00:00</time>
      </trkpt>
      <trkpt lat="46.68363" lon="7.53849">
        <ele>1596.23</ele>
        <time>2026-05-04T02:32:05.9230000+00:00</time>
      </trkpt>
      <trkpt lat="46.68365" lon="7.53858">
        <ele>1595.62</ele>
        <time>2026-05-04T02:32:15.9030000+00:00</time>
      </trkpt>
      <trkpt lat="46.68366" lon="7.53864">
        <ele>1595.23</ele>
        <time>2026-05-04T02:32:22.4150000+00:00</time>
      </trkpt>
      <trkpt lat="46.68367" lon="7.5387">
        <ele>1594.84</ele>
        <time>2026-05-04T02:32:28.9280000+00:00</time>
      </trkpt>
      <trkpt lat="46.68368" lon="7.53876">
        <ele>1594.75</ele>
        <time>2026-05-04T02:32:35.4430000+00:00</time>
      </trkpt>
      <trkpt lat="46.68369" lon="7.53882">
        <ele>1594.77</ele>
        <time>2026-05-04T02:32:41.9570000+00:00</time>
      </trkpt>
      <trkpt lat="46.68369" lon="7.53888">
        <ele>1594.84</ele>
        <time>2026-05-04T02:32:48.2890000+00:00</time>
      </trkpt>
      <trkpt lat="46.6837" lon="7.53894">
        <ele>1594.86</ele>
        <time>2026-05-04T02:32:54.8030000+00:00</time>
      </trkpt>
      <trkpt lat="46.6837" lon="7.53901">
        <ele>1594.94</ele>
        <time>2026-05-04T02:33:02.1880000+00:00</time>
      </trkpt>
      <trkpt lat="46.68371" lon="7.5391">
        <ele>1594.99</ele>
        <time>2026-05-04T02:33:11.8050000+00:00</time>
      </trkpt>
      <trkpt lat="46.68371" lon="7.53918">
        <ele>1595.07</ele>
        <time>2026-05-04T02:33:20.2450000+00:00</time>
      </trkpt>
      <trkpt lat="46.6837" lon="7.53924">
        <ele>1595.18</ele>
        <time>2026-05-04T02:33:26.7590000+00:00</time>
      </trkpt>
      <trkpt lat="46.6837" lon="7.53927">
        <ele>1595.21</ele>
        <time>2026-05-04T02:33:29.9240000+00:00</time>
      </trkpt>
      <trkpt lat="46.68371" lon="7.5393">
        <ele>1595.2</ele>
        <time>2026-05-04T02:33:33.4420000+00:00</time>
      </trkpt>
      <trkpt lat="46.68371" lon="7.53932">
        <ele>1595.22</ele>
        <time>2026-05-04T02:33:35.5590000+00:00</time>
      </trkpt>
      <trkpt lat="46.68372" lon="7.53937">
        <ele>1595.22</ele>
        <time>2026-05-04T02:33:41.0540000+00:00</time>
      </trkpt>
      <trkpt lat="46.68374" lon="7.53944">
        <ele>1595.2</ele>
        <time>2026-05-04T02:33:49.0550000+00:00</time>
      </trkpt>
      <trkpt lat="46.68375" lon="7.53951">
        <ele>1595.23</ele>
        <time>2026-05-04T02:33:56.5990000+00:00</time>
      </trkpt>
      <trkpt lat="46.68377" lon="7.53956">
        <ele>1595.23</ele>
        <time>2026-05-04T02:34:02.7060000+00:00</time>
      </trkpt>
      <trkpt lat="46.6838" lon="7.53972">
        <ele>1596.1</ele>
        <time>2026-05-04T02:34:20.2040000+00:00</time>
      </trkpt>
      <trkpt lat="46.68385" lon="7.53987">
        <ele>1596.66</ele>
        <time>2026-05-04T02:34:37.7960000+00:00</time>
      </trkpt>
      <trkpt lat="46.68386" lon="7.53994">
        <ele>1596.98</ele>
        <time>2026-05-04T02:34:45.3390000+00:00</time>
      </trkpt>
      <trkpt lat="46.68386" lon="7.54002">
        <ele>1597.44</ele>
        <time>2026-05-04T02:34:53.7780000+00:00</time>
      </trkpt>
      <trkpt lat="46.68383" lon="7.54015">
        <ele>1598.51</ele>
        <time>2026-05-04T02:35:08.2470000+00:00</time>
      </trkpt>
      <trkpt lat="46.68382" lon="7.54024">
        <ele>1599.17</ele>
        <time>2026-05-04T02:35:17.8640000+00:00</time>
      </trkpt>
      <trkpt lat="46.6838" lon="7.54032">
        <ele>1599.92</ele>
        <time>2026-05-04T02:35:26.8460000+00:00</time>
      </trkpt>
      <trkpt lat="46.68378" lon="7.54039">
        <ele>1600.62</ele>
        <time>2026-05-04T02:35:34.8450000+00:00</time>
      </trkpt>
      <trkpt lat="46.68377" lon="7.54055">
        <ele>1601.67</ele>
        <time>2026-05-04T02:35:51.7930000+00:00</time>
      </trkpt>
      <trkpt lat="46.68375" lon="7.54069">
        <ele>1602.78</ele>
        <time>2026-05-04T02:36:06.8790000+00:00</time>
      </trkpt>
      <trkpt lat="46.68369" lon="7.54075">
        <ele>1604.12</ele>
        <time>2026-05-04T02:36:18.0690000+00:00</time>
      </trkpt>
      <trkpt lat="46.68361" lon="7.54084">
        <ele>1606.07</ele>
        <time>2026-05-04T02:36:33.6090000+00:00</time>
      </trkpt>
      <trkpt lat="46.68359" lon="7.54094">
        <ele>1607.15</ele>
        <time>2026-05-04T02:36:44.5970000+00:00</time>
      </trkpt>
      <trkpt lat="46.68364" lon="7.54119">
        <ele>1607.95</ele>
        <time>2026-05-04T02:37:12.0680000+00:00</time>
      </trkpt>
      <trkpt lat="46.68362" lon="7.5413">
        <ele>1609.34</ele>
        <time>2026-05-04T02:37:24.0740000+00:00</time>
      </trkpt>
      <trkpt lat="46.68364" lon="7.5414">
        <ele>1609.88</ele>
        <time>2026-05-04T02:37:35.0630000+00:00</time>
      </trkpt>
      <trkpt lat="46.68366" lon="7.54153">
        <ele>1610.71</ele>
        <time>2026-05-04T02:37:49.1170000+00:00</time>
      </trkpt>
      <trkpt lat="46.6837" lon="7.54162">
        <ele>1610.72</ele>
        <time>2026-05-04T02:38:00.4290000+00:00</time>
      </trkpt>
      <trkpt lat="46.68378" lon="7.54174">
        <ele>1610.16</ele>
        <time>2026-05-04T02:38:18.0810000+00:00</time>
      </trkpt>
      <trkpt lat="46.68379" lon="7.54181">
        <ele>1610.6</ele>
        <time>2026-05-04T02:38:25.6230000+00:00</time>
      </trkpt>
      <trkpt lat="46.68378" lon="7.54184">
        <ele>1611.1</ele>
        <time>2026-05-04T02:38:29.1410000+00:00</time>
      </trkpt>
      <trkpt lat="46.68379" lon="7.54191">
        <ele>1611.54</ele>
        <time>2026-05-04T02:38:36.6830000+00:00</time>
      </trkpt>
      <trkpt lat="46.68385" lon="7.54191">
        <ele>1610.25</ele>
        <time>2026-05-04T02:38:45.9090000+00:00</time>
      </trkpt>
      <trkpt lat="46.68387" lon="7.54193">
        <ele>1610.01</ele>
        <time>2026-05-04T02:38:49.6400000+00:00</time>
      </trkpt>
      <trkpt lat="46.68386" lon="7.54197">
        <ele>1610.59</ele>
        <time>2026-05-04T02:38:54.1330000+00:00</time>
      </trkpt>
      <trkpt lat="46.68384" lon="7.54202">
        <ele>1611.48</ele>
        <time>2026-05-04T02:39:00.2390000+00:00</time>
      </trkpt>
      <trkpt lat="46.68384" lon="7.54207">
        <ele>1612.51</ele>
        <time>2026-05-04T02:39:05.5130000+00:00</time>
      </trkpt>
      <trkpt lat="46.68388" lon="7.54202">
        <ele>1610.62</ele>
        <time>2026-05-04T02:39:13.6160000+00:00</time>
      </trkpt>
      <trkpt lat="46.68391" lon="7.54202">
        <ele>1609.97</ele>
        <time>2026-05-04T02:39:18.2280000+00:00</time>
      </trkpt>
      <trkpt lat="46.68393" lon="7.54206">
        <ele>1610.19</ele>
        <time>2026-05-04T02:39:23.4500000+00:00</time>
      </trkpt>
      <trkpt lat="46.68394" lon="7.54214">
        <ele>1612.6</ele>
        <time>2026-05-04T02:39:32.0280000+00:00</time>
      </trkpt>
      <trkpt lat="46.68394" lon="7.54232">
        <ele>1618.53</ele>
        <time>2026-05-04T02:39:51.0170000+00:00</time>
      </trkpt>
      <trkpt lat="46.68392" lon="7.5424">
        <ele>1621.76</ele>
        <time>2026-05-04T02:40:00.0000000+00:00</time>
      </trkpt>
    </trkseg>
  </trk>
</gpx>