<?xml version="1.0" encoding="utf-8"?>
<gpx xmlns:xsd="http://www.w3.org/2001/XMLSchema" xmlns:xsi="http://www.w3.org/2001/XMLSchema-instance" creator="eT4 META" version="1.1" xsi:schemaLocation="http://www.topografix.com/GPX/1/1 http://www.topografix.com/GPX/1/1/gpx.xsd" xmlns="http://www.topografix.com/GPX/1/1">
  <trk>
    <name>De Aeschiried au Morgenberghorn</name>
    <trkseg>
      <trkpt lat="46.64499" lon="7.72489">
        <ele>1023.37</ele>
        <time>2026-05-04T00:00:00.0000000+00:00</time>
      </trkpt>
      <trkpt lat="46.64501" lon="7.72494">
        <ele>1023.79</ele>
        <time>2026-05-04T00:00:06.3180000+00:00</time>
      </trkpt>
      <trkpt lat="46.64504" lon="7.72509">
        <ele>1025.09</ele>
        <time>2026-05-04T00:00:23.3740000+00:00</time>
      </trkpt>
      <trkpt lat="46.64507" lon="7.72527">
        <ele>1026.63</ele>
        <time>2026-05-04T00:00:43.5940000+00:00</time>
      </trkpt>
      <trkpt lat="46.64509" lon="7.72537">
        <ele>1027.47</ele>
        <time>2026-05-04T00:00:54.9640000+00:00</time>
      </trkpt>
      <trkpt lat="46.64509" lon="7.72543">
        <ele>1027.99</ele>
        <time>2026-05-04T00:01:01.5160000+00:00</time>
      </trkpt>
      <trkpt lat="46.64508" lon="7.72559">
        <ele>1029.42</ele>
        <time>2026-05-04T00:01:19.0550000+00:00</time>
      </trkpt>
      <trkpt lat="46.64507" lon="7.72579">
        <ele>1031.23</ele>
        <time>2026-05-04T00:01:40.9450000+00:00</time>
      </trkpt>
      <trkpt lat="46.64504" lon="7.726">
        <ele>1033.28</ele>
        <time>2026-05-04T00:02:04.3610000+00:00</time>
      </trkpt>
      <trkpt lat="46.64501" lon="7.72615">
        <ele>1034.8</ele>
        <time>2026-05-04T00:02:21.4160000+00:00</time>
      </trkpt>
      <trkpt lat="46.64497" lon="7.72628">
        <ele>1036.18</ele>
        <time>2026-05-04T00:02:36.9680000+00:00</time>
      </trkpt>
      <trkpt lat="46.64494" lon="7.72645">
        <ele>1037.83</ele>
        <time>2026-05-04T00:02:56.1290000+00:00</time>
      </trkpt>
      <trkpt lat="46.64492" lon="7.72658">
        <ele>1039.06</ele>
        <time>2026-05-04T00:03:10.6710000+00:00</time>
      </trkpt>
      <trkpt lat="46.6449" lon="7.72678">
        <ele>1040.89</ele>
        <time>2026-05-04T00:03:32.7340000+00:00</time>
      </trkpt>
      <trkpt lat="46.64489" lon="7.72689">
        <ele>1041.89</ele>
        <time>2026-05-04T00:03:44.8470000+00:00</time>
      </trkpt>
      <trkpt lat="46.64487" lon="7.72699">
        <ele>1043.56</ele>
        <time>2026-05-04T00:03:56.2160000+00:00</time>
      </trkpt>
      <trkpt lat="46.64486" lon="7.72706">
        <ele>1044.72</ele>
        <time>2026-05-04T00:04:04.0200000+00:00</time>
      </trkpt>
      <trkpt lat="46.64481" lon="7.72723">
        <ele>1047.67</ele>
        <time>2026-05-04T00:04:24.2080000+00:00</time>
      </trkpt>
      <trkpt lat="46.64475" lon="7.72744">
        <ele>1051.25</ele>
        <time>2026-05-04T00:04:49.0390000+00:00</time>
      </trkpt>
      <trkpt lat="46.64469" lon="7.72764">
        <ele>1054.6</ele>
        <time>2026-05-04T00:05:12.8650000+00:00</time>
      </trkpt>
      <trkpt lat="46.64466" lon="7.72776">
        <ele>1056.77</ele>
        <time>2026-05-04T00:05:26.8060000+00:00</time>
      </trkpt>
      <trkpt lat="46.64462" lon="7.72796">
        <ele>1061.28</ele>
        <time>2026-05-04T00:05:49.5460000+00:00</time>
      </trkpt>
      <trkpt lat="46.6446" lon="7.72803">
        <ele>1062.89</ele>
        <time>2026-05-04T00:05:57.8220000+00:00</time>
      </trkpt>
      <trkpt lat="46.64457" lon="7.7281">
        <ele>1064.55</ele>
        <time>2026-05-04T00:06:06.8300000+00:00</time>
      </trkpt>
      <trkpt lat="46.64453" lon="7.7282">
        <ele>1066.91</ele>
        <time>2026-05-04T00:06:19.4630000+00:00</time>
      </trkpt>
      <trkpt lat="46.64449" lon="7.72826">
        <ele>1068.39</ele>
        <time>2026-05-04T00:06:28.5930000+00:00</time>
      </trkpt>
      <trkpt lat="46.64443" lon="7.72835">
        <ele>1070.12</ele>
        <time>2026-05-04T00:06:42.2870000+00:00</time>
      </trkpt>
      <trkpt lat="46.64442" lon="7.72838">
        <ele>1070.66</ele>
        <time>2026-05-04T00:06:45.9300000+00:00</time>
      </trkpt>
      <trkpt lat="46.64441" lon="7.72842">
        <ele>1071.4</ele>
        <time>2026-05-04T00:06:50.5780000+00:00</time>
      </trkpt>
      <trkpt lat="46.6444" lon="7.72849">
        <ele>1072.77</ele>
        <time>2026-05-04T00:06:58.3840000+00:00</time>
      </trkpt>
      <trkpt lat="46.64438" lon="7.72866">
        <ele>1076.04</ele>
        <time>2026-05-04T00:07:17.2130000+00:00</time>
      </trkpt>
      <trkpt lat="46.64436" lon="7.72884">
        <ele>1079.45</ele>
        <time>2026-05-04T00:07:37.1180000+00:00</time>
      </trkpt>
      <trkpt lat="46.64435" lon="7.72895">
        <ele>1081.55</ele>
        <time>2026-05-04T00:07:49.2320000+00:00</time>
      </trkpt>
      <trkpt lat="46.64437" lon="7.72895">
        <ele>1081.8</ele>
        <time>2026-05-04T00:07:52.4100000+00:00</time>
      </trkpt>
      <trkpt lat="46.6444" lon="7.72894">
        <ele>1081.98</ele>
        <time>2026-05-04T00:07:57.3050000+00:00</time>
      </trkpt>
      <trkpt lat="46.64442" lon="7.72894">
        <ele>1082.23</ele>
        <time>2026-05-04T00:08:00.4830000+00:00</time>
      </trkpt>
      <trkpt lat="46.64444" lon="7.72894">
        <ele>1082.48</ele>
        <time>2026-05-04T00:08:03.6640000+00:00</time>
      </trkpt>
      <trkpt lat="46.64448" lon="7.72895">
        <ele>1082.93</ele>
        <time>2026-05-04T00:08:10.1180000+00:00</time>
      </trkpt>
      <trkpt lat="46.64453" lon="7.72896">
        <ele>1083.01</ele>
        <time>2026-05-04T00:08:18.1420000+00:00</time>
      </trkpt>
      <trkpt lat="46.64456" lon="7.72899">
        <ele>1083.56</ele>
        <time>2026-05-04T00:08:23.9250000+00:00</time>
      </trkpt>
      <trkpt lat="46.64457" lon="7.72904">
        <ele>1084.59</ele>
        <time>2026-05-04T00:08:29.6080000+00:00</time>
      </trkpt>
      <trkpt lat="46.64456" lon="7.7291">
        <ele>1085.87</ele>
        <time>2026-05-04T00:08:36.3470000+00:00</time>
      </trkpt>
      <trkpt lat="46.64456" lon="7.72914">
        <ele>1086.71</ele>
        <time>2026-05-04T00:08:40.7100000+00:00</time>
      </trkpt>
      <trkpt lat="46.64456" lon="7.72921">
        <ele>1088.18</ele>
        <time>2026-05-04T00:08:48.3490000+00:00</time>
      </trkpt>
      <trkpt lat="46.64458" lon="7.72927">
        <ele>1089.42</ele>
        <time>2026-05-04T00:08:55.6300000+00:00</time>
      </trkpt>
      <trkpt lat="46.64459" lon="7.72931">
        <ele>1090.26</ele>
        <time>2026-05-04T00:09:00.2750000+00:00</time>
      </trkpt>
      <trkpt lat="46.6446" lon="7.72941">
        <ele>1092.26</ele>
        <time>2026-05-04T00:09:11.3080000+00:00</time>
      </trkpt>
      <trkpt lat="46.64466" lon="7.72952">
        <ele>1093.91</ele>
        <time>2026-05-04T00:09:26.6450000+00:00</time>
      </trkpt>
      <trkpt lat="46.64474" lon="7.72963">
        <ele>1095.62</ele>
        <time>2026-05-04T00:09:44.1390000+00:00</time>
      </trkpt>
      <trkpt lat="46.64481" lon="7.72969">
        <ele>1096.59</ele>
        <time>2026-05-04T00:09:57.0540000+00:00</time>
      </trkpt>
      <trkpt lat="46.64486" lon="7.72976">
        <ele>1097.72</ele>
        <time>2026-05-04T00:10:08.0790000+00:00</time>
      </trkpt>
      <trkpt lat="46.64494" lon="7.72985">
        <ele>1099.23</ele>
        <time>2026-05-04T00:10:24.1530000+00:00</time>
      </trkpt>
      <trkpt lat="46.64499" lon="7.7299">
        <ele>1100.09</ele>
        <time>2026-05-04T00:10:33.7960000+00:00</time>
      </trkpt>
      <trkpt lat="46.64502" lon="7.7299">
        <ele>1100.13</ele>
        <time>2026-05-04T00:10:38.5670000+00:00</time>
      </trkpt>
      <trkpt lat="46.6451" lon="7.72988">
        <ele>1099.93</ele>
        <time>2026-05-04T00:10:51.4750000+00:00</time>
      </trkpt>
      <trkpt lat="46.64515" lon="7.72985">
        <ele>1099.51</ele>
        <time>2026-05-04T00:11:00.0740000+00:00</time>
      </trkpt>
      <trkpt lat="46.64519" lon="7.72982">
        <ele>1099.06</ele>
        <time>2026-05-04T00:11:07.2300000+00:00</time>
      </trkpt>
      <trkpt lat="46.64523" lon="7.72981">
        <ele>1098.95</ele>
        <time>2026-05-04T00:11:13.6840000+00:00</time>
      </trkpt>
      <trkpt lat="46.64526" lon="7.72984">
        <ele>1099.48</ele>
        <time>2026-05-04T00:11:19.4720000+00:00</time>
      </trkpt>
      <trkpt lat="46.6453" lon="7.72989">
        <ele>1100.25</ele>
        <time>2026-05-04T00:11:27.8540000+00:00</time>
      </trkpt>
      <trkpt lat="46.64534" lon="7.72991">
        <ele>1099.5</ele>
        <time>2026-05-04T00:11:34.5790000+00:00</time>
      </trkpt>
      <trkpt lat="46.64534" lon="7.72994">
        <ele>1099.99</ele>
        <time>2026-05-04T00:11:37.8540000+00:00</time>
      </trkpt>
      <trkpt lat="46.64536" lon="7.73001">
        <ele>1100.56</ele>
        <time>2026-05-04T00:11:46.1300000+00:00</time>
      </trkpt>
      <trkpt lat="46.6454" lon="7.73006">
        <ele>1100.19</ele>
        <time>2026-05-04T00:11:54.5110000+00:00</time>
      </trkpt>
      <trkpt lat="46.64544" lon="7.73016">
        <ele>1100.52</ele>
        <time>2026-05-04T00:12:07.1460000+00:00</time>
      </trkpt>
      <trkpt lat="46.64547" lon="7.73024">
        <ele>1100.66</ele>
        <time>2026-05-04T00:12:17.0980000+00:00</time>
      </trkpt>
      <trkpt lat="46.6455" lon="7.73036">
        <ele>1100.55</ele>
        <time>2026-05-04T00:12:31.0390000+00:00</time>
      </trkpt>
      <trkpt lat="46.64556" lon="7.73048">
        <ele>1099.48</ele>
        <time>2026-05-04T00:12:47.2450000+00:00</time>
      </trkpt>
      <trkpt lat="46.64563" lon="7.73064">
        <ele>1098.35</ele>
        <time>2026-05-04T00:13:07.9560000+00:00</time>
      </trkpt>
      <trkpt lat="46.64566" lon="7.73075">
        <ele>1098.13</ele>
        <time>2026-05-04T00:13:20.8770000+00:00</time>
      </trkpt>
      <trkpt lat="46.64569" lon="7.73088">
        <ele>1098.03</ele>
        <time>2026-05-04T00:13:35.8490000+00:00</time>
      </trkpt>
      <trkpt lat="46.64572" lon="7.73094">
        <ele>1097.46</ele>
        <time>2026-05-04T00:13:43.9510000+00:00</time>
      </trkpt>
      <trkpt lat="46.64574" lon="7.7311">
        <ele>1097.38</ele>
        <time>2026-05-04T00:14:01.7040000+00:00</time>
      </trkpt>
      <trkpt lat="46.64574" lon="7.73123">
        <ele>1096.75</ele>
        <time>2026-05-04T00:14:15.8950000+00:00</time>
      </trkpt>
      <trkpt lat="46.64573" lon="7.73134">
        <ele>1096.54</ele>
        <time>2026-05-04T00:14:28.0080000+00:00</time>
      </trkpt>
      <trkpt lat="46.64573" lon="7.73139">
        <ele>1096.3</ele>
        <time>2026-05-04T00:14:33.4670000+00:00</time>
      </trkpt>
      <trkpt lat="46.64572" lon="7.73152">
        <ele>1096</ele>
        <time>2026-05-04T00:14:47.7470000+00:00</time>
      </trkpt>
      <trkpt lat="46.64569" lon="7.73169">
        <ele>1096.21</ele>
        <time>2026-05-04T00:15:06.9080000+00:00</time>
      </trkpt>
      <trkpt lat="46.64567" lon="7.73183">
        <ele>1096.24</ele>
        <time>2026-05-04T00:15:22.5180000+00:00</time>
      </trkpt>
      <trkpt lat="46.64565" lon="7.73201">
        <ele>1095.83</ele>
        <time>2026-05-04T00:15:42.4240000+00:00</time>
      </trkpt>
      <trkpt lat="46.64563" lon="7.73224">
        <ele>1095</ele>
        <time>2026-05-04T00:16:07.7320000+00:00</time>
      </trkpt>
      <trkpt lat="46.64559" lon="7.73246">
        <ele>1095.04</ele>
        <time>2026-05-04T00:16:32.5760000+00:00</time>
      </trkpt>
      <trkpt lat="46.64557" lon="7.73264">
        <ele>1094.65</ele>
        <time>2026-05-04T00:16:52.4800000+00:00</time>
      </trkpt>
      <trkpt lat="46.64554" lon="7.73276">
        <ele>1094.96</ele>
        <time>2026-05-04T00:17:06.4210000+00:00</time>
      </trkpt>
      <trkpt lat="46.64554" lon="7.73286">
        <ele>1094.01</ele>
        <time>2026-05-04T00:17:17.3370000+00:00</time>
      </trkpt>
      <trkpt lat="46.6455" lon="7.73301">
        <ele>1094.23</ele>
        <time>2026-05-04T00:17:34.9030000+00:00</time>
      </trkpt>
      <trkpt lat="46.64547" lon="7.73319">
        <ele>1093.81</ele>
        <time>2026-05-04T00:17:55.1230000+00:00</time>
      </trkpt>
      <trkpt lat="46.64544" lon="7.73324">
        <ele>1094.6</ele>
        <time>2026-05-04T00:18:02.3730000+00:00</time>
      </trkpt>
      <trkpt lat="46.64537" lon="7.7333">
        <ele>1097.01</ele>
        <time>2026-05-04T00:18:15.2880000+00:00</time>
      </trkpt>
      <trkpt lat="46.64531" lon="7.73335">
        <ele>1099.12</ele>
        <time>2026-05-04T00:18:26.2790000+00:00</time>
      </trkpt>
      <trkpt lat="46.64527" lon="7.73336">
        <ele>1100.69</ele>
        <time>2026-05-04T00:18:32.7300000+00:00</time>
      </trkpt>
      <trkpt lat="46.64524" lon="7.73334">
        <ele>1102.06</ele>
        <time>2026-05-04T00:18:37.9760000+00:00</time>
      </trkpt>
      <trkpt lat="46.64521" lon="7.73332">
        <ele>1103.4</ele>
        <time>2026-05-04T00:18:43.2220000+00:00</time>
      </trkpt>
      <trkpt lat="46.64518" lon="7.73333">
        <ele>1104.54</ele>
        <time>2026-05-04T00:18:48.1130000+00:00</time>
      </trkpt>
      <trkpt lat="46.64512" lon="7.73336">
        <ele>1106.8</ele>
        <time>2026-05-04T00:18:58.2000000+00:00</time>
      </trkpt>
      <trkpt lat="46.64509" lon="7.73341">
        <ele>1107.8</ele>
        <time>2026-05-04T00:19:05.4500000+00:00</time>
      </trkpt>
      <trkpt lat="46.645" lon="7.7335">
        <ele>1111.29</ele>
        <time>2026-05-04T00:19:22.8090000+00:00</time>
      </trkpt>
      <trkpt lat="46.64494" lon="7.73356">
        <ele>1113.74</ele>
        <time>2026-05-04T00:19:34.3830000+00:00</time>
      </trkpt>
      <trkpt lat="46.64488" lon="7.73362">
        <ele>1115.61</ele>
        <time>2026-05-04T00:19:45.9560000+00:00</time>
      </trkpt>
      <trkpt lat="46.64483" lon="7.73369">
        <ele>1116.99</ele>
        <time>2026-05-04T00:19:56.9830000+00:00</time>
      </trkpt>
      <trkpt lat="46.64484" lon="7.73364">
        <ele>1117.17</ele>
        <time>2026-05-04T00:20:02.6690000+00:00</time>
      </trkpt>
      <trkpt lat="46.64484" lon="7.73357">
        <ele>1118.06</ele>
        <time>2026-05-04T00:20:10.3110000+00:00</time>
      </trkpt>
      <trkpt lat="46.6448" lon="7.73364">
        <ele>1118.98</ele>
        <time>2026-05-04T00:20:20.2530000+00:00</time>
      </trkpt>
      <trkpt lat="46.64477" lon="7.73369">
        <ele>1119.75</ele>
        <time>2026-05-04T00:20:27.5010000+00:00</time>
      </trkpt>
      <trkpt lat="46.64472" lon="7.73378">
        <ele>1121.02</ele>
        <time>2026-05-04T00:20:40.1400000+00:00</time>
      </trkpt>
      <trkpt lat="46.64468" lon="7.73388">
        <ele>1121.81</ele>
        <time>2026-05-04T00:20:52.7750000+00:00</time>
      </trkpt>
      <trkpt lat="46.64463" lon="7.73396">
        <ele>1123.39</ele>
        <time>2026-05-04T00:21:04.5850000+00:00</time>
      </trkpt>
      <trkpt lat="46.64459" lon="7.73402">
        <ele>1124.77</ele>
        <time>2026-05-04T00:21:13.7160000+00:00</time>
      </trkpt>
      <trkpt lat="46.64457" lon="7.73404">
        <ele>1125.57</ele>
        <time>2026-05-04T00:21:17.5750000+00:00</time>
      </trkpt>
      <trkpt lat="46.64454" lon="7.73407">
        <ele>1126.79</ele>
        <time>2026-05-04T00:21:23.3610000+00:00</time>
      </trkpt>
      <trkpt lat="46.64445" lon="7.7341">
        <ele>1130.75</ele>
        <time>2026-05-04T00:21:38.0410000+00:00</time>
      </trkpt>
      <trkpt lat="46.64437" lon="7.73414">
        <ele>1132.53</ele>
        <time>2026-05-04T00:21:51.4900000+00:00</time>
      </trkpt>
      <trkpt lat="46.6443" lon="7.73416">
        <ele>1134.29</ele>
        <time>2026-05-04T00:22:02.8340000+00:00</time>
      </trkpt>
      <trkpt lat="46.64427" lon="7.73418">
        <ele>1135.02</ele>
        <time>2026-05-04T00:22:08.0820000+00:00</time>
      </trkpt>
      <trkpt lat="46.64424" lon="7.73422">
        <ele>1135.72</ele>
        <time>2026-05-04T00:22:14.5500000+00:00</time>
      </trkpt>
      <trkpt lat="46.6442" lon="7.73428">
        <ele>1136.74</ele>
        <time>2026-05-04T00:22:23.6810000+00:00</time>
      </trkpt>
      <trkpt lat="46.64417" lon="7.73432">
        <ele>1137.58</ele>
        <time>2026-05-04T00:22:30.1490000+00:00</time>
      </trkpt>
      <trkpt lat="46.64419" lon="7.73435">
        <ele>1136.92</ele>
        <time>2026-05-04T00:22:34.7130000+00:00</time>
      </trkpt>
      <trkpt lat="46.64419" lon="7.73439">
        <ele>1136.84</ele>
        <time>2026-05-04T00:22:39.0780000+00:00</time>
      </trkpt>
      <trkpt lat="46.64419" lon="7.73443">
        <ele>1136.58</ele>
        <time>2026-05-04T00:22:43.4440000+00:00</time>
      </trkpt>
      <trkpt lat="46.64417" lon="7.73447">
        <ele>1136.98</ele>
        <time>2026-05-04T00:22:48.8450000+00:00</time>
      </trkpt>
      <trkpt lat="46.64415" lon="7.7345">
        <ele>1137.44</ele>
        <time>2026-05-04T00:22:53.4110000+00:00</time>
      </trkpt>
      <trkpt lat="46.64412" lon="7.73451">
        <ele>1138.36</ele>
        <time>2026-05-04T00:22:58.3060000+00:00</time>
      </trkpt>
      <trkpt lat="46.64408" lon="7.73452">
        <ele>1139.61</ele>
        <time>2026-05-04T00:23:04.7600000+00:00</time>
      </trkpt>
      <trkpt lat="46.64404" lon="7.73452">
        <ele>1140.92</ele>
        <time>2026-05-04T00:23:11.1200000+00:00</time>
      </trkpt>
      <trkpt lat="46.64402" lon="7.73455">
        <ele>1141.4</ele>
        <time>2026-05-04T00:23:15.6840000+00:00</time>
      </trkpt>
      <trkpt lat="46.644" lon="7.73457">
        <ele>1141.94</ele>
        <time>2026-05-04T00:23:19.5430000+00:00</time>
      </trkpt>
      <trkpt lat="46.64394" lon="7.73461">
        <ele>1143.69</ele>
        <time>2026-05-04T00:23:30.0350000+00:00</time>
      </trkpt>
      <trkpt lat="46.64386" lon="7.73467">
        <ele>1146.01</ele>
        <time>2026-05-04T00:23:44.3430000+00:00</time>
      </trkpt>
      <trkpt lat="46.64379" lon="7.73472">
        <ele>1148.07</ele>
        <time>2026-05-04T00:23:56.7410000+00:00</time>
      </trkpt>
      <trkpt lat="46.64374" lon="7.73478">
        <ele>1149.44</ele>
        <time>2026-05-04T00:24:07.0420000+00:00</time>
      </trkpt>
      <trkpt lat="46.64369" lon="7.73487">
        <ele>1150.67</ele>
        <time>2026-05-04T00:24:19.6800000+00:00</time>
      </trkpt>
      <trkpt lat="46.64366" lon="7.73496">
        <ele>1151.24</ele>
        <time>2026-05-04T00:24:30.6020000+00:00</time>
      </trkpt>
      <trkpt lat="46.64364" lon="7.73507">
        <ele>1151.39</ele>
        <time>2026-05-04T00:24:43.0250000+00:00</time>
      </trkpt>
      <trkpt lat="46.64362" lon="7.73519">
        <ele>1151.45</ele>
        <time>2026-05-04T00:24:56.5050000+00:00</time>
      </trkpt>
      <trkpt lat="46.6436" lon="7.73528">
        <ele>1151.43</ele>
        <time>2026-05-04T00:25:06.8310000+00:00</time>
      </trkpt>
      <trkpt lat="46.64357" lon="7.73533">
        <ele>1151.98</ele>
        <time>2026-05-04T00:25:14.0810000+00:00</time>
      </trkpt>
      <trkpt lat="46.64353" lon="7.7354">
        <ele>1152.74</ele>
        <time>2026-05-04T00:25:24.0240000+00:00</time>
      </trkpt>
      <trkpt lat="46.64344" lon="7.7355">
        <ele>1155.06</ele>
        <time>2026-05-04T00:25:42.0240000+00:00</time>
      </trkpt>
      <trkpt lat="46.64332" lon="7.73563">
        <ele>1158.52</ele>
        <time>2026-05-04T00:26:05.8050000+00:00</time>
      </trkpt>
      <trkpt lat="46.64328" lon="7.73569">
        <ele>1159.71</ele>
        <time>2026-05-04T00:26:14.9360000+00:00</time>
      </trkpt>
      <trkpt lat="46.64323" lon="7.73578">
        <ele>1161.22</ele>
        <time>2026-05-04T00:26:27.5750000+00:00</time>
      </trkpt>
      <trkpt lat="46.64317" lon="7.73587">
        <ele>1163.24</ele>
        <time>2026-05-04T00:26:41.2710000+00:00</time>
      </trkpt>
      <trkpt lat="46.64309" lon="7.73599">
        <ele>1166.15</ele>
        <time>2026-05-04T00:26:59.5320000+00:00</time>
      </trkpt>
      <trkpt lat="46.643" lon="7.73613">
        <ele>1169.05</ele>
        <time>2026-05-04T00:27:20.4700000+00:00</time>
      </trkpt>
      <trkpt lat="46.64293" lon="7.73626">
        <ele>1170.78</ele>
        <time>2026-05-04T00:27:38.5060000+00:00</time>
      </trkpt>
      <trkpt lat="46.64286" lon="7.7364">
        <ele>1172.48</ele>
        <time>2026-05-04T00:27:57.4130000+00:00</time>
      </trkpt>
      <trkpt lat="46.64279" lon="7.73656">
        <ele>1174.04</ele>
        <time>2026-05-04T00:28:18.1250000+00:00</time>
      </trkpt>
      <trkpt lat="46.64272" lon="7.7367">
        <ele>1175.95</ele>
        <time>2026-05-04T00:28:37.0330000+00:00</time>
      </trkpt>
      <trkpt lat="46.64265" lon="7.73686">
        <ele>1178.37</ele>
        <time>2026-05-04T00:28:57.7450000+00:00</time>
      </trkpt>
      <trkpt lat="46.6426" lon="7.73696">
        <ele>1180.12</ele>
        <time>2026-05-04T00:29:11.2500000+00:00</time>
      </trkpt>
      <trkpt lat="46.64257" lon="7.737">
        <ele>1181.24</ele>
        <time>2026-05-04T00:29:17.7180000+00:00</time>
      </trkpt>
      <trkpt lat="46.64253" lon="7.73704">
        <ele>1182.83</ele>
        <time>2026-05-04T00:29:25.4340000+00:00</time>
      </trkpt>
      <trkpt lat="46.64246" lon="7.73711">
        <ele>1185.58</ele>
        <time>2026-05-04T00:29:38.9350000+00:00</time>
      </trkpt>
      <trkpt lat="46.64242" lon="7.73717">
        <ele>1186.93</ele>
        <time>2026-05-04T00:29:48.0650000+00:00</time>
      </trkpt>
      <trkpt lat="46.64237" lon="7.73724">
        <ele>1188.63</ele>
        <time>2026-05-04T00:29:59.0930000+00:00</time>
      </trkpt>
      <trkpt lat="46.64232" lon="7.73729">
        <ele>1190.5</ele>
        <time>2026-05-04T00:30:08.7360000+00:00</time>
      </trkpt>
      <trkpt lat="46.64226" lon="7.73735">
        <ele>1192.69</ele>
        <time>2026-05-04T00:30:20.3090000+00:00</time>
      </trkpt>
      <trkpt lat="46.64213" lon="7.73745">
        <ele>1197.64</ele>
        <time>2026-05-04T00:30:43.6870000+00:00</time>
      </trkpt>
      <trkpt lat="46.64206" lon="7.73753">
        <ele>1199.94</ele>
        <time>2026-05-04T00:30:57.8350000+00:00</time>
      </trkpt>
      <trkpt lat="46.64195" lon="7.73766">
        <ele>1203.32</ele>
        <time>2026-05-04T00:31:20.3600000+00:00</time>
      </trkpt>
      <trkpt lat="46.64184" lon="7.7378">
        <ele>1206.76</ele>
        <time>2026-05-04T00:31:43.5880000+00:00</time>
      </trkpt>
      <trkpt lat="46.64178" lon="7.73788">
        <ele>1208.84</ele>
        <time>2026-05-04T00:31:56.5230000+00:00</time>
      </trkpt>
      <trkpt lat="46.64174" lon="7.73794">
        <ele>1210.25</ele>
        <time>2026-05-04T00:32:05.6530000+00:00</time>
      </trkpt>
      <trkpt lat="46.64171" lon="7.73802">
        <ele>1211.13</ele>
        <time>2026-05-04T00:32:15.6040000+00:00</time>
      </trkpt>
      <trkpt lat="46.64167" lon="7.73809">
        <ele>1212.61</ele>
        <time>2026-05-04T00:32:25.5460000+00:00</time>
      </trkpt>
      <trkpt lat="46.64163" lon="7.73816">
        <ele>1214.16</ele>
        <time>2026-05-04T00:32:35.4880000+00:00</time>
      </trkpt>
      <trkpt lat="46.64155" lon="7.73826">
        <ele>1217.66</ele>
        <time>2026-05-04T00:32:52.2520000+00:00</time>
      </trkpt>
      <trkpt lat="46.64146" lon="7.73838">
        <ele>1221.82</ele>
        <time>2026-05-04T00:33:11.6550000+00:00</time>
      </trkpt>
      <trkpt lat="46.64139" lon="7.73845">
        <ele>1225.29</ele>
        <time>2026-05-04T00:33:25.1560000+00:00</time>
      </trkpt>
      <trkpt lat="46.64133" lon="7.7385">
        <ele>1228.39</ele>
        <time>2026-05-04T00:33:36.1490000+00:00</time>
      </trkpt>
      <trkpt lat="46.64128" lon="7.73856">
        <ele>1231.15</ele>
        <time>2026-05-04T00:33:46.4500000+00:00</time>
      </trkpt>
      <trkpt lat="46.64122" lon="7.73865">
        <ele>1235.75</ele>
        <time>2026-05-04T00:34:00.1450000+00:00</time>
      </trkpt>
      <trkpt lat="46.64116" lon="7.73871">
        <ele>1239.96</ele>
        <time>2026-05-04T00:34:11.7180000+00:00</time>
      </trkpt>
      <trkpt lat="46.64111" lon="7.73876">
        <ele>1243.01</ele>
        <time>2026-05-04T00:34:21.3620000+00:00</time>
      </trkpt>
      <trkpt lat="46.64109" lon="7.7388">
        <ele>1244.32</ele>
        <time>2026-05-04T00:34:26.7650000+00:00</time>
      </trkpt>
      <trkpt lat="46.64105" lon="7.73886">
        <ele>1246.64</ele>
        <time>2026-05-04T00:34:35.8960000+00:00</time>
      </trkpt>
      <trkpt lat="46.64103" lon="7.7389">
        <ele>1247.97</ele>
        <time>2026-05-04T00:34:41.2990000+00:00</time>
      </trkpt>
      <trkpt lat="46.641" lon="7.73892">
        <ele>1249.33</ele>
        <time>2026-05-04T00:34:46.5460000+00:00</time>
      </trkpt>
      <trkpt lat="46.64099" lon="7.73894">
        <ele>1250.01</ele>
        <time>2026-05-04T00:34:49.2480000+00:00</time>
      </trkpt>
      <trkpt lat="46.64098" lon="7.73896">
        <ele>1250.68</ele>
        <time>2026-05-04T00:34:51.9490000+00:00</time>
      </trkpt>
      <trkpt lat="46.64098" lon="7.73899">
        <ele>1251.18</ele>
        <time>2026-05-04T00:34:55.2250000+00:00</time>
      </trkpt>
      <trkpt lat="46.641" lon="7.739">
        <ele>1250.64</ele>
        <time>2026-05-04T00:34:58.5890000+00:00</time>
      </trkpt>
      <trkpt lat="46.64102" lon="7.73902">
        <ele>1250.27</ele>
        <time>2026-05-04T00:35:02.4480000+00:00</time>
      </trkpt>
      <trkpt lat="46.64103" lon="7.73904">
        <ele>1250.24</ele>
        <time>2026-05-04T00:35:05.1530000+00:00</time>
      </trkpt>
      <trkpt lat="46.64104" lon="7.73906">
        <ele>1250.21</ele>
        <time>2026-05-04T00:35:07.8540000+00:00</time>
      </trkpt>
      <trkpt lat="46.64105" lon="7.73909">
        <ele>1250.34</ele>
        <time>2026-05-04T00:35:11.4940000+00:00</time>
      </trkpt>
      <trkpt lat="46.64104" lon="7.73912">
        <ele>1251.18</ele>
        <time>2026-05-04T00:35:15.1350000+00:00</time>
      </trkpt>
      <trkpt lat="46.64103" lon="7.73915">
        <ele>1252.02</ele>
        <time>2026-05-04T00:35:18.7780000+00:00</time>
      </trkpt>
      <trkpt lat="46.64102" lon="7.73918">
        <ele>1252.87</ele>
        <time>2026-05-04T00:35:22.4200000+00:00</time>
      </trkpt>
      <trkpt lat="46.641" lon="7.7392">
        <ele>1253.92</ele>
        <time>2026-05-04T00:35:26.2790000+00:00</time>
      </trkpt>
      <trkpt lat="46.641" lon="7.73924">
        <ele>1254.57</ele>
        <time>2026-05-04T00:35:30.6470000+00:00</time>
      </trkpt>
      <trkpt lat="46.64099" lon="7.73927">
        <ele>1255.43</ele>
        <time>2026-05-04T00:35:34.2870000+00:00</time>
      </trkpt>
      <trkpt lat="46.64098" lon="7.73932">
        <ele>1256.62</ele>
        <time>2026-05-04T00:35:39.9730000+00:00</time>
      </trkpt>
      <trkpt lat="46.64097" lon="7.73935">
        <ele>1257.49</ele>
        <time>2026-05-04T00:35:43.6160000+00:00</time>
      </trkpt>
      <trkpt lat="46.64096" lon="7.73938">
        <ele>1258.35</ele>
        <time>2026-05-04T00:35:47.2560000+00:00</time>
      </trkpt>
      <trkpt lat="46.64094" lon="7.73941">
        <ele>1259.5</ele>
        <time>2026-05-04T00:35:51.8200000+00:00</time>
      </trkpt>
      <trkpt lat="46.6409" lon="7.73946">
        <ele>1261.63</ele>
        <time>2026-05-04T00:36:00.2020000+00:00</time>
      </trkpt>
      <trkpt lat="46.64087" lon="7.73953">
        <ele>1263.64</ele>
        <time>2026-05-04T00:36:09.2110000+00:00</time>
      </trkpt>
      <trkpt lat="46.64085" lon="7.73957">
        <ele>1264.9</ele>
        <time>2026-05-04T00:36:14.6140000+00:00</time>
      </trkpt>
      <trkpt lat="46.64082" lon="7.73967">
        <ele>1267.28</ele>
        <time>2026-05-04T00:36:26.5290000+00:00</time>
      </trkpt>
      <trkpt lat="46.64081" lon="7.73974">
        <ele>1268.54</ele>
        <time>2026-05-04T00:36:34.3350000+00:00</time>
      </trkpt>
      <trkpt lat="46.64081" lon="7.7398">
        <ele>1269.31</ele>
        <time>2026-05-04T00:36:40.8860000+00:00</time>
      </trkpt>
      <trkpt lat="46.64079" lon="7.73984">
        <ele>1270.55</ele>
        <time>2026-05-04T00:36:46.2890000+00:00</time>
      </trkpt>
      <trkpt lat="46.64077" lon="7.73992">
        <ele>1272.29</ele>
        <time>2026-05-04T00:36:55.5850000+00:00</time>
      </trkpt>
      <trkpt lat="46.64075" lon="7.73998">
        <ele>1273.78</ele>
        <time>2026-05-04T00:37:02.8650000+00:00</time>
      </trkpt>
      <trkpt lat="46.64075" lon="7.74001">
        <ele>1274.16</ele>
        <time>2026-05-04T00:37:06.1410000+00:00</time>
      </trkpt>
      <trkpt lat="46.64073" lon="7.74007">
        <ele>1275.65</ele>
        <time>2026-05-04T00:37:13.4220000+00:00</time>
      </trkpt>
      <trkpt lat="46.64071" lon="7.74013">
        <ele>1277.13</ele>
        <time>2026-05-04T00:37:20.7040000+00:00</time>
      </trkpt>
      <trkpt lat="46.6407" lon="7.74021">
        <ele>1278.5</ele>
        <time>2026-05-04T00:37:29.5820000+00:00</time>
      </trkpt>
      <trkpt lat="46.6407" lon="7.74026">
        <ele>1278.35</ele>
        <time>2026-05-04T00:37:35.0410000+00:00</time>
      </trkpt>
      <trkpt lat="46.6407" lon="7.74032">
        <ele>1278.04</ele>
        <time>2026-05-04T00:37:41.5910000+00:00</time>
      </trkpt>
      <trkpt lat="46.64068" lon="7.7404">
        <ele>1278.39</ele>
        <time>2026-05-04T00:37:50.8870000+00:00</time>
      </trkpt>
      <trkpt lat="46.64067" lon="7.74045">
        <ele>1278.54</ele>
        <time>2026-05-04T00:37:56.5740000+00:00</time>
      </trkpt>
      <trkpt lat="46.64067" lon="7.74048">
        <ele>1278.39</ele>
        <time>2026-05-04T00:37:59.8490000+00:00</time>
      </trkpt>
      <trkpt lat="46.64066" lon="7.74053">
        <ele>1278.55</ele>
        <time>2026-05-04T00:38:05.5360000+00:00</time>
      </trkpt>
      <trkpt lat="46.64064" lon="7.74057">
        <ele>1279.18</ele>
        <time>2026-05-04T00:38:10.9380000+00:00</time>
      </trkpt>
      <trkpt lat="46.64063" lon="7.74062">
        <ele>1279.37</ele>
        <time>2026-05-04T00:38:16.6240000+00:00</time>
      </trkpt>
      <trkpt lat="46.64062" lon="7.74063">
        <ele>1279.74</ele>
        <time>2026-05-04T00:38:18.5530000+00:00</time>
      </trkpt>
      <trkpt lat="46.64062" lon="7.74071">
        <ele>1279.41</ele>
        <time>2026-05-04T00:38:27.2880000+00:00</time>
      </trkpt>
      <trkpt lat="46.64059" lon="7.74084">
        <ele>1280.19</ele>
        <time>2026-05-04T00:38:42.2610000+00:00</time>
      </trkpt>
      <trkpt lat="46.64058" lon="7.74087">
        <ele>1280.53</ele>
        <time>2026-05-04T00:38:45.9040000+00:00</time>
      </trkpt>
      <trkpt lat="46.64056" lon="7.74093">
        <ele>1281.21</ele>
        <time>2026-05-04T00:38:53.1860000+00:00</time>
      </trkpt>
      <trkpt lat="46.64048" lon="7.74106">
        <ele>1284.55</ele>
        <time>2026-05-04T00:39:12.2450000+00:00</time>
      </trkpt>
      <trkpt lat="46.64045" lon="7.7411">
        <ele>1285.93</ele>
        <time>2026-05-04T00:39:18.7120000+00:00</time>
      </trkpt>
      <trkpt lat="46.64042" lon="7.74113">
        <ele>1287.33</ele>
        <time>2026-05-04T00:39:24.4990000+00:00</time>
      </trkpt>
      <trkpt lat="46.64037" lon="7.74116">
        <ele>1289.68</ele>
        <time>2026-05-04T00:39:33.0980000+00:00</time>
      </trkpt>
      <trkpt lat="46.64033" lon="7.7412">
        <ele>1291.56</ele>
        <time>2026-05-04T00:39:40.8110000+00:00</time>
      </trkpt>
      <trkpt lat="46.64028" lon="7.74125">
        <ele>1293.83</ele>
        <time>2026-05-04T00:39:50.4560000+00:00</time>
      </trkpt>
      <trkpt lat="46.64023" lon="7.74132">
        <ele>1296.06</ele>
        <time>2026-05-04T00:40:01.4830000+00:00</time>
      </trkpt>
      <trkpt lat="46.64017" lon="7.74144">
        <ele>1299.07</ele>
        <time>2026-05-04T00:40:17.6890000+00:00</time>
      </trkpt>
      <trkpt lat="46.64012" lon="7.74155">
        <ele>1301.9</ele>
        <time>2026-05-04T00:40:32.0920000+00:00</time>
      </trkpt>
      <trkpt lat="46.64005" lon="7.7417">
        <ele>1306.28</ele>
        <time>2026-05-04T00:40:51.8920000+00:00</time>
      </trkpt>
      <trkpt lat="46.63999" lon="7.74183">
        <ele>1310.46</ele>
        <time>2026-05-04T00:41:08.9930000+00:00</time>
      </trkpt>
      <trkpt lat="46.63994" lon="7.74193">
        <ele>1313.95</ele>
        <time>2026-05-04T00:41:22.4980000+00:00</time>
      </trkpt>
      <trkpt lat="46.63989" lon="7.74201">
        <ele>1317.16</ele>
        <time>2026-05-04T00:41:34.3080000+00:00</time>
      </trkpt>
      <trkpt lat="46.63981" lon="7.74212">
        <ele>1322.21</ele>
        <time>2026-05-04T00:41:51.8020000+00:00</time>
      </trkpt>
      <trkpt lat="46.63974" lon="7.7422">
        <ele>1326.54</ele>
        <time>2026-05-04T00:42:05.9500000+00:00</time>
      </trkpt>
      <trkpt lat="46.63964" lon="7.74231">
        <ele>1332.68</ele>
        <time>2026-05-04T00:42:25.8770000+00:00</time>
      </trkpt>
      <trkpt lat="46.63956" lon="7.74237">
        <ele>1337.47</ele>
        <time>2026-05-04T00:42:40.1850000+00:00</time>
      </trkpt>
      <trkpt lat="46.63948" lon="7.74243">
        <ele>1342.24</ele>
        <time>2026-05-04T00:42:54.4940000+00:00</time>
      </trkpt>
      <trkpt lat="46.63939" lon="7.74251">
        <ele>1345.49</ele>
        <time>2026-05-04T00:43:11.2590000+00:00</time>
      </trkpt>
      <trkpt lat="46.63936" lon="7.74254">
        <ele>1346.54</ele>
        <time>2026-05-04T00:43:17.0440000+00:00</time>
      </trkpt>
      <trkpt lat="46.63934" lon="7.74258">
        <ele>1347.4</ele>
        <time>2026-05-04T00:43:22.4460000+00:00</time>
      </trkpt>
      <trkpt lat="46.63933" lon="7.74259">
        <ele>1347.77</ele>
        <time>2026-05-04T00:43:24.3750000+00:00</time>
      </trkpt>
      <trkpt lat="46.63929" lon="7.74265">
        <ele>1349.46</ele>
        <time>2026-05-04T00:43:33.5040000+00:00</time>
      </trkpt>
      <trkpt lat="46.63926" lon="7.74274">
        <ele>1350.99</ele>
        <time>2026-05-04T00:43:44.4260000+00:00</time>
      </trkpt>
      <trkpt lat="46.63922" lon="7.74283">
        <ele>1352.53</ele>
        <time>2026-05-04T00:43:56.1310000+00:00</time>
      </trkpt>
      <trkpt lat="46.63921" lon="7.7429">
        <ele>1353.03</ele>
        <time>2026-05-04T00:44:03.9370000+00:00</time>
      </trkpt>
      <trkpt lat="46.63919" lon="7.74301">
        <ele>1354.03</ele>
        <time>2026-05-04T00:44:16.3610000+00:00</time>
      </trkpt>
      <trkpt lat="46.63918" lon="7.74307">
        <ele>1354.57</ele>
        <time>2026-05-04T00:44:23.1020000+00:00</time>
      </trkpt>
      <trkpt lat="46.63917" lon="7.74311">
        <ele>1355.08</ele>
        <time>2026-05-04T00:44:27.7500000+00:00</time>
      </trkpt>
      <trkpt lat="46.63913" lon="7.7432">
        <ele>1357</ele>
        <time>2026-05-04T00:44:39.4550000+00:00</time>
      </trkpt>
      <trkpt lat="46.63909" lon="7.74329">
        <ele>1359.06</ele>
        <time>2026-05-04T00:44:51.1600000+00:00</time>
      </trkpt>
      <trkpt lat="46.63908" lon="7.74335">
        <ele>1359.75</ele>
        <time>2026-05-04T00:44:57.9010000+00:00</time>
      </trkpt>
      <trkpt lat="46.63907" lon="7.74341">
        <ele>1360.46</ele>
        <time>2026-05-04T00:45:04.6420000+00:00</time>
      </trkpt>
      <trkpt lat="46.63906" lon="7.7435">
        <ele>1361.34</ele>
        <time>2026-05-04T00:45:14.5960000+00:00</time>
      </trkpt>
      <trkpt lat="46.63906" lon="7.7436">
        <ele>1361.78</ele>
        <time>2026-05-04T00:45:25.5140000+00:00</time>
      </trkpt>
      <trkpt lat="46.63904" lon="7.74371">
        <ele>1363.22</ele>
        <time>2026-05-04T00:45:37.9380000+00:00</time>
      </trkpt>
      <trkpt lat="46.63902" lon="7.74383">
        <ele>1364.73</ele>
        <time>2026-05-04T00:45:51.4190000+00:00</time>
      </trkpt>
      <trkpt lat="46.63898" lon="7.74392">
        <ele>1367.16</ele>
        <time>2026-05-04T00:46:03.1250000+00:00</time>
      </trkpt>
      <trkpt lat="46.63895" lon="7.74404">
        <ele>1369.27</ele>
        <time>2026-05-04T00:46:17.0680000+00:00</time>
      </trkpt>
      <trkpt lat="46.6389" lon="7.74418">
        <ele>1372.59</ele>
        <time>2026-05-04T00:46:34.2970000+00:00</time>
      </trkpt>
      <trkpt lat="46.63888" lon="7.74428">
        <ele>1374.19</ele>
        <time>2026-05-04T00:46:45.6680000+00:00</time>
      </trkpt>
      <trkpt lat="46.63886" lon="7.74439">
        <ele>1375.75</ele>
        <time>2026-05-04T00:46:58.0910000+00:00</time>
      </trkpt>
      <trkpt lat="46.63884" lon="7.74455">
        <ele>1375.82</ele>
        <time>2026-05-04T00:47:15.8460000+00:00</time>
      </trkpt>
      <trkpt lat="46.63882" lon="7.74466">
        <ele>1376.18</ele>
        <time>2026-05-04T00:47:28.2700000+00:00</time>
      </trkpt>
      <trkpt lat="46.6388" lon="7.74473">
        <ele>1376.78</ele>
        <time>2026-05-04T00:47:36.5480000+00:00</time>
      </trkpt>
      <trkpt lat="46.63874" lon="7.74489">
        <ele>1378.85</ele>
        <time>2026-05-04T00:47:56.4520000+00:00</time>
      </trkpt>
      <trkpt lat="46.6387" lon="7.74498">
        <ele>1380.3</ele>
        <time>2026-05-04T00:48:08.1570000+00:00</time>
      </trkpt>
      <trkpt lat="46.63866" lon="7.74504">
        <ele>1381.94</ele>
        <time>2026-05-04T00:48:17.2870000+00:00</time>
      </trkpt>
      <trkpt lat="46.63865" lon="7.74509">
        <ele>1382.09</ele>
        <time>2026-05-04T00:48:22.9730000+00:00</time>
      </trkpt>
      <trkpt lat="46.63864" lon="7.74518">
        <ele>1381.95</ele>
        <time>2026-05-04T00:48:32.9270000+00:00</time>
      </trkpt>
      <trkpt lat="46.63866" lon="7.74525">
        <ele>1380.17</ele>
        <time>2026-05-04T00:48:41.2050000+00:00</time>
      </trkpt>
      <trkpt lat="46.63867" lon="7.74539">
        <ele>1377.67</ele>
        <time>2026-05-04T00:48:56.5730000+00:00</time>
      </trkpt>
      <trkpt lat="46.63866" lon="7.74547">
        <ele>1377.03</ele>
        <time>2026-05-04T00:49:05.4510000+00:00</time>
      </trkpt>
      <trkpt lat="46.63862" lon="7.74554">
        <ele>1377.71</ele>
        <time>2026-05-04T00:49:15.3930000+00:00</time>
      </trkpt>
      <trkpt lat="46.63855" lon="7.74562">
        <ele>1378.66</ele>
        <time>2026-05-04T00:49:29.5410000+00:00</time>
      </trkpt>
      <trkpt lat="46.6385" lon="7.74567">
        <ele>1379.44</ele>
        <time>2026-05-04T00:49:39.1850000+00:00</time>
      </trkpt>
      <trkpt lat="46.63838" lon="7.74575">
        <ele>1381.89</ele>
        <time>2026-05-04T00:50:00.1700000+00:00</time>
      </trkpt>
      <trkpt lat="46.63829" lon="7.74579">
        <ele>1384.02</ele>
        <time>2026-05-04T00:50:15.1330000+00:00</time>
      </trkpt>
      <trkpt lat="46.63823" lon="7.74583">
        <ele>1385.24</ele>
        <time>2026-05-04T00:50:25.6270000+00:00</time>
      </trkpt>
      <trkpt lat="46.63818" lon="7.7459">
        <ele>1385.73</ele>
        <time>2026-05-04T00:50:36.6560000+00:00</time>
      </trkpt>
      <trkpt lat="46.63814" lon="7.74597">
        <ele>1385.93</ele>
        <time>2026-05-04T00:50:46.5990000+00:00</time>
      </trkpt>
      <trkpt lat="46.63809" lon="7.74604">
        <ele>1386.42</ele>
        <time>2026-05-04T00:50:57.6260000+00:00</time>
      </trkpt>
      <trkpt lat="46.63804" lon="7.74608">
        <ele>1386.79</ele>
        <time>2026-05-04T00:51:06.6990000+00:00</time>
      </trkpt>
      <trkpt lat="46.63799" lon="7.74611">
        <ele>1387.34</ele>
        <time>2026-05-04T00:51:15.2980000+00:00</time>
      </trkpt>
      <trkpt lat="46.63794" lon="7.74613">
        <ele>1388.16</ele>
        <time>2026-05-04T00:51:23.5430000+00:00</time>
      </trkpt>
      <trkpt lat="46.63789" lon="7.74616">
        <ele>1388.63</ele>
        <time>2026-05-04T00:51:32.1430000+00:00</time>
      </trkpt>
      <trkpt lat="46.63785" lon="7.74619">
        <ele>1388.78</ele>
        <time>2026-05-04T00:51:39.2980000+00:00</time>
      </trkpt>
      <trkpt lat="46.63781" lon="7.74624">
        <ele>1388.22</ele>
        <time>2026-05-04T00:51:47.6800000+00:00</time>
      </trkpt>
      <trkpt lat="46.63777" lon="7.7463">
        <ele>1387.06</ele>
        <time>2026-05-04T00:51:56.8110000+00:00</time>
      </trkpt>
      <trkpt lat="46.63773" lon="7.74637">
        <ele>1385.6</ele>
        <time>2026-05-04T00:52:06.7540000+00:00</time>
      </trkpt>
      <trkpt lat="46.63769" lon="7.74645">
        <ele>1383.91</ele>
        <time>2026-05-04T00:52:17.5590000+00:00</time>
      </trkpt>
      <trkpt lat="46.63766" lon="7.74649">
        <ele>1383.34</ele>
        <time>2026-05-04T00:52:24.0270000+00:00</time>
      </trkpt>
      <trkpt lat="46.63762" lon="7.74658">
        <ele>1381.53</ele>
        <time>2026-05-04T00:52:35.7320000+00:00</time>
      </trkpt>
      <trkpt lat="46.63758" lon="7.74664">
        <ele>1380.74</ele>
        <time>2026-05-04T00:52:44.8640000+00:00</time>
      </trkpt>
      <trkpt lat="46.63755" lon="7.74667">
        <ele>1380.64</ele>
        <time>2026-05-04T00:52:50.6490000+00:00</time>
      </trkpt>
      <trkpt lat="46.63752" lon="7.74669">
        <ele>1380.86</ele>
        <time>2026-05-04T00:52:55.8960000+00:00</time>
      </trkpt>
      <trkpt lat="46.63746" lon="7.74672">
        <ele>1381.63</ele>
        <time>2026-05-04T00:53:05.9830000+00:00</time>
      </trkpt>
      <trkpt lat="46.63739" lon="7.74677">
        <ele>1382.22</ele>
        <time>2026-05-04T00:53:18.3800000+00:00</time>
      </trkpt>
      <trkpt lat="46.63734" lon="7.74682">
        <ele>1382.34</ele>
        <time>2026-05-04T00:53:28.0230000+00:00</time>
      </trkpt>
      <trkpt lat="46.63731" lon="7.74687">
        <ele>1381.96</ele>
        <time>2026-05-04T00:53:35.2730000+00:00</time>
      </trkpt>
      <trkpt lat="46.63729" lon="7.74692">
        <ele>1381.35</ele>
        <time>2026-05-04T00:53:41.5920000+00:00</time>
      </trkpt>
      <trkpt lat="46.63727" lon="7.74699">
        <ele>1380.25</ele>
        <time>2026-05-04T00:53:49.8670000+00:00</time>
      </trkpt>
      <trkpt lat="46.63725" lon="7.74705">
        <ele>1379.37</ele>
        <time>2026-05-04T00:53:57.1490000+00:00</time>
      </trkpt>
      <trkpt lat="46.63724" lon="7.74708">
        <ele>1378.91</ele>
        <time>2026-05-04T00:54:00.7920000+00:00</time>
      </trkpt>
      <trkpt lat="46.63721" lon="7.74712">
        <ele>1378.75</ele>
        <time>2026-05-04T00:54:07.2590000+00:00</time>
      </trkpt>
      <trkpt lat="46.63716" lon="7.74716">
        <ele>1379.09</ele>
        <time>2026-05-04T00:54:16.3290000+00:00</time>
      </trkpt>
      <trkpt lat="46.63711" lon="7.74722">
        <ele>1378.87</ele>
        <time>2026-05-04T00:54:26.6310000+00:00</time>
      </trkpt>
      <trkpt lat="46.63709" lon="7.74723">
        <ele>1379.13</ele>
        <time>2026-05-04T00:54:29.9950000+00:00</time>
      </trkpt>
      <trkpt lat="46.63702" lon="7.74725">
        <ele>1380.41</ele>
        <time>2026-05-04T00:54:41.3380000+00:00</time>
      </trkpt>
      <trkpt lat="46.63696" lon="7.74728">
        <ele>1381.17</ele>
        <time>2026-05-04T00:54:51.4250000+00:00</time>
      </trkpt>
      <trkpt lat="46.6369" lon="7.74733">
        <ele>1381.74</ele>
        <time>2026-05-04T00:55:02.4170000+00:00</time>
      </trkpt>
      <trkpt lat="46.63687" lon="7.74738">
        <ele>1381.47</ele>
        <time>2026-05-04T00:55:09.6660000+00:00</time>
      </trkpt>
      <trkpt lat="46.63684" lon="7.74744">
        <ele>1381.04</ele>
        <time>2026-05-04T00:55:17.7700000+00:00</time>
      </trkpt>
      <trkpt lat="46.6368" lon="7.74752">
        <ele>1380.64</ele>
        <time>2026-05-04T00:55:28.5740000+00:00</time>
      </trkpt>
      <trkpt lat="46.63677" lon="7.74757">
        <ele>1380.68</ele>
        <time>2026-05-04T00:55:35.8230000+00:00</time>
      </trkpt>
      <trkpt lat="46.63668" lon="7.7477">
        <ele>1381.7</ele>
        <time>2026-05-04T00:55:55.9790000+00:00</time>
      </trkpt>
      <trkpt lat="46.63664" lon="7.74779">
        <ele>1382.66</ele>
        <time>2026-05-04T00:56:07.6840000+00:00</time>
      </trkpt>
      <trkpt lat="46.6366" lon="7.74787">
        <ele>1383.81</ele>
        <time>2026-05-04T00:56:18.4890000+00:00</time>
      </trkpt>
      <trkpt lat="46.63655" lon="7.74798">
        <ele>1385.18</ele>
        <time>2026-05-04T00:56:32.8920000+00:00</time>
      </trkpt>
      <trkpt lat="46.63651" lon="7.7481">
        <ele>1386.05</ele>
        <time>2026-05-04T00:56:47.4560000+00:00</time>
      </trkpt>
      <trkpt lat="46.63649" lon="7.74814">
        <ele>1386.62</ele>
        <time>2026-05-04T00:56:52.8590000+00:00</time>
      </trkpt>
      <trkpt lat="46.63649" lon="7.74816">
        <ele>1386.48</ele>
        <time>2026-05-04T00:56:55.0400000+00:00</time>
      </trkpt>
      <trkpt lat="46.63649" lon="7.74819">
        <ele>1386.26</ele>
        <time>2026-05-04T00:56:58.3150000+00:00</time>
      </trkpt>
      <trkpt lat="46.63647" lon="7.74822">
        <ele>1386.91</ele>
        <time>2026-05-04T00:57:02.8790000+00:00</time>
      </trkpt>
      <trkpt lat="46.63644" lon="7.74827">
        <ele>1387.85</ele>
        <time>2026-05-04T00:57:10.1290000+00:00</time>
      </trkpt>
      <trkpt lat="46.6364" lon="7.7484">
        <ele>1388.64</ele>
        <time>2026-05-04T00:57:25.6820000+00:00</time>
      </trkpt>
      <trkpt lat="46.63637" lon="7.74858">
        <ele>1388.56</ele>
        <time>2026-05-04T00:57:45.9050000+00:00</time>
      </trkpt>
      <trkpt lat="46.6363" lon="7.74871">
        <ele>1390.37</ele>
        <time>2026-05-04T00:58:03.9430000+00:00</time>
      </trkpt>
      <trkpt lat="46.63626" lon="7.74883">
        <ele>1390.96</ele>
        <time>2026-05-04T00:58:18.5060000+00:00</time>
      </trkpt>
      <trkpt lat="46.63623" lon="7.74894">
        <ele>1391.2</ele>
        <time>2026-05-04T00:58:31.4290000+00:00</time>
      </trkpt>
      <trkpt lat="46.63619" lon="7.74907">
        <ele>1391.67</ele>
        <time>2026-05-04T00:58:46.9840000+00:00</time>
      </trkpt>
      <trkpt lat="46.63615" lon="7.74918">
        <ele>1392.31</ele>
        <time>2026-05-04T00:59:00.5740000+00:00</time>
      </trkpt>
      <trkpt lat="46.63613" lon="7.74923">
        <ele>1392.56</ele>
        <time>2026-05-04T00:59:06.8930000+00:00</time>
      </trkpt>
      <trkpt lat="46.63609" lon="7.7494">
        <ele>1391.94</ele>
        <time>2026-05-04T00:59:26.5140000+00:00</time>
      </trkpt>
      <trkpt lat="46.63603" lon="7.74955">
        <ele>1391.3</ele>
        <time>2026-05-04T00:59:45.4680000+00:00</time>
      </trkpt>
      <trkpt lat="46.63598" lon="7.7497">
        <ele>1390.5</ele>
        <time>2026-05-04T01:00:03.6720000+00:00</time>
      </trkpt>
      <trkpt lat="46.63594" lon="7.7498">
        <ele>1390.25</ele>
        <time>2026-05-04T01:00:16.3080000+00:00</time>
      </trkpt>
      <trkpt lat="46.63587" lon="7.74997">
        <ele>1390.06</ele>
        <time>2026-05-04T01:00:37.9510000+00:00</time>
      </trkpt>
      <trkpt lat="46.63576" lon="7.75015">
        <ele>1391.36</ele>
        <time>2026-05-04T01:01:04.2600000+00:00</time>
      </trkpt>
      <trkpt lat="46.63569" lon="7.75026">
        <ele>1391.25</ele>
        <time>2026-05-04T01:01:20.6350000+00:00</time>
      </trkpt>
      <trkpt lat="46.63556" lon="7.75041">
        <ele>1390.48</ele>
        <time>2026-05-04T01:01:47.0080000+00:00</time>
      </trkpt>
      <trkpt lat="46.63546" lon="7.7505">
        <ele>1390.71</ele>
        <time>2026-05-04T01:02:05.7000000+00:00</time>
      </trkpt>
      <trkpt lat="46.63535" lon="7.75064">
        <ele>1389.35</ele>
        <time>2026-05-04T01:02:28.9300000+00:00</time>
      </trkpt>
      <trkpt lat="46.63521" lon="7.75083">
        <ele>1386.91</ele>
        <time>2026-05-04T01:02:59.3590000+00:00</time>
      </trkpt>
      <trkpt lat="46.63507" lon="7.751">
        <ele>1386.7</ele>
        <time>2026-05-04T01:03:28.3440000+00:00</time>
      </trkpt>
      <trkpt lat="46.63494" lon="7.75118">
        <ele>1387.86</ele>
        <time>2026-05-04T01:03:56.8670000+00:00</time>
      </trkpt>
      <trkpt lat="46.63485" lon="7.7513">
        <ele>1389.19</ele>
        <time>2026-05-04T01:04:16.2700000+00:00</time>
      </trkpt>
      <trkpt lat="46.63474" lon="7.75143">
        <ele>1391.43</ele>
        <time>2026-05-04T01:04:38.7970000+00:00</time>
      </trkpt>
      <trkpt lat="46.63465" lon="7.75156">
        <ele>1393.04</ele>
        <time>2026-05-04T01:04:58.9530000+00:00</time>
      </trkpt>
      <trkpt lat="46.63459" lon="7.75164">
        <ele>1394.36</ele>
        <time>2026-05-04T01:05:11.8880000+00:00</time>
      </trkpt>
      <trkpt lat="46.63451" lon="7.75177">
        <ele>1395.87</ele>
        <time>2026-05-04T01:05:30.9490000+00:00</time>
      </trkpt>
      <trkpt lat="46.63442" lon="7.75197">
        <ele>1396.08</ele>
        <time>2026-05-04T01:05:57.0570000+00:00</time>
      </trkpt>
      <trkpt lat="46.63435" lon="7.75218">
        <ele>1395.38</ele>
        <time>2026-05-04T01:06:22.5460000+00:00</time>
      </trkpt>
      <trkpt lat="46.63431" lon="7.75233">
        <ele>1394.85</ele>
        <time>2026-05-04T01:06:40.1150000+00:00</time>
      </trkpt>
      <trkpt lat="46.63425" lon="7.75255">
        <ele>1394.56</ele>
        <time>2026-05-04T01:07:05.9610000+00:00</time>
      </trkpt>
      <trkpt lat="46.63421" lon="7.75284">
        <ele>1393.46</ele>
        <time>2026-05-04T01:07:38.2580000+00:00</time>
      </trkpt>
      <trkpt lat="46.63417" lon="7.75308">
        <ele>1393.57</ele>
        <time>2026-05-04T01:08:05.2230000+00:00</time>
      </trkpt>
      <trkpt lat="46.63409" lon="7.75332">
        <ele>1396.04</ele>
        <time>2026-05-04T01:08:34.3520000+00:00</time>
      </trkpt>
      <trkpt lat="46.63407" lon="7.75342">
        <ele>1396.45</ele>
        <time>2026-05-04T01:08:45.7250000+00:00</time>
      </trkpt>
      <trkpt lat="46.63401" lon="7.75358">
        <ele>1399.24</ele>
        <time>2026-05-04T01:09:05.6310000+00:00</time>
      </trkpt>
      <trkpt lat="46.63399" lon="7.75368">
        <ele>1400.85</ele>
        <time>2026-05-04T01:09:17.0030000+00:00</time>
      </trkpt>
      <trkpt lat="46.63398" lon="7.75378">
        <ele>1401.89</ele>
        <time>2026-05-04T01:09:28.0360000+00:00</time>
      </trkpt>
      <trkpt lat="46.63395" lon="7.75392">
        <ele>1404.26</ele>
        <time>2026-05-04T01:09:44.0490000+00:00</time>
      </trkpt>
      <trkpt lat="46.63394" lon="7.75412">
        <ele>1405.78</ele>
        <time>2026-05-04T01:10:05.9450000+00:00</time>
      </trkpt>
      <trkpt lat="46.63395" lon="7.75424">
        <ele>1405.79</ele>
        <time>2026-05-04T01:10:19.1440000+00:00</time>
      </trkpt>
      <trkpt lat="46.63396" lon="7.75432">
        <ele>1405.61</ele>
        <time>2026-05-04T01:10:28.0230000+00:00</time>
      </trkpt>
      <trkpt lat="46.63393" lon="7.75439">
        <ele>1407.69</ele>
        <time>2026-05-04T01:10:37.0330000+00:00</time>
      </trkpt>
      <trkpt lat="46.63393" lon="7.7545">
        <ele>1408.47</ele>
        <time>2026-05-04T01:10:49.0430000+00:00</time>
      </trkpt>
      <trkpt lat="46.63393" lon="7.75456">
        <ele>1408.9</ele>
        <time>2026-05-04T01:10:55.5940000+00:00</time>
      </trkpt>
      <trkpt lat="46.63392" lon="7.75465">
        <ele>1410.12</ele>
        <time>2026-05-04T01:11:05.5490000+00:00</time>
      </trkpt>
      <trkpt lat="46.6339" lon="7.75476">
        <ele>1412.07</ele>
        <time>2026-05-04T01:11:17.9730000+00:00</time>
      </trkpt>
      <trkpt lat="46.63388" lon="7.75485">
        <ele>1413.9</ele>
        <time>2026-05-04T01:11:28.3020000+00:00</time>
      </trkpt>
      <trkpt lat="46.63384" lon="7.75494">
        <ele>1416.92</ele>
        <time>2026-05-04T01:11:40.0080000+00:00</time>
      </trkpt>
      <trkpt lat="46.63381" lon="7.75498">
        <ele>1418.99</ele>
        <time>2026-05-04T01:11:46.4760000+00:00</time>
      </trkpt>
      <trkpt lat="46.63379" lon="7.75502">
        <ele>1420.48</ele>
        <time>2026-05-04T01:11:51.8790000+00:00</time>
      </trkpt>
      <trkpt lat="46.63377" lon="7.75511">
        <ele>1422.37</ele>
        <time>2026-05-04T01:12:02.2080000+00:00</time>
      </trkpt>
      <trkpt lat="46.63376" lon="7.75524">
        <ele>1423.98</ele>
        <time>2026-05-04T01:12:16.4900000+00:00</time>
      </trkpt>
      <trkpt lat="46.63377" lon="7.75532">
        <ele>1423.95</ele>
        <time>2026-05-04T01:12:25.3680000+00:00</time>
      </trkpt>
      <trkpt lat="46.63376" lon="7.75537">
        <ele>1424.93</ele>
        <time>2026-05-04T01:12:31.0540000+00:00</time>
      </trkpt>
      <trkpt lat="46.63373" lon="7.75545">
        <ele>1427.39</ele>
        <time>2026-05-04T01:12:41.0060000+00:00</time>
      </trkpt>
      <trkpt lat="46.63371" lon="7.75551">
        <ele>1429.1</ele>
        <time>2026-05-04T01:12:48.2890000+00:00</time>
      </trkpt>
      <trkpt lat="46.6337" lon="7.75561">
        <ele>1430.51</ele>
        <time>2026-05-04T01:12:59.3230000+00:00</time>
      </trkpt>
      <trkpt lat="46.6337" lon="7.75574">
        <ele>1431.54</ele>
        <time>2026-05-04T01:13:13.5180000+00:00</time>
      </trkpt>
      <trkpt lat="46.63368" lon="7.7559">
        <ele>1434.12</ele>
        <time>2026-05-04T01:13:31.2750000+00:00</time>
      </trkpt>
      <trkpt lat="46.63367" lon="7.75599">
        <ele>1435.51</ele>
        <time>2026-05-04T01:13:41.2290000+00:00</time>
      </trkpt>
      <trkpt lat="46.63366" lon="7.75612">
        <ele>1437.37</ele>
        <time>2026-05-04T01:13:55.5120000+00:00</time>
      </trkpt>
      <trkpt lat="46.63366" lon="7.75628">
        <ele>1438.93</ele>
        <time>2026-05-04T01:14:12.9820000+00:00</time>
      </trkpt>
      <trkpt lat="46.63365" lon="7.75633">
        <ele>1440.07</ele>
        <time>2026-05-04T01:14:18.6670000+00:00</time>
      </trkpt>
      <trkpt lat="46.63366" lon="7.75638">
        <ele>1439.9</ele>
        <time>2026-05-04T01:14:24.3530000+00:00</time>
      </trkpt>
      <trkpt lat="46.63363" lon="7.75645">
        <ele>1442.31</ele>
        <time>2026-05-04T01:14:33.3630000+00:00</time>
      </trkpt>
      <trkpt lat="46.6336" lon="7.75656">
        <ele>1444.63</ele>
        <time>2026-05-04T01:14:46.2860000+00:00</time>
      </trkpt>
      <trkpt lat="46.63358" lon="7.75668">
        <ele>1446.74</ele>
        <time>2026-05-04T01:14:59.7700000+00:00</time>
      </trkpt>
      <trkpt lat="46.63357" lon="7.75672">
        <ele>1447.6</ele>
        <time>2026-05-04T01:15:04.4170000+00:00</time>
      </trkpt>
      <trkpt lat="46.63354" lon="7.75678">
        <ele>1449.61</ele>
        <time>2026-05-04T01:15:12.5220000+00:00</time>
      </trkpt>
      <trkpt lat="46.63355" lon="7.75681">
        <ele>1449.49</ele>
        <time>2026-05-04T01:15:16.1650000+00:00</time>
      </trkpt>
      <trkpt lat="46.63357" lon="7.7569">
        <ele>1449.54</ele>
        <time>2026-05-04T01:15:26.4930000+00:00</time>
      </trkpt>
      <trkpt lat="46.63358" lon="7.75695">
        <ele>1449.58</ele>
        <time>2026-05-04T01:15:32.1810000+00:00</time>
      </trkpt>
      <trkpt lat="46.63358" lon="7.75699">
        <ele>1450</ele>
        <time>2026-05-04T01:15:36.5460000+00:00</time>
      </trkpt>
      <trkpt lat="46.63355" lon="7.75707">
        <ele>1452.31</ele>
        <time>2026-05-04T01:15:46.4980000+00:00</time>
      </trkpt>
      <trkpt lat="46.63352" lon="7.75716">
        <ele>1454.8</ele>
        <time>2026-05-04T01:15:57.4220000+00:00</time>
      </trkpt>
      <trkpt lat="46.63349" lon="7.75726">
        <ele>1457.47</ele>
        <time>2026-05-04T01:16:09.3360000+00:00</time>
      </trkpt>
      <trkpt lat="46.63344" lon="7.75738">
        <ele>1461.53</ele>
        <time>2026-05-04T01:16:24.6620000+00:00</time>
      </trkpt>
      <trkpt lat="46.6334" lon="7.75742">
        <ele>1464.17</ele>
        <time>2026-05-04T01:16:32.3780000+00:00</time>
      </trkpt>
      <trkpt lat="46.63335" lon="7.75746">
        <ele>1467.41</ele>
        <time>2026-05-04T01:16:41.4480000+00:00</time>
      </trkpt>
      <trkpt lat="46.63328" lon="7.75751">
        <ele>1471.94</ele>
        <time>2026-05-04T01:16:53.8460000+00:00</time>
      </trkpt>
      <trkpt lat="46.63325" lon="7.75755">
        <ele>1474.18</ele>
        <time>2026-05-04T01:17:00.3140000+00:00</time>
      </trkpt>
      <trkpt lat="46.63322" lon="7.75761">
        <ele>1476.75</ele>
        <time>2026-05-04T01:17:08.4190000+00:00</time>
      </trkpt>
      <trkpt lat="46.63319" lon="7.75768">
        <ele>1479.52</ele>
        <time>2026-05-04T01:17:17.4290000+00:00</time>
      </trkpt>
      <trkpt lat="46.63317" lon="7.75777">
        <ele>1482.02</ele>
        <time>2026-05-04T01:17:27.7580000+00:00</time>
      </trkpt>
      <trkpt lat="46.63314" lon="7.75788">
        <ele>1485.4</ele>
        <time>2026-05-04T01:17:40.6810000+00:00</time>
      </trkpt>
      <trkpt lat="46.63312" lon="7.75798">
        <ele>1488.07</ele>
        <time>2026-05-04T01:17:52.0550000+00:00</time>
      </trkpt>
      <trkpt lat="46.63311" lon="7.75812">
        <ele>1490.77</ele>
        <time>2026-05-04T01:18:07.4230000+00:00</time>
      </trkpt>
      <trkpt lat="46.6331" lon="7.75822">
        <ele>1492.88</ele>
        <time>2026-05-04T01:18:18.4570000+00:00</time>
      </trkpt>
      <trkpt lat="46.63311" lon="7.75827">
        <ele>1493.03</ele>
        <time>2026-05-04T01:18:24.1430000+00:00</time>
      </trkpt>
      <trkpt lat="46.63312" lon="7.75829">
        <ele>1492.72</ele>
        <time>2026-05-04T01:18:26.8450000+00:00</time>
      </trkpt>
      <trkpt lat="46.63313" lon="7.7583">
        <ele>1492.26</ele>
        <time>2026-05-04T01:18:28.7690000+00:00</time>
      </trkpt>
      <trkpt lat="46.63316" lon="7.7583">
        <ele>1490.43</ele>
        <time>2026-05-04T01:18:33.5380000+00:00</time>
      </trkpt>
      <trkpt lat="46.63319" lon="7.75827">
        <ele>1488.16</ele>
        <time>2026-05-04T01:18:39.3270000+00:00</time>
      </trkpt>
      <trkpt lat="46.63322" lon="7.75825">
        <ele>1486.04</ele>
        <time>2026-05-04T01:18:44.5740000+00:00</time>
      </trkpt>
      <trkpt lat="46.63326" lon="7.75824">
        <ele>1483.47</ele>
        <time>2026-05-04T01:18:51.0280000+00:00</time>
      </trkpt>
      <trkpt lat="46.63328" lon="7.75824">
        <ele>1482.25</ele>
        <time>2026-05-04T01:18:54.2060000+00:00</time>
      </trkpt>
      <trkpt lat="46.6333" lon="7.75827">
        <ele>1481.45</ele>
        <time>2026-05-04T01:18:58.7740000+00:00</time>
      </trkpt>
      <trkpt lat="46.63331" lon="7.75833">
        <ele>1481.68</ele>
        <time>2026-05-04T01:19:05.5160000+00:00</time>
      </trkpt>
      <trkpt lat="46.63333" lon="7.75843">
        <ele>1481.83</ele>
        <time>2026-05-04T01:19:16.8870000+00:00</time>
      </trkpt>
      <trkpt lat="46.63334" lon="7.75852">
        <ele>1482.45</ele>
        <time>2026-05-04T01:19:26.8410000+00:00</time>
      </trkpt>
      <trkpt lat="46.63337" lon="7.75869">
        <ele>1483.58</ele>
        <time>2026-05-04T01:19:46.0060000+00:00</time>
      </trkpt>
      <trkpt lat="46.63337" lon="7.75876">
        <ele>1484.84</ele>
        <time>2026-05-04T01:19:53.6500000+00:00</time>
      </trkpt>
      <trkpt lat="46.63335" lon="7.75882">
        <ele>1487.17</ele>
        <time>2026-05-04T01:20:00.9330000+00:00</time>
      </trkpt>
      <trkpt lat="46.63334" lon="7.75885">
        <ele>1488.33</ele>
        <time>2026-05-04T01:20:04.5760000+00:00</time>
      </trkpt>
      <trkpt lat="46.63328" lon="7.7589">
        <ele>1492.98</ele>
        <time>2026-05-04T01:20:15.5680000+00:00</time>
      </trkpt>
      <trkpt lat="46.63324" lon="7.7589">
        <ele>1495.48</ele>
        <time>2026-05-04T01:20:21.9290000+00:00</time>
      </trkpt>
      <trkpt lat="46.63321" lon="7.75894">
        <ele>1498.07</ele>
        <time>2026-05-04T01:20:28.3950000+00:00</time>
      </trkpt>
      <trkpt lat="46.63318" lon="7.75902">
        <ele>1501.39</ele>
        <time>2026-05-04T01:20:38.3480000+00:00</time>
      </trkpt>
      <trkpt lat="46.63312" lon="7.75915">
        <ele>1507.48</ele>
        <time>2026-05-04T01:20:55.4510000+00:00</time>
      </trkpt>
      <trkpt lat="46.63309" lon="7.75925">
        <ele>1511.15</ele>
        <time>2026-05-04T01:21:07.3670000+00:00</time>
      </trkpt>
      <trkpt lat="46.63307" lon="7.75934">
        <ele>1514.02</ele>
        <time>2026-05-04T01:21:17.6960000+00:00</time>
      </trkpt>
      <trkpt lat="46.63306" lon="7.75943">
        <ele>1515.52</ele>
        <time>2026-05-04T01:21:27.6500000+00:00</time>
      </trkpt>
      <trkpt lat="46.63305" lon="7.75954">
        <ele>1516.81</ele>
        <time>2026-05-04T01:21:39.7660000+00:00</time>
      </trkpt>
      <trkpt lat="46.63306" lon="7.75964">
        <ele>1516.82</ele>
        <time>2026-05-04T01:21:50.8000000+00:00</time>
      </trkpt>
      <trkpt lat="46.6331" lon="7.75973">
        <ele>1515.02</ele>
        <time>2026-05-04T01:22:02.5050000+00:00</time>
      </trkpt>
      <trkpt lat="46.63313" lon="7.75981">
        <ele>1513.81</ele>
        <time>2026-05-04T01:22:12.4570000+00:00</time>
      </trkpt>
      <trkpt lat="46.63317" lon="7.75989">
        <ele>1512.07</ele>
        <time>2026-05-04T01:22:23.2620000+00:00</time>
      </trkpt>
      <trkpt lat="46.6332" lon="7.75998">
        <ele>1511.04</ele>
        <time>2026-05-04T01:22:34.1860000+00:00</time>
      </trkpt>
      <trkpt lat="46.63322" lon="7.7601">
        <ele>1510.85</ele>
        <time>2026-05-04T01:22:47.6690000+00:00</time>
      </trkpt>
      <trkpt lat="46.63322" lon="7.76018">
        <ele>1511.47</ele>
        <time>2026-05-04T01:22:56.4040000+00:00</time>
      </trkpt>
      <trkpt lat="46.63321" lon="7.76031">
        <ele>1511.11</ele>
        <time>2026-05-04T01:23:10.6880000+00:00</time>
      </trkpt>
      <trkpt lat="46.63317" lon="7.76042">
        <ele>1512.28</ele>
        <time>2026-05-04T01:23:24.2790000+00:00</time>
      </trkpt>
      <trkpt lat="46.6331" lon="7.76062">
        <ele>1514.37</ele>
        <time>2026-05-04T01:23:48.7900000+00:00</time>
      </trkpt>
      <trkpt lat="46.63297" lon="7.76095">
        <ele>1519.02</ele>
        <time>2026-05-04T01:24:30.3300000+00:00</time>
      </trkpt>
      <trkpt lat="46.63288" lon="7.76116">
        <ele>1522.86</ele>
        <time>2026-05-04T01:24:57.3590000+00:00</time>
      </trkpt>
      <trkpt lat="46.63283" lon="7.76128">
        <ele>1525.29</ele>
        <time>2026-05-04T01:25:12.6850000+00:00</time>
      </trkpt>
      <trkpt lat="46.6328" lon="7.76136">
        <ele>1526.65</ele>
        <time>2026-05-04T01:25:22.6370000+00:00</time>
      </trkpt>
      <trkpt lat="46.63269" lon="7.76153">
        <ele>1530.07</ele>
        <time>2026-05-04T01:25:48.1420000+00:00</time>
      </trkpt>
      <trkpt lat="46.63259" lon="7.76166">
        <ele>1533.49</ele>
        <time>2026-05-04T01:26:09.4570000+00:00</time>
      </trkpt>
      <trkpt lat="46.63253" lon="7.76174">
        <ele>1535.62</ele>
        <time>2026-05-04T01:26:22.3920000+00:00</time>
      </trkpt>
      <trkpt lat="46.63251" lon="7.76183">
        <ele>1536.18</ele>
        <time>2026-05-04T01:26:32.7210000+00:00</time>
      </trkpt>
      <trkpt lat="46.63249" lon="7.7619">
        <ele>1536.43</ele>
        <time>2026-05-04T01:26:40.9990000+00:00</time>
      </trkpt>
      <trkpt lat="46.63239" lon="7.76205">
        <ele>1538.65</ele>
        <time>2026-05-04T01:27:03.8260000+00:00</time>
      </trkpt>
      <trkpt lat="46.63231" lon="7.76216">
        <ele>1540.77</ele>
        <time>2026-05-04T01:27:21.3220000+00:00</time>
      </trkpt>
      <trkpt lat="46.63218" lon="7.76238">
        <ele>1544.16</ele>
        <time>2026-05-04T01:27:53.0140000+00:00</time>
      </trkpt>
      <trkpt lat="46.6321" lon="7.76252">
        <ele>1546.49</ele>
        <time>2026-05-04T01:28:12.9000000+00:00</time>
      </trkpt>
      <trkpt lat="46.63202" lon="7.76265">
        <ele>1549.13</ele>
        <time>2026-05-04T01:28:31.9610000+00:00</time>
      </trkpt>
      <trkpt lat="46.63194" lon="7.7628">
        <ele>1550.85</ele>
        <time>2026-05-04T01:28:52.7000000+00:00</time>
      </trkpt>
      <trkpt lat="46.6319" lon="7.76296">
        <ele>1550.59</ele>
        <time>2026-05-04T01:29:11.2920000+00:00</time>
      </trkpt>
      <trkpt lat="46.63189" lon="7.76313">
        <ele>1549.7</ele>
        <time>2026-05-04T01:29:29.9230000+00:00</time>
      </trkpt>
      <trkpt lat="46.63186" lon="7.76322">
        <ele>1549.98</ele>
        <time>2026-05-04T01:29:40.8460000+00:00</time>
      </trkpt>
      <trkpt lat="46.63183" lon="7.76335">
        <ele>1550.16</ele>
        <time>2026-05-04T01:29:55.8210000+00:00</time>
      </trkpt>
      <trkpt lat="46.63182" lon="7.76344">
        <ele>1550.01</ele>
        <time>2026-05-04T01:30:05.7750000+00:00</time>
      </trkpt>
      <trkpt lat="46.63183" lon="7.76356">
        <ele>1549.35</ele>
        <time>2026-05-04T01:30:18.9740000+00:00</time>
      </trkpt>
      <trkpt lat="46.63183" lon="7.76364">
        <ele>1549.85</ele>
        <time>2026-05-04T01:30:27.7090000+00:00</time>
      </trkpt>
      <trkpt lat="46.6318" lon="7.76375">
        <ele>1551.62</ele>
        <time>2026-05-04T01:30:40.6330000+00:00</time>
      </trkpt>
      <trkpt lat="46.6318" lon="7.76381">
        <ele>1551.99</ele>
        <time>2026-05-04T01:30:47.1840000+00:00</time>
      </trkpt>
      <trkpt lat="46.63181" lon="7.76387">
        <ele>1552.01</ele>
        <time>2026-05-04T01:30:53.9260000+00:00</time>
      </trkpt>
      <trkpt lat="46.63183" lon="7.76393">
        <ele>1551.65</ele>
        <time>2026-05-04T01:31:01.2090000+00:00</time>
      </trkpt>
      <trkpt lat="46.63186" lon="7.76417">
        <ele>1552.03</ele>
        <time>2026-05-04T01:31:27.8450000+00:00</time>
      </trkpt>
      <trkpt lat="46.63189" lon="7.76444">
        <ele>1552.67</ele>
        <time>2026-05-04T01:31:57.7100000+00:00</time>
      </trkpt>
      <trkpt lat="46.63191" lon="7.76472">
        <ele>1554.07</ele>
        <time>2026-05-04T01:32:28.4480000+00:00</time>
      </trkpt>
      <trkpt lat="46.63192" lon="7.76496">
        <ele>1555.59</ele>
        <time>2026-05-04T01:32:54.7020000+00:00</time>
      </trkpt>
      <trkpt lat="46.63192" lon="7.76513">
        <ele>1556.9</ele>
        <time>2026-05-04T01:33:13.2650000+00:00</time>
      </trkpt>
      <trkpt lat="46.6319" lon="7.7653">
        <ele>1555.98</ele>
        <time>2026-05-04T01:33:32.0980000+00:00</time>
      </trkpt>
      <trkpt lat="46.63187" lon="7.76546">
        <ele>1553.81</ele>
        <time>2026-05-04T01:33:50.2090000+00:00</time>
      </trkpt>
      <trkpt lat="46.63184" lon="7.76553">
        <ele>1553.36</ele>
        <time>2026-05-04T01:33:59.2190000+00:00</time>
      </trkpt>
      <trkpt lat="46.63177" lon="7.76566">
        <ele>1553</ele>
        <time>2026-05-04T01:34:17.2590000+00:00</time>
      </trkpt>
      <trkpt lat="46.63174" lon="7.76575">
        <ele>1552.26</ele>
        <time>2026-05-04T01:34:28.1820000+00:00</time>
      </trkpt>
      <trkpt lat="46.63171" lon="7.76587">
        <ele>1551.03</ele>
        <time>2026-05-04T01:34:42.1260000+00:00</time>
      </trkpt>
      <trkpt lat="46.63169" lon="7.76603">
        <ele>1548.81</ele>
        <time>2026-05-04T01:34:59.8840000+00:00</time>
      </trkpt>
      <trkpt lat="46.63167" lon="7.7662">
        <ele>1545.95</ele>
        <time>2026-05-04T01:35:18.7170000+00:00</time>
      </trkpt>
      <trkpt lat="46.63165" lon="7.76638">
        <ele>1542.96</ele>
        <time>2026-05-04T01:35:38.6270000+00:00</time>
      </trkpt>
      <trkpt lat="46.63162" lon="7.76655">
        <ele>1540.63</ele>
        <time>2026-05-04T01:35:57.7930000+00:00</time>
      </trkpt>
      <trkpt lat="46.63162" lon="7.76671">
        <ele>1537.44</ele>
        <time>2026-05-04T01:36:15.2630000+00:00</time>
      </trkpt>
      <trkpt lat="46.63162" lon="7.76683">
        <ele>1535.05</ele>
        <time>2026-05-04T01:36:28.3660000+00:00</time>
      </trkpt>
      <trkpt lat="46.63163" lon="7.76687">
        <ele>1533.9</ele>
        <time>2026-05-04T01:36:33.0130000+00:00</time>
      </trkpt>
      <trkpt lat="46.63166" lon="7.76698">
        <ele>1531.12</ele>
        <time>2026-05-04T01:36:45.9370000+00:00</time>
      </trkpt>
      <trkpt lat="46.63167" lon="7.76704">
        <ele>1529.85</ele>
        <time>2026-05-04T01:36:52.6790000+00:00</time>
      </trkpt>
      <trkpt lat="46.63166" lon="7.76714">
        <ele>1528.86</ele>
        <time>2026-05-04T01:37:03.7130000+00:00</time>
      </trkpt>
      <trkpt lat="46.63166" lon="7.76718">
        <ele>1528.3</ele>
        <time>2026-05-04T01:37:08.0800000+00:00</time>
      </trkpt>
      <trkpt lat="46.63166" lon="7.76725">
        <ele>1527.31</ele>
        <time>2026-05-04T01:37:15.7240000+00:00</time>
      </trkpt>
      <trkpt lat="46.63164" lon="7.76732">
        <ele>1527.22</ele>
        <time>2026-05-04T01:37:24.0030000+00:00</time>
      </trkpt>
      <trkpt lat="46.63161" lon="7.76745">
        <ele>1526.79</ele>
        <time>2026-05-04T01:37:38.9790000+00:00</time>
      </trkpt>
      <trkpt lat="46.63161" lon="7.76759">
        <ele>1524.87</ele>
        <time>2026-05-04T01:37:54.2660000+00:00</time>
      </trkpt>
      <trkpt lat="46.63159" lon="7.76776">
        <ele>1524.25</ele>
        <time>2026-05-04T01:38:13.0990000+00:00</time>
      </trkpt>
      <trkpt lat="46.63159" lon="7.76786">
        <ele>1524</ele>
        <time>2026-05-04T01:38:24.0190000+00:00</time>
      </trkpt>
      <trkpt lat="46.63159" lon="7.76796">
        <ele>1523.75</ele>
        <time>2026-05-04T01:38:34.9390000+00:00</time>
      </trkpt>
      <trkpt lat="46.63161" lon="7.76808">
        <ele>1522.47</ele>
        <time>2026-05-04T01:38:48.4220000+00:00</time>
      </trkpt>
      <trkpt lat="46.63162" lon="7.76825">
        <ele>1521.54</ele>
        <time>2026-05-04T01:39:07.0530000+00:00</time>
      </trkpt>
      <trkpt lat="46.63164" lon="7.76842">
        <ele>1520.1</ele>
        <time>2026-05-04T01:39:25.8860000+00:00</time>
      </trkpt>
      <trkpt lat="46.63164" lon="7.76857">
        <ele>1519.24</ele>
        <time>2026-05-04T01:39:42.2640000+00:00</time>
      </trkpt>
      <trkpt lat="46.63164" lon="7.76876">
        <ele>1516.73</ele>
        <time>2026-05-04T01:40:03.0100000+00:00</time>
      </trkpt>
      <trkpt lat="46.63165" lon="7.76891">
        <ele>1514.19</ele>
        <time>2026-05-04T01:40:19.4650000+00:00</time>
      </trkpt>
      <trkpt lat="46.63165" lon="7.769">
        <ele>1512.99</ele>
        <time>2026-05-04T01:40:29.2910000+00:00</time>
      </trkpt>
      <trkpt lat="46.63165" lon="7.76903">
        <ele>1512.58</ele>
        <time>2026-05-04T01:40:32.5670000+00:00</time>
      </trkpt>
      <trkpt lat="46.63165" lon="7.76908">
        <ele>1511.92</ele>
        <time>2026-05-04T01:40:38.0260000+00:00</time>
      </trkpt>
      <trkpt lat="46.63162" lon="7.76935">
        <ele>1510.18</ele>
        <time>2026-05-04T01:41:07.8910000+00:00</time>
      </trkpt>
      <trkpt lat="46.63162" lon="7.76952">
        <ele>1506.5</ele>
        <time>2026-05-04T01:41:26.4530000+00:00</time>
      </trkpt>
      <trkpt lat="46.6316" lon="7.76961">
        <ele>1505.79</ele>
        <time>2026-05-04T01:41:36.7820000+00:00</time>
      </trkpt>
      <trkpt lat="46.63156" lon="7.76975">
        <ele>1505.35</ele>
        <time>2026-05-04T01:41:53.3390000+00:00</time>
      </trkpt>
      <trkpt lat="46.63153" lon="7.76987">
        <ele>1504.76</ele>
        <time>2026-05-04T01:42:07.2830000+00:00</time>
      </trkpt>
      <trkpt lat="46.63148" lon="7.76999">
        <ele>1505.59</ele>
        <time>2026-05-04T01:42:22.6090000+00:00</time>
      </trkpt>
      <trkpt lat="46.63146" lon="7.77008">
        <ele>1505.08</ele>
        <time>2026-05-04T01:42:32.9370000+00:00</time>
      </trkpt>
      <trkpt lat="46.63144" lon="7.77019">
        <ele>1504.18</ele>
        <time>2026-05-04T01:42:45.3620000+00:00</time>
      </trkpt>
      <trkpt lat="46.63142" lon="7.7703">
        <ele>1503.46</ele>
        <time>2026-05-04T01:42:57.7870000+00:00</time>
      </trkpt>
      <trkpt lat="46.63138" lon="7.77045">
        <ele>1503.32</ele>
        <time>2026-05-04T01:43:15.3570000+00:00</time>
      </trkpt>
      <trkpt lat="46.63135" lon="7.77055">
        <ele>1503.43</ele>
        <time>2026-05-04T01:43:27.2730000+00:00</time>
      </trkpt>
      <trkpt lat="46.63132" lon="7.77067">
        <ele>1503.11</ele>
        <time>2026-05-04T01:43:41.2180000+00:00</time>
      </trkpt>
      <trkpt lat="46.6313" lon="7.77076">
        <ele>1502.69</ele>
        <time>2026-05-04T01:43:51.5460000+00:00</time>
      </trkpt>
      <trkpt lat="46.63127" lon="7.77083">
        <ele>1503.32</ele>
        <time>2026-05-04T01:44:00.5550000+00:00</time>
      </trkpt>
      <trkpt lat="46.63124" lon="7.77092">
        <ele>1503.52</ele>
        <time>2026-05-04T01:44:11.4790000+00:00</time>
      </trkpt>
      <trkpt lat="46.6312" lon="7.771">
        <ele>1504.57</ele>
        <time>2026-05-04T01:44:22.2840000+00:00</time>
      </trkpt>
      <trkpt lat="46.63114" lon="7.77106">
        <ele>1507.25</ele>
        <time>2026-05-04T01:44:33.8580000+00:00</time>
      </trkpt>
      <trkpt lat="46.6311" lon="7.77108">
        <ele>1508.01</ele>
        <time>2026-05-04T01:44:40.5830000+00:00</time>
      </trkpt>
      <trkpt lat="46.63102" lon="7.77114">
        <ele>1509.08</ele>
        <time>2026-05-04T01:44:54.8920000+00:00</time>
      </trkpt>
      <trkpt lat="46.63099" lon="7.77115">
        <ele>1509.75</ele>
        <time>2026-05-04T01:44:59.7870000+00:00</time>
      </trkpt>
      <trkpt lat="46.63084" lon="7.77127">
        <ele>1511.5</ele>
        <time>2026-05-04T01:45:27.0010000+00:00</time>
      </trkpt>
      <trkpt lat="46.63076" lon="7.77135">
        <ele>1512.03</ele>
        <time>2026-05-04T01:45:42.4330000+00:00</time>
      </trkpt>
      <trkpt lat="46.63074" lon="7.77143">
        <ele>1510.79</ele>
        <time>2026-05-04T01:45:51.7280000+00:00</time>
      </trkpt>
      <trkpt lat="46.63059" lon="7.77162">
        <ele>1510.71</ele>
        <time>2026-05-04T01:46:23.3400000+00:00</time>
      </trkpt>
      <trkpt lat="46.6305" lon="7.77173">
        <ele>1510.67</ele>
        <time>2026-05-04T01:46:42.0240000+00:00</time>
      </trkpt>
      <trkpt lat="46.63042" lon="7.77189">
        <ele>1509.38</ele>
        <time>2026-05-04T01:47:03.6360000+00:00</time>
      </trkpt>
      <trkpt lat="46.63038" lon="7.77216">
        <ele>1506.22</ele>
        <time>2026-05-04T01:47:33.7960000+00:00</time>
      </trkpt>
      <trkpt lat="46.63035" lon="7.77233">
        <ele>1504.4</ele>
        <time>2026-05-04T01:47:52.9620000+00:00</time>
      </trkpt>
      <trkpt lat="46.63027" lon="7.7727">
        <ele>1500.76</ele>
        <time>2026-05-04T01:48:35.3200000+00:00</time>
      </trkpt>
      <trkpt lat="46.6302" lon="7.77296">
        <ele>1498.88</ele>
        <time>2026-05-04T01:49:05.8140000+00:00</time>
      </trkpt>
      <trkpt lat="46.63014" lon="7.77309">
        <ele>1498.95</ele>
        <time>2026-05-04T01:49:22.9170000+00:00</time>
      </trkpt>
      <trkpt lat="46.63009" lon="7.77317">
        <ele>1499.55</ele>
        <time>2026-05-04T01:49:34.7290000+00:00</time>
      </trkpt>
      <trkpt lat="46.63004" lon="7.77322">
        <ele>1500.62</ele>
        <time>2026-05-04T01:49:44.3740000+00:00</time>
      </trkpt>
      <trkpt lat="46.63001" lon="7.77334">
        <ele>1500.36</ele>
        <time>2026-05-04T01:49:58.3200000+00:00</time>
      </trkpt>
      <trkpt lat="46.63" lon="7.77343">
        <ele>1499.79</ele>
        <time>2026-05-04T01:50:08.2760000+00:00</time>
      </trkpt>
      <trkpt lat="46.62999" lon="7.77353">
        <ele>1499.05</ele>
        <time>2026-05-04T01:50:19.3100000+00:00</time>
      </trkpt>
      <trkpt lat="46.62998" lon="7.77368">
        <ele>1496.22</ele>
        <time>2026-05-04T01:50:35.7660000+00:00</time>
      </trkpt>
      <trkpt lat="46.62996" lon="7.77381">
        <ele>1494.27</ele>
        <time>2026-05-04T01:50:50.3130000+00:00</time>
      </trkpt>
      <trkpt lat="46.62994" lon="7.77392">
        <ele>1492.8</ele>
        <time>2026-05-04T01:51:02.7400000+00:00</time>
      </trkpt>
      <trkpt lat="46.62994" lon="7.77401">
        <ele>1490.91</ele>
        <time>2026-05-04T01:51:12.5670000+00:00</time>
      </trkpt>
      <trkpt lat="46.62995" lon="7.77411">
        <ele>1488.36</ele>
        <time>2026-05-04T01:51:23.6020000+00:00</time>
      </trkpt>
      <trkpt lat="46.62997" lon="7.77423">
        <ele>1484.9</ele>
        <time>2026-05-04T01:51:37.0850000+00:00</time>
      </trkpt>
      <trkpt lat="46.62997" lon="7.77438">
        <ele>1481.51</ele>
        <time>2026-05-04T01:51:53.4650000+00:00</time>
      </trkpt>
      <trkpt lat="46.62995" lon="7.77446">
        <ele>1480.17</ele>
        <time>2026-05-04T01:52:02.7620000+00:00</time>
      </trkpt>
      <trkpt lat="46.62993" lon="7.77452">
        <ele>1479.4</ele>
        <time>2026-05-04T01:52:10.0450000+00:00</time>
      </trkpt>
      <trkpt lat="46.62991" lon="7.77466">
        <ele>1476.32</ele>
        <time>2026-05-04T01:52:25.6590000+00:00</time>
      </trkpt>
      <trkpt lat="46.62988" lon="7.77476">
        <ele>1474.88</ele>
        <time>2026-05-04T01:52:37.5750000+00:00</time>
      </trkpt>
      <trkpt lat="46.62982" lon="7.77488">
        <ele>1474.31</ele>
        <time>2026-05-04T01:52:53.7840000+00:00</time>
      </trkpt>
      <trkpt lat="46.62976" lon="7.77501">
        <ele>1473.44</ele>
        <time>2026-05-04T01:53:10.8880000+00:00</time>
      </trkpt>
      <trkpt lat="46.62969" lon="7.77514">
        <ele>1473.06</ele>
        <time>2026-05-04T01:53:28.9280000+00:00</time>
      </trkpt>
      <trkpt lat="46.62965" lon="7.77522">
        <ele>1473.05</ele>
        <time>2026-05-04T01:53:39.7320000+00:00</time>
      </trkpt>
      <trkpt lat="46.62964" lon="7.77526">
        <ele>1472.84</ele>
        <time>2026-05-04T01:53:44.3800000+00:00</time>
      </trkpt>
      <trkpt lat="46.62963" lon="7.77531">
        <ele>1472.45</ele>
        <time>2026-05-04T01:53:50.0660000+00:00</time>
      </trkpt>
      <trkpt lat="46.6296" lon="7.77538">
        <ele>1472.65</ele>
        <time>2026-05-04T01:53:59.0750000+00:00</time>
      </trkpt>
      <trkpt lat="46.62959" lon="7.77543">
        <ele>1472.25</ele>
        <time>2026-05-04T01:54:04.7610000+00:00</time>
      </trkpt>
      <trkpt lat="46.62955" lon="7.77551">
        <ele>1472.71</ele>
        <time>2026-05-04T01:54:15.5670000+00:00</time>
      </trkpt>
      <trkpt lat="46.62953" lon="7.77554">
        <ele>1473.11</ele>
        <time>2026-05-04T01:54:20.1350000+00:00</time>
      </trkpt>
      <trkpt lat="46.62948" lon="7.77558">
        <ele>1474.71</ele>
        <time>2026-05-04T01:54:29.2060000+00:00</time>
      </trkpt>
      <trkpt lat="46.62939" lon="7.77569">
        <ele>1478.32</ele>
        <time>2026-05-04T01:54:47.8900000+00:00</time>
      </trkpt>
      <trkpt lat="46.62933" lon="7.77575">
        <ele>1481.14</ele>
        <time>2026-05-04T01:54:59.4640000+00:00</time>
      </trkpt>
      <trkpt lat="46.62927" lon="7.77576">
        <ele>1484.81</ele>
        <time>2026-05-04T01:55:09.0670000+00:00</time>
      </trkpt>
      <trkpt lat="46.62924" lon="7.77581">
        <ele>1485.98</ele>
        <time>2026-05-04T01:55:16.3190000+00:00</time>
      </trkpt>
      <trkpt lat="46.62923" lon="7.77585">
        <ele>1486.03</ele>
        <time>2026-05-04T01:55:20.9660000+00:00</time>
      </trkpt>
      <trkpt lat="46.62918" lon="7.7759">
        <ele>1488.57</ele>
        <time>2026-05-04T01:55:30.6120000+00:00</time>
      </trkpt>
      <trkpt lat="46.62914" lon="7.77595">
        <ele>1490.52</ele>
        <time>2026-05-04T01:55:38.9950000+00:00</time>
      </trkpt>
      <trkpt lat="46.62906" lon="7.77598">
        <ele>1495.45</ele>
        <time>2026-05-04T01:55:52.1310000+00:00</time>
      </trkpt>
      <trkpt lat="46.62897" lon="7.77604">
        <ele>1501.11</ele>
        <time>2026-05-04T01:56:07.8710000+00:00</time>
      </trkpt>
      <trkpt lat="46.6289" lon="7.77613">
        <ele>1506.38</ele>
        <time>2026-05-04T01:56:22.7200000+00:00</time>
      </trkpt>
      <trkpt lat="46.62884" lon="7.77619">
        <ele>1510.88</ele>
        <time>2026-05-04T01:56:34.2940000+00:00</time>
      </trkpt>
      <trkpt lat="46.62877" lon="7.77631">
        <ele>1516.56</ele>
        <time>2026-05-04T01:56:51.4860000+00:00</time>
      </trkpt>
      <trkpt lat="46.62872" lon="7.77639">
        <ele>1520.67</ele>
        <time>2026-05-04T01:57:03.2980000+00:00</time>
      </trkpt>
      <trkpt lat="46.62868" lon="7.77644">
        <ele>1523.89</ele>
        <time>2026-05-04T01:57:11.6800000+00:00</time>
      </trkpt>
      <trkpt lat="46.62864" lon="7.77654">
        <ele>1527.5</ele>
        <time>2026-05-04T01:57:24.3170000+00:00</time>
      </trkpt>
      <trkpt lat="46.62862" lon="7.77661">
        <ele>1529.08</ele>
        <time>2026-05-04T01:57:32.5960000+00:00</time>
      </trkpt>
      <trkpt lat="46.62859" lon="7.77672">
        <ele>1531.63</ele>
        <time>2026-05-04T01:57:45.5210000+00:00</time>
      </trkpt>
      <trkpt lat="46.62856" lon="7.77678">
        <ele>1533.82</ele>
        <time>2026-05-04T01:57:53.6260000+00:00</time>
      </trkpt>
      <trkpt lat="46.62852" lon="7.77683">
        <ele>1536.53</ele>
        <time>2026-05-04T01:58:02.0100000+00:00</time>
      </trkpt>
      <trkpt lat="46.62846" lon="7.777">
        <ele>1542</ele>
        <time>2026-05-04T01:58:22.8820000+00:00</time>
      </trkpt>
      <trkpt lat="46.62841" lon="7.77716">
        <ele>1547.01</ele>
        <time>2026-05-04T01:58:42.0770000+00:00</time>
      </trkpt>
      <trkpt lat="46.62833" lon="7.7774">
        <ele>1555.17</ele>
        <time>2026-05-04T01:59:11.2090000+00:00</time>
      </trkpt>
      <trkpt lat="46.62826" lon="7.7776">
        <ele>1562.53</ele>
        <time>2026-05-04T01:59:35.7220000+00:00</time>
      </trkpt>
      <trkpt lat="46.62822" lon="7.77773">
        <ele>1567.15</ele>
        <time>2026-05-04T01:59:51.2770000+00:00</time>
      </trkpt>
      <trkpt lat="46.62821" lon="7.77779">
        <ele>1568.78</ele>
        <time>2026-05-04T01:59:58.0200000+00:00</time>
      </trkpt>
      <trkpt lat="46.6282" lon="7.77786">
        <ele>1570.6</ele>
        <time>2026-05-04T02:00:05.8290000+00:00</time>
      </trkpt>
      <trkpt lat="46.6282" lon="7.77791">
        <ele>1571.42</ele>
        <time>2026-05-04T02:00:11.2900000+00:00</time>
      </trkpt>
      <trkpt lat="46.6282" lon="7.77796">
        <ele>1572.25</ele>
        <time>2026-05-04T02:00:16.7500000+00:00</time>
      </trkpt>
      <trkpt lat="46.62818" lon="7.77799">
        <ele>1574.1</ele>
        <time>2026-05-04T02:00:21.3160000+00:00</time>
      </trkpt>
      <trkpt lat="46.62816" lon="7.77801">
        <ele>1575.79</ele>
        <time>2026-05-04T02:00:25.1750000+00:00</time>
      </trkpt>
      <trkpt lat="46.62811" lon="7.77802">
        <ele>1579.38</ele>
        <time>2026-05-04T02:00:33.2000000+00:00</time>
      </trkpt>
      <trkpt lat="46.62805" lon="7.77803">
        <ele>1583.65</ele>
        <time>2026-05-04T02:00:42.8030000+00:00</time>
      </trkpt>
      <trkpt lat="46.62799" lon="7.77806">
        <ele>1588.31</ele>
        <time>2026-05-04T02:00:52.8910000+00:00</time>
      </trkpt>
      <trkpt lat="46.62794" lon="7.77808">
        <ele>1592.12</ele>
        <time>2026-05-04T02:01:01.1360000+00:00</time>
      </trkpt>
      <trkpt lat="46.62792" lon="7.77809">
        <ele>1593.69</ele>
        <time>2026-05-04T02:01:04.5000000+00:00</time>
      </trkpt>
      <trkpt lat="46.62788" lon="7.77812">
        <ele>1597.04</ele>
        <time>2026-05-04T02:01:11.6560000+00:00</time>
      </trkpt>
      <trkpt lat="46.6278" lon="7.77822">
        <ele>1604.04</ele>
        <time>2026-05-04T02:01:28.4210000+00:00</time>
      </trkpt>
      <trkpt lat="46.62776" lon="7.77827">
        <ele>1605.62</ele>
        <time>2026-05-04T02:01:36.8030000+00:00</time>
      </trkpt>
      <trkpt lat="46.6277" lon="7.77831">
        <ele>1607.38</ele>
        <time>2026-05-04T02:01:47.2960000+00:00</time>
      </trkpt>
      <trkpt lat="46.6276" lon="7.77838">
        <ele>1610.68</ele>
        <time>2026-05-04T02:02:04.9390000+00:00</time>
      </trkpt>
      <trkpt lat="46.62754" lon="7.77841">
        <ele>1612.51</ele>
        <time>2026-05-04T02:02:15.0270000+00:00</time>
      </trkpt>
      <trkpt lat="46.62746" lon="7.77843">
        <ele>1614.51</ele>
        <time>2026-05-04T02:02:27.9350000+00:00</time>
      </trkpt>
      <trkpt lat="46.62732" lon="7.77845">
        <ele>1617.71</ele>
        <time>2026-05-04T02:02:50.3030000+00:00</time>
      </trkpt>
      <trkpt lat="46.62723" lon="7.77848">
        <ele>1620.47</ele>
        <time>2026-05-04T02:03:04.9850000+00:00</time>
      </trkpt>
      <trkpt lat="46.62712" lon="7.7785">
        <ele>1623.39</ele>
        <time>2026-05-04T02:03:22.6130000+00:00</time>
      </trkpt>
      <trkpt lat="46.62704" lon="7.77851">
        <ele>1625.4</ele>
        <time>2026-05-04T02:03:35.3800000+00:00</time>
      </trkpt>
      <trkpt lat="46.627" lon="7.77853">
        <ele>1626.83</ele>
        <time>2026-05-04T02:03:42.1050000+00:00</time>
      </trkpt>
      <trkpt lat="46.62696" lon="7.77854">
        <ele>1626.73</ele>
        <time>2026-05-04T02:03:48.5590000+00:00</time>
      </trkpt>
      <trkpt lat="46.62694" lon="7.77858">
        <ele>1626.78</ele>
        <time>2026-05-04T02:03:53.9620000+00:00</time>
      </trkpt>
      <trkpt lat="46.62691" lon="7.77864">
        <ele>1626.86</ele>
        <time>2026-05-04T02:04:02.0670000+00:00</time>
      </trkpt>
      <trkpt lat="46.62689" lon="7.77873">
        <ele>1628.13</ele>
        <time>2026-05-04T02:04:12.3970000+00:00</time>
      </trkpt>
      <trkpt lat="46.62688" lon="7.77881">
        <ele>1629.61</ele>
        <time>2026-05-04T02:04:21.2770000+00:00</time>
      </trkpt>
      <trkpt lat="46.62688" lon="7.77892">
        <ele>1632.26</ele>
        <time>2026-05-04T02:04:33.2880000+00:00</time>
      </trkpt>
      <trkpt lat="46.62688" lon="7.77908">
        <ele>1636.13</ele>
        <time>2026-05-04T02:04:50.7600000+00:00</time>
      </trkpt>
      <trkpt lat="46.62687" lon="7.77925">
        <ele>1639.79</ele>
        <time>2026-05-04T02:05:09.3930000+00:00</time>
      </trkpt>
      <trkpt lat="46.62687" lon="7.77939">
        <ele>1641.8</ele>
        <time>2026-05-04T02:05:24.6800000+00:00</time>
      </trkpt>
      <trkpt lat="46.62688" lon="7.77948">
        <ele>1641.2</ele>
        <time>2026-05-04T02:05:34.6360000+00:00</time>
      </trkpt>
      <trkpt lat="46.62687" lon="7.77956">
        <ele>1639.97</ele>
        <time>2026-05-04T02:05:43.5160000+00:00</time>
      </trkpt>
      <trkpt lat="46.62686" lon="7.77964">
        <ele>1638.82</ele>
        <time>2026-05-04T02:05:52.3960000+00:00</time>
      </trkpt>
      <trkpt lat="46.62686" lon="7.77967">
        <ele>1638.52</ele>
        <time>2026-05-04T02:05:55.6730000+00:00</time>
      </trkpt>
      <trkpt lat="46.62687" lon="7.77973">
        <ele>1638.14</ele>
        <time>2026-05-04T02:06:02.4150000+00:00</time>
      </trkpt>
      <trkpt lat="46.62687" lon="7.77975">
        <ele>1637.92</ele>
        <time>2026-05-04T02:06:04.5960000+00:00</time>
      </trkpt>
      <trkpt lat="46.62685" lon="7.7798">
        <ele>1637</ele>
        <time>2026-05-04T02:06:10.9140000+00:00</time>
      </trkpt>
      <trkpt lat="46.62685" lon="7.77984">
        <ele>1636.61</ele>
        <time>2026-05-04T02:06:15.2820000+00:00</time>
      </trkpt>
      <trkpt lat="46.62686" lon="7.7799">
        <ele>1636.17</ele>
        <time>2026-05-04T02:06:22.0230000+00:00</time>
      </trkpt>
      <trkpt lat="46.62684" lon="7.77998">
        <ele>1635.17</ele>
        <time>2026-05-04T02:06:31.3210000+00:00</time>
      </trkpt>
      <trkpt lat="46.62679" lon="7.78011">
        <ele>1633.91</ele>
        <time>2026-05-04T02:06:47.5920000+00:00</time>
      </trkpt>
      <trkpt lat="46.62674" lon="7.78024">
        <ele>1631.73</ele>
        <time>2026-05-04T02:07:03.8630000+00:00</time>
      </trkpt>
      <trkpt lat="46.6267" lon="7.78034">
        <ele>1628.9</ele>
        <time>2026-05-04T02:07:16.4990000+00:00</time>
      </trkpt>
      <trkpt lat="46.62664" lon="7.78044">
        <ele>1626.77</ele>
        <time>2026-05-04T02:07:31.0000000+00:00</time>
      </trkpt>
      <trkpt lat="46.62659" lon="7.78054">
        <ele>1625.06</ele>
        <time>2026-05-04T02:07:44.5080000+00:00</time>
      </trkpt>
      <trkpt lat="46.62652" lon="7.78069">
        <ele>1623.28</ele>
        <time>2026-05-04T02:08:04.3120000+00:00</time>
      </trkpt>
      <trkpt lat="46.62645" lon="7.78083">
        <ele>1622.75</ele>
        <time>2026-05-04T02:08:23.2230000+00:00</time>
      </trkpt>
      <trkpt lat="46.6264" lon="7.78095">
        <ele>1622.67</ele>
        <time>2026-05-04T02:08:38.5500000+00:00</time>
      </trkpt>
      <trkpt lat="46.62637" lon="7.781">
        <ele>1623.21</ele>
        <time>2026-05-04T02:08:45.8000000+00:00</time>
      </trkpt>
      <trkpt lat="46.62634" lon="7.78104">
        <ele>1623.62</ele>
        <time>2026-05-04T02:08:52.2680000+00:00</time>
      </trkpt>
      <trkpt lat="46.62625" lon="7.78109">
        <ele>1626.29</ele>
        <time>2026-05-04T02:09:07.5860000+00:00</time>
      </trkpt>
      <trkpt lat="46.62621" lon="7.78113">
        <ele>1627.07</ele>
        <time>2026-05-04T02:09:15.3010000+00:00</time>
      </trkpt>
      <trkpt lat="46.62617" lon="7.78119">
        <ele>1627.4</ele>
        <time>2026-05-04T02:09:24.4330000+00:00</time>
      </trkpt>
      <trkpt lat="46.62609" lon="7.78128">
        <ele>1627.35</ele>
        <time>2026-05-04T02:09:40.5090000+00:00</time>
      </trkpt>
      <trkpt lat="46.62604" lon="7.78136">
        <ele>1626.46</ele>
        <time>2026-05-04T02:09:52.3220000+00:00</time>
      </trkpt>
      <trkpt lat="46.62595" lon="7.78152">
        <ele>1625.03</ele>
        <time>2026-05-04T02:10:14.9070000+00:00</time>
      </trkpt>
      <trkpt lat="46.6259" lon="7.7816">
        <ele>1624.72</ele>
        <time>2026-05-04T02:10:26.7190000+00:00</time>
      </trkpt>
      <trkpt lat="46.62587" lon="7.78165">
        <ele>1624.58</ele>
        <time>2026-05-04T02:10:33.9690000+00:00</time>
      </trkpt>
      <trkpt lat="46.62585" lon="7.78166">
        <ele>1624.95</ele>
        <time>2026-05-04T02:10:37.3300000+00:00</time>
      </trkpt>
      <trkpt lat="46.62582" lon="7.78166">
        <ele>1625.79</ele>
        <time>2026-05-04T02:10:42.0990000+00:00</time>
      </trkpt>
      <trkpt lat="46.62581" lon="7.78166">
        <ele>1626.06</ele>
        <time>2026-05-04T02:10:43.6940000+00:00</time>
      </trkpt>
      <trkpt lat="46.62574" lon="7.78166">
        <ele>1628.01</ele>
        <time>2026-05-04T02:10:54.8250000+00:00</time>
      </trkpt>
      <trkpt lat="46.6257" lon="7.78167">
        <ele>1628.98</ele>
        <time>2026-05-04T02:11:01.2790000+00:00</time>
      </trkpt>
      <trkpt lat="46.62568" lon="7.78168">
        <ele>1629.4</ele>
        <time>2026-05-04T02:11:04.6430000+00:00</time>
      </trkpt>
      <trkpt lat="46.62568" lon="7.78172">
        <ele>1628.85</ele>
        <time>2026-05-04T02:11:09.0130000+00:00</time>
      </trkpt>
      <trkpt lat="46.62567" lon="7.78175">
        <ele>1628.74</ele>
        <time>2026-05-04T02:11:12.6550000+00:00</time>
      </trkpt>
      <trkpt lat="46.62566" lon="7.78177">
        <ele>1628.77</ele>
        <time>2026-05-04T02:11:15.3570000+00:00</time>
      </trkpt>
      <trkpt lat="46.62564" lon="7.78179">
        <ele>1629.12</ele>
        <time>2026-05-04T02:11:19.2140000+00:00</time>
      </trkpt>
      <trkpt lat="46.62561" lon="7.7818">
        <ele>1629.93</ele>
        <time>2026-05-04T02:11:24.1050000+00:00</time>
      </trkpt>
      <trkpt lat="46.62555" lon="7.78175">
        <ele>1632.34</ele>
        <time>2026-05-04T02:11:35.0970000+00:00</time>
      </trkpt>
      <trkpt lat="46.62554" lon="7.78177">
        <ele>1632.43</ele>
        <time>2026-05-04T02:11:37.7990000+00:00</time>
      </trkpt>
      <trkpt lat="46.62551" lon="7.78181">
        <ele>1632.96</ele>
        <time>2026-05-04T02:11:44.2670000+00:00</time>
      </trkpt>
      <trkpt lat="46.62546" lon="7.78184">
        <ele>1634.28</ele>
        <time>2026-05-04T02:11:52.8660000+00:00</time>
      </trkpt>
      <trkpt lat="46.62544" lon="7.7819">
        <ele>1634.02</ele>
        <time>2026-05-04T02:12:00.1490000+00:00</time>
      </trkpt>
      <trkpt lat="46.62542" lon="7.78192">
        <ele>1634.36</ele>
        <time>2026-05-04T02:12:04.0080000+00:00</time>
      </trkpt>
      <trkpt lat="46.6254" lon="7.78196">
        <ele>1634.41</ele>
        <time>2026-05-04T02:12:09.4110000+00:00</time>
      </trkpt>
      <trkpt lat="46.62538" lon="7.78197">
        <ele>1634.93</ele>
        <time>2026-05-04T02:12:12.7700000+00:00</time>
      </trkpt>
      <trkpt lat="46.62534" lon="7.78198">
        <ele>1636.15</ele>
        <time>2026-05-04T02:12:19.2240000+00:00</time>
      </trkpt>
      <trkpt lat="46.62531" lon="7.78197">
        <ele>1637.34</ele>
        <time>2026-05-04T02:12:24.1150000+00:00</time>
      </trkpt>
      <trkpt lat="46.62528" lon="7.78196">
        <ele>1638.72</ele>
        <time>2026-05-04T02:12:29.0060000+00:00</time>
      </trkpt>
      <trkpt lat="46.62524" lon="7.78191">
        <ele>1641.04</ele>
        <time>2026-05-04T02:12:37.3880000+00:00</time>
      </trkpt>
      <trkpt lat="46.62521" lon="7.78187">
        <ele>1642.77</ele>
        <time>2026-05-04T02:12:43.8560000+00:00</time>
      </trkpt>
      <trkpt lat="46.62519" lon="7.78185">
        <ele>1643.83</ele>
        <time>2026-05-04T02:12:47.7150000+00:00</time>
      </trkpt>
      <trkpt lat="46.62517" lon="7.78185">
        <ele>1644.62</ele>
        <time>2026-05-04T02:12:50.8930000+00:00</time>
      </trkpt>
      <trkpt lat="46.62514" lon="7.78182">
        <ele>1645.86</ele>
        <time>2026-05-04T02:12:56.6790000+00:00</time>
      </trkpt>
      <trkpt lat="46.62512" lon="7.7818">
        <ele>1646.65</ele>
        <time>2026-05-04T02:13:00.5380000+00:00</time>
      </trkpt>
      <trkpt lat="46.62512" lon="7.78182">
        <ele>1646.64</ele>
        <time>2026-05-04T02:13:02.7220000+00:00</time>
      </trkpt>
      <trkpt lat="46.62512" lon="7.78184">
        <ele>1646.62</ele>
        <time>2026-05-04T02:13:04.9070000+00:00</time>
      </trkpt>
      <trkpt lat="46.6251" lon="7.78186">
        <ele>1647.28</ele>
        <time>2026-05-04T02:13:08.7660000+00:00</time>
      </trkpt>
      <trkpt lat="46.62508" lon="7.78187">
        <ele>1647.97</ele>
        <time>2026-05-04T02:13:12.1300000+00:00</time>
      </trkpt>
      <trkpt lat="46.62506" lon="7.78191">
        <ele>1648.33</ele>
        <time>2026-05-04T02:13:17.5330000+00:00</time>
      </trkpt>
      <trkpt lat="46.62504" lon="7.78196">
        <ele>1648.62</ele>
        <time>2026-05-04T02:13:23.8530000+00:00</time>
      </trkpt>
      <trkpt lat="46.62502" lon="7.782">
        <ele>1649.04</ele>
        <time>2026-05-04T02:13:29.2560000+00:00</time>
      </trkpt>
      <trkpt lat="46.62499" lon="7.78204">
        <ele>1649.9</ele>
        <time>2026-05-04T02:13:35.7250000+00:00</time>
      </trkpt>
      <trkpt lat="46.62497" lon="7.78205">
        <ele>1650.65</ele>
        <time>2026-05-04T02:13:39.0860000+00:00</time>
      </trkpt>
      <trkpt lat="46.62494" lon="7.78208">
        <ele>1651.66</ele>
        <time>2026-05-04T02:13:44.8710000+00:00</time>
      </trkpt>
      <trkpt lat="46.6249" lon="7.78212">
        <ele>1653.04</ele>
        <time>2026-05-04T02:13:52.5870000+00:00</time>
      </trkpt>
      <trkpt lat="46.62488" lon="7.78213">
        <ele>1653.83</ele>
        <time>2026-05-04T02:13:55.9510000+00:00</time>
      </trkpt>
      <trkpt lat="46.62485" lon="7.78213">
        <ele>1655.14</ele>
        <time>2026-05-04T02:14:00.7200000+00:00</time>
      </trkpt>
      <trkpt lat="46.62484" lon="7.78216">
        <ele>1655.35</ele>
        <time>2026-05-04T02:14:04.3600000+00:00</time>
      </trkpt>
      <trkpt lat="46.62482" lon="7.78215">
        <ele>1656.3</ele>
        <time>2026-05-04T02:14:07.7210000+00:00</time>
      </trkpt>
      <trkpt lat="46.6248" lon="7.78215">
        <ele>1657.18</ele>
        <time>2026-05-04T02:14:10.8990000+00:00</time>
      </trkpt>
      <trkpt lat="46.62479" lon="7.78218">
        <ele>1657.42</ele>
        <time>2026-05-04T02:14:14.5370000+00:00</time>
      </trkpt>
      <trkpt lat="46.62479" lon="7.7822">
        <ele>1657.28</ele>
        <time>2026-05-04T02:14:16.7180000+00:00</time>
      </trkpt>
      <trkpt lat="46.62477" lon="7.78222">
        <ele>1658.04</ele>
        <time>2026-05-04T02:14:20.5770000+00:00</time>
      </trkpt>
      <trkpt lat="46.62475" lon="7.78222">
        <ele>1658.94</ele>
        <time>2026-05-04T02:14:23.7550000+00:00</time>
      </trkpt>
      <trkpt lat="46.62473" lon="7.78221">
        <ele>1659.9</ele>
        <time>2026-05-04T02:14:27.1190000+00:00</time>
      </trkpt>
      <trkpt lat="46.6247" lon="7.7822">
        <ele>1661.3</ele>
        <time>2026-05-04T02:14:32.0140000+00:00</time>
      </trkpt>
      <trkpt lat="46.62467" lon="7.7822">
        <ele>1662.64</ele>
        <time>2026-05-04T02:14:36.7850000+00:00</time>
      </trkpt>
      <trkpt lat="46.62465" lon="7.78218">
        <ele>1663.64</ele>
        <time>2026-05-04T02:14:40.6440000+00:00</time>
      </trkpt>
      <trkpt lat="46.62462" lon="7.78218">
        <ele>1664.97</ele>
        <time>2026-05-04T02:14:45.4130000+00:00</time>
      </trkpt>
      <trkpt lat="46.62462" lon="7.78223">
        <ele>1664.75</ele>
        <time>2026-05-04T02:14:50.8740000+00:00</time>
      </trkpt>
      <trkpt lat="46.62461" lon="7.78226">
        <ele>1665.07</ele>
        <time>2026-05-04T02:14:54.5160000+00:00</time>
      </trkpt>
      <trkpt lat="46.62459" lon="7.78227">
        <ele>1665.94</ele>
        <time>2026-05-04T02:14:57.8800000+00:00</time>
      </trkpt>
      <trkpt lat="46.62455" lon="7.78229">
        <ele>1667.7</ele>
        <time>2026-05-04T02:15:04.6060000+00:00</time>
      </trkpt>
      <trkpt lat="46.62449" lon="7.78229">
        <ele>1670.46</ele>
        <time>2026-05-04T02:15:14.1460000+00:00</time>
      </trkpt>
      <trkpt lat="46.62447" lon="7.78233">
        <ele>1671.37</ele>
        <time>2026-05-04T02:15:19.5490000+00:00</time>
      </trkpt>
      <trkpt lat="46.62446" lon="7.7824">
        <ele>1671.79</ele>
        <time>2026-05-04T02:15:27.3560000+00:00</time>
      </trkpt>
      <trkpt lat="46.62444" lon="7.7824">
        <ele>1672.92</ele>
        <time>2026-05-04T02:15:30.5370000+00:00</time>
      </trkpt>
      <trkpt lat="46.62442" lon="7.78239">
        <ele>1674.06</ele>
        <time>2026-05-04T02:15:33.9010000+00:00</time>
      </trkpt>
      <trkpt lat="46.6244" lon="7.7824">
        <ele>1675.19</ele>
        <time>2026-05-04T02:15:37.2650000+00:00</time>
      </trkpt>
      <trkpt lat="46.62435" lon="7.78241">
        <ele>1678.04</ele>
        <time>2026-05-04T02:15:45.2900000+00:00</time>
      </trkpt>
      <trkpt lat="46.62432" lon="7.78242">
        <ele>1679.78</ele>
        <time>2026-05-04T02:15:50.1850000+00:00</time>
      </trkpt>
      <trkpt lat="46.62432" lon="7.78244">
        <ele>1679.82</ele>
        <time>2026-05-04T02:15:52.3740000+00:00</time>
      </trkpt>
      <trkpt lat="46.62434" lon="7.78246">
        <ele>1678.69</ele>
        <time>2026-05-04T02:15:56.2330000+00:00</time>
      </trkpt>
      <trkpt lat="46.62435" lon="7.78249">
        <ele>1678.15</ele>
        <time>2026-05-04T02:15:59.8750000+00:00</time>
      </trkpt>
      <trkpt lat="46.62434" lon="7.78251">
        <ele>1678.78</ele>
        <time>2026-05-04T02:16:02.5770000+00:00</time>
      </trkpt>
      <trkpt lat="46.62432" lon="7.78251">
        <ele>1679.97</ele>
        <time>2026-05-04T02:16:05.7610000+00:00</time>
      </trkpt>
      <trkpt lat="46.62429" lon="7.78253">
        <ele>1681.83</ele>
        <time>2026-05-04T02:16:11.0080000+00:00</time>
      </trkpt>
      <trkpt lat="46.62425" lon="7.78254">
        <ele>1684.29</ele>
        <time>2026-05-04T02:16:17.4620000+00:00</time>
      </trkpt>
      <trkpt lat="46.62421" lon="7.78255">
        <ele>1686.78</ele>
        <time>2026-05-04T02:16:23.9160000+00:00</time>
      </trkpt>
      <trkpt lat="46.62421" lon="7.7826">
        <ele>1687.05</ele>
        <time>2026-05-04T02:16:29.3790000+00:00</time>
      </trkpt>
      <trkpt lat="46.62422" lon="7.78263">
        <ele>1686.58</ele>
        <time>2026-05-04T02:16:33.0220000+00:00</time>
      </trkpt>
      <trkpt lat="46.62424" lon="7.78265">
        <ele>1685.4</ele>
        <time>2026-05-04T02:16:36.8810000+00:00</time>
      </trkpt>
      <trkpt lat="46.62423" lon="7.78271">
        <ele>1686.35</ele>
        <time>2026-05-04T02:16:43.6240000+00:00</time>
      </trkpt>
      <trkpt lat="46.62425" lon="7.78277">
        <ele>1685.34</ele>
        <time>2026-05-04T02:16:50.9080000+00:00</time>
      </trkpt>
      <trkpt lat="46.62426" lon="7.78286">
        <ele>1685.1</ele>
        <time>2026-05-04T02:17:00.8640000+00:00</time>
      </trkpt>
      <trkpt lat="46.62425" lon="7.78288">
        <ele>1685.9</ele>
        <time>2026-05-04T02:17:03.5650000+00:00</time>
      </trkpt>
      <trkpt lat="46.62423" lon="7.78288">
        <ele>1687.31</ele>
        <time>2026-05-04T02:17:06.7490000+00:00</time>
      </trkpt>
      <trkpt lat="46.62421" lon="7.78286">
        <ele>1688.59</ele>
        <time>2026-05-04T02:17:10.6080000+00:00</time>
      </trkpt>
      <trkpt lat="46.62415" lon="7.78284">
        <ele>1692.62</ele>
        <time>2026-05-04T02:17:20.3960000+00:00</time>
      </trkpt>
      <trkpt lat="46.62411" lon="7.78284">
        <ele>1695.39</ele>
        <time>2026-05-04T02:17:26.7580000+00:00</time>
      </trkpt>
      <trkpt lat="46.62409" lon="7.78286">
        <ele>1696.96</ele>
        <time>2026-05-04T02:17:30.6170000+00:00</time>
      </trkpt>
      <trkpt lat="46.62411" lon="7.78289">
        <ele>1695.84</ele>
        <time>2026-05-04T02:17:35.1830000+00:00</time>
      </trkpt>
      <trkpt lat="46.62411" lon="7.78292">
        <ele>1696.1</ele>
        <time>2026-05-04T02:17:38.4580000+00:00</time>
      </trkpt>
      <trkpt lat="46.62411" lon="7.78294">
        <ele>1696.28</ele>
        <time>2026-05-04T02:17:40.6430000+00:00</time>
      </trkpt>
      <trkpt lat="46.62409" lon="7.78295">
        <ele>1697.82</ele>
        <time>2026-05-04T02:17:44.0040000+00:00</time>
      </trkpt>
      <trkpt lat="46.62407" lon="7.78294">
        <ele>1699.16</ele>
        <time>2026-05-04T02:17:47.3630000+00:00</time>
      </trkpt>
      <trkpt lat="46.62406" lon="7.78296">
        <ele>1700.08</ele>
        <time>2026-05-04T02:17:50.0640000+00:00</time>
      </trkpt>
      <trkpt lat="46.62406" lon="7.78298">
        <ele>1700.29</ele>
        <time>2026-05-04T02:17:52.2490000+00:00</time>
      </trkpt>
      <trkpt lat="46.62406" lon="7.78302">
        <ele>1700.7</ele>
        <time>2026-05-04T02:17:56.6190000+00:00</time>
      </trkpt>
      <trkpt lat="46.62406" lon="7.78305">
        <ele>1701.01</ele>
        <time>2026-05-04T02:17:59.8940000+00:00</time>
      </trkpt>
      <trkpt lat="46.62404" lon="7.78305">
        <ele>1702.51</ele>
        <time>2026-05-04T02:18:03.0780000+00:00</time>
      </trkpt>
      <trkpt lat="46.62402" lon="7.78303">
        <ele>1703.78</ele>
        <time>2026-05-04T02:18:06.9370000+00:00</time>
      </trkpt>
      <trkpt lat="46.624" lon="7.78302">
        <ele>1705.15</ele>
        <time>2026-05-04T02:18:10.2980000+00:00</time>
      </trkpt>
      <trkpt lat="46.62399" lon="7.78303">
        <ele>1706.01</ele>
        <time>2026-05-04T02:18:12.2280000+00:00</time>
      </trkpt>
      <trkpt lat="46.624" lon="7.78305">
        <ele>1705.51</ele>
        <time>2026-05-04T02:18:14.9290000+00:00</time>
      </trkpt>
      <trkpt lat="46.62399" lon="7.78307">
        <ele>1706.5</ele>
        <time>2026-05-04T02:18:17.6310000+00:00</time>
      </trkpt>
      <trkpt lat="46.62398" lon="7.78305">
        <ele>1707.01</ele>
        <time>2026-05-04T02:18:20.3360000+00:00</time>
      </trkpt>
      <trkpt lat="46.62396" lon="7.78305">
        <ele>1708.51</ele>
        <time>2026-05-04T02:18:23.5140000+00:00</time>
      </trkpt>
      <trkpt lat="46.62394" lon="7.78305">
        <ele>1710.01</ele>
        <time>2026-05-04T02:18:26.6950000+00:00</time>
      </trkpt>
      <trkpt lat="46.62394" lon="7.78306">
        <ele>1710.14</ele>
        <time>2026-05-04T02:18:27.7890000+00:00</time>
      </trkpt>
      <trkpt lat="46.62392" lon="7.78306">
        <ele>1711.65</ele>
        <time>2026-05-04T02:18:30.9730000+00:00</time>
      </trkpt>
      <trkpt lat="46.6239" lon="7.78306">
        <ele>1713.15</ele>
        <time>2026-05-04T02:18:34.1540000+00:00</time>
      </trkpt>
      <trkpt lat="46.6239" lon="7.78308">
        <ele>1713.45</ele>
        <time>2026-05-04T02:18:36.3390000+00:00</time>
      </trkpt>
      <trkpt lat="46.6239" lon="7.78311">
        <ele>1713.89</ele>
        <time>2026-05-04T02:18:39.6140000+00:00</time>
      </trkpt>
      <trkpt lat="46.6239" lon="7.78314">
        <ele>1714.33</ele>
        <time>2026-05-04T02:18:42.8890000+00:00</time>
      </trkpt>
      <trkpt lat="46.62389" lon="7.78313">
        <ele>1714.95</ele>
        <time>2026-05-04T02:18:44.8190000+00:00</time>
      </trkpt>
      <trkpt lat="46.62388" lon="7.78312">
        <ele>1715.57</ele>
        <time>2026-05-04T02:18:46.7430000+00:00</time>
      </trkpt>
      <trkpt lat="46.62387" lon="7.78314">
        <ele>1716.65</ele>
        <time>2026-05-04T02:18:49.4450000+00:00</time>
      </trkpt>
      <trkpt lat="46.62388" lon="7.78316">
        <ele>1716.18</ele>
        <time>2026-05-04T02:18:52.1470000+00:00</time>
      </trkpt>
      <trkpt lat="46.62386" lon="7.78316">
        <ele>1717.74</ele>
        <time>2026-05-04T02:18:55.3280000+00:00</time>
      </trkpt>
      <trkpt lat="46.62384" lon="7.78314">
        <ele>1718.97</ele>
        <time>2026-05-04T02:18:59.1870000+00:00</time>
      </trkpt>
      <trkpt lat="46.62384" lon="7.78316">
        <ele>1719.3</ele>
        <time>2026-05-04T02:19:01.3710000+00:00</time>
      </trkpt>
      <trkpt lat="46.62385" lon="7.78317">
        <ele>1718.68</ele>
        <time>2026-05-04T02:19:03.3010000+00:00</time>
      </trkpt>
      <trkpt lat="46.62384" lon="7.78318">
        <ele>1719.63</ele>
        <time>2026-05-04T02:19:05.2300000+00:00</time>
      </trkpt>
      <trkpt lat="46.62383" lon="7.78319">
        <ele>1720.58</ele>
        <time>2026-05-04T02:19:07.1600000+00:00</time>
      </trkpt>
      <trkpt lat="46.62382" lon="7.78322">
        <ele>1721.87</ele>
        <time>2026-05-04T02:19:10.8030000+00:00</time>
      </trkpt>
      <trkpt lat="46.62384" lon="7.78322">
        <ele>1720.28</ele>
        <time>2026-05-04T02:19:13.9840000+00:00</time>
      </trkpt>
      <trkpt lat="46.62383" lon="7.78325">
        <ele>1721.57</ele>
        <time>2026-05-04T02:19:17.6270000+00:00</time>
      </trkpt>
      <trkpt lat="46.62382" lon="7.78327">
        <ele>1722.72</ele>
        <time>2026-05-04T02:19:20.3280000+00:00</time>
      </trkpt>
      <trkpt lat="46.62382" lon="7.7833">
        <ele>1723.22</ele>
        <time>2026-05-04T02:19:23.6090000+00:00</time>
      </trkpt>
      <trkpt lat="46.62381" lon="7.78328">
        <ele>1723.7</ele>
        <time>2026-05-04T02:19:26.3140000+00:00</time>
      </trkpt>
      <trkpt lat="46.62379" lon="7.78326">
        <ele>1724.97</ele>
        <time>2026-05-04T02:19:30.1730000+00:00</time>
      </trkpt>
      <trkpt lat="46.623779999999996" lon="7.78327">
        <ele>1725.96</ele>
        <time>2026-05-04T02:19:32.1020000+00:00</time>
      </trkpt>
      <trkpt lat="46.62377" lon="7.7833">
        <ele>1727.31</ele>
        <time>2026-05-04T02:19:35.7450000+00:00</time>
      </trkpt>
      <trkpt lat="46.62376" lon="7.78329">
        <ele>1727.95</ele>
        <time>2026-05-04T02:19:37.6750000+00:00</time>
      </trkpt>
      <trkpt lat="46.62374" lon="7.78326">
        <ele>1729</ele>
        <time>2026-05-04T02:19:42.2380000+00:00</time>
      </trkpt>
      <trkpt lat="46.62372" lon="7.78326">
        <ele>1730.62</ele>
        <time>2026-05-04T02:19:45.4160000+00:00</time>
      </trkpt>
      <trkpt lat="46.62373" lon="7.78329">
        <ele>1730.39</ele>
        <time>2026-05-04T02:19:49.0590000+00:00</time>
      </trkpt>
      <trkpt lat="46.62373" lon="7.78332">
        <ele>1730.97</ele>
        <time>2026-05-04T02:19:52.3340000+00:00</time>
      </trkpt>
      <trkpt lat="46.62374" lon="7.78335">
        <ele>1730.72</ele>
        <time>2026-05-04T02:19:55.9750000+00:00</time>
      </trkpt>
      <trkpt lat="46.62372" lon="7.78333">
        <ele>1731.99</ele>
        <time>2026-05-04T02:19:59.8340000+00:00</time>
      </trkpt>
      <trkpt lat="46.6237" lon="7.78331">
        <ele>1733.24</ele>
        <time>2026-05-04T02:20:03.6930000+00:00</time>
      </trkpt>
      <trkpt lat="46.62367" lon="7.78331">
        <ele>1735.7</ele>
        <time>2026-05-04T02:20:08.4660000+00:00</time>
      </trkpt>
      <trkpt lat="46.62365" lon="7.78331">
        <ele>1737.35</ele>
        <time>2026-05-04T02:20:11.6440000+00:00</time>
      </trkpt>
      <trkpt lat="46.62364" lon="7.78332">
        <ele>1738.52</ele>
        <time>2026-05-04T02:20:13.5730000+00:00</time>
      </trkpt>
      <trkpt lat="46.6236" lon="7.78332">
        <ele>1742.59</ele>
        <time>2026-05-04T02:20:19.9340000+00:00</time>
      </trkpt>
      <trkpt lat="46.62355" lon="7.78333">
        <ele>1747.95</ele>
        <time>2026-05-04T02:20:27.9580000+00:00</time>
      </trkpt>
      <trkpt lat="46.62353" lon="7.78334">
        <ele>1750.28</ele>
        <time>2026-05-04T02:20:31.3200000+00:00</time>
      </trkpt>
      <trkpt lat="46.62352" lon="7.78336">
        <ele>1751.88</ele>
        <time>2026-05-04T02:20:34.0210000+00:00</time>
      </trkpt>
      <trkpt lat="46.62349" lon="7.78334">
        <ele>1754.39</ele>
        <time>2026-05-04T02:20:39.2670000+00:00</time>
      </trkpt>
      <trkpt lat="46.62346" lon="7.78334">
        <ele>1757.48</ele>
        <time>2026-05-04T02:20:44.0360000+00:00</time>
      </trkpt>
      <trkpt lat="46.62342" lon="7.78333">
        <ele>1761.24</ele>
        <time>2026-05-04T02:20:50.4900000+00:00</time>
      </trkpt>
      <trkpt lat="46.62337" lon="7.78332">
        <ele>1765.98</ele>
        <time>2026-05-04T02:20:58.5150000+00:00</time>
      </trkpt>
      <trkpt lat="46.62337" lon="7.78334">
        <ele>1766.74</ele>
        <time>2026-05-04T02:21:00.7040000+00:00</time>
      </trkpt>
      <trkpt lat="46.62339" lon="7.78335">
        <ele>1765.04</ele>
        <time>2026-05-04T02:21:04.0680000+00:00</time>
      </trkpt>
      <trkpt lat="46.6234" lon="7.78337">
        <ele>1764.72</ele>
        <time>2026-05-04T02:21:06.7690000+00:00</time>
      </trkpt>
      <trkpt lat="46.6234" lon="7.7834">
        <ele>1765.8</ele>
        <time>2026-05-04T02:21:10.0440000+00:00</time>
      </trkpt>
      <trkpt lat="46.62338" lon="7.78342">
        <ele>1768.67</ele>
        <time>2026-05-04T02:21:13.9030000+00:00</time>
      </trkpt>
      <trkpt lat="46.62336" lon="7.78345">
        <ele>1771.96</ele>
        <time>2026-05-04T02:21:18.4690000+00:00</time>
      </trkpt>
      <trkpt lat="46.62336" lon="7.78348">
        <ele>1773.11</ele>
        <time>2026-05-04T02:21:21.7440000+00:00</time>
      </trkpt>
      <trkpt lat="46.62337" lon="7.78351">
        <ele>1773.13</ele>
        <time>2026-05-04T02:21:25.3870000+00:00</time>
      </trkpt>
      <trkpt lat="46.62338" lon="7.78354">
        <ele>1773.74</ele>
        <time>2026-05-04T02:21:29.0300000+00:00</time>
      </trkpt>
      <trkpt lat="46.62339" lon="7.78355">
        <ele>1773.22</ele>
        <time>2026-05-04T02:21:30.9590000+00:00</time>
      </trkpt>
      <trkpt lat="46.62341" lon="7.78357">
        <ele>1772.18</ele>
        <time>2026-05-04T02:21:34.8180000+00:00</time>
      </trkpt>
      <trkpt lat="46.62342" lon="7.78359">
        <ele>1772.26</ele>
        <time>2026-05-04T02:21:37.5200000+00:00</time>
      </trkpt>
      <trkpt lat="46.62344" lon="7.7836">
        <ele>1770.6</ele>
        <time>2026-05-04T02:21:40.8810000+00:00</time>
      </trkpt>
      <trkpt lat="46.62346" lon="7.78361">
        <ele>1768.93</ele>
        <time>2026-05-04T02:21:44.2400000+00:00</time>
      </trkpt>
      <trkpt lat="46.62348" lon="7.78361">
        <ele>1766.65</ele>
        <time>2026-05-04T02:21:47.4240000+00:00</time>
      </trkpt>
      <trkpt lat="46.6235" lon="7.7836">
        <ele>1763.78</ele>
        <time>2026-05-04T02:21:50.7880000+00:00</time>
      </trkpt>
      <trkpt lat="46.62351" lon="7.78362">
        <ele>1763.84</ele>
        <time>2026-05-04T02:21:53.4930000+00:00</time>
      </trkpt>
      <trkpt lat="46.62351" lon="7.78364">
        <ele>1765.04</ele>
        <time>2026-05-04T02:21:55.6820000+00:00</time>
      </trkpt>
      <trkpt lat="46.62348" lon="7.78366">
        <ele>1769.67</ele>
        <time>2026-05-04T02:22:00.9290000+00:00</time>
      </trkpt>
      <trkpt lat="46.62346" lon="7.78368">
        <ele>1773.16</ele>
        <time>2026-05-04T02:22:04.7880000+00:00</time>
      </trkpt>
      <trkpt lat="46.62344" lon="7.78371">
        <ele>1777.27</ele>
        <time>2026-05-04T02:22:09.3520000+00:00</time>
      </trkpt>
      <trkpt lat="46.62342" lon="7.78373">
        <ele>1780.77</ele>
        <time>2026-05-04T02:22:13.2110000+00:00</time>
      </trkpt>
      <trkpt lat="46.62339" lon="7.78373">
        <ele>1784.22</ele>
        <time>2026-05-04T02:22:17.9820000+00:00</time>
      </trkpt>
      <trkpt lat="46.62334" lon="7.78372">
        <ele>1789.34</ele>
        <time>2026-05-04T02:22:26.0080000+00:00</time>
      </trkpt>
      <trkpt lat="46.6233" lon="7.78371">
        <ele>1793.31</ele>
        <time>2026-05-04T02:22:32.4620000+00:00</time>
      </trkpt>
      <trkpt lat="46.62325" lon="7.78369">
        <ele>1797.79</ele>
        <time>2026-05-04T02:22:40.7070000+00:00</time>
      </trkpt>
      <trkpt lat="46.6232" lon="7.78368">
        <ele>1802.89</ele>
        <time>2026-05-04T02:22:48.7320000+00:00</time>
      </trkpt>
      <trkpt lat="46.62316" lon="7.78368">
        <ele>1807.46</ele>
        <time>2026-05-04T02:22:55.0930000+00:00</time>
      </trkpt>
      <trkpt lat="46.62314" lon="7.78365">
        <ele>1807.85</ele>
        <time>2026-05-04T02:22:59.6580000+00:00</time>
      </trkpt>
      <trkpt lat="46.62312" lon="7.78363">
        <ele>1808.86</ele>
        <time>2026-05-04T02:23:03.5170000+00:00</time>
      </trkpt>
      <trkpt lat="46.62311" lon="7.78367">
        <ele>1812.54</ele>
        <time>2026-05-04T02:23:08.1650000+00:00</time>
      </trkpt>
      <trkpt lat="46.62309" lon="7.78368">
        <ele>1815.46</ele>
        <time>2026-05-04T02:23:11.5290000+00:00</time>
      </trkpt>
      <trkpt lat="46.62305" lon="7.78372">
        <ele>1822.6</ele>
        <time>2026-05-04T02:23:19.2460000+00:00</time>
      </trkpt>
      <trkpt lat="46.62303" lon="7.78376">
        <ele>1827.46</ele>
        <time>2026-05-04T02:23:24.6490000+00:00</time>
      </trkpt>
      <trkpt lat="46.623" lon="7.78375">
        <ele>1830.26</ele>
        <time>2026-05-04T02:23:29.5440000+00:00</time>
      </trkpt>
      <trkpt lat="46.62299" lon="7.78376">
        <ele>1832.06</ele>
        <time>2026-05-04T02:23:31.4730000+00:00</time>
      </trkpt>
      <trkpt lat="46.623" lon="7.78382">
        <ele>1834.78</ele>
        <time>2026-05-04T02:23:38.2150000+00:00</time>
      </trkpt>
      <trkpt lat="46.62299" lon="7.78385">
        <ele>1837.87</ele>
        <time>2026-05-04T02:23:41.8580000+00:00</time>
      </trkpt>
      <trkpt lat="46.62296" lon="7.78387">
        <ele>1842.64</ele>
        <time>2026-05-04T02:23:47.1030000+00:00</time>
      </trkpt>
      <trkpt lat="46.62292" lon="7.78387">
        <ele>1847.28</ele>
        <time>2026-05-04T02:23:53.4640000+00:00</time>
      </trkpt>
      <trkpt lat="46.62292" lon="7.78391">
        <ele>1849.88</ele>
        <time>2026-05-04T02:23:57.8340000+00:00</time>
      </trkpt>
      <trkpt lat="46.62292" lon="7.78396">
        <ele>1853.14</ele>
        <time>2026-05-04T02:24:03.2940000+00:00</time>
      </trkpt>
      <trkpt lat="46.62294" lon="7.78399">
        <ele>1852.75</ele>
        <time>2026-05-04T02:24:07.8600000+00:00</time>
      </trkpt>
      <trkpt lat="46.62297" lon="7.78402">
        <ele>1851.18</ele>
        <time>2026-05-04T02:24:13.6470000+00:00</time>
      </trkpt>
      <trkpt lat="46.62299" lon="7.78406">
        <ele>1851.42</ele>
        <time>2026-05-04T02:24:19.0500000+00:00</time>
      </trkpt>
      <trkpt lat="46.62298" lon="7.78412">
        <ele>1856.47</ele>
        <time>2026-05-04T02:24:25.7920000+00:00</time>
      </trkpt>
      <trkpt lat="46.62295" lon="7.78421">
        <ele>1865.86</ele>
        <time>2026-05-04T02:24:36.7170000+00:00</time>
      </trkpt>
      <trkpt lat="46.62292" lon="7.78423">
        <ele>1870.73</ele>
        <time>2026-05-04T02:24:41.9640000+00:00</time>
      </trkpt>
      <trkpt lat="46.6229" lon="7.7842">
        <ele>1871.15</ele>
        <time>2026-05-04T02:24:46.5300000+00:00</time>
      </trkpt>
      <trkpt lat="46.62285" lon="7.78412">
        <ele>1871.83</ele>
        <time>2026-05-04T02:24:58.3420000+00:00</time>
      </trkpt>
      <trkpt lat="46.62279" lon="7.78407">
        <ele>1873.56</ele>
        <time>2026-05-04T02:25:09.3350000+00:00</time>
      </trkpt>
      <trkpt lat="46.62279" lon="7.78403">
        <ele>1870.93</ele>
        <time>2026-05-04T02:25:13.7050000+00:00</time>
      </trkpt>
      <trkpt lat="46.62274" lon="7.78402">
        <ele>1871.99</ele>
        <time>2026-05-04T02:25:21.7320000+00:00</time>
      </trkpt>
      <trkpt lat="46.6227" lon="7.78398">
        <ele>1870.78</ele>
        <time>2026-05-04T02:25:29.4490000+00:00</time>
      </trkpt>
      <trkpt lat="46.62269" lon="7.784">
        <ele>1872.41</ele>
        <time>2026-05-04T02:25:32.1500000+00:00</time>
      </trkpt>
      <trkpt lat="46.62268" lon="7.78404">
        <ele>1875.33</ele>
        <time>2026-05-04T02:25:36.7980000+00:00</time>
      </trkpt>
      <trkpt lat="46.62267" lon="7.78409">
        <ele>1878.88</ele>
        <time>2026-05-04T02:25:42.4850000+00:00</time>
      </trkpt>
      <trkpt lat="46.62268" lon="7.78413">
        <ele>1881.12</ele>
        <time>2026-05-04T02:25:47.1330000+00:00</time>
      </trkpt>
      <trkpt lat="46.62264" lon="7.78412">
        <ele>1881.79</ele>
        <time>2026-05-04T02:25:53.5870000+00:00</time>
      </trkpt>
      <trkpt lat="46.62262" lon="7.78416">
        <ele>1884.99</ele>
        <time>2026-05-04T02:25:58.9900000+00:00</time>
      </trkpt>
      <trkpt lat="46.62265" lon="7.7842">
        <ele>1886.58</ele>
        <time>2026-05-04T02:26:05.4600000+00:00</time>
      </trkpt>
      <trkpt lat="46.62266" lon="7.78423">
        <ele>1888.18</ele>
        <time>2026-05-04T02:26:09.1030000+00:00</time>
      </trkpt>
      <trkpt lat="46.6226" lon="7.78423">
        <ele>1890.07</ele>
        <time>2026-05-04T02:26:18.6430000+00:00</time>
      </trkpt>
      <trkpt lat="46.6226" lon="7.78428">
        <ele>1893.24</ele>
        <time>2026-05-04T02:26:24.1030000+00:00</time>
      </trkpt>
      <trkpt lat="46.62261" lon="7.78432">
        <ele>1895.46</ele>
        <time>2026-05-04T02:26:28.7530000+00:00</time>
      </trkpt>
      <trkpt lat="46.62257" lon="7.78432">
        <ele>1896.68</ele>
        <time>2026-05-04T02:26:35.1150000+00:00</time>
      </trkpt>
      <trkpt lat="46.62255" lon="7.78435">
        <ele>1899.11</ele>
        <time>2026-05-04T02:26:39.6810000+00:00</time>
      </trkpt>
      <trkpt lat="46.62258" lon="7.78439">
        <ele>1900.09</ele>
        <time>2026-05-04T02:26:46.1490000+00:00</time>
      </trkpt>
      <trkpt lat="46.62256" lon="7.78442">
        <ele>1902.09</ele>
        <time>2026-05-04T02:26:50.7140000+00:00</time>
      </trkpt>
      <trkpt lat="46.62251" lon="7.78442">
        <ele>1903.58</ele>
        <time>2026-05-04T02:26:58.6650000+00:00</time>
      </trkpt>
      <trkpt lat="46.62253" lon="7.78445">
        <ele>1904.39</ele>
        <time>2026-05-04T02:27:03.2330000+00:00</time>
      </trkpt>
      <trkpt lat="46.62252" lon="7.78448">
        <ele>1906.09</ele>
        <time>2026-05-04T02:27:06.8760000+00:00</time>
      </trkpt>
      <trkpt lat="46.62253" lon="7.78451">
        <ele>1907.2</ele>
        <time>2026-05-04T02:27:10.5190000+00:00</time>
      </trkpt>
      <trkpt lat="46.62256" lon="7.78452">
        <ele>1906.79</ele>
        <time>2026-05-04T02:27:15.4120000+00:00</time>
      </trkpt>
      <trkpt lat="46.62255" lon="7.78456">
        <ele>1908.95</ele>
        <time>2026-05-04T02:27:20.0590000+00:00</time>
      </trkpt>
      <trkpt lat="46.62258" lon="7.7846">
        <ele>1909.96</ele>
        <time>2026-05-04T02:27:26.5280000+00:00</time>
      </trkpt>
      <trkpt lat="46.62254" lon="7.78462">
        <ele>1912.06</ele>
        <time>2026-05-04T02:27:33.2530000+00:00</time>
      </trkpt>
      <trkpt lat="46.62247" lon="7.78466">
        <ele>1915.94</ele>
        <time>2026-05-04T02:27:45.2100000+00:00</time>
      </trkpt>
      <trkpt lat="46.62244" lon="7.78469">
        <ele>1918.19</ele>
        <time>2026-05-04T02:27:50.9990000+00:00</time>
      </trkpt>
      <trkpt lat="46.6224" lon="7.7847">
        <ele>1919.79</ele>
        <time>2026-05-04T02:27:57.4530000+00:00</time>
      </trkpt>
      <trkpt lat="46.6224" lon="7.78474">
        <ele>1921.64</ele>
        <time>2026-05-04T02:28:01.8230000+00:00</time>
      </trkpt>
      <trkpt lat="46.62234" lon="7.7848">
        <ele>1926.1</ele>
        <time>2026-05-04T02:28:13.3980000+00:00</time>
      </trkpt>
      <trkpt lat="46.62237" lon="7.78484">
        <ele>1927.11</ele>
        <time>2026-05-04T02:28:19.8660000+00:00</time>
      </trkpt>
      <trkpt lat="46.62233" lon="7.78487">
        <ele>1929.6</ele>
        <time>2026-05-04T02:28:27.0200000+00:00</time>
      </trkpt>
      <trkpt lat="46.62228" lon="7.78492">
        <ele>1933.27</ele>
        <time>2026-05-04T02:28:36.6660000+00:00</time>
      </trkpt>
      <trkpt lat="46.62223" lon="7.785">
        <ele>1938.29</ele>
        <time>2026-05-04T02:28:48.4800000+00:00</time>
      </trkpt>
      <trkpt lat="46.62217" lon="7.78507">
        <ele>1943.09</ele>
        <time>2026-05-04T02:29:00.7050000+00:00</time>
      </trkpt>
      <trkpt lat="46.62218" lon="7.78508">
        <ele>1943.28</ele>
        <time>2026-05-04T02:29:02.6340000+00:00</time>
      </trkpt>
      <trkpt lat="46.62222" lon="7.78511">
        <ele>1943.57</ele>
        <time>2026-05-04T02:29:09.7900000+00:00</time>
      </trkpt>
      <trkpt lat="46.62225" lon="7.78514">
        <ele>1944.13</ele>
        <time>2026-05-04T02:29:15.5770000+00:00</time>
      </trkpt>
      <trkpt lat="46.62228" lon="7.78514">
        <ele>1943.33</ele>
        <time>2026-05-04T02:29:20.3500000+00:00</time>
      </trkpt>
      <trkpt lat="46.62227" lon="7.78519">
        <ele>1945.85</ele>
        <time>2026-05-04T02:29:26.0380000+00:00</time>
      </trkpt>
      <trkpt lat="46.62232" lon="7.78526">
        <ele>1947.53</ele>
        <time>2026-05-04T02:29:37.0680000+00:00</time>
      </trkpt>
      <trkpt lat="46.62229" lon="7.78528">
        <ele>1949.16</ele>
        <time>2026-05-04T02:29:42.3160000+00:00</time>
      </trkpt>
      <trkpt lat="46.62232" lon="7.78531">
        <ele>1949.67</ele>
        <time>2026-05-04T02:29:48.1040000+00:00</time>
      </trkpt>
      <trkpt lat="46.62231" lon="7.78534">
        <ele>1951.2</ele>
        <time>2026-05-04T02:29:51.7470000+00:00</time>
      </trkpt>
      <trkpt lat="46.62233" lon="7.78534">
        <ele>1950.69</ele>
        <time>2026-05-04T02:29:54.9280000+00:00</time>
      </trkpt>
      <trkpt lat="46.62232" lon="7.78541">
        <ele>1953.94</ele>
        <time>2026-05-04T02:30:02.7360000+00:00</time>
      </trkpt>
      <trkpt lat="46.62226" lon="7.78552">
        <ele>1960.12</ele>
        <time>2026-05-04T02:30:18.0770000+00:00</time>
      </trkpt>
      <trkpt lat="46.62232" lon="7.78553">
        <ele>1959.08</ele>
        <time>2026-05-04T02:30:27.6780000+00:00</time>
      </trkpt>
      <trkpt lat="46.62235" lon="7.78555">
        <ele>1959.21</ele>
        <time>2026-05-04T02:30:32.9260000+00:00</time>
      </trkpt>
      <trkpt lat="46.62238" lon="7.7856">
        <ele>1960.63</ele>
        <time>2026-05-04T02:30:40.1760000+00:00</time>
      </trkpt>
      <trkpt lat="46.62235" lon="7.78564">
        <ele>1963.07</ele>
        <time>2026-05-04T02:30:46.6440000+00:00</time>
      </trkpt>
      <trkpt lat="46.62234" lon="7.78566">
        <ele>1964.17</ele>
        <time>2026-05-04T02:30:49.3460000+00:00</time>
      </trkpt>
      <trkpt lat="46.62237" lon="7.78567">
        <ele>1963.89</ele>
        <time>2026-05-04T02:30:54.2410000+00:00</time>
      </trkpt>
      <trkpt lat="46.6224" lon="7.78569">
        <ele>1964.05</ele>
        <time>2026-05-04T02:30:59.4880000+00:00</time>
      </trkpt>
      <trkpt lat="46.62246" lon="7.78576">
        <ele>1965.69</ele>
        <time>2026-05-04T02:31:11.7140000+00:00</time>
      </trkpt>
      <trkpt lat="46.62245" lon="7.78581">
        <ele>1968.1</ele>
        <time>2026-05-04T02:31:17.4030000+00:00</time>
      </trkpt>
      <trkpt lat="46.62243" lon="7.78583">
        <ele>1969.42</ele>
        <time>2026-05-04T02:31:21.2620000+00:00</time>
      </trkpt>
      <trkpt lat="46.62248" lon="7.78587">
        <ele>1970.04</ele>
        <time>2026-05-04T02:31:30.3330000+00:00</time>
      </trkpt>
      <trkpt lat="46.62249" lon="7.7859">
        <ele>1971.12</ele>
        <time>2026-05-04T02:31:33.9760000+00:00</time>
      </trkpt>
      <trkpt lat="46.62247" lon="7.78594">
        <ele>1973.32</ele>
        <time>2026-05-04T02:31:39.3790000+00:00</time>
      </trkpt>
      <trkpt lat="46.62249" lon="7.78595">
        <ele>1973.31</ele>
        <time>2026-05-04T02:31:42.7410000+00:00</time>
      </trkpt>
      <trkpt lat="46.62252" lon="7.78597">
        <ele>1973.53</ele>
        <time>2026-05-04T02:31:47.9880000+00:00</time>
      </trkpt>
      <trkpt lat="46.62254" lon="7.78608">
        <ele>1978.13</ele>
        <time>2026-05-04T02:32:00.4150000+00:00</time>
      </trkpt>
      <trkpt lat="46.62258" lon="7.78612">
        <ele>1979.14</ele>
        <time>2026-05-04T02:32:08.1310000+00:00</time>
      </trkpt>
      <trkpt lat="46.62255" lon="7.78624">
        <ele>1985.41</ele>
        <time>2026-05-04T02:32:22.0760000+00:00</time>
      </trkpt>
      <trkpt lat="46.62264" lon="7.78632">
        <ele>1987.21</ele>
        <time>2026-05-04T02:32:38.8440000+00:00</time>
      </trkpt>
      <trkpt lat="46.62261" lon="7.78636">
        <ele>1989.73</ele>
        <time>2026-05-04T02:32:45.3120000+00:00</time>
      </trkpt>
      <trkpt lat="46.62258" lon="7.78642">
        <ele>1993.19</ele>
        <time>2026-05-04T02:32:53.4180000+00:00</time>
      </trkpt>
      <trkpt lat="46.62263" lon="7.78645">
        <ele>1993.52</ele>
        <time>2026-05-04T02:33:02.0180000+00:00</time>
      </trkpt>
      <trkpt lat="46.62263" lon="7.7865">
        <ele>1995.86</ele>
        <time>2026-05-04T02:33:07.4790000+00:00</time>
      </trkpt>
      <trkpt lat="46.62259" lon="7.78654">
        <ele>1998.6</ele>
        <time>2026-05-04T02:33:15.1960000+00:00</time>
      </trkpt>
      <trkpt lat="46.62259" lon="7.78656">
        <ele>1999.53</ele>
        <time>2026-05-04T02:33:17.3850000+00:00</time>
      </trkpt>
      <trkpt lat="46.62265" lon="7.78661">
        <ele>2000.58</ele>
        <time>2026-05-04T02:33:28.3780000+00:00</time>
      </trkpt>
      <trkpt lat="46.62259" lon="7.78676">
        <ele>2008.9</ele>
        <time>2026-05-04T02:33:47.3350000+00:00</time>
      </trkpt>
      <trkpt lat="46.62266" lon="7.78678">
        <ele>2008.32</ele>
        <time>2026-05-04T02:33:58.6790000+00:00</time>
      </trkpt>
      <trkpt lat="46.62262" lon="7.78689">
        <ele>2014.11</ele>
        <time>2026-05-04T02:34:12.2720000+00:00</time>
      </trkpt>
      <trkpt lat="46.62258" lon="7.78701">
        <ele>2020</ele>
        <time>2026-05-04T02:34:26.8400000+00:00</time>
      </trkpt>
      <trkpt lat="46.62255" lon="7.78709">
        <ele>2024.03</ele>
        <time>2026-05-04T02:34:36.7940000+00:00</time>
      </trkpt>
      <trkpt lat="46.62252" lon="7.78728">
        <ele>2032.71</ele>
        <time>2026-05-04T02:34:58.0850000+00:00</time>
      </trkpt>
      <trkpt lat="46.62254" lon="7.78732">
        <ele>2033.92</ele>
        <time>2026-05-04T02:35:03.4880000+00:00</time>
      </trkpt>
      <trkpt lat="46.62257" lon="7.78732">
        <ele>2033.21</ele>
        <time>2026-05-04T02:35:08.2610000+00:00</time>
      </trkpt>
      <trkpt lat="46.6226" lon="7.78736">
        <ele>2034.17</ele>
        <time>2026-05-04T02:35:14.7300000+00:00</time>
      </trkpt>
      <trkpt lat="46.62259" lon="7.78745">
        <ele>2038.17</ele>
        <time>2026-05-04T02:35:24.6870000+00:00</time>
      </trkpt>
      <trkpt lat="46.62258" lon="7.78751">
        <ele>2040.92</ele>
        <time>2026-05-04T02:35:31.4300000+00:00</time>
      </trkpt>
      <trkpt lat="46.6226" lon="7.78753">
        <ele>2041.27</ele>
        <time>2026-05-04T02:35:35.2890000+00:00</time>
      </trkpt>
      <trkpt lat="46.62265" lon="7.78753">
        <ele>2040.04</ele>
        <time>2026-05-04T02:35:43.2400000+00:00</time>
      </trkpt>
      <trkpt lat="46.62275" lon="7.78763">
        <ele>2041.69</ele>
        <time>2026-05-04T02:36:02.5310000+00:00</time>
      </trkpt>
      <trkpt lat="46.62274" lon="7.78766">
        <ele>2043.18</ele>
        <time>2026-05-04T02:36:06.1740000+00:00</time>
      </trkpt>
      <trkpt lat="46.62278" lon="7.78773">
        <ele>2044.75</ele>
        <time>2026-05-04T02:36:16.1190000+00:00</time>
      </trkpt>
      <trkpt lat="46.62281" lon="7.78778">
        <ele>2045.71</ele>
        <time>2026-05-04T02:36:23.3700000+00:00</time>
      </trkpt>
      <trkpt lat="46.62275" lon="7.78781">
        <ele>2048.44</ele>
        <time>2026-05-04T02:36:33.4570000+00:00</time>
      </trkpt>
      <trkpt lat="46.62278" lon="7.78784">
        <ele>2048.67</ele>
        <time>2026-05-04T02:36:39.2460000+00:00</time>
      </trkpt>
      <trkpt lat="46.62275" lon="7.78789">
        <ele>2051.34</ele>
        <time>2026-05-04T02:36:46.4990000+00:00</time>
      </trkpt>
      <trkpt lat="46.62278" lon="7.78794">
        <ele>2052.22</ele>
        <time>2026-05-04T02:36:53.7510000+00:00</time>
      </trkpt>
      <trkpt lat="46.62274" lon="7.78801">
        <ele>2056.01</ele>
        <time>2026-05-04T02:37:03.6960000+00:00</time>
      </trkpt>
      <trkpt lat="46.62282" lon="7.78809">
        <ele>2055.86</ele>
        <time>2026-05-04T02:37:19.1290000+00:00</time>
      </trkpt>
      <trkpt lat="46.62279" lon="7.78813">
        <ele>2058.63</ele>
        <time>2026-05-04T02:37:25.5970000+00:00</time>
      </trkpt>
      <trkpt lat="46.62273" lon="7.78819">
        <ele>2062.93</ele>
        <time>2026-05-04T02:37:37.1710000+00:00</time>
      </trkpt>
      <trkpt lat="46.62273" lon="7.78822">
        <ele>2064.03</ele>
        <time>2026-05-04T02:37:40.4460000+00:00</time>
      </trkpt>
      <trkpt lat="46.6227" lon="7.78826">
        <ele>2066.63</ele>
        <time>2026-05-04T02:37:46.9140000+00:00</time>
      </trkpt>
      <trkpt lat="46.62266" lon="7.78832">
        <ele>2070.44</ele>
        <time>2026-05-04T02:37:56.0460000+00:00</time>
      </trkpt>
      <trkpt lat="46.62271" lon="7.78835">
        <ele>2069.59</ele>
        <time>2026-05-04T02:38:04.6450000+00:00</time>
      </trkpt>
      <trkpt lat="46.62276" lon="7.78837">
        <ele>2068.32</ele>
        <time>2026-05-04T02:38:12.8900000+00:00</time>
      </trkpt>
      <trkpt lat="46.6228" lon="7.78842">
        <ele>2068.47</ele>
        <time>2026-05-04T02:38:21.2740000+00:00</time>
      </trkpt>
      <trkpt lat="46.62274" lon="7.78845">
        <ele>2072.04</ele>
        <time>2026-05-04T02:38:31.3620000+00:00</time>
      </trkpt>
      <trkpt lat="46.62272" lon="7.78852">
        <ele>2075.39</ele>
        <time>2026-05-04T02:38:39.6430000+00:00</time>
      </trkpt>
      <trkpt lat="46.62272" lon="7.78857">
        <ele>2076.9</ele>
        <time>2026-05-04T02:38:45.1040000+00:00</time>
      </trkpt>
      <trkpt lat="46.62272" lon="7.7886">
        <ele>2077.8</ele>
        <time>2026-05-04T02:38:48.3790000+00:00</time>
      </trkpt>
      <trkpt lat="46.62276" lon="7.78861">
        <ele>2076.26</ele>
        <time>2026-05-04T02:38:54.8330000+00:00</time>
      </trkpt>
      <trkpt lat="46.62279" lon="7.78864">
        <ele>2075.74</ele>
        <time>2026-05-04T02:39:00.6210000+00:00</time>
      </trkpt>
      <trkpt lat="46.6228" lon="7.7887">
        <ele>2076.95</ele>
        <time>2026-05-04T02:39:07.3660000+00:00</time>
      </trkpt>
      <trkpt lat="46.62276" lon="7.78886">
        <ele>2083.52</ele>
        <time>2026-05-04T02:39:25.9610000+00:00</time>
      </trkpt>
      <trkpt lat="46.62272" lon="7.78895">
        <ele>2088.32</ele>
        <time>2026-05-04T02:39:37.6680000+00:00</time>
      </trkpt>
      <trkpt lat="46.62271" lon="7.789">
        <ele>2090.39</ele>
        <time>2026-05-04T02:39:43.3550000+00:00</time>
      </trkpt>
      <trkpt lat="46.62273" lon="7.78903">
        <ele>2090.16</ele>
        <time>2026-05-04T02:39:47.9210000+00:00</time>
      </trkpt>
      <trkpt lat="46.62273" lon="7.78909">
        <ele>2091.95</ele>
        <time>2026-05-04T02:39:54.4740000+00:00</time>
      </trkpt>
      <trkpt lat="46.62276" lon="7.7891">
        <ele>2090.49</ele>
        <time>2026-05-04T02:39:59.3690000+00:00</time>
      </trkpt>
      <trkpt lat="46.62274" lon="7.78919">
        <ele>2094.32</ele>
        <time>2026-05-04T02:40:09.6990000+00:00</time>
      </trkpt>
      <trkpt lat="46.62277" lon="7.78921">
        <ele>2093.07</ele>
        <time>2026-05-04T02:40:14.9470000+00:00</time>
      </trkpt>
      <trkpt lat="46.62277" lon="7.78925">
        <ele>2094.22</ele>
        <time>2026-05-04T02:40:19.3140000+00:00</time>
      </trkpt>
      <trkpt lat="46.62274" lon="7.78928">
        <ele>2096.98</ele>
        <time>2026-05-04T02:40:25.1010000+00:00</time>
      </trkpt>
      <trkpt lat="46.62276" lon="7.78931">
        <ele>2096.59</ele>
        <time>2026-05-04T02:40:29.6690000+00:00</time>
      </trkpt>
      <trkpt lat="46.62272" lon="7.78933">
        <ele>2099.75</ele>
        <time>2026-05-04T02:40:36.3940000+00:00</time>
      </trkpt>
      <trkpt lat="46.62275" lon="7.78938">
        <ele>2098.21</ele>
        <time>2026-05-04T02:40:43.6460000+00:00</time>
      </trkpt>
      <trkpt lat="46.62274" lon="7.7895">
        <ele>2099.04</ele>
        <time>2026-05-04T02:40:56.8470000+00:00</time>
      </trkpt>
      <trkpt lat="46.62271" lon="7.78951">
        <ele>2101.17</ele>
        <time>2026-05-04T02:41:01.7420000+00:00</time>
      </trkpt>
      <trkpt lat="46.62268" lon="7.78947">
        <ele>2103.15</ele>
        <time>2026-05-04T02:41:08.2100000+00:00</time>
      </trkpt>
      <trkpt lat="46.62268" lon="7.78951">
        <ele>2103.29</ele>
        <time>2026-05-04T02:41:12.5800000+00:00</time>
      </trkpt>
      <trkpt lat="46.62264" lon="7.78951">
        <ele>2106.12</ele>
        <time>2026-05-04T02:41:18.9400000+00:00</time>
      </trkpt>
      <trkpt lat="46.62266" lon="7.7896">
        <ele>2105.08</ele>
        <time>2026-05-04T02:41:29.2720000+00:00</time>
      </trkpt>
      <trkpt lat="46.62261" lon="7.78958">
        <ele>2108.65</ele>
        <time>2026-05-04T02:41:37.5170000+00:00</time>
      </trkpt>
      <trkpt lat="46.62257" lon="7.78961">
        <ele>2111.79</ele>
        <time>2026-05-04T02:41:44.6730000+00:00</time>
      </trkpt>
      <trkpt lat="46.6226" lon="7.78968">
        <ele>2110</ele>
        <time>2026-05-04T02:41:53.6840000+00:00</time>
      </trkpt>
      <trkpt lat="46.62259" lon="7.78969">
        <ele>2110.83</ele>
        <time>2026-05-04T02:41:55.6140000+00:00</time>
      </trkpt>
      <trkpt lat="46.62261" lon="7.78974">
        <ele>2109.59</ele>
        <time>2026-05-04T02:42:01.9350000+00:00</time>
      </trkpt>
      <trkpt lat="46.62258" lon="7.78974">
        <ele>2111.95</ele>
        <time>2026-05-04T02:42:06.7080000+00:00</time>
      </trkpt>
      <trkpt lat="46.62254" lon="7.78975">
        <ele>2115.17</ele>
        <time>2026-05-04T02:42:13.1620000+00:00</time>
      </trkpt>
      <trkpt lat="46.62251" lon="7.78979">
        <ele>2117.92</ele>
        <time>2026-05-04T02:42:19.6330000+00:00</time>
      </trkpt>
      <trkpt lat="46.62254" lon="7.78985">
        <ele>2116</ele>
        <time>2026-05-04T02:42:27.7400000+00:00</time>
      </trkpt>
      <trkpt lat="46.62255" lon="7.78995">
        <ele>2115.97</ele>
        <time>2026-05-04T02:42:38.7760000+00:00</time>
      </trkpt>
      <trkpt lat="46.62248" lon="7.78998">
        <ele>2122.3</ele>
        <time>2026-05-04T02:42:50.3780000+00:00</time>
      </trkpt>
      <trkpt lat="46.62243" lon="7.79002">
        <ele>2127.13</ele>
        <time>2026-05-04T02:42:59.4500000+00:00</time>
      </trkpt>
      <trkpt lat="46.62248" lon="7.79018">
        <ele>2124.39</ele>
        <time>2026-05-04T02:43:18.6470000+00:00</time>
      </trkpt>
      <trkpt lat="46.62245" lon="7.79024">
        <ele>2128.06</ele>
        <time>2026-05-04T02:43:26.7520000+00:00</time>
      </trkpt>
      <trkpt lat="46.62248" lon="7.79028">
        <ele>2125.81</ele>
        <time>2026-05-04T02:43:33.2200000+00:00</time>
      </trkpt>
      <trkpt lat="46.62248" lon="7.79034">
        <ele>2126.66</ele>
        <time>2026-05-04T02:43:39.7730000+00:00</time>
      </trkpt>
      <trkpt lat="46.6225" lon="7.79041">
        <ele>2125.76</ele>
        <time>2026-05-04T02:43:48.0520000+00:00</time>
      </trkpt>
      <trkpt lat="46.62249" lon="7.79047">
        <ele>2127.56</ele>
        <time>2026-05-04T02:43:54.7950000+00:00</time>
      </trkpt>
      <trkpt lat="46.6225" lon="7.79052">
        <ele>2127.32</ele>
        <time>2026-05-04T02:44:00.4840000+00:00</time>
      </trkpt>
      <trkpt lat="46.62253" lon="7.79063">
        <ele>2126.02</ele>
        <time>2026-05-04T02:44:13.4090000+00:00</time>
      </trkpt>
      <trkpt lat="46.62253" lon="7.79071">
        <ele>2127.14</ele>
        <time>2026-05-04T02:44:22.1470000+00:00</time>
      </trkpt>
      <trkpt lat="46.62258" lon="7.79074">
        <ele>2122.8</ele>
        <time>2026-05-04T02:44:30.7460000+00:00</time>
      </trkpt>
      <trkpt lat="46.62257" lon="7.7908">
        <ele>2124.59</ele>
        <time>2026-05-04T02:44:37.4890000+00:00</time>
      </trkpt>
      <trkpt lat="46.62259" lon="7.79083">
        <ele>2123.09</ele>
        <time>2026-05-04T02:44:42.0560000+00:00</time>
      </trkpt>
      <trkpt lat="46.62259" lon="7.79087">
        <ele>2123.65</ele>
        <time>2026-05-04T02:44:46.4260000+00:00</time>
      </trkpt>
      <trkpt lat="46.62258" lon="7.79095">
        <ele>2125.72</ele>
        <time>2026-05-04T02:44:55.3070000+00:00</time>
      </trkpt>
      <trkpt lat="46.62259" lon="7.79101">
        <ele>2125.59</ele>
        <time>2026-05-04T02:45:02.0500000+00:00</time>
      </trkpt>
      <trkpt lat="46.62259" lon="7.79105">
        <ele>2126.24</ele>
        <time>2026-05-04T02:45:06.4190000+00:00</time>
      </trkpt>
      <trkpt lat="46.62258" lon="7.79116">
        <ele>2128.97</ele>
        <time>2026-05-04T02:45:18.5380000+00:00</time>
      </trkpt>
      <trkpt lat="46.62258" lon="7.79126">
        <ele>2130.59</ele>
        <time>2026-05-04T02:45:29.4600000+00:00</time>
      </trkpt>
      <trkpt lat="46.62258" lon="7.79134">
        <ele>2131.88</ele>
        <time>2026-05-04T02:45:38.1970000+00:00</time>
      </trkpt>
      <trkpt lat="46.62256" lon="7.79152">
        <ele>2136.68</ele>
        <time>2026-05-04T02:45:58.1100000+00:00</time>
      </trkpt>
      <trkpt lat="46.62255" lon="7.79164">
        <ele>2139.55</ele>
        <time>2026-05-04T02:46:11.3110000+00:00</time>
      </trkpt>
      <trkpt lat="46.62254" lon="7.79181">
        <ele>2143.22</ele>
        <time>2026-05-04T02:46:29.9450000+00:00</time>
      </trkpt>
      <trkpt lat="46.62254" lon="7.79183">
        <ele>2143.54</ele>
        <time>2026-05-04T02:46:32.1340000+00:00</time>
      </trkpt>
      <trkpt lat="46.62255" lon="7.79184">
        <ele>2142.76</ele>
        <time>2026-05-04T02:46:34.0630000+00:00</time>
      </trkpt>
      <trkpt lat="46.62256" lon="7.792">
        <ele>2141.98</ele>
        <time>2026-05-04T02:46:51.6080000+00:00</time>
      </trkpt>
      <trkpt lat="46.62256" lon="7.79204">
        <ele>2142.02</ele>
        <time>2026-05-04T02:46:55.9760000+00:00</time>
      </trkpt>
      <trkpt lat="46.62255" lon="7.79208">
        <ele>2143.06</ele>
        <time>2026-05-04T02:47:00.6240000+00:00</time>
      </trkpt>
      <trkpt lat="46.6225" lon="7.79219">
        <ele>2148.36</ele>
        <time>2026-05-04T02:47:15.0290000+00:00</time>
      </trkpt>
      <trkpt lat="46.62247" lon="7.79229">
        <ele>2151.8</ele>
        <time>2026-05-04T02:47:26.9460000+00:00</time>
      </trkpt>
      <trkpt lat="46.62245" lon="7.79243">
        <ele>2154.48</ele>
        <time>2026-05-04T02:47:42.5630000+00:00</time>
      </trkpt>
      <trkpt lat="46.62242" lon="7.7926">
        <ele>2158.59</ele>
        <time>2026-05-04T02:48:01.7310000+00:00</time>
      </trkpt>
      <trkpt lat="46.62239" lon="7.79274">
        <ele>2163.1</ele>
        <time>2026-05-04T02:48:17.7480000+00:00</time>
      </trkpt>
      <trkpt lat="46.62236" lon="7.79284">
        <ele>2167.41</ele>
        <time>2026-05-04T02:48:29.6650000+00:00</time>
      </trkpt>
      <trkpt lat="46.6223" lon="7.79298">
        <ele>2174.97</ele>
        <time>2026-05-04T02:48:47.6870000+00:00</time>
      </trkpt>
      <trkpt lat="46.62224" lon="7.79307">
        <ele>2181.7</ele>
        <time>2026-05-04T02:49:01.3850000+00:00</time>
      </trkpt>
      <trkpt lat="46.62219" lon="7.79312">
        <ele>2186.94</ele>
        <time>2026-05-04T02:49:11.0300000+00:00</time>
      </trkpt>
      <trkpt lat="46.62226" lon="7.79318">
        <ele>2180.23</ele>
        <time>2026-05-04T02:49:23.9470000+00:00</time>
      </trkpt>
      <trkpt lat="46.62222" lon="7.79322">
        <ele>2184.31</ele>
        <time>2026-05-04T02:49:31.6620000+00:00</time>
      </trkpt>
      <trkpt lat="46.62228" lon="7.79328">
        <ele>2178.86</ele>
        <time>2026-05-04T02:49:43.2360000+00:00</time>
      </trkpt>
      <trkpt lat="46.62221" lon="7.79332">
        <ele>2185.62</ele>
        <time>2026-05-04T02:49:55.1940000+00:00</time>
      </trkpt>
      <trkpt lat="46.62226" lon="7.79342">
        <ele>2181.49</ele>
        <time>2026-05-04T02:50:08.7030000+00:00</time>
      </trkpt>
      <trkpt lat="46.62221" lon="7.79344">
        <ele>2186.03</ele>
        <time>2026-05-04T02:50:16.9490000+00:00</time>
      </trkpt>
      <trkpt lat="46.62222" lon="7.7935">
        <ele>2185.37</ele>
        <time>2026-05-04T02:50:23.6910000+00:00</time>
      </trkpt>
      <trkpt lat="46.62221" lon="7.79355">
        <ele>2184.08</ele>
        <time>2026-05-04T02:50:29.3780000+00:00</time>
      </trkpt>
      <trkpt lat="46.62216" lon="7.79357">
        <ele>2187.12</ele>
        <time>2026-05-04T02:50:37.6220000+00:00</time>
      </trkpt>
      <trkpt lat="46.62213" lon="7.79358">
        <ele>2188.96</ele>
        <time>2026-05-04T02:50:42.5150000+00:00</time>
      </trkpt>
      <trkpt lat="46.62204" lon="7.79361">
        <ele>2194.14</ele>
        <time>2026-05-04T02:50:57.1970000+00:00</time>
      </trkpt>
      <trkpt lat="46.62195" lon="7.79362">
        <ele>2197.71</ele>
        <time>2026-05-04T02:51:11.5500000+00:00</time>
      </trkpt>
      <trkpt lat="46.62174" lon="7.79368">
        <ele>2192.42</ele>
        <time>2026-05-04T02:51:45.5790000+00:00</time>
      </trkpt>
      <trkpt lat="46.62155" lon="7.79367">
        <ele>2192.16</ele>
        <time>2026-05-04T02:52:15.8110000+00:00</time>
      </trkpt>
      <trkpt lat="46.6215" lon="7.79369">
        <ele>2190.54</ele>
        <time>2026-05-04T02:52:24.0570000+00:00</time>
      </trkpt>
      <trkpt lat="46.62139" lon="7.79362">
        <ele>2194.72</ele>
        <time>2026-05-04T02:52:43.1460000+00:00</time>
      </trkpt>
      <trkpt lat="46.6213" lon="7.79366">
        <ele>2191.56</ele>
        <time>2026-05-04T02:52:58.1100000+00:00</time>
      </trkpt>
      <trkpt lat="46.62124" lon="7.79366">
        <ele>2191.25</ele>
        <time>2026-05-04T02:53:07.6510000+00:00</time>
      </trkpt>
      <trkpt lat="46.62121" lon="7.79364">
        <ele>2192.43</ele>
        <time>2026-05-04T02:53:12.8960000+00:00</time>
      </trkpt>
      <trkpt lat="46.62121" lon="7.7936">
        <ele>2195.08</ele>
        <time>2026-05-04T02:53:17.2640000+00:00</time>
      </trkpt>
      <trkpt lat="46.62128" lon="7.79351">
        <ele>2201.48</ele>
        <time>2026-05-04T02:53:32.1130000+00:00</time>
      </trkpt>
      <trkpt lat="46.62131" lon="7.79342">
        <ele>2203.12</ele>
        <time>2026-05-04T02:53:43.0380000+00:00</time>
      </trkpt>
      <trkpt lat="46.6213" lon="7.7934">
        <ele>2203.35</ele>
        <time>2026-05-04T02:53:45.7400000+00:00</time>
      </trkpt>
      <trkpt lat="46.62118" lon="7.79337">
        <ele>2203.25</ele>
        <time>2026-05-04T02:54:05.1010000+00:00</time>
      </trkpt>
      <trkpt lat="46.62114" lon="7.79334">
        <ele>2203.34</ele>
        <time>2026-05-04T02:54:12.2560000+00:00</time>
      </trkpt>
      <trkpt lat="46.62113" lon="7.79334">
        <ele>2203.08</ele>
        <time>2026-05-04T02:54:13.8510000+00:00</time>
      </trkpt>
      <trkpt lat="46.62112" lon="7.79334">
        <ele>2202.81</ele>
        <time>2026-05-04T02:54:15.4400000+00:00</time>
      </trkpt>
      <trkpt lat="46.6211" lon="7.79335">
        <ele>2202.13</ele>
        <time>2026-05-04T02:54:18.8010000+00:00</time>
      </trkpt>
      <trkpt lat="46.62105" lon="7.79337">
        <ele>2200.52</ele>
        <time>2026-05-04T02:54:27.0470000+00:00</time>
      </trkpt>
      <trkpt lat="46.621" lon="7.79346">
        <ele>2198.02</ele>
        <time>2026-05-04T02:54:39.6890000+00:00</time>
      </trkpt>
      <trkpt lat="46.62097" lon="7.7935">
        <ele>2196.77</ele>
        <time>2026-05-04T02:54:46.1590000+00:00</time>
      </trkpt>
      <trkpt lat="46.62085" lon="7.7935">
        <ele>2193.88</ele>
        <time>2026-05-04T02:55:05.2400000+00:00</time>
      </trkpt>
      <trkpt lat="46.62081" lon="7.79349">
        <ele>2193.01</ele>
        <time>2026-05-04T02:55:11.6940000+00:00</time>
      </trkpt>
      <trkpt lat="46.62075" lon="7.79347">
        <ele>2191.74</ele>
        <time>2026-05-04T02:55:21.4820000+00:00</time>
      </trkpt>
      <trkpt lat="46.62066" lon="7.79344">
        <ele>2189.77</ele>
        <time>2026-05-04T02:55:36.1630000+00:00</time>
      </trkpt>
      <trkpt lat="46.62056" lon="7.79345">
        <ele>2187.2</ele>
        <time>2026-05-04T02:55:52.1020000+00:00</time>
      </trkpt>
      <trkpt lat="46.62042" lon="7.79342">
        <ele>2183.83</ele>
        <time>2026-05-04T02:56:14.6020000+00:00</time>
      </trkpt>
      <trkpt lat="46.62038" lon="7.79343">
        <ele>2182.78</ele>
        <time>2026-05-04T02:56:21.0550000+00:00</time>
      </trkpt>
      <trkpt lat="46.6203" lon="7.7934">
        <ele>2180.71</ele>
        <time>2026-05-04T02:56:34.1910000+00:00</time>
      </trkpt>
      <trkpt lat="46.62022" lon="7.79343">
        <ele>2177.93</ele>
        <time>2026-05-04T02:56:47.3270000+00:00</time>
      </trkpt>
      <trkpt lat="46.62019" lon="7.79343">
        <ele>2176.92</ele>
        <time>2026-05-04T02:56:52.0990000+00:00</time>
      </trkpt>
      <trkpt lat="46.62015" lon="7.79342">
        <ele>2175.61</ele>
        <time>2026-05-04T02:56:58.5530000+00:00</time>
      </trkpt>
      <trkpt lat="46.62006" lon="7.79339">
        <ele>2172.77</ele>
        <time>2026-05-04T02:57:13.2340000+00:00</time>
      </trkpt>
      <trkpt lat="46.62002" lon="7.79337">
        <ele>2171.58</ele>
        <time>2026-05-04T02:57:19.9600000+00:00</time>
      </trkpt>
      <trkpt lat="46.61993" lon="7.79331">
        <ele>2169.1</ele>
        <time>2026-05-04T02:57:35.6990000+00:00</time>
      </trkpt>
      <trkpt lat="46.6199" lon="7.79331">
        <ele>2168.14</ele>
        <time>2026-05-04T02:57:40.4680000+00:00</time>
      </trkpt>
      <trkpt lat="46.61987" lon="7.7933">
        <ele>2167.27</ele>
        <time>2026-05-04T02:57:45.3600000+00:00</time>
      </trkpt>
      <trkpt lat="46.61985" lon="7.7933">
        <ele>2166.63</ele>
        <time>2026-05-04T02:57:48.5380000+00:00</time>
      </trkpt>
      <trkpt lat="46.61984" lon="7.79328">
        <ele>2166.5</ele>
        <time>2026-05-04T02:57:51.2390000+00:00</time>
      </trkpt>
      <trkpt lat="46.61982" lon="7.79329">
        <ele>2165.77</ele>
        <time>2026-05-04T02:57:54.6030000+00:00</time>
      </trkpt>
      <trkpt lat="46.6198" lon="7.79332">
        <ele>2164.84</ele>
        <time>2026-05-04T02:57:59.1690000+00:00</time>
      </trkpt>
      <trkpt lat="46.61974" lon="7.79342">
        <ele>2161.84</ele>
        <time>2026-05-04T02:58:13.6700000+00:00</time>
      </trkpt>
      <trkpt lat="46.61973" lon="7.79344">
        <ele>2161.29</ele>
        <time>2026-05-04T02:58:16.3720000+00:00</time>
      </trkpt>
      <trkpt lat="46.61972" lon="7.79342">
        <ele>2161.17</ele>
        <time>2026-05-04T02:58:19.0740000+00:00</time>
      </trkpt>
      <trkpt lat="46.6197" lon="7.79344">
        <ele>2160.27</ele>
        <time>2026-05-04T02:58:22.9300000+00:00</time>
      </trkpt>
      <trkpt lat="46.61969" lon="7.79336">
        <ele>2160.85</ele>
        <time>2026-05-04T02:58:31.8100000+00:00</time>
      </trkpt>
      <trkpt lat="46.61969" lon="7.79335">
        <ele>2160.96</ele>
        <time>2026-05-04T02:58:32.8960000+00:00</time>
      </trkpt>
      <trkpt lat="46.61964" lon="7.7933">
        <ele>2159.94</ele>
        <time>2026-05-04T02:58:42.5410000+00:00</time>
      </trkpt>
      <trkpt lat="46.61961" lon="7.79335">
        <ele>2158.35</ele>
        <time>2026-05-04T02:58:49.7920000+00:00</time>
      </trkpt>
      <trkpt lat="46.61955" lon="7.79337">
        <ele>2156.13</ele>
        <time>2026-05-04T02:58:59.5780000+00:00</time>
      </trkpt>
      <trkpt lat="46.61949" lon="7.79338">
        <ele>2154.01</ele>
        <time>2026-05-04T02:59:09.1790000+00:00</time>
      </trkpt>
      <trkpt lat="46.61944" lon="7.79337">
        <ele>2151.43</ele>
        <time>2026-05-04T02:59:17.2040000+00:00</time>
      </trkpt>
      <trkpt lat="46.61939" lon="7.79336">
        <ele>2148.72</ele>
        <time>2026-05-04T02:59:25.2290000+00:00</time>
      </trkpt>
      <trkpt lat="46.61936" lon="7.79334">
        <ele>2147.34</ele>
        <time>2026-05-04T02:59:30.4740000+00:00</time>
      </trkpt>
      <trkpt lat="46.61927" lon="7.79335">
        <ele>2142.03</ele>
        <time>2026-05-04T02:59:44.8270000+00:00</time>
      </trkpt>
      <trkpt lat="46.61922" lon="7.7934">
        <ele>2138.2</ele>
        <time>2026-05-04T02:59:54.4710000+00:00</time>
      </trkpt>
      <trkpt lat="46.61917" lon="7.79354">
        <ele>2130.27</ele>
        <time>2026-05-04T03:00:11.7050000+00:00</time>
      </trkpt>
      <trkpt lat="46.61916" lon="7.79357">
        <ele>2127.18</ele>
        <time>2026-05-04T03:00:15.3470000+00:00</time>
      </trkpt>
      <trkpt lat="46.61909" lon="7.79368">
        <ele>2114.03</ele>
        <time>2026-05-04T03:00:31.7260000+00:00</time>
      </trkpt>
      <trkpt lat="46.61907" lon="7.79372">
        <ele>2109.62</ele>
        <time>2026-05-04T03:00:37.1290000+00:00</time>
      </trkpt>
      <trkpt lat="46.61904" lon="7.79375">
        <ele>2105.49</ele>
        <time>2026-05-04T03:00:42.9170000+00:00</time>
      </trkpt>
      <trkpt lat="46.61902" lon="7.7938">
        <ele>2100.33</ele>
        <time>2026-05-04T03:00:49.2370000+00:00</time>
      </trkpt>
      <trkpt lat="46.61897" lon="7.79388">
        <ele>2091.19</ele>
        <time>2026-05-04T03:01:01.0500000+00:00</time>
      </trkpt>
      <trkpt lat="46.61892" lon="7.79396">
        <ele>2082.18</ele>
        <time>2026-05-04T03:01:12.8640000+00:00</time>
      </trkpt>
      <trkpt lat="46.61889" lon="7.794">
        <ele>2077.47</ele>
        <time>2026-05-04T03:01:19.3320000+00:00</time>
      </trkpt>
      <trkpt lat="46.61885" lon="7.79401">
        <ele>2074.63</ele>
        <time>2026-05-04T03:01:25.7830000+00:00</time>
      </trkpt>
      <trkpt lat="46.61882" lon="7.79404">
        <ele>2070.77</ele>
        <time>2026-05-04T03:01:31.5690000+00:00</time>
      </trkpt>
      <trkpt lat="46.6188" lon="7.79404">
        <ele>2069.76</ele>
        <time>2026-05-04T03:01:34.7470000+00:00</time>
      </trkpt>
      <trkpt lat="46.61876" lon="7.7941">
        <ele>2063.14</ele>
        <time>2026-05-04T03:01:43.8780000+00:00</time>
      </trkpt>
      <trkpt lat="46.61874" lon="7.7941">
        <ele>2062.15</ele>
        <time>2026-05-04T03:01:47.0590000+00:00</time>
      </trkpt>
      <trkpt lat="46.6187" lon="7.79417">
        <ele>2054.89</ele>
        <time>2026-05-04T03:01:57.0040000+00:00</time>
      </trkpt>
      <trkpt lat="46.61865" lon="7.79425">
        <ele>2046.59</ele>
        <time>2026-05-04T03:02:08.8170000+00:00</time>
      </trkpt>
      <trkpt lat="46.61859" lon="7.79433">
        <ele>2042.41</ele>
        <time>2026-05-04T03:02:21.7540000+00:00</time>
      </trkpt>
      <trkpt lat="46.61856" lon="7.79437">
        <ele>2040.44</ele>
        <time>2026-05-04T03:02:28.2220000+00:00</time>
      </trkpt>
      <trkpt lat="46.61852" lon="7.79442">
        <ele>2037.97</ele>
        <time>2026-05-04T03:02:36.6050000+00:00</time>
      </trkpt>
      <trkpt lat="46.61848" lon="7.79442">
        <ele>2039.09</ele>
        <time>2026-05-04T03:02:42.9670000+00:00</time>
      </trkpt>
      <trkpt lat="46.6184" lon="7.79449">
        <ele>2036.02</ele>
        <time>2026-05-04T03:02:57.8080000+00:00</time>
      </trkpt>
      <trkpt lat="46.61832" lon="7.79451">
        <ele>2036.57</ele>
        <time>2026-05-04T03:03:10.7150000+00:00</time>
      </trkpt>
      <trkpt lat="46.61828" lon="7.79451">
        <ele>2037.6</ele>
        <time>2026-05-04T03:03:17.0750000+00:00</time>
      </trkpt>
      <trkpt lat="46.61821" lon="7.79458">
        <ele>2033.77</ele>
        <time>2026-05-04T03:03:30.5770000+00:00</time>
      </trkpt>
      <trkpt lat="46.61812" lon="7.79464">
        <ele>2030.98</ele>
        <time>2026-05-04T03:03:46.3170000+00:00</time>
      </trkpt>
      <trkpt lat="46.61807" lon="7.79469">
        <ele>2027.92</ele>
        <time>2026-05-04T03:03:55.9630000+00:00</time>
      </trkpt>
      <trkpt lat="46.61797" lon="7.79474">
        <ele>2025.74</ele>
        <time>2026-05-04T03:04:12.7760000+00:00</time>
      </trkpt>
      <trkpt lat="46.61794" lon="7.79475">
        <ele>2025.47</ele>
        <time>2026-05-04T03:04:17.6690000+00:00</time>
      </trkpt>
      <trkpt lat="46.61793" lon="7.79476">
        <ele>2024.8</ele>
        <time>2026-05-04T03:04:19.5940000+00:00</time>
      </trkpt>
      <trkpt lat="46.61789" lon="7.7948">
        <ele>2022.05</ele>
        <time>2026-05-04T03:04:27.3100000+00:00</time>
      </trkpt>
      <trkpt lat="46.61785" lon="7.7948">
        <ele>2022.8</ele>
        <time>2026-05-04T03:04:33.6700000+00:00</time>
      </trkpt>
      <trkpt lat="46.6178" lon="7.79485">
        <ele>2019.34</ele>
        <time>2026-05-04T03:04:43.3160000+00:00</time>
      </trkpt>
      <trkpt lat="46.61772" lon="7.79491">
        <ele>2016.11</ele>
        <time>2026-05-04T03:04:57.6260000+00:00</time>
      </trkpt>
      <trkpt lat="46.61764" lon="7.79496">
        <ele>2014.1</ele>
        <time>2026-05-04T03:05:11.4680000+00:00</time>
      </trkpt>
      <trkpt lat="46.61755" lon="7.79501">
        <ele>2012.73</ele>
        <time>2026-05-04T03:05:26.7850000+00:00</time>
      </trkpt>
      <trkpt lat="46.61746" lon="7.79505">
        <ele>2012.47</ele>
        <time>2026-05-04T03:05:41.7480000+00:00</time>
      </trkpt>
      <trkpt lat="46.6174" lon="7.79508">
        <ele>2012.22</ele>
        <time>2026-05-04T03:05:51.8370000+00:00</time>
      </trkpt>
      <trkpt lat="46.61733" lon="7.79513">
        <ele>2011.05</ele>
        <time>2026-05-04T03:06:04.2350000+00:00</time>
      </trkpt>
      <trkpt lat="46.61723" lon="7.79519">
        <ele>2010.19</ele>
        <time>2026-05-04T03:06:21.4330000+00:00</time>
      </trkpt>
      <trkpt lat="46.61715" lon="7.7952">
        <ele>2012.22</ele>
        <time>2026-05-04T03:06:34.2000000+00:00</time>
      </trkpt>
      <trkpt lat="46.61708" lon="7.79523">
        <ele>2012</ele>
        <time>2026-05-04T03:06:45.8030000+00:00</time>
      </trkpt>
      <trkpt lat="46.61705" lon="7.79522">
        <ele>2014.01</ele>
        <time>2026-05-04T03:06:50.6980000+00:00</time>
      </trkpt>
      <trkpt lat="46.61698" lon="7.79522">
        <ele>2016.24</ele>
        <time>2026-05-04T03:07:01.8310000+00:00</time>
      </trkpt>
      <trkpt lat="46.61684" lon="7.79522">
        <ele>2014.22</ele>
        <time>2026-05-04T03:07:24.0920000+00:00</time>
      </trkpt>
      <trkpt lat="46.61678" lon="7.79523">
        <ele>2012.51</ele>
        <time>2026-05-04T03:07:33.6940000+00:00</time>
      </trkpt>
      <trkpt lat="46.61673" lon="7.79522">
        <ele>2012.64</ele>
        <time>2026-05-04T03:07:41.7190000+00:00</time>
      </trkpt>
      <trkpt lat="46.61669" lon="7.79519">
        <ele>2014.47</ele>
        <time>2026-05-04T03:07:48.8740000+00:00</time>
      </trkpt>
      <trkpt lat="46.61662" lon="7.79515">
        <ele>2015.98</ele>
        <time>2026-05-04T03:08:00.8320000+00:00</time>
      </trkpt>
      <trkpt lat="46.61657" lon="7.79514">
        <ele>2015.69</ele>
        <time>2026-05-04T03:08:08.8580000+00:00</time>
      </trkpt>
      <trkpt lat="46.616459999999996" lon="7.79512">
        <ele>2014.9</ele>
        <time>2026-05-04T03:08:26.4840000+00:00</time>
      </trkpt>
      <trkpt lat="46.61632" lon="7.79511">
        <ele>2013.06</ele>
        <time>2026-05-04T03:08:48.7730000+00:00</time>
      </trkpt>
      <trkpt lat="46.61626" lon="7.79509">
        <ele>2013.1</ele>
        <time>2026-05-04T03:08:58.5610000+00:00</time>
      </trkpt>
      <trkpt lat="46.61619" lon="7.79507">
        <ele>2012.96</ele>
        <time>2026-05-04T03:09:09.9040000+00:00</time>
      </trkpt>
      <trkpt lat="46.61609" lon="7.79506">
        <ele>2013.87</ele>
        <time>2026-05-04T03:09:25.8430000+00:00</time>
      </trkpt>
      <trkpt lat="46.61599" lon="7.79506">
        <ele>2015.49</ele>
        <time>2026-05-04T03:09:41.7440000+00:00</time>
      </trkpt>
      <trkpt lat="46.61586" lon="7.79505">
        <ele>2018.04</ele>
        <time>2026-05-04T03:10:02.4440000+00:00</time>
      </trkpt>
      <trkpt lat="46.61574" lon="7.79504">
        <ele>2020.37</ele>
        <time>2026-05-04T03:10:21.5570000+00:00</time>
      </trkpt>
      <trkpt lat="46.6156" lon="7.79501">
        <ele>2023.69</ele>
        <time>2026-05-04T03:10:44.0580000+00:00</time>
      </trkpt>
      <trkpt lat="46.61548" lon="7.79498">
        <ele>2026.5</ele>
        <time>2026-05-04T03:11:03.4190000+00:00</time>
      </trkpt>
      <trkpt lat="46.61543" lon="7.79495">
        <ele>2028.19</ele>
        <time>2026-05-04T03:11:12.0180000+00:00</time>
      </trkpt>
      <trkpt lat="46.61539" lon="7.79494">
        <ele>2029.03</ele>
        <time>2026-05-04T03:11:18.4720000+00:00</time>
      </trkpt>
      <trkpt lat="46.61538" lon="7.79498">
        <ele>2027.89</ele>
        <time>2026-05-04T03:11:23.1190000+00:00</time>
      </trkpt>
      <trkpt lat="46.61536" lon="7.79502">
        <ele>2026.93</ele>
        <time>2026-05-04T03:11:28.5230000+00:00</time>
      </trkpt>
      <trkpt lat="46.61532" lon="7.79507">
        <ele>2026.02</ele>
        <time>2026-05-04T03:11:36.9060000+00:00</time>
      </trkpt>
      <trkpt lat="46.61528" lon="7.79518">
        <ele>2022.14</ele>
        <time>2026-05-04T03:11:50.4990000+00:00</time>
      </trkpt>
      <trkpt lat="46.61525" lon="7.79519">
        <ele>2021.34</ele>
        <time>2026-05-04T03:11:55.3900000+00:00</time>
      </trkpt>
      <trkpt lat="46.61524" lon="7.79522">
        <ele>2019.51</ele>
        <time>2026-05-04T03:11:59.0280000+00:00</time>
      </trkpt>
      <trkpt lat="46.61521" lon="7.79521">
        <ele>2019.94</ele>
        <time>2026-05-04T03:12:03.9230000+00:00</time>
      </trkpt>
      <trkpt lat="46.61518" lon="7.7952">
        <ele>2020.33</ele>
        <time>2026-05-04T03:12:08.8160000+00:00</time>
      </trkpt>
      <trkpt lat="46.61516" lon="7.79519">
        <ele>2020.77</ele>
        <time>2026-05-04T03:12:12.1770000+00:00</time>
      </trkpt>
      <trkpt lat="46.61514" lon="7.79518">
        <ele>2021.19</ele>
        <time>2026-05-04T03:12:15.5390000+00:00</time>
      </trkpt>
      <trkpt lat="46.61512" lon="7.7952">
        <ele>2019.98</ele>
        <time>2026-05-04T03:12:19.3980000+00:00</time>
      </trkpt>
      <trkpt lat="46.6151" lon="7.7952">
        <ele>2019.86</ele>
        <time>2026-05-04T03:12:22.5760000+00:00</time>
      </trkpt>
      <trkpt lat="46.6151" lon="7.79524">
        <ele>2017.74</ele>
        <time>2026-05-04T03:12:26.9430000+00:00</time>
      </trkpt>
      <trkpt lat="46.61512" lon="7.79528">
        <ele>2015.68</ele>
        <time>2026-05-04T03:12:32.3460000+00:00</time>
      </trkpt>
      <trkpt lat="46.61513" lon="7.79531">
        <ele>2014.08</ele>
        <time>2026-05-04T03:12:35.9890000+00:00</time>
      </trkpt>
      <trkpt lat="46.61513" lon="7.79533">
        <ele>2012.99</ele>
        <time>2026-05-04T03:12:38.1700000+00:00</time>
      </trkpt>
      <trkpt lat="46.61516" lon="7.79536">
        <ele>2011.34</ele>
        <time>2026-05-04T03:12:43.9550000+00:00</time>
      </trkpt>
      <trkpt lat="46.61517" lon="7.79539">
        <ele>2009.65</ele>
        <time>2026-05-04T03:12:47.5960000+00:00</time>
      </trkpt>
      <trkpt lat="46.61518" lon="7.79541">
        <ele>2008.5</ele>
        <time>2026-05-04T03:12:50.2970000+00:00</time>
      </trkpt>
      <trkpt lat="46.6152" lon="7.79549">
        <ele>2003.86</ele>
        <time>2026-05-04T03:12:59.5950000+00:00</time>
      </trkpt>
      <trkpt lat="46.61521" lon="7.79551">
        <ele>2002.64</ele>
        <time>2026-05-04T03:13:02.2970000+00:00</time>
      </trkpt>
      <trkpt lat="46.61523" lon="7.79556">
        <ele>1999.56</ele>
        <time>2026-05-04T03:13:08.6170000+00:00</time>
      </trkpt>
      <trkpt lat="46.61524" lon="7.79561">
        <ele>1996.52</ele>
        <time>2026-05-04T03:13:14.3060000+00:00</time>
      </trkpt>
      <trkpt lat="46.61523" lon="7.79567">
        <ele>1993.12</ele>
        <time>2026-05-04T03:13:21.0500000+00:00</time>
      </trkpt>
      <trkpt lat="46.61522" lon="7.79578">
        <ele>1986.87</ele>
        <time>2026-05-04T03:13:33.1690000+00:00</time>
      </trkpt>
      <trkpt lat="46.61522" lon="7.79584">
        <ele>1983.39</ele>
        <time>2026-05-04T03:13:39.7220000+00:00</time>
      </trkpt>
      <trkpt lat="46.61521" lon="7.7959">
        <ele>1980.15</ele>
        <time>2026-05-04T03:13:46.4670000+00:00</time>
      </trkpt>
      <trkpt lat="46.61518" lon="7.79597">
        <ele>1976.93</ele>
        <time>2026-05-04T03:13:55.4780000+00:00</time>
      </trkpt>
      <trkpt lat="46.61515" lon="7.79606">
        <ele>1973.19</ele>
        <time>2026-05-04T03:14:06.4050000+00:00</time>
      </trkpt>
      <trkpt lat="46.61514" lon="7.79618">
        <ele>1967.72</ele>
        <time>2026-05-04T03:14:19.6080000+00:00</time>
      </trkpt>
      <trkpt lat="46.61515" lon="7.79621">
        <ele>1965.99</ele>
        <time>2026-05-04T03:14:23.2510000+00:00</time>
      </trkpt>
      <trkpt lat="46.61515" lon="7.79628">
        <ele>1962.63</ele>
        <time>2026-05-04T03:14:30.8960000+00:00</time>
      </trkpt>
      <trkpt lat="46.61511" lon="7.79633">
        <ele>1961.38</ele>
        <time>2026-05-04T03:14:39.2780000+00:00</time>
      </trkpt>
      <trkpt lat="46.61502" lon="7.7964">
        <ele>1960.61</ele>
        <time>2026-05-04T03:14:55.5030000+00:00</time>
      </trkpt>
      <trkpt lat="46.61496" lon="7.7964">
        <ele>1962.34</ele>
        <time>2026-05-04T03:15:05.0430000+00:00</time>
      </trkpt>
      <trkpt lat="46.6149" lon="7.79643">
        <ele>1962.63</ele>
        <time>2026-05-04T03:15:15.1300000+00:00</time>
      </trkpt>
      <trkpt lat="46.61485" lon="7.79644">
        <ele>1963.59</ele>
        <time>2026-05-04T03:15:23.1550000+00:00</time>
      </trkpt>
      <trkpt lat="46.61481" lon="7.79647">
        <ele>1963.3</ele>
        <time>2026-05-04T03:15:30.3110000+00:00</time>
      </trkpt>
      <trkpt lat="46.61477" lon="7.79653">
        <ele>1961.57</ele>
        <time>2026-05-04T03:15:39.4440000+00:00</time>
      </trkpt>
      <trkpt lat="46.61476" lon="7.79658">
        <ele>1959.45</ele>
        <time>2026-05-04T03:15:45.1330000+00:00</time>
      </trkpt>
      <trkpt lat="46.61475" lon="7.79661">
        <ele>1958.3</ele>
        <time>2026-05-04T03:15:48.7760000+00:00</time>
      </trkpt>
      <trkpt lat="46.61468" lon="7.79673">
        <ele>1954.55</ele>
        <time>2026-05-04T03:16:05.9710000+00:00</time>
      </trkpt>
      <trkpt lat="46.61464" lon="7.79679">
        <ele>1952.83</ele>
        <time>2026-05-04T03:16:15.1050000+00:00</time>
      </trkpt>
      <trkpt lat="46.61462" lon="7.79684">
        <ele>1951.07</ele>
        <time>2026-05-04T03:16:21.4260000+00:00</time>
      </trkpt>
      <trkpt lat="46.61458" lon="7.79689">
        <ele>1950.79</ele>
        <time>2026-05-04T03:16:29.8100000+00:00</time>
      </trkpt>
      <trkpt lat="46.61453" lon="7.79695">
        <ele>1950.58</ele>
        <time>2026-05-04T03:16:40.1130000+00:00</time>
      </trkpt>
      <trkpt lat="46.61452" lon="7.79699">
        <ele>1949.76</ele>
        <time>2026-05-04T03:16:44.7610000+00:00</time>
      </trkpt>
      <trkpt lat="46.61451" lon="7.79702">
        <ele>1949.23</ele>
        <time>2026-05-04T03:16:48.4040000+00:00</time>
      </trkpt>
      <trkpt lat="46.61451" lon="7.79708">
        <ele>1947.55</ele>
        <time>2026-05-04T03:16:54.9570000+00:00</time>
      </trkpt>
      <trkpt lat="46.6145" lon="7.79712">
        <ele>1946.76</ele>
        <time>2026-05-04T03:16:59.6050000+00:00</time>
      </trkpt>
      <trkpt lat="46.61448" lon="7.79714">
        <ele>1946.59</ele>
        <time>2026-05-04T03:17:03.4640000+00:00</time>
      </trkpt>
      <trkpt lat="46.61446" lon="7.79716">
        <ele>1946</ele>
        <time>2026-05-04T03:17:07.3230000+00:00</time>
      </trkpt>
      <trkpt lat="46.6144" lon="7.79726">
        <ele>1943.13</ele>
        <time>2026-05-04T03:17:21.8260000+00:00</time>
      </trkpt>
      <trkpt lat="46.61435" lon="7.79734">
        <ele>1940.85</ele>
        <time>2026-05-04T03:17:33.6390000+00:00</time>
      </trkpt>
      <trkpt lat="46.61432" lon="7.79744">
        <ele>1938.06</ele>
        <time>2026-05-04T03:17:45.5570000+00:00</time>
      </trkpt>
      <trkpt lat="46.61429" lon="7.79753">
        <ele>1935.55</ele>
        <time>2026-05-04T03:17:56.4840000+00:00</time>
      </trkpt>
      <trkpt lat="46.61427" lon="7.79757">
        <ele>1934.43</ele>
        <time>2026-05-04T03:18:01.8870000+00:00</time>
      </trkpt>
      <trkpt lat="46.61425" lon="7.79761">
        <ele>1933.31</ele>
        <time>2026-05-04T03:18:07.2900000+00:00</time>
      </trkpt>
      <trkpt lat="46.61425" lon="7.79763">
        <ele>1932.77</ele>
        <time>2026-05-04T03:18:09.4790000+00:00</time>
      </trkpt>
      <trkpt lat="46.61425" lon="7.79769">
        <ele>1930.86</ele>
        <time>2026-05-04T03:18:16.0340000+00:00</time>
      </trkpt>
      <trkpt lat="46.61422" lon="7.79776">
        <ele>1928.05</ele>
        <time>2026-05-04T03:18:25.0450000+00:00</time>
      </trkpt>
      <trkpt lat="46.61418" lon="7.79785">
        <ele>1924.46</ele>
        <time>2026-05-04T03:18:36.7540000+00:00</time>
      </trkpt>
      <trkpt lat="46.61415" lon="7.7979">
        <ele>1922.48</ele>
        <time>2026-05-04T03:18:44.0070000+00:00</time>
      </trkpt>
      <trkpt lat="46.61412" lon="7.79796">
        <ele>1920.12</ele>
        <time>2026-05-04T03:18:52.1140000+00:00</time>
      </trkpt>
      <trkpt lat="46.61408" lon="7.79803">
        <ele>1917.39</ele>
        <time>2026-05-04T03:19:02.0580000+00:00</time>
      </trkpt>
      <trkpt lat="46.61405" lon="7.79812">
        <ele>1913.9</ele>
        <time>2026-05-04T03:19:12.9850000+00:00</time>
      </trkpt>
      <trkpt lat="46.61405" lon="7.7982">
        <ele>1910.78</ele>
        <time>2026-05-04T03:19:21.7220000+00:00</time>
      </trkpt>
      <trkpt lat="46.61403" lon="7.79819">
        <ele>1911.19</ele>
        <time>2026-05-04T03:19:25.0840000+00:00</time>
      </trkpt>
      <trkpt lat="46.61404" lon="7.79824">
        <ele>1909.24</ele>
        <time>2026-05-04T03:19:30.7710000+00:00</time>
      </trkpt>
      <trkpt lat="46.614" lon="7.79833">
        <ele>1905.8</ele>
        <time>2026-05-04T03:19:42.4800000+00:00</time>
      </trkpt>
      <trkpt lat="46.61395" lon="7.79842">
        <ele>1902.42</ele>
        <time>2026-05-04T03:19:55.1230000+00:00</time>
      </trkpt>
      <trkpt lat="46.61393" lon="7.79844">
        <ele>1901.69</ele>
        <time>2026-05-04T03:19:58.9820000+00:00</time>
      </trkpt>
      <trkpt lat="46.61393" lon="7.79846">
        <ele>1900.92</ele>
        <time>2026-05-04T03:20:01.1710000+00:00</time>
      </trkpt>
      <trkpt lat="46.61393" lon="7.79851">
        <ele>1898.9</ele>
        <time>2026-05-04T03:20:06.6350000+00:00</time>
      </trkpt>
      <trkpt lat="46.61391" lon="7.79851">
        <ele>1898.95</ele>
        <time>2026-05-04T03:20:09.8130000+00:00</time>
      </trkpt>
      <trkpt lat="46.61393" lon="7.79855">
        <ele>1896.9</ele>
        <time>2026-05-04T03:20:15.2160000+00:00</time>
      </trkpt>
      <trkpt lat="46.61392" lon="7.79861">
        <ele>1893.95</ele>
        <time>2026-05-04T03:20:21.9610000+00:00</time>
      </trkpt>
      <trkpt lat="46.6139" lon="7.79863">
        <ele>1893.05</ele>
        <time>2026-05-04T03:20:25.8200000+00:00</time>
      </trkpt>
      <trkpt lat="46.6139" lon="7.79865">
        <ele>1892.07</ele>
        <time>2026-05-04T03:20:28.0090000+00:00</time>
      </trkpt>
      <trkpt lat="46.61391" lon="7.79867">
        <ele>1891.02</ele>
        <time>2026-05-04T03:20:30.7100000+00:00</time>
      </trkpt>
      <trkpt lat="46.6139" lon="7.79871">
        <ele>1889.1</ele>
        <time>2026-05-04T03:20:35.3580000+00:00</time>
      </trkpt>
      <trkpt lat="46.6139" lon="7.79877">
        <ele>1886.14</ele>
        <time>2026-05-04T03:20:41.9120000+00:00</time>
      </trkpt>
      <trkpt lat="46.61389" lon="7.79888">
        <ele>1880.81</ele>
        <time>2026-05-04T03:20:54.0320000+00:00</time>
      </trkpt>
      <trkpt lat="46.61386" lon="7.79896">
        <ele>1877.23</ele>
        <time>2026-05-04T03:21:03.9880000+00:00</time>
      </trkpt>
      <trkpt lat="46.61384" lon="7.79901">
        <ele>1875.05</ele>
        <time>2026-05-04T03:21:10.3080000+00:00</time>
      </trkpt>
      <trkpt lat="46.61381" lon="7.79906">
        <ele>1873.05</ele>
        <time>2026-05-04T03:21:17.5610000+00:00</time>
      </trkpt>
      <trkpt lat="46.61379" lon="7.79909">
        <ele>1871.91</ele>
        <time>2026-05-04T03:21:22.1280000+00:00</time>
      </trkpt>
      <trkpt lat="46.61379" lon="7.79916">
        <ele>1868.61</ele>
        <time>2026-05-04T03:21:29.7770000+00:00</time>
      </trkpt>
      <trkpt lat="46.61377" lon="7.79917">
        <ele>1868.46</ele>
        <time>2026-05-04T03:21:33.1410000+00:00</time>
      </trkpt>
      <trkpt lat="46.61378" lon="7.7992">
        <ele>1866.89</ele>
        <time>2026-05-04T03:21:36.7840000+00:00</time>
      </trkpt>
      <trkpt lat="46.6138" lon="7.79923">
        <ele>1865.14</ele>
        <time>2026-05-04T03:21:41.3510000+00:00</time>
      </trkpt>
      <trkpt lat="46.6138" lon="7.79924">
        <ele>1864.67</ele>
        <time>2026-05-04T03:21:42.4370000+00:00</time>
      </trkpt>
      <trkpt lat="46.61378" lon="7.79926">
        <ele>1864.07</ele>
        <time>2026-05-04T03:21:46.2970000+00:00</time>
      </trkpt>
      <trkpt lat="46.61376" lon="7.79926">
        <ele>1864.43</ele>
        <time>2026-05-04T03:21:49.4750000+00:00</time>
      </trkpt>
      <trkpt lat="46.61377" lon="7.79931">
        <ele>1861.91</ele>
        <time>2026-05-04T03:21:55.1640000+00:00</time>
      </trkpt>
      <trkpt lat="46.61379" lon="7.79933">
        <ele>1860.59</ele>
        <time>2026-05-04T03:21:59.0230000+00:00</time>
      </trkpt>
      <trkpt lat="46.61378" lon="7.79941">
        <ele>1858.77</ele>
        <time>2026-05-04T03:22:07.9040000+00:00</time>
      </trkpt>
      <trkpt lat="46.61378" lon="7.79948">
        <ele>1857.08</ele>
        <time>2026-05-04T03:22:15.5500000+00:00</time>
      </trkpt>
      <trkpt lat="46.61372" lon="7.79953">
        <ele>1857.26</ele>
        <time>2026-05-04T03:22:26.5430000+00:00</time>
      </trkpt>
      <trkpt lat="46.6137" lon="7.79956">
        <ele>1857.05</ele>
        <time>2026-05-04T03:22:31.1090000+00:00</time>
      </trkpt>
      <trkpt lat="46.61366" lon="7.7996">
        <ele>1857.13</ele>
        <time>2026-05-04T03:22:38.8260000+00:00</time>
      </trkpt>
      <trkpt lat="46.61362" lon="7.79967">
        <ele>1856.74</ele>
        <time>2026-05-04T03:22:48.7730000+00:00</time>
      </trkpt>
      <trkpt lat="46.61358" lon="7.79972">
        <ele>1856.93</ele>
        <time>2026-05-04T03:22:57.1570000+00:00</time>
      </trkpt>
      <trkpt lat="46.61352" lon="7.79975">
        <ele>1858.23</ele>
        <time>2026-05-04T03:23:07.2440000+00:00</time>
      </trkpt>
      <trkpt lat="46.61351" lon="7.79982">
        <ele>1857.38</ele>
        <time>2026-05-04T03:23:15.0550000+00:00</time>
      </trkpt>
      <trkpt lat="46.61348" lon="7.79988">
        <ele>1857.46</ele>
        <time>2026-05-04T03:23:23.1620000+00:00</time>
      </trkpt>
      <trkpt lat="46.61346" lon="7.79992">
        <ele>1857.58</ele>
        <time>2026-05-04T03:23:28.5670000+00:00</time>
      </trkpt>
      <trkpt lat="46.61345" lon="7.79996">
        <ele>1857.37</ele>
        <time>2026-05-04T03:23:33.2180000+00:00</time>
      </trkpt>
      <trkpt lat="46.61345" lon="7.8">
        <ele>1856.79</ele>
        <time>2026-05-04T03:23:37.5880000+00:00</time>
      </trkpt>
      <trkpt lat="46.61343" lon="7.79996">
        <ele>1858.14</ele>
        <time>2026-05-04T03:23:42.9910000+00:00</time>
      </trkpt>
      <trkpt lat="46.61343" lon="7.79994">
        <ele>1858.41</ele>
        <time>2026-05-04T03:23:45.1720000+00:00</time>
      </trkpt>
      <trkpt lat="46.61341" lon="7.79992">
        <ele>1859.43</ele>
        <time>2026-05-04T03:23:49.0310000+00:00</time>
      </trkpt>
      <trkpt lat="46.61337" lon="7.79988">
        <ele>1861.38</ele>
        <time>2026-05-04T03:23:56.7480000+00:00</time>
      </trkpt>
      <trkpt lat="46.61334" lon="7.79989">
        <ele>1862.35</ele>
        <time>2026-05-04T03:24:01.6430000+00:00</time>
      </trkpt>
      <trkpt lat="46.61332" lon="7.79993">
        <ele>1862.67</ele>
        <time>2026-05-04T03:24:07.0460000+00:00</time>
      </trkpt>
      <trkpt lat="46.6133" lon="7.79988">
        <ele>1863.88</ele>
        <time>2026-05-04T03:24:13.3640000+00:00</time>
      </trkpt>
      <trkpt lat="46.6133" lon="7.79984">
        <ele>1864.26</ele>
        <time>2026-05-04T03:24:17.7320000+00:00</time>
      </trkpt>
      <trkpt lat="46.61331" lon="7.79982">
        <ele>1864.11</ele>
        <time>2026-05-04T03:24:20.4370000+00:00</time>
      </trkpt>
      <trkpt lat="46.6133" lon="7.7998">
        <ele>1864.63</ele>
        <time>2026-05-04T03:24:23.1420000+00:00</time>
      </trkpt>
      <trkpt lat="46.61326" lon="7.79982">
        <ele>1865.79</ele>
        <time>2026-05-04T03:24:29.8660000+00:00</time>
      </trkpt>
      <trkpt lat="46.61324" lon="7.79982">
        <ele>1866.46</ele>
        <time>2026-05-04T03:24:33.0440000+00:00</time>
      </trkpt>
      <trkpt lat="46.6132" lon="7.79983">
        <ele>1867.75</ele>
        <time>2026-05-04T03:24:39.4960000+00:00</time>
      </trkpt>
      <trkpt lat="46.61316" lon="7.79985">
        <ele>1869.02</ele>
        <time>2026-05-04T03:24:46.2210000+00:00</time>
      </trkpt>
      <trkpt lat="46.61312" lon="7.79983">
        <ele>1870.47</ele>
        <time>2026-05-04T03:24:52.9470000+00:00</time>
      </trkpt>
      <trkpt lat="46.61304" lon="7.79978">
        <ele>1873.2</ele>
        <time>2026-05-04T03:25:06.7910000+00:00</time>
      </trkpt>
      <trkpt lat="46.613" lon="7.79975">
        <ele>1874.46</ele>
        <time>2026-05-04T03:25:13.9460000+00:00</time>
      </trkpt>
      <trkpt lat="46.61298" lon="7.79971">
        <ele>1875.02</ele>
        <time>2026-05-04T03:25:19.3490000+00:00</time>
      </trkpt>
      <trkpt lat="46.61295" lon="7.79964">
        <ele>1875.72</ele>
        <time>2026-05-04T03:25:28.3610000+00:00</time>
      </trkpt>
      <trkpt lat="46.61289" lon="7.79961">
        <ele>1877.21</ele>
        <time>2026-05-04T03:25:38.4490000+00:00</time>
      </trkpt>
      <trkpt lat="46.61284" lon="7.79959">
        <ele>1878.4</ele>
        <time>2026-05-04T03:25:46.6940000+00:00</time>
      </trkpt>
      <trkpt lat="46.61281" lon="7.79956">
        <ele>1878.43</ele>
        <time>2026-05-04T03:25:52.4790000+00:00</time>
      </trkpt>
      <trkpt lat="46.61271" lon="7.79953">
        <ele>1876.54</ele>
        <time>2026-05-04T03:26:08.7140000+00:00</time>
      </trkpt>
      <trkpt lat="46.61264" lon="7.79946">
        <ele>1874.39</ele>
        <time>2026-05-04T03:26:22.2180000+00:00</time>
      </trkpt>
      <trkpt lat="46.61256" lon="7.79939">
        <ele>1871.65</ele>
        <time>2026-05-04T03:26:37.0600000+00:00</time>
      </trkpt>
      <trkpt lat="46.61248" lon="7.79929">
        <ele>1868.54</ele>
        <time>2026-05-04T03:26:53.8270000+00:00</time>
      </trkpt>
      <trkpt lat="46.61243" lon="7.79922">
        <ele>1866.87</ele>
        <time>2026-05-04T03:27:04.8580000+00:00</time>
      </trkpt>
      <trkpt lat="46.61238" lon="7.7991">
        <ele>1864.71</ele>
        <time>2026-05-04T03:27:20.1880000+00:00</time>
      </trkpt>
      <trkpt lat="46.61237" lon="7.79902">
        <ele>1863.84</ele>
        <time>2026-05-04T03:27:29.0700000+00:00</time>
      </trkpt>
      <trkpt lat="46.61234" lon="7.79892">
        <ele>1862.16</ele>
        <time>2026-05-04T03:27:40.9890000+00:00</time>
      </trkpt>
      <trkpt lat="46.61233" lon="7.79884">
        <ele>1861.2</ele>
        <time>2026-05-04T03:27:49.8710000+00:00</time>
      </trkpt>
      <trkpt lat="46.61232" lon="7.79876">
        <ele>1860.21</ele>
        <time>2026-05-04T03:27:58.7520000+00:00</time>
      </trkpt>
      <trkpt lat="46.6123" lon="7.79873">
        <ele>1859.25</ele>
        <time>2026-05-04T03:28:03.3200000+00:00</time>
      </trkpt>
      <trkpt lat="46.6123" lon="7.79866">
        <ele>1858.65</ele>
        <time>2026-05-04T03:28:10.9660000+00:00</time>
      </trkpt>
      <trkpt lat="46.61228" lon="7.79858">
        <ele>1857.2</ele>
        <time>2026-05-04T03:28:20.2650000+00:00</time>
      </trkpt>
      <trkpt lat="46.61225" lon="7.79853">
        <ele>1855.58</ele>
        <time>2026-05-04T03:28:27.5180000+00:00</time>
      </trkpt>
      <trkpt lat="46.61221" lon="7.79842">
        <ele>1853.66</ele>
        <time>2026-05-04T03:28:41.1130000+00:00</time>
      </trkpt>
      <trkpt lat="46.61219" lon="7.79835">
        <ele>1852.77</ele>
        <time>2026-05-04T03:28:49.3940000+00:00</time>
      </trkpt>
      <trkpt lat="46.61218" lon="7.7983">
        <ele>1852.28</ele>
        <time>2026-05-04T03:28:55.0830000+00:00</time>
      </trkpt>
      <trkpt lat="46.61216" lon="7.79822">
        <ele>1851.28</ele>
        <time>2026-05-04T03:29:04.3820000+00:00</time>
      </trkpt>
      <trkpt lat="46.61215" lon="7.79821">
        <ele>1850.82</ele>
        <time>2026-05-04T03:29:06.3020000+00:00</time>
      </trkpt>
      <trkpt lat="46.6121" lon="7.79814">
        <ele>1848.37</ele>
        <time>2026-05-04T03:29:17.3320000+00:00</time>
      </trkpt>
      <trkpt lat="46.61207" lon="7.79811">
        <ele>1846.88</ele>
        <time>2026-05-04T03:29:23.1190000+00:00</time>
      </trkpt>
      <trkpt lat="46.61205" lon="7.7981">
        <ele>1845.9</ele>
        <time>2026-05-04T03:29:26.4780000+00:00</time>
      </trkpt>
      <trkpt lat="46.61203" lon="7.79805">
        <ele>1844.76</ele>
        <time>2026-05-04T03:29:32.7960000+00:00</time>
      </trkpt>
      <trkpt lat="46.61201" lon="7.79808">
        <ele>1843.93</ele>
        <time>2026-05-04T03:29:37.3640000+00:00</time>
      </trkpt>
      <trkpt lat="46.61197" lon="7.79808">
        <ele>1842.13</ele>
        <time>2026-05-04T03:29:43.7240000+00:00</time>
      </trkpt>
      <trkpt lat="46.61193" lon="7.79812">
        <ele>1840.66</ele>
        <time>2026-05-04T03:29:51.4400000+00:00</time>
      </trkpt>
      <trkpt lat="46.61189" lon="7.7982">
        <ele>1839.45</ele>
        <time>2026-05-04T03:30:02.2480000+00:00</time>
      </trkpt>
      <trkpt lat="46.61184" lon="7.79827">
        <ele>1837.82</ele>
        <time>2026-05-04T03:30:13.2790000+00:00</time>
      </trkpt>
      <trkpt lat="46.6118" lon="7.79831">
        <ele>1836.46</ele>
        <time>2026-05-04T03:30:20.9940000+00:00</time>
      </trkpt>
      <trkpt lat="46.61174" lon="7.79837">
        <ele>1834.48</ele>
        <time>2026-05-04T03:30:32.5690000+00:00</time>
      </trkpt>
      <trkpt lat="46.6117" lon="7.79839">
        <ele>1833.04</ele>
        <time>2026-05-04T03:30:39.2940000+00:00</time>
      </trkpt>
      <trkpt lat="46.61166" lon="7.79843">
        <ele>1831.77</ele>
        <time>2026-05-04T03:30:47.0110000+00:00</time>
      </trkpt>
      <trkpt lat="46.61162" lon="7.79849">
        <ele>1830.69</ele>
        <time>2026-05-04T03:30:56.1450000+00:00</time>
      </trkpt>
      <trkpt lat="46.61159" lon="7.79856">
        <ele>1830.78</ele>
        <time>2026-05-04T03:31:05.1570000+00:00</time>
      </trkpt>
      <trkpt lat="46.61155" lon="7.79859">
        <ele>1829.88</ele>
        <time>2026-05-04T03:31:12.3120000+00:00</time>
      </trkpt>
      <trkpt lat="46.61152" lon="7.79864">
        <ele>1829.78</ele>
        <time>2026-05-04T03:31:19.5640000+00:00</time>
      </trkpt>
      <trkpt lat="46.61151" lon="7.79868">
        <ele>1830.24</ele>
        <time>2026-05-04T03:31:24.2140000+00:00</time>
      </trkpt>
      <trkpt lat="46.61147" lon="7.79862">
        <ele>1827.53</ele>
        <time>2026-05-04T03:31:33.3460000+00:00</time>
      </trkpt>
      <trkpt lat="46.61144" lon="7.79859">
        <ele>1825.77</ele>
        <time>2026-05-04T03:31:39.1340000+00:00</time>
      </trkpt>
      <trkpt lat="46.61143" lon="7.79853">
        <ele>1824.1</ele>
        <time>2026-05-04T03:31:45.8790000+00:00</time>
      </trkpt>
      <trkpt lat="46.61142" lon="7.79842">
        <ele>1822.3</ele>
        <time>2026-05-04T03:31:57.9990000+00:00</time>
      </trkpt>
      <trkpt lat="46.61141" lon="7.7984">
        <ele>1821.71</ele>
        <time>2026-05-04T03:32:00.7000000+00:00</time>
      </trkpt>
      <trkpt lat="46.61138" lon="7.79839">
        <ele>1820.43</ele>
        <time>2026-05-04T03:32:05.5910000+00:00</time>
      </trkpt>
      <trkpt lat="46.61137" lon="7.79841">
        <ele>1820.24</ele>
        <time>2026-05-04T03:32:08.2900000+00:00</time>
      </trkpt>
      <trkpt lat="46.61136" lon="7.79844">
        <ele>1820.16</ele>
        <time>2026-05-04T03:32:11.9320000+00:00</time>
      </trkpt>
      <trkpt lat="46.61134" lon="7.79847">
        <ele>1819.69</ele>
        <time>2026-05-04T03:32:16.5000000+00:00</time>
      </trkpt>
      <trkpt lat="46.61132" lon="7.79844">
        <ele>1818.6</ele>
        <time>2026-05-04T03:32:21.0660000+00:00</time>
      </trkpt>
      <trkpt lat="46.61131" lon="7.79836">
        <ele>1817.36</ele>
        <time>2026-05-04T03:32:29.9470000+00:00</time>
      </trkpt>
      <trkpt lat="46.6113" lon="7.79833">
        <ele>1816.64</ele>
        <time>2026-05-04T03:32:33.5900000+00:00</time>
      </trkpt>
      <trkpt lat="46.61128" lon="7.79832">
        <ele>1815.73</ele>
        <time>2026-05-04T03:32:36.9510000+00:00</time>
      </trkpt>
      <trkpt lat="46.61122" lon="7.79833">
        <ele>1813.44</ele>
        <time>2026-05-04T03:32:46.5530000+00:00</time>
      </trkpt>
      <trkpt lat="46.61123" lon="7.7983">
        <ele>1813.5</ele>
        <time>2026-05-04T03:32:50.1960000+00:00</time>
      </trkpt>
      <trkpt lat="46.61123" lon="7.79826">
        <ele>1813.05</ele>
        <time>2026-05-04T03:32:54.5680000+00:00</time>
      </trkpt>
      <trkpt lat="46.61126" lon="7.79822">
        <ele>1813.82</ele>
        <time>2026-05-04T03:33:01.0370000+00:00</time>
      </trkpt>
      <trkpt lat="46.61125" lon="7.79818">
        <ele>1812.96</ele>
        <time>2026-05-04T03:33:05.6850000+00:00</time>
      </trkpt>
      <trkpt lat="46.61124" lon="7.79815">
        <ele>1812.21</ele>
        <time>2026-05-04T03:33:09.3280000+00:00</time>
      </trkpt>
      <trkpt lat="46.61125" lon="7.79811">
        <ele>1812.17</ele>
        <time>2026-05-04T03:33:13.9770000+00:00</time>
      </trkpt>
      <trkpt lat="46.61125" lon="7.79809">
        <ele>1811.95</ele>
        <time>2026-05-04T03:33:16.1580000+00:00</time>
      </trkpt>
      <trkpt lat="46.61123" lon="7.79807">
        <ele>1810.88</ele>
        <time>2026-05-04T03:33:20.0170000+00:00</time>
      </trkpt>
      <trkpt lat="46.61122" lon="7.79801">
        <ele>1809.77</ele>
        <time>2026-05-04T03:33:26.7610000+00:00</time>
      </trkpt>
      <trkpt lat="46.6112" lon="7.79798">
        <ele>1808.57</ele>
        <time>2026-05-04T03:33:31.3270000+00:00</time>
      </trkpt>
      <trkpt lat="46.61117" lon="7.79795">
        <ele>1806.93</ele>
        <time>2026-05-04T03:33:37.1120000+00:00</time>
      </trkpt>
      <trkpt lat="46.61115" lon="7.79787">
        <ele>1805.06</ele>
        <time>2026-05-04T03:33:46.4110000+00:00</time>
      </trkpt>
      <trkpt lat="46.61114" lon="7.79783">
        <ele>1804.09</ele>
        <time>2026-05-04T03:33:51.0620000+00:00</time>
      </trkpt>
      <trkpt lat="46.61112" lon="7.79781">
        <ele>1802.86</ele>
        <time>2026-05-04T03:33:54.9210000+00:00</time>
      </trkpt>
      <trkpt lat="46.61109" lon="7.79778">
        <ele>1800.99</ele>
        <time>2026-05-04T03:34:00.7100000+00:00</time>
      </trkpt>
      <trkpt lat="46.61103" lon="7.79773">
        <ele>1797.29</ele>
        <time>2026-05-04T03:34:11.7030000+00:00</time>
      </trkpt>
      <trkpt lat="46.61102" lon="7.79768">
        <ele>1796.07</ele>
        <time>2026-05-04T03:34:17.3900000+00:00</time>
      </trkpt>
      <trkpt lat="46.61099" lon="7.79764">
        <ele>1793.82</ele>
        <time>2026-05-04T03:34:23.8590000+00:00</time>
      </trkpt>
      <trkpt lat="46.61099" lon="7.79758">
        <ele>1792.7</ele>
        <time>2026-05-04T03:34:30.4130000+00:00</time>
      </trkpt>
      <trkpt lat="46.61097" lon="7.79755">
        <ele>1791.09</ele>
        <time>2026-05-04T03:34:34.9810000+00:00</time>
      </trkpt>
      <trkpt lat="46.61095" lon="7.79753">
        <ele>1789.67</ele>
        <time>2026-05-04T03:34:38.8400000+00:00</time>
      </trkpt>
      <trkpt lat="46.61097" lon="7.79748">
        <ele>1789.77</ele>
        <time>2026-05-04T03:34:45.1600000+00:00</time>
      </trkpt>
      <trkpt lat="46.61093" lon="7.79744">
        <ele>1786.91</ele>
        <time>2026-05-04T03:34:52.8780000+00:00</time>
      </trkpt>
      <trkpt lat="46.61093" lon="7.7974">
        <ele>1786.15</ele>
        <time>2026-05-04T03:34:57.2470000+00:00</time>
      </trkpt>
      <trkpt lat="46.61091" lon="7.79738">
        <ele>1784.72</ele>
        <time>2026-05-04T03:35:01.1060000+00:00</time>
      </trkpt>
      <trkpt lat="46.6109" lon="7.79742">
        <ele>1784.95</ele>
        <time>2026-05-04T03:35:05.7560000+00:00</time>
      </trkpt>
      <trkpt lat="46.61088" lon="7.79742">
        <ele>1783.9</ele>
        <time>2026-05-04T03:35:08.9400000+00:00</time>
      </trkpt>
      <trkpt lat="46.61086" lon="7.7973">
        <ele>1780.53</ele>
        <time>2026-05-04T03:35:22.4290000+00:00</time>
      </trkpt>
      <trkpt lat="46.61084" lon="7.79722">
        <ele>1777.91</ele>
        <time>2026-05-04T03:35:31.7300000+00:00</time>
      </trkpt>
      <trkpt lat="46.61082" lon="7.7972">
        <ele>1776.45</ele>
        <time>2026-05-04T03:35:35.5890000+00:00</time>
      </trkpt>
      <trkpt lat="46.61081" lon="7.79725">
        <ele>1776.89</ele>
        <time>2026-05-04T03:35:41.2760000+00:00</time>
      </trkpt>
      <trkpt lat="46.61079" lon="7.79733">
        <ele>1777.39</ele>
        <time>2026-05-04T03:35:50.5750000+00:00</time>
      </trkpt>
      <trkpt lat="46.61078" lon="7.79738">
        <ele>1777.84</ele>
        <time>2026-05-04T03:35:56.2640000+00:00</time>
      </trkpt>
      <trkpt lat="46.61076" lon="7.79731">
        <ele>1775.4</ele>
        <time>2026-05-04T03:36:04.5470000+00:00</time>
      </trkpt>
      <trkpt lat="46.61072" lon="7.79728">
        <ele>1772.68</ele>
        <time>2026-05-04T03:36:11.7020000+00:00</time>
      </trkpt>
      <trkpt lat="46.61068" lon="7.79725">
        <ele>1769.94</ele>
        <time>2026-05-04T03:36:18.8580000+00:00</time>
      </trkpt>
      <trkpt lat="46.61064" lon="7.7972">
        <ele>1766.79</ele>
        <time>2026-05-04T03:36:27.2410000+00:00</time>
      </trkpt>
      <trkpt lat="46.61063" lon="7.79718">
        <ele>1765.85</ele>
        <time>2026-05-04T03:36:29.9420000+00:00</time>
      </trkpt>
      <trkpt lat="46.61063" lon="7.79713">
        <ele>1764.83</ele>
        <time>2026-05-04T03:36:35.4050000+00:00</time>
      </trkpt>
      <trkpt lat="46.61064" lon="7.7971">
        <ele>1764.77</ele>
        <time>2026-05-04T03:36:39.0480000+00:00</time>
      </trkpt>
      <trkpt lat="46.61065" lon="7.79707">
        <ele>1764.7</ele>
        <time>2026-05-04T03:36:42.6880000+00:00</time>
      </trkpt>
      <trkpt lat="46.61064" lon="7.79704">
        <ele>1763.55</ele>
        <time>2026-05-04T03:36:46.3280000+00:00</time>
      </trkpt>
      <trkpt lat="46.61063" lon="7.79702">
        <ele>1762.6</ele>
        <time>2026-05-04T03:36:49.0300000+00:00</time>
      </trkpt>
      <trkpt lat="46.6106" lon="7.79703">
        <ele>1761.17</ele>
        <time>2026-05-04T03:36:53.9250000+00:00</time>
      </trkpt>
      <trkpt lat="46.61059" lon="7.79705">
        <ele>1761.04</ele>
        <time>2026-05-04T03:36:56.6260000+00:00</time>
      </trkpt>
      <trkpt lat="46.61056" lon="7.79707">
        <ele>1759.82</ele>
        <time>2026-05-04T03:37:01.8740000+00:00</time>
      </trkpt>
      <trkpt lat="46.61054" lon="7.79706">
        <ele>1758.53</ele>
        <time>2026-05-04T03:37:05.2380000+00:00</time>
      </trkpt>
      <trkpt lat="46.61054" lon="7.79702">
        <ele>1757.7</ele>
        <time>2026-05-04T03:37:09.6080000+00:00</time>
      </trkpt>
      <trkpt lat="46.61054" lon="7.79697">
        <ele>1756.67</ele>
        <time>2026-05-04T03:37:15.0700000+00:00</time>
      </trkpt>
      <trkpt lat="46.61053" lon="7.79696">
        <ele>1755.91</ele>
        <time>2026-05-04T03:37:16.9950000+00:00</time>
      </trkpt>
      <trkpt lat="46.61049" lon="7.79696">
        <ele>1753.72</ele>
        <time>2026-05-04T03:37:23.3550000+00:00</time>
      </trkpt>
      <trkpt lat="46.61046" lon="7.79699">
        <ele>1752.71</ele>
        <time>2026-05-04T03:37:29.1440000+00:00</time>
      </trkpt>
      <trkpt lat="46.61046" lon="7.79703">
        <ele>1753.55</ele>
        <time>2026-05-04T03:37:33.5130000+00:00</time>
      </trkpt>
      <trkpt lat="46.61045" lon="7.79705">
        <ele>1753.43</ele>
        <time>2026-05-04T03:37:36.2150000+00:00</time>
      </trkpt>
      <trkpt lat="46.61043" lon="7.79706">
        <ele>1752.56</ele>
        <time>2026-05-04T03:37:39.5760000+00:00</time>
      </trkpt>
      <trkpt lat="46.61042" lon="7.79702">
        <ele>1751.17</ele>
        <time>2026-05-04T03:37:44.2280000+00:00</time>
      </trkpt>
      <trkpt lat="46.61043" lon="7.79699">
        <ele>1751.08</ele>
        <time>2026-05-04T03:37:47.8710000+00:00</time>
      </trkpt>
      <trkpt lat="46.61042" lon="7.79694">
        <ele>1749.47</ele>
        <time>2026-05-04T03:37:53.5600000+00:00</time>
      </trkpt>
      <trkpt lat="46.6104" lon="7.7969">
        <ele>1747.52</ele>
        <time>2026-05-04T03:37:58.9660000+00:00</time>
      </trkpt>
      <trkpt lat="46.61039" lon="7.79689">
        <ele>1746.76</ele>
        <time>2026-05-04T03:38:00.8960000+00:00</time>
      </trkpt>
      <trkpt lat="46.61037" lon="7.79689">
        <ele>1745.66</ele>
        <time>2026-05-04T03:38:04.0770000+00:00</time>
      </trkpt>
      <trkpt lat="46.61036" lon="7.79694">
        <ele>1746.18</ele>
        <time>2026-05-04T03:38:09.7660000+00:00</time>
      </trkpt>
      <trkpt lat="46.61034" lon="7.79699">
        <ele>1746.16</ele>
        <time>2026-05-04T03:38:16.0860000+00:00</time>
      </trkpt>
      <trkpt lat="46.61032" lon="7.79709">
        <ele>1747.31</ele>
        <time>2026-05-04T03:38:27.4630000+00:00</time>
      </trkpt>
      <trkpt lat="46.61031" lon="7.79717">
        <ele>1748.69</ele>
        <time>2026-05-04T03:38:36.3450000+00:00</time>
      </trkpt>
      <trkpt lat="46.61028" lon="7.79722">
        <ele>1748.74</ele>
        <time>2026-05-04T03:38:43.5960000+00:00</time>
      </trkpt>
      <trkpt lat="46.61025" lon="7.79726">
        <ele>1748.62</ele>
        <time>2026-05-04T03:38:50.0660000+00:00</time>
      </trkpt>
      <trkpt lat="46.61018" lon="7.79719">
        <ele>1744.48</ele>
        <time>2026-05-04T03:39:03.5700000+00:00</time>
      </trkpt>
      <trkpt lat="46.61003" lon="7.79702">
        <ele>1734.21</ele>
        <time>2026-05-04T03:39:33.7980000+00:00</time>
      </trkpt>
      <trkpt lat="46.60998" lon="7.79697">
        <ele>1730.71</ele>
        <time>2026-05-04T03:39:43.4440000+00:00</time>
      </trkpt>
      <trkpt lat="46.60996" lon="7.79692">
        <ele>1728.36</ele>
        <time>2026-05-04T03:39:49.7630000+00:00</time>
      </trkpt>
      <trkpt lat="46.60993" lon="7.79686">
        <ele>1725.21</ele>
        <time>2026-05-04T03:39:57.8710000+00:00</time>
      </trkpt>
      <trkpt lat="46.60989" lon="7.79676">
        <ele>1719.68</ele>
        <time>2026-05-04T03:40:10.5110000+00:00</time>
      </trkpt>
      <trkpt lat="46.60984" lon="7.79667">
        <ele>1713.95</ele>
        <time>2026-05-04T03:40:23.1550000+00:00</time>
      </trkpt>
      <trkpt lat="46.60979" lon="7.79663">
        <ele>1710.22</ele>
        <time>2026-05-04T03:40:32.2270000+00:00</time>
      </trkpt>
      <trkpt lat="46.60975" lon="7.79663">
        <ele>1708.49</ele>
        <time>2026-05-04T03:40:38.5880000+00:00</time>
      </trkpt>
      <trkpt lat="46.6097" lon="7.79664">
        <ele>1706.71</ele>
        <time>2026-05-04T03:40:46.6120000+00:00</time>
      </trkpt>
      <trkpt lat="46.60965" lon="7.79668">
        <ele>1706.07</ele>
        <time>2026-05-04T03:40:55.6850000+00:00</time>
      </trkpt>
      <trkpt lat="46.60963" lon="7.7967">
        <ele>1705.96</ele>
        <time>2026-05-04T03:40:59.5440000+00:00</time>
      </trkpt>
      <trkpt lat="46.60959" lon="7.7967">
        <ele>1704.21</ele>
        <time>2026-05-04T03:41:05.9050000+00:00</time>
      </trkpt>
      <trkpt lat="46.60956" lon="7.79672">
        <ele>1703.65</ele>
        <time>2026-05-04T03:41:11.1520000+00:00</time>
      </trkpt>
      <trkpt lat="46.60952" lon="7.79674">
        <ele>1702.65</ele>
        <time>2026-05-04T03:41:17.8770000+00:00</time>
      </trkpt>
      <trkpt lat="46.60947" lon="7.79674">
        <ele>1700.4</ele>
        <time>2026-05-04T03:41:25.8280000+00:00</time>
      </trkpt>
      <trkpt lat="46.60942" lon="7.79675">
        <ele>1698.42</ele>
        <time>2026-05-04T03:41:33.8530000+00:00</time>
      </trkpt>
      <trkpt lat="46.60936" lon="7.79679">
        <ele>1696.95</ele>
        <time>2026-05-04T03:41:44.3460000+00:00</time>
      </trkpt>
      <trkpt lat="46.60932" lon="7.7968">
        <ele>1695.36</ele>
        <time>2026-05-04T03:41:50.8000000+00:00</time>
      </trkpt>
      <trkpt lat="46.6093" lon="7.79675">
        <ele>1692.79</ele>
        <time>2026-05-04T03:41:57.1210000+00:00</time>
      </trkpt>
      <trkpt lat="46.60926" lon="7.79673">
        <ele>1690.3</ele>
        <time>2026-05-04T03:42:03.8460000+00:00</time>
      </trkpt>
      <trkpt lat="46.60926" lon="7.79657">
        <ele>1685.36</ele>
        <time>2026-05-04T03:42:21.3240000+00:00</time>
      </trkpt>
      <trkpt lat="46.60924" lon="7.7965">
        <ele>1682.4</ele>
        <time>2026-05-04T03:42:29.6040000+00:00</time>
      </trkpt>
      <trkpt lat="46.60922" lon="7.79648">
        <ele>1681</ele>
        <time>2026-05-04T03:42:33.4590000+00:00</time>
      </trkpt>
      <trkpt lat="46.60906" lon="7.79641">
        <ele>1672.91</ele>
        <time>2026-05-04T03:43:00.0250000+00:00</time>
      </trkpt>
      <trkpt lat="46.60905" lon="7.79637">
        <ele>1671.53</ele>
        <time>2026-05-04T03:43:04.6720000+00:00</time>
      </trkpt>
      <trkpt lat="46.60901" lon="7.79639">
        <ele>1670.55</ele>
        <time>2026-05-04T03:43:11.3970000+00:00</time>
      </trkpt>
      <trkpt lat="46.60899" lon="7.79644">
        <ele>1670.98</ele>
        <time>2026-05-04T03:43:17.7190000+00:00</time>
      </trkpt>
      <trkpt lat="46.60894" lon="7.79653">
        <ele>1671.05</ele>
        <time>2026-05-04T03:43:30.3630000+00:00</time>
      </trkpt>
      <trkpt lat="46.60889" lon="7.79659">
        <ele>1670.25</ele>
        <time>2026-05-04T03:43:40.6660000+00:00</time>
      </trkpt>
      <trkpt lat="46.60886" lon="7.79661">
        <ele>1669.38</ele>
        <time>2026-05-04T03:43:45.9130000+00:00</time>
      </trkpt>
      <trkpt lat="46.60884" lon="7.79659">
        <ele>1668.13</ele>
        <time>2026-05-04T03:43:49.7720000+00:00</time>
      </trkpt>
      <trkpt lat="46.60884" lon="7.79655">
        <ele>1667.35</ele>
        <time>2026-05-04T03:43:54.1440000+00:00</time>
      </trkpt>
      <trkpt lat="46.60881" lon="7.79657">
        <ele>1666.48</ele>
        <time>2026-05-04T03:43:59.3920000+00:00</time>
      </trkpt>
      <trkpt lat="46.60879" lon="7.7966">
        <ele>1666.18</ele>
        <time>2026-05-04T03:44:03.9590000+00:00</time>
      </trkpt>
      <trkpt lat="46.60879" lon="7.79654">
        <ele>1665.1</ele>
        <time>2026-05-04T03:44:10.5130000+00:00</time>
      </trkpt>
      <trkpt lat="46.6088" lon="7.79646">
        <ele>1664.05</ele>
        <time>2026-05-04T03:44:19.3940000+00:00</time>
      </trkpt>
      <trkpt lat="46.60878" lon="7.79641">
        <ele>1662.39</ele>
        <time>2026-05-04T03:44:25.7140000+00:00</time>
      </trkpt>
      <trkpt lat="46.60878" lon="7.79633">
        <ele>1660.97</ele>
        <time>2026-05-04T03:44:34.4530000+00:00</time>
      </trkpt>
      <trkpt lat="46.60878" lon="7.79628">
        <ele>1660.09</ele>
        <time>2026-05-04T03:44:39.9140000+00:00</time>
      </trkpt>
      <trkpt lat="46.60875" lon="7.79623">
        <ele>1658.22</ele>
        <time>2026-05-04T03:44:47.1670000+00:00</time>
      </trkpt>
      <trkpt lat="46.60872" lon="7.79618">
        <ele>1656.44</ele>
        <time>2026-05-04T03:44:54.4200000+00:00</time>
      </trkpt>
      <trkpt lat="46.6087" lon="7.79612">
        <ele>1654.88</ele>
        <time>2026-05-04T03:45:01.7050000+00:00</time>
      </trkpt>
      <trkpt lat="46.6087" lon="7.79607">
        <ele>1654.11</ele>
        <time>2026-05-04T03:45:07.1660000+00:00</time>
      </trkpt>
      <trkpt lat="46.60869" lon="7.79599">
        <ele>1652.6</ele>
        <time>2026-05-04T03:45:16.0480000+00:00</time>
      </trkpt>
      <trkpt lat="46.60869" lon="7.79596">
        <ele>1652.15</ele>
        <time>2026-05-04T03:45:19.3230000+00:00</time>
      </trkpt>
      <trkpt lat="46.60866" lon="7.79598">
        <ele>1651.68</ele>
        <time>2026-05-04T03:45:24.5680000+00:00</time>
      </trkpt>
      <trkpt lat="46.60862" lon="7.79604">
        <ele>1650.81</ele>
        <time>2026-05-04T03:45:33.7020000+00:00</time>
      </trkpt>
      <trkpt lat="46.6086" lon="7.79603">
        <ele>1649.78</ele>
        <time>2026-05-04T03:45:37.0660000+00:00</time>
      </trkpt>
      <trkpt lat="46.60858" lon="7.79599">
        <ele>1648.27</ele>
        <time>2026-05-04T03:45:42.4690000+00:00</time>
      </trkpt>
      <trkpt lat="46.60857" lon="7.79593">
        <ele>1646.94</ele>
        <time>2026-05-04T03:45:49.2130000+00:00</time>
      </trkpt>
      <trkpt lat="46.60854" lon="7.79595">
        <ele>1645.9</ele>
        <time>2026-05-04T03:45:54.4590000+00:00</time>
      </trkpt>
      <trkpt lat="46.6085" lon="7.79599">
        <ele>1644.71</ele>
        <time>2026-05-04T03:46:02.1750000+00:00</time>
      </trkpt>
      <trkpt lat="46.60849" lon="7.79597">
        <ele>1643.97</ele>
        <time>2026-05-04T03:46:04.8760000+00:00</time>
      </trkpt>
      <trkpt lat="46.60848" lon="7.7959">
        <ele>1642.46</ele>
        <time>2026-05-04T03:46:12.6860000+00:00</time>
      </trkpt>
      <trkpt lat="46.60848" lon="7.79581">
        <ele>1641.09</ele>
        <time>2026-05-04T03:46:22.5170000+00:00</time>
      </trkpt>
      <trkpt lat="46.60848" lon="7.79576">
        <ele>1640.33</ele>
        <time>2026-05-04T03:46:27.9790000+00:00</time>
      </trkpt>
      <trkpt lat="46.6085" lon="7.7957">
        <ele>1640.33</ele>
        <time>2026-05-04T03:46:35.2650000+00:00</time>
      </trkpt>
      <trkpt lat="46.60849" lon="7.79565">
        <ele>1639.12</ele>
        <time>2026-05-04T03:46:40.9540000+00:00</time>
      </trkpt>
      <trkpt lat="46.60848" lon="7.79561">
        <ele>1638.05</ele>
        <time>2026-05-04T03:46:45.6020000+00:00</time>
      </trkpt>
      <trkpt lat="46.60846" lon="7.79556">
        <ele>1636.37</ele>
        <time>2026-05-04T03:46:51.9230000+00:00</time>
      </trkpt>
      <trkpt lat="46.60845" lon="7.79553">
        <ele>1635.44</ele>
        <time>2026-05-04T03:46:55.5660000+00:00</time>
      </trkpt>
      <trkpt lat="46.60842" lon="7.79551">
        <ele>1633.74</ele>
        <time>2026-05-04T03:47:00.8130000+00:00</time>
      </trkpt>
      <trkpt lat="46.60844" lon="7.79541">
        <ele>1633.13</ele>
        <time>2026-05-04T03:47:12.1910000+00:00</time>
      </trkpt>
      <trkpt lat="46.60847" lon="7.79539">
        <ele>1634.24</ele>
        <time>2026-05-04T03:47:17.4380000+00:00</time>
      </trkpt>
      <trkpt lat="46.60846" lon="7.79536">
        <ele>1633.31</ele>
        <time>2026-05-04T03:47:21.0810000+00:00</time>
      </trkpt>
      <trkpt lat="46.60846" lon="7.79524">
        <ele>1631.48</ele>
        <time>2026-05-04T03:47:34.1900000+00:00</time>
      </trkpt>
      <trkpt lat="46.60849" lon="7.79516">
        <ele>1631.54</ele>
        <time>2026-05-04T03:47:44.1460000+00:00</time>
      </trkpt>
      <trkpt lat="46.60849" lon="7.79514">
        <ele>1630.93</ele>
        <time>2026-05-04T03:47:46.3270000+00:00</time>
      </trkpt>
      <trkpt lat="46.60847" lon="7.79512">
        <ele>1629.39</ele>
        <time>2026-05-04T03:47:50.1860000+00:00</time>
      </trkpt>
      <trkpt lat="46.60839" lon="7.79509">
        <ele>1624.78</ele>
        <time>2026-05-04T03:48:03.3220000+00:00</time>
      </trkpt>
      <trkpt lat="46.60837" lon="7.79508">
        <ele>1623.58</ele>
        <time>2026-05-04T03:48:06.6860000+00:00</time>
      </trkpt>
      <trkpt lat="46.60833" lon="7.79509">
        <ele>1622</ele>
        <time>2026-05-04T03:48:13.1400000+00:00</time>
      </trkpt>
      <trkpt lat="46.60828" lon="7.79499">
        <ele>1617.08</ele>
        <time>2026-05-04T03:48:26.6510000+00:00</time>
      </trkpt>
      <trkpt lat="46.60826" lon="7.79489">
        <ele>1613.64</ele>
        <time>2026-05-04T03:48:38.0290000+00:00</time>
      </trkpt>
      <trkpt lat="46.60824" lon="7.79483">
        <ele>1611.28</ele>
        <time>2026-05-04T03:48:45.3130000+00:00</time>
      </trkpt>
      <trkpt lat="46.60822" lon="7.79478">
        <ele>1609.22</ele>
        <time>2026-05-04T03:48:51.6350000+00:00</time>
      </trkpt>
      <trkpt lat="46.60819" lon="7.79476">
        <ele>1607.53</ele>
        <time>2026-05-04T03:48:56.8840000+00:00</time>
      </trkpt>
      <trkpt lat="46.60817" lon="7.79475">
        <ele>1606.5</ele>
        <time>2026-05-04T03:49:00.2480000+00:00</time>
      </trkpt>
      <trkpt lat="46.60814" lon="7.79476">
        <ele>1605.54</ele>
        <time>2026-05-04T03:49:05.1390000+00:00</time>
      </trkpt>
      <trkpt lat="46.60813" lon="7.7947">
        <ele>1603.77</ele>
        <time>2026-05-04T03:49:11.8830000+00:00</time>
      </trkpt>
      <trkpt lat="46.6081" lon="7.79469">
        <ele>1602.39</ele>
        <time>2026-05-04T03:49:16.7740000+00:00</time>
      </trkpt>
      <trkpt lat="46.60805" lon="7.79474">
        <ele>1601.54</ele>
        <time>2026-05-04T03:49:26.4200000+00:00</time>
      </trkpt>
      <trkpt lat="46.608" lon="7.79477">
        <ele>1600.18</ele>
        <time>2026-05-04T03:49:35.0190000+00:00</time>
      </trkpt>
      <trkpt lat="46.60796" lon="7.7948">
        <ele>1599.17</ele>
        <time>2026-05-04T03:49:42.1750000+00:00</time>
      </trkpt>
      <trkpt lat="46.60793" lon="7.79474">
        <ele>1596.82</ele>
        <time>2026-05-04T03:49:50.2820000+00:00</time>
      </trkpt>
      <trkpt lat="46.60788" lon="7.79465">
        <ele>1593.24</ele>
        <time>2026-05-04T03:50:02.9260000+00:00</time>
      </trkpt>
      <trkpt lat="46.60785" lon="7.79458">
        <ele>1590.91</ele>
        <time>2026-05-04T03:50:11.9400000+00:00</time>
      </trkpt>
      <trkpt lat="46.60784" lon="7.79453">
        <ele>1589.69</ele>
        <time>2026-05-04T03:50:17.6290000+00:00</time>
      </trkpt>
      <trkpt lat="46.60782" lon="7.79447">
        <ele>1588.16</ele>
        <time>2026-05-04T03:50:24.9140000+00:00</time>
      </trkpt>
      <trkpt lat="46.60782" lon="7.79441">
        <ele>1587.15</ele>
        <time>2026-05-04T03:50:31.4700000+00:00</time>
      </trkpt>
      <trkpt lat="46.60782" lon="7.79432">
        <ele>1585.79</ele>
        <time>2026-05-04T03:50:41.3020000+00:00</time>
      </trkpt>
      <trkpt lat="46.60782" lon="7.79425">
        <ele>1585.2</ele>
        <time>2026-05-04T03:50:48.9500000+00:00</time>
      </trkpt>
      <trkpt lat="46.60781" lon="7.79418">
        <ele>1584.5</ele>
        <time>2026-05-04T03:50:56.7590000+00:00</time>
      </trkpt>
      <trkpt lat="46.60779" lon="7.79411">
        <ele>1583.69</ele>
        <time>2026-05-04T03:51:05.0400000+00:00</time>
      </trkpt>
      <trkpt lat="46.60776" lon="7.79403">
        <ele>1582.64</ele>
        <time>2026-05-04T03:51:14.9980000+00:00</time>
      </trkpt>
      <trkpt lat="46.60772" lon="7.79392">
        <ele>1581.14</ele>
        <time>2026-05-04T03:51:28.5940000+00:00</time>
      </trkpt>
      <trkpt lat="46.60771" lon="7.79385">
        <ele>1580.34</ele>
        <time>2026-05-04T03:51:36.4050000+00:00</time>
      </trkpt>
      <trkpt lat="46.6077" lon="7.79377">
        <ele>1579.43</ele>
        <time>2026-05-04T03:51:45.2890000+00:00</time>
      </trkpt>
      <trkpt lat="46.6077" lon="7.79369">
        <ele>1578.66</ele>
        <time>2026-05-04T03:51:54.0280000+00:00</time>
      </trkpt>
      <trkpt lat="46.60771" lon="7.79352">
        <ele>1577.18</ele>
        <time>2026-05-04T03:52:12.6670000+00:00</time>
      </trkpt>
      <trkpt lat="46.60772" lon="7.79322">
        <ele>1573.73</ele>
        <time>2026-05-04T03:52:45.4770000+00:00</time>
      </trkpt>
      <trkpt lat="46.60772" lon="7.79305">
        <ele>1571.66</ele>
        <time>2026-05-04T03:53:04.0480000+00:00</time>
      </trkpt>
      <trkpt lat="46.60772" lon="7.79299">
        <ele>1570.93</ele>
        <time>2026-05-04T03:53:10.6030000+00:00</time>
      </trkpt>
      <trkpt lat="46.60774" lon="7.79295">
        <ele>1570.8</ele>
        <time>2026-05-04T03:53:16.0070000+00:00</time>
      </trkpt>
      <trkpt lat="46.60776" lon="7.79292">
        <ele>1570.79</ele>
        <time>2026-05-04T03:53:20.5750000+00:00</time>
      </trkpt>
      <trkpt lat="46.60778" lon="7.7929">
        <ele>1570.9</ele>
        <time>2026-05-04T03:53:24.4340000+00:00</time>
      </trkpt>
      <trkpt lat="46.6078" lon="7.7929">
        <ele>1571.25</ele>
        <time>2026-05-04T03:53:27.6120000+00:00</time>
      </trkpt>
      <trkpt lat="46.60783" lon="7.7929">
        <ele>1571.89</ele>
        <time>2026-05-04T03:53:32.3810000+00:00</time>
      </trkpt>
      <trkpt lat="46.6079" lon="7.79288">
        <ele>1575.2</ele>
        <time>2026-05-04T03:53:43.7250000+00:00</time>
      </trkpt>
      <trkpt lat="46.60792" lon="7.79287">
        <ele>1576.12</ele>
        <time>2026-05-04T03:53:47.0890000+00:00</time>
      </trkpt>
      <trkpt lat="46.60795" lon="7.79284">
        <ele>1577.37</ele>
        <time>2026-05-04T03:53:52.8760000+00:00</time>
      </trkpt>
      <trkpt lat="46.60798" lon="7.79279">
        <ele>1578.48</ele>
        <time>2026-05-04T03:54:00.1270000+00:00</time>
      </trkpt>
      <trkpt lat="46.60802" lon="7.7927">
        <ele>1579.89</ele>
        <time>2026-05-04T03:54:11.8370000+00:00</time>
      </trkpt>
      <trkpt lat="46.60804" lon="7.79263">
        <ele>1580.41</ele>
        <time>2026-05-04T03:54:20.1190000+00:00</time>
      </trkpt>
      <trkpt lat="46.60806" lon="7.79255">
        <ele>1580.84</ele>
        <time>2026-05-04T03:54:29.4180000+00:00</time>
      </trkpt>
      <trkpt lat="46.60807" lon="7.79248">
        <ele>1580.82</ele>
        <time>2026-05-04T03:54:37.2290000+00:00</time>
      </trkpt>
      <trkpt lat="46.60807" lon="7.79242">
        <ele>1580.32</ele>
        <time>2026-05-04T03:54:43.7840000+00:00</time>
      </trkpt>
      <trkpt lat="46.60807" lon="7.79234">
        <ele>1579.66</ele>
        <time>2026-05-04T03:54:52.5230000+00:00</time>
      </trkpt>
      <trkpt lat="46.60806" lon="7.79218">
        <ele>1577.72</ele>
        <time>2026-05-04T03:55:10.0730000+00:00</time>
      </trkpt>
      <trkpt lat="46.60805" lon="7.79193">
        <ele>1574.98</ele>
        <time>2026-05-04T03:55:37.4290000+00:00</time>
      </trkpt>
      <trkpt lat="46.60804" lon="7.79175">
        <ele>1572.92</ele>
        <time>2026-05-04T03:55:57.1560000+00:00</time>
      </trkpt>
      <trkpt lat="46.60803" lon="7.79161">
        <ele>1571.28</ele>
        <time>2026-05-04T03:56:12.5310000+00:00</time>
      </trkpt>
      <trkpt lat="46.60803" lon="7.79143">
        <ele>1569.98</ele>
        <time>2026-05-04T03:56:32.1940000+00:00</time>
      </trkpt>
      <trkpt lat="46.60802" lon="7.79133">
        <ele>1568.62</ele>
        <time>2026-05-04T03:56:43.2330000+00:00</time>
      </trkpt>
      <trkpt lat="46.60801" lon="7.79124">
        <ele>1567.34</ele>
        <time>2026-05-04T03:56:53.1920000+00:00</time>
      </trkpt>
      <trkpt lat="46.60799" lon="7.79116">
        <ele>1565.49</ele>
        <time>2026-05-04T03:57:02.4920000+00:00</time>
      </trkpt>
      <trkpt lat="46.60798" lon="7.79108">
        <ele>1564.27</ele>
        <time>2026-05-04T03:57:11.3730000+00:00</time>
      </trkpt>
      <trkpt lat="46.60797" lon="7.79103">
        <ele>1563.28</ele>
        <time>2026-05-04T03:57:17.0620000+00:00</time>
      </trkpt>
      <trkpt lat="46.60797" lon="7.79096">
        <ele>1562.86</ele>
        <time>2026-05-04T03:57:24.7100000+00:00</time>
      </trkpt>
      <trkpt lat="46.60797" lon="7.7909">
        <ele>1562.54</ele>
        <time>2026-05-04T03:57:31.2650000+00:00</time>
      </trkpt>
      <trkpt lat="46.60799" lon="7.79082">
        <ele>1563.43</ele>
        <time>2026-05-04T03:57:40.5650000+00:00</time>
      </trkpt>
      <trkpt lat="46.60802" lon="7.79072">
        <ele>1564.95</ele>
        <time>2026-05-04T03:57:52.4840000+00:00</time>
      </trkpt>
      <trkpt lat="46.60805" lon="7.79062">
        <ele>1566.54</ele>
        <time>2026-05-04T03:58:04.4040000+00:00</time>
      </trkpt>
      <trkpt lat="46.60807" lon="7.79055">
        <ele>1567.63</ele>
        <time>2026-05-04T03:58:12.6860000+00:00</time>
      </trkpt>
      <trkpt lat="46.60809" lon="7.79049">
        <ele>1568.79</ele>
        <time>2026-05-04T03:58:19.9710000+00:00</time>
      </trkpt>
      <trkpt lat="46.6081" lon="7.79042">
        <ele>1569.24</ele>
        <time>2026-05-04T03:58:27.7800000+00:00</time>
      </trkpt>
      <trkpt lat="46.6081" lon="7.79032">
        <ele>1568.87</ele>
        <time>2026-05-04T03:58:38.7030000+00:00</time>
      </trkpt>
      <trkpt lat="46.60809" lon="7.7902">
        <ele>1567.69</ele>
        <time>2026-05-04T03:58:51.9080000+00:00</time>
      </trkpt>
      <trkpt lat="46.60809" lon="7.79012">
        <ele>1566.3</ele>
        <time>2026-05-04T03:59:00.6450000+00:00</time>
      </trkpt>
      <trkpt lat="46.6081" lon="7.79006">
        <ele>1565.6</ele>
        <time>2026-05-04T03:59:07.3890000+00:00</time>
      </trkpt>
      <trkpt lat="46.6081" lon="7.79005">
        <ele>1565.36</ele>
        <time>2026-05-04T03:59:08.4750000+00:00</time>
      </trkpt>
      <trkpt lat="46.60812" lon="7.78997">
        <ele>1564.83</ele>
        <time>2026-05-04T03:59:17.7750000+00:00</time>
      </trkpt>
      <trkpt lat="46.60815" lon="7.78991">
        <ele>1565.39</ele>
        <time>2026-05-04T03:59:25.8820000+00:00</time>
      </trkpt>
      <trkpt lat="46.60818" lon="7.78986">
        <ele>1566.12</ele>
        <time>2026-05-04T03:59:33.1340000+00:00</time>
      </trkpt>
      <trkpt lat="46.60821" lon="7.78983">
        <ele>1567.3</ele>
        <time>2026-05-04T03:59:38.9230000+00:00</time>
      </trkpt>
      <trkpt lat="46.60828" lon="7.78977">
        <ele>1570.17</ele>
        <time>2026-05-04T03:59:51.8410000+00:00</time>
      </trkpt>
      <trkpt lat="46.60832" lon="7.78973">
        <ele>1571.55</ele>
        <time>2026-05-04T03:59:59.5590000+00:00</time>
      </trkpt>
      <trkpt lat="46.60835" lon="7.78968">
        <ele>1571.92</ele>
        <time>2026-05-04T04:00:06.8100000+00:00</time>
      </trkpt>
      <trkpt lat="46.60837" lon="7.78964">
        <ele>1571.91</ele>
        <time>2026-05-04T04:00:12.2130000+00:00</time>
      </trkpt>
      <trkpt lat="46.60839" lon="7.78959">
        <ele>1571.55</ele>
        <time>2026-05-04T04:00:18.5350000+00:00</time>
      </trkpt>
      <trkpt lat="46.60841" lon="7.78951">
        <ele>1570.18</ele>
        <time>2026-05-04T04:00:27.8340000+00:00</time>
      </trkpt>
      <trkpt lat="46.60842" lon="7.78947">
        <ele>1569.46</ele>
        <time>2026-05-04T04:00:32.4860000+00:00</time>
      </trkpt>
      <trkpt lat="46.60844" lon="7.78943">
        <ele>1569.28</ele>
        <time>2026-05-04T04:00:37.8920000+00:00</time>
      </trkpt>
      <trkpt lat="46.60846" lon="7.7894">
        <ele>1569.38</ele>
        <time>2026-05-04T04:00:42.4600000+00:00</time>
      </trkpt>
      <trkpt lat="46.60848" lon="7.78936">
        <ele>1569.12</ele>
        <time>2026-05-04T04:00:47.8650000+00:00</time>
      </trkpt>
      <trkpt lat="46.60849" lon="7.78935">
        <ele>1569.31</ele>
        <time>2026-05-04T04:00:49.7890000+00:00</time>
      </trkpt>
      <trkpt lat="46.60852" lon="7.78932">
        <ele>1569.62</ele>
        <time>2026-05-04T04:00:55.5780000+00:00</time>
      </trkpt>
      <trkpt lat="46.60854" lon="7.7893">
        <ele>1569.73</ele>
        <time>2026-05-04T04:00:59.4370000+00:00</time>
      </trkpt>
      <trkpt lat="46.6086" lon="7.78927">
        <ele>1571.32</ele>
        <time>2026-05-04T04:01:09.5240000+00:00</time>
      </trkpt>
      <trkpt lat="46.60866" lon="7.78923">
        <ele>1572.23</ele>
        <time>2026-05-04T04:01:20.0180000+00:00</time>
      </trkpt>
      <trkpt lat="46.6087" lon="7.78919">
        <ele>1571.9</ele>
        <time>2026-05-04T04:01:27.7340000+00:00</time>
      </trkpt>
      <trkpt lat="46.60882" lon="7.78906">
        <ele>1569.97</ele>
        <time>2026-05-04T04:01:51.5210000+00:00</time>
      </trkpt>
      <trkpt lat="46.60893" lon="7.78894">
        <ele>1567.55</ele>
        <time>2026-05-04T04:02:13.3780000+00:00</time>
      </trkpt>
      <trkpt lat="46.609" lon="7.78889">
        <ele>1567.27</ele>
        <time>2026-05-04T04:02:25.7760000+00:00</time>
      </trkpt>
      <trkpt lat="46.60909" lon="7.78882">
        <ele>1566.33</ele>
        <time>2026-05-04T04:02:42.0020000+00:00</time>
      </trkpt>
      <trkpt lat="46.6092" lon="7.78874">
        <ele>1565.18</ele>
        <time>2026-05-04T04:03:01.5560000+00:00</time>
      </trkpt>
      <trkpt lat="46.60929" lon="7.78867">
        <ele>1563.65</ele>
        <time>2026-05-04T04:03:17.7820000+00:00</time>
      </trkpt>
      <trkpt lat="46.60939" lon="7.78858">
        <ele>1560.81</ele>
        <time>2026-05-04T04:03:36.4770000+00:00</time>
      </trkpt>
      <trkpt lat="46.60948" lon="7.78852">
        <ele>1559.37</ele>
        <time>2026-05-04T04:03:52.2180000+00:00</time>
      </trkpt>
      <trkpt lat="46.60952" lon="7.7885">
        <ele>1560.12</ele>
        <time>2026-05-04T04:03:58.9420000+00:00</time>
      </trkpt>
      <trkpt lat="46.60959" lon="7.78847">
        <ele>1562.54</ele>
        <time>2026-05-04T04:04:10.5460000+00:00</time>
      </trkpt>
      <trkpt lat="46.60966" lon="7.78844">
        <ele>1564.87</ele>
        <time>2026-05-04T04:04:22.1490000+00:00</time>
      </trkpt>
      <trkpt lat="46.60972" lon="7.78841">
        <ele>1566.54</ele>
        <time>2026-05-04T04:04:32.2370000+00:00</time>
      </trkpt>
      <trkpt lat="46.60985" lon="7.78834">
        <ele>1569.58</ele>
        <time>2026-05-04T04:04:54.2770000+00:00</time>
      </trkpt>
      <trkpt lat="46.60996" lon="7.78829">
        <ele>1572.45</ele>
        <time>2026-05-04T04:05:12.6010000+00:00</time>
      </trkpt>
      <trkpt lat="46.61003" lon="7.78826">
        <ele>1574.26</ele>
        <time>2026-05-04T04:05:24.2050000+00:00</time>
      </trkpt>
      <trkpt lat="46.61007" lon="7.78823">
        <ele>1574.4</ele>
        <time>2026-05-04T04:05:31.3600000+00:00</time>
      </trkpt>
      <trkpt lat="46.61009" lon="7.78822">
        <ele>1574.79</ele>
        <time>2026-05-04T04:05:34.7210000+00:00</time>
      </trkpt>
      <trkpt lat="46.61017" lon="7.78814">
        <ele>1573.5</ele>
        <time>2026-05-04T04:05:50.1550000+00:00</time>
      </trkpt>
      <trkpt lat="46.61024" lon="7.78803">
        <ele>1569.33</ele>
        <time>2026-05-04T04:06:06.5340000+00:00</time>
      </trkpt>
      <trkpt lat="46.61031" lon="7.78793">
        <ele>1565.55</ele>
        <time>2026-05-04T04:06:22.1300000+00:00</time>
      </trkpt>
      <trkpt lat="46.61038" lon="7.78782">
        <ele>1560.87</ele>
        <time>2026-05-04T04:06:38.5090000+00:00</time>
      </trkpt>
      <trkpt lat="46.61042" lon="7.78776">
        <ele>1558.47</ele>
        <time>2026-05-04T04:06:47.6430000+00:00</time>
      </trkpt>
      <trkpt lat="46.61046" lon="7.7877">
        <ele>1556.12</ele>
        <time>2026-05-04T04:06:56.7760000+00:00</time>
      </trkpt>
      <trkpt lat="46.61051" lon="7.78765">
        <ele>1555.79</ele>
        <time>2026-05-04T04:07:06.4220000+00:00</time>
      </trkpt>
      <trkpt lat="46.61054" lon="7.7876">
        <ele>1555.18</ele>
        <time>2026-05-04T04:07:13.6740000+00:00</time>
      </trkpt>
      <trkpt lat="46.61057" lon="7.78754">
        <ele>1554.14</ele>
        <time>2026-05-04T04:07:21.7790000+00:00</time>
      </trkpt>
      <trkpt lat="46.61063" lon="7.78743">
        <ele>1552.47</ele>
        <time>2026-05-04T04:07:37.1220000+00:00</time>
      </trkpt>
      <trkpt lat="46.61065" lon="7.78737">
        <ele>1550.95</ele>
        <time>2026-05-04T04:07:44.4050000+00:00</time>
      </trkpt>
      <trkpt lat="46.61068" lon="7.78732">
        <ele>1550.31</ele>
        <time>2026-05-04T04:07:51.6550000+00:00</time>
      </trkpt>
      <trkpt lat="46.61071" lon="7.78726">
        <ele>1549.25</ele>
        <time>2026-05-04T04:07:59.7600000+00:00</time>
      </trkpt>
      <trkpt lat="46.6107" lon="7.7872">
        <ele>1546.29</ele>
        <time>2026-05-04T04:08:06.5040000+00:00</time>
      </trkpt>
      <trkpt lat="46.6107" lon="7.78713">
        <ele>1543.4</ele>
        <time>2026-05-04T04:08:14.1500000+00:00</time>
      </trkpt>
      <trkpt lat="46.61067" lon="7.78701">
        <ele>1537.02</ele>
        <time>2026-05-04T04:08:28.0990000+00:00</time>
      </trkpt>
      <trkpt lat="46.61066" lon="7.78692">
        <ele>1532.83</ele>
        <time>2026-05-04T04:08:38.0580000+00:00</time>
      </trkpt>
      <trkpt lat="46.61066" lon="7.78684">
        <ele>1529.57</ele>
        <time>2026-05-04T04:08:46.7960000+00:00</time>
      </trkpt>
      <trkpt lat="46.61067" lon="7.78678">
        <ele>1528.18</ele>
        <time>2026-05-04T04:08:53.5400000+00:00</time>
      </trkpt>
      <trkpt lat="46.61071" lon="7.78664">
        <ele>1525.68</ele>
        <time>2026-05-04T04:09:10.1030000+00:00</time>
      </trkpt>
      <trkpt lat="46.61074" lon="7.78648">
        <ele>1522.08</ele>
        <time>2026-05-04T04:09:28.2200000+00:00</time>
      </trkpt>
      <trkpt lat="46.61076" lon="7.78636">
        <ele>1519.24</ele>
        <time>2026-05-04T04:09:41.7080000+00:00</time>
      </trkpt>
      <trkpt lat="46.61078" lon="7.7862">
        <ele>1515.13</ele>
        <time>2026-05-04T04:09:59.4720000+00:00</time>
      </trkpt>
      <trkpt lat="46.61079" lon="7.78607">
        <ele>1511.51</ele>
        <time>2026-05-04T04:10:13.7610000+00:00</time>
      </trkpt>
      <trkpt lat="46.6108" lon="7.7859">
        <ele>1507.48</ele>
        <time>2026-05-04T04:10:32.4000000+00:00</time>
      </trkpt>
      <trkpt lat="46.6108" lon="7.78582">
        <ele>1505.58</ele>
        <time>2026-05-04T04:10:41.1390000+00:00</time>
      </trkpt>
      <trkpt lat="46.6108" lon="7.78576">
        <ele>1504.16</ele>
        <time>2026-05-04T04:10:47.6930000+00:00</time>
      </trkpt>
      <trkpt lat="46.6108" lon="7.78569">
        <ele>1502.5</ele>
        <time>2026-05-04T04:10:55.3400000+00:00</time>
      </trkpt>
      <trkpt lat="46.6108" lon="7.78554">
        <ele>1498.95</ele>
        <time>2026-05-04T04:11:11.7240000+00:00</time>
      </trkpt>
      <trkpt lat="46.61082" lon="7.78543">
        <ele>1497.19</ele>
        <time>2026-05-04T04:11:24.1540000+00:00</time>
      </trkpt>
      <trkpt lat="46.61084" lon="7.78534">
        <ele>1495.88</ele>
        <time>2026-05-04T04:11:34.4870000+00:00</time>
      </trkpt>
      <trkpt lat="46.61088" lon="7.78522">
        <ele>1494.66</ele>
        <time>2026-05-04T04:11:49.0570000+00:00</time>
      </trkpt>
      <trkpt lat="46.6109" lon="7.78515">
        <ele>1493.5</ele>
        <time>2026-05-04T04:11:57.3400000+00:00</time>
      </trkpt>
      <trkpt lat="46.61093" lon="7.78509">
        <ele>1492.61</ele>
        <time>2026-05-04T04:12:05.4460000+00:00</time>
      </trkpt>
      <trkpt lat="46.61096" lon="7.78506">
        <ele>1492.69</ele>
        <time>2026-05-04T04:12:11.2340000+00:00</time>
      </trkpt>
      <trkpt lat="46.611" lon="7.78506">
        <ele>1494.2</ele>
        <time>2026-05-04T04:12:17.5960000+00:00</time>
      </trkpt>
      <trkpt lat="46.61105" lon="7.78508">
        <ele>1496.85</ele>
        <time>2026-05-04T04:12:25.8420000+00:00</time>
      </trkpt>
      <trkpt lat="46.61109" lon="7.7851">
        <ele>1499.16</ele>
        <time>2026-05-04T04:12:32.5670000+00:00</time>
      </trkpt>
      <trkpt lat="46.61113" lon="7.78511">
        <ele>1501.11</ele>
        <time>2026-05-04T04:12:39.0210000+00:00</time>
      </trkpt>
      <trkpt lat="46.61116" lon="7.78506">
        <ele>1500.2</ele>
        <time>2026-05-04T04:12:46.2720000+00:00</time>
      </trkpt>
      <trkpt lat="46.61117" lon="7.78503">
        <ele>1499.17</ele>
        <time>2026-05-04T04:12:49.9150000+00:00</time>
      </trkpt>
      <trkpt lat="46.61122" lon="7.78488">
        <ele>1493.86</ele>
        <time>2026-05-04T04:13:08.1270000+00:00</time>
      </trkpt>
      <trkpt lat="46.61124" lon="7.78484">
        <ele>1492.49</ele>
        <time>2026-05-04T04:13:13.5300000+00:00</time>
      </trkpt>
      <trkpt lat="46.6113" lon="7.78472">
        <ele>1488.17</ele>
        <time>2026-05-04T04:13:29.7420000+00:00</time>
      </trkpt>
      <trkpt lat="46.61134" lon="7.7846">
        <ele>1483.3</ele>
        <time>2026-05-04T04:13:44.3110000+00:00</time>
      </trkpt>
      <trkpt lat="46.61139" lon="7.78453">
        <ele>1480.6</ele>
        <time>2026-05-04T04:13:55.3420000+00:00</time>
      </trkpt>
      <trkpt lat="46.61146" lon="7.78443">
        <ele>1476.45</ele>
        <time>2026-05-04T04:14:10.9370000+00:00</time>
      </trkpt>
      <trkpt lat="46.6115" lon="7.78437">
        <ele>1473.8</ele>
        <time>2026-05-04T04:14:20.0690000+00:00</time>
      </trkpt>
      <trkpt lat="46.61154" lon="7.78429">
        <ele>1471</ele>
        <time>2026-05-04T04:14:30.8780000+00:00</time>
      </trkpt>
      <trkpt lat="46.61158" lon="7.78416">
        <ele>1466.86</ele>
        <time>2026-05-04T04:14:46.4380000+00:00</time>
      </trkpt>
      <trkpt lat="46.61158" lon="7.78413">
        <ele>1465.87</ele>
        <time>2026-05-04T04:14:49.7130000+00:00</time>
      </trkpt>
      <trkpt lat="46.61158" lon="7.78409">
        <ele>1464.55</ele>
        <time>2026-05-04T04:14:54.0830000+00:00</time>
      </trkpt>
      <trkpt lat="46.61159" lon="7.78406">
        <ele>1463.57</ele>
        <time>2026-05-04T04:14:57.7260000+00:00</time>
      </trkpt>
      <trkpt lat="46.61161" lon="7.78402">
        <ele>1462.28</ele>
        <time>2026-05-04T04:15:03.1310000+00:00</time>
      </trkpt>
      <trkpt lat="46.61163" lon="7.784">
        <ele>1461.63</ele>
        <time>2026-05-04T04:15:06.9900000+00:00</time>
      </trkpt>
      <trkpt lat="46.61166" lon="7.78398">
        <ele>1460.99</ele>
        <time>2026-05-04T04:15:12.2350000+00:00</time>
      </trkpt>
      <trkpt lat="46.6117" lon="7.78395">
        <ele>1460.01</ele>
        <time>2026-05-04T04:15:19.3910000+00:00</time>
      </trkpt>
      <trkpt lat="46.61178" lon="7.78391">
        <ele>1458.67</ele>
        <time>2026-05-04T04:15:32.8410000+00:00</time>
      </trkpt>
      <trkpt lat="46.61191" lon="7.78385">
        <ele>1456.54</ele>
        <time>2026-05-04T04:15:54.5270000+00:00</time>
      </trkpt>
      <trkpt lat="46.61203" lon="7.78378">
        <ele>1453.78</ele>
        <time>2026-05-04T04:16:15.0830000+00:00</time>
      </trkpt>
      <trkpt lat="46.61212" lon="7.78374">
        <ele>1452</ele>
        <time>2026-05-04T04:16:30.0460000+00:00</time>
      </trkpt>
      <trkpt lat="46.61222" lon="7.78371">
        <ele>1450.54</ele>
        <time>2026-05-04T04:16:46.2810000+00:00</time>
      </trkpt>
      <trkpt lat="46.61231" lon="7.7837">
        <ele>1449.87</ele>
        <time>2026-05-04T04:17:00.6330000+00:00</time>
      </trkpt>
      <trkpt lat="46.61239" lon="7.7837">
        <ele>1449.6</ele>
        <time>2026-05-04T04:17:13.3540000+00:00</time>
      </trkpt>
      <trkpt lat="46.61246" lon="7.78371">
        <ele>1449.75</ele>
        <time>2026-05-04T04:17:24.5380000+00:00</time>
      </trkpt>
      <trkpt lat="46.61258" lon="7.78375">
        <ele>1450.87</ele>
        <time>2026-05-04T04:17:44.1140000+00:00</time>
      </trkpt>
      <trkpt lat="46.61267" lon="7.78378">
        <ele>1451.72</ele>
        <time>2026-05-04T04:17:58.7960000+00:00</time>
      </trkpt>
      <trkpt lat="46.61274" lon="7.78382">
        <ele>1453.03</ele>
        <time>2026-05-04T04:18:10.7540000+00:00</time>
      </trkpt>
      <trkpt lat="46.61288" lon="7.78387">
        <ele>1456.44</ele>
        <time>2026-05-04T04:18:33.6750000+00:00</time>
      </trkpt>
      <trkpt lat="46.61294" lon="7.78389">
        <ele>1459.05</ele>
        <time>2026-05-04T04:18:43.4630000+00:00</time>
      </trkpt>
      <trkpt lat="46.613" lon="7.78389">
        <ele>1460.88</ele>
        <time>2026-05-04T04:18:53.0040000+00:00</time>
      </trkpt>
      <trkpt lat="46.61304" lon="7.78388">
        <ele>1461.72</ele>
        <time>2026-05-04T04:18:59.4580000+00:00</time>
      </trkpt>
      <trkpt lat="46.6131" lon="7.78384">
        <ele>1462</ele>
        <time>2026-05-04T04:19:09.9510000+00:00</time>
      </trkpt>
      <trkpt lat="46.61318" lon="7.78377">
        <ele>1461.71</ele>
        <time>2026-05-04T04:19:24.7930000+00:00</time>
      </trkpt>
      <trkpt lat="46.61327" lon="7.78369">
        <ele>1461.32</ele>
        <time>2026-05-04T04:19:41.5610000+00:00</time>
      </trkpt>
      <trkpt lat="46.61335" lon="7.7836">
        <ele>1460.21</ele>
        <time>2026-05-04T04:19:57.6390000+00:00</time>
      </trkpt>
      <trkpt lat="46.6134" lon="7.78354">
        <ele>1459.37</ele>
        <time>2026-05-04T04:20:07.9420000+00:00</time>
      </trkpt>
      <trkpt lat="46.61343" lon="7.78348">
        <ele>1458.32</ele>
        <time>2026-05-04T04:20:16.0470000+00:00</time>
      </trkpt>
      <trkpt lat="46.61352" lon="7.78334">
        <ele>1456.95</ele>
        <time>2026-05-04T04:20:36.9910000+00:00</time>
      </trkpt>
      <trkpt lat="46.61362" lon="7.78318">
        <ele>1454.74</ele>
        <time>2026-05-04T04:21:00.6190000+00:00</time>
      </trkpt>
      <trkpt lat="46.61375" lon="7.78298">
        <ele>1452.12</ele>
        <time>2026-05-04T04:21:30.6940000+00:00</time>
      </trkpt>
      <trkpt lat="46.61386" lon="7.7828">
        <ele>1449.37</ele>
        <time>2026-05-04T04:21:57.0100000+00:00</time>
      </trkpt>
      <trkpt lat="46.61393" lon="7.78268">
        <ele>1447.24</ele>
        <time>2026-05-04T04:22:14.2060000+00:00</time>
      </trkpt>
      <trkpt lat="46.61399" lon="7.78255">
        <ele>1446.45</ele>
        <time>2026-05-04T04:22:31.3130000+00:00</time>
      </trkpt>
      <trkpt lat="46.61409" lon="7.78236">
        <ele>1445.25</ele>
        <time>2026-05-04T04:22:57.4570000+00:00</time>
      </trkpt>
      <trkpt lat="46.61413" lon="7.78227">
        <ele>1444.37</ele>
        <time>2026-05-04T04:23:09.1660000+00:00</time>
      </trkpt>
      <trkpt lat="46.61417" lon="7.78218">
        <ele>1443.4</ele>
        <time>2026-05-04T04:23:20.8730000+00:00</time>
      </trkpt>
      <trkpt lat="46.61419" lon="7.78209">
        <ele>1441.96</ele>
        <time>2026-05-04T04:23:31.2050000+00:00</time>
      </trkpt>
      <trkpt lat="46.6142" lon="7.782">
        <ele>1440.3</ele>
        <time>2026-05-04T04:23:41.1630000+00:00</time>
      </trkpt>
      <trkpt lat="46.61423" lon="7.78178">
        <ele>1436.49</ele>
        <time>2026-05-04T04:24:05.6620000+00:00</time>
      </trkpt>
      <trkpt lat="46.61425" lon="7.78167">
        <ele>1434.91</ele>
        <time>2026-05-04T04:24:18.0910000+00:00</time>
      </trkpt>
      <trkpt lat="46.61427" lon="7.78159">
        <ele>1433.79</ele>
        <time>2026-05-04T04:24:27.3900000+00:00</time>
      </trkpt>
      <trkpt lat="46.6143" lon="7.78152">
        <ele>1432.94</ele>
        <time>2026-05-04T04:24:36.4020000+00:00</time>
      </trkpt>
      <trkpt lat="46.61435" lon="7.78147">
        <ele>1432.63</ele>
        <time>2026-05-04T04:24:46.0470000+00:00</time>
      </trkpt>
      <trkpt lat="46.6144" lon="7.78143">
        <ele>1432.46</ele>
        <time>2026-05-04T04:24:55.1190000+00:00</time>
      </trkpt>
      <trkpt lat="46.61456" lon="7.78134">
        <ele>1432.02</ele>
        <time>2026-05-04T04:25:22.3940000+00:00</time>
      </trkpt>
      <trkpt lat="46.61465" lon="7.78128">
        <ele>1431.13</ele>
        <time>2026-05-04T04:25:38.1340000+00:00</time>
      </trkpt>
      <trkpt lat="46.6147" lon="7.78125">
        <ele>1430.64</ele>
        <time>2026-05-04T04:25:46.7330000+00:00</time>
      </trkpt>
      <trkpt lat="46.61475" lon="7.7812">
        <ele>1429.6</ele>
        <time>2026-05-04T04:25:56.3780000+00:00</time>
      </trkpt>
      <trkpt lat="46.61482" lon="7.78112">
        <ele>1427.73</ele>
        <time>2026-05-04T04:26:10.5290000+00:00</time>
      </trkpt>
      <trkpt lat="46.61488" lon="7.78104">
        <ele>1425.66</ele>
        <time>2026-05-04T04:26:23.4660000+00:00</time>
      </trkpt>
      <trkpt lat="46.61493" lon="7.78099">
        <ele>1424.28</ele>
        <time>2026-05-04T04:26:33.1110000+00:00</time>
      </trkpt>
      <trkpt lat="46.61497" lon="7.78096">
        <ele>1423.44</ele>
        <time>2026-05-04T04:26:40.2660000+00:00</time>
      </trkpt>
      <trkpt lat="46.61503" lon="7.78094">
        <ele>1422.85</ele>
        <time>2026-05-04T04:26:50.0540000+00:00</time>
      </trkpt>
      <trkpt lat="46.61506" lon="7.78094">
        <ele>1422.84</ele>
        <time>2026-05-04T04:26:54.8240000+00:00</time>
      </trkpt>
      <trkpt lat="46.61506" lon="7.7809">
        <ele>1421.7</ele>
        <time>2026-05-04T04:26:59.1940000+00:00</time>
      </trkpt>
      <trkpt lat="46.61507" lon="7.78087">
        <ele>1420.83</ele>
        <time>2026-05-04T04:27:02.8370000+00:00</time>
      </trkpt>
      <trkpt lat="46.6151" lon="7.78083">
        <ele>1419.66</ele>
        <time>2026-05-04T04:27:09.3050000+00:00</time>
      </trkpt>
      <trkpt lat="46.61511" lon="7.78079">
        <ele>1418.49</ele>
        <time>2026-05-04T04:27:13.9530000+00:00</time>
      </trkpt>
      <trkpt lat="46.6151" lon="7.78077">
        <ele>1417.93</ele>
        <time>2026-05-04T04:27:16.6540000+00:00</time>
      </trkpt>
      <trkpt lat="46.6151" lon="7.78076">
        <ele>1417.64</ele>
        <time>2026-05-04T04:27:17.7410000+00:00</time>
      </trkpt>
      <trkpt lat="46.6151" lon="7.78074">
        <ele>1417.07</ele>
        <time>2026-05-04T04:27:19.9210000+00:00</time>
      </trkpt>
      <trkpt lat="46.61512" lon="7.78072">
        <ele>1416.46</ele>
        <time>2026-05-04T04:27:23.7780000+00:00</time>
      </trkpt>
      <trkpt lat="46.61515" lon="7.7807">
        <ele>1415.83</ele>
        <time>2026-05-04T04:27:29.0250000+00:00</time>
      </trkpt>
      <trkpt lat="46.61519" lon="7.78067">
        <ele>1414.88</ele>
        <time>2026-05-04T04:27:36.1810000+00:00</time>
      </trkpt>
      <trkpt lat="46.61523" lon="7.78067">
        <ele>1414.8</ele>
        <time>2026-05-04T04:27:42.5410000+00:00</time>
      </trkpt>
      <trkpt lat="46.61526" lon="7.78067">
        <ele>1414.74</ele>
        <time>2026-05-04T04:27:47.3100000+00:00</time>
      </trkpt>
      <trkpt lat="46.61527" lon="7.78066">
        <ele>1414.42</ele>
        <time>2026-05-04T04:27:49.2350000+00:00</time>
      </trkpt>
      <trkpt lat="46.61529" lon="7.78066">
        <ele>1414.38</ele>
        <time>2026-05-04T04:27:52.4190000+00:00</time>
      </trkpt>
      <trkpt lat="46.61532" lon="7.78068">
        <ele>1414.92</ele>
        <time>2026-05-04T04:27:57.6660000+00:00</time>
      </trkpt>
      <trkpt lat="46.61535" lon="7.78069">
        <ele>1415.78</ele>
        <time>2026-05-04T04:28:02.5570000+00:00</time>
      </trkpt>
      <trkpt lat="46.61538" lon="7.78069">
        <ele>1416.36</ele>
        <time>2026-05-04T04:28:07.3260000+00:00</time>
      </trkpt>
      <trkpt lat="46.6154" lon="7.78068">
        <ele>1416.44</ele>
        <time>2026-05-04T04:28:10.6850000+00:00</time>
      </trkpt>
      <trkpt lat="46.61541" lon="7.78066">
        <ele>1416.04</ele>
        <time>2026-05-04T04:28:13.3830000+00:00</time>
      </trkpt>
      <trkpt lat="46.61542" lon="7.78061">
        <ele>1414.73</ele>
        <time>2026-05-04T04:28:19.0720000+00:00</time>
      </trkpt>
      <trkpt lat="46.61544" lon="7.78059">
        <ele>1414.51</ele>
        <time>2026-05-04T04:28:22.9330000+00:00</time>
      </trkpt>
      <trkpt lat="46.61547" lon="7.78059">
        <ele>1415.09</ele>
        <time>2026-05-04T04:28:27.7020000+00:00</time>
      </trkpt>
      <trkpt lat="46.61552" lon="7.78059">
        <ele>1416.05</ele>
        <time>2026-05-04T04:28:35.6530000+00:00</time>
      </trkpt>
      <trkpt lat="46.61557" lon="7.78059">
        <ele>1417.01</ele>
        <time>2026-05-04T04:28:43.6040000+00:00</time>
      </trkpt>
      <trkpt lat="46.61561" lon="7.78059">
        <ele>1417.78</ele>
        <time>2026-05-04T04:28:49.9650000+00:00</time>
      </trkpt>
      <trkpt lat="46.61564" lon="7.78056">
        <ele>1417.45</ele>
        <time>2026-05-04T04:28:55.7520000+00:00</time>
      </trkpt>
      <trkpt lat="46.61564" lon="7.78052">
        <ele>1416.25</ele>
        <time>2026-05-04T04:29:00.1210000+00:00</time>
      </trkpt>
      <trkpt lat="46.61564" lon="7.78048">
        <ele>1415.05</ele>
        <time>2026-05-04T04:29:04.4910000+00:00</time>
      </trkpt>
      <trkpt lat="46.61563" lon="7.78044">
        <ele>1413.66</ele>
        <time>2026-05-04T04:29:09.1410000+00:00</time>
      </trkpt>
      <trkpt lat="46.61569" lon="7.78042">
        <ele>1414.21</ele>
        <time>2026-05-04T04:29:18.9280000+00:00</time>
      </trkpt>
      <trkpt lat="46.6157" lon="7.7804">
        <ele>1413.8</ele>
        <time>2026-05-04T04:29:21.6290000+00:00</time>
      </trkpt>
      <trkpt lat="46.61573" lon="7.7804">
        <ele>1414.38</ele>
        <time>2026-05-04T04:29:26.4000000+00:00</time>
      </trkpt>
      <trkpt lat="46.61575" lon="7.78036">
        <ele>1413.56</ele>
        <time>2026-05-04T04:29:31.8030000+00:00</time>
      </trkpt>
      <trkpt lat="46.61579" lon="7.78035">
        <ele>1414.03</ele>
        <time>2026-05-04T04:29:38.2560000+00:00</time>
      </trkpt>
      <trkpt lat="46.61583" lon="7.78035">
        <ele>1414.8</ele>
        <time>2026-05-04T04:29:44.6160000+00:00</time>
      </trkpt>
      <trkpt lat="46.61587" lon="7.78037">
        <ele>1416.17</ele>
        <time>2026-05-04T04:29:51.3420000+00:00</time>
      </trkpt>
      <trkpt lat="46.61591" lon="7.78038">
        <ele>1417.24</ele>
        <time>2026-05-04T04:29:57.7960000+00:00</time>
      </trkpt>
      <trkpt lat="46.61594" lon="7.78039">
        <ele>1418.11</ele>
        <time>2026-05-04T04:30:02.6900000+00:00</time>
      </trkpt>
      <trkpt lat="46.61597" lon="7.78036">
        <ele>1417.79</ele>
        <time>2026-05-04T04:30:08.4790000+00:00</time>
      </trkpt>
      <trkpt lat="46.61601" lon="7.78034">
        <ele>1417.96</ele>
        <time>2026-05-04T04:30:15.2040000+00:00</time>
      </trkpt>
      <trkpt lat="46.61603" lon="7.78028">
        <ele>1416.54</ele>
        <time>2026-05-04T04:30:22.4870000+00:00</time>
      </trkpt>
      <trkpt lat="46.61606" lon="7.78019">
        <ele>1414.41</ele>
        <time>2026-05-04T04:30:33.4130000+00:00</time>
      </trkpt>
      <trkpt lat="46.6161" lon="7.78">
        <ele>1410.19</ele>
        <time>2026-05-04T04:30:55.1180000+00:00</time>
      </trkpt>
      <trkpt lat="46.61615" lon="7.77987">
        <ele>1407.67</ele>
        <time>2026-05-04T04:31:11.3920000+00:00</time>
      </trkpt>
      <trkpt lat="46.61617" lon="7.77981">
        <ele>1406.73</ele>
        <time>2026-05-04T04:31:18.6770000+00:00</time>
      </trkpt>
      <trkpt lat="46.61624" lon="7.77979">
        <ele>1408.68</ele>
        <time>2026-05-04T04:31:30.0210000+00:00</time>
      </trkpt>
      <trkpt lat="46.6163" lon="7.77974">
        <ele>1409.5</ele>
        <time>2026-05-04T04:31:41.0150000+00:00</time>
      </trkpt>
      <trkpt lat="46.61638" lon="7.77968">
        <ele>1410.77</ele>
        <time>2026-05-04T04:31:55.3240000+00:00</time>
      </trkpt>
      <trkpt lat="46.61644" lon="7.77963">
        <ele>1411.6</ele>
        <time>2026-05-04T04:32:06.3170000+00:00</time>
      </trkpt>
      <trkpt lat="46.616459999999996" lon="7.77959">
        <ele>1411.27</ele>
        <time>2026-05-04T04:32:11.7210000+00:00</time>
      </trkpt>
      <trkpt lat="46.6165" lon="7.77954">
        <ele>1411.41</ele>
        <time>2026-05-04T04:32:20.1050000+00:00</time>
      </trkpt>
      <trkpt lat="46.61653" lon="7.77948">
        <ele>1410.93</ele>
        <time>2026-05-04T04:32:28.2090000+00:00</time>
      </trkpt>
      <trkpt lat="46.61657" lon="7.77941">
        <ele>1410.55</ele>
        <time>2026-05-04T04:32:38.1550000+00:00</time>
      </trkpt>
      <trkpt lat="46.61661" lon="7.77934">
        <ele>1410.35</ele>
        <time>2026-05-04T04:32:48.1010000+00:00</time>
      </trkpt>
      <trkpt lat="46.61662" lon="7.77929">
        <ele>1410.19</ele>
        <time>2026-05-04T04:32:53.7900000+00:00</time>
      </trkpt>
      <trkpt lat="46.61664" lon="7.77928">
        <ele>1410.83</ele>
        <time>2026-05-04T04:32:57.1510000+00:00</time>
      </trkpt>
      <trkpt lat="46.61667" lon="7.77926">
        <ele>1411.76</ele>
        <time>2026-05-04T04:33:02.3950000+00:00</time>
      </trkpt>
      <trkpt lat="46.61667" lon="7.77922">
        <ele>1411.38</ele>
        <time>2026-05-04T04:33:06.7610000+00:00</time>
      </trkpt>
      <trkpt lat="46.61666" lon="7.77918">
        <ele>1410.6</ele>
        <time>2026-05-04T04:33:11.4080000+00:00</time>
      </trkpt>
      <trkpt lat="46.61666" lon="7.77915">
        <ele>1410.31</ele>
        <time>2026-05-04T04:33:14.6830000+00:00</time>
      </trkpt>
      <trkpt lat="46.61668" lon="7.77909">
        <ele>1410.55</ele>
        <time>2026-05-04T04:33:21.9670000+00:00</time>
      </trkpt>
      <trkpt lat="46.6167" lon="7.77901">
        <ele>1410.65</ele>
        <time>2026-05-04T04:33:31.2650000+00:00</time>
      </trkpt>
      <trkpt lat="46.61672" lon="7.77897">
        <ele>1411.15</ele>
        <time>2026-05-04T04:33:36.6680000+00:00</time>
      </trkpt>
      <trkpt lat="46.61672" lon="7.77893">
        <ele>1410.81</ele>
        <time>2026-05-04T04:33:41.0360000+00:00</time>
      </trkpt>
      <trkpt lat="46.61672" lon="7.77889">
        <ele>1410.47</ele>
        <time>2026-05-04T04:33:45.4030000+00:00</time>
      </trkpt>
      <trkpt lat="46.61674" lon="7.7788">
        <ele>1410.62</ele>
        <time>2026-05-04T04:33:55.7350000+00:00</time>
      </trkpt>
      <trkpt lat="46.61676" lon="7.77877">
        <ele>1411.31</ele>
        <time>2026-05-04T04:34:00.3030000+00:00</time>
      </trkpt>
      <trkpt lat="46.61677" lon="7.77872">
        <ele>1411.4</ele>
        <time>2026-05-04T04:34:05.9920000+00:00</time>
      </trkpt>
      <trkpt lat="46.61679" lon="7.77867">
        <ele>1411.99</ele>
        <time>2026-05-04T04:34:12.3120000+00:00</time>
      </trkpt>
      <trkpt lat="46.61679" lon="7.77864">
        <ele>1411.77</ele>
        <time>2026-05-04T04:34:15.5920000+00:00</time>
      </trkpt>
      <trkpt lat="46.61679" lon="7.77863">
        <ele>1411.7</ele>
        <time>2026-05-04T04:34:16.6950000+00:00</time>
      </trkpt>
      <trkpt lat="46.61677" lon="7.77854">
        <ele>1410.02</ele>
        <time>2026-05-04T04:34:27.0260000+00:00</time>
      </trkpt>
      <trkpt lat="46.6168" lon="7.77854">
        <ele>1411.56</ele>
        <time>2026-05-04T04:34:31.7950000+00:00</time>
      </trkpt>
      <trkpt lat="46.61683" lon="7.77849">
        <ele>1412.86</ele>
        <time>2026-05-04T04:34:39.0460000+00:00</time>
      </trkpt>
      <trkpt lat="46.61682" lon="7.77845">
        <ele>1412.21</ele>
        <time>2026-05-04T04:34:43.6930000+00:00</time>
      </trkpt>
      <trkpt lat="46.61683" lon="7.77841">
        <ele>1412.6</ele>
        <time>2026-05-04T04:34:48.3410000+00:00</time>
      </trkpt>
      <trkpt lat="46.61683" lon="7.77836">
        <ele>1412.44</ele>
        <time>2026-05-04T04:34:53.8020000+00:00</time>
      </trkpt>
      <trkpt lat="46.61684" lon="7.77828">
        <ele>1412.73</ele>
        <time>2026-05-04T04:35:02.6830000+00:00</time>
      </trkpt>
      <trkpt lat="46.61684" lon="7.77825">
        <ele>1412.64</ele>
        <time>2026-05-04T04:35:05.9610000+00:00</time>
      </trkpt>
      <trkpt lat="46.61686" lon="7.77821">
        <ele>1413.63</ele>
        <time>2026-05-04T04:35:11.3660000+00:00</time>
      </trkpt>
      <trkpt lat="46.61686" lon="7.77812">
        <ele>1413.37</ele>
        <time>2026-05-04T04:35:21.1960000+00:00</time>
      </trkpt>
      <trkpt lat="46.61686" lon="7.77801">
        <ele>1413.06</ele>
        <time>2026-05-04T04:35:33.2110000+00:00</time>
      </trkpt>
      <trkpt lat="46.61687" lon="7.77798">
        <ele>1413.56</ele>
        <time>2026-05-04T04:35:36.8540000+00:00</time>
      </trkpt>
      <trkpt lat="46.6169" lon="7.77791">
        <ele>1415.16</ele>
        <time>2026-05-04T04:35:45.8650000+00:00</time>
      </trkpt>
      <trkpt lat="46.61691" lon="7.77786">
        <ele>1415.65</ele>
        <time>2026-05-04T04:35:51.5530000+00:00</time>
      </trkpt>
      <trkpt lat="46.61695" lon="7.77778">
        <ele>1417.92</ele>
        <time>2026-05-04T04:36:02.3590000+00:00</time>
      </trkpt>
      <trkpt lat="46.61696" lon="7.77773">
        <ele>1418.45</ele>
        <time>2026-05-04T04:36:08.0480000+00:00</time>
      </trkpt>
      <trkpt lat="46.61698" lon="7.77767">
        <ele>1419.05</ele>
        <time>2026-05-04T04:36:15.3320000+00:00</time>
      </trkpt>
      <trkpt lat="46.61703" lon="7.77762">
        <ele>1420.64</ele>
        <time>2026-05-04T04:36:24.9780000+00:00</time>
      </trkpt>
      <trkpt lat="46.61708" lon="7.77758">
        <ele>1422.62</ele>
        <time>2026-05-04T04:36:34.0500000+00:00</time>
      </trkpt>
      <trkpt lat="46.61712" lon="7.77755">
        <ele>1424.26</ele>
        <time>2026-05-04T04:36:41.2050000+00:00</time>
      </trkpt>
      <trkpt lat="46.61719" lon="7.77749">
        <ele>1426.75</ele>
        <time>2026-05-04T04:36:54.1210000+00:00</time>
      </trkpt>
      <trkpt lat="46.61725" lon="7.7774">
        <ele>1427.2</ele>
        <time>2026-05-04T04:37:07.8200000+00:00</time>
      </trkpt>
      <trkpt lat="46.61732" lon="7.77729">
        <ele>1427.36</ele>
        <time>2026-05-04T04:37:24.1980000+00:00</time>
      </trkpt>
      <trkpt lat="46.6174" lon="7.77721">
        <ele>1429.31</ele>
        <time>2026-05-04T04:37:39.6320000+00:00</time>
      </trkpt>
      <trkpt lat="46.61746" lon="7.77715">
        <ele>1430.67</ele>
        <time>2026-05-04T04:37:51.2070000+00:00</time>
      </trkpt>
      <trkpt lat="46.6175" lon="7.77712">
        <ele>1431.97</ele>
        <time>2026-05-04T04:37:58.3630000+00:00</time>
      </trkpt>
      <trkpt lat="46.61756" lon="7.77709">
        <ele>1434.55</ele>
        <time>2026-05-04T04:38:08.4510000+00:00</time>
      </trkpt>
      <trkpt lat="46.6177" lon="7.77701">
        <ele>1439.95</ele>
        <time>2026-05-04T04:38:32.3660000+00:00</time>
      </trkpt>
      <trkpt lat="46.61782" lon="7.77693">
        <ele>1443.81</ele>
        <time>2026-05-04T04:38:53.3520000+00:00</time>
      </trkpt>
      <trkpt lat="46.61789" lon="7.77687">
        <ele>1445.12</ele>
        <time>2026-05-04T04:39:06.2690000+00:00</time>
      </trkpt>
      <trkpt lat="46.61792" lon="7.77682">
        <ele>1444.46</ele>
        <time>2026-05-04T04:39:13.5190000+00:00</time>
      </trkpt>
      <trkpt lat="46.61794" lon="7.77678">
        <ele>1443.67</ele>
        <time>2026-05-04T04:39:18.9220000+00:00</time>
      </trkpt>
      <trkpt lat="46.61797" lon="7.77675">
        <ele>1443.99</ele>
        <time>2026-05-04T04:39:24.7090000+00:00</time>
      </trkpt>
      <trkpt lat="46.61801" lon="7.77674">
        <ele>1445.91</ele>
        <time>2026-05-04T04:39:31.1630000+00:00</time>
      </trkpt>
      <trkpt lat="46.61804" lon="7.77671">
        <ele>1446.24</ele>
        <time>2026-05-04T04:39:36.9500000+00:00</time>
      </trkpt>
      <trkpt lat="46.61807" lon="7.77666">
        <ele>1445.6</ele>
        <time>2026-05-04T04:39:44.2010000+00:00</time>
      </trkpt>
      <trkpt lat="46.61809" lon="7.77664">
        <ele>1445.83</ele>
        <time>2026-05-04T04:39:48.0580000+00:00</time>
      </trkpt>
      <trkpt lat="46.61815" lon="7.77654">
        <ele>1444.59</ele>
        <time>2026-05-04T04:40:02.5600000+00:00</time>
      </trkpt>
      <trkpt lat="46.61821" lon="7.77641">
        <ele>1441.93</ele>
        <time>2026-05-04T04:40:19.6660000+00:00</time>
      </trkpt>
      <trkpt lat="46.61827" lon="7.77632">
        <ele>1441.29</ele>
        <time>2026-05-04T04:40:33.3630000+00:00</time>
      </trkpt>
      <trkpt lat="46.61833" lon="7.77623">
        <ele>1440.69</ele>
        <time>2026-05-04T04:40:47.0620000+00:00</time>
      </trkpt>
      <trkpt lat="46.61842" lon="7.77614">
        <ele>1442.03</ele>
        <time>2026-05-04T04:41:04.4240000+00:00</time>
      </trkpt>
      <trkpt lat="46.6185" lon="7.77607">
        <ele>1443.76</ele>
        <time>2026-05-04T04:41:19.2660000+00:00</time>
      </trkpt>
      <trkpt lat="46.61856" lon="7.77601">
        <ele>1444.68</ele>
        <time>2026-05-04T04:41:30.8390000+00:00</time>
      </trkpt>
      <trkpt lat="46.6186" lon="7.77596">
        <ele>1444.64</ele>
        <time>2026-05-04T04:41:39.2240000+00:00</time>
      </trkpt>
      <trkpt lat="46.61864" lon="7.77589">
        <ele>1443.58</ele>
        <time>2026-05-04T04:41:49.1680000+00:00</time>
      </trkpt>
      <trkpt lat="46.61872" lon="7.77572">
        <ele>1439.8</ele>
        <time>2026-05-04T04:42:11.6750000+00:00</time>
      </trkpt>
      <trkpt lat="46.61876" lon="7.77563">
        <ele>1437.61</ele>
        <time>2026-05-04T04:42:23.3830000+00:00</time>
      </trkpt>
      <trkpt lat="46.61885" lon="7.77524">
        <ele>1422.71</ele>
        <time>2026-05-04T04:43:08.3170000+00:00</time>
      </trkpt>
      <trkpt lat="46.618899999999996" lon="7.77511">
        <ele>1419.14</ele>
        <time>2026-05-04T04:43:24.5900000+00:00</time>
      </trkpt>
      <trkpt lat="46.61894" lon="7.77498">
        <ele>1415.14</ele>
        <time>2026-05-04T04:43:40.1480000+00:00</time>
      </trkpt>
      <trkpt lat="46.61897" lon="7.77488">
        <ele>1412.01</ele>
        <time>2026-05-04T04:43:52.0650000+00:00</time>
      </trkpt>
      <trkpt lat="46.61903" lon="7.77478">
        <ele>1410.69</ele>
        <time>2026-05-04T04:44:06.5670000+00:00</time>
      </trkpt>
      <trkpt lat="46.6191" lon="7.77462">
        <ele>1407.02</ele>
        <time>2026-05-04T04:44:27.2860000+00:00</time>
      </trkpt>
      <trkpt lat="46.61914" lon="7.77451">
        <ele>1404</ele>
        <time>2026-05-04T04:44:40.8790000+00:00</time>
      </trkpt>
      <trkpt lat="46.61916" lon="7.77441">
        <ele>1400.28</ele>
        <time>2026-05-04T04:44:52.2550000+00:00</time>
      </trkpt>
      <trkpt lat="46.61918" lon="7.77422">
        <ele>1393.23</ele>
        <time>2026-05-04T04:45:13.2480000+00:00</time>
      </trkpt>
      <trkpt lat="46.6192" lon="7.77409">
        <ele>1389.06</ele>
        <time>2026-05-04T04:45:27.7980000+00:00</time>
      </trkpt>
      <trkpt lat="46.61926" lon="7.77393">
        <ele>1385.89</ele>
        <time>2026-05-04T04:45:47.7070000+00:00</time>
      </trkpt>
      <trkpt lat="46.6193" lon="7.77379">
        <ele>1382.3</ele>
        <time>2026-05-04T04:46:04.2670000+00:00</time>
      </trkpt>
      <trkpt lat="46.61934" lon="7.7737">
        <ele>1380.74</ele>
        <time>2026-05-04T04:46:15.9760000+00:00</time>
      </trkpt>
      <trkpt lat="46.61939" lon="7.7736">
        <ele>1379.25</ele>
        <time>2026-05-04T04:46:29.4850000+00:00</time>
      </trkpt>
      <trkpt lat="46.61947" lon="7.77349">
        <ele>1377.75</ele>
        <time>2026-05-04T04:46:46.9820000+00:00</time>
      </trkpt>
      <trkpt lat="46.61953" lon="7.77341">
        <ele>1369.02</ele>
        <time>2026-05-04T04:46:59.9190000+00:00</time>
      </trkpt>
      <trkpt lat="46.61958" lon="7.77334">
        <ele>1360.36</ele>
        <time>2026-05-04T04:47:10.9480000+00:00</time>
      </trkpt>
      <trkpt lat="46.61963" lon="7.77322">
        <ele>1348.22</ele>
        <time>2026-05-04T04:47:26.2760000+00:00</time>
      </trkpt>
      <trkpt lat="46.61965" lon="7.77311">
        <ele>1338.93</ele>
        <time>2026-05-04T04:47:38.7040000+00:00</time>
      </trkpt>
      <trkpt lat="46.61965" lon="7.77301">
        <ele>1331.58</ele>
        <time>2026-05-04T04:47:49.6260000+00:00</time>
      </trkpt>
      <trkpt lat="46.61965" lon="7.77294">
        <ele>1326.43</ele>
        <time>2026-05-04T04:47:57.2690000+00:00</time>
      </trkpt>
      <trkpt lat="46.61966" lon="7.77286">
        <ele>1320.07</ele>
        <time>2026-05-04T04:48:06.1500000+00:00</time>
      </trkpt>
      <trkpt lat="46.61968" lon="7.77273">
        <ele>1309.69</ele>
        <time>2026-05-04T04:48:20.7000000+00:00</time>
      </trkpt>
      <trkpt lat="46.6197" lon="7.77261">
        <ele>1303.33</ele>
        <time>2026-05-04T04:48:34.1860000+00:00</time>
      </trkpt>
      <trkpt lat="46.61976" lon="7.77258">
        <ele>1299.84</ele>
        <time>2026-05-04T04:48:44.2720000+00:00</time>
      </trkpt>
      <trkpt lat="46.61982" lon="7.7726">
        <ele>1297.97</ele>
        <time>2026-05-04T04:48:54.0600000+00:00</time>
      </trkpt>
      <trkpt lat="46.61991" lon="7.77264">
        <ele>1295.48</ele>
        <time>2026-05-04T04:49:09.0230000+00:00</time>
      </trkpt>
      <trkpt lat="46.61995" lon="7.77268">
        <ele>1295.1</ele>
        <time>2026-05-04T04:49:16.7390000+00:00</time>
      </trkpt>
      <trkpt lat="46.62" lon="7.77277">
        <ele>1298.25</ele>
        <time>2026-05-04T04:49:29.3810000+00:00</time>
      </trkpt>
      <trkpt lat="46.62005" lon="7.77284">
        <ele>1300.18</ele>
        <time>2026-05-04T04:49:40.4100000+00:00</time>
      </trkpt>
      <trkpt lat="46.62011" lon="7.7729">
        <ele>1300.8</ele>
        <time>2026-05-04T04:49:51.9850000+00:00</time>
      </trkpt>
      <trkpt lat="46.62018" lon="7.77296">
        <ele>1300.66</ele>
        <time>2026-05-04T04:50:04.9010000+00:00</time>
      </trkpt>
      <trkpt lat="46.62024" lon="7.77299">
        <ele>1299.17</ele>
        <time>2026-05-04T04:50:14.9890000+00:00</time>
      </trkpt>
      <trkpt lat="46.62028" lon="7.77299">
        <ele>1297.07</ele>
        <time>2026-05-04T04:50:21.3510000+00:00</time>
      </trkpt>
      <trkpt lat="46.62032" lon="7.77299">
        <ele>1295.19</ele>
        <time>2026-05-04T04:50:27.7120000+00:00</time>
      </trkpt>
      <trkpt lat="46.62034" lon="7.77296">
        <ele>1293.8</ele>
        <time>2026-05-04T04:50:32.2750000+00:00</time>
      </trkpt>
      <trkpt lat="46.62036" lon="7.77292">
        <ele>1291.9</ele>
        <time>2026-05-04T04:50:37.6780000+00:00</time>
      </trkpt>
      <trkpt lat="46.62037" lon="7.77285">
        <ele>1288.41</ele>
        <time>2026-05-04T04:50:45.4870000+00:00</time>
      </trkpt>
      <trkpt lat="46.62039" lon="7.7728">
        <ele>1285.98</ele>
        <time>2026-05-04T04:50:51.8060000+00:00</time>
      </trkpt>
      <trkpt lat="46.62043" lon="7.77276">
        <ele>1284.15</ele>
        <time>2026-05-04T04:50:59.5250000+00:00</time>
      </trkpt>
      <trkpt lat="46.62047" lon="7.77272">
        <ele>1282.31</ele>
        <time>2026-05-04T04:51:07.2410000+00:00</time>
      </trkpt>
      <trkpt lat="46.62052" lon="7.77269">
        <ele>1281.01</ele>
        <time>2026-05-04T04:51:15.8400000+00:00</time>
      </trkpt>
      <trkpt lat="46.62055" lon="7.77265">
        <ele>1279.58</ele>
        <time>2026-05-04T04:51:22.3100000+00:00</time>
      </trkpt>
      <trkpt lat="46.62058" lon="7.77256">
        <ele>1276.09</ele>
        <time>2026-05-04T04:51:33.2360000+00:00</time>
      </trkpt>
      <trkpt lat="46.62062" lon="7.77253">
        <ele>1274.89</ele>
        <time>2026-05-04T04:51:40.3910000+00:00</time>
      </trkpt>
      <trkpt lat="46.62066" lon="7.77251">
        <ele>1274.05</ele>
        <time>2026-05-04T04:51:47.1170000+00:00</time>
      </trkpt>
      <trkpt lat="46.62074" lon="7.77254">
        <ele>1275.36</ele>
        <time>2026-05-04T04:52:00.2520000+00:00</time>
      </trkpt>
      <trkpt lat="46.62079" lon="7.77258">
        <ele>1277.23</ele>
        <time>2026-05-04T04:52:09.3240000+00:00</time>
      </trkpt>
      <trkpt lat="46.62085" lon="7.77261">
        <ele>1278.77</ele>
        <time>2026-05-04T04:52:19.4110000+00:00</time>
      </trkpt>
      <trkpt lat="46.62087" lon="7.77262">
        <ele>1279.3</ele>
        <time>2026-05-04T04:52:22.7730000+00:00</time>
      </trkpt>
      <trkpt lat="46.6209" lon="7.7726">
        <ele>1278.4</ele>
        <time>2026-05-04T04:52:28.0180000+00:00</time>
      </trkpt>
      <trkpt lat="46.62092" lon="7.77256">
        <ele>1276.45</ele>
        <time>2026-05-04T04:52:33.4220000+00:00</time>
      </trkpt>
      <trkpt lat="46.62094" lon="7.77253">
        <ele>1274.96</ele>
        <time>2026-05-04T04:52:37.9850000+00:00</time>
      </trkpt>
      <trkpt lat="46.621" lon="7.77257">
        <ele>1277.06</ele>
        <time>2026-05-04T04:52:48.4780000+00:00</time>
      </trkpt>
      <trkpt lat="46.62109" lon="7.77264">
        <ele>1281.01</ele>
        <time>2026-05-04T04:53:04.7040000+00:00</time>
      </trkpt>
      <trkpt lat="46.62113" lon="7.77269">
        <ele>1283.94</ele>
        <time>2026-05-04T04:53:13.0870000+00:00</time>
      </trkpt>
      <trkpt lat="46.62114" lon="7.77273">
        <ele>1286.2</ele>
        <time>2026-05-04T04:53:17.7380000+00:00</time>
      </trkpt>
      <trkpt lat="46.62117" lon="7.77276">
        <ele>1287.72</ele>
        <time>2026-05-04T04:53:23.5270000+00:00</time>
      </trkpt>
      <trkpt lat="46.62122" lon="7.77274">
        <ele>1286.17</ele>
        <time>2026-05-04T04:53:31.7730000+00:00</time>
      </trkpt>
      <trkpt lat="46.62128" lon="7.77267">
        <ele>1281.69</ele>
        <time>2026-05-04T04:53:43.9990000+00:00</time>
      </trkpt>
      <trkpt lat="46.62129" lon="7.77264">
        <ele>1279.98</ele>
        <time>2026-05-04T04:53:47.6410000+00:00</time>
      </trkpt>
      <trkpt lat="46.62132" lon="7.77257">
        <ele>1275.97</ele>
        <time>2026-05-04T04:53:56.6530000+00:00</time>
      </trkpt>
      <trkpt lat="46.62135" lon="7.77251">
        <ele>1272.57</ele>
        <time>2026-05-04T04:54:04.7590000+00:00</time>
      </trkpt>
      <trkpt lat="46.62139" lon="7.77246">
        <ele>1269.69</ele>
        <time>2026-05-04T04:54:13.1430000+00:00</time>
      </trkpt>
      <trkpt lat="46.62142" lon="7.77242">
        <ele>1267.45</ele>
        <time>2026-05-04T04:54:19.6110000+00:00</time>
      </trkpt>
      <trkpt lat="46.62146" lon="7.7724">
        <ele>1266.23</ele>
        <time>2026-05-04T04:54:26.3360000+00:00</time>
      </trkpt>
      <trkpt lat="46.62149" lon="7.77236">
        <ele>1264.07</ele>
        <time>2026-05-04T04:54:32.8050000+00:00</time>
      </trkpt>
      <trkpt lat="46.62151" lon="7.77229">
        <ele>1260.48</ele>
        <time>2026-05-04T04:54:41.0850000+00:00</time>
      </trkpt>
      <trkpt lat="46.62152" lon="7.77214">
        <ele>1252.95</ele>
        <time>2026-05-04T04:54:57.5430000+00:00</time>
      </trkpt>
      <trkpt lat="46.6215" lon="7.7721">
        <ele>1250.94</ele>
        <time>2026-05-04T04:55:02.9460000+00:00</time>
      </trkpt>
      <trkpt lat="46.62147" lon="7.77207">
        <ele>1249.39</ele>
        <time>2026-05-04T04:55:08.7340000+00:00</time>
      </trkpt>
      <trkpt lat="46.62148" lon="7.77201">
        <ele>1246.36</ele>
        <time>2026-05-04T04:55:15.4790000+00:00</time>
      </trkpt>
      <trkpt lat="46.62147" lon="7.77193">
        <ele>1242.27</ele>
        <time>2026-05-04T04:55:24.3590000+00:00</time>
      </trkpt>
      <trkpt lat="46.62147" lon="7.77189">
        <ele>1240.23</ele>
        <time>2026-05-04T04:55:28.7290000+00:00</time>
      </trkpt>
      <trkpt lat="46.62151" lon="7.77186">
        <ele>1238.9</ele>
        <time>2026-05-04T04:55:35.8830000+00:00</time>
      </trkpt>
      <trkpt lat="46.62156" lon="7.77182">
        <ele>1237.65</ele>
        <time>2026-05-04T04:55:44.9550000+00:00</time>
      </trkpt>
      <trkpt lat="46.62162" lon="7.77178">
        <ele>1236.57</ele>
        <time>2026-05-04T04:55:55.4480000+00:00</time>
      </trkpt>
      <trkpt lat="46.62164" lon="7.77175">
        <ele>1235.65</ele>
        <time>2026-05-04T04:56:00.0130000+00:00</time>
      </trkpt>
      <trkpt lat="46.62163" lon="7.77171">
        <ele>1234.19</ele>
        <time>2026-05-04T04:56:04.6610000+00:00</time>
      </trkpt>
      <trkpt lat="46.62162" lon="7.77169">
        <ele>1233.41</ele>
        <time>2026-05-04T04:56:07.3630000+00:00</time>
      </trkpt>
      <trkpt lat="46.62161" lon="7.77166">
        <ele>1232.28</ele>
        <time>2026-05-04T04:56:11.0060000+00:00</time>
      </trkpt>
      <trkpt lat="46.62164" lon="7.77158">
        <ele>1229.74</ele>
        <time>2026-05-04T04:56:20.9600000+00:00</time>
      </trkpt>
      <trkpt lat="46.62164" lon="7.77156">
        <ele>1229.05</ele>
        <time>2026-05-04T04:56:23.1400000+00:00</time>
      </trkpt>
      <trkpt lat="46.62159" lon="7.77148">
        <ele>1225.7</ele>
        <time>2026-05-04T04:56:34.9530000+00:00</time>
      </trkpt>
      <trkpt lat="46.62156" lon="7.77144">
        <ele>1223.92</ele>
        <time>2026-05-04T04:56:41.4210000+00:00</time>
      </trkpt>
      <trkpt lat="46.62156" lon="7.77142">
        <ele>1223.2</ele>
        <time>2026-05-04T04:56:43.6100000+00:00</time>
      </trkpt>
      <trkpt lat="46.62158" lon="7.77138">
        <ele>1222.01</ele>
        <time>2026-05-04T04:56:49.0130000+00:00</time>
      </trkpt>
      <trkpt lat="46.62162" lon="7.77136">
        <ele>1221.83</ele>
        <time>2026-05-04T04:56:55.7390000+00:00</time>
      </trkpt>
      <trkpt lat="46.62164" lon="7.77134">
        <ele>1221.41</ele>
        <time>2026-05-04T04:56:59.5980000+00:00</time>
      </trkpt>
      <trkpt lat="46.62166" lon="7.77131">
        <ele>1220.65</ele>
        <time>2026-05-04T04:57:04.1630000+00:00</time>
      </trkpt>
      <trkpt lat="46.6217" lon="7.77122">
        <ele>1218.19</ele>
        <time>2026-05-04T04:57:15.8700000+00:00</time>
      </trkpt>
      <trkpt lat="46.62172" lon="7.77118">
        <ele>1217.17</ele>
        <time>2026-05-04T04:57:21.2730000+00:00</time>
      </trkpt>
      <trkpt lat="46.62174" lon="7.77116">
        <ele>1216.84</ele>
        <time>2026-05-04T04:57:25.1320000+00:00</time>
      </trkpt>
      <trkpt lat="46.62178" lon="7.77114">
        <ele>1216.87</ele>
        <time>2026-05-04T04:57:31.8580000+00:00</time>
      </trkpt>
      <trkpt lat="46.62182" lon="7.77112">
        <ele>1216.92</ele>
        <time>2026-05-04T04:57:38.5830000+00:00</time>
      </trkpt>
      <trkpt lat="46.62185" lon="7.7711">
        <ele>1216.83</ele>
        <time>2026-05-04T04:57:43.8300000+00:00</time>
      </trkpt>
      <trkpt lat="46.62187" lon="7.77107">
        <ele>1216.26</ele>
        <time>2026-05-04T04:57:48.3980000+00:00</time>
      </trkpt>
      <trkpt lat="46.62187" lon="7.77105">
        <ele>1215.65</ele>
        <time>2026-05-04T04:57:50.5870000+00:00</time>
      </trkpt>
      <trkpt lat="46.62187" lon="7.77101">
        <ele>1214.54</ele>
        <time>2026-05-04T04:57:54.9570000+00:00</time>
      </trkpt>
      <trkpt lat="46.62185" lon="7.77096">
        <ele>1213.03</ele>
        <time>2026-05-04T04:58:01.2760000+00:00</time>
      </trkpt>
      <trkpt lat="46.62183" lon="7.77089">
        <ele>1211.01</ele>
        <time>2026-05-04T04:58:09.5570000+00:00</time>
      </trkpt>
      <trkpt lat="46.6218" lon="7.77075">
        <ele>1207.02</ele>
        <time>2026-05-04T04:58:25.5740000+00:00</time>
      </trkpt>
      <trkpt lat="46.62174" lon="7.77065">
        <ele>1202.95</ele>
        <time>2026-05-04T04:58:40.0770000+00:00</time>
      </trkpt>
      <trkpt lat="46.62173" lon="7.77058">
        <ele>1200.89</ele>
        <time>2026-05-04T04:58:47.8850000+00:00</time>
      </trkpt>
      <trkpt lat="46.62168" lon="7.77036">
        <ele>1193.53</ele>
        <time>2026-05-04T04:59:13.1930000+00:00</time>
      </trkpt>
      <trkpt lat="46.62164" lon="7.77022">
        <ele>1188.24</ele>
        <time>2026-05-04T04:59:29.7530000+00:00</time>
      </trkpt>
      <trkpt lat="46.62158" lon="7.77012">
        <ele>1184</ele>
        <time>2026-05-04T04:59:44.2550000+00:00</time>
      </trkpt>
      <trkpt lat="46.62151" lon="7.76996">
        <ele>1178.96</ele>
        <time>2026-05-04T05:00:04.9720000+00:00</time>
      </trkpt>
      <trkpt lat="46.62146" lon="7.76982">
        <ele>1175.14</ele>
        <time>2026-05-04T05:00:22.2060000+00:00</time>
      </trkpt>
      <trkpt lat="46.62144" lon="7.76967">
        <ele>1172.36</ele>
        <time>2026-05-04T05:00:38.8940000+00:00</time>
      </trkpt>
      <trkpt lat="46.62143" lon="7.76956">
        <ele>1170.52</ele>
        <time>2026-05-04T05:00:51.0120000+00:00</time>
      </trkpt>
      <trkpt lat="46.62143" lon="7.76946">
        <ele>1169.15</ele>
        <time>2026-05-04T05:01:01.9350000+00:00</time>
      </trkpt>
      <trkpt lat="46.62144" lon="7.76935">
        <ele>1167.87</ele>
        <time>2026-05-04T05:01:14.0530000+00:00</time>
      </trkpt>
      <trkpt lat="46.62148" lon="7.76918">
        <ele>1164.96</ele>
        <time>2026-05-04T05:01:33.6780000+00:00</time>
      </trkpt>
      <trkpt lat="46.62153" lon="7.76899">
        <ele>1161.71</ele>
        <time>2026-05-04T05:01:55.8990000+00:00</time>
      </trkpt>
      <trkpt lat="46.62158" lon="7.76882">
        <ele>1158.8</ele>
        <time>2026-05-04T05:02:16.0950000+00:00</time>
      </trkpt>
      <trkpt lat="46.62162" lon="7.76871">
        <ele>1157.03</ele>
        <time>2026-05-04T05:02:29.6890000+00:00</time>
      </trkpt>
      <trkpt lat="46.62165" lon="7.76866">
        <ele>1156.5</ele>
        <time>2026-05-04T05:02:36.9390000+00:00</time>
      </trkpt>
      <trkpt lat="46.6217" lon="7.7686">
        <ele>1156.18</ele>
        <time>2026-05-04T05:02:47.2420000+00:00</time>
      </trkpt>
      <trkpt lat="46.62173" lon="7.76852">
        <ele>1154.82</ele>
        <time>2026-05-04T05:02:57.1960000+00:00</time>
      </trkpt>
      <trkpt lat="46.62173" lon="7.76846">
        <ele>1153.48</ele>
        <time>2026-05-04T05:03:03.7490000+00:00</time>
      </trkpt>
      <trkpt lat="46.62171" lon="7.76838">
        <ele>1151.2</ele>
        <time>2026-05-04T05:03:13.0460000+00:00</time>
      </trkpt>
      <trkpt lat="46.62173" lon="7.76826">
        <ele>1149.04</ele>
        <time>2026-05-04T05:03:26.5320000+00:00</time>
      </trkpt>
      <trkpt lat="46.62179" lon="7.76817">
        <ele>1148.63</ele>
        <time>2026-05-04T05:03:40.2290000+00:00</time>
      </trkpt>
      <trkpt lat="46.62179" lon="7.76808">
        <ele>1146.67</ele>
        <time>2026-05-04T05:03:50.0570000+00:00</time>
      </trkpt>
      <trkpt lat="46.62175" lon="7.76799">
        <ele>1143.59</ele>
        <time>2026-05-04T05:04:01.7630000+00:00</time>
      </trkpt>
      <trkpt lat="46.62174" lon="7.76788">
        <ele>1140.87</ele>
        <time>2026-05-04T05:04:13.8810000+00:00</time>
      </trkpt>
      <trkpt lat="46.62175" lon="7.7677">
        <ele>1137.19</ele>
        <time>2026-05-04T05:04:33.6030000+00:00</time>
      </trkpt>
      <trkpt lat="46.62177" lon="7.76759">
        <ele>1136.96</ele>
        <time>2026-05-04T05:04:46.0300000+00:00</time>
      </trkpt>
      <trkpt lat="46.62183" lon="7.76741">
        <ele>1137.62</ele>
        <time>2026-05-04T05:05:07.8810000+00:00</time>
      </trkpt>
      <trkpt lat="46.62185" lon="7.76729">
        <ele>1137.47</ele>
        <time>2026-05-04T05:05:21.3670000+00:00</time>
      </trkpt>
      <trkpt lat="46.62186" lon="7.76718">
        <ele>1137.08</ele>
        <time>2026-05-04T05:05:33.4850000+00:00</time>
      </trkpt>
      <trkpt lat="46.62185" lon="7.76702">
        <ele>1135.75</ele>
        <time>2026-05-04T05:05:51.0310000+00:00</time>
      </trkpt>
      <trkpt lat="46.62186" lon="7.76683">
        <ele>1134.05</ele>
        <time>2026-05-04T05:06:11.8430000+00:00</time>
      </trkpt>
      <trkpt lat="46.62187" lon="7.76676">
        <ele>1132.08</ele>
        <time>2026-05-04T05:06:19.6510000+00:00</time>
      </trkpt>
      <trkpt lat="46.62191" lon="7.76666">
        <ele>1129.78</ele>
        <time>2026-05-04T05:06:32.2910000+00:00</time>
      </trkpt>
      <trkpt lat="46.62196" lon="7.7666">
        <ele>1128.81</ele>
        <time>2026-05-04T05:06:42.5940000+00:00</time>
      </trkpt>
      <trkpt lat="46.62201" lon="7.76653">
        <ele>1127.52</ele>
        <time>2026-05-04T05:06:53.6230000+00:00</time>
      </trkpt>
      <trkpt lat="46.62206" lon="7.76646">
        <ele>1126.38</ele>
        <time>2026-05-04T05:07:04.6520000+00:00</time>
      </trkpt>
      <trkpt lat="46.62212" lon="7.76644">
        <ele>1127.4</ele>
        <time>2026-05-04T05:07:14.4400000+00:00</time>
      </trkpt>
      <trkpt lat="46.62216" lon="7.76644">
        <ele>1128.57</ele>
        <time>2026-05-04T05:07:20.7990000+00:00</time>
      </trkpt>
      <trkpt lat="46.62223" lon="7.76643">
        <ele>1130.26</ele>
        <time>2026-05-04T05:07:31.9840000+00:00</time>
      </trkpt>
      <trkpt lat="46.62229" lon="7.76643">
        <ele>1132.02</ele>
        <time>2026-05-04T05:07:41.5240000+00:00</time>
      </trkpt>
      <trkpt lat="46.62238" lon="7.76626">
        <ele>1128.24</ele>
        <time>2026-05-04T05:08:04.9640000+00:00</time>
      </trkpt>
      <trkpt lat="46.6224" lon="7.76623">
        <ele>1127.69</ele>
        <time>2026-05-04T05:08:09.5320000+00:00</time>
      </trkpt>
      <trkpt lat="46.62242" lon="7.76621">
        <ele>1127.51</ele>
        <time>2026-05-04T05:08:13.3910000+00:00</time>
      </trkpt>
      <trkpt lat="46.62247" lon="7.76618">
        <ele>1127.83</ele>
        <time>2026-05-04T05:08:21.9900000+00:00</time>
      </trkpt>
      <trkpt lat="46.62255" lon="7.76614">
        <ele>1128.63</ele>
        <time>2026-05-04T05:08:35.4400000+00:00</time>
      </trkpt>
      <trkpt lat="46.6226" lon="7.7661">
        <ele>1128.56</ele>
        <time>2026-05-04T05:08:44.5130000+00:00</time>
      </trkpt>
      <trkpt lat="46.62263" lon="7.76605">
        <ele>1127.51</ele>
        <time>2026-05-04T05:08:51.7630000+00:00</time>
      </trkpt>
      <trkpt lat="46.62264" lon="7.76597">
        <ele>1125.15</ele>
        <time>2026-05-04T05:09:00.6430000+00:00</time>
      </trkpt>
      <trkpt lat="46.62261" lon="7.76584">
        <ele>1120.28</ele>
        <time>2026-05-04T05:09:15.6210000+00:00</time>
      </trkpt>
      <trkpt lat="46.62257" lon="7.76572">
        <ele>1115.57</ele>
        <time>2026-05-04T05:09:30.1880000+00:00</time>
      </trkpt>
      <trkpt lat="46.6225" lon="7.76554">
        <ele>1108.51</ele>
        <time>2026-05-04T05:09:52.7790000+00:00</time>
      </trkpt>
      <trkpt lat="46.62246" lon="7.76545">
        <ele>1105</ele>
        <time>2026-05-04T05:10:04.4860000+00:00</time>
      </trkpt>
      <trkpt lat="46.6224" lon="7.76534">
        <ele>1100.61</ele>
        <time>2026-05-04T05:10:19.8270000+00:00</time>
      </trkpt>
      <trkpt lat="46.62237" lon="7.76528">
        <ele>1098.34</ele>
        <time>2026-05-04T05:10:27.9330000+00:00</time>
      </trkpt>
      <trkpt lat="46.62232" lon="7.76516">
        <ele>1094.72</ele>
        <time>2026-05-04T05:10:43.2610000+00:00</time>
      </trkpt>
      <trkpt lat="46.62225" lon="7.76507">
        <ele>1092.53</ele>
        <time>2026-05-04T05:10:58.1100000+00:00</time>
      </trkpt>
      <trkpt lat="46.62218" lon="7.76497">
        <ele>1090.28</ele>
        <time>2026-05-04T05:11:13.7040000+00:00</time>
      </trkpt>
      <trkpt lat="46.62214" lon="7.76492">
        <ele>1089.08</ele>
        <time>2026-05-04T05:11:22.0890000+00:00</time>
      </trkpt>
      <trkpt lat="46.62211" lon="7.76485">
        <ele>1087.86</ele>
        <time>2026-05-04T05:11:31.1000000+00:00</time>
      </trkpt>
      <trkpt lat="46.62207" lon="7.76474">
        <ele>1086.1</ele>
        <time>2026-05-04T05:11:44.6940000+00:00</time>
      </trkpt>
      <trkpt lat="46.62205" lon="7.76466">
        <ele>1084.98</ele>
        <time>2026-05-04T05:11:53.9910000+00:00</time>
      </trkpt>
      <trkpt lat="46.62203" lon="7.76461">
        <ele>1084.16</ele>
        <time>2026-05-04T05:12:00.3090000+00:00</time>
      </trkpt>
      <trkpt lat="46.62203" lon="7.7646">
        <ele>1084.06</ele>
        <time>2026-05-04T05:12:01.3950000+00:00</time>
      </trkpt>
      <trkpt lat="46.62198" lon="7.76455">
        <ele>1082.81</ele>
        <time>2026-05-04T05:12:11.0400000+00:00</time>
      </trkpt>
      <trkpt lat="46.62195" lon="7.76449">
        <ele>1082.51</ele>
        <time>2026-05-04T05:12:19.1450000+00:00</time>
      </trkpt>
      <trkpt lat="46.62191" lon="7.7644">
        <ele>1081.91</ele>
        <time>2026-05-04T05:12:30.8530000+00:00</time>
      </trkpt>
      <trkpt lat="46.62189" lon="7.76436">
        <ele>1081.65</ele>
        <time>2026-05-04T05:12:36.2580000+00:00</time>
      </trkpt>
      <trkpt lat="46.62185" lon="7.76429">
        <ele>1081.63</ele>
        <time>2026-05-04T05:12:46.2030000+00:00</time>
      </trkpt>
      <trkpt lat="46.62181" lon="7.76425">
        <ele>1081.72</ele>
        <time>2026-05-04T05:12:53.9190000+00:00</time>
      </trkpt>
      <trkpt lat="46.62176" lon="7.76418">
        <ele>1081.7</ele>
        <time>2026-05-04T05:13:04.9490000+00:00</time>
      </trkpt>
      <trkpt lat="46.62171" lon="7.76414">
        <ele>1081.8</ele>
        <time>2026-05-04T05:13:14.0220000+00:00</time>
      </trkpt>
      <trkpt lat="46.62168" lon="7.76409">
        <ele>1081.71</ele>
        <time>2026-05-04T05:13:21.2750000+00:00</time>
      </trkpt>
      <trkpt lat="46.62166" lon="7.76401">
        <ele>1081.39</ele>
        <time>2026-05-04T05:13:30.5720000+00:00</time>
      </trkpt>
      <trkpt lat="46.62162" lon="7.76397">
        <ele>1081.37</ele>
        <time>2026-05-04T05:13:38.2880000+00:00</time>
      </trkpt>
      <trkpt lat="46.6216" lon="7.76394">
        <ele>1081.29</ele>
        <time>2026-05-04T05:13:42.8550000+00:00</time>
      </trkpt>
      <trkpt lat="46.62159" lon="7.76388">
        <ele>1080.99</ele>
        <time>2026-05-04T05:13:49.6000000+00:00</time>
      </trkpt>
      <trkpt lat="46.62155" lon="7.76368">
        <ele>1079.95</ele>
        <time>2026-05-04T05:14:12.3490000+00:00</time>
      </trkpt>
      <trkpt lat="46.62152" lon="7.76356">
        <ele>1079.29</ele>
        <time>2026-05-04T05:14:26.2950000+00:00</time>
      </trkpt>
      <trkpt lat="46.62148" lon="7.76341">
        <ele>1078.77</ele>
        <time>2026-05-04T05:14:43.8670000+00:00</time>
      </trkpt>
      <trkpt lat="46.62146" lon="7.76334">
        <ele>1078.6</ele>
        <time>2026-05-04T05:14:52.1470000+00:00</time>
      </trkpt>
      <trkpt lat="46.62145" lon="7.76328">
        <ele>1078.43</ele>
        <time>2026-05-04T05:14:58.8920000+00:00</time>
      </trkpt>
      <trkpt lat="46.62146" lon="7.76323">
        <ele>1078.22</ele>
        <time>2026-05-04T05:15:04.5810000+00:00</time>
      </trkpt>
      <trkpt lat="46.62149" lon="7.76315">
        <ele>1077.79</ele>
        <time>2026-05-04T05:15:14.5350000+00:00</time>
      </trkpt>
      <trkpt lat="46.62153" lon="7.76308">
        <ele>1077.31</ele>
        <time>2026-05-04T05:15:24.4800000+00:00</time>
      </trkpt>
      <trkpt lat="46.62159" lon="7.763">
        <ele>1076.62</ele>
        <time>2026-05-04T05:15:37.4160000+00:00</time>
      </trkpt>
      <trkpt lat="46.62166" lon="7.76294">
        <ele>1075.89</ele>
        <time>2026-05-04T05:15:50.3320000+00:00</time>
      </trkpt>
      <trkpt lat="46.6217" lon="7.76289">
        <ele>1075.36</ele>
        <time>2026-05-04T05:15:58.7140000+00:00</time>
      </trkpt>
      <trkpt lat="46.62176" lon="7.7628">
        <ele>1074.44</ele>
        <time>2026-05-04T05:16:12.4120000+00:00</time>
      </trkpt>
      <trkpt lat="46.62182" lon="7.76271">
        <ele>1073.43</ele>
        <time>2026-05-04T05:16:26.1100000+00:00</time>
      </trkpt>
      <trkpt lat="46.62194" lon="7.76253">
        <ele>1072.76</ele>
        <time>2026-05-04T05:16:53.5060000+00:00</time>
      </trkpt>
      <trkpt lat="46.62201" lon="7.76243">
        <ele>1072.86</ele>
        <time>2026-05-04T05:17:09.1000000+00:00</time>
      </trkpt>
      <trkpt lat="46.62204" lon="7.76236">
        <ele>1073.18</ele>
        <time>2026-05-04T05:17:18.1120000+00:00</time>
      </trkpt>
      <trkpt lat="46.62205" lon="7.7623">
        <ele>1073.31</ele>
        <time>2026-05-04T05:17:24.8560000+00:00</time>
      </trkpt>
      <trkpt lat="46.62206" lon="7.76224">
        <ele>1073.41</ele>
        <time>2026-05-04T05:17:31.5980000+00:00</time>
      </trkpt>
      <trkpt lat="46.62206" lon="7.7622">
        <ele>1073.44</ele>
        <time>2026-05-04T05:17:35.9650000+00:00</time>
      </trkpt>
      <trkpt lat="46.62204" lon="7.76212">
        <ele>1073.48</ele>
        <time>2026-05-04T05:17:45.2640000+00:00</time>
      </trkpt>
      <trkpt lat="46.62202" lon="7.76201">
        <ele>1073.63</ele>
        <time>2026-05-04T05:17:57.6920000+00:00</time>
      </trkpt>
      <trkpt lat="46.62202" lon="7.76195">
        <ele>1073.72</ele>
        <time>2026-05-04T05:18:04.2450000+00:00</time>
      </trkpt>
      <trkpt lat="46.62202" lon="7.7619">
        <ele>1073.81</ele>
        <time>2026-05-04T05:18:09.7050000+00:00</time>
      </trkpt>
      <trkpt lat="46.62203" lon="7.76184">
        <ele>1073.85</ele>
        <time>2026-05-04T05:18:16.4470000+00:00</time>
      </trkpt>
      <trkpt lat="46.62204" lon="7.76178">
        <ele>1073.86</ele>
        <time>2026-05-04T05:18:23.1900000+00:00</time>
      </trkpt>
      <trkpt lat="46.62206" lon="7.76174">
        <ele>1073.8</ele>
        <time>2026-05-04T05:18:28.5950000+00:00</time>
      </trkpt>
      <trkpt lat="46.62209" lon="7.7617">
        <ele>1073.68</ele>
        <time>2026-05-04T05:18:35.0630000+00:00</time>
      </trkpt>
      <trkpt lat="46.62212" lon="7.76166">
        <ele>1073.54</ele>
        <time>2026-05-04T05:18:41.5320000+00:00</time>
      </trkpt>
      <trkpt lat="46.62216" lon="7.76162">
        <ele>1073.34</ele>
        <time>2026-05-04T05:18:49.2470000+00:00</time>
      </trkpt>
      <trkpt lat="46.62223" lon="7.76158">
        <ele>1072.94</ele>
        <time>2026-05-04T05:19:01.2050000+00:00</time>
      </trkpt>
      <trkpt lat="46.62226" lon="7.76154">
        <ele>1072.74</ele>
        <time>2026-05-04T05:19:07.6730000+00:00</time>
      </trkpt>
      <trkpt lat="46.62231" lon="7.76148">
        <ele>1072.37</ele>
        <time>2026-05-04T05:19:17.9760000+00:00</time>
      </trkpt>
      <trkpt lat="46.62234" lon="7.76143">
        <ele>1072.11</ele>
        <time>2026-05-04T05:19:25.2290000+00:00</time>
      </trkpt>
      <trkpt lat="46.62238" lon="7.76136">
        <ele>1071.72</ele>
        <time>2026-05-04T05:19:35.1740000+00:00</time>
      </trkpt>
      <trkpt lat="46.62241" lon="7.76127">
        <ele>1071.33</ele>
        <time>2026-05-04T05:19:46.0990000+00:00</time>
      </trkpt>
      <trkpt lat="46.62246" lon="7.76115">
        <ele>1070.67</ele>
        <time>2026-05-04T05:20:01.4270000+00:00</time>
      </trkpt>
      <trkpt lat="46.62254" lon="7.76092">
        <ele>1069.19</ele>
        <time>2026-05-04T05:20:29.5830000+00:00</time>
      </trkpt>
      <trkpt lat="46.6226" lon="7.76069">
        <ele>1067.72</ele>
        <time>2026-05-04T05:20:56.4520000+00:00</time>
      </trkpt>
      <trkpt lat="46.62268" lon="7.76041">
        <ele>1065.93</ele>
        <time>2026-05-04T05:21:29.5710000+00:00</time>
      </trkpt>
      <trkpt lat="46.62276" lon="7.76013">
        <ele>1064.21</ele>
        <time>2026-05-04T05:22:02.6900000+00:00</time>
      </trkpt>
      <trkpt lat="46.62282" lon="7.75994">
        <ele>1063.19</ele>
        <time>2026-05-04T05:22:25.5270000+00:00</time>
      </trkpt>
      <trkpt lat="46.62285" lon="7.75981">
        <ele>1063.28</ele>
        <time>2026-05-04T05:22:40.5040000+00:00</time>
      </trkpt>
      <trkpt lat="46.62288" lon="7.75973">
        <ele>1063.46</ele>
        <time>2026-05-04T05:22:50.4580000+00:00</time>
      </trkpt>
      <trkpt lat="46.6229" lon="7.75966">
        <ele>1063.45</ele>
        <time>2026-05-04T05:22:58.7380000+00:00</time>
      </trkpt>
      <trkpt lat="46.62292" lon="7.75962">
        <ele>1063.55</ele>
        <time>2026-05-04T05:23:04.1410000+00:00</time>
      </trkpt>
      <trkpt lat="46.62294" lon="7.75959">
        <ele>1063.69</ele>
        <time>2026-05-04T05:23:08.7070000+00:00</time>
      </trkpt>
      <trkpt lat="46.62297" lon="7.75958">
        <ele>1064.07</ele>
        <time>2026-05-04T05:23:13.6000000+00:00</time>
      </trkpt>
      <trkpt lat="46.623" lon="7.75957">
        <ele>1064.44</ele>
        <time>2026-05-04T05:23:18.4950000+00:00</time>
      </trkpt>
      <trkpt lat="46.62302" lon="7.75957">
        <ele>1064.74</ele>
        <time>2026-05-04T05:23:21.6760000+00:00</time>
      </trkpt>
      <trkpt lat="46.62306" lon="7.75958">
        <ele>1065.4</ele>
        <time>2026-05-04T05:23:28.1270000+00:00</time>
      </trkpt>
      <trkpt lat="46.62309" lon="7.7596">
        <ele>1066.02</ele>
        <time>2026-05-04T05:23:33.3750000+00:00</time>
      </trkpt>
      <trkpt lat="46.62311" lon="7.75955">
        <ele>1065.87</ele>
        <time>2026-05-04T05:23:39.6960000+00:00</time>
      </trkpt>
      <trkpt lat="46.62313" lon="7.75948">
        <ele>1065.49</ele>
        <time>2026-05-04T05:23:47.9760000+00:00</time>
      </trkpt>
      <trkpt lat="46.62317" lon="7.75938">
        <ele>1064.98</ele>
        <time>2026-05-04T05:24:00.6140000+00:00</time>
      </trkpt>
      <trkpt lat="46.62323" lon="7.75924">
        <ele>1064.96</ele>
        <time>2026-05-04T05:24:18.6350000+00:00</time>
      </trkpt>
      <trkpt lat="46.62328" lon="7.75912">
        <ele>1064.87</ele>
        <time>2026-05-04T05:24:33.9640000+00:00</time>
      </trkpt>
      <trkpt lat="46.62332" lon="7.75898">
        <ele>1064.49</ele>
        <time>2026-05-04T05:24:50.5220000+00:00</time>
      </trkpt>
      <trkpt lat="46.62335" lon="7.7589">
        <ele>1064.26</ele>
        <time>2026-05-04T05:25:00.4760000+00:00</time>
      </trkpt>
      <trkpt lat="46.62337" lon="7.75884">
        <ele>1064.05</ele>
        <time>2026-05-04T05:25:07.7600000+00:00</time>
      </trkpt>
      <trkpt lat="46.62341" lon="7.75879">
        <ele>1063.97</ele>
        <time>2026-05-04T05:25:16.1430000+00:00</time>
      </trkpt>
      <trkpt lat="46.62345" lon="7.75868">
        <ele>1063.46</ele>
        <time>2026-05-04T05:25:29.7360000+00:00</time>
      </trkpt>
      <trkpt lat="46.62348" lon="7.7586">
        <ele>1063.04</ele>
        <time>2026-05-04T05:25:39.6900000+00:00</time>
      </trkpt>
      <trkpt lat="46.6235" lon="7.75854">
        <ele>1062.68</ele>
        <time>2026-05-04T05:25:46.9730000+00:00</time>
      </trkpt>
      <trkpt lat="46.62351" lon="7.75851">
        <ele>1062.56</ele>
        <time>2026-05-04T05:25:50.6160000+00:00</time>
      </trkpt>
      <trkpt lat="46.62354" lon="7.75849">
        <ele>1062.52</ele>
        <time>2026-05-04T05:25:55.8630000+00:00</time>
      </trkpt>
      <trkpt lat="46.62358" lon="7.75845">
        <ele>1062.39</ele>
        <time>2026-05-04T05:26:03.5800000+00:00</time>
      </trkpt>
      <trkpt lat="46.62363" lon="7.75841">
        <ele>1062.23</ele>
        <time>2026-05-04T05:26:12.6510000+00:00</time>
      </trkpt>
      <trkpt lat="46.62376" lon="7.75829">
        <ele>1065.48</ele>
        <time>2026-05-04T05:26:37.1270000+00:00</time>
      </trkpt>
      <trkpt lat="46.6238" lon="7.75825">
        <ele>1066.54</ele>
        <time>2026-05-04T05:26:44.8430000+00:00</time>
      </trkpt>
      <trkpt lat="46.62382" lon="7.75822">
        <ele>1066.98</ele>
        <time>2026-05-04T05:26:49.4080000+00:00</time>
      </trkpt>
      <trkpt lat="46.62385" lon="7.7582">
        <ele>1067.81</ele>
        <time>2026-05-04T05:26:54.6560000+00:00</time>
      </trkpt>
      <trkpt lat="46.62389" lon="7.75818">
        <ele>1068.97</ele>
        <time>2026-05-04T05:27:01.3810000+00:00</time>
      </trkpt>
      <trkpt lat="46.62395" lon="7.75816">
        <ele>1070.76</ele>
        <time>2026-05-04T05:27:11.1690000+00:00</time>
      </trkpt>
      <trkpt lat="46.62399" lon="7.75814">
        <ele>1071.86</ele>
        <time>2026-05-04T05:27:17.8960000+00:00</time>
      </trkpt>
      <trkpt lat="46.62402" lon="7.75813">
        <ele>1072.73</ele>
        <time>2026-05-04T05:27:22.7890000+00:00</time>
      </trkpt>
      <trkpt lat="46.62404" lon="7.7581">
        <ele>1073.03</ele>
        <time>2026-05-04T05:27:27.3560000+00:00</time>
      </trkpt>
      <trkpt lat="46.62405" lon="7.75805">
        <ele>1072.76</ele>
        <time>2026-05-04T05:27:33.0450000+00:00</time>
      </trkpt>
      <trkpt lat="46.62408" lon="7.75799">
        <ele>1072.97</ele>
        <time>2026-05-04T05:27:41.1500000+00:00</time>
      </trkpt>
      <trkpt lat="46.6241" lon="7.75792">
        <ele>1072.7</ele>
        <time>2026-05-04T05:27:49.4280000+00:00</time>
      </trkpt>
      <trkpt lat="46.62414" lon="7.75786">
        <ele>1073.1</ele>
        <time>2026-05-04T05:27:58.5590000+00:00</time>
      </trkpt>
      <trkpt lat="46.62418" lon="7.75781">
        <ele>1073.56</ele>
        <time>2026-05-04T05:28:06.9430000+00:00</time>
      </trkpt>
      <trkpt lat="46.62422" lon="7.75776">
        <ele>1073.97</ele>
        <time>2026-05-04T05:28:15.3270000+00:00</time>
      </trkpt>
      <trkpt lat="46.62424" lon="7.75771">
        <ele>1073.79</ele>
        <time>2026-05-04T05:28:21.6450000+00:00</time>
      </trkpt>
      <trkpt lat="46.62427" lon="7.75759">
        <ele>1073.12</ele>
        <time>2026-05-04T05:28:35.5900000+00:00</time>
      </trkpt>
      <trkpt lat="46.62429" lon="7.75744">
        <ele>1071.76</ele>
        <time>2026-05-04T05:28:52.2770000+00:00</time>
      </trkpt>
      <trkpt lat="46.6243" lon="7.7573">
        <ele>1070.23</ele>
        <time>2026-05-04T05:29:07.6490000+00:00</time>
      </trkpt>
      <trkpt lat="46.62431" lon="7.7572">
        <ele>1069.16</ele>
        <time>2026-05-04T05:29:18.6850000+00:00</time>
      </trkpt>
      <trkpt lat="46.62431" lon="7.75707">
        <ele>1067.51</ele>
        <time>2026-05-04T05:29:32.8800000+00:00</time>
      </trkpt>
      <trkpt lat="46.62431" lon="7.75699">
        <ele>1066.49</ele>
        <time>2026-05-04T05:29:41.6160000+00:00</time>
      </trkpt>
      <trkpt lat="46.62433" lon="7.75691">
        <ele>1065.73</ele>
        <time>2026-05-04T05:29:50.9120000+00:00</time>
      </trkpt>
      <trkpt lat="46.62434" lon="7.75682">
        <ele>1064.72</ele>
        <time>2026-05-04T05:30:00.8680000+00:00</time>
      </trkpt>
      <trkpt lat="46.62436" lon="7.75676">
        <ele>1064.18</ele>
        <time>2026-05-04T05:30:08.1510000+00:00</time>
      </trkpt>
      <trkpt lat="46.62436" lon="7.75666">
        <ele>1062.91</ele>
        <time>2026-05-04T05:30:19.0720000+00:00</time>
      </trkpt>
      <trkpt lat="46.62437" lon="7.75661">
        <ele>1062.33</ele>
        <time>2026-05-04T05:30:24.7610000+00:00</time>
      </trkpt>
      <trkpt lat="46.62437" lon="7.75658">
        <ele>1061.94</ele>
        <time>2026-05-04T05:30:28.0420000+00:00</time>
      </trkpt>
      <trkpt lat="46.6244" lon="7.7565">
        <ele>1061</ele>
        <time>2026-05-04T05:30:37.9960000+00:00</time>
      </trkpt>
      <trkpt lat="46.62443" lon="7.75644">
        <ele>1060.22</ele>
        <time>2026-05-04T05:30:46.1000000+00:00</time>
      </trkpt>
      <trkpt lat="46.62446" lon="7.75629">
        <ele>1058</ele>
        <time>2026-05-04T05:31:03.1620000+00:00</time>
      </trkpt>
      <trkpt lat="46.62449" lon="7.75613">
        <ele>1055.72</ele>
        <time>2026-05-04T05:31:21.2750000+00:00</time>
      </trkpt>
      <trkpt lat="46.62451" lon="7.75599">
        <ele>1054.1</ele>
        <time>2026-05-04T05:31:36.8910000+00:00</time>
      </trkpt>
      <trkpt lat="46.62452" lon="7.75593">
        <ele>1053.52</ele>
        <time>2026-05-04T05:31:43.6330000+00:00</time>
      </trkpt>
      <trkpt lat="46.62455" lon="7.75585">
        <ele>1053.09</ele>
        <time>2026-05-04T05:31:53.5860000+00:00</time>
      </trkpt>
      <trkpt lat="46.62458" lon="7.75581">
        <ele>1053.19</ele>
        <time>2026-05-04T05:32:00.0540000+00:00</time>
      </trkpt>
      <trkpt lat="46.62461" lon="7.75577">
        <ele>1053.26</ele>
        <time>2026-05-04T05:32:06.5220000+00:00</time>
      </trkpt>
      <trkpt lat="46.62466" lon="7.75572">
        <ele>1053.57</ele>
        <time>2026-05-04T05:32:16.1680000+00:00</time>
      </trkpt>
      <trkpt lat="46.62476" lon="7.75568">
        <ele>1055.01</ele>
        <time>2026-05-04T05:32:32.6580000+00:00</time>
      </trkpt>
      <trkpt lat="46.62484" lon="7.75565">
        <ele>1056.14</ele>
        <time>2026-05-04T05:32:45.7940000+00:00</time>
      </trkpt>
      <trkpt lat="46.62493" lon="7.75559">
        <ele>1056.89</ele>
        <time>2026-05-04T05:33:01.5340000+00:00</time>
      </trkpt>
      <trkpt lat="46.62499" lon="7.75554">
        <ele>1057.14</ele>
        <time>2026-05-04T05:33:12.5260000+00:00</time>
      </trkpt>
      <trkpt lat="46.62506" lon="7.75548">
        <ele>1057.33</ele>
        <time>2026-05-04T05:33:25.4430000+00:00</time>
      </trkpt>
      <trkpt lat="46.6251" lon="7.75542">
        <ele>1056.89</ele>
        <time>2026-05-04T05:33:34.5750000+00:00</time>
      </trkpt>
      <trkpt lat="46.62518" lon="7.75534">
        <ele>1056.69</ele>
        <time>2026-05-04T05:33:50.0070000+00:00</time>
      </trkpt>
      <trkpt lat="46.62526" lon="7.75523">
        <ele>1055.73</ele>
        <time>2026-05-04T05:34:07.5040000+00:00</time>
      </trkpt>
      <trkpt lat="46.62535" lon="7.75513">
        <ele>1056.1</ele>
        <time>2026-05-04T05:34:25.5060000+00:00</time>
      </trkpt>
      <trkpt lat="46.62539" lon="7.75508">
        <ele>1056.68</ele>
        <time>2026-05-04T05:34:33.8880000+00:00</time>
      </trkpt>
      <trkpt lat="46.62542" lon="7.75502">
        <ele>1056.7</ele>
        <time>2026-05-04T05:34:41.9920000+00:00</time>
      </trkpt>
      <trkpt lat="46.62545" lon="7.75496">
        <ele>1056.72</ele>
        <time>2026-05-04T05:34:50.0970000+00:00</time>
      </trkpt>
      <trkpt lat="46.62547" lon="7.75492">
        <ele>1056.72</ele>
        <time>2026-05-04T05:34:55.5000000+00:00</time>
      </trkpt>
      <trkpt lat="46.62549" lon="7.7549">
        <ele>1057.06</ele>
        <time>2026-05-04T05:34:59.3570000+00:00</time>
      </trkpt>
      <trkpt lat="46.62552" lon="7.75488">
        <ele>1057.75</ele>
        <time>2026-05-04T05:35:04.6040000+00:00</time>
      </trkpt>
      <trkpt lat="46.62556" lon="7.75486">
        <ele>1058.77</ele>
        <time>2026-05-04T05:35:11.3300000+00:00</time>
      </trkpt>
      <trkpt lat="46.62561" lon="7.75482">
        <ele>1059.78</ele>
        <time>2026-05-04T05:35:20.4000000+00:00</time>
      </trkpt>
      <trkpt lat="46.62567" lon="7.75476">
        <ele>1060.74</ele>
        <time>2026-05-04T05:35:31.9740000+00:00</time>
      </trkpt>
      <trkpt lat="46.62576" lon="7.7547">
        <ele>1062.68</ele>
        <time>2026-05-04T05:35:47.7140000+00:00</time>
      </trkpt>
      <trkpt lat="46.62585" lon="7.75464">
        <ele>1064.58</ele>
        <time>2026-05-04T05:36:03.4530000+00:00</time>
      </trkpt>
      <trkpt lat="46.62592" lon="7.75457">
        <ele>1065.57</ele>
        <time>2026-05-04T05:36:16.9560000+00:00</time>
      </trkpt>
      <trkpt lat="46.62598" lon="7.75447">
        <ele>1065.6</ele>
        <time>2026-05-04T05:36:31.4570000+00:00</time>
      </trkpt>
      <trkpt lat="46.62606" lon="7.75431">
        <ele>1064.92</ele>
        <time>2026-05-04T05:36:53.0690000+00:00</time>
      </trkpt>
      <trkpt lat="46.62611" lon="7.75422">
        <ele>1064.38</ele>
        <time>2026-05-04T05:37:05.7100000+00:00</time>
      </trkpt>
      <trkpt lat="46.62615" lon="7.75412">
        <ele>1063.15</ele>
        <time>2026-05-04T05:37:18.3480000+00:00</time>
      </trkpt>
      <trkpt lat="46.62617" lon="7.754">
        <ele>1061.04</ele>
        <time>2026-05-04T05:37:31.8330000+00:00</time>
      </trkpt>
      <trkpt lat="46.62618" lon="7.75389">
        <ele>1058.81</ele>
        <time>2026-05-04T05:37:43.9500000+00:00</time>
      </trkpt>
      <trkpt lat="46.62618" lon="7.75377">
        <ele>1055.96</ele>
        <time>2026-05-04T05:37:57.0530000+00:00</time>
      </trkpt>
      <trkpt lat="46.62618" lon="7.75367">
        <ele>1053.59</ele>
        <time>2026-05-04T05:38:07.9730000+00:00</time>
      </trkpt>
      <trkpt lat="46.62619" lon="7.75358">
        <ele>1051.87</ele>
        <time>2026-05-04T05:38:17.9290000+00:00</time>
      </trkpt>
      <trkpt lat="46.62622" lon="7.75345">
        <ele>1050.76</ele>
        <time>2026-05-04T05:38:32.9050000+00:00</time>
      </trkpt>
      <trkpt lat="46.62626" lon="7.75332">
        <ele>1050.39</ele>
        <time>2026-05-04T05:38:48.4620000+00:00</time>
      </trkpt>
      <trkpt lat="46.62628" lon="7.75327">
        <ele>1050.43</ele>
        <time>2026-05-04T05:38:54.7800000+00:00</time>
      </trkpt>
      <trkpt lat="46.62628" lon="7.75321">
        <ele>1049.48</ele>
        <time>2026-05-04T05:39:01.3320000+00:00</time>
      </trkpt>
      <trkpt lat="46.62628" lon="7.75316">
        <ele>1048.69</ele>
        <time>2026-05-04T05:39:06.7910000+00:00</time>
      </trkpt>
      <trkpt lat="46.62626" lon="7.75308">
        <ele>1046.6</ele>
        <time>2026-05-04T05:39:16.0880000+00:00</time>
      </trkpt>
      <trkpt lat="46.62625" lon="7.753">
        <ele>1044.93</ele>
        <time>2026-05-04T05:39:24.9680000+00:00</time>
      </trkpt>
      <trkpt lat="46.62626" lon="7.7529">
        <ele>1043.76</ele>
        <time>2026-05-04T05:39:36.0040000+00:00</time>
      </trkpt>
      <trkpt lat="46.62626" lon="7.75276">
        <ele>1041.55</ele>
        <time>2026-05-04T05:39:51.2920000+00:00</time>
      </trkpt>
      <trkpt lat="46.62627" lon="7.75266">
        <ele>1040.73</ele>
        <time>2026-05-04T05:40:02.3280000+00:00</time>
      </trkpt>
      <trkpt lat="46.6263" lon="7.75258">
        <ele>1041.24</ele>
        <time>2026-05-04T05:40:12.2820000+00:00</time>
      </trkpt>
      <trkpt lat="46.62635" lon="7.75248">
        <ele>1042.22</ele>
        <time>2026-05-04T05:40:25.7900000+00:00</time>
      </trkpt>
      <trkpt lat="46.62646" lon="7.75234">
        <ele>1044.67</ele>
        <time>2026-05-04T05:40:49.0210000+00:00</time>
      </trkpt>
      <trkpt lat="46.62662" lon="7.75216">
        <ele>1047.63</ele>
        <time>2026-05-04T05:41:21.1720000+00:00</time>
      </trkpt>
      <trkpt lat="46.62669" lon="7.75204">
        <ele>1047.97</ele>
        <time>2026-05-04T05:41:38.3650000+00:00</time>
      </trkpt>
      <trkpt lat="46.62678" lon="7.75192">
        <ele>1048.57</ele>
        <time>2026-05-04T05:41:57.7700000+00:00</time>
      </trkpt>
      <trkpt lat="46.62678" lon="7.75191">
        <ele>1048.4</ele>
        <time>2026-05-04T05:41:58.8730000+00:00</time>
      </trkpt>
      <trkpt lat="46.62684" lon="7.75181">
        <ele>1048.72</ele>
        <time>2026-05-04T05:42:13.3740000+00:00</time>
      </trkpt>
      <trkpt lat="46.62689" lon="7.7517">
        <ele>1048.72</ele>
        <time>2026-05-04T05:42:27.7800000+00:00</time>
      </trkpt>
      <trkpt lat="46.62693" lon="7.75161">
        <ele>1048.54</ele>
        <time>2026-05-04T05:42:39.4870000+00:00</time>
      </trkpt>
      <trkpt lat="46.62696" lon="7.75152">
        <ele>1048</ele>
        <time>2026-05-04T05:42:50.4120000+00:00</time>
      </trkpt>
      <trkpt lat="46.62696" lon="7.75143">
        <ele>1046.85</ele>
        <time>2026-05-04T05:43:00.2400000+00:00</time>
      </trkpt>
      <trkpt lat="46.62697" lon="7.75126">
        <ele>1044.8</ele>
        <time>2026-05-04T05:43:18.8720000+00:00</time>
      </trkpt>
      <trkpt lat="46.62697" lon="7.75103">
        <ele>1041.8</ele>
        <time>2026-05-04T05:43:43.9890000+00:00</time>
      </trkpt>
      <trkpt lat="46.62698" lon="7.75073">
        <ele>1037.97</ele>
        <time>2026-05-04T05:44:16.7880000+00:00</time>
      </trkpt>
      <trkpt lat="46.62699" lon="7.75062">
        <ele>1036.81</ele>
        <time>2026-05-04T05:44:28.9050000+00:00</time>
      </trkpt>
      <trkpt lat="46.627" lon="7.75054">
        <ele>1036.02</ele>
        <time>2026-05-04T05:44:37.7840000+00:00</time>
      </trkpt>
      <trkpt lat="46.62703" lon="7.75043">
        <ele>1035.31</ele>
        <time>2026-05-04T05:44:50.7090000+00:00</time>
      </trkpt>
      <trkpt lat="46.62706" lon="7.75034">
        <ele>1034.8</ele>
        <time>2026-05-04T05:45:01.6340000+00:00</time>
      </trkpt>
      <trkpt lat="46.62709" lon="7.75027">
        <ele>1034.49</ele>
        <time>2026-05-04T05:45:10.6440000+00:00</time>
      </trkpt>
      <trkpt lat="46.62713" lon="7.75022">
        <ele>1034.66</ele>
        <time>2026-05-04T05:45:19.0260000+00:00</time>
      </trkpt>
      <trkpt lat="46.62722" lon="7.75013">
        <ele>1035.34</ele>
        <time>2026-05-04T05:45:36.3860000+00:00</time>
      </trkpt>
      <trkpt lat="46.62728" lon="7.75007">
        <ele>1035.61</ele>
        <time>2026-05-04T05:45:47.9600000+00:00</time>
      </trkpt>
      <trkpt lat="46.62734" lon="7.75004">
        <ele>1036.25</ele>
        <time>2026-05-04T05:45:58.0480000+00:00</time>
      </trkpt>
      <trkpt lat="46.62741" lon="7.75001">
        <ele>1036.99</ele>
        <time>2026-05-04T05:46:09.6530000+00:00</time>
      </trkpt>
      <trkpt lat="46.62747" lon="7.75002">
        <ele>1038.29</ele>
        <time>2026-05-04T05:46:19.2560000+00:00</time>
      </trkpt>
      <trkpt lat="46.62752" lon="7.75001">
        <ele>1038.99</ele>
        <time>2026-05-04T05:46:27.2810000+00:00</time>
      </trkpt>
      <trkpt lat="46.62755" lon="7.75001">
        <ele>1039.54</ele>
        <time>2026-05-04T05:46:32.0500000+00:00</time>
      </trkpt>
      <trkpt lat="46.62759" lon="7.74999">
        <ele>1039.8</ele>
        <time>2026-05-04T05:46:38.7750000+00:00</time>
      </trkpt>
      <trkpt lat="46.62763" lon="7.74996">
        <ele>1039.77</ele>
        <time>2026-05-04T05:46:45.9310000+00:00</time>
      </trkpt>
      <trkpt lat="46.62772" lon="7.7499">
        <ele>1039.7</ele>
        <time>2026-05-04T05:47:01.6710000+00:00</time>
      </trkpt>
      <trkpt lat="46.62783" lon="7.74981">
        <ele>1039.41</ele>
        <time>2026-05-04T05:47:21.7340000+00:00</time>
      </trkpt>
      <trkpt lat="46.62792" lon="7.74974">
        <ele>1041.39</ele>
        <time>2026-05-04T05:47:37.9580000+00:00</time>
      </trkpt>
      <trkpt lat="46.62798" lon="7.74968">
        <ele>1042.32</ele>
        <time>2026-05-04T05:47:49.5320000+00:00</time>
      </trkpt>
      <trkpt lat="46.628" lon="7.74964">
        <ele>1042.06</ele>
        <time>2026-05-04T05:47:54.9370000+00:00</time>
      </trkpt>
      <trkpt lat="46.62802" lon="7.74962">
        <ele>1042.37</ele>
        <time>2026-05-04T05:47:58.7960000+00:00</time>
      </trkpt>
      <trkpt lat="46.62803" lon="7.74957">
        <ele>1041.37</ele>
        <time>2026-05-04T05:48:04.4850000+00:00</time>
      </trkpt>
      <trkpt lat="46.62805" lon="7.74951">
        <ele>1040.53</ele>
        <time>2026-05-04T05:48:11.7680000+00:00</time>
      </trkpt>
      <trkpt lat="46.62808" lon="7.74945">
        <ele>1040.14</ele>
        <time>2026-05-04T05:48:19.8710000+00:00</time>
      </trkpt>
      <trkpt lat="46.62813" lon="7.74938">
        <ele>1040.34</ele>
        <time>2026-05-04T05:48:30.9010000+00:00</time>
      </trkpt>
      <trkpt lat="46.62818" lon="7.74933">
        <ele>1041.66</ele>
        <time>2026-05-04T05:48:40.5460000+00:00</time>
      </trkpt>
      <trkpt lat="46.62823" lon="7.74927">
        <ele>1042.75</ele>
        <time>2026-05-04T05:48:50.8480000+00:00</time>
      </trkpt>
      <trkpt lat="46.62829" lon="7.74921">
        <ele>1044.13</ele>
        <time>2026-05-04T05:49:02.4220000+00:00</time>
      </trkpt>
      <trkpt lat="46.62845" lon="7.74906">
        <ele>1047.32</ele>
        <time>2026-05-04T05:49:32.6800000+00:00</time>
      </trkpt>
      <trkpt lat="46.62848" lon="7.74903">
        <ele>1047.77</ele>
        <time>2026-05-04T05:49:38.4670000+00:00</time>
      </trkpt>
      <trkpt lat="46.6285" lon="7.749">
        <ele>1047.82</ele>
        <time>2026-05-04T05:49:43.0330000+00:00</time>
      </trkpt>
      <trkpt lat="46.62846" lon="7.74893">
        <ele>1044.75</ele>
        <time>2026-05-04T05:49:52.9760000+00:00</time>
      </trkpt>
      <trkpt lat="46.62842" lon="7.7488">
        <ele>1040.48</ele>
        <time>2026-05-04T05:50:08.5330000+00:00</time>
      </trkpt>
      <trkpt lat="46.62838" lon="7.74868">
        <ele>1036.64</ele>
        <time>2026-05-04T05:50:23.0990000+00:00</time>
      </trkpt>
      <trkpt lat="46.62836" lon="7.74862">
        <ele>1034.79</ele>
        <time>2026-05-04T05:50:30.3820000+00:00</time>
      </trkpt>
      <trkpt lat="46.62836" lon="7.74854">
        <ele>1033.13</ele>
        <time>2026-05-04T05:50:39.1170000+00:00</time>
      </trkpt>
      <trkpt lat="46.62841" lon="7.74844">
        <ele>1032.33</ele>
        <time>2026-05-04T05:50:52.6250000+00:00</time>
      </trkpt>
      <trkpt lat="46.6285" lon="7.7483">
        <ele>1031.11</ele>
        <time>2026-05-04T05:51:13.5660000+00:00</time>
      </trkpt>
      <trkpt lat="46.62857" lon="7.74817">
        <ele>1029.06</ele>
        <time>2026-05-04T05:51:31.6050000+00:00</time>
      </trkpt>
      <trkpt lat="46.62861" lon="7.74812">
        <ele>1028.33</ele>
        <time>2026-05-04T05:51:39.9870000+00:00</time>
      </trkpt>
      <trkpt lat="46.62866" lon="7.74808">
        <ele>1028.69</ele>
        <time>2026-05-04T05:51:49.0570000+00:00</time>
      </trkpt>
      <trkpt lat="46.6287" lon="7.74806">
        <ele>1030.51</ele>
        <time>2026-05-04T05:51:55.7830000+00:00</time>
      </trkpt>
      <trkpt lat="46.62875" lon="7.74803">
        <ele>1032.62</ele>
        <time>2026-05-04T05:52:04.3820000+00:00</time>
      </trkpt>
      <trkpt lat="46.62879" lon="7.74797">
        <ele>1033.26</ele>
        <time>2026-05-04T05:52:13.5130000+00:00</time>
      </trkpt>
      <trkpt lat="46.62882" lon="7.7479">
        <ele>1032.99</ele>
        <time>2026-05-04T05:52:22.5240000+00:00</time>
      </trkpt>
      <trkpt lat="46.62892" lon="7.74761">
        <ele>1031.63</ele>
        <time>2026-05-04T05:52:57.9590000+00:00</time>
      </trkpt>
      <trkpt lat="46.62894" lon="7.7475">
        <ele>1030.83</ele>
        <time>2026-05-04T05:53:10.3860000+00:00</time>
      </trkpt>
      <trkpt lat="46.62896" lon="7.74739">
        <ele>1029.9</ele>
        <time>2026-05-04T05:53:22.8120000+00:00</time>
      </trkpt>
      <trkpt lat="46.62897" lon="7.74732">
        <ele>1029.11</ele>
        <time>2026-05-04T05:53:30.6200000+00:00</time>
      </trkpt>
      <trkpt lat="46.62897" lon="7.74724">
        <ele>1027.64</ele>
        <time>2026-05-04T05:53:39.3580000+00:00</time>
      </trkpt>
      <trkpt lat="46.62896" lon="7.74714">
        <ele>1025.39</ele>
        <time>2026-05-04T05:53:50.3930000+00:00</time>
      </trkpt>
      <trkpt lat="46.62896" lon="7.7471">
        <ele>1024.67</ele>
        <time>2026-05-04T05:53:54.7610000+00:00</time>
      </trkpt>
      <trkpt lat="46.62896" lon="7.74706">
        <ele>1023.95</ele>
        <time>2026-05-04T05:53:59.1290000+00:00</time>
      </trkpt>
      <trkpt lat="46.62898" lon="7.74704">
        <ele>1024.36</ele>
        <time>2026-05-04T05:54:02.9880000+00:00</time>
      </trkpt>
      <trkpt lat="46.62903" lon="7.74701">
        <ele>1025.69</ele>
        <time>2026-05-04T05:54:11.5870000+00:00</time>
      </trkpt>
      <trkpt lat="46.62908" lon="7.74698">
        <ele>1026.92</ele>
        <time>2026-05-04T05:54:20.1860000+00:00</time>
      </trkpt>
      <trkpt lat="46.6291" lon="7.74698">
        <ele>1027.65</ele>
        <time>2026-05-04T05:54:23.3700000+00:00</time>
      </trkpt>
      <trkpt lat="46.62912" lon="7.74698">
        <ele>1028.39</ele>
        <time>2026-05-04T05:54:26.5530000+00:00</time>
      </trkpt>
      <trkpt lat="46.62914" lon="7.74701">
        <ele>1029.83</ele>
        <time>2026-05-04T05:54:31.1210000+00:00</time>
      </trkpt>
      <trkpt lat="46.62918" lon="7.74699">
        <ele>1030.84</ele>
        <time>2026-05-04T05:54:37.8460000+00:00</time>
      </trkpt>
      <trkpt lat="46.62926" lon="7.74695">
        <ele>1032.72</ele>
        <time>2026-05-04T05:54:51.2970000+00:00</time>
      </trkpt>
      <trkpt lat="46.62931" lon="7.74692">
        <ele>1033.65</ele>
        <time>2026-05-04T05:54:59.8960000+00:00</time>
      </trkpt>
      <trkpt lat="46.62939" lon="7.74688">
        <ele>1035.2</ele>
        <time>2026-05-04T05:55:13.3460000+00:00</time>
      </trkpt>
      <trkpt lat="46.62944" lon="7.74687">
        <ele>1036.6</ele>
        <time>2026-05-04T05:55:21.3710000+00:00</time>
      </trkpt>
      <trkpt lat="46.62949" lon="7.74684">
        <ele>1038</ele>
        <time>2026-05-04T05:55:29.9700000+00:00</time>
      </trkpt>
      <trkpt lat="46.62956" lon="7.74679">
        <ele>1041.73</ele>
        <time>2026-05-04T05:55:42.3660000+00:00</time>
      </trkpt>
      <trkpt lat="46.62964" lon="7.74673">
        <ele>1045.86</ele>
        <time>2026-05-04T05:55:56.6750000+00:00</time>
      </trkpt>
      <trkpt lat="46.62973" lon="7.74665">
        <ele>1050.06</ele>
        <time>2026-05-04T05:56:13.4420000+00:00</time>
      </trkpt>
      <trkpt lat="46.6298" lon="7.74659">
        <ele>1053.34</ele>
        <time>2026-05-04T05:56:26.3580000+00:00</time>
      </trkpt>
      <trkpt lat="46.62987" lon="7.74651">
        <ele>1055.95</ele>
        <time>2026-05-04T05:56:40.5090000+00:00</time>
      </trkpt>
      <trkpt lat="46.62991" lon="7.74646">
        <ele>1057.27</ele>
        <time>2026-05-04T05:56:48.8920000+00:00</time>
      </trkpt>
      <trkpt lat="46.62994" lon="7.7464">
        <ele>1057.55</ele>
        <time>2026-05-04T05:56:56.9970000+00:00</time>
      </trkpt>
      <trkpt lat="46.62997" lon="7.74633">
        <ele>1057.48</ele>
        <time>2026-05-04T05:57:06.0080000+00:00</time>
      </trkpt>
      <trkpt lat="46.63002" lon="7.74628">
        <ele>1059.45</ele>
        <time>2026-05-04T05:57:15.6540000+00:00</time>
      </trkpt>
      <trkpt lat="46.63004" lon="7.7462">
        <ele>1058.3</ele>
        <time>2026-05-04T05:57:24.9510000+00:00</time>
      </trkpt>
      <trkpt lat="46.63007" lon="7.7461">
        <ele>1057.19</ele>
        <time>2026-05-04T05:57:36.8680000+00:00</time>
      </trkpt>
      <trkpt lat="46.6301" lon="7.74601">
        <ele>1056.48</ele>
        <time>2026-05-04T05:57:47.7920000+00:00</time>
      </trkpt>
      <trkpt lat="46.63012" lon="7.74593">
        <ele>1055.46</ele>
        <time>2026-05-04T05:57:57.0890000+00:00</time>
      </trkpt>
      <trkpt lat="46.63013" lon="7.74588">
        <ele>1054.61</ele>
        <time>2026-05-04T05:58:02.7750000+00:00</time>
      </trkpt>
      <trkpt lat="46.63013" lon="7.74581">
        <ele>1052.5</ele>
        <time>2026-05-04T05:58:10.4190000+00:00</time>
      </trkpt>
      <trkpt lat="46.63014" lon="7.74574">
        <ele>1051</ele>
        <time>2026-05-04T05:58:18.2260000+00:00</time>
      </trkpt>
      <trkpt lat="46.63014" lon="7.74565">
        <ele>1048.26</ele>
        <time>2026-05-04T05:58:28.0530000+00:00</time>
      </trkpt>
      <trkpt lat="46.63015" lon="7.74554">
        <ele>1045.47</ele>
        <time>2026-05-04T05:58:40.1680000+00:00</time>
      </trkpt>
      <trkpt lat="46.6302" lon="7.74544">
        <ele>1045.1</ele>
        <time>2026-05-04T05:58:53.6760000+00:00</time>
      </trkpt>
      <trkpt lat="46.63024" lon="7.74537">
        <ele>1044.94</ele>
        <time>2026-05-04T05:59:03.6210000+00:00</time>
      </trkpt>
      <trkpt lat="46.63028" lon="7.74525">
        <ele>1042.94</ele>
        <time>2026-05-04T05:59:18.1850000+00:00</time>
      </trkpt>
      <trkpt lat="46.6303" lon="7.74516">
        <ele>1040.93</ele>
        <time>2026-05-04T05:59:28.5140000+00:00</time>
      </trkpt>
      <trkpt lat="46.63031" lon="7.74509">
        <ele>1039.18</ele>
        <time>2026-05-04T05:59:36.3210000+00:00</time>
      </trkpt>
      <trkpt lat="46.63032" lon="7.74502">
        <ele>1037.66</ele>
        <time>2026-05-04T05:59:44.1290000+00:00</time>
      </trkpt>
      <trkpt lat="46.63035" lon="7.74494">
        <ele>1037.26</ele>
        <time>2026-05-04T05:59:54.0830000+00:00</time>
      </trkpt>
      <trkpt lat="46.63042" lon="7.74486">
        <ele>1039.69</ele>
        <time>2026-05-04T06:00:08.2320000+00:00</time>
      </trkpt>
      <trkpt lat="46.6305" lon="7.74476">
        <ele>1041.94</ele>
        <time>2026-05-04T06:00:24.9970000+00:00</time>
      </trkpt>
      <trkpt lat="46.63058" lon="7.74466">
        <ele>1043.93</ele>
        <time>2026-05-04T06:00:41.7630000+00:00</time>
      </trkpt>
      <trkpt lat="46.63066" lon="7.74454">
        <ele>1044.92</ele>
        <time>2026-05-04T06:01:00.0250000+00:00</time>
      </trkpt>
      <trkpt lat="46.6307" lon="7.74445">
        <ele>1044.14</ele>
        <time>2026-05-04T06:01:11.7310000+00:00</time>
      </trkpt>
      <trkpt lat="46.63074" lon="7.74434">
        <ele>1042.88</ele>
        <time>2026-05-04T06:01:25.3220000+00:00</time>
      </trkpt>
      <trkpt lat="46.63078" lon="7.74424">
        <ele>1042.54</ele>
        <time>2026-05-04T06:01:37.9580000+00:00</time>
      </trkpt>
      <trkpt lat="46.63083" lon="7.74415">
        <ele>1042.98</ele>
        <time>2026-05-04T06:01:50.5990000+00:00</time>
      </trkpt>
      <trkpt lat="46.63088" lon="7.74405">
        <ele>1042.97</ele>
        <time>2026-05-04T06:02:04.1060000+00:00</time>
      </trkpt>
      <trkpt lat="46.63088" lon="7.74397">
        <ele>1040.52</ele>
        <time>2026-05-04T06:02:12.8420000+00:00</time>
      </trkpt>
      <trkpt lat="46.63089" lon="7.74391">
        <ele>1039.25</ele>
        <time>2026-05-04T06:02:19.5830000+00:00</time>
      </trkpt>
      <trkpt lat="46.6309" lon="7.74388">
        <ele>1038.89</ele>
        <time>2026-05-04T06:02:23.2260000+00:00</time>
      </trkpt>
      <trkpt lat="46.63092" lon="7.74384">
        <ele>1038.78</ele>
        <time>2026-05-04T06:02:28.6290000+00:00</time>
      </trkpt>
      <trkpt lat="46.63096" lon="7.74378">
        <ele>1039.11</ele>
        <time>2026-05-04T06:02:37.7610000+00:00</time>
      </trkpt>
      <trkpt lat="46.63099" lon="7.74373">
        <ele>1039.15</ele>
        <time>2026-05-04T06:02:45.0120000+00:00</time>
      </trkpt>
      <trkpt lat="46.631" lon="7.74364">
        <ele>1036.76</ele>
        <time>2026-05-04T06:02:54.9680000+00:00</time>
      </trkpt>
      <trkpt lat="46.631" lon="7.74355">
        <ele>1033.83</ele>
        <time>2026-05-04T06:03:04.7950000+00:00</time>
      </trkpt>
      <trkpt lat="46.63101" lon="7.74349">
        <ele>1032.94</ele>
        <time>2026-05-04T06:03:11.5370000+00:00</time>
      </trkpt>
      <trkpt lat="46.63104" lon="7.74342">
        <ele>1032.77</ele>
        <time>2026-05-04T06:03:20.5460000+00:00</time>
      </trkpt>
      <trkpt lat="46.63106" lon="7.74338">
        <ele>1032.77</ele>
        <time>2026-05-04T06:03:25.9480000+00:00</time>
      </trkpt>
      <trkpt lat="46.63107" lon="7.74335">
        <ele>1032.5</ele>
        <time>2026-05-04T06:03:29.5910000+00:00</time>
      </trkpt>
      <trkpt lat="46.63107" lon="7.74328">
        <ele>1030.78</ele>
        <time>2026-05-04T06:03:37.2330000+00:00</time>
      </trkpt>
      <trkpt lat="46.63107" lon="7.74319">
        <ele>1028.57</ele>
        <time>2026-05-04T06:03:47.0600000+00:00</time>
      </trkpt>
      <trkpt lat="46.63108" lon="7.74311">
        <ele>1027.01</ele>
        <time>2026-05-04T06:03:55.9380000+00:00</time>
      </trkpt>
      <trkpt lat="46.6311" lon="7.743">
        <ele>1025.02</ele>
        <time>2026-05-04T06:04:08.3630000+00:00</time>
      </trkpt>
      <trkpt lat="46.63113" lon="7.74294">
        <ele>1024.58</ele>
        <time>2026-05-04T06:04:16.4660000+00:00</time>
      </trkpt>
      <trkpt lat="46.63113" lon="7.74285">
        <ele>1022.22</ele>
        <time>2026-05-04T06:04:26.2940000+00:00</time>
      </trkpt>
      <trkpt lat="46.63113" lon="7.7428">
        <ele>1020.92</ele>
        <time>2026-05-04T06:04:31.7550000+00:00</time>
      </trkpt>
      <trkpt lat="46.63114" lon="7.74278">
        <ele>1020.71</ele>
        <time>2026-05-04T06:04:34.4560000+00:00</time>
      </trkpt>
      <trkpt lat="46.63118" lon="7.74272">
        <ele>1022.03</ele>
        <time>2026-05-04T06:04:43.5870000+00:00</time>
      </trkpt>
      <trkpt lat="46.6312" lon="7.74268">
        <ele>1022.62</ele>
        <time>2026-05-04T06:04:48.9910000+00:00</time>
      </trkpt>
      <trkpt lat="46.63123" lon="7.74263">
        <ele>1023.68</ele>
        <time>2026-05-04T06:04:56.2420000+00:00</time>
      </trkpt>
      <trkpt lat="46.63126" lon="7.74252">
        <ele>1023.27</ele>
        <time>2026-05-04T06:05:09.1660000+00:00</time>
      </trkpt>
      <trkpt lat="46.63129" lon="7.74243">
        <ele>1023.12</ele>
        <time>2026-05-04T06:05:20.0890000+00:00</time>
      </trkpt>
      <trkpt lat="46.63134" lon="7.74224">
        <ele>1021.48</ele>
        <time>2026-05-04T06:05:42.3060000+00:00</time>
      </trkpt>
      <trkpt lat="46.63138" lon="7.74214">
        <ele>1021.13</ele>
        <time>2026-05-04T06:05:54.9430000+00:00</time>
      </trkpt>
      <trkpt lat="46.63139" lon="7.74209">
        <ele>1020.32</ele>
        <time>2026-05-04T06:06:00.6290000+00:00</time>
      </trkpt>
      <trkpt lat="46.63141" lon="7.74206">
        <ele>1020.56</ele>
        <time>2026-05-04T06:06:05.1940000+00:00</time>
      </trkpt>
      <trkpt lat="46.63145" lon="7.74202">
        <ele>1021.5</ele>
        <time>2026-05-04T06:06:12.9100000+00:00</time>
      </trkpt>
      <trkpt lat="46.6315" lon="7.74197">
        <ele>1022.53</ele>
        <time>2026-05-04T06:06:22.5560000+00:00</time>
      </trkpt>
      <trkpt lat="46.63156" lon="7.74192">
        <ele>1023.88</ele>
        <time>2026-05-04T06:06:33.5480000+00:00</time>
      </trkpt>
      <trkpt lat="46.63162" lon="7.74186">
        <ele>1024.86</ele>
        <time>2026-05-04T06:06:45.1220000+00:00</time>
      </trkpt>
      <trkpt lat="46.6317" lon="7.74178">
        <ele>1026.3</ele>
        <time>2026-05-04T06:07:00.5530000+00:00</time>
      </trkpt>
      <trkpt lat="46.63178" lon="7.74169">
        <ele>1027.19</ele>
        <time>2026-05-04T06:07:16.6280000+00:00</time>
      </trkpt>
      <trkpt lat="46.63186" lon="7.74159">
        <ele>1027.5</ele>
        <time>2026-05-04T06:07:33.3920000+00:00</time>
      </trkpt>
      <trkpt lat="46.63194" lon="7.74148">
        <ele>1027.18</ele>
        <time>2026-05-04T06:07:50.8880000+00:00</time>
      </trkpt>
      <trkpt lat="46.63199" lon="7.74141">
        <ele>1026.93</ele>
        <time>2026-05-04T06:08:01.9170000+00:00</time>
      </trkpt>
      <trkpt lat="46.63202" lon="7.74133">
        <ele>1025.67</ele>
        <time>2026-05-04T06:08:11.8700000+00:00</time>
      </trkpt>
      <trkpt lat="46.63207" lon="7.74119">
        <ele>1023.3</ele>
        <time>2026-05-04T06:08:29.1010000+00:00</time>
      </trkpt>
      <trkpt lat="46.63209" lon="7.7411">
        <ele>1021.19</ele>
        <time>2026-05-04T06:08:39.4290000+00:00</time>
      </trkpt>
      <trkpt lat="46.63211" lon="7.74104">
        <ele>1020.26</ele>
        <time>2026-05-04T06:08:46.7120000+00:00</time>
      </trkpt>
      <trkpt lat="46.63214" lon="7.74104">
        <ele>1021.66</ele>
        <time>2026-05-04T06:08:51.4830000+00:00</time>
      </trkpt>
      <trkpt lat="46.63216" lon="7.74102">
        <ele>1022.28</ele>
        <time>2026-05-04T06:08:55.3420000+00:00</time>
      </trkpt>
      <trkpt lat="46.63218" lon="7.741">
        <ele>1022.9</ele>
        <time>2026-05-04T06:08:59.2010000+00:00</time>
      </trkpt>
      <trkpt lat="46.63221" lon="7.74095">
        <ele>1023.49</ele>
        <time>2026-05-04T06:09:06.4510000+00:00</time>
      </trkpt>
      <trkpt lat="46.63226" lon="7.74086">
        <ele>1024.31</ele>
        <time>2026-05-04T06:09:19.0910000+00:00</time>
      </trkpt>
      <trkpt lat="46.63232" lon="7.74075">
        <ele>1025.18</ele>
        <time>2026-05-04T06:09:34.4300000+00:00</time>
      </trkpt>
      <trkpt lat="46.63236" lon="7.74066">
        <ele>1025.42</ele>
        <time>2026-05-04T06:09:46.1350000+00:00</time>
      </trkpt>
      <trkpt lat="46.63239" lon="7.74055">
        <ele>1024.82</ele>
        <time>2026-05-04T06:09:59.0590000+00:00</time>
      </trkpt>
      <trkpt lat="46.63242" lon="7.74044">
        <ele>1024.18</ele>
        <time>2026-05-04T06:10:11.9830000+00:00</time>
      </trkpt>
      <trkpt lat="46.63244" lon="7.7404">
        <ele>1024.32</ele>
        <time>2026-05-04T06:10:17.3860000+00:00</time>
      </trkpt>
      <trkpt lat="46.63248" lon="7.74035">
        <ele>1025.1</ele>
        <time>2026-05-04T06:10:25.7680000+00:00</time>
      </trkpt>
      <trkpt lat="46.63255" lon="7.7403">
        <ele>1027.1</ele>
        <time>2026-05-04T06:10:38.1660000+00:00</time>
      </trkpt>
      <trkpt lat="46.63263" lon="7.74025">
        <ele>1029.46</ele>
        <time>2026-05-04T06:10:52.0090000+00:00</time>
      </trkpt>
      <trkpt lat="46.63266" lon="7.74022">
        <ele>1030.11</ele>
        <time>2026-05-04T06:10:57.7940000+00:00</time>
      </trkpt>
      <trkpt lat="46.63268" lon="7.74018">
        <ele>1030.36</ele>
        <time>2026-05-04T06:11:03.1970000+00:00</time>
      </trkpt>
      <trkpt lat="46.63273" lon="7.74001">
        <ele>1030.03</ele>
        <time>2026-05-04T06:11:23.3900000+00:00</time>
      </trkpt>
      <trkpt lat="46.63275" lon="7.73992">
        <ele>1029.56</ele>
        <time>2026-05-04T06:11:33.7190000+00:00</time>
      </trkpt>
      <trkpt lat="46.63279" lon="7.73981">
        <ele>1029.54</ele>
        <time>2026-05-04T06:11:47.3090000+00:00</time>
      </trkpt>
      <trkpt lat="46.63281" lon="7.73974">
        <ele>1029.29</ele>
        <time>2026-05-04T06:11:55.5880000+00:00</time>
      </trkpt>
      <trkpt lat="46.63285" lon="7.73968">
        <ele>1030.01</ele>
        <time>2026-05-04T06:12:04.7200000+00:00</time>
      </trkpt>
      <trkpt lat="46.6329" lon="7.73963">
        <ele>1031.27</ele>
        <time>2026-05-04T06:12:14.3650000+00:00</time>
      </trkpt>
      <trkpt lat="46.63298" lon="7.73958">
        <ele>1033.72</ele>
        <time>2026-05-04T06:12:28.2090000+00:00</time>
      </trkpt>
      <trkpt lat="46.63308" lon="7.73955">
        <ele>1037.25</ele>
        <time>2026-05-04T06:12:44.4450000+00:00</time>
      </trkpt>
      <trkpt lat="46.63314" lon="7.73952">
        <ele>1039.2</ele>
        <time>2026-05-04T06:12:54.5320000+00:00</time>
      </trkpt>
      <trkpt lat="46.63324" lon="7.73945">
        <ele>1042.15</ele>
        <time>2026-05-04T06:13:12.1750000+00:00</time>
      </trkpt>
      <trkpt lat="46.63332" lon="7.7394">
        <ele>1044.6</ele>
        <time>2026-05-04T06:13:26.0170000+00:00</time>
      </trkpt>
      <trkpt lat="46.63338" lon="7.73934">
        <ele>1045.99</ele>
        <time>2026-05-04T06:13:37.5910000+00:00</time>
      </trkpt>
      <trkpt lat="46.63344" lon="7.73924">
        <ele>1046.57</ele>
        <time>2026-05-04T06:13:52.0910000+00:00</time>
      </trkpt>
      <trkpt lat="46.63352" lon="7.73911">
        <ele>1047.27</ele>
        <time>2026-05-04T06:14:11.1510000+00:00</time>
      </trkpt>
      <trkpt lat="46.63364" lon="7.73897">
        <ele>1049.08</ele>
        <time>2026-05-04T06:14:35.6010000+00:00</time>
      </trkpt>
      <trkpt lat="46.63373" lon="7.73888">
        <ele>1049.73</ele>
        <time>2026-05-04T06:14:52.9610000+00:00</time>
      </trkpt>
      <trkpt lat="46.63383" lon="7.73882">
        <ele>1051.13</ele>
        <time>2026-05-04T06:15:10.1590000+00:00</time>
      </trkpt>
      <trkpt lat="46.63393" lon="7.73877">
        <ele>1052.66</ele>
        <time>2026-05-04T06:15:26.9720000+00:00</time>
      </trkpt>
      <trkpt lat="46.63402" lon="7.73873">
        <ele>1054.09</ele>
        <time>2026-05-04T06:15:41.9340000+00:00</time>
      </trkpt>
      <trkpt lat="46.63409" lon="7.7387">
        <ele>1055.19</ele>
        <time>2026-05-04T06:15:53.5380000+00:00</time>
      </trkpt>
      <trkpt lat="46.63413" lon="7.73867">
        <ele>1055.51</ele>
        <time>2026-05-04T06:16:00.6930000+00:00</time>
      </trkpt>
      <trkpt lat="46.63416" lon="7.73863">
        <ele>1055.33</ele>
        <time>2026-05-04T06:16:07.1610000+00:00</time>
      </trkpt>
      <trkpt lat="46.6342" lon="7.73855">
        <ele>1054.46</ele>
        <time>2026-05-04T06:16:17.9670000+00:00</time>
      </trkpt>
      <trkpt lat="46.63426" lon="7.73845">
        <ele>1054.04</ele>
        <time>2026-05-04T06:16:32.4670000+00:00</time>
      </trkpt>
      <trkpt lat="46.63429" lon="7.7384">
        <ele>1053.82</ele>
        <time>2026-05-04T06:16:39.7170000+00:00</time>
      </trkpt>
      <trkpt lat="46.63431" lon="7.73838">
        <ele>1053.92</ele>
        <time>2026-05-04T06:16:43.5760000+00:00</time>
      </trkpt>
      <trkpt lat="46.63432" lon="7.73838">
        <ele>1054.15</ele>
        <time>2026-05-04T06:16:45.1710000+00:00</time>
      </trkpt>
      <trkpt lat="46.63434" lon="7.73839">
        <ele>1054.81</ele>
        <time>2026-05-04T06:16:48.5350000+00:00</time>
      </trkpt>
      <trkpt lat="46.63439" lon="7.7383">
        <ele>1054.28</ele>
        <time>2026-05-04T06:17:01.1750000+00:00</time>
      </trkpt>
      <trkpt lat="46.63448" lon="7.73822">
        <ele>1054.8</ele>
        <time>2026-05-04T06:17:17.9410000+00:00</time>
      </trkpt>
      <trkpt lat="46.63458" lon="7.73813">
        <ele>1054.86</ele>
        <time>2026-05-04T06:17:36.6340000+00:00</time>
      </trkpt>
      <trkpt lat="46.63465" lon="7.73809">
        <ele>1055.29</ele>
        <time>2026-05-04T06:17:48.5920000+00:00</time>
      </trkpt>
      <trkpt lat="46.63477" lon="7.73807">
        <ele>1056.97</ele>
        <time>2026-05-04T06:18:07.7980000+00:00</time>
      </trkpt>
      <trkpt lat="46.63487" lon="7.73803">
        <ele>1057.81</ele>
        <time>2026-05-04T06:18:24.2880000+00:00</time>
      </trkpt>
      <trkpt lat="46.635" lon="7.73795">
        <ele>1058.13</ele>
        <time>2026-05-04T06:18:46.7290000+00:00</time>
      </trkpt>
      <trkpt lat="46.63512" lon="7.73787">
        <ele>1058.11</ele>
        <time>2026-05-04T06:19:07.7150000+00:00</time>
      </trkpt>
      <trkpt lat="46.63523" lon="7.73779">
        <ele>1057.78</ele>
        <time>2026-05-04T06:19:27.2660000+00:00</time>
      </trkpt>
      <trkpt lat="46.63527" lon="7.73777">
        <ele>1057.86</ele>
        <time>2026-05-04T06:19:33.9910000+00:00</time>
      </trkpt>
      <trkpt lat="46.6353" lon="7.73776">
        <ele>1058.04</ele>
        <time>2026-05-04T06:19:38.8860000+00:00</time>
      </trkpt>
      <trkpt lat="46.63537" lon="7.73776">
        <ele>1060.42</ele>
        <time>2026-05-04T06:19:50.0170000+00:00</time>
      </trkpt>
      <trkpt lat="46.63546" lon="7.73775">
        <ele>1063.32</ele>
        <time>2026-05-04T06:20:04.3690000+00:00</time>
      </trkpt>
      <trkpt lat="46.6355" lon="7.73774">
        <ele>1064.44</ele>
        <time>2026-05-04T06:20:10.8250000+00:00</time>
      </trkpt>
      <trkpt lat="46.63554" lon="7.73772">
        <ele>1065.26</ele>
        <time>2026-05-04T06:20:17.5500000+00:00</time>
      </trkpt>
      <trkpt lat="46.63562" lon="7.73762">
        <ele>1065.58</ele>
        <time>2026-05-04T06:20:34.3130000+00:00</time>
      </trkpt>
      <trkpt lat="46.63569" lon="7.73754">
        <ele>1065.97</ele>
        <time>2026-05-04T06:20:48.4630000+00:00</time>
      </trkpt>
      <trkpt lat="46.63574" lon="7.73746">
        <ele>1065.64</ele>
        <time>2026-05-04T06:21:00.2740000+00:00</time>
      </trkpt>
      <trkpt lat="46.63576" lon="7.73741">
        <ele>1065.03</ele>
        <time>2026-05-04T06:21:06.5920000+00:00</time>
      </trkpt>
      <trkpt lat="46.63579" lon="7.73733">
        <ele>1063.97</ele>
        <time>2026-05-04T06:21:16.5440000+00:00</time>
      </trkpt>
      <trkpt lat="46.63581" lon="7.73715">
        <ele>1059.99</ele>
        <time>2026-05-04T06:21:36.4530000+00:00</time>
      </trkpt>
      <trkpt lat="46.63583" lon="7.73702">
        <ele>1057.26</ele>
        <time>2026-05-04T06:21:50.9990000+00:00</time>
      </trkpt>
      <trkpt lat="46.63585" lon="7.73695">
        <ele>1056.06</ele>
        <time>2026-05-04T06:21:59.2770000+00:00</time>
      </trkpt>
      <trkpt lat="46.63588" lon="7.73688">
        <ele>1055.17</ele>
        <time>2026-05-04T06:22:08.2860000+00:00</time>
      </trkpt>
      <trkpt lat="46.63592" lon="7.73681">
        <ele>1054.81</ele>
        <time>2026-05-04T06:22:18.2290000+00:00</time>
      </trkpt>
      <trkpt lat="46.63596" lon="7.73674">
        <ele>1054.44</ele>
        <time>2026-05-04T06:22:28.1720000+00:00</time>
      </trkpt>
      <trkpt lat="46.63603" lon="7.73666">
        <ele>1054.71</ele>
        <time>2026-05-04T06:22:42.3210000+00:00</time>
      </trkpt>
      <trkpt lat="46.63608" lon="7.73659">
        <ele>1054.6</ele>
        <time>2026-05-04T06:22:53.3490000+00:00</time>
      </trkpt>
      <trkpt lat="46.63618" lon="7.73646">
        <ele>1054.71</ele>
        <time>2026-05-04T06:23:14.6620000+00:00</time>
      </trkpt>
      <trkpt lat="46.63624" lon="7.73637">
        <ele>1054.51</ele>
        <time>2026-05-04T06:23:28.3590000+00:00</time>
      </trkpt>
      <trkpt lat="46.63628" lon="7.7363">
        <ele>1054.05</ele>
        <time>2026-05-04T06:23:38.3020000+00:00</time>
      </trkpt>
      <trkpt lat="46.63632" lon="7.73624">
        <ele>1053.77</ele>
        <time>2026-05-04T06:23:47.4330000+00:00</time>
      </trkpt>
      <trkpt lat="46.63638" lon="7.73609">
        <ele>1051.68</ele>
        <time>2026-05-04T06:24:06.3870000+00:00</time>
      </trkpt>
      <trkpt lat="46.63644" lon="7.73594">
        <ele>1050.13</ele>
        <time>2026-05-04T06:24:25.3410000+00:00</time>
      </trkpt>
      <trkpt lat="46.63651" lon="7.7358">
        <ele>1049.1</ele>
        <time>2026-05-04T06:24:44.2490000+00:00</time>
      </trkpt>
      <trkpt lat="46.63657" lon="7.73567">
        <ele>1047.85</ele>
        <time>2026-05-04T06:25:01.3520000+00:00</time>
      </trkpt>
      <trkpt lat="46.63662" lon="7.73558">
        <ele>1047.09</ele>
        <time>2026-05-04T06:25:13.9930000+00:00</time>
      </trkpt>
      <trkpt lat="46.63664" lon="7.73554">
        <ele>1046.67</ele>
        <time>2026-05-04T06:25:19.3960000+00:00</time>
      </trkpt>
      <trkpt lat="46.63671" lon="7.73543">
        <ele>1045.75</ele>
        <time>2026-05-04T06:25:35.7710000+00:00</time>
      </trkpt>
      <trkpt lat="46.63678" lon="7.73534">
        <ele>1045.15</ele>
        <time>2026-05-04T06:25:50.6180000+00:00</time>
      </trkpt>
      <trkpt lat="46.63686" lon="7.73525">
        <ele>1044.61</ele>
        <time>2026-05-04T06:26:06.6920000+00:00</time>
      </trkpt>
      <trkpt lat="46.63698" lon="7.73512">
        <ele>1044.63</ele>
        <time>2026-05-04T06:26:30.4740000+00:00</time>
      </trkpt>
      <trkpt lat="46.63702" lon="7.73509">
        <ele>1045.32</ele>
        <time>2026-05-04T06:26:37.6280000+00:00</time>
      </trkpt>
      <trkpt lat="46.63713" lon="7.735">
        <ele>1046.95</ele>
        <time>2026-05-04T06:26:57.6900000+00:00</time>
      </trkpt>
      <trkpt lat="46.63729" lon="7.73486">
        <ele>1048.79</ele>
        <time>2026-05-04T06:27:27.3700000+00:00</time>
      </trkpt>
      <trkpt lat="46.63745" lon="7.7347">
        <ele>1049.73</ele>
        <time>2026-05-04T06:27:58.2320000+00:00</time>
      </trkpt>
      <trkpt lat="46.63757" lon="7.73458">
        <ele>1050.1</ele>
        <time>2026-05-04T06:28:21.3780000+00:00</time>
      </trkpt>
      <trkpt lat="46.6377" lon="7.73445">
        <ele>1050.18</ele>
        <time>2026-05-04T06:28:46.4530000+00:00</time>
      </trkpt>
      <trkpt lat="46.63782" lon="7.73434">
        <ele>1050.85</ele>
        <time>2026-05-04T06:29:08.9990000+00:00</time>
      </trkpt>
      <trkpt lat="46.63793" lon="7.73423">
        <ele>1052.61</ele>
        <time>2026-05-04T06:29:30.2170000+00:00</time>
      </trkpt>
      <trkpt lat="46.63802" lon="7.73414">
        <ele>1053.84</ele>
        <time>2026-05-04T06:29:47.5760000+00:00</time>
      </trkpt>
      <trkpt lat="46.63814" lon="7.73405">
        <ele>1055.78</ele>
        <time>2026-05-04T06:30:09.0380000+00:00</time>
      </trkpt>
      <trkpt lat="46.63829" lon="7.73394">
        <ele>1057.9</ele>
        <time>2026-05-04T06:30:35.7430000+00:00</time>
      </trkpt>
      <trkpt lat="46.6384" lon="7.73386">
        <ele>1059.23</ele>
        <time>2026-05-04T06:30:55.2930000+00:00</time>
      </trkpt>
      <trkpt lat="46.63857" lon="7.73371">
        <ele>1060.24</ele>
        <time>2026-05-04T06:31:26.8990000+00:00</time>
      </trkpt>
      <trkpt lat="46.63868" lon="7.7336">
        <ele>1060.28</ele>
        <time>2026-05-04T06:31:48.1150000+00:00</time>
      </trkpt>
      <trkpt lat="46.63879" lon="7.7335">
        <ele>1060.89</ele>
        <time>2026-05-04T06:32:08.7340000+00:00</time>
      </trkpt>
      <trkpt lat="46.63886" lon="7.73342">
        <ele>1061.12</ele>
        <time>2026-05-04T06:32:22.8820000+00:00</time>
      </trkpt>
      <trkpt lat="46.63894" lon="7.7333">
        <ele>1060.77</ele>
        <time>2026-05-04T06:32:41.1420000+00:00</time>
      </trkpt>
      <trkpt lat="46.63904" lon="7.73314">
        <ele>1060.02</ele>
        <time>2026-05-04T06:33:04.7640000+00:00</time>
      </trkpt>
      <trkpt lat="46.63913" lon="7.73301">
        <ele>1059.5</ele>
        <time>2026-05-04T06:33:24.9190000+00:00</time>
      </trkpt>
      <trkpt lat="46.63922" lon="7.73289">
        <ele>1059.1</ele>
        <time>2026-05-04T06:33:44.3210000+00:00</time>
      </trkpt>
      <trkpt lat="46.63934" lon="7.73274">
        <ele>1058.62</ele>
        <time>2026-05-04T06:34:09.4660000+00:00</time>
      </trkpt>
      <trkpt lat="46.63948" lon="7.73258">
        <ele>1059.42</ele>
        <time>2026-05-04T06:34:37.7630000+00:00</time>
      </trkpt>
      <trkpt lat="46.63963" lon="7.7324">
        <ele>1060.31</ele>
        <time>2026-05-04T06:35:08.6680000+00:00</time>
      </trkpt>
      <trkpt lat="46.63971" lon="7.73231">
        <ele>1060.66</ele>
        <time>2026-05-04T06:35:24.7420000+00:00</time>
      </trkpt>
      <trkpt lat="46.63976" lon="7.73224">
        <ele>1060.58</ele>
        <time>2026-05-04T06:35:35.7690000+00:00</time>
      </trkpt>
      <trkpt lat="46.6398" lon="7.73217">
        <ele>1060.24</ele>
        <time>2026-05-04T06:35:45.7120000+00:00</time>
      </trkpt>
      <trkpt lat="46.63985" lon="7.73208">
        <ele>1059.68</ele>
        <time>2026-05-04T06:35:58.3520000+00:00</time>
      </trkpt>
      <trkpt lat="46.63992" lon="7.73188">
        <ele>1057.5</ele>
        <time>2026-05-04T06:36:22.8600000+00:00</time>
      </trkpt>
      <trkpt lat="46.63997" lon="7.73176">
        <ele>1056.89</ele>
        <time>2026-05-04T06:36:38.1850000+00:00</time>
      </trkpt>
      <trkpt lat="46.64001" lon="7.73167">
        <ele>1056.42</ele>
        <time>2026-05-04T06:36:49.8890000+00:00</time>
      </trkpt>
      <trkpt lat="46.64006" lon="7.73158">
        <ele>1056.04</ele>
        <time>2026-05-04T06:37:02.5290000+00:00</time>
      </trkpt>
      <trkpt lat="46.64024" lon="7.73131">
        <ele>1054.89</ele>
        <time>2026-05-04T06:37:43.6150000+00:00</time>
      </trkpt>
      <trkpt lat="46.64044" lon="7.73098">
        <ele>1053.95</ele>
        <time>2026-05-04T06:38:31.6710000+00:00</time>
      </trkpt>
      <trkpt lat="46.64041" lon="7.7309">
        <ele>1052.87</ele>
        <time>2026-05-04T06:38:41.6210000+00:00</time>
      </trkpt>
      <trkpt lat="46.64038" lon="7.73081">
        <ele>1051.76</ele>
        <time>2026-05-04T06:38:52.5430000+00:00</time>
      </trkpt>
      <trkpt lat="46.64037" lon="7.73076">
        <ele>1051.27</ele>
        <time>2026-05-04T06:38:58.2290000+00:00</time>
      </trkpt>
      <trkpt lat="46.64036" lon="7.73068">
        <ele>1050.59</ele>
        <time>2026-05-04T06:39:07.1060000+00:00</time>
      </trkpt>
      <trkpt lat="46.64036" lon="7.73056">
        <ele>1049.8</ele>
        <time>2026-05-04T06:39:20.2070000+00:00</time>
      </trkpt>
      <trkpt lat="46.64035" lon="7.73042">
        <ele>1048.75</ele>
        <time>2026-05-04T06:39:35.5730000+00:00</time>
      </trkpt>
      <trkpt lat="46.64036" lon="7.73028">
        <ele>1047.94</ele>
        <time>2026-05-04T06:39:50.9400000+00:00</time>
      </trkpt>
      <trkpt lat="46.64036" lon="7.73018">
        <ele>1047.35</ele>
        <time>2026-05-04T06:40:01.8580000+00:00</time>
      </trkpt>
      <trkpt lat="46.64037" lon="7.73001">
        <ele>1046.56</ele>
        <time>2026-05-04T06:40:20.4860000+00:00</time>
      </trkpt>
      <trkpt lat="46.64038" lon="7.72981">
        <ele>1045.59</ele>
        <time>2026-05-04T06:40:42.3780000+00:00</time>
      </trkpt>
      <trkpt lat="46.64038" lon="7.72967">
        <ele>1044.85</ele>
        <time>2026-05-04T06:40:57.6620000+00:00</time>
      </trkpt>
      <trkpt lat="46.64038" lon="7.72953">
        <ele>1044.11</ele>
        <time>2026-05-04T06:41:12.9450000+00:00</time>
      </trkpt>
      <trkpt lat="46.6404" lon="7.72941">
        <ele>1043.58</ele>
        <time>2026-05-04T06:41:26.4260000+00:00</time>
      </trkpt>
      <trkpt lat="46.64043" lon="7.72927">
        <ele>1043.02</ele>
        <time>2026-05-04T06:41:42.4380000+00:00</time>
      </trkpt>
      <trkpt lat="46.64045" lon="7.72919">
        <ele>1042.71</ele>
        <time>2026-05-04T06:41:51.7330000+00:00</time>
      </trkpt>
      <trkpt lat="46.64046" lon="7.72914">
        <ele>1042.5</ele>
        <time>2026-05-04T06:41:57.4190000+00:00</time>
      </trkpt>
      <trkpt lat="46.64049" lon="7.72904">
        <ele>1042.13</ele>
        <time>2026-05-04T06:42:09.3330000+00:00</time>
      </trkpt>
      <trkpt lat="46.64051" lon="7.72896">
        <ele>1041.8</ele>
        <time>2026-05-04T06:42:18.6280000+00:00</time>
      </trkpt>
      <trkpt lat="46.64052" lon="7.72892">
        <ele>1041.64</ele>
        <time>2026-05-04T06:42:23.2760000+00:00</time>
      </trkpt>
      <trkpt lat="46.64055" lon="7.72885">
        <ele>1041.4</ele>
        <time>2026-05-04T06:42:32.2850000+00:00</time>
      </trkpt>
      <trkpt lat="46.64061" lon="7.72875">
        <ele>1041.12</ele>
        <time>2026-05-04T06:42:46.7840000+00:00</time>
      </trkpt>
      <trkpt lat="46.64066" lon="7.72868">
        <ele>1040.94</ele>
        <time>2026-05-04T06:42:57.8120000+00:00</time>
      </trkpt>
      <trkpt lat="46.64073" lon="7.72855">
        <ele>1040.49</ele>
        <time>2026-05-04T06:43:15.8490000+00:00</time>
      </trkpt>
      <trkpt lat="46.64082" lon="7.72837">
        <ele>1039.65</ele>
        <time>2026-05-04T06:43:40.1590000+00:00</time>
      </trkpt>
      <trkpt lat="46.64086" lon="7.72829">
        <ele>1039.29</ele>
        <time>2026-05-04T06:43:50.9640000+00:00</time>
      </trkpt>
      <trkpt lat="46.64091" lon="7.72819">
        <ele>1038.86</ele>
        <time>2026-05-04T06:44:04.4690000+00:00</time>
      </trkpt>
      <trkpt lat="46.64096" lon="7.7281">
        <ele>1038.51</ele>
        <time>2026-05-04T06:44:17.1090000+00:00</time>
      </trkpt>
      <trkpt lat="46.64102" lon="7.72799">
        <ele>1038.08</ele>
        <time>2026-05-04T06:44:32.4460000+00:00</time>
      </trkpt>
      <trkpt lat="46.64106" lon="7.72792">
        <ele>1037.83</ele>
        <time>2026-05-04T06:44:42.3890000+00:00</time>
      </trkpt>
      <trkpt lat="46.6411" lon="7.72784">
        <ele>1037.53</ele>
        <time>2026-05-04T06:44:53.1940000+00:00</time>
      </trkpt>
      <trkpt lat="46.64113" lon="7.72775">
        <ele>1037.13</ele>
        <time>2026-05-04T06:45:04.1170000+00:00</time>
      </trkpt>
      <trkpt lat="46.64119" lon="7.72761">
        <ele>1036.02</ele>
        <time>2026-05-04T06:45:22.1340000+00:00</time>
      </trkpt>
      <trkpt lat="46.6413" lon="7.72735">
        <ele>1033.78</ele>
        <time>2026-05-04T06:45:55.4750000+00:00</time>
      </trkpt>
      <trkpt lat="46.64134" lon="7.72724">
        <ele>1032.82</ele>
        <time>2026-05-04T06:46:09.0640000+00:00</time>
      </trkpt>
      <trkpt lat="46.64139" lon="7.72714">
        <ele>1031.98</ele>
        <time>2026-05-04T06:46:22.5690000+00:00</time>
      </trkpt>
      <trkpt lat="46.64154" lon="7.72685">
        <ele>1029.47</ele>
        <time>2026-05-04T06:47:02.2080000+00:00</time>
      </trkpt>
      <trkpt lat="46.64172" lon="7.72653">
        <ele>1026.53</ele>
        <time>2026-05-04T06:47:47.3700000+00:00</time>
      </trkpt>
      <trkpt lat="46.64184" lon="7.72632">
        <ele>1024.87</ele>
        <time>2026-05-04T06:48:17.1980000+00:00</time>
      </trkpt>
      <trkpt lat="46.64187" lon="7.72629">
        <ele>1024.72</ele>
        <time>2026-05-04T06:48:22.9850000+00:00</time>
      </trkpt>
      <trkpt lat="46.64193" lon="7.72623">
        <ele>1024.43</ele>
        <time>2026-05-04T06:48:34.5580000+00:00</time>
      </trkpt>
      <trkpt lat="46.64198" lon="7.72619">
        <ele>1024.34</ele>
        <time>2026-05-04T06:48:43.6280000+00:00</time>
      </trkpt>
      <trkpt lat="46.642" lon="7.72616">
        <ele>1024.19</ele>
        <time>2026-05-04T06:48:48.1960000+00:00</time>
      </trkpt>
      <trkpt lat="46.64201" lon="7.72613">
        <ele>1023.98</ele>
        <time>2026-05-04T06:48:51.8360000+00:00</time>
      </trkpt>
      <trkpt lat="46.64202" lon="7.72609">
        <ele>1023.67</ele>
        <time>2026-05-04T06:48:56.4840000+00:00</time>
      </trkpt>
      <trkpt lat="46.642" lon="7.7261">
        <ele>1023.62</ele>
        <time>2026-05-04T06:48:59.8480000+00:00</time>
      </trkpt>
      <trkpt lat="46.64198" lon="7.72611">
        <ele>1023.57</ele>
        <time>2026-05-04T06:49:03.2120000+00:00</time>
      </trkpt>
      <trkpt lat="46.64195" lon="7.72612">
        <ele>1023.47</ele>
        <time>2026-05-04T06:49:08.1070000+00:00</time>
      </trkpt>
      <trkpt lat="46.6419" lon="7.72612">
        <ele>1023.19</ele>
        <time>2026-05-04T06:49:16.0580000+00:00</time>
      </trkpt>
      <trkpt lat="46.64186" lon="7.72611">
        <ele>1022.86</ele>
        <time>2026-05-04T06:49:22.5100000+00:00</time>
      </trkpt>
      <trkpt lat="46.64186" lon="7.72611">
        <ele>1022.86</ele>
        <time>2026-05-04T06:49:22.5100000+00:00</time>
      </trkpt>
      <trkpt lat="46.64186" lon="7.72611">
        <ele>1022.86</ele>
        <time>2026-05-04T06:49:22.5100000+00:00</time>
      </trkpt>
      <trkpt lat="46.64186" lon="7.72611">
        <ele>1022.86</ele>
        <time>2026-05-04T06:49:22.5100000+00:00</time>
      </trkpt>
      <trkpt lat="46.6419" lon="7.72612">
        <ele>1023.19</ele>
        <time>2026-05-04T06:49:28.9630000+00:00</time>
      </trkpt>
      <trkpt lat="46.64195" lon="7.72612">
        <ele>1023.47</ele>
        <time>2026-05-04T06:49:36.9140000+00:00</time>
      </trkpt>
      <trkpt lat="46.64198" lon="7.72611">
        <ele>1023.57</ele>
        <time>2026-05-04T06:49:41.8080000+00:00</time>
      </trkpt>
      <trkpt lat="46.642" lon="7.7261">
        <ele>1023.62</ele>
        <time>2026-05-04T06:49:45.1720000+00:00</time>
      </trkpt>
      <trkpt lat="46.64202" lon="7.72609">
        <ele>1023.67</ele>
        <time>2026-05-04T06:49:48.5360000+00:00</time>
      </trkpt>
      <trkpt lat="46.64207" lon="7.72608">
        <ele>1023.93</ele>
        <time>2026-05-04T06:49:56.5610000+00:00</time>
      </trkpt>
      <trkpt lat="46.64214" lon="7.72606">
        <ele>1024.25</ele>
        <time>2026-05-04T06:50:07.9040000+00:00</time>
      </trkpt>
      <trkpt lat="46.64222" lon="7.72603">
        <ele>1024.6</ele>
        <time>2026-05-04T06:50:21.0400000+00:00</time>
      </trkpt>
      <trkpt lat="46.64228" lon="7.726">
        <ele>1024.8</ele>
        <time>2026-05-04T06:50:31.1280000+00:00</time>
      </trkpt>
      <trkpt lat="46.64235" lon="7.72594">
        <ele>1024.83</ele>
        <time>2026-05-04T06:50:44.0430000+00:00</time>
      </trkpt>
      <trkpt lat="46.64243" lon="7.72587">
        <ele>1024.84</ele>
        <time>2026-05-04T06:50:58.8830000+00:00</time>
      </trkpt>
      <trkpt lat="46.64246" lon="7.72586">
        <ele>1024.97</ele>
        <time>2026-05-04T06:51:03.7760000+00:00</time>
      </trkpt>
      <trkpt lat="46.64248" lon="7.72585">
        <ele>1025.03</ele>
        <time>2026-05-04T06:51:07.1370000+00:00</time>
      </trkpt>
      <trkpt lat="46.64255" lon="7.72583">
        <ele>1025.35</ele>
        <time>2026-05-04T06:51:18.4810000+00:00</time>
      </trkpt>
      <trkpt lat="46.6426" lon="7.72583">
        <ele>1025.69</ele>
        <time>2026-05-04T06:51:26.4320000+00:00</time>
      </trkpt>
      <trkpt lat="46.64265" lon="7.72584">
        <ele>1026.12</ele>
        <time>2026-05-04T06:51:34.4570000+00:00</time>
      </trkpt>
      <trkpt lat="46.6427" lon="7.72585">
        <ele>1026.55</ele>
        <time>2026-05-04T06:51:42.4810000+00:00</time>
      </trkpt>
      <trkpt lat="46.6428" lon="7.7259">
        <ele>1027.66</ele>
        <time>2026-05-04T06:51:59.2940000+00:00</time>
      </trkpt>
      <trkpt lat="46.6429" lon="7.72597">
        <ele>1028.93</ele>
        <time>2026-05-04T06:52:16.9360000+00:00</time>
      </trkpt>
      <trkpt lat="46.643" lon="7.72603">
        <ele>1030.16</ele>
        <time>2026-05-04T06:52:34.1340000+00:00</time>
      </trkpt>
      <trkpt lat="46.64309" lon="7.72609">
        <ele>1031.35</ele>
        <time>2026-05-04T06:52:49.8730000+00:00</time>
      </trkpt>
      <trkpt lat="46.64318" lon="7.72615">
        <ele>1032.5</ele>
        <time>2026-05-04T06:53:05.6130000+00:00</time>
      </trkpt>
      <trkpt lat="46.64325" lon="7.72621">
        <ele>1033.51</ele>
        <time>2026-05-04T06:53:18.5280000+00:00</time>
      </trkpt>
      <trkpt lat="46.64332" lon="7.72626">
        <ele>1034.43</ele>
        <time>2026-05-04T06:53:30.9250000+00:00</time>
      </trkpt>
      <trkpt lat="46.64337" lon="7.72631">
        <ele>1035.21</ele>
        <time>2026-05-04T06:53:40.5690000+00:00</time>
      </trkpt>
      <trkpt lat="46.64342" lon="7.72636">
        <ele>1035.99</ele>
        <time>2026-05-04T06:53:50.2130000+00:00</time>
      </trkpt>
      <trkpt lat="46.64349" lon="7.72644">
        <ele>1037.17</ele>
        <time>2026-05-04T06:54:04.3620000+00:00</time>
      </trkpt>
      <trkpt lat="46.64358" lon="7.72654">
        <ele>1038.66</ele>
        <time>2026-05-04T06:54:22.3620000+00:00</time>
      </trkpt>
      <trkpt lat="46.64366" lon="7.72664">
        <ele>1039.97</ele>
        <time>2026-05-04T06:54:39.1250000+00:00</time>
      </trkpt>
      <trkpt lat="46.64374" lon="7.72652">
        <ele>1039.25</ele>
        <time>2026-05-04T06:54:57.3850000+00:00</time>
      </trkpt>
      <trkpt lat="46.64385" lon="7.72635">
        <ele>1038.22</ele>
        <time>2026-05-04T06:55:22.8870000+00:00</time>
      </trkpt>
      <trkpt lat="46.64396" lon="7.72617">
        <ele>1037.1</ele>
        <time>2026-05-04T06:55:49.1940000+00:00</time>
      </trkpt>
      <trkpt lat="46.64403" lon="7.72604">
        <ele>1036.17</ele>
        <time>2026-05-04T06:56:07.2300000+00:00</time>
      </trkpt>
      <trkpt lat="46.64408" lon="7.72595">
        <ele>1035.21</ele>
        <time>2026-05-04T06:56:19.8700000+00:00</time>
      </trkpt>
      <trkpt lat="46.64414" lon="7.72586">
        <ele>1034.27</ele>
        <time>2026-05-04T06:56:33.5640000+00:00</time>
      </trkpt>
      <trkpt lat="46.64419" lon="7.72579">
        <ele>1033.54</ele>
        <time>2026-05-04T06:56:44.5920000+00:00</time>
      </trkpt>
      <trkpt lat="46.64427" lon="7.7257">
        <ele>1032.63</ele>
        <time>2026-05-04T06:57:00.6650000+00:00</time>
      </trkpt>
      <trkpt lat="46.64442" lon="7.72555">
        <ele>1031.12</ele>
        <time>2026-05-04T06:57:29.5970000+00:00</time>
      </trkpt>
      <trkpt lat="46.64454" lon="7.72544">
        <ele>1029.58</ele>
        <time>2026-05-04T06:57:52.1420000+00:00</time>
      </trkpt>
      <trkpt lat="46.64466" lon="7.72532">
        <ele>1027.84</ele>
        <time>2026-05-04T06:58:15.2870000+00:00</time>
      </trkpt>
      <trkpt lat="46.64474" lon="7.72524">
        <ele>1026.79</ele>
        <time>2026-05-04T06:58:30.7180000+00:00</time>
      </trkpt>
      <trkpt lat="46.64481" lon="7.72514">
        <ele>1025.77</ele>
        <time>2026-05-04T06:58:46.3080000+00:00</time>
      </trkpt>
      <trkpt lat="46.64488" lon="7.72501">
        <ele>1024.53</ele>
        <time>2026-05-04T06:59:04.3440000+00:00</time>
      </trkpt>
      <trkpt lat="46.64491" lon="7.72491">
        <ele>1023.6</ele>
        <time>2026-05-04T06:59:16.2580000+00:00</time>
      </trkpt>
      <trkpt lat="46.64493" lon="7.72483">
        <ele>1022.87</ele>
        <time>2026-05-04T06:59:25.5510000+00:00</time>
      </trkpt>
      <trkpt lat="46.64494" lon="7.72471">
        <ele>1021.8</ele>
        <time>2026-05-04T06:59:38.7460000+00:00</time>
      </trkpt>
      <trkpt lat="46.64497" lon="7.7248">
        <ele>1022.58</ele>
        <time>2026-05-04T06:59:49.6670000+00:00</time>
      </trkpt>
      <trkpt lat="46.64498" lon="7.72484">
        <ele>1022.93</ele>
        <time>2026-05-04T06:59:54.3140000+00:00</time>
      </trkpt>
      <trkpt lat="46.64499" lon="7.72489">
        <ele>1023.37</ele>
        <time>2026-05-04T07:00:00.0000000+00:00</time>
      </trkpt>
      <trkpt lat="46.64499" lon="7.72489">
        <ele>1023.37</ele>
        <time>2026-05-04T07:00:00.0000000+00:00</time>
      </trkpt>
    </trkseg>
  </trk>
</gpx>