<?xml version="1.0" encoding="utf-8"?>
<gpx xmlns:xsd="http://www.w3.org/2001/XMLSchema" xmlns:xsi="http://www.w3.org/2001/XMLSchema-instance" creator="eT4 META" version="1.1" xsi:schemaLocation="http://www.topografix.com/GPX/1/1 http://www.topografix.com/GPX/1/1/gpx.xsd" xmlns="http://www.topografix.com/GPX/1/1">
  <trk>
    <name>Du Stockhorn à la station intermédiaire Chrindi</name>
    <trkseg>
      <trkpt lat="46.69345" lon="7.5376">
        <ele>2109</ele>
        <time>2026-05-04T00:00:00.0000000+00:00</time>
      </trkpt>
      <trkpt lat="46.69346" lon="7.53765">
        <ele>2108.41</ele>
        <time>2026-05-04T00:00:05.7710000+00:00</time>
      </trkpt>
      <trkpt lat="46.69348" lon="7.53769">
        <ele>2107.69</ele>
        <time>2026-05-04T00:00:11.2540000+00:00</time>
      </trkpt>
      <trkpt lat="46.6935" lon="7.53765">
        <ele>2107.56</ele>
        <time>2026-05-04T00:00:16.7360000+00:00</time>
      </trkpt>
      <trkpt lat="46.69356" lon="7.53777">
        <ele>2105.42</ele>
        <time>2026-05-04T00:00:33.1870000+00:00</time>
      </trkpt>
      <trkpt lat="46.69359" lon="7.53764">
        <ele>2105.34</ele>
        <time>2026-05-04T00:00:48.3830000+00:00</time>
      </trkpt>
      <trkpt lat="46.69359" lon="7.53758">
        <ele>2105.77</ele>
        <time>2026-05-04T00:00:55.0310000+00:00</time>
      </trkpt>
      <trkpt lat="46.69364" lon="7.5377">
        <ele>2088.53</ele>
        <time>2026-05-04T00:01:10.5870000+00:00</time>
      </trkpt>
      <trkpt lat="46.69368" lon="7.5378">
        <ele>2074.15</ele>
        <time>2026-05-04T00:01:23.4120000+00:00</time>
      </trkpt>
      <trkpt lat="46.6937" lon="7.53779">
        <ele>2067.62</ele>
        <time>2026-05-04T00:01:26.8300000+00:00</time>
      </trkpt>
      <trkpt lat="46.6937" lon="7.5377">
        <ele>2068.88</ele>
        <time>2026-05-04T00:01:36.8010000+00:00</time>
      </trkpt>
      <trkpt lat="46.69372" lon="7.53772">
        <ele>2062.03</ele>
        <time>2026-05-04T00:01:40.7210000+00:00</time>
      </trkpt>
      <trkpt lat="46.69374" lon="7.53778">
        <ele>2054.47</ele>
        <time>2026-05-04T00:01:48.1110000+00:00</time>
      </trkpt>
      <trkpt lat="46.69374" lon="7.53786">
        <ele>2053.16</ele>
        <time>2026-05-04T00:01:56.9740000+00:00</time>
      </trkpt>
      <trkpt lat="46.69374" lon="7.5379">
        <ele>2052.04</ele>
        <time>2026-05-04T00:02:01.4040000+00:00</time>
      </trkpt>
      <trkpt lat="46.69375" lon="7.53794">
        <ele>2046.74</ele>
        <time>2026-05-04T00:02:06.1170000+00:00</time>
      </trkpt>
      <trkpt lat="46.69377" lon="7.53793">
        <ele>2040.44</ele>
        <time>2026-05-04T00:02:09.5340000+00:00</time>
      </trkpt>
      <trkpt lat="46.69379" lon="7.53788">
        <ele>2035.91</ele>
        <time>2026-05-04T00:02:15.9480000+00:00</time>
      </trkpt>
      <trkpt lat="46.69381" lon="7.53782">
        <ele>2030.38</ele>
        <time>2026-05-04T00:02:23.3380000+00:00</time>
      </trkpt>
      <trkpt lat="46.69383" lon="7.5378">
        <ele>2024.13</ele>
        <time>2026-05-04T00:02:27.2560000+00:00</time>
      </trkpt>
      <trkpt lat="46.69384" lon="7.53776">
        <ele>2021.69</ele>
        <time>2026-05-04T00:02:31.9730000+00:00</time>
      </trkpt>
      <trkpt lat="46.69385" lon="7.5378">
        <ele>2017.45</ele>
        <time>2026-05-04T00:02:36.6900000+00:00</time>
      </trkpt>
      <trkpt lat="46.69387" lon="7.53792">
        <ele>2007.03</ele>
        <time>2026-05-04T00:02:50.3710000+00:00</time>
      </trkpt>
      <trkpt lat="46.69387" lon="7.538">
        <ele>2003.15</ele>
        <time>2026-05-04T00:02:59.2340000+00:00</time>
      </trkpt>
      <trkpt lat="46.6939" lon="7.53792">
        <ele>1996.86</ele>
        <time>2026-05-04T00:03:09.3350000+00:00</time>
      </trkpt>
      <trkpt lat="46.69392" lon="7.53786">
        <ele>1992.47</ele>
        <time>2026-05-04T00:03:16.7250000+00:00</time>
      </trkpt>
      <trkpt lat="46.69394" lon="7.53778">
        <ele>1988.01</ele>
        <time>2026-05-04T00:03:26.1580000+00:00</time>
      </trkpt>
      <trkpt lat="46.69394" lon="7.53772">
        <ele>1989.72</ele>
        <time>2026-05-04T00:03:32.8050000+00:00</time>
      </trkpt>
      <trkpt lat="46.69393" lon="7.53767">
        <ele>1994.4</ele>
        <time>2026-05-04T00:03:38.5740000+00:00</time>
      </trkpt>
      <trkpt lat="46.69393" lon="7.53762">
        <ele>1995.79</ele>
        <time>2026-05-04T00:03:44.1110000+00:00</time>
      </trkpt>
      <trkpt lat="46.69397" lon="7.53768">
        <ele>1981.07</ele>
        <time>2026-05-04T00:03:53.3800000+00:00</time>
      </trkpt>
      <trkpt lat="46.69397" lon="7.53765">
        <ele>1981.98</ele>
        <time>2026-05-04T00:03:56.7020000+00:00</time>
      </trkpt>
      <trkpt lat="46.69396" lon="7.5376">
        <ele>1986.71</ele>
        <time>2026-05-04T00:04:02.4710000+00:00</time>
      </trkpt>
      <trkpt lat="46.69394" lon="7.53756">
        <ele>1994.27</ele>
        <time>2026-05-04T00:04:07.9540000+00:00</time>
      </trkpt>
      <trkpt lat="46.69393" lon="7.53748">
        <ele>1999.7</ele>
        <time>2026-05-04T00:04:16.9630000+00:00</time>
      </trkpt>
      <trkpt lat="46.69393" lon="7.5374">
        <ele>2001.93</ele>
        <time>2026-05-04T00:04:25.8260000+00:00</time>
      </trkpt>
      <trkpt lat="46.69394" lon="7.53734">
        <ele>2000.54</ele>
        <time>2026-05-04T00:04:32.6660000+00:00</time>
      </trkpt>
      <trkpt lat="46.69396" lon="7.53732">
        <ele>1995.02</ele>
        <time>2026-05-04T00:04:36.5830000+00:00</time>
      </trkpt>
      <trkpt lat="46.69394" lon="7.53734">
        <ele>2000.54</ele>
        <time>2026-05-04T00:04:40.5010000+00:00</time>
      </trkpt>
      <trkpt lat="46.69393" lon="7.5374">
        <ele>2001.93</ele>
        <time>2026-05-04T00:04:47.3410000+00:00</time>
      </trkpt>
      <trkpt lat="46.69393" lon="7.53748">
        <ele>1999.7</ele>
        <time>2026-05-04T00:04:56.2030000+00:00</time>
      </trkpt>
      <trkpt lat="46.69394" lon="7.53756">
        <ele>1994.27</ele>
        <time>2026-05-04T00:05:05.2120000+00:00</time>
      </trkpt>
      <trkpt lat="46.69396" lon="7.5376">
        <ele>1986.71</ele>
        <time>2026-05-04T00:05:10.6960000+00:00</time>
      </trkpt>
      <trkpt lat="46.69397" lon="7.53765">
        <ele>1981.98</ele>
        <time>2026-05-04T00:05:16.4650000+00:00</time>
      </trkpt>
      <trkpt lat="46.69397" lon="7.53768">
        <ele>1981.07</ele>
        <time>2026-05-04T00:05:19.7860000+00:00</time>
      </trkpt>
      <trkpt lat="46.69393" lon="7.53762">
        <ele>1995.79</ele>
        <time>2026-05-04T00:05:29.0550000+00:00</time>
      </trkpt>
      <trkpt lat="46.69393" lon="7.53767">
        <ele>1994.4</ele>
        <time>2026-05-04T00:05:34.5920000+00:00</time>
      </trkpt>
      <trkpt lat="46.69394" lon="7.53772">
        <ele>1989.72</ele>
        <time>2026-05-04T00:05:40.3610000+00:00</time>
      </trkpt>
      <trkpt lat="46.69394" lon="7.53778">
        <ele>1988.01</ele>
        <time>2026-05-04T00:05:47.0080000+00:00</time>
      </trkpt>
      <trkpt lat="46.69392" lon="7.53786">
        <ele>1992.47</ele>
        <time>2026-05-04T00:05:56.4410000+00:00</time>
      </trkpt>
      <trkpt lat="46.6939" lon="7.53792">
        <ele>1996.86</ele>
        <time>2026-05-04T00:06:03.8320000+00:00</time>
      </trkpt>
      <trkpt lat="46.69387" lon="7.538">
        <ele>2003.15</ele>
        <time>2026-05-04T00:06:13.9330000+00:00</time>
      </trkpt>
      <trkpt lat="46.69387" lon="7.53792">
        <ele>2007.03</ele>
        <time>2026-05-04T00:06:22.7950000+00:00</time>
      </trkpt>
      <trkpt lat="46.69385" lon="7.5378">
        <ele>2017.45</ele>
        <time>2026-05-04T00:06:36.4760000+00:00</time>
      </trkpt>
      <trkpt lat="46.69384" lon="7.53776">
        <ele>2021.69</ele>
        <time>2026-05-04T00:06:41.1930000+00:00</time>
      </trkpt>
      <trkpt lat="46.69383" lon="7.5378">
        <ele>2024.13</ele>
        <time>2026-05-04T00:06:45.9100000+00:00</time>
      </trkpt>
      <trkpt lat="46.69381" lon="7.53782">
        <ele>2030.38</ele>
        <time>2026-05-04T00:06:49.8280000+00:00</time>
      </trkpt>
      <trkpt lat="46.69379" lon="7.53788">
        <ele>2035.91</ele>
        <time>2026-05-04T00:06:57.2180000+00:00</time>
      </trkpt>
      <trkpt lat="46.69377" lon="7.53793">
        <ele>2040.44</ele>
        <time>2026-05-04T00:07:03.6320000+00:00</time>
      </trkpt>
      <trkpt lat="46.69375" lon="7.53794">
        <ele>2046.74</ele>
        <time>2026-05-04T00:07:07.0490000+00:00</time>
      </trkpt>
      <trkpt lat="46.69374" lon="7.5379">
        <ele>2052.04</ele>
        <time>2026-05-04T00:07:11.7620000+00:00</time>
      </trkpt>
      <trkpt lat="46.69374" lon="7.53786">
        <ele>2053.16</ele>
        <time>2026-05-04T00:07:16.1930000+00:00</time>
      </trkpt>
      <trkpt lat="46.69374" lon="7.53778">
        <ele>2054.47</ele>
        <time>2026-05-04T00:07:25.0550000+00:00</time>
      </trkpt>
      <trkpt lat="46.69372" lon="7.53772">
        <ele>2062.03</ele>
        <time>2026-05-04T00:07:32.4450000+00:00</time>
      </trkpt>
      <trkpt lat="46.6937" lon="7.5377">
        <ele>2068.88</ele>
        <time>2026-05-04T00:07:36.3650000+00:00</time>
      </trkpt>
      <trkpt lat="46.6937" lon="7.53779">
        <ele>2067.62</ele>
        <time>2026-05-04T00:07:46.3370000+00:00</time>
      </trkpt>
      <trkpt lat="46.69368" lon="7.5378">
        <ele>2074.15</ele>
        <time>2026-05-04T00:07:49.7540000+00:00</time>
      </trkpt>
      <trkpt lat="46.69364" lon="7.5377">
        <ele>2088.53</ele>
        <time>2026-05-04T00:08:02.5790000+00:00</time>
      </trkpt>
      <trkpt lat="46.69359" lon="7.53758">
        <ele>2105.77</ele>
        <time>2026-05-04T00:08:18.1350000+00:00</time>
      </trkpt>
      <trkpt lat="46.69359" lon="7.53764">
        <ele>2105.34</ele>
        <time>2026-05-04T00:08:24.7830000+00:00</time>
      </trkpt>
      <trkpt lat="46.69356" lon="7.53777">
        <ele>2105.42</ele>
        <time>2026-05-04T00:08:39.9790000+00:00</time>
      </trkpt>
      <trkpt lat="46.6935" lon="7.53765">
        <ele>2107.56</ele>
        <time>2026-05-04T00:08:56.4310000+00:00</time>
      </trkpt>
      <trkpt lat="46.69348" lon="7.53769">
        <ele>2107.69</ele>
        <time>2026-05-04T00:09:01.9120000+00:00</time>
      </trkpt>
      <trkpt lat="46.69346" lon="7.53765">
        <ele>2108.41</ele>
        <time>2026-05-04T00:09:07.3960000+00:00</time>
      </trkpt>
      <trkpt lat="46.69345" lon="7.5376">
        <ele>2109</ele>
        <time>2026-05-04T00:09:13.1660000+00:00</time>
      </trkpt>
      <trkpt lat="46.69345" lon="7.53749">
        <ele>2109.84</ele>
        <time>2026-05-04T00:09:25.3540000+00:00</time>
      </trkpt>
      <trkpt lat="46.69344" lon="7.53742">
        <ele>2110.59</ele>
        <time>2026-05-04T00:09:33.2760000+00:00</time>
      </trkpt>
      <trkpt lat="46.69343" lon="7.53741">
        <ele>2110.88</ele>
        <time>2026-05-04T00:09:35.2360000+00:00</time>
      </trkpt>
      <trkpt lat="46.69342" lon="7.53742">
        <ele>2111.02</ele>
        <time>2026-05-04T00:09:37.1960000+00:00</time>
      </trkpt>
      <trkpt lat="46.69342" lon="7.53742">
        <ele>2111.02</ele>
        <time>2026-05-04T00:09:37.1960000+00:00</time>
      </trkpt>
      <trkpt lat="46.6934" lon="7.53746">
        <ele>2111.15</ele>
        <time>2026-05-04T00:09:42.6810000+00:00</time>
      </trkpt>
      <trkpt lat="46.69339" lon="7.53741">
        <ele>2111.75</ele>
        <time>2026-05-04T00:09:48.4510000+00:00</time>
      </trkpt>
      <trkpt lat="46.69336" lon="7.53724">
        <ele>2113.74</ele>
        <time>2026-05-04T00:10:07.8990000+00:00</time>
      </trkpt>
      <trkpt lat="46.69335" lon="7.53724">
        <ele>2113.97</ele>
        <time>2026-05-04T00:10:09.5190000+00:00</time>
      </trkpt>
      <trkpt lat="46.69334" lon="7.53727">
        <ele>2113.95</ele>
        <time>2026-05-04T00:10:13.2170000+00:00</time>
      </trkpt>
      <trkpt lat="46.69331" lon="7.5374">
        <ele>2113.58</ele>
        <time>2026-05-04T00:10:28.4130000+00:00</time>
      </trkpt>
      <trkpt lat="46.69329" lon="7.5373">
        <ele>2114.82</ele>
        <time>2026-05-04T00:10:39.9520000+00:00</time>
      </trkpt>
      <trkpt lat="46.69326" lon="7.53735">
        <ele>2115.07</ele>
        <time>2026-05-04T00:10:47.3130000+00:00</time>
      </trkpt>
      <trkpt lat="46.69325" lon="7.53742">
        <ele>2114.72</ele>
        <time>2026-05-04T00:10:55.2350000+00:00</time>
      </trkpt>
      <trkpt lat="46.69324" lon="7.53747">
        <ele>2114.53</ele>
        <time>2026-05-04T00:11:01.0060000+00:00</time>
      </trkpt>
      <trkpt lat="46.69324" lon="7.53752">
        <ele>2114.12</ele>
        <time>2026-05-04T00:11:06.5460000+00:00</time>
      </trkpt>
      <trkpt lat="46.69322" lon="7.53757">
        <ele>2114.13</ele>
        <time>2026-05-04T00:11:12.9600000+00:00</time>
      </trkpt>
      <trkpt lat="46.69321" lon="7.53763">
        <ele>2113.85</ele>
        <time>2026-05-04T00:11:19.8000000+00:00</time>
      </trkpt>
      <trkpt lat="46.69319" lon="7.53776">
        <ele>2113.19</ele>
        <time>2026-05-04T00:11:34.5600000+00:00</time>
      </trkpt>
      <trkpt lat="46.69318" lon="7.5378">
        <ele>2113.06</ele>
        <time>2026-05-04T00:11:39.2770000+00:00</time>
      </trkpt>
      <trkpt lat="46.69318" lon="7.53784">
        <ele>2112.72</ele>
        <time>2026-05-04T00:11:43.7110000+00:00</time>
      </trkpt>
      <trkpt lat="46.69317" lon="7.53785">
        <ele>2112.84</ele>
        <time>2026-05-04T00:11:45.6720000+00:00</time>
      </trkpt>
      <trkpt lat="46.69315" lon="7.53784">
        <ele>2113.34</ele>
        <time>2026-05-04T00:11:49.0860000+00:00</time>
      </trkpt>
      <trkpt lat="46.69315" lon="7.53778">
        <ele>2113.85</ele>
        <time>2026-05-04T00:11:55.7340000+00:00</time>
      </trkpt>
      <trkpt lat="46.69314" lon="7.53771">
        <ele>2114.65</ele>
        <time>2026-05-04T00:12:03.6540000+00:00</time>
      </trkpt>
      <trkpt lat="46.69311" lon="7.53767">
        <ele>2115.62</ele>
        <time>2026-05-04T00:12:10.2200000+00:00</time>
      </trkpt>
      <trkpt lat="46.69311" lon="7.53762">
        <ele>2116.05</ele>
        <time>2026-05-04T00:12:15.7600000+00:00</time>
      </trkpt>
      <trkpt lat="46.69308" lon="7.5376">
        <ele>2116.86</ele>
        <time>2026-05-04T00:12:21.0900000+00:00</time>
      </trkpt>
      <trkpt lat="46.69305" lon="7.53768">
        <ele>2116.79</ele>
        <time>2026-05-04T00:12:31.1910000+00:00</time>
      </trkpt>
      <trkpt lat="46.69304" lon="7.53773">
        <ele>2116.57</ele>
        <time>2026-05-04T00:12:36.9600000+00:00</time>
      </trkpt>
      <trkpt lat="46.69304" lon="7.53778">
        <ele>2116.13</ele>
        <time>2026-05-04T00:12:42.5010000+00:00</time>
      </trkpt>
      <trkpt lat="46.69302" lon="7.53785">
        <ele>2115.92</ele>
        <time>2026-05-04T00:12:50.9020000+00:00</time>
      </trkpt>
      <trkpt lat="46.69301" lon="7.53792">
        <ele>2113.83</ele>
        <time>2026-05-04T00:12:58.8240000+00:00</time>
      </trkpt>
      <trkpt lat="46.69301" lon="7.53797">
        <ele>2110.99</ele>
        <time>2026-05-04T00:13:04.3640000+00:00</time>
      </trkpt>
      <trkpt lat="46.69299" lon="7.53801">
        <ele>2109.08</ele>
        <time>2026-05-04T00:13:09.8460000+00:00</time>
      </trkpt>
      <trkpt lat="46.69298" lon="7.53807">
        <ele>2105.82</ele>
        <time>2026-05-04T00:13:16.6850000+00:00</time>
      </trkpt>
      <trkpt lat="46.69298" lon="7.53814">
        <ele>2101.8</ele>
        <time>2026-05-04T00:13:24.4410000+00:00</time>
      </trkpt>
      <trkpt lat="46.69296" lon="7.53828">
        <ele>2094.04</ele>
        <time>2026-05-04T00:13:40.2850000+00:00</time>
      </trkpt>
      <trkpt lat="46.69294" lon="7.53833">
        <ele>2091.41</ele>
        <time>2026-05-04T00:13:46.6980000+00:00</time>
      </trkpt>
      <trkpt lat="46.69295" lon="7.53838">
        <ele>2088.39</ele>
        <time>2026-05-04T00:13:52.4670000+00:00</time>
      </trkpt>
      <trkpt lat="46.69293" lon="7.5384">
        <ele>2087.46</ele>
        <time>2026-05-04T00:13:56.3820000+00:00</time>
      </trkpt>
      <trkpt lat="46.69292" lon="7.53836">
        <ele>2089.91</ele>
        <time>2026-05-04T00:14:01.0990000+00:00</time>
      </trkpt>
      <trkpt lat="46.69288" lon="7.53836">
        <ele>2090.4</ele>
        <time>2026-05-04T00:14:07.5580000+00:00</time>
      </trkpt>
      <trkpt lat="46.69277" lon="7.53821">
        <ele>2100.89</ele>
        <time>2026-05-04T00:14:31.8860000+00:00</time>
      </trkpt>
      <trkpt lat="46.69276" lon="7.53815">
        <ele>2104.71</ele>
        <time>2026-05-04T00:14:38.7280000+00:00</time>
      </trkpt>
      <trkpt lat="46.69273" lon="7.53815">
        <ele>2102.96</ele>
        <time>2026-05-04T00:14:43.5740000+00:00</time>
      </trkpt>
      <trkpt lat="46.69273" lon="7.53825">
        <ele>2096.85</ele>
        <time>2026-05-04T00:14:54.6530000+00:00</time>
      </trkpt>
      <trkpt lat="46.69273" lon="7.53835">
        <ele>2090.73</ele>
        <time>2026-05-04T00:15:05.7320000+00:00</time>
      </trkpt>
      <trkpt lat="46.69267" lon="7.53824">
        <ele>2093.3</ele>
        <time>2026-05-04T00:15:21.3030000+00:00</time>
      </trkpt>
      <trkpt lat="46.69265" lon="7.53815">
        <ele>2097.38</ele>
        <time>2026-05-04T00:15:31.7840000+00:00</time>
      </trkpt>
      <trkpt lat="46.69262" lon="7.53809">
        <ele>2098.93</ele>
        <time>2026-05-04T00:15:40.0100000+00:00</time>
      </trkpt>
      <trkpt lat="46.69258" lon="7.53799">
        <ele>2102.18</ele>
        <time>2026-05-04T00:15:52.8360000+00:00</time>
      </trkpt>
      <trkpt lat="46.69254" lon="7.53788">
        <ele>2105.73</ele>
        <time>2026-05-04T00:16:06.6300000+00:00</time>
      </trkpt>
      <trkpt lat="46.69252" lon="7.53778">
        <ele>2105.14</ele>
        <time>2026-05-04T00:16:18.1700000+00:00</time>
      </trkpt>
      <trkpt lat="46.69249" lon="7.5377">
        <ele>2103.64</ele>
        <time>2026-05-04T00:16:28.2720000+00:00</time>
      </trkpt>
      <trkpt lat="46.69249" lon="7.53766">
        <ele>2103.97</ele>
        <time>2026-05-04T00:16:32.7020000+00:00</time>
      </trkpt>
      <trkpt lat="46.69244" lon="7.53742">
        <ele>2102.23</ele>
        <time>2026-05-04T00:17:00.4920000+00:00</time>
      </trkpt>
      <trkpt lat="46.69244" lon="7.53737">
        <ele>2102.62</ele>
        <time>2026-05-04T00:17:06.0320000+00:00</time>
      </trkpt>
      <trkpt lat="46.69242" lon="7.53731">
        <ele>2101.6</ele>
        <time>2026-05-04T00:17:13.4220000+00:00</time>
      </trkpt>
      <trkpt lat="46.69242" lon="7.53726">
        <ele>2101.98</ele>
        <time>2026-05-04T00:17:18.9610000+00:00</time>
      </trkpt>
      <trkpt lat="46.69242" lon="7.5372">
        <ele>2102.44</ele>
        <time>2026-05-04T00:17:25.6080000+00:00</time>
      </trkpt>
      <trkpt lat="46.69242" lon="7.53716">
        <ele>2102.75</ele>
        <time>2026-05-04T00:17:30.0380000+00:00</time>
      </trkpt>
      <trkpt lat="46.6924" lon="7.53713">
        <ele>2101.48</ele>
        <time>2026-05-04T00:17:34.6720000+00:00</time>
      </trkpt>
      <trkpt lat="46.69237" lon="7.53719">
        <ele>2098.78</ele>
        <time>2026-05-04T00:17:42.8970000+00:00</time>
      </trkpt>
      <trkpt lat="46.69233" lon="7.53726">
        <ele>2095.28</ele>
        <time>2026-05-04T00:17:52.9920000+00:00</time>
      </trkpt>
      <trkpt lat="46.69229" lon="7.53734">
        <ele>2091.75</ele>
        <time>2026-05-04T00:18:03.9600000+00:00</time>
      </trkpt>
      <trkpt lat="46.69224" lon="7.53745">
        <ele>2087.32</ele>
        <time>2026-05-04T00:18:18.5810000+00:00</time>
      </trkpt>
      <trkpt lat="46.69219" lon="7.53755">
        <ele>2083.02</ele>
        <time>2026-05-04T00:18:32.2930000+00:00</time>
      </trkpt>
      <trkpt lat="46.69208" lon="7.53786">
        <ele>2073.24</ele>
        <time>2026-05-04T00:19:10.9620000+00:00</time>
      </trkpt>
      <trkpt lat="46.69206" lon="7.53794">
        <ele>2068.48</ele>
        <time>2026-05-04T00:19:20.3960000+00:00</time>
      </trkpt>
      <trkpt lat="46.69203" lon="7.53805">
        <ele>2059.97</ele>
        <time>2026-05-04T00:19:33.5110000+00:00</time>
      </trkpt>
      <trkpt lat="46.692" lon="7.53815">
        <ele>2052.07</ele>
        <time>2026-05-04T00:19:45.6030000+00:00</time>
      </trkpt>
      <trkpt lat="46.69198" lon="7.53824">
        <ele>2045.46</ele>
        <time>2026-05-04T00:19:56.0840000+00:00</time>
      </trkpt>
      <trkpt lat="46.69197" lon="7.53833">
        <ele>2039.56</ele>
        <time>2026-05-04T00:20:06.1840000+00:00</time>
      </trkpt>
      <trkpt lat="46.69193" lon="7.5385">
        <ele>2027</ele>
        <time>2026-05-04T00:20:26.0960000+00:00</time>
      </trkpt>
      <trkpt lat="46.69191" lon="7.53863">
        <ele>2018.8</ele>
        <time>2026-05-04T00:20:40.8570000+00:00</time>
      </trkpt>
      <trkpt lat="46.69186" lon="7.53876">
        <ele>2010.02</ele>
        <time>2026-05-04T00:20:57.3700000+00:00</time>
      </trkpt>
      <trkpt lat="46.69185" lon="7.53885">
        <ele>2003.41</ele>
        <time>2026-05-04T00:21:07.4710000+00:00</time>
      </trkpt>
      <trkpt lat="46.69183" lon="7.53895">
        <ele>1996.14</ele>
        <time>2026-05-04T00:21:19.0110000+00:00</time>
      </trkpt>
      <trkpt lat="46.6918" lon="7.53898">
        <ele>1993.96</ele>
        <time>2026-05-04T00:21:24.8860000+00:00</time>
      </trkpt>
      <trkpt lat="46.69179" lon="7.53902">
        <ele>1991.18</ele>
        <time>2026-05-04T00:21:29.6030000+00:00</time>
      </trkpt>
      <trkpt lat="46.69179" lon="7.53908">
        <ele>1987.04</ele>
        <time>2026-05-04T00:21:36.2520000+00:00</time>
      </trkpt>
      <trkpt lat="46.69176" lon="7.53917">
        <ele>1981.05</ele>
        <time>2026-05-04T00:21:47.3390000+00:00</time>
      </trkpt>
      <trkpt lat="46.69173" lon="7.53923">
        <ele>1977.31</ele>
        <time>2026-05-04T00:21:55.5660000+00:00</time>
      </trkpt>
      <trkpt lat="46.69169" lon="7.53925">
        <ele>1976.46</ele>
        <time>2026-05-04T00:22:02.3980000+00:00</time>
      </trkpt>
      <trkpt lat="46.69168" lon="7.53925">
        <ele>1976.57</ele>
        <time>2026-05-04T00:22:04.0060000+00:00</time>
      </trkpt>
      <trkpt lat="46.69164" lon="7.53922">
        <ele>1978.89</ele>
        <time>2026-05-04T00:22:11.2720000+00:00</time>
      </trkpt>
      <trkpt lat="46.69156" lon="7.53909">
        <ele>1987.23</ele>
        <time>2026-05-04T00:22:30.6220000+00:00</time>
      </trkpt>
      <trkpt lat="46.69152" lon="7.539">
        <ele>1992.41</ele>
        <time>2026-05-04T00:22:42.5040000+00:00</time>
      </trkpt>
      <trkpt lat="46.69151" lon="7.53892">
        <ele>1996.84</ele>
        <time>2026-05-04T00:22:51.5130000+00:00</time>
      </trkpt>
      <trkpt lat="46.69145" lon="7.5388">
        <ele>2002.86</ele>
        <time>2026-05-04T00:23:07.9660000+00:00</time>
      </trkpt>
      <trkpt lat="46.69137" lon="7.53855">
        <ele>2010.74</ele>
        <time>2026-05-04T00:23:38.5300000+00:00</time>
      </trkpt>
      <trkpt lat="46.69134" lon="7.53843">
        <ele>2013.22</ele>
        <time>2026-05-04T00:23:52.6810000+00:00</time>
      </trkpt>
      <trkpt lat="46.6913" lon="7.53836">
        <ele>2013.74</ele>
        <time>2026-05-04T00:24:02.7750000+00:00</time>
      </trkpt>
      <trkpt lat="46.69128" lon="7.53818">
        <ele>2017.26</ele>
        <time>2026-05-04T00:24:22.9780000+00:00</time>
      </trkpt>
      <trkpt lat="46.69126" lon="7.53806">
        <ele>2019.07</ele>
        <time>2026-05-04T00:24:36.6600000+00:00</time>
      </trkpt>
      <trkpt lat="46.69124" lon="7.53789">
        <ele>2021.68</ele>
        <time>2026-05-04T00:24:55.7700000+00:00</time>
      </trkpt>
      <trkpt lat="46.69123" lon="7.53783">
        <ele>2021.13</ele>
        <time>2026-05-04T00:25:02.6100000+00:00</time>
      </trkpt>
      <trkpt lat="46.69116" lon="7.53759">
        <ele>2016.54</ele>
        <time>2026-05-04T00:25:31.5050000+00:00</time>
      </trkpt>
      <trkpt lat="46.69112" lon="7.53742">
        <ele>2013.72</ele>
        <time>2026-05-04T00:25:51.4180000+00:00</time>
      </trkpt>
      <trkpt lat="46.69107" lon="7.53732">
        <ele>2010.37</ele>
        <time>2026-05-04T00:26:05.1290000+00:00</time>
      </trkpt>
      <trkpt lat="46.69103" lon="7.5372">
        <ele>2007.63</ele>
        <time>2026-05-04T00:26:19.9110000+00:00</time>
      </trkpt>
      <trkpt lat="46.69102" lon="7.53713">
        <ele>2006.85</ele>
        <time>2026-05-04T00:26:27.8330000+00:00</time>
      </trkpt>
      <trkpt lat="46.69101" lon="7.53701">
        <ele>2005.65</ele>
        <time>2026-05-04T00:26:41.2260000+00:00</time>
      </trkpt>
      <trkpt lat="46.69099" lon="7.53692">
        <ele>2003.58</ele>
        <time>2026-05-04T00:26:51.7080000+00:00</time>
      </trkpt>
      <trkpt lat="46.69098" lon="7.53684">
        <ele>2002.21</ele>
        <time>2026-05-04T00:27:00.7170000+00:00</time>
      </trkpt>
      <trkpt lat="46.69099" lon="7.53675">
        <ele>2001.97</ele>
        <time>2026-05-04T00:27:10.8190000+00:00</time>
      </trkpt>
      <trkpt lat="46.69098" lon="7.53657">
        <ele>1999.66</ele>
        <time>2026-05-04T00:27:30.8280000+00:00</time>
      </trkpt>
      <trkpt lat="46.69094" lon="7.53644">
        <ele>1996.01</ele>
        <time>2026-05-04T00:27:46.6140000+00:00</time>
      </trkpt>
      <trkpt lat="46.69091" lon="7.53628">
        <ele>1992.71</ele>
        <time>2026-05-04T00:28:04.9910000+00:00</time>
      </trkpt>
      <trkpt lat="46.6909" lon="7.53612">
        <ele>1989.95</ele>
        <time>2026-05-04T00:28:22.7910000+00:00</time>
      </trkpt>
      <trkpt lat="46.69087" lon="7.5359">
        <ele>1984.67</ele>
        <time>2026-05-04T00:28:47.6430000+00:00</time>
      </trkpt>
      <trkpt lat="46.69085" lon="7.53577">
        <ele>1981.45</ele>
        <time>2026-05-04T00:29:02.4040000+00:00</time>
      </trkpt>
      <trkpt lat="46.69084" lon="7.53563">
        <ele>1978.66</ele>
        <time>2026-05-04T00:29:17.9980000+00:00</time>
      </trkpt>
      <trkpt lat="46.69082" lon="7.53549">
        <ele>1975.32</ele>
        <time>2026-05-04T00:29:33.8430000+00:00</time>
      </trkpt>
      <trkpt lat="46.6908" lon="7.53542">
        <ele>1973.1</ele>
        <time>2026-05-04T00:29:42.2440000+00:00</time>
      </trkpt>
      <trkpt lat="46.6908" lon="7.53531">
        <ele>1970.74</ele>
        <time>2026-05-04T00:29:54.4330000+00:00</time>
      </trkpt>
      <trkpt lat="46.69081" lon="7.53515">
        <ele>1967.46</ele>
        <time>2026-05-04T00:30:12.2340000+00:00</time>
      </trkpt>
      <trkpt lat="46.69082" lon="7.53506">
        <ele>1965.84</ele>
        <time>2026-05-04T00:30:22.3360000+00:00</time>
      </trkpt>
      <trkpt lat="46.69085" lon="7.53495">
        <ele>1964.77</ele>
        <time>2026-05-04T00:30:35.4510000+00:00</time>
      </trkpt>
      <trkpt lat="46.69083" lon="7.53494">
        <ele>1963.47</ele>
        <time>2026-05-04T00:30:38.8690000+00:00</time>
      </trkpt>
      <trkpt lat="46.69078" lon="7.53498">
        <ele>1961.8</ele>
        <time>2026-05-04T00:30:48.0800000+00:00</time>
      </trkpt>
      <trkpt lat="46.69066" lon="7.53504">
        <ele>1956.81</ele>
        <time>2026-05-04T00:31:08.5720000+00:00</time>
      </trkpt>
      <trkpt lat="46.69059" lon="7.5351">
        <ele>1954.39</ele>
        <time>2026-05-04T00:31:21.6880000+00:00</time>
      </trkpt>
      <trkpt lat="46.69054" lon="7.53515">
        <ele>1952.78</ele>
        <time>2026-05-04T00:31:31.4830000+00:00</time>
      </trkpt>
      <trkpt lat="46.69044" lon="7.53526">
        <ele>1949.62</ele>
        <time>2026-05-04T00:31:51.7170000+00:00</time>
      </trkpt>
      <trkpt lat="46.69037" lon="7.53537">
        <ele>1947.97</ele>
        <time>2026-05-04T00:32:08.3410000+00:00</time>
      </trkpt>
      <trkpt lat="46.69036" lon="7.5353">
        <ele>1946</ele>
        <time>2026-05-04T00:32:16.2630000+00:00</time>
      </trkpt>
      <trkpt lat="46.69033" lon="7.53513">
        <ele>1940.96</ele>
        <time>2026-05-04T00:32:35.7130000+00:00</time>
      </trkpt>
      <trkpt lat="46.69032" lon="7.53503">
        <ele>1938.44</ele>
        <time>2026-05-04T00:32:46.9090000+00:00</time>
      </trkpt>
      <trkpt lat="46.69032" lon="7.53488">
        <ele>1935.48</ele>
        <time>2026-05-04T00:33:03.5280000+00:00</time>
      </trkpt>
      <trkpt lat="46.69032" lon="7.53478">
        <ele>1933.5</ele>
        <time>2026-05-04T00:33:14.6070000+00:00</time>
      </trkpt>
      <trkpt lat="46.69033" lon="7.53472">
        <ele>1932.82</ele>
        <time>2026-05-04T00:33:21.4470000+00:00</time>
      </trkpt>
      <trkpt lat="46.69037" lon="7.53466">
        <ele>1933.64</ele>
        <time>2026-05-04T00:33:30.7190000+00:00</time>
      </trkpt>
      <trkpt lat="46.69039" lon="7.5346">
        <ele>1933.42</ele>
        <time>2026-05-04T00:33:38.1090000+00:00</time>
      </trkpt>
      <trkpt lat="46.69046" lon="7.53451">
        <ele>1934.31</ele>
        <time>2026-05-04T00:33:53.1840000+00:00</time>
      </trkpt>
      <trkpt lat="46.69052" lon="7.53445">
        <ele>1935.05</ele>
        <time>2026-05-04T00:34:04.9360000+00:00</time>
      </trkpt>
      <trkpt lat="46.69052" lon="7.53441">
        <ele>1933.58</ele>
        <time>2026-05-04T00:34:09.3660000+00:00</time>
      </trkpt>
      <trkpt lat="46.69048" lon="7.53442">
        <ele>1931.99</ele>
        <time>2026-05-04T00:34:15.9220000+00:00</time>
      </trkpt>
      <trkpt lat="46.69044" lon="7.5344">
        <ele>1929.31</ele>
        <time>2026-05-04T00:34:22.7540000+00:00</time>
      </trkpt>
      <trkpt lat="46.69035" lon="7.5344">
        <ele>1924.92</ele>
        <time>2026-05-04T00:34:37.2910000+00:00</time>
      </trkpt>
      <trkpt lat="46.6903" lon="7.53439">
        <ele>1922.11</ele>
        <time>2026-05-04T00:34:45.4430000+00:00</time>
      </trkpt>
      <trkpt lat="46.69025" lon="7.5344">
        <ele>1919.97</ele>
        <time>2026-05-04T00:34:53.5940000+00:00</time>
      </trkpt>
      <trkpt lat="46.69021" lon="7.53439">
        <ele>1917.35</ele>
        <time>2026-05-04T00:35:00.1470000+00:00</time>
      </trkpt>
      <trkpt lat="46.69015" lon="7.53441">
        <ele>1914.62</ele>
        <time>2026-05-04T00:35:10.0900000+00:00</time>
      </trkpt>
      <trkpt lat="46.6901" lon="7.53444">
        <ele>1912.71</ele>
        <time>2026-05-04T00:35:18.8250000+00:00</time>
      </trkpt>
      <trkpt lat="46.69007" lon="7.53446">
        <ele>1911.58</ele>
        <time>2026-05-04T00:35:24.1550000+00:00</time>
      </trkpt>
      <trkpt lat="46.69008" lon="7.53441">
        <ele>1910.63</ele>
        <time>2026-05-04T00:35:29.9270000+00:00</time>
      </trkpt>
      <trkpt lat="46.69011" lon="7.53422">
        <ele>1906.3</ele>
        <time>2026-05-04T00:35:51.5300000+00:00</time>
      </trkpt>
      <trkpt lat="46.69015" lon="7.53415">
        <ele>1906.06</ele>
        <time>2026-05-04T00:36:01.6240000+00:00</time>
      </trkpt>
      <trkpt lat="46.69018" lon="7.53411">
        <ele>1906.2</ele>
        <time>2026-05-04T00:36:08.1920000+00:00</time>
      </trkpt>
      <trkpt lat="46.69021" lon="7.534">
        <ele>1903.84</ele>
        <time>2026-05-04T00:36:21.3080000+00:00</time>
      </trkpt>
      <trkpt lat="46.69021" lon="7.53396">
        <ele>1902.46</ele>
        <time>2026-05-04T00:36:25.7400000+00:00</time>
      </trkpt>
      <trkpt lat="46.69023" lon="7.53391">
        <ele>1901.58</ele>
        <time>2026-05-04T00:36:32.1550000+00:00</time>
      </trkpt>
      <trkpt lat="46.69026" lon="7.53386">
        <ele>1901.06</ele>
        <time>2026-05-04T00:36:39.5170000+00:00</time>
      </trkpt>
      <trkpt lat="46.6903" lon="7.53385">
        <ele>1902.59</ele>
        <time>2026-05-04T00:36:46.0730000+00:00</time>
      </trkpt>
      <trkpt lat="46.69034" lon="7.53387">
        <ele>1905.21</ele>
        <time>2026-05-04T00:36:52.9050000+00:00</time>
      </trkpt>
      <trkpt lat="46.69038" lon="7.53385">
        <ele>1906.37</ele>
        <time>2026-05-04T00:36:59.7360000+00:00</time>
      </trkpt>
      <trkpt lat="46.69043" lon="7.53378">
        <ele>1906.17</ele>
        <time>2026-05-04T00:37:10.9330000+00:00</time>
      </trkpt>
      <trkpt lat="46.69047" lon="7.53369">
        <ele>1904.91</ele>
        <time>2026-05-04T00:37:22.8150000+00:00</time>
      </trkpt>
      <trkpt lat="46.69042" lon="7.53367">
        <ele>1901.91</ele>
        <time>2026-05-04T00:37:31.1910000+00:00</time>
      </trkpt>
      <trkpt lat="46.69038" lon="7.53362">
        <ele>1898.39</ele>
        <time>2026-05-04T00:37:39.7020000+00:00</time>
      </trkpt>
      <trkpt lat="46.69042" lon="7.53356">
        <ele>1898.36</ele>
        <time>2026-05-04T00:37:48.9730000+00:00</time>
      </trkpt>
      <trkpt lat="46.69047" lon="7.53352">
        <ele>1899.51</ele>
        <time>2026-05-04T00:37:58.1870000+00:00</time>
      </trkpt>
      <trkpt lat="46.6905" lon="7.53344">
        <ele>1898.44</ele>
        <time>2026-05-04T00:38:08.2890000+00:00</time>
      </trkpt>
      <trkpt lat="46.69055" lon="7.53329">
        <ele>1896.24</ele>
        <time>2026-05-04T00:38:26.7670000+00:00</time>
      </trkpt>
      <trkpt lat="46.69058" lon="7.53318">
        <ele>1894.36</ele>
        <time>2026-05-04T00:38:39.8830000+00:00</time>
      </trkpt>
      <trkpt lat="46.69058" lon="7.53309">
        <ele>1891.59</ele>
        <time>2026-05-04T00:38:49.8550000+00:00</time>
      </trkpt>
      <trkpt lat="46.69059" lon="7.53297">
        <ele>1888.42</ele>
        <time>2026-05-04T00:39:03.2490000+00:00</time>
      </trkpt>
      <trkpt lat="46.69056" lon="7.53298">
        <ele>1887.13</ele>
        <time>2026-05-04T00:39:08.2220000+00:00</time>
      </trkpt>
      <trkpt lat="46.69052" lon="7.53303">
        <ele>1886.57</ele>
        <time>2026-05-04T00:39:16.7340000+00:00</time>
      </trkpt>
      <trkpt lat="46.69044" lon="7.53309">
        <ele>1884.26</ele>
        <time>2026-05-04T00:39:31.2660000+00:00</time>
      </trkpt>
      <trkpt lat="46.69037" lon="7.53311">
        <ele>1881.26</ele>
        <time>2026-05-04T00:39:42.7880000+00:00</time>
      </trkpt>
      <trkpt lat="46.69029" lon="7.53316">
        <ele>1878.75</ele>
        <time>2026-05-04T00:39:56.8470000+00:00</time>
      </trkpt>
      <trkpt lat="46.69024" lon="7.53319">
        <ele>1877.52</ele>
        <time>2026-05-04T00:40:05.5810000+00:00</time>
      </trkpt>
      <trkpt lat="46.69021" lon="7.5332">
        <ele>1876.88</ele>
        <time>2026-05-04T00:40:10.5540000+00:00</time>
      </trkpt>
      <trkpt lat="46.69017" lon="7.53319">
        <ele>1875.24</ele>
        <time>2026-05-04T00:40:17.1100000+00:00</time>
      </trkpt>
      <trkpt lat="46.6901" lon="7.53319">
        <ele>1872.95</ele>
        <time>2026-05-04T00:40:28.4160000+00:00</time>
      </trkpt>
      <trkpt lat="46.69" lon="7.53315">
        <ele>1868.44</ele>
        <time>2026-05-04T00:40:45.1660000+00:00</time>
      </trkpt>
      <trkpt lat="46.68997" lon="7.53312">
        <ele>1866.53</ele>
        <time>2026-05-04T00:40:51.0420000+00:00</time>
      </trkpt>
      <trkpt lat="46.68997" lon="7.53307">
        <ele>1864.98</ele>
        <time>2026-05-04T00:40:56.5840000+00:00</time>
      </trkpt>
      <trkpt lat="46.69" lon="7.53303">
        <ele>1864.67</ele>
        <time>2026-05-04T00:41:03.1520000+00:00</time>
      </trkpt>
      <trkpt lat="46.69004" lon="7.53301">
        <ele>1865.28</ele>
        <time>2026-05-04T00:41:09.9840000+00:00</time>
      </trkpt>
      <trkpt lat="46.69004" lon="7.53297">
        <ele>1864.01</ele>
        <time>2026-05-04T00:41:14.4180000+00:00</time>
      </trkpt>
      <trkpt lat="46.69001" lon="7.5329">
        <ele>1860.89</ele>
        <time>2026-05-04T00:41:23.5640000+00:00</time>
      </trkpt>
      <trkpt lat="46.68998" lon="7.53285">
        <ele>1858.64</ele>
        <time>2026-05-04T00:41:30.9240000+00:00</time>
      </trkpt>
      <trkpt lat="46.68996" lon="7.53279">
        <ele>1856.51</ele>
        <time>2026-05-04T00:41:38.3170000+00:00</time>
      </trkpt>
      <trkpt lat="46.68993" lon="7.53276">
        <ele>1854.86</ele>
        <time>2026-05-04T00:41:44.1960000+00:00</time>
      </trkpt>
      <trkpt lat="46.68986" lon="7.53271">
        <ele>1851.52</ele>
        <time>2026-05-04T00:41:56.7880000+00:00</time>
      </trkpt>
      <trkpt lat="46.68982" lon="7.53266">
        <ele>1849.08</ele>
        <time>2026-05-04T00:42:05.2990000+00:00</time>
      </trkpt>
      <trkpt lat="46.68978" lon="7.53263">
        <ele>1847.15</ele>
        <time>2026-05-04T00:42:12.5650000+00:00</time>
      </trkpt>
      <trkpt lat="46.68972" lon="7.5326">
        <ele>1844.65</ele>
        <time>2026-05-04T00:42:22.8100000+00:00</time>
      </trkpt>
      <trkpt lat="46.6897" lon="7.53256">
        <ele>1843.07</ele>
        <time>2026-05-04T00:42:28.2960000+00:00</time>
      </trkpt>
      <trkpt lat="46.68968" lon="7.5325">
        <ele>1841.01</ele>
        <time>2026-05-04T00:42:35.6890000+00:00</time>
      </trkpt>
      <trkpt lat="46.68969" lon="7.53245">
        <ele>1840.06</ele>
        <time>2026-05-04T00:42:41.4580000+00:00</time>
      </trkpt>
      <trkpt lat="46.68973" lon="7.53242">
        <ele>1840.46</ele>
        <time>2026-05-04T00:42:48.7240000+00:00</time>
      </trkpt>
      <trkpt lat="46.68974" lon="7.53237">
        <ele>1839.5</ele>
        <time>2026-05-04T00:42:54.4940000+00:00</time>
      </trkpt>
      <trkpt lat="46.68978" lon="7.53231">
        <ele>1839.14</ele>
        <time>2026-05-04T00:43:03.7640000+00:00</time>
      </trkpt>
      <trkpt lat="46.68982" lon="7.53227">
        <ele>1839.27</ele>
        <time>2026-05-04T00:43:11.5990000+00:00</time>
      </trkpt>
      <trkpt lat="46.68988" lon="7.53226">
        <ele>1840.71</ele>
        <time>2026-05-04T00:43:21.3520000+00:00</time>
      </trkpt>
      <trkpt lat="46.68992" lon="7.53224">
        <ele>1841.33</ele>
        <time>2026-05-04T00:43:28.1840000+00:00</time>
      </trkpt>
      <trkpt lat="46.68996" lon="7.5322">
        <ele>1841.43</ele>
        <time>2026-05-04T00:43:36.0210000+00:00</time>
      </trkpt>
      <trkpt lat="46.68998" lon="7.53213">
        <ele>1840.2</ele>
        <time>2026-05-04T00:43:44.4230000+00:00</time>
      </trkpt>
      <trkpt lat="46.68991" lon="7.53212">
        <ele>1837.99</ele>
        <time>2026-05-04T00:43:55.7830000+00:00</time>
      </trkpt>
      <trkpt lat="46.6898" lon="7.53206">
        <ele>1833.43</ele>
        <time>2026-05-04T00:44:14.7530000+00:00</time>
      </trkpt>
      <trkpt lat="46.68975" lon="7.53204">
        <ele>1831.57</ele>
        <time>2026-05-04T00:44:23.1280000+00:00</time>
      </trkpt>
      <trkpt lat="46.68967" lon="7.53203">
        <ele>1829.11</ele>
        <time>2026-05-04T00:44:36.0970000+00:00</time>
      </trkpt>
      <trkpt lat="46.68961" lon="7.53209">
        <ele>1828.92</ele>
        <time>2026-05-04T00:44:47.8490000+00:00</time>
      </trkpt>
      <trkpt lat="46.68956" lon="7.53211">
        <ele>1828.02</ele>
        <time>2026-05-04T00:44:56.2240000+00:00</time>
      </trkpt>
      <trkpt lat="46.68952" lon="7.53212">
        <ele>1827.15</ele>
        <time>2026-05-04T00:45:02.7780000+00:00</time>
      </trkpt>
      <trkpt lat="46.68953" lon="7.53205">
        <ele>1825.72</ele>
        <time>2026-05-04T00:45:10.7000000+00:00</time>
      </trkpt>
      <trkpt lat="46.68953" lon="7.53199">
        <ele>1824.24</ele>
        <time>2026-05-04T00:45:17.3480000+00:00</time>
      </trkpt>
      <trkpt lat="46.68951" lon="7.53195">
        <ele>1822.68</ele>
        <time>2026-05-04T00:45:22.8340000+00:00</time>
      </trkpt>
      <trkpt lat="46.68949" lon="7.53195">
        <ele>1822.12</ele>
        <time>2026-05-04T00:45:26.0620000+00:00</time>
      </trkpt>
      <trkpt lat="46.68949" lon="7.53187">
        <ele>1820.13</ele>
        <time>2026-05-04T00:45:34.9260000+00:00</time>
      </trkpt>
      <trkpt lat="46.68947" lon="7.53182">
        <ele>1818.31</ele>
        <time>2026-05-04T00:45:41.3400000+00:00</time>
      </trkpt>
      <trkpt lat="46.68942" lon="7.53177">
        <ele>1815.58</ele>
        <time>2026-05-04T00:45:51.1340000+00:00</time>
      </trkpt>
      <trkpt lat="46.68939" lon="7.53173">
        <ele>1813.54</ele>
        <time>2026-05-04T00:45:57.7020000+00:00</time>
      </trkpt>
      <trkpt lat="46.68938" lon="7.53166">
        <ele>1811.48</ele>
        <time>2026-05-04T00:46:05.6240000+00:00</time>
      </trkpt>
      <trkpt lat="46.68938" lon="7.53155">
        <ele>1808.79</ele>
        <time>2026-05-04T00:46:17.8110000+00:00</time>
      </trkpt>
      <trkpt lat="46.68939" lon="7.53146">
        <ele>1806.88</ele>
        <time>2026-05-04T00:46:27.9130000+00:00</time>
      </trkpt>
      <trkpt lat="46.68948" lon="7.53138">
        <ele>1807.6</ele>
        <time>2026-05-04T00:46:44.9400000+00:00</time>
      </trkpt>
      <trkpt lat="46.68951" lon="7.53128">
        <ele>1806.03</ele>
        <time>2026-05-04T00:46:57.0330000+00:00</time>
      </trkpt>
      <trkpt lat="46.68954" lon="7.53113">
        <ele>1803.93</ele>
        <time>2026-05-04T00:47:14.3440000+00:00</time>
      </trkpt>
      <trkpt lat="46.68955" lon="7.53101">
        <ele>1802.15</ele>
        <time>2026-05-04T00:47:27.7380000+00:00</time>
      </trkpt>
      <trkpt lat="46.6895" lon="7.53084">
        <ele>1797.53</ele>
        <time>2026-05-04T00:47:48.2320000+00:00</time>
      </trkpt>
      <trkpt lat="46.68949" lon="7.53076">
        <ele>1795.79</ele>
        <time>2026-05-04T00:47:57.2410000+00:00</time>
      </trkpt>
      <trkpt lat="46.68946" lon="7.53065">
        <ele>1792.82</ele>
        <time>2026-05-04T00:48:10.3580000+00:00</time>
      </trkpt>
      <trkpt lat="46.68935" lon="7.53042">
        <ele>1786.4</ele>
        <time>2026-05-04T00:48:41.4240000+00:00</time>
      </trkpt>
      <trkpt lat="46.6893" lon="7.53029">
        <ele>1784.97</ele>
        <time>2026-05-04T00:48:57.9380000+00:00</time>
      </trkpt>
      <trkpt lat="46.6893" lon="7.53028">
        <ele>1784.94</ele>
        <time>2026-05-04T00:48:59.0410000+00:00</time>
      </trkpt>
      <trkpt lat="46.68934" lon="7.53025">
        <ele>1785.45</ele>
        <time>2026-05-04T00:49:06.3070000+00:00</time>
      </trkpt>
      <trkpt lat="46.68938" lon="7.53016">
        <ele>1785.8</ele>
        <time>2026-05-04T00:49:18.1890000+00:00</time>
      </trkpt>
      <trkpt lat="46.68942" lon="7.53005">
        <ele>1786.1</ele>
        <time>2026-05-04T00:49:31.9830000+00:00</time>
      </trkpt>
      <trkpt lat="46.68942" lon="7.52993">
        <ele>1785.82</ele>
        <time>2026-05-04T00:49:45.2780000+00:00</time>
      </trkpt>
      <trkpt lat="46.68941" lon="7.52983">
        <ele>1785.44</ele>
        <time>2026-05-04T00:49:56.4750000+00:00</time>
      </trkpt>
      <trkpt lat="46.68938" lon="7.52979">
        <ele>1784.94</ele>
        <time>2026-05-04T00:50:03.0420000+00:00</time>
      </trkpt>
      <trkpt lat="46.68932" lon="7.52966">
        <ele>1783.83</ele>
        <time>2026-05-04T00:50:20.4020000+00:00</time>
      </trkpt>
      <trkpt lat="46.68931" lon="7.52956">
        <ele>1783.48</ele>
        <time>2026-05-04T00:50:31.5990000+00:00</time>
      </trkpt>
      <trkpt lat="46.68928" lon="7.5294">
        <ele>1783.49</ele>
        <time>2026-05-04T00:50:49.9770000+00:00</time>
      </trkpt>
      <trkpt lat="46.68925" lon="7.5292">
        <ele>1783.63</ele>
        <time>2026-05-04T00:51:12.6610000+00:00</time>
      </trkpt>
      <trkpt lat="46.68924" lon="7.52914">
        <ele>1783.67</ele>
        <time>2026-05-04T00:51:19.5030000+00:00</time>
      </trkpt>
      <trkpt lat="46.68917" lon="7.52905">
        <ele>1783.03</ele>
        <time>2026-05-04T00:51:34.5780000+00:00</time>
      </trkpt>
      <trkpt lat="46.68913" lon="7.52897">
        <ele>1782.76</ele>
        <time>2026-05-04T00:51:45.5470000+00:00</time>
      </trkpt>
      <trkpt lat="46.68912" lon="7.52885">
        <ele>1782.98</ele>
        <time>2026-05-04T00:51:58.9400000+00:00</time>
      </trkpt>
      <trkpt lat="46.68912" lon="7.52857">
        <ele>1783.6</ele>
        <time>2026-05-04T00:52:29.9640000+00:00</time>
      </trkpt>
      <trkpt lat="46.68914" lon="7.52851">
        <ele>1783.99</ele>
        <time>2026-05-04T00:52:37.3540000+00:00</time>
      </trkpt>
      <trkpt lat="46.68916" lon="7.52843">
        <ele>1784.44</ele>
        <time>2026-05-04T00:52:46.7880000+00:00</time>
      </trkpt>
      <trkpt lat="46.68919" lon="7.52838">
        <ele>1785.01</ele>
        <time>2026-05-04T00:52:54.1510000+00:00</time>
      </trkpt>
      <trkpt lat="46.68924" lon="7.52834">
        <ele>1785.9</ele>
        <time>2026-05-04T00:53:03.3640000+00:00</time>
      </trkpt>
      <trkpt lat="46.68927" lon="7.52829">
        <ele>1786.54</ele>
        <time>2026-05-04T00:53:10.7270000+00:00</time>
      </trkpt>
      <trkpt lat="46.68927" lon="7.52823">
        <ele>1786.74</ele>
        <time>2026-05-04T00:53:17.3750000+00:00</time>
      </trkpt>
      <trkpt lat="46.68927" lon="7.52812">
        <ele>1787.09</ele>
        <time>2026-05-04T00:53:29.5630000+00:00</time>
      </trkpt>
      <trkpt lat="46.68923" lon="7.52804">
        <ele>1786.59</ele>
        <time>2026-05-04T00:53:40.5320000+00:00</time>
      </trkpt>
      <trkpt lat="46.68919" lon="7.528">
        <ele>1785.93</ele>
        <time>2026-05-04T00:53:48.3670000+00:00</time>
      </trkpt>
      <trkpt lat="46.68916" lon="7.52791">
        <ele>1785.54</ele>
        <time>2026-05-04T00:53:59.4550000+00:00</time>
      </trkpt>
      <trkpt lat="46.68915" lon="7.52781">
        <ele>1784.67</ele>
        <time>2026-05-04T00:54:10.6510000+00:00</time>
      </trkpt>
      <trkpt lat="46.68918" lon="7.52769">
        <ele>1784.31</ele>
        <time>2026-05-04T00:54:24.8030000+00:00</time>
      </trkpt>
      <trkpt lat="46.68918" lon="7.52759">
        <ele>1783.48</ele>
        <time>2026-05-04T00:54:35.8840000+00:00</time>
      </trkpt>
      <trkpt lat="46.68916" lon="7.5274">
        <ele>1781.46</ele>
        <time>2026-05-04T00:54:57.1820000+00:00</time>
      </trkpt>
      <trkpt lat="46.68913" lon="7.52724">
        <ele>1779.42</ele>
        <time>2026-05-04T00:55:15.5600000+00:00</time>
      </trkpt>
      <trkpt lat="46.6891" lon="7.52713">
        <ele>1777.78</ele>
        <time>2026-05-04T00:55:28.6760000+00:00</time>
      </trkpt>
      <trkpt lat="46.68902" lon="7.527">
        <ele>1774.65</ele>
        <time>2026-05-04T00:55:48.0270000+00:00</time>
      </trkpt>
      <trkpt lat="46.689" lon="7.52692">
        <ele>1773.33</ele>
        <time>2026-05-04T00:55:57.4610000+00:00</time>
      </trkpt>
      <trkpt lat="46.68899" lon="7.52685">
        <ele>1772.35</ele>
        <time>2026-05-04T00:56:05.3830000+00:00</time>
      </trkpt>
      <trkpt lat="46.68899" lon="7.52663">
        <ele>1770.06</ele>
        <time>2026-05-04T00:56:29.7590000+00:00</time>
      </trkpt>
      <trkpt lat="46.68901" lon="7.52637">
        <ele>1767.97</ele>
        <time>2026-05-04T00:56:58.7480000+00:00</time>
      </trkpt>
      <trkpt lat="46.689" lon="7.52625">
        <ele>1766.43</ele>
        <time>2026-05-04T00:57:12.1410000+00:00</time>
      </trkpt>
      <trkpt lat="46.689" lon="7.52614">
        <ele>1765.35</ele>
        <time>2026-05-04T00:57:24.3280000+00:00</time>
      </trkpt>
      <trkpt lat="46.68896" lon="7.52603">
        <ele>1762.97</ele>
        <time>2026-05-04T00:57:38.1230000+00:00</time>
      </trkpt>
      <trkpt lat="46.68892" lon="7.52593">
        <ele>1760.67</ele>
        <time>2026-05-04T00:57:50.9490000+00:00</time>
      </trkpt>
      <trkpt lat="46.68889" lon="7.52578">
        <ele>1758.18</ele>
        <time>2026-05-04T00:58:08.2610000+00:00</time>
      </trkpt>
      <trkpt lat="46.68888" lon="7.52571">
        <ele>1757.14</ele>
        <time>2026-05-04T00:58:16.1830000+00:00</time>
      </trkpt>
      <trkpt lat="46.68888" lon="7.5256">
        <ele>1756.04</ele>
        <time>2026-05-04T00:58:28.3710000+00:00</time>
      </trkpt>
      <trkpt lat="46.6889" lon="7.52554">
        <ele>1756.13</ele>
        <time>2026-05-04T00:58:35.7620000+00:00</time>
      </trkpt>
      <trkpt lat="46.68892" lon="7.52548">
        <ele>1756.23</ele>
        <time>2026-05-04T00:58:43.1540000+00:00</time>
      </trkpt>
      <trkpt lat="46.68892" lon="7.52536">
        <ele>1754.86</ele>
        <time>2026-05-04T00:58:56.4500000+00:00</time>
      </trkpt>
      <trkpt lat="46.68893" lon="7.52524">
        <ele>1753.4</ele>
        <time>2026-05-04T00:59:09.8430000+00:00</time>
      </trkpt>
      <trkpt lat="46.68899" lon="7.52501">
        <ele>1752.21</ele>
        <time>2026-05-04T00:59:37.1070000+00:00</time>
      </trkpt>
      <trkpt lat="46.68901" lon="7.52495">
        <ele>1752.11</ele>
        <time>2026-05-04T00:59:44.4990000+00:00</time>
      </trkpt>
      <trkpt lat="46.68907" lon="7.52486">
        <ele>1753.18</ele>
        <time>2026-05-04T00:59:58.4040000+00:00</time>
      </trkpt>
      <trkpt lat="46.68912" lon="7.52477">
        <ele>1753.95</ele>
        <time>2026-05-04T01:00:11.2360000+00:00</time>
      </trkpt>
      <trkpt lat="46.68916" lon="7.52468">
        <ele>1754.38</ele>
        <time>2026-05-04T01:00:23.1190000+00:00</time>
      </trkpt>
      <trkpt lat="46.68917" lon="7.52457">
        <ele>1753.35</ele>
        <time>2026-05-04T01:00:35.4130000+00:00</time>
      </trkpt>
      <trkpt lat="46.6892" lon="7.52447">
        <ele>1753.72</ele>
        <time>2026-05-04T01:00:47.5060000+00:00</time>
      </trkpt>
      <trkpt lat="46.6892" lon="7.52442">
        <ele>1753.29</ele>
        <time>2026-05-04T01:00:53.0470000+00:00</time>
      </trkpt>
      <trkpt lat="46.68918" lon="7.52434">
        <ele>1751.71</ele>
        <time>2026-05-04T01:01:02.4810000+00:00</time>
      </trkpt>
      <trkpt lat="46.68916" lon="7.52423">
        <ele>1749.82</ele>
        <time>2026-05-04T01:01:15.0900000+00:00</time>
      </trkpt>
      <trkpt lat="46.68914" lon="7.52408">
        <ele>1747.51</ele>
        <time>2026-05-04T01:01:32.0200000+00:00</time>
      </trkpt>
      <trkpt lat="46.68915" lon="7.52402">
        <ele>1747.43</ele>
        <time>2026-05-04T01:01:38.8600000+00:00</time>
      </trkpt>
      <trkpt lat="46.68916" lon="7.52394">
        <ele>1747.19</ele>
        <time>2026-05-04T01:01:47.8690000+00:00</time>
      </trkpt>
      <trkpt lat="46.68915" lon="7.52384">
        <ele>1745.78</ele>
        <time>2026-05-04T01:01:59.0660000+00:00</time>
      </trkpt>
      <trkpt lat="46.68917" lon="7.52372">
        <ele>1745.72</ele>
        <time>2026-05-04T01:02:12.7480000+00:00</time>
      </trkpt>
      <trkpt lat="46.68917" lon="7.52364">
        <ele>1745.02</ele>
        <time>2026-05-04T01:02:21.6110000+00:00</time>
      </trkpt>
      <trkpt lat="46.68919" lon="7.52355">
        <ele>1745.3</ele>
        <time>2026-05-04T01:02:32.0930000+00:00</time>
      </trkpt>
      <trkpt lat="46.68921" lon="7.5234">
        <ele>1745.08</ele>
        <time>2026-05-04T01:02:49.0250000+00:00</time>
      </trkpt>
      <trkpt lat="46.68919" lon="7.5233">
        <ele>1743.15</ele>
        <time>2026-05-04T01:03:00.5670000+00:00</time>
      </trkpt>
      <trkpt lat="46.68915" lon="7.52321">
        <ele>1740.2</ele>
        <time>2026-05-04T01:03:12.4480000+00:00</time>
      </trkpt>
      <trkpt lat="46.68916" lon="7.52303">
        <ele>1739.17</ele>
        <time>2026-05-04T01:03:32.4570000+00:00</time>
      </trkpt>
      <trkpt lat="46.68916" lon="7.52291">
        <ele>1738.12</ele>
        <time>2026-05-04T01:03:45.7540000+00:00</time>
      </trkpt>
      <trkpt lat="46.68915" lon="7.52272">
        <ele>1734.96</ele>
        <time>2026-05-04T01:04:06.8670000+00:00</time>
      </trkpt>
      <trkpt lat="46.68916" lon="7.52262">
        <ele>1734.11</ele>
        <time>2026-05-04T01:04:18.0640000+00:00</time>
      </trkpt>
      <trkpt lat="46.68915" lon="7.52252">
        <ele>1732.15</ele>
        <time>2026-05-04T01:04:29.2600000+00:00</time>
      </trkpt>
      <trkpt lat="46.68914" lon="7.52239">
        <ele>1729.8</ele>
        <time>2026-05-04T01:04:43.7540000+00:00</time>
      </trkpt>
      <trkpt lat="46.68911" lon="7.52228">
        <ele>1726.67</ele>
        <time>2026-05-04T01:04:56.8700000+00:00</time>
      </trkpt>
      <trkpt lat="46.68907" lon="7.52216">
        <ele>1722.93</ele>
        <time>2026-05-04T01:05:11.6530000+00:00</time>
      </trkpt>
      <trkpt lat="46.68904" lon="7.52206">
        <ele>1720.03</ele>
        <time>2026-05-04T01:05:23.7470000+00:00</time>
      </trkpt>
      <trkpt lat="46.68903" lon="7.52197">
        <ele>1718.35</ele>
        <time>2026-05-04T01:05:33.8490000+00:00</time>
      </trkpt>
      <trkpt lat="46.689" lon="7.52183">
        <ele>1715.09</ele>
        <time>2026-05-04T01:05:50.1000000+00:00</time>
      </trkpt>
      <trkpt lat="46.689" lon="7.52171">
        <ele>1713.59</ele>
        <time>2026-05-04T01:06:03.3950000+00:00</time>
      </trkpt>
      <trkpt lat="46.68902" lon="7.52159">
        <ele>1713</ele>
        <time>2026-05-04T01:06:17.0780000+00:00</time>
      </trkpt>
      <trkpt lat="46.68905" lon="7.5215">
        <ele>1713.19</ele>
        <time>2026-05-04T01:06:28.1640000+00:00</time>
      </trkpt>
      <trkpt lat="46.68909" lon="7.52144">
        <ele>1714.14</ele>
        <time>2026-05-04T01:06:37.4340000+00:00</time>
      </trkpt>
      <trkpt lat="46.68911" lon="7.52138">
        <ele>1714.17</ele>
        <time>2026-05-04T01:06:44.8260000+00:00</time>
      </trkpt>
      <trkpt lat="46.68915" lon="7.52121">
        <ele>1713.3</ele>
        <time>2026-05-04T01:07:04.7390000+00:00</time>
      </trkpt>
      <trkpt lat="46.68916" lon="7.52112">
        <ele>1711.86</ele>
        <time>2026-05-04T01:07:14.8410000+00:00</time>
      </trkpt>
      <trkpt lat="46.68915" lon="7.52101">
        <ele>1709.21</ele>
        <time>2026-05-04T01:07:27.1350000+00:00</time>
      </trkpt>
      <trkpt lat="46.68915" lon="7.52099">
        <ele>1708.8</ele>
        <time>2026-05-04T01:07:29.3500000+00:00</time>
      </trkpt>
      <trkpt lat="46.6891" lon="7.52093">
        <ele>1705.6</ele>
        <time>2026-05-04T01:07:39.8110000+00:00</time>
      </trkpt>
      <trkpt lat="46.68908" lon="7.52087">
        <ele>1703.6</ele>
        <time>2026-05-04T01:07:47.2020000+00:00</time>
      </trkpt>
      <trkpt lat="46.68908" lon="7.52081">
        <ele>1702.39</ele>
        <time>2026-05-04T01:07:53.8500000+00:00</time>
      </trkpt>
      <trkpt lat="46.68915" lon="7.52074">
        <ele>1703.7</ele>
        <time>2026-05-04T01:08:07.5600000+00:00</time>
      </trkpt>
      <trkpt lat="46.68921" lon="7.52066">
        <ele>1704.36</ele>
        <time>2026-05-04T01:08:20.6940000+00:00</time>
      </trkpt>
      <trkpt lat="46.68924" lon="7.52058">
        <ele>1703.85</ele>
        <time>2026-05-04T01:08:30.7970000+00:00</time>
      </trkpt>
      <trkpt lat="46.68925" lon="7.52048">
        <ele>1702.14</ele>
        <time>2026-05-04T01:08:41.9950000+00:00</time>
      </trkpt>
      <trkpt lat="46.68924" lon="7.52039">
        <ele>1699.99</ele>
        <time>2026-05-04T01:08:52.0970000+00:00</time>
      </trkpt>
      <trkpt lat="46.6892" lon="7.5203">
        <ele>1697.62</ele>
        <time>2026-05-04T01:09:03.9790000+00:00</time>
      </trkpt>
      <trkpt lat="46.68914" lon="7.52021">
        <ele>1694.73</ele>
        <time>2026-05-04T01:09:17.8850000+00:00</time>
      </trkpt>
      <trkpt lat="46.68908" lon="7.52013">
        <ele>1692.13</ele>
        <time>2026-05-04T01:09:31.0190000+00:00</time>
      </trkpt>
      <trkpt lat="46.68902" lon="7.52009">
        <ele>1689.98</ele>
        <time>2026-05-04T01:09:41.6760000+00:00</time>
      </trkpt>
      <trkpt lat="46.68894" lon="7.52005">
        <ele>1687.31</ele>
        <time>2026-05-04T01:09:55.3360000+00:00</time>
      </trkpt>
      <trkpt lat="46.68885" lon="7.52002">
        <ele>1684.51</ele>
        <time>2026-05-04T01:10:10.2480000+00:00</time>
      </trkpt>
      <trkpt lat="46.68882" lon="7.51998">
        <ele>1683.54</ele>
        <time>2026-05-04T01:10:16.8140000+00:00</time>
      </trkpt>
      <trkpt lat="46.68876" lon="7.5199">
        <ele>1681.74</ele>
        <time>2026-05-04T01:10:29.9470000+00:00</time>
      </trkpt>
      <trkpt lat="46.68867" lon="7.51981">
        <ele>1679.37</ele>
        <time>2026-05-04T01:10:47.5760000+00:00</time>
      </trkpt>
      <trkpt lat="46.68862" lon="7.51974">
        <ele>1678.23</ele>
        <time>2026-05-04T01:10:58.7720000+00:00</time>
      </trkpt>
      <trkpt lat="46.68859" lon="7.51966">
        <ele>1677.73</ele>
        <time>2026-05-04T01:11:08.8740000+00:00</time>
      </trkpt>
      <trkpt lat="46.68855" lon="7.51954">
        <ele>1677.99</ele>
        <time>2026-05-04T01:11:23.6560000+00:00</time>
      </trkpt>
      <trkpt lat="46.68852" lon="7.51946">
        <ele>1679.42</ele>
        <time>2026-05-04T01:11:33.7580000+00:00</time>
      </trkpt>
      <trkpt lat="46.68845" lon="7.51934">
        <ele>1680.89</ele>
        <time>2026-05-04T01:11:51.2120000+00:00</time>
      </trkpt>
      <trkpt lat="46.68835" lon="7.51921">
        <ele>1681.59</ele>
        <time>2026-05-04T01:12:12.8540000+00:00</time>
      </trkpt>
      <trkpt lat="46.68826" lon="7.51911">
        <ele>1681.48</ele>
        <time>2026-05-04T01:12:31.1320000+00:00</time>
      </trkpt>
      <trkpt lat="46.68821" lon="7.51901">
        <ele>1682.07</ele>
        <time>2026-05-04T01:12:44.8440000+00:00</time>
      </trkpt>
      <trkpt lat="46.68812" lon="7.51882">
        <ele>1682.83</ele>
        <time>2026-05-04T01:13:10.4280000+00:00</time>
      </trkpt>
      <trkpt lat="46.68809" lon="7.51872">
        <ele>1683.68</ele>
        <time>2026-05-04T01:13:22.5210000+00:00</time>
      </trkpt>
      <trkpt lat="46.68805" lon="7.51856">
        <ele>1686.71</ele>
        <time>2026-05-04T01:13:41.3900000+00:00</time>
      </trkpt>
      <trkpt lat="46.68802" lon="7.51843">
        <ele>1689.32</ele>
        <time>2026-05-04T01:13:56.5880000+00:00</time>
      </trkpt>
      <trkpt lat="46.68799" lon="7.51838">
        <ele>1689.8</ele>
        <time>2026-05-04T01:14:03.9470000+00:00</time>
      </trkpt>
      <trkpt lat="46.68794" lon="7.51821">
        <ele>1693.05</ele>
        <time>2026-05-04T01:14:24.4420000+00:00</time>
      </trkpt>
      <trkpt lat="46.6879" lon="7.51812">
        <ele>1694.46</ele>
        <time>2026-05-04T01:14:36.3240000+00:00</time>
      </trkpt>
      <trkpt lat="46.68789" lon="7.51805">
        <ele>1696.14</ele>
        <time>2026-05-04T01:14:44.2460000+00:00</time>
      </trkpt>
      <trkpt lat="46.68784" lon="7.51797">
        <ele>1697.08</ele>
        <time>2026-05-04T01:14:56.2370000+00:00</time>
      </trkpt>
      <trkpt lat="46.68781" lon="7.51788">
        <ele>1699.07</ele>
        <time>2026-05-04T01:15:07.3230000+00:00</time>
      </trkpt>
      <trkpt lat="46.68776" lon="7.51779">
        <ele>1701.29</ele>
        <time>2026-05-04T01:15:20.1560000+00:00</time>
      </trkpt>
      <trkpt lat="46.6877" lon="7.51775">
        <ele>1700.3</ele>
        <time>2026-05-04T01:15:30.8130000+00:00</time>
      </trkpt>
      <trkpt lat="46.68767" lon="7.51769">
        <ele>1701.17</ele>
        <time>2026-05-04T01:15:39.0400000+00:00</time>
      </trkpt>
      <trkpt lat="46.68763" lon="7.51766">
        <ele>1700.44</ele>
        <time>2026-05-04T01:15:46.3050000+00:00</time>
      </trkpt>
      <trkpt lat="46.68757" lon="7.51759">
        <ele>1700.02</ele>
        <time>2026-05-04T01:15:58.7180000+00:00</time>
      </trkpt>
      <trkpt lat="46.68747" lon="7.51746">
        <ele>1699.1</ele>
        <time>2026-05-04T01:16:20.3600000+00:00</time>
      </trkpt>
      <trkpt lat="46.68743" lon="7.51743">
        <ele>1697.89</ele>
        <time>2026-05-04T01:16:27.6250000+00:00</time>
      </trkpt>
      <trkpt lat="46.68738" lon="7.51735">
        <ele>1697.39</ele>
        <time>2026-05-04T01:16:39.6160000+00:00</time>
      </trkpt>
      <trkpt lat="46.68732" lon="7.51728">
        <ele>1695.82</ele>
        <time>2026-05-04T01:16:52.0290000+00:00</time>
      </trkpt>
      <trkpt lat="46.68727" lon="7.5172">
        <ele>1694.8</ele>
        <time>2026-05-04T01:17:04.0210000+00:00</time>
      </trkpt>
      <trkpt lat="46.6872" lon="7.51713">
        <ele>1692.08</ele>
        <time>2026-05-04T01:17:17.7320000+00:00</time>
      </trkpt>
      <trkpt lat="46.68714" lon="7.5171">
        <ele>1688.94</ele>
        <time>2026-05-04T01:17:27.9770000+00:00</time>
      </trkpt>
      <trkpt lat="46.68712" lon="7.5171">
        <ele>1687.69</ele>
        <time>2026-05-04T01:17:31.2050000+00:00</time>
      </trkpt>
      <trkpt lat="46.6871" lon="7.51711">
        <ele>1686.26</ele>
        <time>2026-05-04T01:17:34.6200000+00:00</time>
      </trkpt>
      <trkpt lat="46.68702" lon="7.51717">
        <ele>1680.38</ele>
        <time>2026-05-04T01:17:49.1520000+00:00</time>
      </trkpt>
      <trkpt lat="46.68694" lon="7.5172">
        <ele>1675.17</ele>
        <time>2026-05-04T01:18:02.4940000+00:00</time>
      </trkpt>
      <trkpt lat="46.68687" lon="7.51723">
        <ele>1673.89</ele>
        <time>2026-05-04T01:18:14.2800000+00:00</time>
      </trkpt>
      <trkpt lat="46.68681" lon="7.51728">
        <ele>1673.12</ele>
        <time>2026-05-04T01:18:25.4440000+00:00</time>
      </trkpt>
      <trkpt lat="46.68675" lon="7.51735">
        <ele>1672.13</ele>
        <time>2026-05-04T01:18:37.8560000+00:00</time>
      </trkpt>
      <trkpt lat="46.68668" lon="7.51741">
        <ele>1671.26</ele>
        <time>2026-05-04T01:18:50.9720000+00:00</time>
      </trkpt>
      <trkpt lat="46.6866" lon="7.51746">
        <ele>1670.49</ele>
        <time>2026-05-04T01:19:05.0320000+00:00</time>
      </trkpt>
      <trkpt lat="46.68654" lon="7.51747">
        <ele>1670.24</ele>
        <time>2026-05-04T01:19:14.7870000+00:00</time>
      </trkpt>
      <trkpt lat="46.68652" lon="7.51748">
        <ele>1670.08</ele>
        <time>2026-05-04T01:19:18.2040000+00:00</time>
      </trkpt>
      <trkpt lat="46.6865" lon="7.5175">
        <ele>1669.82</ele>
        <time>2026-05-04T01:19:22.1220000+00:00</time>
      </trkpt>
      <trkpt lat="46.68643" lon="7.51762">
        <ele>1668.38</ele>
        <time>2026-05-04T01:19:39.5760000+00:00</time>
      </trkpt>
      <trkpt lat="46.68636" lon="7.51774">
        <ele>1667</ele>
        <time>2026-05-04T01:19:57.0290000+00:00</time>
      </trkpt>
      <trkpt lat="46.68634" lon="7.5178">
        <ele>1666.34</ele>
        <time>2026-05-04T01:20:04.4200000+00:00</time>
      </trkpt>
      <trkpt lat="46.6863" lon="7.51783">
        <ele>1665.98</ele>
        <time>2026-05-04T01:20:11.6860000+00:00</time>
      </trkpt>
      <trkpt lat="46.68622" lon="7.51784">
        <ele>1665.77</ele>
        <time>2026-05-04T01:20:24.6550000+00:00</time>
      </trkpt>
      <trkpt lat="46.68615" lon="7.51787">
        <ele>1665.38</ele>
        <time>2026-05-04T01:20:36.4410000+00:00</time>
      </trkpt>
      <trkpt lat="46.68613" lon="7.5179">
        <ele>1665.06</ele>
        <time>2026-05-04T01:20:41.0760000+00:00</time>
      </trkpt>
      <trkpt lat="46.68612" lon="7.51793">
        <ele>1665.03</ele>
        <time>2026-05-04T01:20:44.7720000+00:00</time>
      </trkpt>
      <trkpt lat="46.6861" lon="7.51798">
        <ele>1665.01</ele>
        <time>2026-05-04T01:20:51.1840000+00:00</time>
      </trkpt>
      <trkpt lat="46.68606" lon="7.518">
        <ele>1665.26</ele>
        <time>2026-05-04T01:20:58.0150000+00:00</time>
      </trkpt>
      <trkpt lat="46.68598" lon="7.51801">
        <ele>1665.86</ele>
        <time>2026-05-04T01:21:10.9850000+00:00</time>
      </trkpt>
      <trkpt lat="46.68594" lon="7.51804">
        <ele>1666.12</ele>
        <time>2026-05-04T01:21:18.2520000+00:00</time>
      </trkpt>
      <trkpt lat="46.68589" lon="7.51809">
        <ele>1666.39</ele>
        <time>2026-05-04T01:21:28.0460000+00:00</time>
      </trkpt>
      <trkpt lat="46.68582" lon="7.51824">
        <ele>1666.51</ele>
        <time>2026-05-04T01:21:48.1480000+00:00</time>
      </trkpt>
      <trkpt lat="46.68577" lon="7.51831">
        <ele>1666.58</ele>
        <time>2026-05-04T01:21:59.3470000+00:00</time>
      </trkpt>
      <trkpt lat="46.68575" lon="7.51833">
        <ele>1666.62</ele>
        <time>2026-05-04T01:22:03.2670000+00:00</time>
      </trkpt>
      <trkpt lat="46.68572" lon="7.51835">
        <ele>1666.7</ele>
        <time>2026-05-04T01:22:08.5970000+00:00</time>
      </trkpt>
      <trkpt lat="46.68569" lon="7.51851">
        <ele>1666.27</ele>
        <time>2026-05-04T01:22:26.9760000+00:00</time>
      </trkpt>
      <trkpt lat="46.68565" lon="7.51852">
        <ele>1666.36</ele>
        <time>2026-05-04T01:22:33.5320000+00:00</time>
      </trkpt>
      <trkpt lat="46.68564" lon="7.51855">
        <ele>1666.27</ele>
        <time>2026-05-04T01:22:37.2300000+00:00</time>
      </trkpt>
      <trkpt lat="46.68564" lon="7.51857">
        <ele>1666.19</ele>
        <time>2026-05-04T01:22:39.4540000+00:00</time>
      </trkpt>
      <trkpt lat="46.68565" lon="7.51866">
        <ele>1665.82</ele>
        <time>2026-05-04T01:22:49.5580000+00:00</time>
      </trkpt>
      <trkpt lat="46.68564" lon="7.51879">
        <ele>1665.51</ele>
        <time>2026-05-04T01:23:04.0530000+00:00</time>
      </trkpt>
      <trkpt lat="46.68562" lon="7.51888">
        <ele>1665.47</ele>
        <time>2026-05-04T01:23:14.5360000+00:00</time>
      </trkpt>
      <trkpt lat="46.68558" lon="7.51892">
        <ele>1665.48</ele>
        <time>2026-05-04T01:23:22.3710000+00:00</time>
      </trkpt>
      <trkpt lat="46.68552" lon="7.51897">
        <ele>1665.5</ele>
        <time>2026-05-04T01:23:33.5340000+00:00</time>
      </trkpt>
      <trkpt lat="46.68542" lon="7.51905">
        <ele>1665.5</ele>
        <time>2026-05-04T01:23:51.9590000+00:00</time>
      </trkpt>
      <trkpt lat="46.68537" lon="7.51915">
        <ele>1665.44</ele>
        <time>2026-05-04T01:24:05.6710000+00:00</time>
      </trkpt>
      <trkpt lat="46.68536" lon="7.51923">
        <ele>1665.36</ele>
        <time>2026-05-04T01:24:14.6820000+00:00</time>
      </trkpt>
      <trkpt lat="46.68537" lon="7.51931">
        <ele>1665.27</ele>
        <time>2026-05-04T01:24:23.6940000+00:00</time>
      </trkpt>
      <trkpt lat="46.68536" lon="7.51942">
        <ele>1665.16</ele>
        <time>2026-05-04T01:24:35.9900000+00:00</time>
      </trkpt>
      <trkpt lat="46.68536" lon="7.51947">
        <ele>1665.1</ele>
        <time>2026-05-04T01:24:41.5300000+00:00</time>
      </trkpt>
      <trkpt lat="46.68539" lon="7.51958">
        <ele>1665.05</ele>
        <time>2026-05-04T01:24:54.6460000+00:00</time>
      </trkpt>
      <trkpt lat="46.68544" lon="7.5197">
        <ele>1665.5</ele>
        <time>2026-05-04T01:25:10.2030000+00:00</time>
      </trkpt>
      <trkpt lat="46.68545" lon="7.51977">
        <ele>1665.76</ele>
        <time>2026-05-04T01:25:18.1250000+00:00</time>
      </trkpt>
      <trkpt lat="46.68549" lon="7.51996">
        <ele>1666.37</ele>
        <time>2026-05-04T01:25:40.1470000+00:00</time>
      </trkpt>
      <trkpt lat="46.68552" lon="7.52016">
        <ele>1666.97</ele>
        <time>2026-05-04T01:26:02.8310000+00:00</time>
      </trkpt>
      <trkpt lat="46.68556" lon="7.52025">
        <ele>1667.11</ele>
        <time>2026-05-04T01:26:14.7130000+00:00</time>
      </trkpt>
      <trkpt lat="46.6856" lon="7.52031">
        <ele>1667.12</ele>
        <time>2026-05-04T01:26:23.9850000+00:00</time>
      </trkpt>
      <trkpt lat="46.68561" lon="7.52038">
        <ele>1667.27</ele>
        <time>2026-05-04T01:26:31.9070000+00:00</time>
      </trkpt>
      <trkpt lat="46.68566" lon="7.52052">
        <ele>1667.92</ele>
        <time>2026-05-04T01:26:49.3960000+00:00</time>
      </trkpt>
      <trkpt lat="46.68569" lon="7.52065">
        <ele>1668.55</ele>
        <time>2026-05-04T01:27:04.5940000+00:00</time>
      </trkpt>
      <trkpt lat="46.68573" lon="7.52074">
        <ele>1668.72</ele>
        <time>2026-05-04T01:27:16.4770000+00:00</time>
      </trkpt>
      <trkpt lat="46.68578" lon="7.52085">
        <ele>1668.76</ele>
        <time>2026-05-04T01:27:31.0990000+00:00</time>
      </trkpt>
      <trkpt lat="46.68579" lon="7.52095">
        <ele>1669.13</ele>
        <time>2026-05-04T01:27:42.2960000+00:00</time>
      </trkpt>
      <trkpt lat="46.68582" lon="7.52102">
        <ele>1669.03</ele>
        <time>2026-05-04T01:27:51.4420000+00:00</time>
      </trkpt>
      <trkpt lat="46.68586" lon="7.52122">
        <ele>1669.19</ele>
        <time>2026-05-04T01:28:14.5260000+00:00</time>
      </trkpt>
      <trkpt lat="46.6859" lon="7.52131">
        <ele>1669.12</ele>
        <time>2026-05-04T01:28:26.4080000+00:00</time>
      </trkpt>
      <trkpt lat="46.68595" lon="7.52144">
        <ele>1668.83</ele>
        <time>2026-05-04T01:28:42.9220000+00:00</time>
      </trkpt>
      <trkpt lat="46.68599" lon="7.52157">
        <ele>1668.32</ele>
        <time>2026-05-04T01:28:58.7100000+00:00</time>
      </trkpt>
      <trkpt lat="46.68599" lon="7.5217">
        <ele>1668.87</ele>
        <time>2026-05-04T01:29:13.1150000+00:00</time>
      </trkpt>
      <trkpt lat="46.68609" lon="7.52202">
        <ele>1665.25</ele>
        <time>2026-05-04T01:29:52.0790000+00:00</time>
      </trkpt>
      <trkpt lat="46.68614" lon="7.52213">
        <ele>1665.9</ele>
        <time>2026-05-04T01:30:06.7010000+00:00</time>
      </trkpt>
      <trkpt lat="46.68619" lon="7.52225">
        <ele>1667.44</ele>
        <time>2026-05-04T01:30:22.2580000+00:00</time>
      </trkpt>
      <trkpt lat="46.68627" lon="7.52251">
        <ele>1670.4</ele>
        <time>2026-05-04T01:30:53.8320000+00:00</time>
      </trkpt>
      <trkpt lat="46.6863" lon="7.52258">
        <ele>1671.05</ele>
        <time>2026-05-04T01:31:02.9780000+00:00</time>
      </trkpt>
      <trkpt lat="46.68631" lon="7.52264">
        <ele>1671.68</ele>
        <time>2026-05-04T01:31:09.8180000+00:00</time>
      </trkpt>
      <trkpt lat="46.68638" lon="7.52274">
        <ele>1672.23</ele>
        <time>2026-05-04T01:31:25.6490000+00:00</time>
      </trkpt>
      <trkpt lat="46.68642" lon="7.52279">
        <ele>1672.39</ele>
        <time>2026-05-04T01:31:34.1600000+00:00</time>
      </trkpt>
      <trkpt lat="46.68644" lon="7.52284">
        <ele>1672.7</ele>
        <time>2026-05-04T01:31:40.5720000+00:00</time>
      </trkpt>
      <trkpt lat="46.68649" lon="7.52287">
        <ele>1672.47</ele>
        <time>2026-05-04T01:31:49.3050000+00:00</time>
      </trkpt>
      <trkpt lat="46.68652" lon="7.52293">
        <ele>1673.43</ele>
        <time>2026-05-04T01:31:57.5310000+00:00</time>
      </trkpt>
      <trkpt lat="46.6866" lon="7.52298">
        <ele>1674.03</ele>
        <time>2026-05-04T01:32:11.5900000+00:00</time>
      </trkpt>
      <trkpt lat="46.68674" lon="7.52311">
        <ele>1675.88</ele>
        <time>2026-05-04T01:32:38.4020000+00:00</time>
      </trkpt>
      <trkpt lat="46.68677" lon="7.52317">
        <ele>1677.05</ele>
        <time>2026-05-04T01:32:46.6290000+00:00</time>
      </trkpt>
      <trkpt lat="46.68683" lon="7.52324">
        <ele>1677.91</ele>
        <time>2026-05-04T01:32:59.0420000+00:00</time>
      </trkpt>
      <trkpt lat="46.6869" lon="7.52327">
        <ele>1677.44</ele>
        <time>2026-05-04T01:33:10.8280000+00:00</time>
      </trkpt>
      <trkpt lat="46.68703" lon="7.52329">
        <ele>1677.37</ele>
        <time>2026-05-04T01:33:31.9430000+00:00</time>
      </trkpt>
      <trkpt lat="46.68721" lon="7.52329">
        <ele>1677.27</ele>
        <time>2026-05-04T01:34:01.0170000+00:00</time>
      </trkpt>
      <trkpt lat="46.68728" lon="7.52327">
        <ele>1676.76</ele>
        <time>2026-05-04T01:34:12.5390000+00:00</time>
      </trkpt>
      <trkpt lat="46.68736" lon="7.52329">
        <ele>1677.18</ele>
        <time>2026-05-04T01:34:25.6490000+00:00</time>
      </trkpt>
      <trkpt lat="46.68742" lon="7.52339">
        <ele>1679.48</ele>
        <time>2026-05-04T01:34:40.3690000+00:00</time>
      </trkpt>
      <trkpt lat="46.68749" lon="7.52346">
        <ele>1681.05</ele>
        <time>2026-05-04T01:34:54.0810000+00:00</time>
      </trkpt>
      <trkpt lat="46.68747" lon="7.52352">
        <ele>1682.46</ele>
        <time>2026-05-04T01:35:01.4720000+00:00</time>
      </trkpt>
      <trkpt lat="46.68747" lon="7.52356">
        <ele>1683.39</ele>
        <time>2026-05-04T01:35:05.9020000+00:00</time>
      </trkpt>
      <trkpt lat="46.68745" lon="7.52359">
        <ele>1684.11</ele>
        <time>2026-05-04T01:35:10.5360000+00:00</time>
      </trkpt>
      <trkpt lat="46.68741" lon="7.5236">
        <ele>1684.38</ele>
        <time>2026-05-04T01:35:17.0890000+00:00</time>
      </trkpt>
      <trkpt lat="46.68738" lon="7.52357">
        <ele>1683.71</ele>
        <time>2026-05-04T01:35:22.9650000+00:00</time>
      </trkpt>
      <trkpt lat="46.68735" lon="7.52357">
        <ele>1683.74</ele>
        <time>2026-05-04T01:35:27.8100000+00:00</time>
      </trkpt>
      <trkpt lat="46.68736" lon="7.52366">
        <ele>1685.84</ele>
        <time>2026-05-04T01:35:37.9120000+00:00</time>
      </trkpt>
      <trkpt lat="46.68736" lon="7.52372">
        <ele>1687.24</ele>
        <time>2026-05-04T01:35:44.5600000+00:00</time>
      </trkpt>
      <trkpt lat="46.68739" lon="7.5238">
        <ele>1689.36</ele>
        <time>2026-05-04T01:35:54.6630000+00:00</time>
      </trkpt>
      <trkpt lat="46.68742" lon="7.52399">
        <ele>1694.63</ele>
        <time>2026-05-04T01:36:16.2660000+00:00</time>
      </trkpt>
      <trkpt lat="46.68744" lon="7.52412">
        <ele>1698.3</ele>
        <time>2026-05-04T01:36:31.0280000+00:00</time>
      </trkpt>
      <trkpt lat="46.68743" lon="7.52417">
        <ele>1699.66</ele>
        <time>2026-05-04T01:36:36.7980000+00:00</time>
      </trkpt>
      <trkpt lat="46.68737" lon="7.52428">
        <ele>1702.47</ele>
        <time>2026-05-04T01:36:52.3700000+00:00</time>
      </trkpt>
      <trkpt lat="46.68743" lon="7.52435">
        <ele>1704.68</ele>
        <time>2026-05-04T01:37:04.7830000+00:00</time>
      </trkpt>
      <trkpt lat="46.68752" lon="7.52442">
        <ele>1707.15</ele>
        <time>2026-05-04T01:37:21.2590000+00:00</time>
      </trkpt>
      <trkpt lat="46.6875" lon="7.52445">
        <ele>1707.9</ele>
        <time>2026-05-04T01:37:25.8950000+00:00</time>
      </trkpt>
      <trkpt lat="46.68746" lon="7.52448">
        <ele>1708.5</ele>
        <time>2026-05-04T01:37:33.1610000+00:00</time>
      </trkpt>
      <trkpt lat="46.6874" lon="7.52447">
        <ele>1707.84</ele>
        <time>2026-05-04T01:37:42.9150000+00:00</time>
      </trkpt>
      <trkpt lat="46.68736" lon="7.52448">
        <ele>1707.86</ele>
        <time>2026-05-04T01:37:49.4710000+00:00</time>
      </trkpt>
      <trkpt lat="46.68732" lon="7.52447">
        <ele>1707.34</ele>
        <time>2026-05-04T01:37:56.0270000+00:00</time>
      </trkpt>
      <trkpt lat="46.68728" lon="7.52443">
        <ele>1706.04</ele>
        <time>2026-05-04T01:38:03.8620000+00:00</time>
      </trkpt>
      <trkpt lat="46.68725" lon="7.52442">
        <ele>1705.6</ele>
        <time>2026-05-04T01:38:08.8320000+00:00</time>
      </trkpt>
      <trkpt lat="46.68728" lon="7.5245">
        <ele>1707.88</ele>
        <time>2026-05-04T01:38:18.9340000+00:00</time>
      </trkpt>
      <trkpt lat="46.68736" lon="7.52464">
        <ele>1711.51</ele>
        <time>2026-05-04T01:38:39.1240000+00:00</time>
      </trkpt>
      <trkpt lat="46.68745" lon="7.52484">
        <ele>1715.76</ele>
        <time>2026-05-04T01:39:05.6260000+00:00</time>
      </trkpt>
      <trkpt lat="46.68748" lon="7.525">
        <ele>1718.86</ele>
        <time>2026-05-04T01:39:24.0050000+00:00</time>
      </trkpt>
      <trkpt lat="46.68749" lon="7.52508">
        <ele>1720.37</ele>
        <time>2026-05-04T01:39:33.0150000+00:00</time>
      </trkpt>
      <trkpt lat="46.68751" lon="7.5252">
        <ele>1722.68</ele>
        <time>2026-05-04T01:39:46.6990000+00:00</time>
      </trkpt>
      <trkpt lat="46.68754" lon="7.52537">
        <ele>1725.95</ele>
        <time>2026-05-04T01:40:06.1490000+00:00</time>
      </trkpt>
      <trkpt lat="46.68756" lon="7.52557">
        <ele>1729.29</ele>
        <time>2026-05-04T01:40:28.5430000+00:00</time>
      </trkpt>
      <trkpt lat="46.68754" lon="7.52568">
        <ele>1730.84</ele>
        <time>2026-05-04T01:40:41.1520000+00:00</time>
      </trkpt>
      <trkpt lat="46.68754" lon="7.52584">
        <ele>1733.32</ele>
        <time>2026-05-04T01:40:58.8800000+00:00</time>
      </trkpt>
      <trkpt lat="46.68757" lon="7.52603">
        <ele>1736.6</ele>
        <time>2026-05-04T01:41:20.4830000+00:00</time>
      </trkpt>
      <trkpt lat="46.68757" lon="7.52618">
        <ele>1738.96</ele>
        <time>2026-05-04T01:41:37.1030000+00:00</time>
      </trkpt>
      <trkpt lat="46.68757" lon="7.52628">
        <ele>1740.58</ele>
        <time>2026-05-04T01:41:48.1840000+00:00</time>
      </trkpt>
      <trkpt lat="46.68754" lon="7.52634">
        <ele>1741.19</ele>
        <time>2026-05-04T01:41:56.4100000+00:00</time>
      </trkpt>
      <trkpt lat="46.68756" lon="7.52641">
        <ele>1742.61</ele>
        <time>2026-05-04T01:42:04.8120000+00:00</time>
      </trkpt>
      <trkpt lat="46.68755" lon="7.52662">
        <ele>1745.94</ele>
        <time>2026-05-04T01:42:28.1360000+00:00</time>
      </trkpt>
      <trkpt lat="46.68755" lon="7.52681">
        <ele>1749.08</ele>
        <time>2026-05-04T01:42:49.1880000+00:00</time>
      </trkpt>
      <trkpt lat="46.68755" lon="7.52702">
        <ele>1752.54</ele>
        <time>2026-05-04T01:43:12.4560000+00:00</time>
      </trkpt>
      <trkpt lat="46.68756" lon="7.52719">
        <ele>1754.76</ele>
        <time>2026-05-04T01:43:31.3620000+00:00</time>
      </trkpt>
      <trkpt lat="46.68755" lon="7.52727">
        <ele>1755.41</ele>
        <time>2026-05-04T01:43:40.3710000+00:00</time>
      </trkpt>
      <trkpt lat="46.68749" lon="7.52748">
        <ele>1756.35</ele>
        <time>2026-05-04T01:44:05.5770000+00:00</time>
      </trkpt>
      <trkpt lat="46.68743" lon="7.52759">
        <ele>1756.15</ele>
        <time>2026-05-04T01:44:21.1490000+00:00</time>
      </trkpt>
      <trkpt lat="46.6874" lon="7.52772">
        <ele>1756.72</ele>
        <time>2026-05-04T01:44:36.3460000+00:00</time>
      </trkpt>
      <trkpt lat="46.68735" lon="7.52789">
        <ele>1757.12</ele>
        <time>2026-05-04T01:44:56.8410000+00:00</time>
      </trkpt>
      <trkpt lat="46.68734" lon="7.52795">
        <ele>1756.43</ele>
        <time>2026-05-04T01:45:03.6830000+00:00</time>
      </trkpt>
      <trkpt lat="46.68733" lon="7.52814">
        <ele>1754.58</ele>
        <time>2026-05-04T01:45:24.7990000+00:00</time>
      </trkpt>
      <trkpt lat="46.68731" lon="7.52831">
        <ele>1752.64</ele>
        <time>2026-05-04T01:45:43.9100000+00:00</time>
      </trkpt>
      <trkpt lat="46.68728" lon="7.52838">
        <ele>1751.29</ele>
        <time>2026-05-04T01:45:53.0560000+00:00</time>
      </trkpt>
      <trkpt lat="46.68728" lon="7.52849">
        <ele>1750.34</ele>
        <time>2026-05-04T01:46:05.2450000+00:00</time>
      </trkpt>
      <trkpt lat="46.68727" lon="7.52871">
        <ele>1748.19</ele>
        <time>2026-05-04T01:46:29.6750000+00:00</time>
      </trkpt>
      <trkpt lat="46.68724" lon="7.52878">
        <ele>1746.45</ele>
        <time>2026-05-04T01:46:38.8200000+00:00</time>
      </trkpt>
      <trkpt lat="46.68724" lon="7.52885">
        <ele>1745.41</ele>
        <time>2026-05-04T01:46:46.5770000+00:00</time>
      </trkpt>
      <trkpt lat="46.68724" lon="7.52901">
        <ele>1743.04</ele>
        <time>2026-05-04T01:47:04.3070000+00:00</time>
      </trkpt>
      <trkpt lat="46.68724" lon="7.5291">
        <ele>1741.7</ele>
        <time>2026-05-04T01:47:14.2800000+00:00</time>
      </trkpt>
      <trkpt lat="46.68721" lon="7.5292">
        <ele>1739.44</ele>
        <time>2026-05-04T01:47:26.3730000+00:00</time>
      </trkpt>
      <trkpt lat="46.6872" lon="7.52927">
        <ele>1738.15</ele>
        <time>2026-05-04T01:47:34.2940000+00:00</time>
      </trkpt>
      <trkpt lat="46.6872" lon="7.52936">
        <ele>1736.81</ele>
        <time>2026-05-04T01:47:44.2650000+00:00</time>
      </trkpt>
      <trkpt lat="46.68722" lon="7.52944">
        <ele>1736.14</ele>
        <time>2026-05-04T01:47:53.6990000+00:00</time>
      </trkpt>
      <trkpt lat="46.68722" lon="7.52947">
        <ele>1735.69</ele>
        <time>2026-05-04T01:47:57.0200000+00:00</time>
      </trkpt>
      <trkpt lat="46.68719" lon="7.52954">
        <ele>1733.9</ele>
        <time>2026-05-04T01:48:06.1660000+00:00</time>
      </trkpt>
      <trkpt lat="46.6872" lon="7.5296">
        <ele>1733.34</ele>
        <time>2026-05-04T01:48:13.0090000+00:00</time>
      </trkpt>
      <trkpt lat="46.68721" lon="7.52968">
        <ele>1732.57</ele>
        <time>2026-05-04T01:48:22.0180000+00:00</time>
      </trkpt>
      <trkpt lat="46.68722" lon="7.52979">
        <ele>1731.4</ele>
        <time>2026-05-04T01:48:34.3120000+00:00</time>
      </trkpt>
      <trkpt lat="46.68724" lon="7.5299">
        <ele>1730.47</ele>
        <time>2026-05-04T01:48:46.9210000+00:00</time>
      </trkpt>
      <trkpt lat="46.68724" lon="7.53003">
        <ele>1728.79</ele>
        <time>2026-05-04T01:49:01.3260000+00:00</time>
      </trkpt>
      <trkpt lat="46.68725" lon="7.53014">
        <ele>1727.61</ele>
        <time>2026-05-04T01:49:13.6220000+00:00</time>
      </trkpt>
      <trkpt lat="46.68728" lon="7.5302">
        <ele>1727.53</ele>
        <time>2026-05-04T01:49:21.8480000+00:00</time>
      </trkpt>
      <trkpt lat="46.68728" lon="7.53025">
        <ele>1726.88</ele>
        <time>2026-05-04T01:49:27.3880000+00:00</time>
      </trkpt>
      <trkpt lat="46.68727" lon="7.5303">
        <ele>1726</ele>
        <time>2026-05-04T01:49:33.1580000+00:00</time>
      </trkpt>
      <trkpt lat="46.68728" lon="7.53038">
        <ele>1725.19</ele>
        <time>2026-05-04T01:49:42.1680000+00:00</time>
      </trkpt>
      <trkpt lat="46.68729" lon="7.53042">
        <ele>1725.19</ele>
        <time>2026-05-04T01:49:46.8850000+00:00</time>
      </trkpt>
      <trkpt lat="46.68732" lon="7.53046">
        <ele>1725.76</ele>
        <time>2026-05-04T01:49:53.4520000+00:00</time>
      </trkpt>
      <trkpt lat="46.68741" lon="7.53054">
        <ele>1727.52</ele>
        <time>2026-05-04T01:50:10.4790000+00:00</time>
      </trkpt>
      <trkpt lat="46.68745" lon="7.53062">
        <ele>1728.13</ele>
        <time>2026-05-04T01:50:21.4480000+00:00</time>
      </trkpt>
      <trkpt lat="46.6875" lon="7.53065">
        <ele>1729.11</ele>
        <time>2026-05-04T01:50:30.1800000+00:00</time>
      </trkpt>
      <trkpt lat="46.68757" lon="7.53068">
        <ele>1730.51</ele>
        <time>2026-05-04T01:50:41.9650000+00:00</time>
      </trkpt>
      <trkpt lat="46.6876" lon="7.53073">
        <ele>1730.95</ele>
        <time>2026-05-04T01:50:49.3270000+00:00</time>
      </trkpt>
      <trkpt lat="46.68763" lon="7.53082">
        <ele>1731.21</ele>
        <time>2026-05-04T01:51:00.4140000+00:00</time>
      </trkpt>
      <trkpt lat="46.68766" lon="7.53083">
        <ele>1731.8</ele>
        <time>2026-05-04T01:51:05.3840000+00:00</time>
      </trkpt>
      <trkpt lat="46.68768" lon="7.53086">
        <ele>1732.08</ele>
        <time>2026-05-04T01:51:10.0200000+00:00</time>
      </trkpt>
      <trkpt lat="46.68771" lon="7.53091">
        <ele>1732.48</ele>
        <time>2026-05-04T01:51:17.3820000+00:00</time>
      </trkpt>
      <trkpt lat="46.68776" lon="7.53103">
        <ele>1732.93</ele>
        <time>2026-05-04T01:51:32.9390000+00:00</time>
      </trkpt>
      <trkpt lat="46.68781" lon="7.53107">
        <ele>1735.51</ele>
        <time>2026-05-04T01:51:42.1520000+00:00</time>
      </trkpt>
      <trkpt lat="46.68785" lon="7.53109">
        <ele>1737.66</ele>
        <time>2026-05-04T01:51:48.9840000+00:00</time>
      </trkpt>
      <trkpt lat="46.6879" lon="7.53123">
        <ele>1740.07</ele>
        <time>2026-05-04T01:52:06.4730000+00:00</time>
      </trkpt>
      <trkpt lat="46.68793" lon="7.53135">
        <ele>1742.1</ele>
        <time>2026-05-04T01:52:20.6240000+00:00</time>
      </trkpt>
      <trkpt lat="46.68793" lon="7.53141">
        <ele>1742.24</ele>
        <time>2026-05-04T01:52:27.2720000+00:00</time>
      </trkpt>
      <trkpt lat="46.68795" lon="7.53152">
        <ele>1743.75</ele>
        <time>2026-05-04T01:52:39.8800000+00:00</time>
      </trkpt>
      <trkpt lat="46.68799" lon="7.53167">
        <ele>1746.73</ele>
        <time>2026-05-04T01:52:57.7120000+00:00</time>
      </trkpt>
      <trkpt lat="46.688" lon="7.53176">
        <ele>1747.68</ele>
        <time>2026-05-04T01:53:07.8140000+00:00</time>
      </trkpt>
      <trkpt lat="46.688" lon="7.53187">
        <ele>1748.06</ele>
        <time>2026-05-04T01:53:20.0020000+00:00</time>
      </trkpt>
      <trkpt lat="46.68802" lon="7.53198">
        <ele>1749.81</ele>
        <time>2026-05-04T01:53:32.6110000+00:00</time>
      </trkpt>
      <trkpt lat="46.68802" lon="7.53213">
        <ele>1750.61</ele>
        <time>2026-05-04T01:53:49.2310000+00:00</time>
      </trkpt>
      <trkpt lat="46.68799" lon="7.53222">
        <ele>1749.08</ele>
        <time>2026-05-04T01:54:00.3180000+00:00</time>
      </trkpt>
      <trkpt lat="46.68797" lon="7.53234">
        <ele>1748.41</ele>
        <time>2026-05-04T01:54:14.0010000+00:00</time>
      </trkpt>
      <trkpt lat="46.68798" lon="7.53244">
        <ele>1749.79</ele>
        <time>2026-05-04T01:54:25.1970000+00:00</time>
      </trkpt>
      <trkpt lat="46.68798" lon="7.53259">
        <ele>1750.75</ele>
        <time>2026-05-04T01:54:41.8170000+00:00</time>
      </trkpt>
      <trkpt lat="46.68798" lon="7.53274">
        <ele>1751.72</ele>
        <time>2026-05-04T01:54:58.4370000+00:00</time>
      </trkpt>
      <trkpt lat="46.68798" lon="7.53288">
        <ele>1752.63</ele>
        <time>2026-05-04T01:55:13.9480000+00:00</time>
      </trkpt>
      <trkpt lat="46.68798" lon="7.53294">
        <ele>1753.08</ele>
        <time>2026-05-04T01:55:20.5970000+00:00</time>
      </trkpt>
      <trkpt lat="46.68795" lon="7.53307">
        <ele>1751.69</ele>
        <time>2026-05-04T01:55:35.7940000+00:00</time>
      </trkpt>
      <trkpt lat="46.68792" lon="7.53315">
        <ele>1749.93</ele>
        <time>2026-05-04T01:55:45.8960000+00:00</time>
      </trkpt>
      <trkpt lat="46.68789" lon="7.53324">
        <ele>1748.26</ele>
        <time>2026-05-04T01:55:56.9830000+00:00</time>
      </trkpt>
      <trkpt lat="46.68787" lon="7.53329">
        <ele>1747.08</ele>
        <time>2026-05-04T01:56:03.3970000+00:00</time>
      </trkpt>
      <trkpt lat="46.68784" lon="7.53336">
        <ele>1745.27</ele>
        <time>2026-05-04T01:56:12.5420000+00:00</time>
      </trkpt>
      <trkpt lat="46.6878" lon="7.53346">
        <ele>1742.94</ele>
        <time>2026-05-04T01:56:25.3680000+00:00</time>
      </trkpt>
      <trkpt lat="46.68774" lon="7.53353">
        <ele>1739.65</ele>
        <time>2026-05-04T01:56:37.7810000+00:00</time>
      </trkpt>
      <trkpt lat="46.68771" lon="7.53357">
        <ele>1738.88</ele>
        <time>2026-05-04T01:56:44.3500000+00:00</time>
      </trkpt>
      <trkpt lat="46.68771" lon="7.53361">
        <ele>1739.21</ele>
        <time>2026-05-04T01:56:48.7850000+00:00</time>
      </trkpt>
      <trkpt lat="46.6877" lon="7.53365">
        <ele>1739.17</ele>
        <time>2026-05-04T01:56:53.5040000+00:00</time>
      </trkpt>
      <trkpt lat="46.68764" lon="7.53365">
        <ele>1736.95</ele>
        <time>2026-05-04T01:57:03.1960000+00:00</time>
      </trkpt>
      <trkpt lat="46.68763" lon="7.53372">
        <ele>1737.14</ele>
        <time>2026-05-04T01:57:11.1180000+00:00</time>
      </trkpt>
      <trkpt lat="46.68762" lon="7.5338">
        <ele>1737.53</ele>
        <time>2026-05-04T01:57:20.1280000+00:00</time>
      </trkpt>
      <trkpt lat="46.68757" lon="7.53386">
        <ele>1736.18</ele>
        <time>2026-05-04T01:57:30.5890000+00:00</time>
      </trkpt>
      <trkpt lat="46.68755" lon="7.53391">
        <ele>1735.87</ele>
        <time>2026-05-04T01:57:37.0010000+00:00</time>
      </trkpt>
      <trkpt lat="46.68752" lon="7.53395">
        <ele>1735.05</ele>
        <time>2026-05-04T01:57:43.5680000+00:00</time>
      </trkpt>
      <trkpt lat="46.6875" lon="7.53401">
        <ele>1734.78</ele>
        <time>2026-05-04T01:57:50.9590000+00:00</time>
      </trkpt>
      <trkpt lat="46.68747" lon="7.53412">
        <ele>1734.5</ele>
        <time>2026-05-04T01:58:04.0750000+00:00</time>
      </trkpt>
      <trkpt lat="46.68745" lon="7.53423">
        <ele>1734.58</ele>
        <time>2026-05-04T01:58:16.6840000+00:00</time>
      </trkpt>
      <trkpt lat="46.68741" lon="7.53429">
        <ele>1733.38</ele>
        <time>2026-05-04T01:58:25.9540000+00:00</time>
      </trkpt>
      <trkpt lat="46.68739" lon="7.53435">
        <ele>1732.99</ele>
        <time>2026-05-04T01:58:33.3450000+00:00</time>
      </trkpt>
      <trkpt lat="46.68732" lon="7.53442">
        <ele>1730.5</ele>
        <time>2026-05-04T01:58:47.0570000+00:00</time>
      </trkpt>
      <trkpt lat="46.68727" lon="7.53456">
        <ele>1729.19</ele>
        <time>2026-05-04T01:59:04.5460000+00:00</time>
      </trkpt>
      <trkpt lat="46.68721" lon="7.53458">
        <ele>1726.39</ele>
        <time>2026-05-04T01:59:14.4890000+00:00</time>
      </trkpt>
      <trkpt lat="46.68717" lon="7.53463">
        <ele>1724.26</ele>
        <time>2026-05-04T01:59:22.9990000+00:00</time>
      </trkpt>
      <trkpt lat="46.68715" lon="7.53469">
        <ele>1722.93</ele>
        <time>2026-05-04T01:59:30.3920000+00:00</time>
      </trkpt>
      <trkpt lat="46.68715" lon="7.53478">
        <ele>1722.3</ele>
        <time>2026-05-04T01:59:40.3650000+00:00</time>
      </trkpt>
      <trkpt lat="46.68716" lon="7.53487">
        <ele>1722.14</ele>
        <time>2026-05-04T01:59:50.4680000+00:00</time>
      </trkpt>
      <trkpt lat="46.6872" lon="7.53498">
        <ele>1723.36</ele>
        <time>2026-05-04T02:00:04.2620000+00:00</time>
      </trkpt>
      <trkpt lat="46.68722" lon="7.53505">
        <ele>1723.91</ele>
        <time>2026-05-04T02:00:12.6640000+00:00</time>
      </trkpt>
      <trkpt lat="46.68724" lon="7.53523">
        <ele>1723.83</ele>
        <time>2026-05-04T02:00:32.8690000+00:00</time>
      </trkpt>
      <trkpt lat="46.68716" lon="7.53513">
        <ele>1720.34</ele>
        <time>2026-05-04T02:00:49.8910000+00:00</time>
      </trkpt>
      <trkpt lat="46.68707" lon="7.53512">
        <ele>1715.83</ele>
        <time>2026-05-04T02:01:04.4710000+00:00</time>
      </trkpt>
      <trkpt lat="46.68709" lon="7.53539">
        <ele>1714.76</ele>
        <time>2026-05-04T02:01:34.5620000+00:00</time>
      </trkpt>
      <trkpt lat="46.68713" lon="7.53549">
        <ele>1716.13</ele>
        <time>2026-05-04T02:01:47.3890000+00:00</time>
      </trkpt>
      <trkpt lat="46.68718" lon="7.53561">
        <ele>1718.05</ele>
        <time>2026-05-04T02:02:02.9460000+00:00</time>
      </trkpt>
      <trkpt lat="46.68721" lon="7.53566">
        <ele>1719.43</ele>
        <time>2026-05-04T02:02:10.3050000+00:00</time>
      </trkpt>
      <trkpt lat="46.68723" lon="7.53574">
        <ele>1720.07</ele>
        <time>2026-05-04T02:02:19.7390000+00:00</time>
      </trkpt>
      <trkpt lat="46.68724" lon="7.53585">
        <ele>1719.97</ele>
        <time>2026-05-04T02:02:32.0340000+00:00</time>
      </trkpt>
      <trkpt lat="46.68725" lon="7.53599">
        <ele>1719.71</ele>
        <time>2026-05-04T02:02:47.6300000+00:00</time>
      </trkpt>
      <trkpt lat="46.68722" lon="7.53606">
        <ele>1717.37</ele>
        <time>2026-05-04T02:02:56.7750000+00:00</time>
      </trkpt>
      <trkpt lat="46.68722" lon="7.53613">
        <ele>1716.91</ele>
        <time>2026-05-04T02:03:04.5300000+00:00</time>
      </trkpt>
      <trkpt lat="46.6872" lon="7.53617">
        <ele>1715.34</ele>
        <time>2026-05-04T02:03:10.0150000+00:00</time>
      </trkpt>
      <trkpt lat="46.68716" lon="7.53611">
        <ele>1713.17</ele>
        <time>2026-05-04T02:03:19.2860000+00:00</time>
      </trkpt>
      <trkpt lat="46.68714" lon="7.53607">
        <ele>1712.19</ele>
        <time>2026-05-04T02:03:24.7710000+00:00</time>
      </trkpt>
      <trkpt lat="46.6871" lon="7.53605">
        <ele>1709.8</ele>
        <time>2026-05-04T02:03:31.6010000+00:00</time>
      </trkpt>
      <trkpt lat="46.68705" lon="7.53601">
        <ele>1706.99</ele>
        <time>2026-05-04T02:03:40.8130000+00:00</time>
      </trkpt>
      <trkpt lat="46.68704" lon="7.53608">
        <ele>1705.71</ele>
        <time>2026-05-04T02:03:48.7360000+00:00</time>
      </trkpt>
      <trkpt lat="46.68706" lon="7.53617">
        <ele>1706.19</ele>
        <time>2026-05-04T02:03:59.2190000+00:00</time>
      </trkpt>
      <trkpt lat="46.68708" lon="7.53622">
        <ele>1707.07</ele>
        <time>2026-05-04T02:04:05.6320000+00:00</time>
      </trkpt>
      <trkpt lat="46.6871" lon="7.53634">
        <ele>1706.7</ele>
        <time>2026-05-04T02:04:19.3160000+00:00</time>
      </trkpt>
      <trkpt lat="46.68706" lon="7.53648">
        <ele>1701.86</ele>
        <time>2026-05-04T02:04:36.1200000+00:00</time>
      </trkpt>
      <trkpt lat="46.68707" lon="7.53656">
        <ele>1701.4</ele>
        <time>2026-05-04T02:04:45.1310000+00:00</time>
      </trkpt>
      <trkpt lat="46.68712" lon="7.53678">
        <ele>1702.11</ele>
        <time>2026-05-04T02:05:10.8100000+00:00</time>
      </trkpt>
      <trkpt lat="46.68716" lon="7.53696">
        <ele>1702.99</ele>
        <time>2026-05-04T02:05:31.7750000+00:00</time>
      </trkpt>
      <trkpt lat="46.68716" lon="7.53701">
        <ele>1702.36</ele>
        <time>2026-05-04T02:05:37.3170000+00:00</time>
      </trkpt>
      <trkpt lat="46.68716" lon="7.53707">
        <ele>1701.44</ele>
        <time>2026-05-04T02:05:43.9670000+00:00</time>
      </trkpt>
      <trkpt lat="46.68717" lon="7.53714">
        <ele>1700.78</ele>
        <time>2026-05-04T02:05:51.8910000+00:00</time>
      </trkpt>
      <trkpt lat="46.68719" lon="7.53724">
        <ele>1700.37</ele>
        <time>2026-05-04T02:06:03.4330000+00:00</time>
      </trkpt>
      <trkpt lat="46.68718" lon="7.5373">
        <ele>1698.21</ele>
        <time>2026-05-04T02:06:10.2760000+00:00</time>
      </trkpt>
      <trkpt lat="46.68716" lon="7.53721">
        <ele>1698.41</ele>
        <time>2026-05-04T02:06:20.7590000+00:00</time>
      </trkpt>
      <trkpt lat="46.68711" lon="7.53712">
        <ele>1696.06</ele>
        <time>2026-05-04T02:06:33.5900000+00:00</time>
      </trkpt>
      <trkpt lat="46.68706" lon="7.53706">
        <ele>1693.12</ele>
        <time>2026-05-04T02:06:44.0510000+00:00</time>
      </trkpt>
      <trkpt lat="46.68693" lon="7.53688">
        <ele>1685.31</ele>
        <time>2026-05-04T02:07:13.0120000+00:00</time>
      </trkpt>
      <trkpt lat="46.6869" lon="7.53685">
        <ele>1683.76</ele>
        <time>2026-05-04T02:07:18.8880000+00:00</time>
      </trkpt>
      <trkpt lat="46.68683" lon="7.53681">
        <ele>1679.67</ele>
        <time>2026-05-04T02:07:31.0330000+00:00</time>
      </trkpt>
      <trkpt lat="46.68676" lon="7.53676">
        <ele>1675.72</ele>
        <time>2026-05-04T02:07:43.6240000+00:00</time>
      </trkpt>
      <trkpt lat="46.68671" lon="7.53674">
        <ele>1672.6</ele>
        <time>2026-05-04T02:07:51.9990000+00:00</time>
      </trkpt>
      <trkpt lat="46.68664" lon="7.53672">
        <ele>1668.1</ele>
        <time>2026-05-04T02:08:03.5210000+00:00</time>
      </trkpt>
      <trkpt lat="46.68659" lon="7.5367">
        <ele>1664.96</ele>
        <time>2026-05-04T02:08:11.8960000+00:00</time>
      </trkpt>
      <trkpt lat="46.68649" lon="7.53659">
        <ele>1659.74</ele>
        <time>2026-05-04T02:08:32.1310000+00:00</time>
      </trkpt>
      <trkpt lat="46.68644" lon="7.5365">
        <ele>1657.61</ele>
        <time>2026-05-04T02:08:44.9620000+00:00</time>
      </trkpt>
      <trkpt lat="46.6864" lon="7.53645">
        <ele>1655.54</ele>
        <time>2026-05-04T02:08:53.4750000+00:00</time>
      </trkpt>
      <trkpt lat="46.68638" lon="7.53645">
        <ele>1654.12</ele>
        <time>2026-05-04T02:08:56.7030000+00:00</time>
      </trkpt>
      <trkpt lat="46.68636" lon="7.53648">
        <ele>1652.27</ele>
        <time>2026-05-04T02:09:01.3390000+00:00</time>
      </trkpt>
      <trkpt lat="46.68635" lon="7.53652">
        <ele>1650.97</ele>
        <time>2026-05-04T02:09:06.0560000+00:00</time>
      </trkpt>
      <trkpt lat="46.68629" lon="7.53666">
        <ele>1644.75</ele>
        <time>2026-05-04T02:09:24.3470000+00:00</time>
      </trkpt>
      <trkpt lat="46.68621" lon="7.53692">
        <ele>1635.58</ele>
        <time>2026-05-04T02:09:55.9210000+00:00</time>
      </trkpt>
      <trkpt lat="46.68614" lon="7.53721">
        <ele>1627.04</ele>
        <time>2026-05-04T02:10:29.9860000+00:00</time>
      </trkpt>
      <trkpt lat="46.68614" lon="7.53718">
        <ele>1627.42</ele>
        <time>2026-05-04T02:10:33.3130000+00:00</time>
      </trkpt>
      <trkpt lat="46.68614" lon="7.53721">
        <ele>1627.04</ele>
        <time>2026-05-04T02:10:36.6400000+00:00</time>
      </trkpt>
      <trkpt lat="46.68616" lon="7.53734">
        <ele>1626.65</ele>
        <time>2026-05-04T02:10:51.4030000+00:00</time>
      </trkpt>
      <trkpt lat="46.68619" lon="7.53744">
        <ele>1627.21</ele>
        <time>2026-05-04T02:11:03.4960000+00:00</time>
      </trkpt>
      <trkpt lat="46.68624" lon="7.53754">
        <ele>1628.88</ele>
        <time>2026-05-04T02:11:17.2080000+00:00</time>
      </trkpt>
      <trkpt lat="46.68629" lon="7.53765">
        <ele>1630.26</ele>
        <time>2026-05-04T02:11:31.8290000+00:00</time>
      </trkpt>
      <trkpt lat="46.68631" lon="7.53772">
        <ele>1630.38</ele>
        <time>2026-05-04T02:11:40.2310000+00:00</time>
      </trkpt>
      <trkpt lat="46.68635" lon="7.53781">
        <ele>1631.27</ele>
        <time>2026-05-04T02:11:52.1130000+00:00</time>
      </trkpt>
      <trkpt lat="46.68643" lon="7.53791">
        <ele>1634.1</ele>
        <time>2026-05-04T02:12:09.1350000+00:00</time>
      </trkpt>
      <trkpt lat="46.68649" lon="7.53799">
        <ele>1635.98</ele>
        <time>2026-05-04T02:12:22.2690000+00:00</time>
      </trkpt>
      <trkpt lat="46.68654" lon="7.53809">
        <ele>1636.78</ele>
        <time>2026-05-04T02:12:35.9810000+00:00</time>
      </trkpt>
      <trkpt lat="46.68656" lon="7.53817">
        <ele>1636.28</ele>
        <time>2026-05-04T02:12:45.4150000+00:00</time>
      </trkpt>
      <trkpt lat="46.68658" lon="7.53836">
        <ele>1633.58</ele>
        <time>2026-05-04T02:13:06.7140000+00:00</time>
      </trkpt>
      <trkpt lat="46.68657" lon="7.53844">
        <ele>1631.59</ele>
        <time>2026-05-04T02:13:15.7250000+00:00</time>
      </trkpt>
      <trkpt lat="46.68655" lon="7.53852">
        <ele>1629.21</ele>
        <time>2026-05-04T02:13:25.1590000+00:00</time>
      </trkpt>
      <trkpt lat="46.68654" lon="7.53862">
        <ele>1626.92</ele>
        <time>2026-05-04T02:13:36.3580000+00:00</time>
      </trkpt>
      <trkpt lat="46.68655" lon="7.53878">
        <ele>1624.55</ele>
        <time>2026-05-04T02:13:54.1600000+00:00</time>
      </trkpt>
      <trkpt lat="46.68657" lon="7.53893">
        <ele>1623.05</ele>
        <time>2026-05-04T02:14:11.0910000+00:00</time>
      </trkpt>
      <trkpt lat="46.68657" lon="7.53902">
        <ele>1621.69</ele>
        <time>2026-05-04T02:14:21.0650000+00:00</time>
      </trkpt>
      <trkpt lat="46.68658" lon="7.53909">
        <ele>1621.02</ele>
        <time>2026-05-04T02:14:28.9880000+00:00</time>
      </trkpt>
      <trkpt lat="46.68663" lon="7.53922">
        <ele>1620.94</ele>
        <time>2026-05-04T02:14:45.5020000+00:00</time>
      </trkpt>
      <trkpt lat="46.68665" lon="7.53929">
        <ele>1620.63</ele>
        <time>2026-05-04T02:14:53.9040000+00:00</time>
      </trkpt>
      <trkpt lat="46.68665" lon="7.53937">
        <ele>1619.41</ele>
        <time>2026-05-04T02:15:02.7660000+00:00</time>
      </trkpt>
      <trkpt lat="46.68668" lon="7.53951">
        <ele>1618.4</ele>
        <time>2026-05-04T02:15:19.0180000+00:00</time>
      </trkpt>
      <trkpt lat="46.6867" lon="7.53963">
        <ele>1618.01</ele>
        <time>2026-05-04T02:15:32.7010000+00:00</time>
      </trkpt>
      <trkpt lat="46.68673" lon="7.53971">
        <ele>1618.59</ele>
        <time>2026-05-04T02:15:42.8030000+00:00</time>
      </trkpt>
      <trkpt lat="46.68677" lon="7.53983">
        <ele>1619.25</ele>
        <time>2026-05-04T02:15:57.5860000+00:00</time>
      </trkpt>
      <trkpt lat="46.68682" lon="7.53994">
        <ele>1620.31</ele>
        <time>2026-05-04T02:16:12.2070000+00:00</time>
      </trkpt>
      <trkpt lat="46.68686" lon="7.54004">
        <ele>1621.05</ele>
        <time>2026-05-04T02:16:25.0350000+00:00</time>
      </trkpt>
      <trkpt lat="46.68691" lon="7.54016">
        <ele>1621.98</ele>
        <time>2026-05-04T02:16:40.5920000+00:00</time>
      </trkpt>
      <trkpt lat="46.68695" lon="7.54026">
        <ele>1623.55</ele>
        <time>2026-05-04T02:16:53.4190000+00:00</time>
      </trkpt>
      <trkpt lat="46.68699" lon="7.54032">
        <ele>1626.02</ele>
        <time>2026-05-04T02:17:02.6900000+00:00</time>
      </trkpt>
      <trkpt lat="46.68701" lon="7.5404">
        <ele>1626.96</ele>
        <time>2026-05-04T02:17:12.1250000+00:00</time>
      </trkpt>
      <trkpt lat="46.68702" lon="7.5405">
        <ele>1627.77</ele>
        <time>2026-05-04T02:17:23.3240000+00:00</time>
      </trkpt>
      <trkpt lat="46.68702" lon="7.54064">
        <ele>1627.9</ele>
        <time>2026-05-04T02:17:38.8370000+00:00</time>
      </trkpt>
      <trkpt lat="46.68702" lon="7.54074">
        <ele>1628</ele>
        <time>2026-05-04T02:17:49.9180000+00:00</time>
      </trkpt>
      <trkpt lat="46.68703" lon="7.54084">
        <ele>1628.74</ele>
        <time>2026-05-04T02:18:01.1160000+00:00</time>
      </trkpt>
      <trkpt lat="46.68703" lon="7.54091">
        <ele>1628.79</ele>
        <time>2026-05-04T02:18:08.8730000+00:00</time>
      </trkpt>
      <trkpt lat="46.68701" lon="7.54097">
        <ele>1627.58</ele>
        <time>2026-05-04T02:18:16.2640000+00:00</time>
      </trkpt>
      <trkpt lat="46.68701" lon="7.54106">
        <ele>1627.68</ele>
        <time>2026-05-04T02:18:26.2360000+00:00</time>
      </trkpt>
      <trkpt lat="46.68701" lon="7.54118">
        <ele>1627.81</ele>
        <time>2026-05-04T02:18:39.5320000+00:00</time>
      </trkpt>
      <trkpt lat="46.68701" lon="7.54129">
        <ele>1629</ele>
        <time>2026-05-04T02:18:51.7210000+00:00</time>
      </trkpt>
      <trkpt lat="46.68703" lon="7.54142">
        <ele>1632.13</ele>
        <time>2026-05-04T02:19:06.4830000+00:00</time>
      </trkpt>
      <trkpt lat="46.68704" lon="7.54153">
        <ele>1634.34</ele>
        <time>2026-05-04T02:19:18.7790000+00:00</time>
      </trkpt>
      <trkpt lat="46.68705" lon="7.54171">
        <ele>1637.56</ele>
        <time>2026-05-04T02:19:38.7890000+00:00</time>
      </trkpt>
      <trkpt lat="46.68704" lon="7.54179">
        <ele>1638.25</ele>
        <time>2026-05-04T02:19:47.8000000+00:00</time>
      </trkpt>
      <trkpt lat="46.68702" lon="7.54186">
        <ele>1638.33</ele>
        <time>2026-05-04T02:19:56.2020000+00:00</time>
      </trkpt>
      <trkpt lat="46.68699" lon="7.54194">
        <ele>1638.14</ele>
        <time>2026-05-04T02:20:06.3040000+00:00</time>
      </trkpt>
      <trkpt lat="46.68694" lon="7.54202">
        <ele>1637.1</ele>
        <time>2026-05-04T02:20:18.2970000+00:00</time>
      </trkpt>
      <trkpt lat="46.68686" lon="7.5421">
        <ele>1634.74</ele>
        <time>2026-05-04T02:20:33.9670000+00:00</time>
      </trkpt>
      <trkpt lat="46.68681" lon="7.54215">
        <ele>1633.26</ele>
        <time>2026-05-04T02:20:43.7610000+00:00</time>
      </trkpt>
      <trkpt lat="46.68674" lon="7.54222">
        <ele>1631.34</ele>
        <time>2026-05-04T02:20:57.4730000+00:00</time>
      </trkpt>
      <trkpt lat="46.68668" lon="7.54227">
        <ele>1629.71</ele>
        <time>2026-05-04T02:21:08.6360000+00:00</time>
      </trkpt>
      <trkpt lat="46.68662" lon="7.5423">
        <ele>1627.9</ele>
        <time>2026-05-04T02:21:18.8820000+00:00</time>
      </trkpt>
      <trkpt lat="46.68652" lon="7.54233">
        <ele>1624.71</ele>
        <time>2026-05-04T02:21:35.3730000+00:00</time>
      </trkpt>
      <trkpt lat="46.68649" lon="7.54235">
        <ele>1623.95</ele>
        <time>2026-05-04T02:21:40.7020000+00:00</time>
      </trkpt>
      <trkpt lat="46.68643" lon="7.54242">
        <ele>1623.01</ele>
        <time>2026-05-04T02:21:53.1150000+00:00</time>
      </trkpt>
      <trkpt lat="46.6864" lon="7.54245">
        <ele>1622.5</ele>
        <time>2026-05-04T02:21:58.9910000+00:00</time>
      </trkpt>
      <trkpt lat="46.68636" lon="7.54245">
        <ele>1621.15</ele>
        <time>2026-05-04T02:22:05.4540000+00:00</time>
      </trkpt>
      <trkpt lat="46.6863" lon="7.54242">
        <ele>1618.54</ele>
        <time>2026-05-04T02:22:15.6990000+00:00</time>
      </trkpt>
      <trkpt lat="46.68625" lon="7.54241">
        <ele>1616.62</ele>
        <time>2026-05-04T02:22:23.8500000+00:00</time>
      </trkpt>
      <trkpt lat="46.68618" lon="7.54243">
        <ele>1614.62</ele>
        <time>2026-05-04T02:22:35.3730000+00:00</time>
      </trkpt>
      <trkpt lat="46.68612" lon="7.54244">
        <ele>1612.79</ele>
        <time>2026-05-04T02:22:45.1280000+00:00</time>
      </trkpt>
      <trkpt lat="46.68605" lon="7.54245">
        <ele>1611.95</ele>
        <time>2026-05-04T02:22:56.4890000+00:00</time>
      </trkpt>
      <trkpt lat="46.68598" lon="7.54247">
        <ele>1612.07</ele>
        <time>2026-05-04T02:23:08.0110000+00:00</time>
      </trkpt>
      <trkpt lat="46.6859" lon="7.54251">
        <ele>1612.6</ele>
        <time>2026-05-04T02:23:21.6720000+00:00</time>
      </trkpt>
      <trkpt lat="46.68585" lon="7.54256">
        <ele>1613.5</ele>
        <time>2026-05-04T02:23:31.4660000+00:00</time>
      </trkpt>
      <trkpt lat="46.68582" lon="7.54258">
        <ele>1613.81</ele>
        <time>2026-05-04T02:23:36.7970000+00:00</time>
      </trkpt>
      <trkpt lat="46.68575" lon="7.54261">
        <ele>1614.16</ele>
        <time>2026-05-04T02:23:48.5820000+00:00</time>
      </trkpt>
      <trkpt lat="46.6857" lon="7.54264">
        <ele>1614.6</ele>
        <time>2026-05-04T02:23:57.3160000+00:00</time>
      </trkpt>
      <trkpt lat="46.68566" lon="7.54269">
        <ele>1615.55</ele>
        <time>2026-05-04T02:24:05.8270000+00:00</time>
      </trkpt>
      <trkpt lat="46.68553" lon="7.54287">
        <ele>1619.04</ele>
        <time>2026-05-04T02:24:34.7880000+00:00</time>
      </trkpt>
      <trkpt lat="46.6855" lon="7.54294">
        <ele>1620.33</ele>
        <time>2026-05-04T02:24:43.9330000+00:00</time>
      </trkpt>
      <trkpt lat="46.68548" lon="7.54302">
        <ele>1621.84</ele>
        <time>2026-05-04T02:24:53.3680000+00:00</time>
      </trkpt>
      <trkpt lat="46.68547" lon="7.54306">
        <ele>1622.6</ele>
        <time>2026-05-04T02:24:58.0870000+00:00</time>
      </trkpt>
      <trkpt lat="46.68544" lon="7.54309">
        <ele>1623.07</ele>
        <time>2026-05-04T02:25:03.9640000+00:00</time>
      </trkpt>
      <trkpt lat="46.68541" lon="7.54308">
        <ele>1622.73</ele>
        <time>2026-05-04T02:25:08.9330000+00:00</time>
      </trkpt>
      <trkpt lat="46.68536" lon="7.54304">
        <ele>1621.69</ele>
        <time>2026-05-04T02:25:18.1440000+00:00</time>
      </trkpt>
      <trkpt lat="46.68532" lon="7.54302">
        <ele>1621.11</ele>
        <time>2026-05-04T02:25:24.9760000+00:00</time>
      </trkpt>
      <trkpt lat="46.68526" lon="7.54301">
        <ele>1620.64</ele>
        <time>2026-05-04T02:25:34.7300000+00:00</time>
      </trkpt>
      <trkpt lat="46.6852" lon="7.54303">
        <ele>1621.06</ele>
        <time>2026-05-04T02:25:44.6720000+00:00</time>
      </trkpt>
      <trkpt lat="46.68513" lon="7.54308">
        <ele>1622.17</ele>
        <time>2026-05-04T02:25:57.2630000+00:00</time>
      </trkpt>
      <trkpt lat="46.68509" lon="7.54311">
        <ele>1622.87</ele>
        <time>2026-05-04T02:26:04.5290000+00:00</time>
      </trkpt>
      <trkpt lat="46.68507" lon="7.54312">
        <ele>1623.11</ele>
        <time>2026-05-04T02:26:07.9430000+00:00</time>
      </trkpt>
      <trkpt lat="46.68506" lon="7.54311">
        <ele>1622.9</ele>
        <time>2026-05-04T02:26:09.9030000+00:00</time>
      </trkpt>
      <trkpt lat="46.68493" lon="7.54308">
        <ele>1622.33</ele>
        <time>2026-05-04T02:26:31.1630000+00:00</time>
      </trkpt>
      <trkpt lat="46.68486" lon="7.54306">
        <ele>1621.9</ele>
        <time>2026-05-04T02:26:42.6840000+00:00</time>
      </trkpt>
      <trkpt lat="46.68478" lon="7.54307">
        <ele>1622.2</ele>
        <time>2026-05-04T02:26:55.6530000+00:00</time>
      </trkpt>
      <trkpt lat="46.6847" lon="7.54307">
        <ele>1622.26</ele>
        <time>2026-05-04T02:27:08.5750000+00:00</time>
      </trkpt>
      <trkpt lat="46.68463" lon="7.54306">
        <ele>1622.04</ele>
        <time>2026-05-04T02:27:19.9350000+00:00</time>
      </trkpt>
      <trkpt lat="46.68455" lon="7.54299">
        <ele>1620.16</ele>
        <time>2026-05-04T02:27:35.0060000+00:00</time>
      </trkpt>
      <trkpt lat="46.68447" lon="7.54289">
        <ele>1617.31</ele>
        <time>2026-05-04T02:27:52.0290000+00:00</time>
      </trkpt>
      <trkpt lat="46.68442" lon="7.54281">
        <ele>1615.84</ele>
        <time>2026-05-04T02:28:04.0200000+00:00</time>
      </trkpt>
      <trkpt lat="46.68437" lon="7.54268">
        <ele>1614.82</ele>
        <time>2026-05-04T02:28:20.5350000+00:00</time>
      </trkpt>
      <trkpt lat="46.68434" lon="7.5426">
        <ele>1614.01</ele>
        <time>2026-05-04T02:28:30.6370000+00:00</time>
      </trkpt>
      <trkpt lat="46.6843" lon="7.54256">
        <ele>1614.4</ele>
        <time>2026-05-04T02:28:38.4720000+00:00</time>
      </trkpt>
      <trkpt lat="46.68425" lon="7.54254">
        <ele>1615.55</ele>
        <time>2026-05-04T02:28:46.8470000+00:00</time>
      </trkpt>
      <trkpt lat="46.6842" lon="7.54254">
        <ele>1617.2</ele>
        <time>2026-05-04T02:28:54.9220000+00:00</time>
      </trkpt>
      <trkpt lat="46.68395" lon="7.54264">
        <ele>1628.71</ele>
        <time>2026-05-04T02:29:36.7960000+00:00</time>
      </trkpt>
      <trkpt lat="46.68383" lon="7.54266">
        <ele>1633.65</ele>
        <time>2026-05-04T02:29:56.3050000+00:00</time>
      </trkpt>
      <trkpt lat="46.68382" lon="7.54263">
        <ele>1632.94</ele>
        <time>2026-05-04T02:30:00.0000000+00:00</time>
      </trkpt>
    </trkseg>
  </trk>
</gpx>