<?xml version="1.0" encoding="utf-8"?>
<gpx xmlns:xsd="http://www.w3.org/2001/XMLSchema" xmlns:xsi="http://www.w3.org/2001/XMLSchema-instance" creator="eT4 META" version="1.1" xsi:schemaLocation="http://www.topografix.com/GPX/1/1 http://www.topografix.com/GPX/1/1/gpx.xsd" xmlns="http://www.topografix.com/GPX/1/1">
  <trk>
    <name>Güggisgrat avec vue panoramique</name>
    <trkseg>
      <trkpt lat="46.71054" lon="7.77478">
        <ele>1923.85</ele>
        <time>2026-05-04T00:00:00.0000000+00:00</time>
      </trkpt>
      <trkpt lat="46.71054" lon="7.77479">
        <ele>1924.1</ele>
        <time>2026-05-04T00:00:00.8500000+00:00</time>
      </trkpt>
      <trkpt lat="46.71062" lon="7.7749">
        <ele>1924.02</ele>
        <time>2026-05-04T00:00:14.3190000+00:00</time>
      </trkpt>
      <trkpt lat="46.71068" lon="7.77498">
        <ele>1924.46</ele>
        <time>2026-05-04T00:00:24.2780000+00:00</time>
      </trkpt>
      <trkpt lat="46.7107" lon="7.77503">
        <ele>1925.48</ele>
        <time>2026-05-04T00:00:29.1390000+00:00</time>
      </trkpt>
      <trkpt lat="46.71071" lon="7.77507">
        <ele>1926.53</ele>
        <time>2026-05-04T00:00:32.7130000+00:00</time>
      </trkpt>
      <trkpt lat="46.71072" lon="7.7751">
        <ele>1927.28</ele>
        <time>2026-05-04T00:00:35.5160000+00:00</time>
      </trkpt>
      <trkpt lat="46.71074" lon="7.77518">
        <ele>1929.57</ele>
        <time>2026-05-04T00:00:42.6680000+00:00</time>
      </trkpt>
      <trkpt lat="46.71074" lon="7.77522">
        <ele>1930.27</ele>
        <time>2026-05-04T00:00:46.0280000+00:00</time>
      </trkpt>
      <trkpt lat="46.71079" lon="7.77537">
        <ele>1931.75</ele>
        <time>2026-05-04T00:01:00.0380000+00:00</time>
      </trkpt>
      <trkpt lat="46.71084" lon="7.77552">
        <ele>1933.89</ele>
        <time>2026-05-04T00:01:14.0480000+00:00</time>
      </trkpt>
      <trkpt lat="46.71087" lon="7.7756">
        <ele>1935.3</ele>
        <time>2026-05-04T00:01:21.7070000+00:00</time>
      </trkpt>
      <trkpt lat="46.71088" lon="7.77555">
        <ele>1934.27</ele>
        <time>2026-05-04T00:01:26.0810000+00:00</time>
      </trkpt>
      <trkpt lat="46.71088" lon="7.77551">
        <ele>1933.46</ele>
        <time>2026-05-04T00:01:29.4380000+00:00</time>
      </trkpt>
      <trkpt lat="46.71087" lon="7.77544">
        <ele>1932.14</ele>
        <time>2026-05-04T00:01:35.4430000+00:00</time>
      </trkpt>
      <trkpt lat="46.71093" lon="7.77551">
        <ele>1933.16</ele>
        <time>2026-05-04T00:01:44.8570000+00:00</time>
      </trkpt>
      <trkpt lat="46.711" lon="7.7756">
        <ele>1935.04</ele>
        <time>2026-05-04T00:01:56.2890000+00:00</time>
      </trkpt>
      <trkpt lat="46.71103" lon="7.77568">
        <ele>1937.13</ele>
        <time>2026-05-04T00:02:03.9480000+00:00</time>
      </trkpt>
      <trkpt lat="46.71105" lon="7.77575">
        <ele>1939.1</ele>
        <time>2026-05-04T00:02:10.3180000+00:00</time>
      </trkpt>
      <trkpt lat="46.71106" lon="7.77588">
        <ele>1942.82</ele>
        <time>2026-05-04T00:02:21.3060000+00:00</time>
      </trkpt>
      <trkpt lat="46.71108" lon="7.77602">
        <ele>1946.23</ele>
        <time>2026-05-04T00:02:33.3190000+00:00</time>
      </trkpt>
      <trkpt lat="46.71109" lon="7.77615">
        <ele>1942.42</ele>
        <time>2026-05-04T00:02:44.3070000+00:00</time>
      </trkpt>
      <trkpt lat="46.71111" lon="7.77634">
        <ele>1936.63</ele>
        <time>2026-05-04T00:03:00.4540000+00:00</time>
      </trkpt>
      <trkpt lat="46.71113" lon="7.77646">
        <ele>1932.54</ele>
        <time>2026-05-04T00:03:10.8270000+00:00</time>
      </trkpt>
      <trkpt lat="46.71114" lon="7.77659">
        <ele>1929.55</ele>
        <time>2026-05-04T00:03:21.8160000+00:00</time>
      </trkpt>
      <trkpt lat="46.71114" lon="7.77674">
        <ele>1927.23</ele>
        <time>2026-05-04T00:03:34.4160000+00:00</time>
      </trkpt>
      <trkpt lat="46.71116" lon="7.77685">
        <ele>1924.16</ele>
        <time>2026-05-04T00:03:43.9750000+00:00</time>
      </trkpt>
      <trkpt lat="46.71118" lon="7.77694">
        <ele>1923.67</ele>
        <time>2026-05-04T00:03:51.9210000+00:00</time>
      </trkpt>
      <trkpt lat="46.7112" lon="7.77707">
        <ele>1923.94</ele>
        <time>2026-05-04T00:04:03.1120000+00:00</time>
      </trkpt>
      <trkpt lat="46.71122" lon="7.77716">
        <ele>1924.03</ele>
        <time>2026-05-04T00:04:11.0590000+00:00</time>
      </trkpt>
      <trkpt lat="46.71124" lon="7.77723">
        <ele>1924.07</ele>
        <time>2026-05-04T00:04:17.4300000+00:00</time>
      </trkpt>
      <trkpt lat="46.71126" lon="7.77732">
        <ele>1924.6</ele>
        <time>2026-05-04T00:04:25.3770000+00:00</time>
      </trkpt>
      <trkpt lat="46.71127" lon="7.77738">
        <ele>1925.2</ele>
        <time>2026-05-04T00:04:30.5640000+00:00</time>
      </trkpt>
      <trkpt lat="46.7113" lon="7.77744">
        <ele>1925.26</ele>
        <time>2026-05-04T00:04:36.8020000+00:00</time>
      </trkpt>
      <trkpt lat="46.71135" lon="7.77756">
        <ele>1926.33</ele>
        <time>2026-05-04T00:04:48.5970000+00:00</time>
      </trkpt>
      <trkpt lat="46.71138" lon="7.77766">
        <ele>1928</ele>
        <time>2026-05-04T00:04:57.7650000+00:00</time>
      </trkpt>
      <trkpt lat="46.71142" lon="7.77772">
        <ele>1928.28</ele>
        <time>2026-05-04T00:05:04.7940000+00:00</time>
      </trkpt>
      <trkpt lat="46.71147" lon="7.77782">
        <ele>1928.62</ele>
        <time>2026-05-04T00:05:15.1900000+00:00</time>
      </trkpt>
      <trkpt lat="46.71149" lon="7.77792">
        <ele>1929.54</ele>
        <time>2026-05-04T00:05:23.9400000+00:00</time>
      </trkpt>
      <trkpt lat="46.71152" lon="7.77806">
        <ele>1931.14</ele>
        <time>2026-05-04T00:05:36.2600000+00:00</time>
      </trkpt>
      <trkpt lat="46.71159" lon="7.77825">
        <ele>1934.26</ele>
        <time>2026-05-04T00:05:54.3780000+00:00</time>
      </trkpt>
      <trkpt lat="46.71165" lon="7.7784">
        <ele>1937.69</ele>
        <time>2026-05-04T00:06:08.9650000+00:00</time>
      </trkpt>
      <trkpt lat="46.71173" lon="7.77852">
        <ele>1941.75</ele>
        <time>2026-05-04T00:06:23.0240000+00:00</time>
      </trkpt>
      <trkpt lat="46.71184" lon="7.7787">
        <ele>1943.99</ele>
        <time>2026-05-04T00:06:43.2770000+00:00</time>
      </trkpt>
      <trkpt lat="46.71192" lon="7.77884">
        <ele>1944.63</ele>
        <time>2026-05-04T00:06:58.5850000+00:00</time>
      </trkpt>
      <trkpt lat="46.71195" lon="7.77887">
        <ele>1942.34</ele>
        <time>2026-05-04T00:07:03.0410000+00:00</time>
      </trkpt>
      <trkpt lat="46.71204" lon="7.77905">
        <ele>1934.86</ele>
        <time>2026-05-04T00:07:21.7540000+00:00</time>
      </trkpt>
      <trkpt lat="46.71212" lon="7.7792">
        <ele>1927.69</ele>
        <time>2026-05-04T00:07:37.7160000+00:00</time>
      </trkpt>
      <trkpt lat="46.71217" lon="7.77926">
        <ele>1923.18</ele>
        <time>2026-05-04T00:07:45.6470000+00:00</time>
      </trkpt>
      <trkpt lat="46.7122" lon="7.77932">
        <ele>1920.22</ele>
        <time>2026-05-04T00:07:51.8840000+00:00</time>
      </trkpt>
      <trkpt lat="46.71222" lon="7.7794">
        <ele>1918.89</ele>
        <time>2026-05-04T00:07:59.0360000+00:00</time>
      </trkpt>
      <trkpt lat="46.71232" lon="7.77964">
        <ele>1915.26</ele>
        <time>2026-05-04T00:08:22.6260000+00:00</time>
      </trkpt>
      <trkpt lat="46.7124" lon="7.77981">
        <ele>1914.22</ele>
        <time>2026-05-04T00:08:39.9450000+00:00</time>
      </trkpt>
      <trkpt lat="46.71244" lon="7.77992">
        <ele>1915.08</ele>
        <time>2026-05-04T00:08:50.4040000+00:00</time>
      </trkpt>
      <trkpt lat="46.71248" lon="7.78">
        <ele>1915.65</ele>
        <time>2026-05-04T00:08:58.7200000+00:00</time>
      </trkpt>
      <trkpt lat="46.7125" lon="7.78007">
        <ele>1917.05</ele>
        <time>2026-05-04T00:09:05.0890000+00:00</time>
      </trkpt>
      <trkpt lat="46.71252" lon="7.78015">
        <ele>1918.97</ele>
        <time>2026-05-04T00:09:12.2410000+00:00</time>
      </trkpt>
      <trkpt lat="46.71254" lon="7.78027">
        <ele>1921.53</ele>
        <time>2026-05-04T00:09:22.6140000+00:00</time>
      </trkpt>
      <trkpt lat="46.71261" lon="7.78046">
        <ele>1925.02</ele>
        <time>2026-05-04T00:09:40.7310000+00:00</time>
      </trkpt>
      <trkpt lat="46.712649999999996" lon="7.78053">
        <ele>1926.52</ele>
        <time>2026-05-04T00:09:48.3840000+00:00</time>
      </trkpt>
      <trkpt lat="46.71268" lon="7.78063">
        <ele>1929.29</ele>
        <time>2026-05-04T00:09:57.5530000+00:00</time>
      </trkpt>
      <trkpt lat="46.71273" lon="7.78076">
        <ele>1933.38</ele>
        <time>2026-05-04T00:10:10.0730000+00:00</time>
      </trkpt>
      <trkpt lat="46.71277" lon="7.78092">
        <ele>1937.9</ele>
        <time>2026-05-04T00:10:24.3780000+00:00</time>
      </trkpt>
      <trkpt lat="46.71285" lon="7.78117">
        <ele>1939.46</ele>
        <time>2026-05-04T00:10:47.5510000+00:00</time>
      </trkpt>
      <trkpt lat="46.7129" lon="7.78135">
        <ele>1939.08</ele>
        <time>2026-05-04T00:11:03.8640000+00:00</time>
      </trkpt>
      <trkpt lat="46.71294" lon="7.78147">
        <ele>1938.8</ele>
        <time>2026-05-04T00:11:15.0720000+00:00</time>
      </trkpt>
      <trkpt lat="46.71298" lon="7.78161">
        <ele>1938.77</ele>
        <time>2026-05-04T00:11:27.8120000+00:00</time>
      </trkpt>
      <trkpt lat="46.71301" lon="7.78166">
        <ele>1938.46</ele>
        <time>2026-05-04T00:11:33.3930000+00:00</time>
      </trkpt>
      <trkpt lat="46.71306" lon="7.7817">
        <ele>1937.69</ele>
        <time>2026-05-04T00:11:40.3800000+00:00</time>
      </trkpt>
      <trkpt lat="46.71309" lon="7.78174">
        <ele>1937.38</ele>
        <time>2026-05-04T00:11:45.3590000+00:00</time>
      </trkpt>
      <trkpt lat="46.71311" lon="7.7818">
        <ele>1937.47</ele>
        <time>2026-05-04T00:11:50.9620000+00:00</time>
      </trkpt>
      <trkpt lat="46.71314" lon="7.78181">
        <ele>1936.96</ele>
        <time>2026-05-04T00:11:54.7330000+00:00</time>
      </trkpt>
      <trkpt lat="46.71318" lon="7.78184">
        <ele>1936.45</ele>
        <time>2026-05-04T00:12:00.2440000+00:00</time>
      </trkpt>
      <trkpt lat="46.71323" lon="7.78192">
        <ele>1935.18</ele>
        <time>2026-05-04T00:12:09.3360000+00:00</time>
      </trkpt>
      <trkpt lat="46.71332" lon="7.78211">
        <ele>1932.95</ele>
        <time>2026-05-04T00:12:28.7330000+00:00</time>
      </trkpt>
      <trkpt lat="46.71336" lon="7.7822">
        <ele>1932.2</ele>
        <time>2026-05-04T00:12:37.7420000+00:00</time>
      </trkpt>
      <trkpt lat="46.71347" lon="7.78238">
        <ele>1930.99</ele>
        <time>2026-05-04T00:12:57.9950000+00:00</time>
      </trkpt>
      <trkpt lat="46.71353" lon="7.78251">
        <ele>1930.75</ele>
        <time>2026-05-04T00:13:11.1580000+00:00</time>
      </trkpt>
      <trkpt lat="46.71356" lon="7.78262">
        <ele>1930.87</ele>
        <time>2026-05-04T00:13:21.1020000+00:00</time>
      </trkpt>
      <trkpt lat="46.7136" lon="7.7827">
        <ele>1929.4</ele>
        <time>2026-05-04T00:13:29.4180000+00:00</time>
      </trkpt>
      <trkpt lat="46.71364" lon="7.78276">
        <ele>1927.01</ele>
        <time>2026-05-04T00:13:36.4470000+00:00</time>
      </trkpt>
      <trkpt lat="46.7137" lon="7.7828">
        <ele>1923.86</ele>
        <time>2026-05-04T00:13:44.5290000+00:00</time>
      </trkpt>
      <trkpt lat="46.71376" lon="7.78284">
        <ele>1920.87</ele>
        <time>2026-05-04T00:13:52.6110000+00:00</time>
      </trkpt>
      <trkpt lat="46.7138" lon="7.78289">
        <ele>1918.96</ele>
        <time>2026-05-04T00:13:59.0650000+00:00</time>
      </trkpt>
      <trkpt lat="46.71384" lon="7.78296">
        <ele>1917.2</ele>
        <time>2026-05-04T00:14:06.7180000+00:00</time>
      </trkpt>
      <trkpt lat="46.71389" lon="7.78306">
        <ele>1915.29</ele>
        <time>2026-05-04T00:14:17.1150000+00:00</time>
      </trkpt>
      <trkpt lat="46.7139" lon="7.78315">
        <ele>1915.17</ele>
        <time>2026-05-04T00:14:24.7730000+00:00</time>
      </trkpt>
      <trkpt lat="46.71395" lon="7.78328">
        <ele>1913.89</ele>
        <time>2026-05-04T00:14:37.2940000+00:00</time>
      </trkpt>
      <trkpt lat="46.714" lon="7.78338">
        <ele>1912.84</ele>
        <time>2026-05-04T00:14:47.6890000+00:00</time>
      </trkpt>
      <trkpt lat="46.71408" lon="7.78349">
        <ele>1911.37</ele>
        <time>2026-05-04T00:15:01.1580000+00:00</time>
      </trkpt>
      <trkpt lat="46.71411" lon="7.78356">
        <ele>1911.11</ele>
        <time>2026-05-04T00:15:08.0910000+00:00</time>
      </trkpt>
      <trkpt lat="46.7142" lon="7.78372">
        <ele>1910.48</ele>
        <time>2026-05-04T00:15:25.4740000+00:00</time>
      </trkpt>
      <trkpt lat="46.71431" lon="7.78392">
        <ele>1911.06</ele>
        <time>2026-05-04T00:15:47.0100000+00:00</time>
      </trkpt>
      <trkpt lat="46.71438" lon="7.78405">
        <ele>1912.23</ele>
        <time>2026-05-04T00:16:00.8940000+00:00</time>
      </trkpt>
      <trkpt lat="46.71445" lon="7.78423">
        <ele>1911.08</ele>
        <time>2026-05-04T00:16:18.2760000+00:00</time>
      </trkpt>
      <trkpt lat="46.71448" lon="7.78433">
        <ele>1910.2</ele>
        <time>2026-05-04T00:16:27.4440000+00:00</time>
      </trkpt>
      <trkpt lat="46.71453" lon="7.78448">
        <ele>1907.17</ele>
        <time>2026-05-04T00:16:41.4530000+00:00</time>
      </trkpt>
      <trkpt lat="46.71457" lon="7.78458">
        <ele>1904.77</ele>
        <time>2026-05-04T00:16:51.1770000+00:00</time>
      </trkpt>
      <trkpt lat="46.71461" lon="7.78473">
        <ele>1903.13</ele>
        <time>2026-05-04T00:17:04.6960000+00:00</time>
      </trkpt>
      <trkpt lat="46.71465" lon="7.78487">
        <ele>1901.75</ele>
        <time>2026-05-04T00:17:17.4350000+00:00</time>
      </trkpt>
      <trkpt lat="46.71468" lon="7.78494">
        <ele>1900.52</ele>
        <time>2026-05-04T00:17:24.3690000+00:00</time>
      </trkpt>
      <trkpt lat="46.71474" lon="7.78504">
        <ele>1897.88</ele>
        <time>2026-05-04T00:17:35.5300000+00:00</time>
      </trkpt>
      <trkpt lat="46.71479" lon="7.78514">
        <ele>1896.24</ele>
        <time>2026-05-04T00:17:45.9260000+00:00</time>
      </trkpt>
      <trkpt lat="46.71484" lon="7.78523">
        <ele>1894.65</ele>
        <time>2026-05-04T00:17:55.6550000+00:00</time>
      </trkpt>
      <trkpt lat="46.7149" lon="7.78536">
        <ele>1893.69</ele>
        <time>2026-05-04T00:18:08.8180000+00:00</time>
      </trkpt>
      <trkpt lat="46.71497" lon="7.78556">
        <ele>1894.82</ele>
        <time>2026-05-04T00:18:27.6780000+00:00</time>
      </trkpt>
      <trkpt lat="46.71504" lon="7.78576">
        <ele>1897.56</ele>
        <time>2026-05-04T00:18:46.5390000+00:00</time>
      </trkpt>
      <trkpt lat="46.71505" lon="7.78584">
        <ele>1899.51</ele>
        <time>2026-05-04T00:18:53.3700000+00:00</time>
      </trkpt>
      <trkpt lat="46.7151" lon="7.78597">
        <ele>1902.38</ele>
        <time>2026-05-04T00:19:05.8910000+00:00</time>
      </trkpt>
      <trkpt lat="46.71513" lon="7.78609">
        <ele>1904.3</ele>
        <time>2026-05-04T00:19:16.6190000+00:00</time>
      </trkpt>
      <trkpt lat="46.71518" lon="7.78619">
        <ele>1905.41</ele>
        <time>2026-05-04T00:19:27.0150000+00:00</time>
      </trkpt>
      <trkpt lat="46.71524" lon="7.78633">
        <ele>1907.77</ele>
        <time>2026-05-04T00:19:40.8810000+00:00</time>
      </trkpt>
      <trkpt lat="46.71532" lon="7.7865">
        <ele>1912.02</ele>
        <time>2026-05-04T00:19:58.2000000+00:00</time>
      </trkpt>
      <trkpt lat="46.7154" lon="7.7867">
        <ele>1917.22</ele>
        <time>2026-05-04T00:20:17.6480000+00:00</time>
      </trkpt>
      <trkpt lat="46.71546" lon="7.7869">
        <ele>1920.56</ele>
        <time>2026-05-04T00:20:35.9840000+00:00</time>
      </trkpt>
      <trkpt lat="46.7155" lon="7.78696">
        <ele>1920.56</ele>
        <time>2026-05-04T00:20:43.0120000+00:00</time>
      </trkpt>
      <trkpt lat="46.71556" lon="7.78705">
        <ele>1920.58</ele>
        <time>2026-05-04T00:20:53.5560000+00:00</time>
      </trkpt>
      <trkpt lat="46.7156" lon="7.78711">
        <ele>1920.6</ele>
        <time>2026-05-04T00:21:00.5840000+00:00</time>
      </trkpt>
      <trkpt lat="46.71567" lon="7.7872">
        <ele>1920.84</ele>
        <time>2026-05-04T00:21:12.0150000+00:00</time>
      </trkpt>
      <trkpt lat="46.71578" lon="7.78721">
        <ele>1922.88</ele>
        <time>2026-05-04T00:21:25.5170000+00:00</time>
      </trkpt>
      <trkpt lat="46.71587" lon="7.78718">
        <ele>1925.03</ele>
        <time>2026-05-04T00:21:36.8260000+00:00</time>
      </trkpt>
      <trkpt lat="46.71593" lon="7.78719">
        <ele>1926.09</ele>
        <time>2026-05-04T00:21:44.2240000+00:00</time>
      </trkpt>
      <trkpt lat="46.716" lon="7.78724">
        <ele>1926.86</ele>
        <time>2026-05-04T00:21:53.7740000+00:00</time>
      </trkpt>
      <trkpt lat="46.71608" lon="7.78724">
        <ele>1928.37</ele>
        <time>2026-05-04T00:22:03.5740000+00:00</time>
      </trkpt>
      <trkpt lat="46.71619" lon="7.78721">
        <ele>1929.89</ele>
        <time>2026-05-04T00:22:17.2830000+00:00</time>
      </trkpt>
      <trkpt lat="46.71629" lon="7.78721">
        <ele>1930.95</ele>
        <time>2026-05-04T00:22:29.5340000+00:00</time>
      </trkpt>
      <trkpt lat="46.71637" lon="7.7872">
        <ele>1931.8</ele>
        <time>2026-05-04T00:22:39.3700000+00:00</time>
      </trkpt>
      <trkpt lat="46.71641" lon="7.78721">
        <ele>1932.23</ele>
        <time>2026-05-04T00:22:44.3420000+00:00</time>
      </trkpt>
      <trkpt lat="46.71646" lon="7.78724">
        <ele>1932.85</ele>
        <time>2026-05-04T00:22:50.9650000+00:00</time>
      </trkpt>
      <trkpt lat="46.71655" lon="7.78728">
        <ele>1934.18</ele>
        <time>2026-05-04T00:23:02.4910000+00:00</time>
      </trkpt>
      <trkpt lat="46.71676" lon="7.78734">
        <ele>1937.88</ele>
        <time>2026-05-04T00:23:28.7060000+00:00</time>
      </trkpt>
      <trkpt lat="46.71684" lon="7.78741">
        <ele>1940.4</ele>
        <time>2026-05-04T00:23:40.1350000+00:00</time>
      </trkpt>
      <trkpt lat="46.71689" lon="7.78747">
        <ele>1942.51</ele>
        <time>2026-05-04T00:23:48.0670000+00:00</time>
      </trkpt>
      <trkpt lat="46.71708" lon="7.78776">
        <ele>1944.7</ele>
        <time>2026-05-04T00:24:21.7570000+00:00</time>
      </trkpt>
      <trkpt lat="46.71715" lon="7.78784">
        <ele>1944.36</ele>
        <time>2026-05-04T00:24:32.6510000+00:00</time>
      </trkpt>
      <trkpt lat="46.71727" lon="7.78791">
        <ele>1944.08</ele>
        <time>2026-05-04T00:24:48.4840000+00:00</time>
      </trkpt>
      <trkpt lat="46.71737" lon="7.78798">
        <ele>1944.48</ele>
        <time>2026-05-04T00:25:02.0720000+00:00</time>
      </trkpt>
      <trkpt lat="46.71742" lon="7.78803">
        <ele>1945.12</ele>
        <time>2026-05-04T00:25:09.4980000+00:00</time>
      </trkpt>
      <trkpt lat="46.71746" lon="7.7881">
        <ele>1946.29</ele>
        <time>2026-05-04T00:25:17.1520000+00:00</time>
      </trkpt>
      <trkpt lat="46.7175" lon="7.78818">
        <ele>1947.85</ele>
        <time>2026-05-04T00:25:25.4680000+00:00</time>
      </trkpt>
      <trkpt lat="46.71751" lon="7.78828">
        <ele>1949.81</ele>
        <time>2026-05-04T00:25:33.9570000+00:00</time>
      </trkpt>
      <trkpt lat="46.71752" lon="7.78834">
        <ele>1951.07</ele>
        <time>2026-05-04T00:25:39.1420000+00:00</time>
      </trkpt>
      <trkpt lat="46.71754" lon="7.78837">
        <ele>1951.88</ele>
        <time>2026-05-04T00:25:42.6580000+00:00</time>
      </trkpt>
      <trkpt lat="46.71761" lon="7.78846">
        <ele>1954.76</ele>
        <time>2026-05-04T00:25:54.0900000+00:00</time>
      </trkpt>
      <trkpt lat="46.71765" lon="7.78852">
        <ele>1956.57</ele>
        <time>2026-05-04T00:26:01.1190000+00:00</time>
      </trkpt>
      <trkpt lat="46.71768" lon="7.78862">
        <ele>1957.2</ele>
        <time>2026-05-04T00:26:10.2870000+00:00</time>
      </trkpt>
      <trkpt lat="46.71771" lon="7.78874">
        <ele>1958</ele>
        <time>2026-05-04T00:26:21.0150000+00:00</time>
      </trkpt>
      <trkpt lat="46.71773" lon="7.78883">
        <ele>1958.65</ele>
        <time>2026-05-04T00:26:28.9610000+00:00</time>
      </trkpt>
      <trkpt lat="46.71774" lon="7.7889">
        <ele>1958.75</ele>
        <time>2026-05-04T00:26:34.9660000+00:00</time>
      </trkpt>
      <trkpt lat="46.71778" lon="7.78892">
        <ele>1957.28</ele>
        <time>2026-05-04T00:26:40.1460000+00:00</time>
      </trkpt>
      <trkpt lat="46.71786" lon="7.78892">
        <ele>1954.23</ele>
        <time>2026-05-04T00:26:49.9470000+00:00</time>
      </trkpt>
      <trkpt lat="46.71792" lon="7.78892">
        <ele>1951.95</ele>
        <time>2026-05-04T00:26:57.2960000+00:00</time>
      </trkpt>
      <trkpt lat="46.71798" lon="7.78898">
        <ele>1950.42</ele>
        <time>2026-05-04T00:27:06.2090000+00:00</time>
      </trkpt>
      <trkpt lat="46.718" lon="7.78902">
        <ele>1950.25</ele>
        <time>2026-05-04T00:27:10.3660000+00:00</time>
      </trkpt>
      <trkpt lat="46.71805" lon="7.78904">
        <ele>1948.87</ele>
        <time>2026-05-04T00:27:16.7180000+00:00</time>
      </trkpt>
      <trkpt lat="46.71808" lon="7.78908">
        <ele>1948.55</ele>
        <time>2026-05-04T00:27:21.6970000+00:00</time>
      </trkpt>
      <trkpt lat="46.71813" lon="7.78914">
        <ele>1948.11</ele>
        <time>2026-05-04T00:27:29.6280000+00:00</time>
      </trkpt>
      <trkpt lat="46.71815" lon="7.78919">
        <ele>1948.52</ele>
        <time>2026-05-04T00:27:34.4900000+00:00</time>
      </trkpt>
      <trkpt lat="46.71822" lon="7.78928">
        <ele>1948.69</ele>
        <time>2026-05-04T00:27:45.9210000+00:00</time>
      </trkpt>
      <trkpt lat="46.71832" lon="7.78942">
        <ele>1949.48</ele>
        <time>2026-05-04T00:28:02.9010000+00:00</time>
      </trkpt>
      <trkpt lat="46.7184" lon="7.78952">
        <ele>1950.34</ele>
        <time>2026-05-04T00:28:15.8080000+00:00</time>
      </trkpt>
      <trkpt lat="46.71849" lon="7.78961">
        <ele>1951.64</ele>
        <time>2026-05-04T00:28:29.1760000+00:00</time>
      </trkpt>
      <trkpt lat="46.71852" lon="7.78972">
        <ele>1954.46</ele>
        <time>2026-05-04T00:28:39.1180000+00:00</time>
      </trkpt>
      <trkpt lat="46.71858" lon="7.78981">
        <ele>1956.48</ele>
        <time>2026-05-04T00:28:49.6610000+00:00</time>
      </trkpt>
      <trkpt lat="46.71863" lon="7.78989">
        <ele>1956.83</ele>
        <time>2026-05-04T00:28:58.7530000+00:00</time>
      </trkpt>
      <trkpt lat="46.7187" lon="7.78997">
        <ele>1956.92</ele>
        <time>2026-05-04T00:29:09.6470000+00:00</time>
      </trkpt>
      <trkpt lat="46.71875" lon="7.79007">
        <ele>1959.13</ele>
        <time>2026-05-04T00:29:20.0420000+00:00</time>
      </trkpt>
      <trkpt lat="46.71877" lon="7.79013">
        <ele>1961.02</ele>
        <time>2026-05-04T00:29:25.6460000+00:00</time>
      </trkpt>
      <trkpt lat="46.7188" lon="7.79022">
        <ele>1963.01</ele>
        <time>2026-05-04T00:29:34.0520000+00:00</time>
      </trkpt>
      <trkpt lat="46.71884" lon="7.79031">
        <ele>1964.02</ele>
        <time>2026-05-04T00:29:43.0600000+00:00</time>
      </trkpt>
      <trkpt lat="46.71887" lon="7.79038">
        <ele>1965.1</ele>
        <time>2026-05-04T00:29:49.9930000+00:00</time>
      </trkpt>
      <trkpt lat="46.71888" lon="7.79041">
        <ele>1965.67</ele>
        <time>2026-05-04T00:29:52.7960000+00:00</time>
      </trkpt>
      <trkpt lat="46.71891" lon="7.79042">
        <ele>1965.56</ele>
        <time>2026-05-04T00:29:56.5640000+00:00</time>
      </trkpt>
      <trkpt lat="46.71894" lon="7.79046">
        <ele>1966.3</ele>
        <time>2026-05-04T00:30:01.5430000+00:00</time>
      </trkpt>
      <trkpt lat="46.71898" lon="7.79054">
        <ele>1968.26</ele>
        <time>2026-05-04T00:30:09.8590000+00:00</time>
      </trkpt>
      <trkpt lat="46.719" lon="7.79057">
        <ele>1969.08</ele>
        <time>2026-05-04T00:30:13.3710000+00:00</time>
      </trkpt>
      <trkpt lat="46.71904" lon="7.79071">
        <ele>1973.52</ele>
        <time>2026-05-04T00:30:26.1090000+00:00</time>
      </trkpt>
      <trkpt lat="46.71907" lon="7.7908">
        <ele>1976.75</ele>
        <time>2026-05-04T00:30:34.5140000+00:00</time>
      </trkpt>
      <trkpt lat="46.71908" lon="7.79085">
        <ele>1978.59</ele>
        <time>2026-05-04T00:30:38.8900000+00:00</time>
      </trkpt>
      <trkpt lat="46.71911" lon="7.7909">
        <ele>1980.8</ele>
        <time>2026-05-04T00:30:44.4690000+00:00</time>
      </trkpt>
      <trkpt lat="46.7191" lon="7.79098">
        <ele>1983.52</ele>
        <time>2026-05-04T00:30:51.2980000+00:00</time>
      </trkpt>
      <trkpt lat="46.71911" lon="7.79104">
        <ele>1984.97</ele>
        <time>2026-05-04T00:30:56.4840000+00:00</time>
      </trkpt>
      <trkpt lat="46.71912" lon="7.79111">
        <ele>1985.75</ele>
        <time>2026-05-04T00:31:02.4880000+00:00</time>
      </trkpt>
      <trkpt lat="46.71916" lon="7.79117">
        <ele>1987.32</ele>
        <time>2026-05-04T00:31:09.5180000+00:00</time>
      </trkpt>
      <trkpt lat="46.71917" lon="7.79123">
        <ele>1988.18</ele>
        <time>2026-05-04T00:31:14.7030000+00:00</time>
      </trkpt>
      <trkpt lat="46.71919" lon="7.79135">
        <ele>1990.02</ele>
        <time>2026-05-04T00:31:25.0750000+00:00</time>
      </trkpt>
      <trkpt lat="46.71923" lon="7.79144">
        <ele>1992.45</ele>
        <time>2026-05-04T00:31:34.0830000+00:00</time>
      </trkpt>
      <trkpt lat="46.71927" lon="7.79152">
        <ele>1995</ele>
        <time>2026-05-04T00:31:42.3990000+00:00</time>
      </trkpt>
      <trkpt lat="46.7193" lon="7.79158">
        <ele>1997.07</ele>
        <time>2026-05-04T00:31:48.6360000+00:00</time>
      </trkpt>
      <trkpt lat="46.71935" lon="7.79163">
        <ele>1999.99</ele>
        <time>2026-05-04T00:31:56.0630000+00:00</time>
      </trkpt>
      <trkpt lat="46.7194" lon="7.79171">
        <ele>2003.63</ele>
        <time>2026-05-04T00:32:05.1540000+00:00</time>
      </trkpt>
      <trkpt lat="46.71945" lon="7.79181">
        <ele>2005.43</ele>
        <time>2026-05-04T00:32:15.5490000+00:00</time>
      </trkpt>
      <trkpt lat="46.71948" lon="7.79189">
        <ele>2005.58</ele>
        <time>2026-05-04T00:32:23.2060000+00:00</time>
      </trkpt>
      <trkpt lat="46.7195" lon="7.79198">
        <ele>2004.91</ele>
        <time>2026-05-04T00:32:31.1520000+00:00</time>
      </trkpt>
      <trkpt lat="46.71951" lon="7.79204">
        <ele>2004.5</ele>
        <time>2026-05-04T00:32:36.3380000+00:00</time>
      </trkpt>
      <trkpt lat="46.71953" lon="7.79212">
        <ele>2004.07</ele>
        <time>2026-05-04T00:32:43.4900000+00:00</time>
      </trkpt>
      <trkpt lat="46.71955" lon="7.79218">
        <ele>2003.87</ele>
        <time>2026-05-04T00:32:49.0930000+00:00</time>
      </trkpt>
      <trkpt lat="46.71959" lon="7.79227">
        <ele>2003.82</ele>
        <time>2026-05-04T00:32:58.1000000+00:00</time>
      </trkpt>
      <trkpt lat="46.71962" lon="7.79233">
        <ele>2003.96</ele>
        <time>2026-05-04T00:33:04.3370000+00:00</time>
      </trkpt>
      <trkpt lat="46.71964" lon="7.79236">
        <ele>2004.15</ele>
        <time>2026-05-04T00:33:07.8530000+00:00</time>
      </trkpt>
      <trkpt lat="46.71968" lon="7.79242">
        <ele>2004.64</ele>
        <time>2026-05-04T00:33:14.8830000+00:00</time>
      </trkpt>
      <trkpt lat="46.71972" lon="7.79245">
        <ele>2005.31</ele>
        <time>2026-05-04T00:33:20.3920000+00:00</time>
      </trkpt>
      <trkpt lat="46.71976" lon="7.79249">
        <ele>2006.05</ele>
        <time>2026-05-04T00:33:26.3330000+00:00</time>
      </trkpt>
      <trkpt lat="46.7198" lon="7.79257">
        <ele>2006.94</ele>
        <time>2026-05-04T00:33:34.6490000+00:00</time>
      </trkpt>
      <trkpt lat="46.71984" lon="7.79261">
        <ele>2007.93</ele>
        <time>2026-05-04T00:33:40.5890000+00:00</time>
      </trkpt>
      <trkpt lat="46.71988" lon="7.79267">
        <ele>2009.08</ele>
        <time>2026-05-04T00:33:47.6180000+00:00</time>
      </trkpt>
      <trkpt lat="46.71988" lon="7.79271">
        <ele>2008.99</ele>
        <time>2026-05-04T00:33:50.9780000+00:00</time>
      </trkpt>
      <trkpt lat="46.7199" lon="7.79274">
        <ele>2009.44</ele>
        <time>2026-05-04T00:33:54.4940000+00:00</time>
      </trkpt>
      <trkpt lat="46.71994" lon="7.79276">
        <ele>2010.47</ele>
        <time>2026-05-04T00:33:59.6730000+00:00</time>
      </trkpt>
      <trkpt lat="46.71999" lon="7.79278">
        <ele>2011.82</ele>
        <time>2026-05-04T00:34:06.0240000+00:00</time>
      </trkpt>
      <trkpt lat="46.72003" lon="7.79282">
        <ele>2012.94</ele>
        <time>2026-05-04T00:34:11.9660000+00:00</time>
      </trkpt>
      <trkpt lat="46.72006" lon="7.79286">
        <ele>2013.83</ele>
        <time>2026-05-04T00:34:16.9450000+00:00</time>
      </trkpt>
      <trkpt lat="46.72008" lon="7.79293">
        <ele>2014.52</ele>
        <time>2026-05-04T00:34:23.3140000+00:00</time>
      </trkpt>
      <trkpt lat="46.72011" lon="7.79298">
        <ele>2015.55</ele>
        <time>2026-05-04T00:34:28.8930000+00:00</time>
      </trkpt>
      <trkpt lat="46.72015" lon="7.79301">
        <ele>2016.92</ele>
        <time>2026-05-04T00:34:34.4040000+00:00</time>
      </trkpt>
      <trkpt lat="46.7202" lon="7.79306">
        <ele>2018.75</ele>
        <time>2026-05-04T00:34:41.8310000+00:00</time>
      </trkpt>
      <trkpt lat="46.72022" lon="7.7931">
        <ele>2019.6</ele>
        <time>2026-05-04T00:34:45.9880000+00:00</time>
      </trkpt>
      <trkpt lat="46.72024" lon="7.79315">
        <ele>2020.32</ele>
        <time>2026-05-04T00:34:50.8490000+00:00</time>
      </trkpt>
      <trkpt lat="46.72033" lon="7.79322">
        <ele>2021.29</ele>
        <time>2026-05-04T00:35:03.3440000+00:00</time>
      </trkpt>
      <trkpt lat="46.72036" lon="7.79327">
        <ele>2022.04</ele>
        <time>2026-05-04T00:35:08.9240000+00:00</time>
      </trkpt>
      <trkpt lat="46.72039" lon="7.79332">
        <ele>2022.93</ele>
        <time>2026-05-04T00:35:14.5040000+00:00</time>
      </trkpt>
      <trkpt lat="46.72043" lon="7.79343">
        <ele>2024.95</ele>
        <time>2026-05-04T00:35:24.9610000+00:00</time>
      </trkpt>
      <trkpt lat="46.72049" lon="7.79351">
        <ele>2027.23</ele>
        <time>2026-05-04T00:35:34.9200000+00:00</time>
      </trkpt>
      <trkpt lat="46.72054" lon="7.79353">
        <ele>2028.23</ele>
        <time>2026-05-04T00:35:41.2720000+00:00</time>
      </trkpt>
      <trkpt lat="46.72059" lon="7.79356">
        <ele>2029.26</ele>
        <time>2026-05-04T00:35:47.8950000+00:00</time>
      </trkpt>
      <trkpt lat="46.72064" lon="7.79362">
        <ele>2030.36</ele>
        <time>2026-05-04T00:35:55.8270000+00:00</time>
      </trkpt>
      <trkpt lat="46.72071" lon="7.79368">
        <ele>2032.04</ele>
        <time>2026-05-04T00:36:05.7740000+00:00</time>
      </trkpt>
      <trkpt lat="46.72077" lon="7.79374">
        <ele>2033.63</ele>
        <time>2026-05-04T00:36:14.6870000+00:00</time>
      </trkpt>
      <trkpt lat="46.72079" lon="7.79385">
        <ele>2034.48</ele>
        <time>2026-05-04T00:36:24.2440000+00:00</time>
      </trkpt>
      <trkpt lat="46.72082" lon="7.79392">
        <ele>2035.56</ele>
        <time>2026-05-04T00:36:31.1770000+00:00</time>
      </trkpt>
      <trkpt lat="46.72083" lon="7.79393">
        <ele>2035.88</ele>
        <time>2026-05-04T00:36:32.6640000+00:00</time>
      </trkpt>
      <trkpt lat="46.72086" lon="7.79381">
        <ele>2036.18</ele>
        <time>2026-05-04T00:36:43.3900000+00:00</time>
      </trkpt>
      <trkpt lat="46.72089" lon="7.79384">
        <ele>2037.12</ele>
        <time>2026-05-04T00:36:47.8470000+00:00</time>
      </trkpt>
      <trkpt lat="46.72093" lon="7.79393">
        <ele>2038.72</ele>
        <time>2026-05-04T00:36:56.8550000+00:00</time>
      </trkpt>
      <trkpt lat="46.72093" lon="7.794">
        <ele>2039.13</ele>
        <time>2026-05-04T00:37:02.7330000+00:00</time>
      </trkpt>
      <trkpt lat="46.72098" lon="7.7941">
        <ele>2041.29</ele>
        <time>2026-05-04T00:37:13.1270000+00:00</time>
      </trkpt>
      <trkpt lat="46.72106" lon="7.79424">
        <ele>2044.98</ele>
        <time>2026-05-04T00:37:28.4330000+00:00</time>
      </trkpt>
      <trkpt lat="46.7211" lon="7.79439">
        <ele>2045.54</ele>
        <time>2026-05-04T00:37:41.9500000+00:00</time>
      </trkpt>
      <trkpt lat="46.72114" lon="7.79449">
        <ele>2044.67</ele>
        <time>2026-05-04T00:37:51.6730000+00:00</time>
      </trkpt>
      <trkpt lat="46.7212" lon="7.7946">
        <ele>2044.05</ele>
        <time>2026-05-04T00:38:03.4780000+00:00</time>
      </trkpt>
      <trkpt lat="46.72124" lon="7.79464">
        <ele>2044.06</ele>
        <time>2026-05-04T00:38:09.4190000+00:00</time>
      </trkpt>
      <trkpt lat="46.72127" lon="7.79465">
        <ele>2044.28</ele>
        <time>2026-05-04T00:38:13.1880000+00:00</time>
      </trkpt>
      <trkpt lat="46.72132" lon="7.79461">
        <ele>2045.05</ele>
        <time>2026-05-04T00:38:20.1740000+00:00</time>
      </trkpt>
      <trkpt lat="46.72139" lon="7.79462">
        <ele>2045.63</ele>
        <time>2026-05-04T00:38:28.7900000+00:00</time>
      </trkpt>
      <trkpt lat="46.72145" lon="7.79466">
        <ele>2046.02</ele>
        <time>2026-05-04T00:38:36.8710000+00:00</time>
      </trkpt>
      <trkpt lat="46.72149" lon="7.79468">
        <ele>2046.35</ele>
        <time>2026-05-04T00:38:42.0530000+00:00</time>
      </trkpt>
      <trkpt lat="46.72154" lon="7.79474">
        <ele>2046.73</ele>
        <time>2026-05-04T00:38:49.9840000+00:00</time>
      </trkpt>
      <trkpt lat="46.72157" lon="7.79478">
        <ele>2047.01</ele>
        <time>2026-05-04T00:38:54.9630000+00:00</time>
      </trkpt>
      <trkpt lat="46.72166" lon="7.79478">
        <ele>2048.14</ele>
        <time>2026-05-04T00:39:05.9880000+00:00</time>
      </trkpt>
      <trkpt lat="46.72174" lon="7.79479">
        <ele>2049.15</ele>
        <time>2026-05-04T00:39:15.8250000+00:00</time>
      </trkpt>
      <trkpt lat="46.72187" lon="7.79481">
        <ele>2050.89</ele>
        <time>2026-05-04T00:39:31.8390000+00:00</time>
      </trkpt>
      <trkpt lat="46.72197" lon="7.79481">
        <ele>2046.38</ele>
        <time>2026-05-04T00:39:44.0890000+00:00</time>
      </trkpt>
      <trkpt lat="46.72202" lon="7.79481">
        <ele>2042.97</ele>
        <time>2026-05-04T00:39:50.2140000+00:00</time>
      </trkpt>
      <trkpt lat="46.72209" lon="7.79482">
        <ele>2038.31</ele>
        <time>2026-05-04T00:39:58.8300000+00:00</time>
      </trkpt>
      <trkpt lat="46.72214" lon="7.79485">
        <ele>2035.32</ele>
        <time>2026-05-04T00:40:05.4530000+00:00</time>
      </trkpt>
      <trkpt lat="46.72218" lon="7.79489">
        <ele>2033.25</ele>
        <time>2026-05-04T00:40:11.3930000+00:00</time>
      </trkpt>
      <trkpt lat="46.72227" lon="7.79495">
        <ele>2028.45</ele>
        <time>2026-05-04T00:40:23.5150000+00:00</time>
      </trkpt>
      <trkpt lat="46.7223" lon="7.79502">
        <ele>2027.91</ele>
        <time>2026-05-04T00:40:30.4470000+00:00</time>
      </trkpt>
      <trkpt lat="46.72233" lon="7.79509">
        <ele>2027.51</ele>
        <time>2026-05-04T00:40:37.3800000+00:00</time>
      </trkpt>
      <trkpt lat="46.72238" lon="7.79517">
        <ele>2026.38</ele>
        <time>2026-05-04T00:40:46.4720000+00:00</time>
      </trkpt>
      <trkpt lat="46.72242" lon="7.79522">
        <ele>2024.5</ele>
        <time>2026-05-04T00:40:52.9240000+00:00</time>
      </trkpt>
      <trkpt lat="46.72246" lon="7.7953">
        <ele>2023.11</ele>
        <time>2026-05-04T00:41:01.2390000+00:00</time>
      </trkpt>
      <trkpt lat="46.72251" lon="7.79538">
        <ele>2021.69</ele>
        <time>2026-05-04T00:41:10.3310000+00:00</time>
      </trkpt>
      <trkpt lat="46.72254" lon="7.79546">
        <ele>2021.5</ele>
        <time>2026-05-04T00:41:17.9890000+00:00</time>
      </trkpt>
      <trkpt lat="46.72258" lon="7.79553">
        <ele>2021.12</ele>
        <time>2026-05-04T00:41:25.6420000+00:00</time>
      </trkpt>
      <trkpt lat="46.72262" lon="7.79559">
        <ele>2020.89</ele>
        <time>2026-05-04T00:41:32.6710000+00:00</time>
      </trkpt>
      <trkpt lat="46.72267" lon="7.79567">
        <ele>2021.12</ele>
        <time>2026-05-04T00:41:41.7620000+00:00</time>
      </trkpt>
      <trkpt lat="46.7227" lon="7.79572">
        <ele>2021.54</ele>
        <time>2026-05-04T00:41:47.3420000+00:00</time>
      </trkpt>
      <trkpt lat="46.72272" lon="7.7958">
        <ele>2023.06</ele>
        <time>2026-05-04T00:41:54.4920000+00:00</time>
      </trkpt>
      <trkpt lat="46.72272" lon="7.79587">
        <ele>2024.78</ele>
        <time>2026-05-04T00:42:00.3720000+00:00</time>
      </trkpt>
      <trkpt lat="46.72273" lon="7.79596">
        <ele>2026.92</ele>
        <time>2026-05-04T00:42:08.0290000+00:00</time>
      </trkpt>
      <trkpt lat="46.72274" lon="7.79599">
        <ele>2026.91</ele>
        <time>2026-05-04T00:42:10.8320000+00:00</time>
      </trkpt>
      <trkpt lat="46.72275" lon="7.796">
        <ele>2026.32</ele>
        <time>2026-05-04T00:42:12.3180000+00:00</time>
      </trkpt>
      <trkpt lat="46.72279" lon="7.79598">
        <ele>2022.45</ele>
        <time>2026-05-04T00:42:17.4980000+00:00</time>
      </trkpt>
      <trkpt lat="46.72281" lon="7.79605">
        <ele>2021.45</ele>
        <time>2026-05-04T00:42:23.8660000+00:00</time>
      </trkpt>
      <trkpt lat="46.72282" lon="7.79609">
        <ele>2020.74</ele>
        <time>2026-05-04T00:42:27.4410000+00:00</time>
      </trkpt>
      <trkpt lat="46.72286" lon="7.7962">
        <ele>2018.08</ele>
        <time>2026-05-04T00:42:37.8980000+00:00</time>
      </trkpt>
      <trkpt lat="46.72287" lon="7.79628">
        <ele>2017.76</ele>
        <time>2026-05-04T00:42:44.7280000+00:00</time>
      </trkpt>
      <trkpt lat="46.72288" lon="7.79633">
        <ele>2017.36</ele>
        <time>2026-05-04T00:42:49.1020000+00:00</time>
      </trkpt>
      <trkpt lat="46.7229" lon="7.79629">
        <ele>2015.76</ele>
        <time>2026-05-04T00:42:53.2590000+00:00</time>
      </trkpt>
      <trkpt lat="46.72291" lon="7.79626">
        <ele>2014.86</ele>
        <time>2026-05-04T00:42:56.0620000+00:00</time>
      </trkpt>
      <trkpt lat="46.72294" lon="7.79632">
        <ele>2013.3</ele>
        <time>2026-05-04T00:43:02.2990000+00:00</time>
      </trkpt>
      <trkpt lat="46.72296" lon="7.79635">
        <ele>2012.27</ele>
        <time>2026-05-04T00:43:05.8150000+00:00</time>
      </trkpt>
      <trkpt lat="46.72303" lon="7.79644">
        <ele>2008.97</ele>
        <time>2026-05-04T00:43:17.2450000+00:00</time>
      </trkpt>
      <trkpt lat="46.72306" lon="7.79653">
        <ele>2008.58</ele>
        <time>2026-05-04T00:43:25.6490000+00:00</time>
      </trkpt>
      <trkpt lat="46.72308" lon="7.79662">
        <ele>2008.98</ele>
        <time>2026-05-04T00:43:33.5950000+00:00</time>
      </trkpt>
      <trkpt lat="46.72311" lon="7.79671">
        <ele>2009.12</ele>
        <time>2026-05-04T00:43:42.0000000+00:00</time>
      </trkpt>
      <trkpt lat="46.72316" lon="7.79681">
        <ele>2008.97</ele>
        <time>2026-05-04T00:43:52.3940000+00:00</time>
      </trkpt>
      <trkpt lat="46.72319" lon="7.79688">
        <ele>2007.4</ele>
        <time>2026-05-04T00:43:59.3270000+00:00</time>
      </trkpt>
      <trkpt lat="46.72323" lon="7.79695">
        <ele>2004.55</ele>
        <time>2026-05-04T00:44:06.9800000+00:00</time>
      </trkpt>
      <trkpt lat="46.72325" lon="7.797">
        <ele>2002.94</ele>
        <time>2026-05-04T00:44:11.8430000+00:00</time>
      </trkpt>
      <trkpt lat="46.72328" lon="7.79703">
        <ele>2001.5</ele>
        <time>2026-05-04T00:44:16.3000000+00:00</time>
      </trkpt>
      <trkpt lat="46.7233" lon="7.79708">
        <ele>2000.1</ele>
        <time>2026-05-04T00:44:21.1610000+00:00</time>
      </trkpt>
      <trkpt lat="46.72336" lon="7.79722">
        <ele>1996.61</ele>
        <time>2026-05-04T00:44:35.0270000+00:00</time>
      </trkpt>
      <trkpt lat="46.72338" lon="7.7973">
        <ele>1995.21</ele>
        <time>2026-05-04T00:44:42.1770000+00:00</time>
      </trkpt>
      <trkpt lat="46.72338" lon="7.79736">
        <ele>1994.45</ele>
        <time>2026-05-04T00:44:47.2150000+00:00</time>
      </trkpt>
      <trkpt lat="46.72342" lon="7.79739">
        <ele>1993.62</ele>
        <time>2026-05-04T00:44:52.7260000+00:00</time>
      </trkpt>
      <trkpt lat="46.72344" lon="7.79741">
        <ele>1993.2</ele>
        <time>2026-05-04T00:44:55.6950000+00:00</time>
      </trkpt>
      <trkpt lat="46.7235" lon="7.79743">
        <ele>1992.45</ele>
        <time>2026-05-04T00:45:03.2350000+00:00</time>
      </trkpt>
      <trkpt lat="46.72353" lon="7.79748">
        <ele>1991.91</ele>
        <time>2026-05-04T00:45:08.8160000+00:00</time>
      </trkpt>
      <trkpt lat="46.72356" lon="7.7975">
        <ele>1991.63</ele>
        <time>2026-05-04T00:45:12.8560000+00:00</time>
      </trkpt>
      <trkpt lat="46.7236" lon="7.79757">
        <ele>1992.2</ele>
        <time>2026-05-04T00:45:20.5090000+00:00</time>
      </trkpt>
      <trkpt lat="46.72359" lon="7.79765">
        <ele>1991.67</ele>
        <time>2026-05-04T00:45:27.3380000+00:00</time>
      </trkpt>
      <trkpt lat="46.7236" lon="7.79767">
        <ele>1991.77</ele>
        <time>2026-05-04T00:45:29.4160000+00:00</time>
      </trkpt>
      <trkpt lat="46.7236" lon="7.79769">
        <ele>1990.88</ele>
        <time>2026-05-04T00:45:31.0930000+00:00</time>
      </trkpt>
      <trkpt lat="46.72362" lon="7.7977">
        <ele>1990.89</ele>
        <time>2026-05-04T00:45:33.6800000+00:00</time>
      </trkpt>
      <trkpt lat="46.72363" lon="7.79768">
        <ele>1992.01</ele>
        <time>2026-05-04T00:45:35.7590000+00:00</time>
      </trkpt>
      <trkpt lat="46.72366" lon="7.79764">
        <ele>1993.31</ele>
        <time>2026-05-04T00:45:40.7380000+00:00</time>
      </trkpt>
      <trkpt lat="46.72367" lon="7.79767">
        <ele>1993.36</ele>
        <time>2026-05-04T00:45:43.5390000+00:00</time>
      </trkpt>
      <trkpt lat="46.72369" lon="7.79775">
        <ele>1990.28</ele>
        <time>2026-05-04T00:45:50.6900000+00:00</time>
      </trkpt>
      <trkpt lat="46.72371" lon="7.79777">
        <ele>1989.85</ele>
        <time>2026-05-04T00:45:53.6590000+00:00</time>
      </trkpt>
      <trkpt lat="46.72372" lon="7.79782">
        <ele>1987.87</ele>
        <time>2026-05-04T00:45:58.0330000+00:00</time>
      </trkpt>
      <trkpt lat="46.72376" lon="7.79786">
        <ele>1987.03</ele>
        <time>2026-05-04T00:46:03.9750000+00:00</time>
      </trkpt>
      <trkpt lat="46.7238" lon="7.79788">
        <ele>1987.07</ele>
        <time>2026-05-04T00:46:09.1550000+00:00</time>
      </trkpt>
      <trkpt lat="46.72381" lon="7.79784">
        <ele>1989.07</ele>
        <time>2026-05-04T00:46:12.7310000+00:00</time>
      </trkpt>
      <trkpt lat="46.7238" lon="7.7978">
        <ele>1990.6</ele>
        <time>2026-05-04T00:46:16.3070000+00:00</time>
      </trkpt>
      <trkpt lat="46.72382" lon="7.7978">
        <ele>1991.06</ele>
        <time>2026-05-04T00:46:18.7600000+00:00</time>
      </trkpt>
      <trkpt lat="46.72384" lon="7.79782">
        <ele>1990.64</ele>
        <time>2026-05-04T00:46:21.7310000+00:00</time>
      </trkpt>
      <trkpt lat="46.72385" lon="7.79781">
        <ele>1991.31</ele>
        <time>2026-05-04T00:46:23.2180000+00:00</time>
      </trkpt>
      <trkpt lat="46.72385" lon="7.7978">
        <ele>1991.75</ele>
        <time>2026-05-04T00:46:24.0540000+00:00</time>
      </trkpt>
      <trkpt lat="46.72384" lon="7.79776">
        <ele>1993.28</ele>
        <time>2026-05-04T00:46:27.6290000+00:00</time>
      </trkpt>
      <trkpt lat="46.72384" lon="7.79774">
        <ele>1994.16</ele>
        <time>2026-05-04T00:46:29.3120000+00:00</time>
      </trkpt>
      <trkpt lat="46.72385" lon="7.79773">
        <ele>1994.83</ele>
        <time>2026-05-04T00:46:30.7990000+00:00</time>
      </trkpt>
      <trkpt lat="46.72387" lon="7.79775">
        <ele>1994.41</ele>
        <time>2026-05-04T00:46:33.7680000+00:00</time>
      </trkpt>
      <trkpt lat="46.7239" lon="7.79775">
        <ele>1995.1</ele>
        <time>2026-05-04T00:46:37.4420000+00:00</time>
      </trkpt>
      <trkpt lat="46.72394" lon="7.79774">
        <ele>1996.45</ele>
        <time>2026-05-04T00:46:42.4120000+00:00</time>
      </trkpt>
      <trkpt lat="46.72398" lon="7.79774">
        <ele>1997.37</ele>
        <time>2026-05-04T00:46:47.3120000+00:00</time>
      </trkpt>
      <trkpt lat="46.72401" lon="7.79773">
        <ele>1998.5</ele>
        <time>2026-05-04T00:46:51.0830000+00:00</time>
      </trkpt>
      <trkpt lat="46.72404" lon="7.79773">
        <ele>1999.18</ele>
        <time>2026-05-04T00:46:54.7610000+00:00</time>
      </trkpt>
      <trkpt lat="46.72408" lon="7.79772">
        <ele>2000.54</ele>
        <time>2026-05-04T00:46:59.7330000+00:00</time>
      </trkpt>
      <trkpt lat="46.72412" lon="7.7977">
        <ele>2002.32</ele>
        <time>2026-05-04T00:47:04.9140000+00:00</time>
      </trkpt>
      <trkpt lat="46.72416" lon="7.7977">
        <ele>2003.24</ele>
        <time>2026-05-04T00:47:09.8140000+00:00</time>
      </trkpt>
      <trkpt lat="46.7242" lon="7.7977">
        <ele>2004.15</ele>
        <time>2026-05-04T00:47:14.7150000+00:00</time>
      </trkpt>
      <trkpt lat="46.72424" lon="7.79771">
        <ele>2004.63</ele>
        <time>2026-05-04T00:47:19.6880000+00:00</time>
      </trkpt>
      <trkpt lat="46.7243" lon="7.79774">
        <ele>2004.71</ele>
        <time>2026-05-04T00:47:27.4580000+00:00</time>
      </trkpt>
      <trkpt lat="46.72435" lon="7.79777">
        <ele>2004.55</ele>
        <time>2026-05-04T00:47:34.0810000+00:00</time>
      </trkpt>
      <trkpt lat="46.72439" lon="7.79779">
        <ele>2004.61</ele>
        <time>2026-05-04T00:47:39.2620000+00:00</time>
      </trkpt>
      <trkpt lat="46.72441" lon="7.7978">
        <ele>2004.35</ele>
        <time>2026-05-04T00:47:41.8540000+00:00</time>
      </trkpt>
      <trkpt lat="46.72444" lon="7.79782">
        <ele>2003.6</ele>
        <time>2026-05-04T00:47:45.8970000+00:00</time>
      </trkpt>
      <trkpt lat="46.72447" lon="7.79785">
        <ele>2002.55</ele>
        <time>2026-05-04T00:47:50.3540000+00:00</time>
      </trkpt>
      <trkpt lat="46.72448" lon="7.79787">
        <ele>2001.86</ele>
        <time>2026-05-04T00:47:52.4350000+00:00</time>
      </trkpt>
      <trkpt lat="46.72449" lon="7.79789">
        <ele>2001.19</ele>
        <time>2026-05-04T00:47:54.5160000+00:00</time>
      </trkpt>
      <trkpt lat="46.72452" lon="7.79792">
        <ele>2000.39</ele>
        <time>2026-05-04T00:47:58.9720000+00:00</time>
      </trkpt>
      <trkpt lat="46.72454" lon="7.79795">
        <ele>1999.6</ele>
        <time>2026-05-04T00:48:02.4850000+00:00</time>
      </trkpt>
      <trkpt lat="46.72458" lon="7.79798">
        <ele>1999.17</ele>
        <time>2026-05-04T00:48:07.9940000+00:00</time>
      </trkpt>
      <trkpt lat="46.72461" lon="7.798">
        <ele>1999.03</ele>
        <time>2026-05-04T00:48:12.0340000+00:00</time>
      </trkpt>
      <trkpt lat="46.72464" lon="7.79802">
        <ele>1998.98</ele>
        <time>2026-05-04T00:48:16.0750000+00:00</time>
      </trkpt>
      <trkpt lat="46.72469" lon="7.79804">
        <ele>1999.38</ele>
        <time>2026-05-04T00:48:22.4270000+00:00</time>
      </trkpt>
      <trkpt lat="46.72472" lon="7.79805">
        <ele>1999.72</ele>
        <time>2026-05-04T00:48:26.1950000+00:00</time>
      </trkpt>
      <trkpt lat="46.72476" lon="7.79806">
        <ele>2000.31</ele>
        <time>2026-05-04T00:48:31.1670000+00:00</time>
      </trkpt>
      <trkpt lat="46.72478" lon="7.79808">
        <ele>2000.38</ele>
        <time>2026-05-04T00:48:34.1400000+00:00</time>
      </trkpt>
      <trkpt lat="46.7248" lon="7.79812">
        <ele>2000.19</ele>
        <time>2026-05-04T00:48:38.2980000+00:00</time>
      </trkpt>
      <trkpt lat="46.72481" lon="7.79815">
        <ele>1999.99</ele>
        <time>2026-05-04T00:48:41.1000000+00:00</time>
      </trkpt>
      <trkpt lat="46.72482" lon="7.79818">
        <ele>1999.84</ele>
        <time>2026-05-04T00:48:43.9030000+00:00</time>
      </trkpt>
      <trkpt lat="46.72485" lon="7.7982">
        <ele>2000.45</ele>
        <time>2026-05-04T00:48:47.9430000+00:00</time>
      </trkpt>
      <trkpt lat="46.72488" lon="7.79822">
        <ele>2001.14</ele>
        <time>2026-05-04T00:48:51.9830000+00:00</time>
      </trkpt>
      <trkpt lat="46.72493" lon="7.79827">
        <ele>2002.37</ele>
        <time>2026-05-04T00:48:59.4090000+00:00</time>
      </trkpt>
      <trkpt lat="46.72496" lon="7.79827">
        <ele>2003.41</ele>
        <time>2026-05-04T00:49:03.0840000+00:00</time>
      </trkpt>
      <trkpt lat="46.72498" lon="7.7983">
        <ele>2004.01</ele>
        <time>2026-05-04T00:49:06.5970000+00:00</time>
      </trkpt>
      <trkpt lat="46.72501" lon="7.79833">
        <ele>2005.08</ele>
        <time>2026-05-04T00:49:11.0520000+00:00</time>
      </trkpt>
      <trkpt lat="46.72504" lon="7.79834">
        <ele>2006.25</ele>
        <time>2026-05-04T00:49:14.8210000+00:00</time>
      </trkpt>
      <trkpt lat="46.72508" lon="7.79837">
        <ele>2007.95</ele>
        <time>2026-05-04T00:49:20.3320000+00:00</time>
      </trkpt>
      <trkpt lat="46.72513" lon="7.79839">
        <ele>2010.17</ele>
        <time>2026-05-04T00:49:26.6840000+00:00</time>
      </trkpt>
      <trkpt lat="46.72517" lon="7.79841">
        <ele>2012.08</ele>
        <time>2026-05-04T00:49:31.8650000+00:00</time>
      </trkpt>
      <trkpt lat="46.72522" lon="7.79843">
        <ele>2014.56</ele>
        <time>2026-05-04T00:49:38.2170000+00:00</time>
      </trkpt>
      <trkpt lat="46.72527" lon="7.79843">
        <ele>2013.82</ele>
        <time>2026-05-04T00:49:44.3420000+00:00</time>
      </trkpt>
      <trkpt lat="46.72528" lon="7.79845">
        <ele>2013.85</ele>
        <time>2026-05-04T00:49:46.4180000+00:00</time>
      </trkpt>
      <trkpt lat="46.72532" lon="7.79848">
        <ele>2013.24</ele>
        <time>2026-05-04T00:49:51.9290000+00:00</time>
      </trkpt>
      <trkpt lat="46.72534" lon="7.79851">
        <ele>2012.91</ele>
        <time>2026-05-04T00:49:55.4450000+00:00</time>
      </trkpt>
      <trkpt lat="46.72536" lon="7.79853">
        <ele>2012.05</ele>
        <time>2026-05-04T00:49:58.4140000+00:00</time>
      </trkpt>
      <trkpt lat="46.72539" lon="7.79856">
        <ele>2010.81</ele>
        <time>2026-05-04T00:50:02.8690000+00:00</time>
      </trkpt>
      <trkpt lat="46.72541" lon="7.7986">
        <ele>2009.74</ele>
        <time>2026-05-04T00:50:07.0280000+00:00</time>
      </trkpt>
      <trkpt lat="46.72544" lon="7.79864">
        <ele>2008.53</ele>
        <time>2026-05-04T00:50:12.0070000+00:00</time>
      </trkpt>
      <trkpt lat="46.72546" lon="7.79866">
        <ele>2007.86</ele>
        <time>2026-05-04T00:50:14.9800000+00:00</time>
      </trkpt>
      <trkpt lat="46.72551" lon="7.7987">
        <ele>2006.46</ele>
        <time>2026-05-04T00:50:21.9660000+00:00</time>
      </trkpt>
      <trkpt lat="46.72555" lon="7.79872">
        <ele>2005.56</ele>
        <time>2026-05-04T00:50:27.1460000+00:00</time>
      </trkpt>
      <trkpt lat="46.72557" lon="7.79876">
        <ele>2004.9</ele>
        <time>2026-05-04T00:50:31.3040000+00:00</time>
      </trkpt>
      <trkpt lat="46.72558" lon="7.7988">
        <ele>2004.45</ele>
        <time>2026-05-04T00:50:34.8800000+00:00</time>
      </trkpt>
      <trkpt lat="46.72559" lon="7.79883">
        <ele>2004.1</ele>
        <time>2026-05-04T00:50:37.6800000+00:00</time>
      </trkpt>
      <trkpt lat="46.72563" lon="7.79884">
        <ele>2003.55</ele>
        <time>2026-05-04T00:50:42.6520000+00:00</time>
      </trkpt>
      <trkpt lat="46.72566" lon="7.79884">
        <ele>2003.2</ele>
        <time>2026-05-04T00:50:46.3260000+00:00</time>
      </trkpt>
      <trkpt lat="46.7257" lon="7.79886">
        <ele>2002.68</ele>
        <time>2026-05-04T00:50:51.5050000+00:00</time>
      </trkpt>
      <trkpt lat="46.72575" lon="7.79888">
        <ele>2002.13</ele>
        <time>2026-05-04T00:50:57.8570000+00:00</time>
      </trkpt>
      <trkpt lat="46.72577" lon="7.79889">
        <ele>2001.94</ele>
        <time>2026-05-04T00:51:00.4460000+00:00</time>
      </trkpt>
      <trkpt lat="46.72583" lon="7.79892">
        <ele>2001.45</ele>
        <time>2026-05-04T00:51:08.2160000+00:00</time>
      </trkpt>
      <trkpt lat="46.72587" lon="7.79896">
        <ele>2001.32</ele>
        <time>2026-05-04T00:51:14.1570000+00:00</time>
      </trkpt>
      <trkpt lat="46.72591" lon="7.799">
        <ele>2001.32</ele>
        <time>2026-05-04T00:51:20.0970000+00:00</time>
      </trkpt>
      <trkpt lat="46.72594" lon="7.79905">
        <ele>2001.58</ele>
        <time>2026-05-04T00:51:25.6770000+00:00</time>
      </trkpt>
      <trkpt lat="46.72596" lon="7.79914">
        <ele>2002.31</ele>
        <time>2026-05-04T00:51:33.6220000+00:00</time>
      </trkpt>
      <trkpt lat="46.72598" lon="7.79921">
        <ele>2003.02</ele>
        <time>2026-05-04T00:51:39.9910000+00:00</time>
      </trkpt>
      <trkpt lat="46.72602" lon="7.7993">
        <ele>2004.21</ele>
        <time>2026-05-04T00:51:48.9980000+00:00</time>
      </trkpt>
      <trkpt lat="46.72606" lon="7.7994">
        <ele>2006.01</ele>
        <time>2026-05-04T00:51:58.7210000+00:00</time>
      </trkpt>
      <trkpt lat="46.72608" lon="7.79944">
        <ele>2005.42</ele>
        <time>2026-05-04T00:52:02.8780000+00:00</time>
      </trkpt>
      <trkpt lat="46.72609" lon="7.79949">
        <ele>2005.6</ele>
        <time>2026-05-04T00:52:07.2510000+00:00</time>
      </trkpt>
      <trkpt lat="46.7261" lon="7.79953">
        <ele>2005.64</ele>
        <time>2026-05-04T00:52:10.8260000+00:00</time>
      </trkpt>
      <trkpt lat="46.72615" lon="7.79956">
        <ele>2003.08</ele>
        <time>2026-05-04T00:52:17.4490000+00:00</time>
      </trkpt>
      <trkpt lat="46.72619" lon="7.79964">
        <ele>2002.34</ele>
        <time>2026-05-04T00:52:25.7640000+00:00</time>
      </trkpt>
      <trkpt lat="46.72623" lon="7.79972">
        <ele>2001.9</ele>
        <time>2026-05-04T00:52:34.0800000+00:00</time>
      </trkpt>
      <trkpt lat="46.72625" lon="7.7998">
        <ele>2002.76</ele>
        <time>2026-05-04T00:52:41.2320000+00:00</time>
      </trkpt>
      <trkpt lat="46.72626" lon="7.79983">
        <ele>2002.99</ele>
        <time>2026-05-04T00:52:44.0340000+00:00</time>
      </trkpt>
      <trkpt lat="46.72627" lon="7.79988">
        <ele>2003.76</ele>
        <time>2026-05-04T00:52:48.4080000+00:00</time>
      </trkpt>
      <trkpt lat="46.72628" lon="7.79992">
        <ele>2004.32</ele>
        <time>2026-05-04T00:52:51.9860000+00:00</time>
      </trkpt>
      <trkpt lat="46.7263" lon="7.79996">
        <ele>2004.49</ele>
        <time>2026-05-04T00:52:56.1430000+00:00</time>
      </trkpt>
      <trkpt lat="46.72633" lon="7.8">
        <ele>2004.31</ele>
        <time>2026-05-04T00:53:01.1220000+00:00</time>
      </trkpt>
      <trkpt lat="46.72636" lon="7.80004">
        <ele>2004.25</ele>
        <time>2026-05-04T00:53:06.1010000+00:00</time>
      </trkpt>
      <trkpt lat="46.72638" lon="7.80006">
        <ele>2004.06</ele>
        <time>2026-05-04T00:53:09.0700000+00:00</time>
      </trkpt>
      <trkpt lat="46.72639" lon="7.8001">
        <ele>2004.91</ele>
        <time>2026-05-04T00:53:12.6450000+00:00</time>
      </trkpt>
      <trkpt lat="46.7264" lon="7.80014">
        <ele>2005.79</ele>
        <time>2026-05-04T00:53:16.2190000+00:00</time>
      </trkpt>
      <trkpt lat="46.72642" lon="7.80017">
        <ele>2005.91</ele>
        <time>2026-05-04T00:53:19.7340000+00:00</time>
      </trkpt>
      <trkpt lat="46.72644" lon="7.80022">
        <ele>2004.7</ele>
        <time>2026-05-04T00:53:24.5950000+00:00</time>
      </trkpt>
      <trkpt lat="46.72645" lon="7.80023">
        <ele>2004.29</ele>
        <time>2026-05-04T00:53:26.0810000+00:00</time>
      </trkpt>
      <trkpt lat="46.72647" lon="7.80024">
        <ele>2003.61</ele>
        <time>2026-05-04T00:53:28.6730000+00:00</time>
      </trkpt>
      <trkpt lat="46.7265" lon="7.80024">
        <ele>2002.74</ele>
        <time>2026-05-04T00:53:32.3470000+00:00</time>
      </trkpt>
      <trkpt lat="46.72654" lon="7.80028">
        <ele>2001.41</ele>
        <time>2026-05-04T00:53:38.2880000+00:00</time>
      </trkpt>
      <trkpt lat="46.72657" lon="7.80032">
        <ele>2000.51</ele>
        <time>2026-05-04T00:53:43.2690000+00:00</time>
      </trkpt>
      <trkpt lat="46.7266" lon="7.80038">
        <ele>1999.75</ele>
        <time>2026-05-04T00:53:49.5060000+00:00</time>
      </trkpt>
      <trkpt lat="46.72663" lon="7.80045">
        <ele>1999.24</ele>
        <time>2026-05-04T00:53:56.4380000+00:00</time>
      </trkpt>
      <trkpt lat="46.72666" lon="7.80054">
        <ele>1999.05</ele>
        <time>2026-05-04T00:54:04.8420000+00:00</time>
      </trkpt>
      <trkpt lat="46.72668" lon="7.80062">
        <ele>1999.21</ele>
        <time>2026-05-04T00:54:11.9920000+00:00</time>
      </trkpt>
      <trkpt lat="46.72671" lon="7.80069">
        <ele>1999.51</ele>
        <time>2026-05-04T00:54:18.9250000+00:00</time>
      </trkpt>
      <trkpt lat="46.72674" lon="7.80073">
        <ele>1999.82</ele>
        <time>2026-05-04T00:54:23.9030000+00:00</time>
      </trkpt>
      <trkpt lat="46.72677" lon="7.80078">
        <ele>2000.39</ele>
        <time>2026-05-04T00:54:29.4850000+00:00</time>
      </trkpt>
      <trkpt lat="46.72679" lon="7.80082">
        <ele>2000.95</ele>
        <time>2026-05-04T00:54:33.6440000+00:00</time>
      </trkpt>
      <trkpt lat="46.72682" lon="7.80083">
        <ele>2001.32</ele>
        <time>2026-05-04T00:54:37.4130000+00:00</time>
      </trkpt>
      <trkpt lat="46.72686" lon="7.80087">
        <ele>2002.3</ele>
        <time>2026-05-04T00:54:43.3550000+00:00</time>
      </trkpt>
      <trkpt lat="46.72689" lon="7.8009">
        <ele>2003.16</ele>
        <time>2026-05-04T00:54:47.8100000+00:00</time>
      </trkpt>
      <trkpt lat="46.72692" lon="7.80092">
        <ele>2004.46</ele>
        <time>2026-05-04T00:54:51.8500000+00:00</time>
      </trkpt>
      <trkpt lat="46.72695" lon="7.80094">
        <ele>2005.88</ele>
        <time>2026-05-04T00:54:55.8900000+00:00</time>
      </trkpt>
      <trkpt lat="46.72697" lon="7.80096">
        <ele>2006.97</ele>
        <time>2026-05-04T00:54:58.8590000+00:00</time>
      </trkpt>
      <trkpt lat="46.727" lon="7.801">
        <ele>2008.77</ele>
        <time>2026-05-04T00:55:03.8380000+00:00</time>
      </trkpt>
      <trkpt lat="46.72701" lon="7.80102">
        <ele>2008.2</ele>
        <time>2026-05-04T00:55:05.9160000+00:00</time>
      </trkpt>
      <trkpt lat="46.72703" lon="7.80104">
        <ele>2008.01</ele>
        <time>2026-05-04T00:55:08.8860000+00:00</time>
      </trkpt>
      <trkpt lat="46.72706" lon="7.80104">
        <ele>2009.12</ele>
        <time>2026-05-04T00:55:12.5600000+00:00</time>
      </trkpt>
      <trkpt lat="46.72711" lon="7.80104">
        <ele>2010.97</ele>
        <time>2026-05-04T00:55:18.6850000+00:00</time>
      </trkpt>
      <trkpt lat="46.72712" lon="7.80106">
        <ele>2010.46</ele>
        <time>2026-05-04T00:55:20.7640000+00:00</time>
      </trkpt>
      <trkpt lat="46.72714" lon="7.80107">
        <ele>2010.77</ele>
        <time>2026-05-04T00:55:23.3540000+00:00</time>
      </trkpt>
      <trkpt lat="46.72716" lon="7.80109">
        <ele>2010.66</ele>
        <time>2026-05-04T00:55:26.3250000+00:00</time>
      </trkpt>
      <trkpt lat="46.7272" lon="7.80112">
        <ele>2010.92</ele>
        <time>2026-05-04T00:55:31.8360000+00:00</time>
      </trkpt>
      <trkpt lat="46.72724" lon="7.80116">
        <ele>2010.82</ele>
        <time>2026-05-04T00:55:37.7760000+00:00</time>
      </trkpt>
      <trkpt lat="46.72728" lon="7.80119">
        <ele>2011.2</ele>
        <time>2026-05-04T00:55:43.2870000+00:00</time>
      </trkpt>
      <trkpt lat="46.72732" lon="7.80123">
        <ele>2011.24</ele>
        <time>2026-05-04T00:55:49.2270000+00:00</time>
      </trkpt>
      <trkpt lat="46.72735" lon="7.80125">
        <ele>2011.71</ele>
        <time>2026-05-04T00:55:53.2670000+00:00</time>
      </trkpt>
      <trkpt lat="46.72738" lon="7.8013">
        <ele>2011.06</ele>
        <time>2026-05-04T00:55:58.8470000+00:00</time>
      </trkpt>
      <trkpt lat="46.7274" lon="7.80133">
        <ele>2010.79</ele>
        <time>2026-05-04T00:56:02.3610000+00:00</time>
      </trkpt>
      <trkpt lat="46.72743" lon="7.80136">
        <ele>2011</ele>
        <time>2026-05-04T00:56:06.8180000+00:00</time>
      </trkpt>
      <trkpt lat="46.72745" lon="7.80138">
        <ele>2011.16</ele>
        <time>2026-05-04T00:56:09.7900000+00:00</time>
      </trkpt>
      <trkpt lat="46.72746" lon="7.80139">
        <ele>2011.24</ele>
        <time>2026-05-04T00:56:11.2760000+00:00</time>
      </trkpt>
      <trkpt lat="46.7275" lon="7.80139">
        <ele>2013.04</ele>
        <time>2026-05-04T00:56:16.1760000+00:00</time>
      </trkpt>
      <trkpt lat="46.72752" lon="7.8014">
        <ele>2013.6</ele>
        <time>2026-05-04T00:56:18.7660000+00:00</time>
      </trkpt>
      <trkpt lat="46.72754" lon="7.80141">
        <ele>2014.16</ele>
        <time>2026-05-04T00:56:21.3580000+00:00</time>
      </trkpt>
      <trkpt lat="46.72756" lon="7.80143">
        <ele>2014.39</ele>
        <time>2026-05-04T00:56:24.3270000+00:00</time>
      </trkpt>
      <trkpt lat="46.72758" lon="7.80145">
        <ele>2014.64</ele>
        <time>2026-05-04T00:56:27.2960000+00:00</time>
      </trkpt>
      <trkpt lat="46.7276" lon="7.80147">
        <ele>2014.91</ele>
        <time>2026-05-04T00:56:30.2670000+00:00</time>
      </trkpt>
      <trkpt lat="46.72763" lon="7.80149">
        <ele>2015.67</ele>
        <time>2026-05-04T00:56:34.3100000+00:00</time>
      </trkpt>
      <trkpt lat="46.72765" lon="7.80151">
        <ele>2015.99</ele>
        <time>2026-05-04T00:56:37.2810000+00:00</time>
      </trkpt>
      <trkpt lat="46.72771" lon="7.80152">
        <ele>2018.55</ele>
        <time>2026-05-04T00:56:44.6790000+00:00</time>
      </trkpt>
      <trkpt lat="46.72775" lon="7.80154">
        <ele>2018.04</ele>
        <time>2026-05-04T00:56:49.8590000+00:00</time>
      </trkpt>
      <trkpt lat="46.72778" lon="7.80159">
        <ele>2015.54</ele>
        <time>2026-05-04T00:56:55.4400000+00:00</time>
      </trkpt>
      <trkpt lat="46.7278" lon="7.80162">
        <ele>2013.95</ele>
        <time>2026-05-04T00:56:58.9550000+00:00</time>
      </trkpt>
      <trkpt lat="46.72785" lon="7.80166">
        <ele>2011</ele>
        <time>2026-05-04T00:57:05.9410000+00:00</time>
      </trkpt>
      <trkpt lat="46.72787" lon="7.80168">
        <ele>2009.67</ele>
        <time>2026-05-04T00:57:08.9140000+00:00</time>
      </trkpt>
      <trkpt lat="46.72789" lon="7.8017">
        <ele>2008.32</ele>
        <time>2026-05-04T00:57:11.8870000+00:00</time>
      </trkpt>
      <trkpt lat="46.72792" lon="7.80172">
        <ele>2006.6</ele>
        <time>2026-05-04T00:57:15.9280000+00:00</time>
      </trkpt>
      <trkpt lat="46.72794" lon="7.80172">
        <ele>2005.9</ele>
        <time>2026-05-04T00:57:18.3770000+00:00</time>
      </trkpt>
      <trkpt lat="46.72797" lon="7.80171">
        <ele>2005.2</ele>
        <time>2026-05-04T00:57:22.1450000+00:00</time>
      </trkpt>
      <trkpt lat="46.728" lon="7.8017">
        <ele>2004.52</ele>
        <time>2026-05-04T00:57:25.9160000+00:00</time>
      </trkpt>
      <trkpt lat="46.72804" lon="7.80169">
        <ele>2003.5</ele>
        <time>2026-05-04T00:57:30.8880000+00:00</time>
      </trkpt>
      <trkpt lat="46.72808" lon="7.8017">
        <ele>2001.75</ele>
        <time>2026-05-04T00:57:35.8590000+00:00</time>
      </trkpt>
      <trkpt lat="46.72812" lon="7.80172">
        <ele>1999.61</ele>
        <time>2026-05-04T00:57:41.0410000+00:00</time>
      </trkpt>
      <trkpt lat="46.72814" lon="7.80172">
        <ele>1998.91</ele>
        <time>2026-05-04T00:57:43.4940000+00:00</time>
      </trkpt>
      <trkpt lat="46.72817" lon="7.80172">
        <ele>1997.86</ele>
        <time>2026-05-04T00:57:47.1690000+00:00</time>
      </trkpt>
      <trkpt lat="46.72819" lon="7.80172">
        <ele>1997.16</ele>
        <time>2026-05-04T00:57:49.6180000+00:00</time>
      </trkpt>
      <trkpt lat="46.72821" lon="7.80172">
        <ele>1996.46</ele>
        <time>2026-05-04T00:57:52.0660000+00:00</time>
      </trkpt>
      <trkpt lat="46.72823" lon="7.80172">
        <ele>1995.76</ele>
        <time>2026-05-04T00:57:54.5140000+00:00</time>
      </trkpt>
      <trkpt lat="46.72824" lon="7.80173">
        <ele>1995.01</ele>
        <time>2026-05-04T00:57:56.0010000+00:00</time>
      </trkpt>
      <trkpt lat="46.72826" lon="7.80176">
        <ele>1993.08</ele>
        <time>2026-05-04T00:57:59.5170000+00:00</time>
      </trkpt>
      <trkpt lat="46.7283" lon="7.80179">
        <ele>1990.4</ele>
        <time>2026-05-04T00:58:05.0270000+00:00</time>
      </trkpt>
      <trkpt lat="46.72831" lon="7.80182">
        <ele>1988.78</ele>
        <time>2026-05-04T00:58:07.8300000+00:00</time>
      </trkpt>
      <trkpt lat="46.72832" lon="7.80184">
        <ele>1987.68</ele>
        <time>2026-05-04T00:58:09.9090000+00:00</time>
      </trkpt>
      <trkpt lat="46.72834" lon="7.80193">
        <ele>1984.3</ele>
        <time>2026-05-04T00:58:17.8540000+00:00</time>
      </trkpt>
      <trkpt lat="46.72838" lon="7.80199">
        <ele>1980.96</ele>
        <time>2026-05-04T00:58:24.8810000+00:00</time>
      </trkpt>
      <trkpt lat="46.72838" lon="7.80202">
        <ele>1980.07</ele>
        <time>2026-05-04T00:58:27.4000000+00:00</time>
      </trkpt>
      <trkpt lat="46.72838" lon="7.80205">
        <ele>1979.17</ele>
        <time>2026-05-04T00:58:29.9190000+00:00</time>
      </trkpt>
      <trkpt lat="46.72838" lon="7.80208">
        <ele>1978.28</ele>
        <time>2026-05-04T00:58:32.4380000+00:00</time>
      </trkpt>
      <trkpt lat="46.72836" lon="7.80212">
        <ele>1977.91</ele>
        <time>2026-05-04T00:58:36.5960000+00:00</time>
      </trkpt>
      <trkpt lat="46.72836" lon="7.80216">
        <ele>1976.73</ele>
        <time>2026-05-04T00:58:39.9560000+00:00</time>
      </trkpt>
      <trkpt lat="46.72837" lon="7.80227">
        <ele>1973.05</ele>
        <time>2026-05-04T00:58:49.2730000+00:00</time>
      </trkpt>
      <trkpt lat="46.72838" lon="7.80229">
        <ele>1972.01</ele>
        <time>2026-05-04T00:58:51.3520000+00:00</time>
      </trkpt>
      <trkpt lat="46.7284" lon="7.80233">
        <ele>1969.93</ele>
        <time>2026-05-04T00:58:55.5090000+00:00</time>
      </trkpt>
      <trkpt lat="46.72841" lon="7.80236">
        <ele>1968.58</ele>
        <time>2026-05-04T00:58:58.3120000+00:00</time>
      </trkpt>
      <trkpt lat="46.72842" lon="7.8024">
        <ele>1966.91</ele>
        <time>2026-05-04T00:59:01.8880000+00:00</time>
      </trkpt>
      <trkpt lat="46.72842" lon="7.80242">
        <ele>1966.31</ele>
        <time>2026-05-04T00:59:03.5680000+00:00</time>
      </trkpt>
      <trkpt lat="46.72841" lon="7.80243">
        <ele>1966.46</ele>
        <time>2026-05-04T00:59:05.0540000+00:00</time>
      </trkpt>
      <trkpt lat="46.72841" lon="7.80246">
        <ele>1965.55</ele>
        <time>2026-05-04T00:59:07.5730000+00:00</time>
      </trkpt>
      <trkpt lat="46.72841" lon="7.80251">
        <ele>1964.04</ele>
        <time>2026-05-04T00:59:11.7720000+00:00</time>
      </trkpt>
      <trkpt lat="46.7284" lon="7.80256">
        <ele>1963</ele>
        <time>2026-05-04T00:59:16.1460000+00:00</time>
      </trkpt>
      <trkpt lat="46.72839" lon="7.80258">
        <ele>1962.88</ele>
        <time>2026-05-04T00:59:18.2280000+00:00</time>
      </trkpt>
      <trkpt lat="46.72836" lon="7.80261">
        <ele>1963.43</ele>
        <time>2026-05-04T00:59:22.6850000+00:00</time>
      </trkpt>
      <trkpt lat="46.72835" lon="7.80262">
        <ele>1963.62</ele>
        <time>2026-05-04T00:59:24.1710000+00:00</time>
      </trkpt>
      <trkpt lat="46.72834" lon="7.80265">
        <ele>1963.23</ele>
        <time>2026-05-04T00:59:26.9720000+00:00</time>
      </trkpt>
      <trkpt lat="46.72833" lon="7.8027">
        <ele>1962.92</ele>
        <time>2026-05-04T00:59:31.3450000+00:00</time>
      </trkpt>
      <trkpt lat="46.72833" lon="7.80273">
        <ele>1962.59</ele>
        <time>2026-05-04T00:59:33.8640000+00:00</time>
      </trkpt>
      <trkpt lat="46.72834" lon="7.80277">
        <ele>1961.68</ele>
        <time>2026-05-04T00:59:37.4380000+00:00</time>
      </trkpt>
      <trkpt lat="46.72834" lon="7.8028">
        <ele>1961.36</ele>
        <time>2026-05-04T00:59:39.9570000+00:00</time>
      </trkpt>
      <trkpt lat="46.72832" lon="7.80287">
        <ele>1961.53</ele>
        <time>2026-05-04T00:59:46.3260000+00:00</time>
      </trkpt>
      <trkpt lat="46.72832" lon="7.80291">
        <ele>1961.09</ele>
        <time>2026-05-04T00:59:49.6860000+00:00</time>
      </trkpt>
      <trkpt lat="46.72831" lon="7.80296">
        <ele>1960.99</ele>
        <time>2026-05-04T00:59:54.0590000+00:00</time>
      </trkpt>
      <trkpt lat="46.72831" lon="7.803">
        <ele>1960.54</ele>
        <time>2026-05-04T00:59:57.4170000+00:00</time>
      </trkpt>
      <trkpt lat="46.72831" lon="7.80305">
        <ele>1959.98</ele>
        <time>2026-05-04T01:00:01.6150000+00:00</time>
      </trkpt>
      <trkpt lat="46.72831" lon="7.80311">
        <ele>1959.31</ele>
        <time>2026-05-04T01:00:06.6530000+00:00</time>
      </trkpt>
      <trkpt lat="46.72831" lon="7.80316">
        <ele>1958.75</ele>
        <time>2026-05-04T01:00:10.8510000+00:00</time>
      </trkpt>
      <trkpt lat="46.72832" lon="7.8032">
        <ele>1957.9</ele>
        <time>2026-05-04T01:00:14.4260000+00:00</time>
      </trkpt>
      <trkpt lat="46.72833" lon="7.80324">
        <ele>1957.06</ele>
        <time>2026-05-04T01:00:18.0020000+00:00</time>
      </trkpt>
      <trkpt lat="46.72833" lon="7.80326">
        <ele>1956.84</ele>
        <time>2026-05-04T01:00:19.6820000+00:00</time>
      </trkpt>
      <trkpt lat="46.72833" lon="7.80327">
        <ele>1956.73</ele>
        <time>2026-05-04T01:00:20.5180000+00:00</time>
      </trkpt>
      <trkpt lat="46.72832" lon="7.8033">
        <ele>1956.8</ele>
        <time>2026-05-04T01:00:23.3210000+00:00</time>
      </trkpt>
      <trkpt lat="46.7283" lon="7.80334">
        <ele>1957.13</ele>
        <time>2026-05-04T01:00:27.4780000+00:00</time>
      </trkpt>
      <trkpt lat="46.72829" lon="7.80336">
        <ele>1957.29</ele>
        <time>2026-05-04T01:00:29.5570000+00:00</time>
      </trkpt>
      <trkpt lat="46.72828" lon="7.80339">
        <ele>1957.32</ele>
        <time>2026-05-04T01:00:32.3580000+00:00</time>
      </trkpt>
      <trkpt lat="46.7283" lon="7.80345">
        <ele>1955.88</ele>
        <time>2026-05-04T01:00:37.9610000+00:00</time>
      </trkpt>
      <trkpt lat="46.72831" lon="7.80351">
        <ele>1955.21</ele>
        <time>2026-05-04T01:00:43.1460000+00:00</time>
      </trkpt>
      <trkpt lat="46.72833" lon="7.80358">
        <ele>1955.81</ele>
        <time>2026-05-04T01:00:49.5150000+00:00</time>
      </trkpt>
      <trkpt lat="46.72834" lon="7.80364">
        <ele>1956.67</ele>
        <time>2026-05-04T01:00:54.7000000+00:00</time>
      </trkpt>
      <trkpt lat="46.72835" lon="7.8037">
        <ele>1957.61</ele>
        <time>2026-05-04T01:00:59.8840000+00:00</time>
      </trkpt>
      <trkpt lat="46.72835" lon="7.80375">
        <ele>1958.61</ele>
        <time>2026-05-04T01:01:04.0820000+00:00</time>
      </trkpt>
      <trkpt lat="46.72835" lon="7.8038">
        <ele>1959.61</ele>
        <time>2026-05-04T01:01:08.2800000+00:00</time>
      </trkpt>
      <trkpt lat="46.72836" lon="7.80381">
        <ele>1959.67</ele>
        <time>2026-05-04T01:01:09.7670000+00:00</time>
      </trkpt>
      <trkpt lat="46.72837" lon="7.80383">
        <ele>1959.96</ele>
        <time>2026-05-04T01:01:11.8430000+00:00</time>
      </trkpt>
      <trkpt lat="46.72838" lon="7.80386">
        <ele>1960.5</ele>
        <time>2026-05-04T01:01:14.6450000+00:00</time>
      </trkpt>
      <trkpt lat="46.72838" lon="7.80389">
        <ele>1961.17</ele>
        <time>2026-05-04T01:01:17.1640000+00:00</time>
      </trkpt>
      <trkpt lat="46.72838" lon="7.80393">
        <ele>1962.05</ele>
        <time>2026-05-04T01:01:20.5220000+00:00</time>
      </trkpt>
      <trkpt lat="46.72839" lon="7.80396">
        <ele>1962.68</ele>
        <time>2026-05-04T01:01:23.3250000+00:00</time>
      </trkpt>
      <trkpt lat="46.7284" lon="7.80398">
        <ele>1963.12</ele>
        <time>2026-05-04T01:01:25.4060000+00:00</time>
      </trkpt>
      <trkpt lat="46.72842" lon="7.804">
        <ele>1963.58</ele>
        <time>2026-05-04T01:01:28.3790000+00:00</time>
      </trkpt>
      <trkpt lat="46.72843" lon="7.80404">
        <ele>1964.61</ele>
        <time>2026-05-04T01:01:31.9550000+00:00</time>
      </trkpt>
      <trkpt lat="46.72843" lon="7.80407">
        <ele>1965.38</ele>
        <time>2026-05-04T01:01:34.4770000+00:00</time>
      </trkpt>
      <trkpt lat="46.72842" lon="7.8041">
        <ele>1966.08</ele>
        <time>2026-05-04T01:01:37.2790000+00:00</time>
      </trkpt>
      <trkpt lat="46.72842" lon="7.80412">
        <ele>1966.58</ele>
        <time>2026-05-04T01:01:38.9590000+00:00</time>
      </trkpt>
      <trkpt lat="46.72842" lon="7.80414">
        <ele>1967.08</ele>
        <time>2026-05-04T01:01:40.6390000+00:00</time>
      </trkpt>
      <trkpt lat="46.72844" lon="7.80418">
        <ele>1968.32</ele>
        <time>2026-05-04T01:01:44.7960000+00:00</time>
      </trkpt>
      <trkpt lat="46.72845" lon="7.8042">
        <ele>1968.99</ele>
        <time>2026-05-04T01:01:46.8750000+00:00</time>
      </trkpt>
      <trkpt lat="46.72846" lon="7.80419">
        <ele>1968.85</ele>
        <time>2026-05-04T01:01:48.3620000+00:00</time>
      </trkpt>
      <trkpt lat="46.72848" lon="7.8042">
        <ele>1969.4</ele>
        <time>2026-05-04T01:01:50.9530000+00:00</time>
      </trkpt>
      <trkpt lat="46.7285" lon="7.80424">
        <ele>1970.89</ele>
        <time>2026-05-04T01:01:55.1110000+00:00</time>
      </trkpt>
      <trkpt lat="46.72851" lon="7.80427">
        <ele>1972</ele>
        <time>2026-05-04T01:01:57.9110000+00:00</time>
      </trkpt>
      <trkpt lat="46.72853" lon="7.80428">
        <ele>1972.7</ele>
        <time>2026-05-04T01:02:00.4990000+00:00</time>
      </trkpt>
      <trkpt lat="46.72854" lon="7.80432">
        <ele>1974.23</ele>
        <time>2026-05-04T01:02:04.0730000+00:00</time>
      </trkpt>
      <trkpt lat="46.72855" lon="7.80437">
        <ele>1975.01</ele>
        <time>2026-05-04T01:02:08.4470000+00:00</time>
      </trkpt>
      <trkpt lat="46.72857" lon="7.8044">
        <ele>1975.32</ele>
        <time>2026-05-04T01:02:11.9630000+00:00</time>
      </trkpt>
      <trkpt lat="46.72858" lon="7.80442">
        <ele>1975.36</ele>
        <time>2026-05-04T01:02:14.0420000+00:00</time>
      </trkpt>
      <trkpt lat="46.72859" lon="7.80447">
        <ele>1975.66</ele>
        <time>2026-05-04T01:02:18.4160000+00:00</time>
      </trkpt>
      <trkpt lat="46.72861" lon="7.8045">
        <ele>1975.82</ele>
        <time>2026-05-04T01:02:21.9320000+00:00</time>
      </trkpt>
      <trkpt lat="46.72863" lon="7.80452">
        <ele>1975.94</ele>
        <time>2026-05-04T01:02:24.9050000+00:00</time>
      </trkpt>
      <trkpt lat="46.72865" lon="7.80451">
        <ele>1975.77</ele>
        <time>2026-05-04T01:02:27.4950000+00:00</time>
      </trkpt>
      <trkpt lat="46.72866" lon="7.80454">
        <ele>1976.09</ele>
        <time>2026-05-04T01:02:30.2970000+00:00</time>
      </trkpt>
      <trkpt lat="46.72868" lon="7.80459">
        <ele>1976.73</ele>
        <time>2026-05-04T01:02:35.1580000+00:00</time>
      </trkpt>
      <trkpt lat="46.72869" lon="7.80463">
        <ele>1977.3</ele>
        <time>2026-05-04T01:02:38.7340000+00:00</time>
      </trkpt>
      <trkpt lat="46.72871" lon="7.80467">
        <ele>1977.98</ele>
        <time>2026-05-04T01:02:42.8920000+00:00</time>
      </trkpt>
      <trkpt lat="46.72874" lon="7.80472">
        <ele>1979.01</ele>
        <time>2026-05-04T01:02:48.4710000+00:00</time>
      </trkpt>
      <trkpt lat="46.72876" lon="7.80473">
        <ele>1979.38</ele>
        <time>2026-05-04T01:02:51.0610000+00:00</time>
      </trkpt>
      <trkpt lat="46.7288" lon="7.80474">
        <ele>1979.97</ele>
        <time>2026-05-04T01:02:56.0320000+00:00</time>
      </trkpt>
      <trkpt lat="46.72883" lon="7.80476">
        <ele>1980.74</ele>
        <time>2026-05-04T01:03:00.0720000+00:00</time>
      </trkpt>
      <trkpt lat="46.72885" lon="7.80482">
        <ele>1982.39</ele>
        <time>2026-05-04T01:03:05.6750000+00:00</time>
      </trkpt>
      <trkpt lat="46.72886" lon="7.80484">
        <ele>1983.02</ele>
        <time>2026-05-04T01:03:07.7570000+00:00</time>
      </trkpt>
      <trkpt lat="46.72889" lon="7.80488">
        <ele>1984.56</ele>
        <time>2026-05-04T01:03:12.7350000+00:00</time>
      </trkpt>
      <trkpt lat="46.72891" lon="7.80491">
        <ele>1985.75</ele>
        <time>2026-05-04T01:03:16.2500000+00:00</time>
      </trkpt>
      <trkpt lat="46.72891" lon="7.80493">
        <ele>1986.3</ele>
        <time>2026-05-04T01:03:17.9300000+00:00</time>
      </trkpt>
      <trkpt lat="46.72893" lon="7.80496">
        <ele>1987.59</ele>
        <time>2026-05-04T01:03:21.4420000+00:00</time>
      </trkpt>
      <trkpt lat="46.72894" lon="7.80497">
        <ele>1988.12</ele>
        <time>2026-05-04T01:03:22.9250000+00:00</time>
      </trkpt>
      <trkpt lat="46.72896" lon="7.80497">
        <ele>1988.61</ele>
        <time>2026-05-04T01:03:25.3740000+00:00</time>
      </trkpt>
      <trkpt lat="46.72898" lon="7.805">
        <ele>1990.04</ele>
        <time>2026-05-04T01:03:28.8900000+00:00</time>
      </trkpt>
      <trkpt lat="46.72902" lon="7.80503">
        <ele>1992.1</ele>
        <time>2026-05-04T01:03:34.3980000+00:00</time>
      </trkpt>
      <trkpt lat="46.72903" lon="7.80504">
        <ele>1992.73</ele>
        <time>2026-05-04T01:03:35.8850000+00:00</time>
      </trkpt>
      <trkpt lat="46.72905" lon="7.80503">
        <ele>1992.94</ele>
        <time>2026-05-04T01:03:38.4740000+00:00</time>
      </trkpt>
      <trkpt lat="46.72906" lon="7.80505">
        <ele>1993.95</ele>
        <time>2026-05-04T01:03:40.5500000+00:00</time>
      </trkpt>
      <trkpt lat="46.72909" lon="7.80507">
        <ele>1995.59</ele>
        <time>2026-05-04T01:03:44.5900000+00:00</time>
      </trkpt>
      <trkpt lat="46.72912" lon="7.80511">
        <ele>1998.1</ele>
        <time>2026-05-04T01:03:49.5690000+00:00</time>
      </trkpt>
      <trkpt lat="46.72913" lon="7.80513">
        <ele>1999.24</ele>
        <time>2026-05-04T01:03:51.6510000+00:00</time>
      </trkpt>
      <trkpt lat="46.72914" lon="7.80516">
        <ele>2000.82</ele>
        <time>2026-05-04T01:03:54.4530000+00:00</time>
      </trkpt>
      <trkpt lat="46.72915" lon="7.8052">
        <ele>2000.94</ele>
        <time>2026-05-04T01:03:58.0280000+00:00</time>
      </trkpt>
      <trkpt lat="46.72916" lon="7.80522">
        <ele>2001.14</ele>
        <time>2026-05-04T01:04:00.1090000+00:00</time>
      </trkpt>
      <trkpt lat="46.72919" lon="7.80525">
        <ele>2002.05</ele>
        <time>2026-05-04T01:04:04.5660000+00:00</time>
      </trkpt>
      <trkpt lat="46.72921" lon="7.80525">
        <ele>2002.82</ele>
        <time>2026-05-04T01:04:07.0150000+00:00</time>
      </trkpt>
      <trkpt lat="46.72923" lon="7.80526">
        <ele>2003.54</ele>
        <time>2026-05-04T01:04:09.6040000+00:00</time>
      </trkpt>
      <trkpt lat="46.72926" lon="7.80528">
        <ele>2004.6</ele>
        <time>2026-05-04T01:04:13.6440000+00:00</time>
      </trkpt>
      <trkpt lat="46.72927" lon="7.8053">
        <ele>2004.9</ele>
        <time>2026-05-04T01:04:15.7200000+00:00</time>
      </trkpt>
      <trkpt lat="46.72932" lon="7.80532">
        <ele>2006.85</ele>
        <time>2026-05-04T01:04:22.0720000+00:00</time>
      </trkpt>
      <trkpt lat="46.72936" lon="7.80536">
        <ele>2008.4</ele>
        <time>2026-05-04T01:04:28.0120000+00:00</time>
      </trkpt>
      <trkpt lat="46.72941" lon="7.80537">
        <ele>2009.9</ele>
        <time>2026-05-04T01:04:34.1950000+00:00</time>
      </trkpt>
      <trkpt lat="46.72943" lon="7.80539">
        <ele>2010.07</ele>
        <time>2026-05-04T01:04:37.1680000+00:00</time>
      </trkpt>
      <trkpt lat="46.72945" lon="7.80547">
        <ele>2010.35</ele>
        <time>2026-05-04T01:04:44.3180000+00:00</time>
      </trkpt>
      <trkpt lat="46.72947" lon="7.80556">
        <ele>2010.77</ele>
        <time>2026-05-04T01:04:52.2620000+00:00</time>
      </trkpt>
      <trkpt lat="46.72949" lon="7.80558">
        <ele>2011.15</ele>
        <time>2026-05-04T01:04:55.2320000+00:00</time>
      </trkpt>
      <trkpt lat="46.72952" lon="7.8056">
        <ele>2011.73</ele>
        <time>2026-05-04T01:04:59.2720000+00:00</time>
      </trkpt>
      <trkpt lat="46.72955" lon="7.80562">
        <ele>2012.37</ele>
        <time>2026-05-04T01:05:03.3120000+00:00</time>
      </trkpt>
      <trkpt lat="46.72956" lon="7.80559">
        <ele>2012.38</ele>
        <time>2026-05-04T01:05:06.1120000+00:00</time>
      </trkpt>
      <trkpt lat="46.72958" lon="7.8056">
        <ele>2012.79</ele>
        <time>2026-05-04T01:05:08.7020000+00:00</time>
      </trkpt>
      <trkpt lat="46.7296" lon="7.80564">
        <ele>2013.44</ele>
        <time>2026-05-04T01:05:12.8590000+00:00</time>
      </trkpt>
      <trkpt lat="46.72964" lon="7.80568">
        <ele>2014.56</ele>
        <time>2026-05-04T01:05:18.8010000+00:00</time>
      </trkpt>
      <trkpt lat="46.72966" lon="7.80567">
        <ele>2014.88</ele>
        <time>2026-05-04T01:05:21.3880000+00:00</time>
      </trkpt>
      <trkpt lat="46.72968" lon="7.80568">
        <ele>2015.4</ele>
        <time>2026-05-04T01:05:23.9760000+00:00</time>
      </trkpt>
      <trkpt lat="46.72967" lon="7.80572">
        <ele>2015.59</ele>
        <time>2026-05-04T01:05:27.5500000+00:00</time>
      </trkpt>
      <trkpt lat="46.72968" lon="7.80579">
        <ele>2016.54</ele>
        <time>2026-05-04T01:05:33.5540000+00:00</time>
      </trkpt>
      <trkpt lat="46.72969" lon="7.8058">
        <ele>2016.9</ele>
        <time>2026-05-04T01:05:35.0410000+00:00</time>
      </trkpt>
      <trkpt lat="46.72971" lon="7.80574">
        <ele>2016.72</ele>
        <time>2026-05-04T01:05:40.6440000+00:00</time>
      </trkpt>
      <trkpt lat="46.72972" lon="7.80575">
        <ele>2017.07</ele>
        <time>2026-05-04T01:05:42.1300000+00:00</time>
      </trkpt>
      <trkpt lat="46.72972" lon="7.80579">
        <ele>2017.56</ele>
        <time>2026-05-04T01:05:45.4900000+00:00</time>
      </trkpt>
      <trkpt lat="46.72972" lon="7.80585">
        <ele>2018.28</ele>
        <time>2026-05-04T01:05:50.5280000+00:00</time>
      </trkpt>
      <trkpt lat="46.72975" lon="7.8059">
        <ele>2019.77</ele>
        <time>2026-05-04T01:05:56.1080000+00:00</time>
      </trkpt>
      <trkpt lat="46.72978" lon="7.80596">
        <ele>2021.54</ele>
        <time>2026-05-04T01:06:02.3450000+00:00</time>
      </trkpt>
      <trkpt lat="46.72981" lon="7.806">
        <ele>2022.87</ele>
        <time>2026-05-04T01:06:07.3240000+00:00</time>
      </trkpt>
      <trkpt lat="46.72986" lon="7.80603">
        <ele>2023.48</ele>
        <time>2026-05-04T01:06:13.9460000+00:00</time>
      </trkpt>
      <trkpt lat="46.7299" lon="7.80604">
        <ele>2024.48</ele>
        <time>2026-05-04T01:06:18.9180000+00:00</time>
      </trkpt>
      <trkpt lat="46.72993" lon="7.80605">
        <ele>2025.14</ele>
        <time>2026-05-04T01:06:22.6890000+00:00</time>
      </trkpt>
      <trkpt lat="46.72998" lon="7.80605">
        <ele>2026.84</ele>
        <time>2026-05-04T01:06:28.8150000+00:00</time>
      </trkpt>
      <trkpt lat="46.73004" lon="7.80608">
        <ele>2027.84</ele>
        <time>2026-05-04T01:06:36.5860000+00:00</time>
      </trkpt>
      <trkpt lat="46.7301" lon="7.80612">
        <ele>2028.51</ele>
        <time>2026-05-04T01:06:44.6670000+00:00</time>
      </trkpt>
      <trkpt lat="46.73016" lon="7.80613">
        <ele>2030.23</ele>
        <time>2026-05-04T01:06:52.0650000+00:00</time>
      </trkpt>
      <trkpt lat="46.7302" lon="7.80616">
        <ele>2030.59</ele>
        <time>2026-05-04T01:06:57.5740000+00:00</time>
      </trkpt>
      <trkpt lat="46.73029" lon="7.80618">
        <ele>2031.36</ele>
        <time>2026-05-04T01:07:08.7270000+00:00</time>
      </trkpt>
      <trkpt lat="46.73039" lon="7.8062">
        <ele>2031.51</ele>
        <time>2026-05-04T01:07:21.0930000+00:00</time>
      </trkpt>
      <trkpt lat="46.73044" lon="7.80621">
        <ele>2031.55</ele>
        <time>2026-05-04T01:07:27.2760000+00:00</time>
      </trkpt>
      <trkpt lat="46.73046" lon="7.80624">
        <ele>2030.54</ele>
        <time>2026-05-04T01:07:30.7920000+00:00</time>
      </trkpt>
      <trkpt lat="46.73047" lon="7.80629">
        <ele>2028.65</ele>
        <time>2026-05-04T01:07:35.1660000+00:00</time>
      </trkpt>
      <trkpt lat="46.73051" lon="7.80635">
        <ele>2026.49</ele>
        <time>2026-05-04T01:07:42.1950000+00:00</time>
      </trkpt>
      <trkpt lat="46.73055" lon="7.80639">
        <ele>2025.05</ele>
        <time>2026-05-04T01:07:48.1350000+00:00</time>
      </trkpt>
      <trkpt lat="46.73058" lon="7.80638">
        <ele>2025.59</ele>
        <time>2026-05-04T01:07:51.9050000+00:00</time>
      </trkpt>
      <trkpt lat="46.7306" lon="7.80638">
        <ele>2025.68</ele>
        <time>2026-05-04T01:07:54.3530000+00:00</time>
      </trkpt>
      <trkpt lat="46.73064" lon="7.80642">
        <ele>2024.12</ele>
        <time>2026-05-04T01:08:00.2940000+00:00</time>
      </trkpt>
      <trkpt lat="46.73069" lon="7.80643">
        <ele>2023.85</ele>
        <time>2026-05-04T01:08:06.4760000+00:00</time>
      </trkpt>
      <trkpt lat="46.73073" lon="7.80644">
        <ele>2023.52</ele>
        <time>2026-05-04T01:08:11.4480000+00:00</time>
      </trkpt>
      <trkpt lat="46.73078" lon="7.80644">
        <ele>2023.67</ele>
        <time>2026-05-04T01:08:17.5740000+00:00</time>
      </trkpt>
      <trkpt lat="46.7308" lon="7.80644">
        <ele>2023.73</ele>
        <time>2026-05-04T01:08:20.0220000+00:00</time>
      </trkpt>
      <trkpt lat="46.73084" lon="7.80643">
        <ele>2024.32</ele>
        <time>2026-05-04T01:08:24.9930000+00:00</time>
      </trkpt>
      <trkpt lat="46.73087" lon="7.80644">
        <ele>2023.93</ele>
        <time>2026-05-04T01:08:28.7650000+00:00</time>
      </trkpt>
      <trkpt lat="46.7309" lon="7.80646">
        <ele>2023.04</ele>
        <time>2026-05-04T01:08:32.8050000+00:00</time>
      </trkpt>
      <trkpt lat="46.73095" lon="7.80649">
        <ele>2021.65</ele>
        <time>2026-05-04T01:08:39.4260000+00:00</time>
      </trkpt>
      <trkpt lat="46.73099" lon="7.80655">
        <ele>2018.64</ele>
        <time>2026-05-04T01:08:46.4550000+00:00</time>
      </trkpt>
      <trkpt lat="46.73102" lon="7.80658">
        <ele>2017.1</ele>
        <time>2026-05-04T01:08:50.9110000+00:00</time>
      </trkpt>
      <trkpt lat="46.73106" lon="7.80661">
        <ele>2015.45</ele>
        <time>2026-05-04T01:08:56.4210000+00:00</time>
      </trkpt>
      <trkpt lat="46.73111" lon="7.80663">
        <ele>2013.49</ele>
        <time>2026-05-04T01:09:02.7730000+00:00</time>
      </trkpt>
      <trkpt lat="46.73116" lon="7.80662">
        <ele>2013.1</ele>
        <time>2026-05-04T01:09:08.9550000+00:00</time>
      </trkpt>
      <trkpt lat="46.73123" lon="7.80664">
        <ele>2010.82</ele>
        <time>2026-05-04T01:09:17.6940000+00:00</time>
      </trkpt>
      <trkpt lat="46.73133" lon="7.80666">
        <ele>2008.07</ele>
        <time>2026-05-04T01:09:30.0580000+00:00</time>
      </trkpt>
      <trkpt lat="46.73141" lon="7.80667">
        <ele>2006.21</ele>
        <time>2026-05-04T01:09:39.8940000+00:00</time>
      </trkpt>
      <trkpt lat="46.73146" lon="7.80669">
        <ele>2004.43</ele>
        <time>2026-05-04T01:09:46.2460000+00:00</time>
      </trkpt>
      <trkpt lat="46.73154" lon="7.80675">
        <ele>2000.45</ele>
        <time>2026-05-04T01:09:57.2660000+00:00</time>
      </trkpt>
      <trkpt lat="46.73158" lon="7.80677">
        <ele>1998.95</ele>
        <time>2026-05-04T01:10:02.4460000+00:00</time>
      </trkpt>
      <trkpt lat="46.73162" lon="7.80678">
        <ele>1997.91</ele>
        <time>2026-05-04T01:10:07.4180000+00:00</time>
      </trkpt>
      <trkpt lat="46.73165" lon="7.80681">
        <ele>1996.2</ele>
        <time>2026-05-04T01:10:11.8730000+00:00</time>
      </trkpt>
      <trkpt lat="46.73168" lon="7.80682">
        <ele>1995.34</ele>
        <time>2026-05-04T01:10:15.6410000+00:00</time>
      </trkpt>
      <trkpt lat="46.73172" lon="7.80682">
        <ele>1994.76</ele>
        <time>2026-05-04T01:10:20.5410000+00:00</time>
      </trkpt>
      <trkpt lat="46.73176" lon="7.80682">
        <ele>1994.18</ele>
        <time>2026-05-04T01:10:25.4420000+00:00</time>
      </trkpt>
      <trkpt lat="46.73179" lon="7.80679">
        <ele>1994.91</ele>
        <time>2026-05-04T01:10:29.8970000+00:00</time>
      </trkpt>
      <trkpt lat="46.73182" lon="7.80676">
        <ele>1995.62</ele>
        <time>2026-05-04T01:10:34.3520000+00:00</time>
      </trkpt>
      <trkpt lat="46.73184" lon="7.80674">
        <ele>1996.07</ele>
        <time>2026-05-04T01:10:37.3210000+00:00</time>
      </trkpt>
      <trkpt lat="46.73185" lon="7.80668">
        <ele>1998.19</ele>
        <time>2026-05-04T01:10:42.5070000+00:00</time>
      </trkpt>
      <trkpt lat="46.73191" lon="7.80664">
        <ele>1997.38</ele>
        <time>2026-05-04T01:10:50.5880000+00:00</time>
      </trkpt>
      <trkpt lat="46.73194" lon="7.80662">
        <ele>1995.67</ele>
        <time>2026-05-04T01:10:54.6280000+00:00</time>
      </trkpt>
      <trkpt lat="46.73196" lon="7.80662">
        <ele>1994.04</ele>
        <time>2026-05-04T01:10:57.0810000+00:00</time>
      </trkpt>
      <trkpt lat="46.73198" lon="7.80664">
        <ele>1991.71</ele>
        <time>2026-05-04T01:11:00.0540000+00:00</time>
      </trkpt>
      <trkpt lat="46.73198" lon="7.80669">
        <ele>1989.95</ele>
        <time>2026-05-04T01:11:04.2520000+00:00</time>
      </trkpt>
      <trkpt lat="46.73201" lon="7.80669">
        <ele>1987.55</ele>
        <time>2026-05-04T01:11:07.9260000+00:00</time>
      </trkpt>
      <trkpt lat="46.73204" lon="7.80669">
        <ele>1985.16</ele>
        <time>2026-05-04T01:11:11.6020000+00:00</time>
      </trkpt>
      <trkpt lat="46.73206" lon="7.80665">
        <ele>1984.9</ele>
        <time>2026-05-04T01:11:15.7590000+00:00</time>
      </trkpt>
      <trkpt lat="46.73208" lon="7.8066">
        <ele>1984.94</ele>
        <time>2026-05-04T01:11:20.6210000+00:00</time>
      </trkpt>
      <trkpt lat="46.73211" lon="7.80656">
        <ele>1983.79</ele>
        <time>2026-05-04T01:11:25.6010000+00:00</time>
      </trkpt>
      <trkpt lat="46.73215" lon="7.8065">
        <ele>1982.38</ele>
        <time>2026-05-04T01:11:32.6300000+00:00</time>
      </trkpt>
      <trkpt lat="46.73216" lon="7.8065">
        <ele>1981.54</ele>
        <time>2026-05-04T01:11:33.8590000+00:00</time>
      </trkpt>
      <trkpt lat="46.73218" lon="7.8065">
        <ele>1979.86</ele>
        <time>2026-05-04T01:11:36.3070000+00:00</time>
      </trkpt>
      <trkpt lat="46.73219" lon="7.80652">
        <ele>1978.41</ele>
        <time>2026-05-04T01:11:38.3830000+00:00</time>
      </trkpt>
      <trkpt lat="46.73221" lon="7.8066">
        <ele>1974.31</ele>
        <time>2026-05-04T01:11:45.5340000+00:00</time>
      </trkpt>
      <trkpt lat="46.73225" lon="7.80666">
        <ele>1969.27</ele>
        <time>2026-05-04T01:11:52.5620000+00:00</time>
      </trkpt>
      <trkpt lat="46.73229" lon="7.8067">
        <ele>1964.91</ele>
        <time>2026-05-04T01:11:58.5030000+00:00</time>
      </trkpt>
      <trkpt lat="46.73231" lon="7.80672">
        <ele>1962.75</ele>
        <time>2026-05-04T01:12:01.4720000+00:00</time>
      </trkpt>
      <trkpt lat="46.73232" lon="7.80666">
        <ele>1963.64</ele>
        <time>2026-05-04T01:12:06.6570000+00:00</time>
      </trkpt>
      <trkpt lat="46.73234" lon="7.80668">
        <ele>1961.48</ele>
        <time>2026-05-04T01:12:09.6280000+00:00</time>
      </trkpt>
      <trkpt lat="46.73236" lon="7.80675">
        <ele>1957.98</ele>
        <time>2026-05-04T01:12:15.9950000+00:00</time>
      </trkpt>
      <trkpt lat="46.73239" lon="7.8067">
        <ele>1956.95</ele>
        <time>2026-05-04T01:12:21.5750000+00:00</time>
      </trkpt>
      <trkpt lat="46.73242" lon="7.80664">
        <ele>1956.1</ele>
        <time>2026-05-04T01:12:27.8120000+00:00</time>
      </trkpt>
      <trkpt lat="46.73242" lon="7.80655">
        <ele>1958.42</ele>
        <time>2026-05-04T01:12:35.3680000+00:00</time>
      </trkpt>
      <trkpt lat="46.73243" lon="7.80653">
        <ele>1958.11</ele>
        <time>2026-05-04T01:12:37.4470000+00:00</time>
      </trkpt>
      <trkpt lat="46.73245" lon="7.80649">
        <ele>1957.44</ele>
        <time>2026-05-04T01:12:41.6050000+00:00</time>
      </trkpt>
      <trkpt lat="46.73247" lon="7.80643">
        <ele>1957.24</ele>
        <time>2026-05-04T01:12:47.2070000+00:00</time>
      </trkpt>
      <trkpt lat="46.73248" lon="7.8064">
        <ele>1957.12</ele>
        <time>2026-05-04T01:12:50.0090000+00:00</time>
      </trkpt>
      <trkpt lat="46.73246" lon="7.80639">
        <ele>1959.09</ele>
        <time>2026-05-04T01:12:52.6010000+00:00</time>
      </trkpt>
      <trkpt lat="46.73244" lon="7.80641">
        <ele>1960.31</ele>
        <time>2026-05-04T01:12:55.5720000+00:00</time>
      </trkpt>
      <trkpt lat="46.73239" lon="7.8064">
        <ele>1964.87</ele>
        <time>2026-05-04T01:13:01.7550000+00:00</time>
      </trkpt>
      <trkpt lat="46.73237" lon="7.80639">
        <ele>1966.86</ele>
        <time>2026-05-04T01:13:04.3470000+00:00</time>
      </trkpt>
      <trkpt lat="46.73238" lon="7.80638">
        <ele>1966.27</ele>
        <time>2026-05-04T01:13:05.8340000+00:00</time>
      </trkpt>
      <trkpt lat="46.7324" lon="7.80636">
        <ele>1965.06</ele>
        <time>2026-05-04T01:13:08.8050000+00:00</time>
      </trkpt>
      <trkpt lat="46.73242" lon="7.80633">
        <ele>1964.09</ele>
        <time>2026-05-04T01:13:12.3180000+00:00</time>
      </trkpt>
      <trkpt lat="46.73245" lon="7.80628">
        <ele>1962.72</ele>
        <time>2026-05-04T01:13:17.8970000+00:00</time>
      </trkpt>
      <trkpt lat="46.73246" lon="7.80626">
        <ele>1962.33</ele>
        <time>2026-05-04T01:13:19.9760000+00:00</time>
      </trkpt>
      <trkpt lat="46.73245" lon="7.80624">
        <ele>1963.72</ele>
        <time>2026-05-04T01:13:22.0550000+00:00</time>
      </trkpt>
      <trkpt lat="46.73242" lon="7.80626">
        <ele>1965.89</ele>
        <time>2026-05-04T01:13:26.0960000+00:00</time>
      </trkpt>
      <trkpt lat="46.73238" lon="7.80625">
        <ele>1969.73</ele>
        <time>2026-05-04T01:13:31.0670000+00:00</time>
      </trkpt>
      <trkpt lat="46.73237" lon="7.80624">
        <ele>1970.89</ele>
        <time>2026-05-04T01:13:32.5540000+00:00</time>
      </trkpt>
      <trkpt lat="46.73238" lon="7.80621">
        <ele>1970.79</ele>
        <time>2026-05-04T01:13:35.3540000+00:00</time>
      </trkpt>
      <trkpt lat="46.73241" lon="7.80618">
        <ele>1968.87</ele>
        <time>2026-05-04T01:13:39.8090000+00:00</time>
      </trkpt>
      <trkpt lat="46.73246" lon="7.80616">
        <ele>1964.82</ele>
        <time>2026-05-04T01:13:46.1600000+00:00</time>
      </trkpt>
      <trkpt lat="46.7325" lon="7.80612">
        <ele>1962.13</ele>
        <time>2026-05-04T01:13:52.1000000+00:00</time>
      </trkpt>
      <trkpt lat="46.73252" lon="7.80607">
        <ele>1961.46</ele>
        <time>2026-05-04T01:13:56.9610000+00:00</time>
      </trkpt>
      <trkpt lat="46.73254" lon="7.80606">
        <ele>1959.83</ele>
        <time>2026-05-04T01:13:59.5530000+00:00</time>
      </trkpt>
      <trkpt lat="46.73257" lon="7.80604">
        <ele>1957.48</ele>
        <time>2026-05-04T01:14:03.5940000+00:00</time>
      </trkpt>
      <trkpt lat="46.7326" lon="7.80606">
        <ele>1954.22</ele>
        <time>2026-05-04T01:14:07.6340000+00:00</time>
      </trkpt>
      <trkpt lat="46.73262" lon="7.80608">
        <ele>1951.92</ele>
        <time>2026-05-04T01:14:10.6040000+00:00</time>
      </trkpt>
      <trkpt lat="46.73264" lon="7.80612">
        <ele>1949.22</ele>
        <time>2026-05-04T01:14:14.7610000+00:00</time>
      </trkpt>
      <trkpt lat="46.73266" lon="7.80612">
        <ele>1947.38</ele>
        <time>2026-05-04T01:14:17.2100000+00:00</time>
      </trkpt>
      <trkpt lat="46.73267" lon="7.80612">
        <ele>1946.46</ele>
        <time>2026-05-04T01:14:18.4380000+00:00</time>
      </trkpt>
      <trkpt lat="46.73267" lon="7.80609">
        <ele>1947.07</ele>
        <time>2026-05-04T01:14:20.9570000+00:00</time>
      </trkpt>
      <trkpt lat="46.73265" lon="7.80603">
        <ele>1950.17</ele>
        <time>2026-05-04T01:14:26.5580000+00:00</time>
      </trkpt>
      <trkpt lat="46.73262" lon="7.80595">
        <ele>1954.76</ele>
        <time>2026-05-04T01:14:34.2160000+00:00</time>
      </trkpt>
      <trkpt lat="46.73262" lon="7.80591">
        <ele>1955.66</ele>
        <time>2026-05-04T01:14:37.5760000+00:00</time>
      </trkpt>
      <trkpt lat="46.73262" lon="7.8059">
        <ele>1955.88</ele>
        <time>2026-05-04T01:14:38.4250000+00:00</time>
      </trkpt>
      <trkpt lat="46.73265" lon="7.80588">
        <ele>1953.7</ele>
        <time>2026-05-04T01:14:42.4680000+00:00</time>
      </trkpt>
      <trkpt lat="46.7327" lon="7.80583">
        <ele>1950.68</ele>
        <time>2026-05-04T01:14:49.8950000+00:00</time>
      </trkpt>
      <trkpt lat="46.73274" lon="7.80578">
        <ele>1948.58</ele>
        <time>2026-05-04T01:14:56.3490000+00:00</time>
      </trkpt>
      <trkpt lat="46.73275" lon="7.80577">
        <ele>1947.93</ele>
        <time>2026-05-04T01:14:57.8360000+00:00</time>
      </trkpt>
      <trkpt lat="46.73277" lon="7.8057">
        <ele>1948.1</ele>
        <time>2026-05-04T01:15:04.2030000+00:00</time>
      </trkpt>
      <trkpt lat="46.73278" lon="7.80567">
        <ele>1948.04</ele>
        <time>2026-05-04T01:15:07.0030000+00:00</time>
      </trkpt>
      <trkpt lat="46.73283" lon="7.80562">
        <ele>1944.86</ele>
        <time>2026-05-04T01:15:14.4300000+00:00</time>
      </trkpt>
      <trkpt lat="46.73286" lon="7.8056">
        <ele>1942.67</ele>
        <time>2026-05-04T01:15:18.4710000+00:00</time>
      </trkpt>
      <trkpt lat="46.73288" lon="7.8056">
        <ele>1940.82</ele>
        <time>2026-05-04T01:15:20.9200000+00:00</time>
      </trkpt>
      <trkpt lat="46.73291" lon="7.80562">
        <ele>1937.45</ele>
        <time>2026-05-04T01:15:24.9600000+00:00</time>
      </trkpt>
      <trkpt lat="46.73294" lon="7.80567">
        <ele>1933.16</ele>
        <time>2026-05-04T01:15:30.5400000+00:00</time>
      </trkpt>
      <trkpt lat="46.73297" lon="7.80573">
        <ele>1928.56</ele>
        <time>2026-05-04T01:15:36.7770000+00:00</time>
      </trkpt>
      <trkpt lat="46.73298" lon="7.80576">
        <ele>1926.71</ele>
        <time>2026-05-04T01:15:39.5770000+00:00</time>
      </trkpt>
      <trkpt lat="46.73298" lon="7.80583">
        <ele>1924.59</ele>
        <time>2026-05-04T01:15:45.4550000+00:00</time>
      </trkpt>
      <trkpt lat="46.73297" lon="7.80595">
        <ele>1921.9</ele>
        <time>2026-05-04T01:15:55.6050000+00:00</time>
      </trkpt>
      <trkpt lat="46.73296" lon="7.80601">
        <ele>1921.28</ele>
        <time>2026-05-04T01:16:00.7890000+00:00</time>
      </trkpt>
      <trkpt lat="46.73295" lon="7.80611">
        <ele>1920.83</ele>
        <time>2026-05-04T01:16:09.2750000+00:00</time>
      </trkpt>
      <trkpt lat="46.73295" lon="7.80619">
        <ele>1919.71</ele>
        <time>2026-05-04T01:16:15.9910000+00:00</time>
      </trkpt>
      <trkpt lat="46.73296" lon="7.80627">
        <ele>1917.71</ele>
        <time>2026-05-04T01:16:22.8200000+00:00</time>
      </trkpt>
      <trkpt lat="46.73296" lon="7.80633">
        <ele>1916.89</ele>
        <time>2026-05-04T01:16:27.8570000+00:00</time>
      </trkpt>
      <trkpt lat="46.73297" lon="7.8064">
        <ele>1915.07</ele>
        <time>2026-05-04T01:16:33.8610000+00:00</time>
      </trkpt>
      <trkpt lat="46.73299" lon="7.80644">
        <ele>1912.84</ele>
        <time>2026-05-04T01:16:38.0190000+00:00</time>
      </trkpt>
      <trkpt lat="46.733" lon="7.80649">
        <ele>1911.35</ele>
        <time>2026-05-04T01:16:42.3930000+00:00</time>
      </trkpt>
      <trkpt lat="46.73302" lon="7.80654">
        <ele>1909.06</ele>
        <time>2026-05-04T01:16:47.2540000+00:00</time>
      </trkpt>
      <trkpt lat="46.73303" lon="7.80655">
        <ele>1908.12</ele>
        <time>2026-05-04T01:16:48.7400000+00:00</time>
      </trkpt>
      <trkpt lat="46.73304" lon="7.80657">
        <ele>1907.06</ele>
        <time>2026-05-04T01:16:50.8190000+00:00</time>
      </trkpt>
      <trkpt lat="46.73305" lon="7.8066">
        <ele>1905.89</ele>
        <time>2026-05-04T01:16:53.6190000+00:00</time>
      </trkpt>
      <trkpt lat="46.73304" lon="7.80667">
        <ele>1905.87</ele>
        <time>2026-05-04T01:16:59.6230000+00:00</time>
      </trkpt>
      <trkpt lat="46.73303" lon="7.80672">
        <ele>1906.06</ele>
        <time>2026-05-04T01:17:03.9960000+00:00</time>
      </trkpt>
      <trkpt lat="46.73302" lon="7.80677">
        <ele>1906.22</ele>
        <time>2026-05-04T01:17:08.3690000+00:00</time>
      </trkpt>
      <trkpt lat="46.73302" lon="7.80682">
        <ele>1905.6</ele>
        <time>2026-05-04T01:17:12.5670000+00:00</time>
      </trkpt>
      <trkpt lat="46.73302" lon="7.80687">
        <ele>1905.82</ele>
        <time>2026-05-04T01:17:16.7650000+00:00</time>
      </trkpt>
      <trkpt lat="46.73301" lon="7.80695">
        <ele>1907.13</ele>
        <time>2026-05-04T01:17:23.5930000+00:00</time>
      </trkpt>
      <trkpt lat="46.733" lon="7.80703">
        <ele>1908.4</ele>
        <time>2026-05-04T01:17:30.4210000+00:00</time>
      </trkpt>
      <trkpt lat="46.73299" lon="7.80712">
        <ele>1909.68</ele>
        <time>2026-05-04T01:17:38.0770000+00:00</time>
      </trkpt>
      <trkpt lat="46.73299" lon="7.80716">
        <ele>1909.94</ele>
        <time>2026-05-04T01:17:41.4370000+00:00</time>
      </trkpt>
      <trkpt lat="46.73301" lon="7.80725">
        <ele>1909.26</ele>
        <time>2026-05-04T01:17:49.3820000+00:00</time>
      </trkpt>
      <trkpt lat="46.73301" lon="7.80732">
        <ele>1909.75</ele>
        <time>2026-05-04T01:17:55.2610000+00:00</time>
      </trkpt>
      <trkpt lat="46.73301" lon="7.80742">
        <ele>1910.46</ele>
        <time>2026-05-04T01:18:03.6590000+00:00</time>
      </trkpt>
      <trkpt lat="46.73302" lon="7.80751">
        <ele>1910.54</ele>
        <time>2026-05-04T01:18:11.3150000+00:00</time>
      </trkpt>
      <trkpt lat="46.73303" lon="7.80759">
        <ele>1910.59</ele>
        <time>2026-05-04T01:18:18.1430000+00:00</time>
      </trkpt>
      <trkpt lat="46.73306" lon="7.80767">
        <ele>1909.55</ele>
        <time>2026-05-04T01:18:25.8000000+00:00</time>
      </trkpt>
      <trkpt lat="46.73308" lon="7.80774">
        <ele>1908.36</ele>
        <time>2026-05-04T01:18:32.1680000+00:00</time>
      </trkpt>
      <trkpt lat="46.7331" lon="7.80781">
        <ele>1907.31</ele>
        <time>2026-05-04T01:18:38.5370000+00:00</time>
      </trkpt>
      <trkpt lat="46.73311" lon="7.80786">
        <ele>1906.83</ele>
        <time>2026-05-04T01:18:42.9110000+00:00</time>
      </trkpt>
      <trkpt lat="46.73314" lon="7.80793">
        <ele>1905.63</ele>
        <time>2026-05-04T01:18:49.8430000+00:00</time>
      </trkpt>
      <trkpt lat="46.73318" lon="7.808">
        <ele>1904.29</ele>
        <time>2026-05-04T01:18:57.4940000+00:00</time>
      </trkpt>
      <trkpt lat="46.73324" lon="7.80808">
        <ele>1902.68</ele>
        <time>2026-05-04T01:19:07.4520000+00:00</time>
      </trkpt>
      <trkpt lat="46.7333" lon="7.80818">
        <ele>1901.72</ele>
        <time>2026-05-04T01:19:18.6110000+00:00</time>
      </trkpt>
      <trkpt lat="46.73333" lon="7.80824">
        <ele>1901.58</ele>
        <time>2026-05-04T01:19:24.8460000+00:00</time>
      </trkpt>
      <trkpt lat="46.73335" lon="7.80828">
        <ele>1901.58</ele>
        <time>2026-05-04T01:19:29.0030000+00:00</time>
      </trkpt>
      <trkpt lat="46.73337" lon="7.80833">
        <ele>1901.78</ele>
        <time>2026-05-04T01:19:33.8640000+00:00</time>
      </trkpt>
      <trkpt lat="46.73338" lon="7.80836">
        <ele>1901.99</ele>
        <time>2026-05-04T01:19:36.6630000+00:00</time>
      </trkpt>
      <trkpt lat="46.73342" lon="7.8084">
        <ele>1901.93</ele>
        <time>2026-05-04T01:19:42.6040000+00:00</time>
      </trkpt>
      <trkpt lat="46.73344" lon="7.80842">
        <ele>1901.96</ele>
        <time>2026-05-04T01:19:45.5750000+00:00</time>
      </trkpt>
      <trkpt lat="46.73345" lon="7.80846">
        <ele>1902.48</ele>
        <time>2026-05-04T01:19:49.1490000+00:00</time>
      </trkpt>
      <trkpt lat="46.73345" lon="7.8085">
        <ele>1902.96</ele>
        <time>2026-05-04T01:19:52.5080000+00:00</time>
      </trkpt>
      <trkpt lat="46.73345" lon="7.80852">
        <ele>1902.8</ele>
        <time>2026-05-04T01:19:54.1880000+00:00</time>
      </trkpt>
      <trkpt lat="46.73346" lon="7.80855">
        <ele>1902.48</ele>
        <time>2026-05-04T01:19:56.9900000+00:00</time>
      </trkpt>
      <trkpt lat="46.73348" lon="7.8086">
        <ele>1901.97</ele>
        <time>2026-05-04T01:20:01.8510000+00:00</time>
      </trkpt>
      <trkpt lat="46.73349" lon="7.80862">
        <ele>1901.77</ele>
        <time>2026-05-04T01:20:03.9300000+00:00</time>
      </trkpt>
      <trkpt lat="46.7335" lon="7.80864">
        <ele>1901.58</ele>
        <time>2026-05-04T01:20:06.0060000+00:00</time>
      </trkpt>
      <trkpt lat="46.73351" lon="7.80867">
        <ele>1901.34</ele>
        <time>2026-05-04T01:20:08.8070000+00:00</time>
      </trkpt>
      <trkpt lat="46.73352" lon="7.80869">
        <ele>1901.18</ele>
        <time>2026-05-04T01:20:10.8850000+00:00</time>
      </trkpt>
      <trkpt lat="46.73356" lon="7.80872">
        <ele>1900.93</ele>
        <time>2026-05-04T01:20:16.3960000+00:00</time>
      </trkpt>
      <trkpt lat="46.73358" lon="7.80876">
        <ele>1900.83</ele>
        <time>2026-05-04T01:20:20.5530000+00:00</time>
      </trkpt>
      <trkpt lat="46.73359" lon="7.80881">
        <ele>1900.67</ele>
        <time>2026-05-04T01:20:24.9260000+00:00</time>
      </trkpt>
      <trkpt lat="46.7336" lon="7.80882">
        <ele>1900.68</ele>
        <time>2026-05-04T01:20:26.4130000+00:00</time>
      </trkpt>
      <trkpt lat="46.7336" lon="7.80884">
        <ele>1900.6</ele>
        <time>2026-05-04T01:20:28.0930000+00:00</time>
      </trkpt>
      <trkpt lat="46.73361" lon="7.80887">
        <ele>1900.55</ele>
        <time>2026-05-04T01:20:30.8930000+00:00</time>
      </trkpt>
      <trkpt lat="46.73362" lon="7.8089">
        <ele>1900.5</ele>
        <time>2026-05-04T01:20:33.6960000+00:00</time>
      </trkpt>
      <trkpt lat="46.73366" lon="7.80894">
        <ele>1900.66</ele>
        <time>2026-05-04T01:20:39.6370000+00:00</time>
      </trkpt>
      <trkpt lat="46.73371" lon="7.80898">
        <ele>1900.96</ele>
        <time>2026-05-04T01:20:46.6230000+00:00</time>
      </trkpt>
      <trkpt lat="46.73375" lon="7.809">
        <ele>1901.27</ele>
        <time>2026-05-04T01:20:51.8030000+00:00</time>
      </trkpt>
      <trkpt lat="46.73377" lon="7.80902">
        <ele>1901.43</ele>
        <time>2026-05-04T01:20:54.7750000+00:00</time>
      </trkpt>
      <trkpt lat="46.73378" lon="7.80905">
        <ele>1901.49</ele>
        <time>2026-05-04T01:20:57.5730000+00:00</time>
      </trkpt>
      <trkpt lat="46.73378" lon="7.80909">
        <ele>1901.45</ele>
        <time>2026-05-04T01:21:00.9300000+00:00</time>
      </trkpt>
      <trkpt lat="46.73379" lon="7.80911">
        <ele>1901.54</ele>
        <time>2026-05-04T01:21:03.0060000+00:00</time>
      </trkpt>
      <trkpt lat="46.73382" lon="7.80914">
        <ele>1901.86</ele>
        <time>2026-05-04T01:21:07.4610000+00:00</time>
      </trkpt>
      <trkpt lat="46.73384" lon="7.80918">
        <ele>1902.08</ele>
        <time>2026-05-04T01:21:11.6170000+00:00</time>
      </trkpt>
      <trkpt lat="46.73386" lon="7.80921">
        <ele>1902.34</ele>
        <time>2026-05-04T01:21:15.1310000+00:00</time>
      </trkpt>
      <trkpt lat="46.7339" lon="7.80924">
        <ele>1902.87</ele>
        <time>2026-05-04T01:21:20.6420000+00:00</time>
      </trkpt>
      <trkpt lat="46.73392" lon="7.80928">
        <ele>1903.19</ele>
        <time>2026-05-04T01:21:24.7970000+00:00</time>
      </trkpt>
      <trkpt lat="46.73395" lon="7.8093">
        <ele>1903.64</ele>
        <time>2026-05-04T01:21:28.8380000+00:00</time>
      </trkpt>
      <trkpt lat="46.73397" lon="7.80933">
        <ele>1903.89</ele>
        <time>2026-05-04T01:21:32.3540000+00:00</time>
      </trkpt>
      <trkpt lat="46.73399" lon="7.80939">
        <ele>1902.95</ele>
        <time>2026-05-04T01:21:37.9560000+00:00</time>
      </trkpt>
      <trkpt lat="46.73401" lon="7.80942">
        <ele>1902.63</ele>
        <time>2026-05-04T01:21:41.4690000+00:00</time>
      </trkpt>
      <trkpt lat="46.73403" lon="7.80946">
        <ele>1902.12</ele>
        <time>2026-05-04T01:21:45.6260000+00:00</time>
      </trkpt>
      <trkpt lat="46.73406" lon="7.80951">
        <ele>1901.55</ele>
        <time>2026-05-04T01:21:51.2060000+00:00</time>
      </trkpt>
      <trkpt lat="46.73409" lon="7.80955">
        <ele>1901.2</ele>
        <time>2026-05-04T01:21:56.1850000+00:00</time>
      </trkpt>
      <trkpt lat="46.73411" lon="7.8096">
        <ele>1900.5</ele>
        <time>2026-05-04T01:22:01.0460000+00:00</time>
      </trkpt>
      <trkpt lat="46.73413" lon="7.80963">
        <ele>1900.2</ele>
        <time>2026-05-04T01:22:04.5600000+00:00</time>
      </trkpt>
      <trkpt lat="46.73415" lon="7.80964">
        <ele>1900.31</ele>
        <time>2026-05-04T01:22:07.1520000+00:00</time>
      </trkpt>
      <trkpt lat="46.73417" lon="7.80964">
        <ele>1900.62</ele>
        <time>2026-05-04T01:22:09.6020000+00:00</time>
      </trkpt>
      <trkpt lat="46.73421" lon="7.80962">
        <ele>1901.63</ele>
        <time>2026-05-04T01:22:14.7810000+00:00</time>
      </trkpt>
      <trkpt lat="46.73425" lon="7.80962">
        <ele>1902.24</ele>
        <time>2026-05-04T01:22:19.6830000+00:00</time>
      </trkpt>
      <trkpt lat="46.73428" lon="7.80964">
        <ele>1902.3</ele>
        <time>2026-05-04T01:22:23.7250000+00:00</time>
      </trkpt>
      <trkpt lat="46.73431" lon="7.80967">
        <ele>1902.18</ele>
        <time>2026-05-04T01:22:28.1800000+00:00</time>
      </trkpt>
      <trkpt lat="46.73433" lon="7.80971">
        <ele>1901.71</ele>
        <time>2026-05-04T01:22:32.3380000+00:00</time>
      </trkpt>
      <trkpt lat="46.73435" lon="7.80977">
        <ele>1900.86</ele>
        <time>2026-05-04T01:22:37.9390000+00:00</time>
      </trkpt>
      <trkpt lat="46.73437" lon="7.80981">
        <ele>1900.41</ele>
        <time>2026-05-04T01:22:42.0960000+00:00</time>
      </trkpt>
      <trkpt lat="46.73439" lon="7.80983">
        <ele>1900.31</ele>
        <time>2026-05-04T01:22:45.0670000+00:00</time>
      </trkpt>
      <trkpt lat="46.73443" lon="7.80984">
        <ele>1900.27</ele>
        <time>2026-05-04T01:22:50.0370000+00:00</time>
      </trkpt>
      <trkpt lat="46.73446" lon="7.80985">
        <ele>1900.19</ele>
        <time>2026-05-04T01:22:53.8070000+00:00</time>
      </trkpt>
      <trkpt lat="46.7345" lon="7.8099">
        <ele>1899.36</ele>
        <time>2026-05-04T01:23:00.2600000+00:00</time>
      </trkpt>
      <trkpt lat="46.73454" lon="7.80993">
        <ele>1898.9</ele>
        <time>2026-05-04T01:23:05.7700000+00:00</time>
      </trkpt>
      <trkpt lat="46.73457" lon="7.80996">
        <ele>1898.4</ele>
        <time>2026-05-04T01:23:10.2270000+00:00</time>
      </trkpt>
      <trkpt lat="46.73459" lon="7.80996">
        <ele>1898.47</ele>
        <time>2026-05-04T01:23:12.6800000+00:00</time>
      </trkpt>
      <trkpt lat="46.7346" lon="7.80999">
        <ele>1897.9</ele>
        <time>2026-05-04T01:23:15.4830000+00:00</time>
      </trkpt>
      <trkpt lat="46.73462" lon="7.81005">
        <ele>1896.75</ele>
        <time>2026-05-04T01:23:21.0840000+00:00</time>
      </trkpt>
      <trkpt lat="46.73462" lon="7.81008">
        <ele>1896.14</ele>
        <time>2026-05-04T01:23:23.6010000+00:00</time>
      </trkpt>
      <trkpt lat="46.73464" lon="7.81014">
        <ele>1894.97</ele>
        <time>2026-05-04T01:23:29.2020000+00:00</time>
      </trkpt>
      <trkpt lat="46.73467" lon="7.81018">
        <ele>1894.17</ele>
        <time>2026-05-04T01:23:34.1800000+00:00</time>
      </trkpt>
      <trkpt lat="46.73469" lon="7.81021">
        <ele>1893.53</ele>
        <time>2026-05-04T01:23:37.6920000+00:00</time>
      </trkpt>
      <trkpt lat="46.73472" lon="7.81024">
        <ele>1892.91</ele>
        <time>2026-05-04T01:23:42.1470000+00:00</time>
      </trkpt>
      <trkpt lat="46.73476" lon="7.81026">
        <ele>1892.56</ele>
        <time>2026-05-04T01:23:47.3260000+00:00</time>
      </trkpt>
      <trkpt lat="46.73477" lon="7.81028">
        <ele>1892.13</ele>
        <time>2026-05-04T01:23:49.4080000+00:00</time>
      </trkpt>
      <trkpt lat="46.73478" lon="7.8103">
        <ele>1891.7</ele>
        <time>2026-05-04T01:23:51.4860000+00:00</time>
      </trkpt>
      <trkpt lat="46.73478" lon="7.81032">
        <ele>1891.24</ele>
        <time>2026-05-04T01:23:53.1660000+00:00</time>
      </trkpt>
      <trkpt lat="46.7348" lon="7.81032">
        <ele>1891.3</ele>
        <time>2026-05-04T01:23:55.6170000+00:00</time>
      </trkpt>
      <trkpt lat="46.73482" lon="7.81032">
        <ele>1891.35</ele>
        <time>2026-05-04T01:23:58.0650000+00:00</time>
      </trkpt>
      <trkpt lat="46.73484" lon="7.81034">
        <ele>1890.96</ele>
        <time>2026-05-04T01:24:01.0370000+00:00</time>
      </trkpt>
      <trkpt lat="46.73485" lon="7.81035">
        <ele>1890.76</ele>
        <time>2026-05-04T01:24:02.5230000+00:00</time>
      </trkpt>
      <trkpt lat="46.73486" lon="7.81038">
        <ele>1890.11</ele>
        <time>2026-05-04T01:24:05.3260000+00:00</time>
      </trkpt>
      <trkpt lat="46.73487" lon="7.81041">
        <ele>1889.46</ele>
        <time>2026-05-04T01:24:08.1280000+00:00</time>
      </trkpt>
      <trkpt lat="46.73488" lon="7.81042">
        <ele>1889.26</ele>
        <time>2026-05-04T01:24:09.6180000+00:00</time>
      </trkpt>
      <trkpt lat="46.73491" lon="7.81045">
        <ele>1888.68</ele>
        <time>2026-05-04T01:24:14.0730000+00:00</time>
      </trkpt>
      <trkpt lat="46.73493" lon="7.81046">
        <ele>1888.52</ele>
        <time>2026-05-04T01:24:16.6630000+00:00</time>
      </trkpt>
      <trkpt lat="46.73494" lon="7.81048">
        <ele>1888.11</ele>
        <time>2026-05-04T01:24:18.7440000+00:00</time>
      </trkpt>
      <trkpt lat="46.73495" lon="7.81051">
        <ele>1887.47</ele>
        <time>2026-05-04T01:24:21.5470000+00:00</time>
      </trkpt>
      <trkpt lat="46.73496" lon="7.81053">
        <ele>1887.06</ele>
        <time>2026-05-04T01:24:23.6250000+00:00</time>
      </trkpt>
      <trkpt lat="46.73497" lon="7.81054">
        <ele>1886.87</ele>
        <time>2026-05-04T01:24:25.1120000+00:00</time>
      </trkpt>
      <trkpt lat="46.735" lon="7.81054">
        <ele>1886.97</ele>
        <time>2026-05-04T01:24:28.7890000+00:00</time>
      </trkpt>
      <trkpt lat="46.73502" lon="7.81055">
        <ele>1886.82</ele>
        <time>2026-05-04T01:24:31.3810000+00:00</time>
      </trkpt>
      <trkpt lat="46.73504" lon="7.81056">
        <ele>1886.67</ele>
        <time>2026-05-04T01:24:33.9700000+00:00</time>
      </trkpt>
      <trkpt lat="46.73507" lon="7.81057">
        <ele>1886.56</ele>
        <time>2026-05-04T01:24:37.7410000+00:00</time>
      </trkpt>
      <trkpt lat="46.73507" lon="7.81058">
        <ele>1886.34</ele>
        <time>2026-05-04T01:24:38.5780000+00:00</time>
      </trkpt>
      <trkpt lat="46.73509" lon="7.81058">
        <ele>1886.41</ele>
        <time>2026-05-04T01:24:41.0260000+00:00</time>
      </trkpt>
      <trkpt lat="46.7351" lon="7.81058">
        <ele>1886.44</ele>
        <time>2026-05-04T01:24:42.2460000+00:00</time>
      </trkpt>
      <trkpt lat="46.73511" lon="7.81055">
        <ele>1887.14</ele>
        <time>2026-05-04T01:24:45.0450000+00:00</time>
      </trkpt>
      <trkpt lat="46.73512" lon="7.81055">
        <ele>1887.17</ele>
        <time>2026-05-04T01:24:46.2730000+00:00</time>
      </trkpt>
      <trkpt lat="46.73515" lon="7.81055">
        <ele>1887.28</ele>
        <time>2026-05-04T01:24:49.9500000+00:00</time>
      </trkpt>
      <trkpt lat="46.73517" lon="7.81055">
        <ele>1887.35</ele>
        <time>2026-05-04T01:24:52.4010000+00:00</time>
      </trkpt>
      <trkpt lat="46.7352" lon="7.81056">
        <ele>1887.24</ele>
        <time>2026-05-04T01:24:56.1710000+00:00</time>
      </trkpt>
      <trkpt lat="46.7352" lon="7.81057">
        <ele>1887.02</ele>
        <time>2026-05-04T01:24:57.0080000+00:00</time>
      </trkpt>
      <trkpt lat="46.73522" lon="7.81059">
        <ele>1886.66</ele>
        <time>2026-05-04T01:24:59.9770000+00:00</time>
      </trkpt>
      <trkpt lat="46.73526" lon="7.81059">
        <ele>1885.62</ele>
        <time>2026-05-04T01:25:04.8780000+00:00</time>
      </trkpt>
      <trkpt lat="46.7353" lon="7.81062">
        <ele>1883.95</ele>
        <time>2026-05-04T01:25:10.3880000+00:00</time>
      </trkpt>
      <trkpt lat="46.73532" lon="7.81063">
        <ele>1883.24</ele>
        <time>2026-05-04T01:25:12.9750000+00:00</time>
      </trkpt>
      <trkpt lat="46.73533" lon="7.81065">
        <ele>1882.59</ele>
        <time>2026-05-04T01:25:15.0540000+00:00</time>
      </trkpt>
      <trkpt lat="46.73535" lon="7.81066">
        <ele>1881.9</ele>
        <time>2026-05-04T01:25:17.6460000+00:00</time>
      </trkpt>
      <trkpt lat="46.73537" lon="7.81067">
        <ele>1881.21</ele>
        <time>2026-05-04T01:25:20.2370000+00:00</time>
      </trkpt>
      <trkpt lat="46.73539" lon="7.81068">
        <ele>1880.53</ele>
        <time>2026-05-04T01:25:22.8270000+00:00</time>
      </trkpt>
      <trkpt lat="46.73541" lon="7.81069">
        <ele>1879.86</ele>
        <time>2026-05-04T01:25:25.4190000+00:00</time>
      </trkpt>
      <trkpt lat="46.73544" lon="7.81069">
        <ele>1879.12</ele>
        <time>2026-05-04T01:25:29.0940000+00:00</time>
      </trkpt>
      <trkpt lat="46.73548" lon="7.8107">
        <ele>1877.98</ele>
        <time>2026-05-04T01:25:34.0660000+00:00</time>
      </trkpt>
      <trkpt lat="46.73549" lon="7.81071">
        <ele>1877.58</ele>
        <time>2026-05-04T01:25:35.5530000+00:00</time>
      </trkpt>
      <trkpt lat="46.7355" lon="7.8107">
        <ele>1877.5</ele>
        <time>2026-05-04T01:25:37.0390000+00:00</time>
      </trkpt>
      <trkpt lat="46.73553" lon="7.81072">
        <ele>1876.47</ele>
        <time>2026-05-04T01:25:41.0810000+00:00</time>
      </trkpt>
      <trkpt lat="46.73557" lon="7.81074">
        <ele>1875.23</ele>
        <time>2026-05-04T01:25:46.2600000+00:00</time>
      </trkpt>
      <trkpt lat="46.73561" lon="7.81075">
        <ele>1874.16</ele>
        <time>2026-05-04T01:25:51.2310000+00:00</time>
      </trkpt>
      <trkpt lat="46.73563" lon="7.81077">
        <ele>1873.44</ele>
        <time>2026-05-04T01:25:54.2000000+00:00</time>
      </trkpt>
      <trkpt lat="46.73565" lon="7.81078">
        <ele>1872.86</ele>
        <time>2026-05-04T01:25:56.7900000+00:00</time>
      </trkpt>
      <trkpt lat="46.73568" lon="7.81079">
        <ele>1872.07</ele>
        <time>2026-05-04T01:26:00.5600000+00:00</time>
      </trkpt>
      <trkpt lat="46.73571" lon="7.8108">
        <ele>1871.29</ele>
        <time>2026-05-04T01:26:04.3310000+00:00</time>
      </trkpt>
      <trkpt lat="46.73572" lon="7.81082">
        <ele>1870.85</ele>
        <time>2026-05-04T01:26:06.4070000+00:00</time>
      </trkpt>
      <trkpt lat="46.73574" lon="7.81083">
        <ele>1870.31</ele>
        <time>2026-05-04T01:26:08.9940000+00:00</time>
      </trkpt>
      <trkpt lat="46.73577" lon="7.81088">
        <ele>1869.18</ele>
        <time>2026-05-04T01:26:14.5730000+00:00</time>
      </trkpt>
      <trkpt lat="46.7358" lon="7.81094">
        <ele>1868.02</ele>
        <time>2026-05-04T01:26:20.8080000+00:00</time>
      </trkpt>
      <trkpt lat="46.73581" lon="7.81097">
        <ele>1867.57</ele>
        <time>2026-05-04T01:26:23.6090000+00:00</time>
      </trkpt>
      <trkpt lat="46.73582" lon="7.811">
        <ele>1867.14</ele>
        <time>2026-05-04T01:26:26.4110000+00:00</time>
      </trkpt>
      <trkpt lat="46.73582" lon="7.81101">
        <ele>1867.07</ele>
        <time>2026-05-04T01:26:27.2480000+00:00</time>
      </trkpt>
      <trkpt lat="46.73584" lon="7.81102">
        <ele>1866.65</ele>
        <time>2026-05-04T01:26:29.8360000+00:00</time>
      </trkpt>
      <trkpt lat="46.73585" lon="7.81102">
        <ele>1866.48</ele>
        <time>2026-05-04T01:26:31.0600000+00:00</time>
      </trkpt>
      <trkpt lat="46.73588" lon="7.81102">
        <ele>1865.96</ele>
        <time>2026-05-04T01:26:34.7370000+00:00</time>
      </trkpt>
      <trkpt lat="46.73589" lon="7.81102">
        <ele>1865.79</ele>
        <time>2026-05-04T01:26:35.9650000+00:00</time>
      </trkpt>
      <trkpt lat="46.73591" lon="7.81102">
        <ele>1865.44</ele>
        <time>2026-05-04T01:26:38.4180000+00:00</time>
      </trkpt>
      <trkpt lat="46.73592" lon="7.81105">
        <ele>1865.14</ele>
        <time>2026-05-04T01:26:41.2210000+00:00</time>
      </trkpt>
      <trkpt lat="46.73593" lon="7.81105">
        <ele>1864.97</ele>
        <time>2026-05-04T01:26:42.4500000+00:00</time>
      </trkpt>
      <trkpt lat="46.73596" lon="7.81108">
        <ele>1864.37</ele>
        <time>2026-05-04T01:26:46.9050000+00:00</time>
      </trkpt>
      <trkpt lat="46.73598" lon="7.8111">
        <ele>1863.99</ele>
        <time>2026-05-04T01:26:49.8770000+00:00</time>
      </trkpt>
      <trkpt lat="46.736" lon="7.81113">
        <ele>1863.61</ele>
        <time>2026-05-04T01:26:53.3890000+00:00</time>
      </trkpt>
      <trkpt lat="46.73603" lon="7.81116">
        <ele>1863.12</ele>
        <time>2026-05-04T01:26:57.8440000+00:00</time>
      </trkpt>
      <trkpt lat="46.73606" lon="7.81118">
        <ele>1862.6</ele>
        <time>2026-05-04T01:27:01.8850000+00:00</time>
      </trkpt>
      <trkpt lat="46.73607" lon="7.81119">
        <ele>1862.33</ele>
        <time>2026-05-04T01:27:03.3650000+00:00</time>
      </trkpt>
      <trkpt lat="46.7361" lon="7.8112">
        <ele>1861.56</ele>
        <time>2026-05-04T01:27:07.1340000+00:00</time>
      </trkpt>
      <trkpt lat="46.73612" lon="7.8112">
        <ele>1861.05</ele>
        <time>2026-05-04T01:27:09.5850000+00:00</time>
      </trkpt>
      <trkpt lat="46.73615" lon="7.8112">
        <ele>1860.28</ele>
        <time>2026-05-04T01:27:13.2590000+00:00</time>
      </trkpt>
      <trkpt lat="46.73617" lon="7.81119">
        <ele>1859.75</ele>
        <time>2026-05-04T01:27:15.8490000+00:00</time>
      </trkpt>
      <trkpt lat="46.73619" lon="7.81118">
        <ele>1859.21</ele>
        <time>2026-05-04T01:27:18.4400000+00:00</time>
      </trkpt>
      <trkpt lat="46.73621" lon="7.81116">
        <ele>1858.63</ele>
        <time>2026-05-04T01:27:21.4110000+00:00</time>
      </trkpt>
      <trkpt lat="46.73623" lon="7.81114">
        <ele>1858.03</ele>
        <time>2026-05-04T01:27:24.3810000+00:00</time>
      </trkpt>
      <trkpt lat="46.73624" lon="7.81113">
        <ele>1857.71</ele>
        <time>2026-05-04T01:27:25.8670000+00:00</time>
      </trkpt>
      <trkpt lat="46.73626" lon="7.81114">
        <ele>1857.21</ele>
        <time>2026-05-04T01:27:28.4590000+00:00</time>
      </trkpt>
      <trkpt lat="46.73627" lon="7.81114">
        <ele>1856.94</ele>
        <time>2026-05-04T01:27:29.6880000+00:00</time>
      </trkpt>
      <trkpt lat="46.73628" lon="7.81114">
        <ele>1856.67</ele>
        <time>2026-05-04T01:27:30.9160000+00:00</time>
      </trkpt>
      <trkpt lat="46.7363" lon="7.81116">
        <ele>1856.24</ele>
        <time>2026-05-04T01:27:33.8870000+00:00</time>
      </trkpt>
      <trkpt lat="46.7363" lon="7.81118">
        <ele>1856.35</ele>
        <time>2026-05-04T01:27:35.5670000+00:00</time>
      </trkpt>
      <trkpt lat="46.7363" lon="7.81121">
        <ele>1856.51</ele>
        <time>2026-05-04T01:27:38.0860000+00:00</time>
      </trkpt>
      <trkpt lat="46.73631" lon="7.81125">
        <ele>1856.5</ele>
        <time>2026-05-04T01:27:41.6610000+00:00</time>
      </trkpt>
      <trkpt lat="46.73632" lon="7.81126">
        <ele>1856.32</ele>
        <time>2026-05-04T01:27:43.1470000+00:00</time>
      </trkpt>
      <trkpt lat="46.73633" lon="7.81127">
        <ele>1856.14</ele>
        <time>2026-05-04T01:27:44.6340000+00:00</time>
      </trkpt>
      <trkpt lat="46.73634" lon="7.81129">
        <ele>1856.04</ele>
        <time>2026-05-04T01:27:46.7150000+00:00</time>
      </trkpt>
      <trkpt lat="46.73634" lon="7.81132">
        <ele>1856.24</ele>
        <time>2026-05-04T01:27:49.2340000+00:00</time>
      </trkpt>
      <trkpt lat="46.73635" lon="7.81135">
        <ele>1856.22</ele>
        <time>2026-05-04T01:27:52.0370000+00:00</time>
      </trkpt>
      <trkpt lat="46.73636" lon="7.81139">
        <ele>1856.3</ele>
        <time>2026-05-04T01:27:55.6110000+00:00</time>
      </trkpt>
      <trkpt lat="46.73637" lon="7.81142">
        <ele>1856.32</ele>
        <time>2026-05-04T01:27:58.4140000+00:00</time>
      </trkpt>
      <trkpt lat="46.73638" lon="7.81143">
        <ele>1856.2</ele>
        <time>2026-05-04T01:27:59.9000000+00:00</time>
      </trkpt>
      <trkpt lat="46.7364" lon="7.81144">
        <ele>1855.9</ele>
        <time>2026-05-04T01:28:02.4920000+00:00</time>
      </trkpt>
      <trkpt lat="46.73641" lon="7.81144">
        <ele>1855.71</ele>
        <time>2026-05-04T01:28:03.7160000+00:00</time>
      </trkpt>
      <trkpt lat="46.73644" lon="7.81146">
        <ele>1855.33</ele>
        <time>2026-05-04T01:28:07.7560000+00:00</time>
      </trkpt>
      <trkpt lat="46.73646" lon="7.81146">
        <ele>1854.97</ele>
        <time>2026-05-04T01:28:10.2050000+00:00</time>
      </trkpt>
      <trkpt lat="46.73648" lon="7.81148">
        <ele>1854.81</ele>
        <time>2026-05-04T01:28:13.1740000+00:00</time>
      </trkpt>
      <trkpt lat="46.73649" lon="7.8115">
        <ele>1854.85</ele>
        <time>2026-05-04T01:28:15.2550000+00:00</time>
      </trkpt>
      <trkpt lat="46.73652" lon="7.81152">
        <ele>1854.56</ele>
        <time>2026-05-04T01:28:19.2950000+00:00</time>
      </trkpt>
      <trkpt lat="46.73654" lon="7.81153">
        <ele>1854.35</ele>
        <time>2026-05-04T01:28:21.8850000+00:00</time>
      </trkpt>
      <trkpt lat="46.73655" lon="7.81155">
        <ele>1854.43</ele>
        <time>2026-05-04T01:28:23.9610000+00:00</time>
      </trkpt>
      <trkpt lat="46.73656" lon="7.81158">
        <ele>1854.65</ele>
        <time>2026-05-04T01:28:26.7600000+00:00</time>
      </trkpt>
      <trkpt lat="46.73656" lon="7.8116">
        <ele>1854.91</ele>
        <time>2026-05-04T01:28:28.4400000+00:00</time>
      </trkpt>
      <trkpt lat="46.73658" lon="7.81161">
        <ele>1854.75</ele>
        <time>2026-05-04T01:28:31.0290000+00:00</time>
      </trkpt>
      <trkpt lat="46.7366" lon="7.81163">
        <ele>1854.74</ele>
        <time>2026-05-04T01:28:33.9980000+00:00</time>
      </trkpt>
      <trkpt lat="46.7366" lon="7.81166">
        <ele>1855.15</ele>
        <time>2026-05-04T01:28:36.5200000+00:00</time>
      </trkpt>
      <trkpt lat="46.73662" lon="7.81168">
        <ele>1855.18</ele>
        <time>2026-05-04T01:28:39.4890000+00:00</time>
      </trkpt>
      <trkpt lat="46.73664" lon="7.81169">
        <ele>1855.08</ele>
        <time>2026-05-04T01:28:42.0810000+00:00</time>
      </trkpt>
      <trkpt lat="46.73665" lon="7.8117">
        <ele>1855.11</ele>
        <time>2026-05-04T01:28:43.5670000+00:00</time>
      </trkpt>
      <trkpt lat="46.73666" lon="7.81175">
        <ele>1855.77</ele>
        <time>2026-05-04T01:28:47.9400000+00:00</time>
      </trkpt>
      <trkpt lat="46.73667" lon="7.8118">
        <ele>1856.45</ele>
        <time>2026-05-04T01:28:52.3130000+00:00</time>
      </trkpt>
      <trkpt lat="46.73668" lon="7.81185">
        <ele>1856.75</ele>
        <time>2026-05-04T01:28:56.6860000+00:00</time>
      </trkpt>
      <trkpt lat="46.73668" lon="7.81188">
        <ele>1856.77</ele>
        <time>2026-05-04T01:28:59.2050000+00:00</time>
      </trkpt>
      <trkpt lat="46.73669" lon="7.81189">
        <ele>1856.7</ele>
        <time>2026-05-04T01:29:00.6910000+00:00</time>
      </trkpt>
      <trkpt lat="46.7367" lon="7.8119">
        <ele>1856.63</ele>
        <time>2026-05-04T01:29:02.1780000+00:00</time>
      </trkpt>
      <trkpt lat="46.73673" lon="7.81189">
        <ele>1856.4</ele>
        <time>2026-05-04T01:29:05.9470000+00:00</time>
      </trkpt>
      <trkpt lat="46.73677" lon="7.8119">
        <ele>1856.12</ele>
        <time>2026-05-04T01:29:10.9190000+00:00</time>
      </trkpt>
      <trkpt lat="46.73679" lon="7.81189">
        <ele>1855.95</ele>
        <time>2026-05-04T01:29:13.5090000+00:00</time>
      </trkpt>
      <trkpt lat="46.73682" lon="7.8119">
        <ele>1855.76</ele>
        <time>2026-05-04T01:29:17.2770000+00:00</time>
      </trkpt>
      <trkpt lat="46.73684" lon="7.81191">
        <ele>1855.64</ele>
        <time>2026-05-04T01:29:19.8670000+00:00</time>
      </trkpt>
      <trkpt lat="46.73686" lon="7.81193">
        <ele>1855.56</ele>
        <time>2026-05-04T01:29:22.8360000+00:00</time>
      </trkpt>
      <trkpt lat="46.73688" lon="7.81195">
        <ele>1855.49</ele>
        <time>2026-05-04T01:29:25.8050000+00:00</time>
      </trkpt>
      <trkpt lat="46.73689" lon="7.81197">
        <ele>1855.45</ele>
        <time>2026-05-04T01:29:27.8820000+00:00</time>
      </trkpt>
      <trkpt lat="46.7369" lon="7.812">
        <ele>1855.38</ele>
        <time>2026-05-04T01:29:30.6800000+00:00</time>
      </trkpt>
      <trkpt lat="46.7369" lon="7.81204">
        <ele>1855.54</ele>
        <time>2026-05-04T01:29:34.0390000+00:00</time>
      </trkpt>
      <trkpt lat="46.73691" lon="7.81206">
        <ele>1855.45</ele>
        <time>2026-05-04T01:29:36.1200000+00:00</time>
      </trkpt>
      <trkpt lat="46.73691" lon="7.81208">
        <ele>1855.53</ele>
        <time>2026-05-04T01:29:37.7970000+00:00</time>
      </trkpt>
      <trkpt lat="46.73692" lon="7.81209">
        <ele>1855.41</ele>
        <time>2026-05-04T01:29:39.2830000+00:00</time>
      </trkpt>
      <trkpt lat="46.73694" lon="7.8121">
        <ele>1855.13</ele>
        <time>2026-05-04T01:29:41.8750000+00:00</time>
      </trkpt>
      <trkpt lat="46.73695" lon="7.81212">
        <ele>1855.07</ele>
        <time>2026-05-04T01:29:43.9540000+00:00</time>
      </trkpt>
      <trkpt lat="46.73696" lon="7.81213">
        <ele>1854.96</ele>
        <time>2026-05-04T01:29:45.4360000+00:00</time>
      </trkpt>
      <trkpt lat="46.73697" lon="7.81217">
        <ele>1855.02</ele>
        <time>2026-05-04T01:29:49.0110000+00:00</time>
      </trkpt>
      <trkpt lat="46.73698" lon="7.81218">
        <ele>1854.93</ele>
        <time>2026-05-04T01:29:50.4970000+00:00</time>
      </trkpt>
      <trkpt lat="46.737" lon="7.81219">
        <ele>1854.7</ele>
        <time>2026-05-04T01:29:53.0890000+00:00</time>
      </trkpt>
      <trkpt lat="46.73701" lon="7.81222">
        <ele>1854.74</ele>
        <time>2026-05-04T01:29:55.8920000+00:00</time>
      </trkpt>
      <trkpt lat="46.73703" lon="7.81223">
        <ele>1854.53</ele>
        <time>2026-05-04T01:29:58.4830000+00:00</time>
      </trkpt>
      <trkpt lat="46.73705" lon="7.81226">
        <ele>1854.47</ele>
        <time>2026-05-04T01:30:01.9960000+00:00</time>
      </trkpt>
      <trkpt lat="46.73708" lon="7.81229">
        <ele>1854.31</ele>
        <time>2026-05-04T01:30:06.4520000+00:00</time>
      </trkpt>
      <trkpt lat="46.7371" lon="7.81231">
        <ele>1854.23</ele>
        <time>2026-05-04T01:30:09.4250000+00:00</time>
      </trkpt>
      <trkpt lat="46.73711" lon="7.81233">
        <ele>1854.27</ele>
        <time>2026-05-04T01:30:11.5060000+00:00</time>
      </trkpt>
      <trkpt lat="46.73713" lon="7.81233">
        <ele>1854.05</ele>
        <time>2026-05-04T01:30:13.9590000+00:00</time>
      </trkpt>
      <trkpt lat="46.73716" lon="7.81233">
        <ele>1853.7</ele>
        <time>2026-05-04T01:30:17.6360000+00:00</time>
      </trkpt>
      <trkpt lat="46.73718" lon="7.81234">
        <ele>1853.57</ele>
        <time>2026-05-04T01:30:20.2240000+00:00</time>
      </trkpt>
      <trkpt lat="46.73722" lon="7.81238">
        <ele>1853.54</ele>
        <time>2026-05-04T01:30:26.1640000+00:00</time>
      </trkpt>
      <trkpt lat="46.73724" lon="7.8124">
        <ele>1853.54</ele>
        <time>2026-05-04T01:30:29.1340000+00:00</time>
      </trkpt>
      <trkpt lat="46.73726" lon="7.81242">
        <ele>1853.57</ele>
        <time>2026-05-04T01:30:32.1030000+00:00</time>
      </trkpt>
      <trkpt lat="46.73729" lon="7.81243">
        <ele>1853.4</ele>
        <time>2026-05-04T01:30:35.8730000+00:00</time>
      </trkpt>
      <trkpt lat="46.73731" lon="7.81245">
        <ele>1853.45</ele>
        <time>2026-05-04T01:30:38.8440000+00:00</time>
      </trkpt>
      <trkpt lat="46.73733" lon="7.81247">
        <ele>1853.53</ele>
        <time>2026-05-04T01:30:41.8130000+00:00</time>
      </trkpt>
      <trkpt lat="46.73735" lon="7.81251">
        <ele>1853.87</ele>
        <time>2026-05-04T01:30:45.9690000+00:00</time>
      </trkpt>
      <trkpt lat="46.73735" lon="7.81253">
        <ele>1854.13</ele>
        <time>2026-05-04T01:30:47.6530000+00:00</time>
      </trkpt>
      <trkpt lat="46.73737" lon="7.81255">
        <ele>1854.25</ele>
        <time>2026-05-04T01:30:50.6220000+00:00</time>
      </trkpt>
      <trkpt lat="46.73738" lon="7.81257">
        <ele>1854.46</ele>
        <time>2026-05-04T01:30:52.7010000+00:00</time>
      </trkpt>
      <trkpt lat="46.7374" lon="7.81261">
        <ele>1854.89</ele>
        <time>2026-05-04T01:30:56.8580000+00:00</time>
      </trkpt>
      <trkpt lat="46.73741" lon="7.81264">
        <ele>1855.25</ele>
        <time>2026-05-04T01:30:59.6590000+00:00</time>
      </trkpt>
      <trkpt lat="46.73743" lon="7.81264">
        <ele>1855.15</ele>
        <time>2026-05-04T01:31:02.1070000+00:00</time>
      </trkpt>
      <trkpt lat="46.73744" lon="7.81265">
        <ele>1855.25</ele>
        <time>2026-05-04T01:31:03.5900000+00:00</time>
      </trkpt>
      <trkpt lat="46.73746" lon="7.81267">
        <ele>1855.08</ele>
        <time>2026-05-04T01:31:06.5590000+00:00</time>
      </trkpt>
      <trkpt lat="46.73748" lon="7.81268">
        <ele>1854.88</ele>
        <time>2026-05-04T01:31:09.1490000+00:00</time>
      </trkpt>
      <trkpt lat="46.7375" lon="7.81269">
        <ele>1854.68</ele>
        <time>2026-05-04T01:31:11.7380000+00:00</time>
      </trkpt>
      <trkpt lat="46.73752" lon="7.81269">
        <ele>1854.59</ele>
        <time>2026-05-04T01:31:14.1870000+00:00</time>
      </trkpt>
      <trkpt lat="46.73755" lon="7.8127">
        <ele>1854.36</ele>
        <time>2026-05-04T01:31:17.9580000+00:00</time>
      </trkpt>
      <trkpt lat="46.73759" lon="7.81272">
        <ele>1853.99</ele>
        <time>2026-05-04T01:31:23.1380000+00:00</time>
      </trkpt>
      <trkpt lat="46.73761" lon="7.81271">
        <ele>1854</ele>
        <time>2026-05-04T01:31:25.7300000+00:00</time>
      </trkpt>
      <trkpt lat="46.73765" lon="7.8127">
        <ele>1853.93</ele>
        <time>2026-05-04T01:31:30.7020000+00:00</time>
      </trkpt>
      <trkpt lat="46.73768" lon="7.8127">
        <ele>1853.8</ele>
        <time>2026-05-04T01:31:34.3780000+00:00</time>
      </trkpt>
      <trkpt lat="46.7377" lon="7.8127">
        <ele>1853.71</ele>
        <time>2026-05-04T01:31:36.8260000+00:00</time>
      </trkpt>
      <trkpt lat="46.73773" lon="7.8127">
        <ele>1853.41</ele>
        <time>2026-05-04T01:31:40.5000000+00:00</time>
      </trkpt>
      <trkpt lat="46.73777" lon="7.81271">
        <ele>1852.59</ele>
        <time>2026-05-04T01:31:45.4710000+00:00</time>
      </trkpt>
      <trkpt lat="46.7378" lon="7.81274">
        <ele>1851.86</ele>
        <time>2026-05-04T01:31:49.9280000+00:00</time>
      </trkpt>
      <trkpt lat="46.73783" lon="7.81277">
        <ele>1851.19</ele>
        <time>2026-05-04T01:31:54.3840000+00:00</time>
      </trkpt>
      <trkpt lat="46.73784" lon="7.81279">
        <ele>1850.93</ele>
        <time>2026-05-04T01:31:56.4630000+00:00</time>
      </trkpt>
      <trkpt lat="46.73785" lon="7.81281">
        <ele>1850.69</ele>
        <time>2026-05-04T01:31:58.5420000+00:00</time>
      </trkpt>
      <trkpt lat="46.73787" lon="7.81283">
        <ele>1850.32</ele>
        <time>2026-05-04T01:32:01.5150000+00:00</time>
      </trkpt>
      <trkpt lat="46.73789" lon="7.81284">
        <ele>1850</ele>
        <time>2026-05-04T01:32:04.1060000+00:00</time>
      </trkpt>
      <trkpt lat="46.73792" lon="7.81283">
        <ele>1849.59</ele>
        <time>2026-05-04T01:32:07.8760000+00:00</time>
      </trkpt>
      <trkpt lat="46.73795" lon="7.81284">
        <ele>1849.14</ele>
        <time>2026-05-04T01:32:11.6470000+00:00</time>
      </trkpt>
      <trkpt lat="46.73799" lon="7.81285">
        <ele>1848.57</ele>
        <time>2026-05-04T01:32:16.6190000+00:00</time>
      </trkpt>
      <trkpt lat="46.73801" lon="7.81285">
        <ele>1848.29</ele>
        <time>2026-05-04T01:32:19.0680000+00:00</time>
      </trkpt>
      <trkpt lat="46.73804" lon="7.81285">
        <ele>1847.87</ele>
        <time>2026-05-04T01:32:22.7420000+00:00</time>
      </trkpt>
      <trkpt lat="46.73806" lon="7.81286">
        <ele>1847.62</ele>
        <time>2026-05-04T01:32:25.3290000+00:00</time>
      </trkpt>
      <trkpt lat="46.73808" lon="7.81287">
        <ele>1847.39</ele>
        <time>2026-05-04T01:32:27.9170000+00:00</time>
      </trkpt>
      <trkpt lat="46.73809" lon="7.81285">
        <ele>1847.18</ele>
        <time>2026-05-04T01:32:29.9980000+00:00</time>
      </trkpt>
      <trkpt lat="46.7381" lon="7.81284">
        <ele>1846.99</ele>
        <time>2026-05-04T01:32:31.4810000+00:00</time>
      </trkpt>
      <trkpt lat="46.73812" lon="7.81283">
        <ele>1846.66</ele>
        <time>2026-05-04T01:32:34.0680000+00:00</time>
      </trkpt>
      <trkpt lat="46.73815" lon="7.81281">
        <ele>1846.1</ele>
        <time>2026-05-04T01:32:38.1080000+00:00</time>
      </trkpt>
      <trkpt lat="46.73816" lon="7.81283">
        <ele>1846.07</ele>
        <time>2026-05-04T01:32:40.1870000+00:00</time>
      </trkpt>
      <trkpt lat="46.73816" lon="7.81287">
        <ele>1846.32</ele>
        <time>2026-05-04T01:32:43.5440000+00:00</time>
      </trkpt>
      <trkpt lat="46.73817" lon="7.8129">
        <ele>1846.39</ele>
        <time>2026-05-04T01:32:46.3420000+00:00</time>
      </trkpt>
      <trkpt lat="46.73818" lon="7.81292">
        <ele>1846.4</ele>
        <time>2026-05-04T01:32:48.4210000+00:00</time>
      </trkpt>
      <trkpt lat="46.7382" lon="7.81293">
        <ele>1846.24</ele>
        <time>2026-05-04T01:32:51.0130000+00:00</time>
      </trkpt>
      <trkpt lat="46.73822" lon="7.81293">
        <ele>1846.02</ele>
        <time>2026-05-04T01:32:53.4610000+00:00</time>
      </trkpt>
      <trkpt lat="46.73824" lon="7.81294">
        <ele>1845.88</ele>
        <time>2026-05-04T01:32:56.0510000+00:00</time>
      </trkpt>
      <trkpt lat="46.73826" lon="7.81296">
        <ele>1845.85</ele>
        <time>2026-05-04T01:32:59.0200000+00:00</time>
      </trkpt>
      <trkpt lat="46.73829" lon="7.81296">
        <ele>1845.54</ele>
        <time>2026-05-04T01:33:02.6940000+00:00</time>
      </trkpt>
      <trkpt lat="46.73832" lon="7.81296">
        <ele>1845.23</ele>
        <time>2026-05-04T01:33:06.3680000+00:00</time>
      </trkpt>
      <trkpt lat="46.73834" lon="7.81296">
        <ele>1845.02</ele>
        <time>2026-05-04T01:33:08.8170000+00:00</time>
      </trkpt>
      <trkpt lat="46.73835" lon="7.81296">
        <ele>1844.92</ele>
        <time>2026-05-04T01:33:10.0450000+00:00</time>
      </trkpt>
      <trkpt lat="46.73837" lon="7.81295">
        <ele>1844.58</ele>
        <time>2026-05-04T01:33:12.6370000+00:00</time>
      </trkpt>
      <trkpt lat="46.73839" lon="7.81293">
        <ele>1844.09</ele>
        <time>2026-05-04T01:33:15.6080000+00:00</time>
      </trkpt>
      <trkpt lat="46.73842" lon="7.81293">
        <ele>1843.75</ele>
        <time>2026-05-04T01:33:19.2820000+00:00</time>
      </trkpt>
      <trkpt lat="46.73844" lon="7.81291">
        <ele>1843.21</ele>
        <time>2026-05-04T01:33:22.2540000+00:00</time>
      </trkpt>
      <trkpt lat="46.73848" lon="7.8129">
        <ele>1842.56</ele>
        <time>2026-05-04T01:33:27.2260000+00:00</time>
      </trkpt>
      <trkpt lat="46.7385" lon="7.81292">
        <ele>1842.67</ele>
        <time>2026-05-04T01:33:30.1950000+00:00</time>
      </trkpt>
      <trkpt lat="46.73854" lon="7.81293">
        <ele>1842.39</ele>
        <time>2026-05-04T01:33:35.1660000+00:00</time>
      </trkpt>
      <trkpt lat="46.73858" lon="7.81294">
        <ele>1841.94</ele>
        <time>2026-05-04T01:33:40.1380000+00:00</time>
      </trkpt>
      <trkpt lat="46.73862" lon="7.81295">
        <ele>1841.42</ele>
        <time>2026-05-04T01:33:45.1100000+00:00</time>
      </trkpt>
      <trkpt lat="46.73866" lon="7.81295">
        <ele>1840.7</ele>
        <time>2026-05-04T01:33:50.0090000+00:00</time>
      </trkpt>
      <trkpt lat="46.7387" lon="7.81295">
        <ele>1839.99</ele>
        <time>2026-05-04T01:33:54.9100000+00:00</time>
      </trkpt>
      <trkpt lat="46.73874" lon="7.81295">
        <ele>1839.27</ele>
        <time>2026-05-04T01:33:59.8110000+00:00</time>
      </trkpt>
      <trkpt lat="46.73876" lon="7.81297">
        <ele>1839.34</ele>
        <time>2026-05-04T01:34:02.7810000+00:00</time>
      </trkpt>
      <trkpt lat="46.73878" lon="7.81296">
        <ele>1838.77</ele>
        <time>2026-05-04T01:34:05.3720000+00:00</time>
      </trkpt>
      <trkpt lat="46.7388" lon="7.81297">
        <ele>1838.63</ele>
        <time>2026-05-04T01:34:07.9640000+00:00</time>
      </trkpt>
      <trkpt lat="46.73882" lon="7.81298">
        <ele>1838.49</ele>
        <time>2026-05-04T01:34:10.5560000+00:00</time>
      </trkpt>
      <trkpt lat="46.73883" lon="7.81298">
        <ele>1838.31</ele>
        <time>2026-05-04T01:34:11.7800000+00:00</time>
      </trkpt>
      <trkpt lat="46.73886" lon="7.813">
        <ele>1838.22</ele>
        <time>2026-05-04T01:34:15.8210000+00:00</time>
      </trkpt>
      <trkpt lat="46.73887" lon="7.81302">
        <ele>1838.49</ele>
        <time>2026-05-04T01:34:17.9020000+00:00</time>
      </trkpt>
      <trkpt lat="46.73889" lon="7.81305">
        <ele>1838.81</ele>
        <time>2026-05-04T01:34:21.4180000+00:00</time>
      </trkpt>
      <trkpt lat="46.7389" lon="7.81309">
        <ele>1839.53</ele>
        <time>2026-05-04T01:34:24.9930000+00:00</time>
      </trkpt>
      <trkpt lat="46.73891" lon="7.81311">
        <ele>1839.81</ele>
        <time>2026-05-04T01:34:27.0720000+00:00</time>
      </trkpt>
      <trkpt lat="46.73893" lon="7.81312">
        <ele>1839.7</ele>
        <time>2026-05-04T01:34:29.6630000+00:00</time>
      </trkpt>
      <trkpt lat="46.73895" lon="7.81313">
        <ele>1839.6</ele>
        <time>2026-05-04T01:34:32.2530000+00:00</time>
      </trkpt>
      <trkpt lat="46.73897" lon="7.81314">
        <ele>1839.5</ele>
        <time>2026-05-04T01:34:34.8440000+00:00</time>
      </trkpt>
      <trkpt lat="46.73898" lon="7.81316">
        <ele>1839.8</ele>
        <time>2026-05-04T01:34:36.9260000+00:00</time>
      </trkpt>
      <trkpt lat="46.739" lon="7.81318">
        <ele>1839.94</ele>
        <time>2026-05-04T01:34:39.8950000+00:00</time>
      </trkpt>
      <trkpt lat="46.73902" lon="7.81318">
        <ele>1839.62</ele>
        <time>2026-05-04T01:34:42.3460000+00:00</time>
      </trkpt>
      <trkpt lat="46.73905" lon="7.8132">
        <ele>1839.62</ele>
        <time>2026-05-04T01:34:46.3860000+00:00</time>
      </trkpt>
      <trkpt lat="46.73906" lon="7.81322">
        <ele>1839.93</ele>
        <time>2026-05-04T01:34:48.4650000+00:00</time>
      </trkpt>
      <trkpt lat="46.73908" lon="7.81324">
        <ele>1840.1</ele>
        <time>2026-05-04T01:34:51.4340000+00:00</time>
      </trkpt>
      <trkpt lat="46.73911" lon="7.81329">
        <ele>1840.84</ele>
        <time>2026-05-04T01:34:57.0120000+00:00</time>
      </trkpt>
      <trkpt lat="46.73913" lon="7.8133">
        <ele>1840.78</ele>
        <time>2026-05-04T01:34:59.5990000+00:00</time>
      </trkpt>
      <trkpt lat="46.73914" lon="7.81332">
        <ele>1841.12</ele>
        <time>2026-05-04T01:35:01.6750000+00:00</time>
      </trkpt>
      <trkpt lat="46.73915" lon="7.81332">
        <ele>1840.97</ele>
        <time>2026-05-04T01:35:02.8950000+00:00</time>
      </trkpt>
      <trkpt lat="46.73918" lon="7.81334">
        <ele>1841.02</ele>
        <time>2026-05-04T01:35:06.9350000+00:00</time>
      </trkpt>
      <trkpt lat="46.73919" lon="7.81335">
        <ele>1841.13</ele>
        <time>2026-05-04T01:35:08.4210000+00:00</time>
      </trkpt>
      <trkpt lat="46.7392" lon="7.81339">
        <ele>1841.98</ele>
        <time>2026-05-04T01:35:11.9960000+00:00</time>
      </trkpt>
      <trkpt lat="46.73922" lon="7.81339">
        <ele>1841.7</ele>
        <time>2026-05-04T01:35:14.4440000+00:00</time>
      </trkpt>
      <trkpt lat="46.73922" lon="7.8134">
        <ele>1841.95</ele>
        <time>2026-05-04T01:35:15.2940000+00:00</time>
      </trkpt>
      <trkpt lat="46.73923" lon="7.81341">
        <ele>1842.06</ele>
        <time>2026-05-04T01:35:16.7810000+00:00</time>
      </trkpt>
      <trkpt lat="46.73923" lon="7.81342">
        <ele>1842.31</ele>
        <time>2026-05-04T01:35:17.6170000+00:00</time>
      </trkpt>
      <trkpt lat="46.73926" lon="7.81346">
        <ele>1842.91</ele>
        <time>2026-05-04T01:35:22.5960000+00:00</time>
      </trkpt>
      <trkpt lat="46.73926" lon="7.81346">
        <ele>1842.91</ele>
        <time>2026-05-04T01:35:22.5960000+00:00</time>
      </trkpt>
      <trkpt lat="46.73929" lon="7.8135">
        <ele>1843.38</ele>
        <time>2026-05-04T01:35:27.5750000+00:00</time>
      </trkpt>
      <trkpt lat="46.73929" lon="7.81352">
        <ele>1843.62</ele>
        <time>2026-05-04T01:35:29.2550000+00:00</time>
      </trkpt>
      <trkpt lat="46.73932" lon="7.81353">
        <ele>1843.39</ele>
        <time>2026-05-04T01:35:33.0230000+00:00</time>
      </trkpt>
      <trkpt lat="46.73934" lon="7.81355">
        <ele>1843.44</ele>
        <time>2026-05-04T01:35:35.9920000+00:00</time>
      </trkpt>
      <trkpt lat="46.73938" lon="7.81359">
        <ele>1843.62</ele>
        <time>2026-05-04T01:35:41.9330000+00:00</time>
      </trkpt>
      <trkpt lat="46.73941" lon="7.8136">
        <ele>1842.84</ele>
        <time>2026-05-04T01:35:45.7040000+00:00</time>
      </trkpt>
      <trkpt lat="46.73946" lon="7.81362">
        <ele>1841.44</ele>
        <time>2026-05-04T01:35:52.0560000+00:00</time>
      </trkpt>
      <trkpt lat="46.73949" lon="7.81362">
        <ele>1840.41</ele>
        <time>2026-05-04T01:35:55.7310000+00:00</time>
      </trkpt>
      <trkpt lat="46.73951" lon="7.81363">
        <ele>1839.89</ele>
        <time>2026-05-04T01:35:58.3230000+00:00</time>
      </trkpt>
      <trkpt lat="46.73954" lon="7.81366">
        <ele>1839.35</ele>
        <time>2026-05-04T01:36:02.7790000+00:00</time>
      </trkpt>
      <trkpt lat="46.73956" lon="7.81367">
        <ele>1838.83</ele>
        <time>2026-05-04T01:36:05.3710000+00:00</time>
      </trkpt>
      <trkpt lat="46.7396" lon="7.8137">
        <ele>1837.97</ele>
        <time>2026-05-04T01:36:10.8790000+00:00</time>
      </trkpt>
      <trkpt lat="46.7396" lon="7.81372">
        <ele>1838.3</ele>
        <time>2026-05-04T01:36:12.5590000+00:00</time>
      </trkpt>
      <trkpt lat="46.73962" lon="7.81375">
        <ele>1838.12</ele>
        <time>2026-05-04T01:36:16.0740000+00:00</time>
      </trkpt>
      <trkpt lat="46.73963" lon="7.81379">
        <ele>1838.45</ele>
        <time>2026-05-04T01:36:19.6480000+00:00</time>
      </trkpt>
      <trkpt lat="46.73965" lon="7.81382">
        <ele>1838.28</ele>
        <time>2026-05-04T01:36:23.1610000+00:00</time>
      </trkpt>
      <trkpt lat="46.73966" lon="7.81387">
        <ele>1838.79</ele>
        <time>2026-05-04T01:36:27.5340000+00:00</time>
      </trkpt>
      <trkpt lat="46.73967" lon="7.81388">
        <ele>1838.63</ele>
        <time>2026-05-04T01:36:29.0200000+00:00</time>
      </trkpt>
      <trkpt lat="46.73969" lon="7.8139">
        <ele>1838.3</ele>
        <time>2026-05-04T01:36:31.9900000+00:00</time>
      </trkpt>
      <trkpt lat="46.73971" lon="7.81392">
        <ele>1837.98</ele>
        <time>2026-05-04T01:36:34.9590000+00:00</time>
      </trkpt>
      <trkpt lat="46.73973" lon="7.81392">
        <ele>1837.32</ele>
        <time>2026-05-04T01:36:37.4070000+00:00</time>
      </trkpt>
      <trkpt lat="46.73975" lon="7.81391">
        <ele>1836.49</ele>
        <time>2026-05-04T01:36:39.9990000+00:00</time>
      </trkpt>
      <trkpt lat="46.73978" lon="7.8139">
        <ele>1835.33</ele>
        <time>2026-05-04T01:36:43.7690000+00:00</time>
      </trkpt>
      <trkpt lat="46.73979" lon="7.81388">
        <ele>1834.65</ele>
        <time>2026-05-04T01:36:45.8470000+00:00</time>
      </trkpt>
      <trkpt lat="46.7398" lon="7.81386">
        <ele>1833.97</ele>
        <time>2026-05-04T01:36:47.9290000+00:00</time>
      </trkpt>
      <trkpt lat="46.73982" lon="7.81386">
        <ele>1833.31</ele>
        <time>2026-05-04T01:36:50.3790000+00:00</time>
      </trkpt>
      <trkpt lat="46.73985" lon="7.81385">
        <ele>1832.13</ele>
        <time>2026-05-04T01:36:54.1510000+00:00</time>
      </trkpt>
      <trkpt lat="46.73988" lon="7.81385">
        <ele>1831.14</ele>
        <time>2026-05-04T01:36:57.8250000+00:00</time>
      </trkpt>
      <trkpt lat="46.73993" lon="7.81385">
        <ele>1829.47</ele>
        <time>2026-05-04T01:37:03.9500000+00:00</time>
      </trkpt>
      <trkpt lat="46.74" lon="7.81384">
        <ele>1826.96</ele>
        <time>2026-05-04T01:37:12.5670000+00:00</time>
      </trkpt>
      <trkpt lat="46.74001" lon="7.81385">
        <ele>1826.81</ele>
        <time>2026-05-04T01:37:14.0530000+00:00</time>
      </trkpt>
      <trkpt lat="46.74003" lon="7.81388">
        <ele>1826.7</ele>
        <time>2026-05-04T01:37:17.5680000+00:00</time>
      </trkpt>
      <trkpt lat="46.74004" lon="7.81389">
        <ele>1826.55</ele>
        <time>2026-05-04T01:37:19.0540000+00:00</time>
      </trkpt>
      <trkpt lat="46.74006" lon="7.81392">
        <ele>1826.44</ele>
        <time>2026-05-04T01:37:22.5700000+00:00</time>
      </trkpt>
      <trkpt lat="46.74006" lon="7.81394">
        <ele>1826.82</ele>
        <time>2026-05-04T01:37:24.2500000+00:00</time>
      </trkpt>
      <trkpt lat="46.74008" lon="7.81396">
        <ele>1826.53</ele>
        <time>2026-05-04T01:37:27.2190000+00:00</time>
      </trkpt>
      <trkpt lat="46.7401" lon="7.81396">
        <ele>1825.87</ele>
        <time>2026-05-04T01:37:29.6680000+00:00</time>
      </trkpt>
      <trkpt lat="46.74012" lon="7.81396">
        <ele>1825.22</ele>
        <time>2026-05-04T01:37:32.1180000+00:00</time>
      </trkpt>
      <trkpt lat="46.74018" lon="7.81396">
        <ele>1823.25</ele>
        <time>2026-05-04T01:37:39.4680000+00:00</time>
      </trkpt>
      <trkpt lat="46.74024" lon="7.81396">
        <ele>1821.23</ele>
        <time>2026-05-04T01:37:46.8190000+00:00</time>
      </trkpt>
      <trkpt lat="46.74026" lon="7.81398">
        <ele>1820.91</ele>
        <time>2026-05-04T01:37:49.7880000+00:00</time>
      </trkpt>
      <trkpt lat="46.74027" lon="7.814">
        <ele>1820.95</ele>
        <time>2026-05-04T01:37:51.8690000+00:00</time>
      </trkpt>
      <trkpt lat="46.74028" lon="7.81402">
        <ele>1820.99</ele>
        <time>2026-05-04T01:37:53.9510000+00:00</time>
      </trkpt>
      <trkpt lat="46.74031" lon="7.81402">
        <ele>1819.94</ele>
        <time>2026-05-04T01:37:57.6250000+00:00</time>
      </trkpt>
      <trkpt lat="46.74032" lon="7.81403">
        <ele>1819.79</ele>
        <time>2026-05-04T01:37:59.1110000+00:00</time>
      </trkpt>
      <trkpt lat="46.74034" lon="7.81403">
        <ele>1819.09</ele>
        <time>2026-05-04T01:38:01.5620000+00:00</time>
      </trkpt>
      <trkpt lat="46.74037" lon="7.81405">
        <ele>1818.44</ele>
        <time>2026-05-04T01:38:05.6020000+00:00</time>
      </trkpt>
      <trkpt lat="46.74038" lon="7.81408">
        <ele>1818.69</ele>
        <time>2026-05-04T01:38:08.4040000+00:00</time>
      </trkpt>
      <trkpt lat="46.74039" lon="7.8141">
        <ele>1818.74</ele>
        <time>2026-05-04T01:38:10.4860000+00:00</time>
      </trkpt>
      <trkpt lat="46.7404" lon="7.81412">
        <ele>1818.8</ele>
        <time>2026-05-04T01:38:12.5670000+00:00</time>
      </trkpt>
      <trkpt lat="46.74042" lon="7.81415">
        <ele>1818.71</ele>
        <time>2026-05-04T01:38:16.0810000+00:00</time>
      </trkpt>
      <trkpt lat="46.74044" lon="7.81419">
        <ele>1818.83</ele>
        <time>2026-05-04T01:38:20.2390000+00:00</time>
      </trkpt>
      <trkpt lat="46.74047" lon="7.81422">
        <ele>1818.42</ele>
        <time>2026-05-04T01:38:24.6930000+00:00</time>
      </trkpt>
      <trkpt lat="46.74049" lon="7.81424">
        <ele>1818.14</ele>
        <time>2026-05-04T01:38:27.6670000+00:00</time>
      </trkpt>
      <trkpt lat="46.7405" lon="7.81426">
        <ele>1818.21</ele>
        <time>2026-05-04T01:38:29.7480000+00:00</time>
      </trkpt>
      <trkpt lat="46.74053" lon="7.81428">
        <ele>1817.61</ele>
        <time>2026-05-04T01:38:33.7880000+00:00</time>
      </trkpt>
      <trkpt lat="46.74055" lon="7.8143">
        <ele>1817.34</ele>
        <time>2026-05-04T01:38:36.7570000+00:00</time>
      </trkpt>
      <trkpt lat="46.74059" lon="7.81431">
        <ele>1816.2</ele>
        <time>2026-05-04T01:38:41.7290000+00:00</time>
      </trkpt>
      <trkpt lat="46.74063" lon="7.81432">
        <ele>1815.06</ele>
        <time>2026-05-04T01:38:46.7010000+00:00</time>
      </trkpt>
      <trkpt lat="46.74066" lon="7.81436">
        <ele>1815.22</ele>
        <time>2026-05-04T01:38:51.6790000+00:00</time>
      </trkpt>
      <trkpt lat="46.74067" lon="7.8144">
        <ele>1816.05</ele>
        <time>2026-05-04T01:38:55.2540000+00:00</time>
      </trkpt>
      <trkpt lat="46.74068" lon="7.81443">
        <ele>1816.59</ele>
        <time>2026-05-04T01:38:58.0560000+00:00</time>
      </trkpt>
      <trkpt lat="46.7407" lon="7.81444">
        <ele>1816.2</ele>
        <time>2026-05-04T01:39:00.6440000+00:00</time>
      </trkpt>
      <trkpt lat="46.74071" lon="7.81447">
        <ele>1816.73</ele>
        <time>2026-05-04T01:39:03.4430000+00:00</time>
      </trkpt>
      <trkpt lat="46.74072" lon="7.81448">
        <ele>1816.67</ele>
        <time>2026-05-04T01:39:04.9290000+00:00</time>
      </trkpt>
      <trkpt lat="46.74074" lon="7.8145">
        <ele>1816.57</ele>
        <time>2026-05-04T01:39:07.8980000+00:00</time>
      </trkpt>
      <trkpt lat="46.74076" lon="7.81451">
        <ele>1816.17</ele>
        <time>2026-05-04T01:39:10.4900000+00:00</time>
      </trkpt>
      <trkpt lat="46.74077" lon="7.81454">
        <ele>1816.69</ele>
        <time>2026-05-04T01:39:13.2910000+00:00</time>
      </trkpt>
      <trkpt lat="46.74079" lon="7.81454">
        <ele>1816</ele>
        <time>2026-05-04T01:39:15.7410000+00:00</time>
      </trkpt>
      <trkpt lat="46.74081" lon="7.81455">
        <ele>1815.59</ele>
        <time>2026-05-04T01:39:18.3330000+00:00</time>
      </trkpt>
      <trkpt lat="46.74083" lon="7.81457">
        <ele>1815.47</ele>
        <time>2026-05-04T01:39:21.3040000+00:00</time>
      </trkpt>
      <trkpt lat="46.74085" lon="7.81458">
        <ele>1815.06</ele>
        <time>2026-05-04T01:39:23.8940000+00:00</time>
      </trkpt>
      <trkpt lat="46.74088" lon="7.8146">
        <ele>1814.59</ele>
        <time>2026-05-04T01:39:27.9350000+00:00</time>
      </trkpt>
      <trkpt lat="46.74089" lon="7.81461">
        <ele>1814.52</ele>
        <time>2026-05-04T01:39:29.4220000+00:00</time>
      </trkpt>
      <trkpt lat="46.74091" lon="7.81461">
        <ele>1813.82</ele>
        <time>2026-05-04T01:39:31.8700000+00:00</time>
      </trkpt>
      <trkpt lat="46.74092" lon="7.81464">
        <ele>1814.32</ele>
        <time>2026-05-04T01:39:34.6690000+00:00</time>
      </trkpt>
      <trkpt lat="46.74093" lon="7.81467">
        <ele>1814.82</ele>
        <time>2026-05-04T01:39:37.4670000+00:00</time>
      </trkpt>
      <trkpt lat="46.74093" lon="7.81469">
        <ele>1815.38</ele>
        <time>2026-05-04T01:39:39.1470000+00:00</time>
      </trkpt>
      <trkpt lat="46.74094" lon="7.8147">
        <ele>1815.31</ele>
        <time>2026-05-04T01:39:40.6340000+00:00</time>
      </trkpt>
      <trkpt lat="46.74094" lon="7.81474">
        <ele>1816.43</ele>
        <time>2026-05-04T01:39:43.9940000+00:00</time>
      </trkpt>
      <trkpt lat="46.74095" lon="7.81476">
        <ele>1816.64</ele>
        <time>2026-05-04T01:39:46.0750000+00:00</time>
      </trkpt>
      <trkpt lat="46.74097" lon="7.81475">
        <ele>1815.65</ele>
        <time>2026-05-04T01:39:48.6670000+00:00</time>
      </trkpt>
      <trkpt lat="46.74098" lon="7.81476">
        <ele>1815.57</ele>
        <time>2026-05-04T01:39:50.1530000+00:00</time>
      </trkpt>
      <trkpt lat="46.741" lon="7.81477">
        <ele>1815.14</ele>
        <time>2026-05-04T01:39:52.7410000+00:00</time>
      </trkpt>
      <trkpt lat="46.74102" lon="7.81479">
        <ele>1814.98</ele>
        <time>2026-05-04T01:39:55.7100000+00:00</time>
      </trkpt>
      <trkpt lat="46.74102" lon="7.8148">
        <ele>1815.26</ele>
        <time>2026-05-04T01:39:56.5470000+00:00</time>
      </trkpt>
      <trkpt lat="46.74103" lon="7.81481">
        <ele>1815.18</ele>
        <time>2026-05-04T01:39:58.0260000+00:00</time>
      </trkpt>
      <trkpt lat="46.74104" lon="7.8148">
        <ele>1814.55</ele>
        <time>2026-05-04T01:39:59.5130000+00:00</time>
      </trkpt>
      <trkpt lat="46.74105" lon="7.81478">
        <ele>1813.64</ele>
        <time>2026-05-04T01:40:01.5940000+00:00</time>
      </trkpt>
      <trkpt lat="46.74106" lon="7.81478">
        <ele>1813.34</ele>
        <time>2026-05-04T01:40:02.8180000+00:00</time>
      </trkpt>
      <trkpt lat="46.74109" lon="7.81478">
        <ele>1812.45</ele>
        <time>2026-05-04T01:40:06.4920000+00:00</time>
      </trkpt>
      <trkpt lat="46.74111" lon="7.8148">
        <ele>1812.4</ele>
        <time>2026-05-04T01:40:09.4620000+00:00</time>
      </trkpt>
      <trkpt lat="46.74112" lon="7.8148">
        <ele>1812.1</ele>
        <time>2026-05-04T01:40:10.6860000+00:00</time>
      </trkpt>
      <trkpt lat="46.74114" lon="7.8148">
        <ele>1811.51</ele>
        <time>2026-05-04T01:40:13.1340000+00:00</time>
      </trkpt>
      <trkpt lat="46.74115" lon="7.81479">
        <ele>1810.94</ele>
        <time>2026-05-04T01:40:14.6210000+00:00</time>
      </trkpt>
      <trkpt lat="46.74116" lon="7.8148">
        <ele>1810.91</ele>
        <time>2026-05-04T01:40:16.1070000+00:00</time>
      </trkpt>
      <trkpt lat="46.74116" lon="7.81482">
        <ele>1811.44</ele>
        <time>2026-05-04T01:40:17.7910000+00:00</time>
      </trkpt>
      <trkpt lat="46.74115" lon="7.81486">
        <ele>1812.82</ele>
        <time>2026-05-04T01:40:21.3650000+00:00</time>
      </trkpt>
      <trkpt lat="46.74115" lon="7.81491">
        <ele>1814.17</ele>
        <time>2026-05-04T01:40:25.5620000+00:00</time>
      </trkpt>
      <trkpt lat="46.74114" lon="7.81497">
        <ele>1816.09</ele>
        <time>2026-05-04T01:40:30.7470000+00:00</time>
      </trkpt>
      <trkpt lat="46.74116" lon="7.81496">
        <ele>1815.2</ele>
        <time>2026-05-04T01:40:33.3390000+00:00</time>
      </trkpt>
      <trkpt lat="46.74119" lon="7.81496">
        <ele>1814.27</ele>
        <time>2026-05-04T01:40:37.0140000+00:00</time>
      </trkpt>
      <trkpt lat="46.7412" lon="7.81494">
        <ele>1813.43</ele>
        <time>2026-05-04T01:40:39.0960000+00:00</time>
      </trkpt>
      <trkpt lat="46.74123" lon="7.81495">
        <ele>1812.76</ele>
        <time>2026-05-04T01:40:42.8670000+00:00</time>
      </trkpt>
      <trkpt lat="46.74125" lon="7.81497">
        <ele>1812.67</ele>
        <time>2026-05-04T01:40:45.8360000+00:00</time>
      </trkpt>
      <trkpt lat="46.7413" lon="7.81497">
        <ele>1811.11</ele>
        <time>2026-05-04T01:40:51.9620000+00:00</time>
      </trkpt>
      <trkpt lat="46.74132" lon="7.81496">
        <ele>1810.24</ele>
        <time>2026-05-04T01:40:54.5530000+00:00</time>
      </trkpt>
      <trkpt lat="46.74133" lon="7.81496">
        <ele>1809.93</ele>
        <time>2026-05-04T01:40:55.7780000+00:00</time>
      </trkpt>
      <trkpt lat="46.74134" lon="7.81502">
        <ele>1811.15</ele>
        <time>2026-05-04T01:41:00.9610000+00:00</time>
      </trkpt>
      <trkpt lat="46.74136" lon="7.81504">
        <ele>1811.02</ele>
        <time>2026-05-04T01:41:03.9320000+00:00</time>
      </trkpt>
      <trkpt lat="46.74139" lon="7.81504">
        <ele>1810.08</ele>
        <time>2026-05-04T01:41:07.6080000+00:00</time>
      </trkpt>
      <trkpt lat="46.74144" lon="7.81509">
        <ele>1809.74</ele>
        <time>2026-05-04T01:41:15.0330000+00:00</time>
      </trkpt>
      <trkpt lat="46.74148" lon="7.81513">
        <ele>1809.44</ele>
        <time>2026-05-04T01:41:20.9730000+00:00</time>
      </trkpt>
      <trkpt lat="46.74149" lon="7.81518">
        <ele>1810.44</ele>
        <time>2026-05-04T01:41:25.3460000+00:00</time>
      </trkpt>
      <trkpt lat="46.7415" lon="7.81524">
        <ele>1811.82</ele>
        <time>2026-05-04T01:41:30.5290000+00:00</time>
      </trkpt>
      <trkpt lat="46.74152" lon="7.81526">
        <ele>1811.72</ele>
        <time>2026-05-04T01:41:33.4980000+00:00</time>
      </trkpt>
      <trkpt lat="46.74154" lon="7.81525">
        <ele>1810.77</ele>
        <time>2026-05-04T01:41:36.0900000+00:00</time>
      </trkpt>
      <trkpt lat="46.74157" lon="7.81524">
        <ele>1809.48</ele>
        <time>2026-05-04T01:41:39.8610000+00:00</time>
      </trkpt>
      <trkpt lat="46.74161" lon="7.81524">
        <ele>1808.15</ele>
        <time>2026-05-04T01:41:44.7610000+00:00</time>
      </trkpt>
      <trkpt lat="46.74163" lon="7.81524">
        <ele>1807.48</ele>
        <time>2026-05-04T01:41:47.2100000+00:00</time>
      </trkpt>
      <trkpt lat="46.74166" lon="7.81529">
        <ele>1807.8</ele>
        <time>2026-05-04T01:41:52.7890000+00:00</time>
      </trkpt>
      <trkpt lat="46.74167" lon="7.81532">
        <ele>1808.26</ele>
        <time>2026-05-04T01:41:55.5920000+00:00</time>
      </trkpt>
      <trkpt lat="46.7417" lon="7.81538">
        <ele>1808.8</ele>
        <time>2026-05-04T01:42:01.8280000+00:00</time>
      </trkpt>
      <trkpt lat="46.74172" lon="7.8154">
        <ele>1808.61</ele>
        <time>2026-05-04T01:42:04.7970000+00:00</time>
      </trkpt>
      <trkpt lat="46.74175" lon="7.81541">
        <ele>1807.81</ele>
        <time>2026-05-04T01:42:08.5670000+00:00</time>
      </trkpt>
      <trkpt lat="46.74178" lon="7.81544">
        <ele>1807.5</ele>
        <time>2026-05-04T01:42:13.0220000+00:00</time>
      </trkpt>
      <trkpt lat="46.74181" lon="7.81547">
        <ele>1807.18</ele>
        <time>2026-05-04T01:42:17.4760000+00:00</time>
      </trkpt>
      <trkpt lat="46.74185" lon="7.81552">
        <ele>1806.95</ele>
        <time>2026-05-04T01:42:23.9290000+00:00</time>
      </trkpt>
      <trkpt lat="46.74192" lon="7.8156">
        <ele>1806.37</ele>
        <time>2026-05-04T01:42:34.8210000+00:00</time>
      </trkpt>
      <trkpt lat="46.74196" lon="7.81566">
        <ele>1806.37</ele>
        <time>2026-05-04T01:42:41.8490000+00:00</time>
      </trkpt>
      <trkpt lat="46.74198" lon="7.81568">
        <ele>1806.12</ele>
        <time>2026-05-04T01:42:44.8190000+00:00</time>
      </trkpt>
      <trkpt lat="46.74202" lon="7.81572">
        <ele>1805.6</ele>
        <time>2026-05-04T01:42:50.7580000+00:00</time>
      </trkpt>
      <trkpt lat="46.74205" lon="7.81576">
        <ele>1805.42</ele>
        <time>2026-05-04T01:42:55.7360000+00:00</time>
      </trkpt>
      <trkpt lat="46.74207" lon="7.81579">
        <ele>1805.36</ele>
        <time>2026-05-04T01:42:59.2500000+00:00</time>
      </trkpt>
      <trkpt lat="46.74209" lon="7.8158">
        <ele>1804.85</ele>
        <time>2026-05-04T01:43:01.8420000+00:00</time>
      </trkpt>
      <trkpt lat="46.74211" lon="7.81578">
        <ele>1803.67</ele>
        <time>2026-05-04T01:43:04.8110000+00:00</time>
      </trkpt>
      <trkpt lat="46.74215" lon="7.8158">
        <ele>1802.64</ele>
        <time>2026-05-04T01:43:09.9900000+00:00</time>
      </trkpt>
      <trkpt lat="46.74217" lon="7.81579">
        <ele>1801.69</ele>
        <time>2026-05-04T01:43:12.5780000+00:00</time>
      </trkpt>
      <trkpt lat="46.74223" lon="7.8158">
        <ele>1799.7</ele>
        <time>2026-05-04T01:43:19.9760000+00:00</time>
      </trkpt>
      <trkpt lat="46.74227" lon="7.81583">
        <ele>1798.84</ele>
        <time>2026-05-04T01:43:25.4850000+00:00</time>
      </trkpt>
      <trkpt lat="46.7423" lon="7.81583">
        <ele>1797.73</ele>
        <time>2026-05-04T01:43:29.1610000+00:00</time>
      </trkpt>
      <trkpt lat="46.74233" lon="7.81582">
        <ele>1796.42</ele>
        <time>2026-05-04T01:43:32.9320000+00:00</time>
      </trkpt>
      <trkpt lat="46.74235" lon="7.81583">
        <ele>1795.88</ele>
        <time>2026-05-04T01:43:35.5240000+00:00</time>
      </trkpt>
      <trkpt lat="46.74238" lon="7.81587">
        <ele>1795.55</ele>
        <time>2026-05-04T01:43:40.5020000+00:00</time>
      </trkpt>
      <trkpt lat="46.74243" lon="7.8159">
        <ele>1794.26</ele>
        <time>2026-05-04T01:43:47.1250000+00:00</time>
      </trkpt>
      <trkpt lat="46.74246" lon="7.81593">
        <ele>1793.7</ele>
        <time>2026-05-04T01:43:51.5790000+00:00</time>
      </trkpt>
      <trkpt lat="46.74249" lon="7.81593">
        <ele>1792.56</ele>
        <time>2026-05-04T01:43:55.2540000+00:00</time>
      </trkpt>
      <trkpt lat="46.74251" lon="7.81593">
        <ele>1791.8</ele>
        <time>2026-05-04T01:43:57.7020000+00:00</time>
      </trkpt>
      <trkpt lat="46.74252" lon="7.81594">
        <ele>1791.61</ele>
        <time>2026-05-04T01:43:59.1850000+00:00</time>
      </trkpt>
      <trkpt lat="46.74254" lon="7.81598">
        <ele>1791.58</ele>
        <time>2026-05-04T01:44:03.3420000+00:00</time>
      </trkpt>
      <trkpt lat="46.74256" lon="7.816">
        <ele>1791.17</ele>
        <time>2026-05-04T01:44:06.3120000+00:00</time>
      </trkpt>
      <trkpt lat="46.74258" lon="7.81605">
        <ele>1791.28</ele>
        <time>2026-05-04T01:44:11.1730000+00:00</time>
      </trkpt>
      <trkpt lat="46.7426" lon="7.81612">
        <ele>1791.75</ele>
        <time>2026-05-04T01:44:17.5400000+00:00</time>
      </trkpt>
      <trkpt lat="46.74264" lon="7.81612">
        <ele>1790.23</ele>
        <time>2026-05-04T01:44:22.4400000+00:00</time>
      </trkpt>
      <trkpt lat="46.74266" lon="7.81613">
        <ele>1789.65</ele>
        <time>2026-05-04T01:44:25.0320000+00:00</time>
      </trkpt>
      <trkpt lat="46.7427" lon="7.81613">
        <ele>1788.13</ele>
        <time>2026-05-04T01:44:29.9320000+00:00</time>
      </trkpt>
      <trkpt lat="46.74277" lon="7.81617">
        <ele>1787.87</ele>
        <time>2026-05-04T01:44:39.1410000+00:00</time>
      </trkpt>
      <trkpt lat="46.7428" lon="7.8162">
        <ele>1788.14</ele>
        <time>2026-05-04T01:44:43.5950000+00:00</time>
      </trkpt>
      <trkpt lat="46.74284" lon="7.81626">
        <ele>1788.82</ele>
        <time>2026-05-04T01:44:50.6220000+00:00</time>
      </trkpt>
      <trkpt lat="46.74289" lon="7.81631">
        <ele>1789.2</ele>
        <time>2026-05-04T01:44:58.0480000+00:00</time>
      </trkpt>
      <trkpt lat="46.74294" lon="7.81634">
        <ele>1789.21</ele>
        <time>2026-05-04T01:45:04.6700000+00:00</time>
      </trkpt>
      <trkpt lat="46.74297" lon="7.81639">
        <ele>1789.69</ele>
        <time>2026-05-04T01:45:10.2500000+00:00</time>
      </trkpt>
      <trkpt lat="46.74301" lon="7.81641">
        <ele>1789.59</ele>
        <time>2026-05-04T01:45:15.4310000+00:00</time>
      </trkpt>
      <trkpt lat="46.74303" lon="7.81645">
        <ele>1789.98</ele>
        <time>2026-05-04T01:45:19.5880000+00:00</time>
      </trkpt>
      <trkpt lat="46.74309" lon="7.81648">
        <ele>1789.76</ele>
        <time>2026-05-04T01:45:27.3580000+00:00</time>
      </trkpt>
      <trkpt lat="46.74311" lon="7.81652">
        <ele>1790.1</ele>
        <time>2026-05-04T01:45:31.5150000+00:00</time>
      </trkpt>
      <trkpt lat="46.74314" lon="7.81656">
        <ele>1790.31</ele>
        <time>2026-05-04T01:45:36.4940000+00:00</time>
      </trkpt>
      <trkpt lat="46.74315" lon="7.81655">
        <ele>1790.05</ele>
        <time>2026-05-04T01:45:37.9800000+00:00</time>
      </trkpt>
      <trkpt lat="46.74316" lon="7.81656">
        <ele>1790.07</ele>
        <time>2026-05-04T01:45:39.4630000+00:00</time>
      </trkpt>
      <trkpt lat="46.74317" lon="7.81659">
        <ele>1790.36</ele>
        <time>2026-05-04T01:45:42.2660000+00:00</time>
      </trkpt>
      <trkpt lat="46.74321" lon="7.81667">
        <ele>1790.91</ele>
        <time>2026-05-04T01:45:50.5790000+00:00</time>
      </trkpt>
      <trkpt lat="46.74325" lon="7.81672">
        <ele>1791.03</ele>
        <time>2026-05-04T01:45:57.0320000+00:00</time>
      </trkpt>
      <trkpt lat="46.74326" lon="7.81675">
        <ele>1791.27</ele>
        <time>2026-05-04T01:45:59.8320000+00:00</time>
      </trkpt>
      <trkpt lat="46.74328" lon="7.8168">
        <ele>1791.61</ele>
        <time>2026-05-04T01:46:04.6910000+00:00</time>
      </trkpt>
      <trkpt lat="46.74327" lon="7.81682">
        <ele>1791.99</ele>
        <time>2026-05-04T01:46:06.7670000+00:00</time>
      </trkpt>
      <trkpt lat="46.74328" lon="7.81686">
        <ele>1791.85</ele>
        <time>2026-05-04T01:46:10.3420000+00:00</time>
      </trkpt>
      <trkpt lat="46.74329" lon="7.8169">
        <ele>1791.7</ele>
        <time>2026-05-04T01:46:13.9160000+00:00</time>
      </trkpt>
      <trkpt lat="46.74332" lon="7.81692">
        <ele>1791.27</ele>
        <time>2026-05-04T01:46:17.9580000+00:00</time>
      </trkpt>
      <trkpt lat="46.74332" lon="7.81695">
        <ele>1791.27</ele>
        <time>2026-05-04T01:46:20.4760000+00:00</time>
      </trkpt>
      <trkpt lat="46.74334" lon="7.81697">
        <ele>1790.98</ele>
        <time>2026-05-04T01:46:23.4480000+00:00</time>
      </trkpt>
      <trkpt lat="46.74336" lon="7.81698">
        <ele>1790.7</ele>
        <time>2026-05-04T01:46:26.0390000+00:00</time>
      </trkpt>
      <trkpt lat="46.74337" lon="7.81702">
        <ele>1790.55</ele>
        <time>2026-05-04T01:46:29.6140000+00:00</time>
      </trkpt>
      <trkpt lat="46.74338" lon="7.81706">
        <ele>1790.41</ele>
        <time>2026-05-04T01:46:33.1880000+00:00</time>
      </trkpt>
      <trkpt lat="46.74339" lon="7.81708">
        <ele>1790.26</ele>
        <time>2026-05-04T01:46:35.2670000+00:00</time>
      </trkpt>
      <trkpt lat="46.74343" lon="7.8171">
        <ele>1789.69</ele>
        <time>2026-05-04T01:46:40.4470000+00:00</time>
      </trkpt>
      <trkpt lat="46.74345" lon="7.81714">
        <ele>1789.4</ele>
        <time>2026-05-04T01:46:44.6050000+00:00</time>
      </trkpt>
      <trkpt lat="46.74348" lon="7.81716">
        <ele>1788.97</ele>
        <time>2026-05-04T01:46:48.6450000+00:00</time>
      </trkpt>
      <trkpt lat="46.74348" lon="7.81718">
        <ele>1788.97</ele>
        <time>2026-05-04T01:46:50.3250000+00:00</time>
      </trkpt>
      <trkpt lat="46.74349" lon="7.8172">
        <ele>1788.82</ele>
        <time>2026-05-04T01:46:52.4060000+00:00</time>
      </trkpt>
      <trkpt lat="46.74349" lon="7.81723">
        <ele>1788.82</ele>
        <time>2026-05-04T01:46:54.9250000+00:00</time>
      </trkpt>
      <trkpt lat="46.7435" lon="7.81725">
        <ele>1788.68</ele>
        <time>2026-05-04T01:46:57.0010000+00:00</time>
      </trkpt>
      <trkpt lat="46.74354" lon="7.81726">
        <ele>1788.1</ele>
        <time>2026-05-04T01:47:01.9710000+00:00</time>
      </trkpt>
      <trkpt lat="46.74357" lon="7.81727">
        <ele>1787.55</ele>
        <time>2026-05-04T01:47:05.7410000+00:00</time>
      </trkpt>
      <trkpt lat="46.74359" lon="7.81728">
        <ele>1787.17</ele>
        <time>2026-05-04T01:47:08.3320000+00:00</time>
      </trkpt>
      <trkpt lat="46.74361" lon="7.81731">
        <ele>1786.8</ele>
        <time>2026-05-04T01:47:11.8480000+00:00</time>
      </trkpt>
      <trkpt lat="46.74363" lon="7.81732">
        <ele>1786.43</ele>
        <time>2026-05-04T01:47:14.4400000+00:00</time>
      </trkpt>
      <trkpt lat="46.74366" lon="7.81731">
        <ele>1785.85</ele>
        <time>2026-05-04T01:47:18.2110000+00:00</time>
      </trkpt>
      <trkpt lat="46.74368" lon="7.81731">
        <ele>1785.47</ele>
        <time>2026-05-04T01:47:20.6640000+00:00</time>
      </trkpt>
      <trkpt lat="46.74369" lon="7.81728">
        <ele>1785.23</ele>
        <time>2026-05-04T01:47:23.4660000+00:00</time>
      </trkpt>
      <trkpt lat="46.7437" lon="7.81726">
        <ele>1785.01</ele>
        <time>2026-05-04T01:47:25.5480000+00:00</time>
      </trkpt>
      <trkpt lat="46.74373" lon="7.81725">
        <ele>1784.4</ele>
        <time>2026-05-04T01:47:29.3160000+00:00</time>
      </trkpt>
      <trkpt lat="46.74378" lon="7.81725">
        <ele>1783.42</ele>
        <time>2026-05-04T01:47:35.4410000+00:00</time>
      </trkpt>
      <trkpt lat="46.74383" lon="7.81724">
        <ele>1782.41</ele>
        <time>2026-05-04T01:47:41.6240000+00:00</time>
      </trkpt>
      <trkpt lat="46.74386" lon="7.81722">
        <ele>1781.75</ele>
        <time>2026-05-04T01:47:45.6640000+00:00</time>
      </trkpt>
      <trkpt lat="46.743899999999996" lon="7.81722">
        <ele>1780.95</ele>
        <time>2026-05-04T01:47:50.5630000+00:00</time>
      </trkpt>
      <trkpt lat="46.74392" lon="7.81723">
        <ele>1780.59</ele>
        <time>2026-05-04T01:47:53.1520000+00:00</time>
      </trkpt>
      <trkpt lat="46.74394" lon="7.81723">
        <ele>1780.19</ele>
        <time>2026-05-04T01:47:55.6010000+00:00</time>
      </trkpt>
      <trkpt lat="46.74401" lon="7.81724">
        <ele>1778.85</ele>
        <time>2026-05-04T01:48:04.2170000+00:00</time>
      </trkpt>
      <trkpt lat="46.74405" lon="7.81724">
        <ele>1778.06</ele>
        <time>2026-05-04T01:48:09.1180000+00:00</time>
      </trkpt>
      <trkpt lat="46.7441" lon="7.81726">
        <ele>1777.18</ele>
        <time>2026-05-04T01:48:15.4690000+00:00</time>
      </trkpt>
      <trkpt lat="46.74415" lon="7.81726">
        <ele>1776.2</ele>
        <time>2026-05-04T01:48:21.5940000+00:00</time>
      </trkpt>
      <trkpt lat="46.74419" lon="7.81725">
        <ele>1775.35</ele>
        <time>2026-05-04T01:48:26.5660000+00:00</time>
      </trkpt>
      <trkpt lat="46.74423" lon="7.81727">
        <ele>1774.7</ele>
        <time>2026-05-04T01:48:31.7470000+00:00</time>
      </trkpt>
      <trkpt lat="46.74429" lon="7.81728">
        <ele>1773.61</ele>
        <time>2026-05-04T01:48:39.1460000+00:00</time>
      </trkpt>
      <trkpt lat="46.74432" lon="7.8173">
        <ele>1773.19</ele>
        <time>2026-05-04T01:48:43.1870000+00:00</time>
      </trkpt>
      <trkpt lat="46.74434" lon="7.81733">
        <ele>1773.04</ele>
        <time>2026-05-04T01:48:46.7030000+00:00</time>
      </trkpt>
      <trkpt lat="46.74438" lon="7.81733">
        <ele>1772.29</ele>
        <time>2026-05-04T01:48:51.6040000+00:00</time>
      </trkpt>
      <trkpt lat="46.74441" lon="7.81737">
        <ele>1771.86</ele>
        <time>2026-05-04T01:48:56.5830000+00:00</time>
      </trkpt>
      <trkpt lat="46.74443" lon="7.81738">
        <ele>1771.44</ele>
        <time>2026-05-04T01:48:59.1730000+00:00</time>
      </trkpt>
      <trkpt lat="46.74446" lon="7.81742">
        <ele>1771.02</ele>
        <time>2026-05-04T01:49:04.1510000+00:00</time>
      </trkpt>
      <trkpt lat="46.74447" lon="7.81746">
        <ele>1771.11</ele>
        <time>2026-05-04T01:49:07.7250000+00:00</time>
      </trkpt>
      <trkpt lat="46.74451" lon="7.81749">
        <ele>1770.35</ele>
        <time>2026-05-04T01:49:13.2350000+00:00</time>
      </trkpt>
      <trkpt lat="46.74454" lon="7.81751">
        <ele>1769.76</ele>
        <time>2026-05-04T01:49:17.2770000+00:00</time>
      </trkpt>
      <trkpt lat="46.74458" lon="7.81754">
        <ele>1769.01</ele>
        <time>2026-05-04T01:49:22.7860000+00:00</time>
      </trkpt>
      <trkpt lat="46.74463" lon="7.81758">
        <ele>1768.08</ele>
        <time>2026-05-04T01:49:29.7700000+00:00</time>
      </trkpt>
      <trkpt lat="46.74468" lon="7.81761">
        <ele>1767.07</ele>
        <time>2026-05-04T01:49:36.3930000+00:00</time>
      </trkpt>
      <trkpt lat="46.7447" lon="7.81762">
        <ele>1766.65</ele>
        <time>2026-05-04T01:49:38.9850000+00:00</time>
      </trkpt>
      <trkpt lat="46.74472" lon="7.81764">
        <ele>1766.32</ele>
        <time>2026-05-04T01:49:41.9560000+00:00</time>
      </trkpt>
      <trkpt lat="46.74472" lon="7.81767">
        <ele>1766.58</ele>
        <time>2026-05-04T01:49:44.4750000+00:00</time>
      </trkpt>
      <trkpt lat="46.74474" lon="7.8177">
        <ele>1766.35</ele>
        <time>2026-05-04T01:49:47.9880000+00:00</time>
      </trkpt>
      <trkpt lat="46.74478" lon="7.81774">
        <ele>1765.78</ele>
        <time>2026-05-04T01:49:53.9290000+00:00</time>
      </trkpt>
      <trkpt lat="46.74482" lon="7.81784">
        <ele>1765.9</ele>
        <time>2026-05-04T01:50:03.6480000+00:00</time>
      </trkpt>
      <trkpt lat="46.74485" lon="7.81786">
        <ele>1765.47</ele>
        <time>2026-05-04T01:50:07.6880000+00:00</time>
      </trkpt>
      <trkpt lat="46.74488" lon="7.81793">
        <ele>1765.66</ele>
        <time>2026-05-04T01:50:14.6190000+00:00</time>
      </trkpt>
      <trkpt lat="46.74492" lon="7.81795">
        <ele>1765.11</ele>
        <time>2026-05-04T01:50:19.7990000+00:00</time>
      </trkpt>
      <trkpt lat="46.74495" lon="7.81798">
        <ele>1764.91</ele>
        <time>2026-05-04T01:50:24.2550000+00:00</time>
      </trkpt>
      <trkpt lat="46.74498" lon="7.81801">
        <ele>1764.75</ele>
        <time>2026-05-04T01:50:28.7100000+00:00</time>
      </trkpt>
      <trkpt lat="46.74501" lon="7.81801">
        <ele>1764.19</ele>
        <time>2026-05-04T01:50:32.3850000+00:00</time>
      </trkpt>
      <trkpt lat="46.74502" lon="7.81803">
        <ele>1764.3</ele>
        <time>2026-05-04T01:50:34.4670000+00:00</time>
      </trkpt>
      <trkpt lat="46.74506" lon="7.81802">
        <ele>1763.42</ele>
        <time>2026-05-04T01:50:39.4390000+00:00</time>
      </trkpt>
      <trkpt lat="46.74508" lon="7.81804">
        <ele>1763.37</ele>
        <time>2026-05-04T01:50:42.4100000+00:00</time>
      </trkpt>
      <trkpt lat="46.74511" lon="7.81806">
        <ele>1763.15</ele>
        <time>2026-05-04T01:50:46.4500000+00:00</time>
      </trkpt>
      <trkpt lat="46.74511" lon="7.81811">
        <ele>1763.95</ele>
        <time>2026-05-04T01:50:50.6470000+00:00</time>
      </trkpt>
      <trkpt lat="46.74514" lon="7.81814">
        <ele>1763.95</ele>
        <time>2026-05-04T01:50:55.1030000+00:00</time>
      </trkpt>
      <trkpt lat="46.74514" lon="7.81818">
        <ele>1764.62</ele>
        <time>2026-05-04T01:50:58.4630000+00:00</time>
      </trkpt>
      <trkpt lat="46.74517" lon="7.8182">
        <ele>1764.51</ele>
        <time>2026-05-04T01:51:02.5050000+00:00</time>
      </trkpt>
      <trkpt lat="46.7452" lon="7.81823">
        <ele>1764.59</ele>
        <time>2026-05-04T01:51:06.9610000+00:00</time>
      </trkpt>
      <trkpt lat="46.74523" lon="7.81826">
        <ele>1764.84</ele>
        <time>2026-05-04T01:51:11.4170000+00:00</time>
      </trkpt>
      <trkpt lat="46.74525" lon="7.81828">
        <ele>1765.05</ele>
        <time>2026-05-04T01:51:14.3880000+00:00</time>
      </trkpt>
      <trkpt lat="46.74526" lon="7.81826">
        <ele>1764.64</ele>
        <time>2026-05-04T01:51:16.4700000+00:00</time>
      </trkpt>
      <trkpt lat="46.74526" lon="7.8182">
        <ele>1763.61</ele>
        <time>2026-05-04T01:51:21.5070000+00:00</time>
      </trkpt>
      <trkpt lat="46.74527" lon="7.81814">
        <ele>1762.54</ele>
        <time>2026-05-04T01:51:26.6910000+00:00</time>
      </trkpt>
      <trkpt lat="46.74528" lon="7.81812">
        <ele>1762.16</ele>
        <time>2026-05-04T01:51:28.7720000+00:00</time>
      </trkpt>
      <trkpt lat="46.7453" lon="7.8181">
        <ele>1761.76</ele>
        <time>2026-05-04T01:51:31.7450000+00:00</time>
      </trkpt>
      <trkpt lat="46.74533" lon="7.8181">
        <ele>1761.65</ele>
        <time>2026-05-04T01:51:35.4190000+00:00</time>
      </trkpt>
      <trkpt lat="46.74535" lon="7.81811">
        <ele>1761.73</ele>
        <time>2026-05-04T01:51:38.0110000+00:00</time>
      </trkpt>
      <trkpt lat="46.74537" lon="7.81814">
        <ele>1762.11</ele>
        <time>2026-05-04T01:51:41.5240000+00:00</time>
      </trkpt>
      <trkpt lat="46.7454" lon="7.81816">
        <ele>1762.27</ele>
        <time>2026-05-04T01:51:45.5640000+00:00</time>
      </trkpt>
      <trkpt lat="46.74543" lon="7.81816">
        <ele>1762.12</ele>
        <time>2026-05-04T01:51:49.2380000+00:00</time>
      </trkpt>
      <trkpt lat="46.74547" lon="7.81814">
        <ele>1761.67</ele>
        <time>2026-05-04T01:51:54.4170000+00:00</time>
      </trkpt>
      <trkpt lat="46.74551" lon="7.81814">
        <ele>1761.5</ele>
        <time>2026-05-04T01:51:59.3160000+00:00</time>
      </trkpt>
      <trkpt lat="46.74552" lon="7.81814">
        <ele>1761.45</ele>
        <time>2026-05-04T01:52:00.5450000+00:00</time>
      </trkpt>
      <trkpt lat="46.74555" lon="7.81812">
        <ele>1761.09</ele>
        <time>2026-05-04T01:52:04.5840000+00:00</time>
      </trkpt>
      <trkpt lat="46.74556" lon="7.81813">
        <ele>1761.17</ele>
        <time>2026-05-04T01:52:06.0710000+00:00</time>
      </trkpt>
      <trkpt lat="46.74558" lon="7.81814">
        <ele>1761.19</ele>
        <time>2026-05-04T01:52:08.6630000+00:00</time>
      </trkpt>
      <trkpt lat="46.74561" lon="7.81811">
        <ele>1760.75</ele>
        <time>2026-05-04T01:52:13.1190000+00:00</time>
      </trkpt>
      <trkpt lat="46.74563" lon="7.81808">
        <ele>1760.37</ele>
        <time>2026-05-04T01:52:16.6310000+00:00</time>
      </trkpt>
      <trkpt lat="46.74564" lon="7.81804">
        <ele>1759.93</ele>
        <time>2026-05-04T01:52:20.2060000+00:00</time>
      </trkpt>
      <trkpt lat="46.74567" lon="7.81802">
        <ele>1759.67</ele>
        <time>2026-05-04T01:52:24.2460000+00:00</time>
      </trkpt>
      <trkpt lat="46.74571" lon="7.818">
        <ele>1759.41</ele>
        <time>2026-05-04T01:52:29.4250000+00:00</time>
      </trkpt>
      <trkpt lat="46.74574" lon="7.81797">
        <ele>1759.12</ele>
        <time>2026-05-04T01:52:33.8800000+00:00</time>
      </trkpt>
      <trkpt lat="46.74577" lon="7.81794">
        <ele>1758.86</ele>
        <time>2026-05-04T01:52:38.3350000+00:00</time>
      </trkpt>
      <trkpt lat="46.74578" lon="7.81791">
        <ele>1758.63</ele>
        <time>2026-05-04T01:52:41.1360000+00:00</time>
      </trkpt>
      <trkpt lat="46.74582" lon="7.81785">
        <ele>1758.23</ele>
        <time>2026-05-04T01:52:48.1630000+00:00</time>
      </trkpt>
      <trkpt lat="46.74583" lon="7.81783">
        <ele>1758.11</ele>
        <time>2026-05-04T01:52:50.2390000+00:00</time>
      </trkpt>
      <trkpt lat="46.74585" lon="7.81782">
        <ele>1758.08</ele>
        <time>2026-05-04T01:52:52.8290000+00:00</time>
      </trkpt>
      <trkpt lat="46.74588" lon="7.81783">
        <ele>1758.19</ele>
        <time>2026-05-04T01:52:56.6000000+00:00</time>
      </trkpt>
      <trkpt lat="46.74591" lon="7.81782">
        <ele>1758.18</ele>
        <time>2026-05-04T01:53:00.3710000+00:00</time>
      </trkpt>
      <trkpt lat="46.74593" lon="7.81782">
        <ele>1758.21</ele>
        <time>2026-05-04T01:53:02.8190000+00:00</time>
      </trkpt>
      <trkpt lat="46.74594" lon="7.8178">
        <ele>1758.14</ele>
        <time>2026-05-04T01:53:04.8980000+00:00</time>
      </trkpt>
      <trkpt lat="46.74594" lon="7.81777">
        <ele>1758.01</ele>
        <time>2026-05-04T01:53:07.4170000+00:00</time>
      </trkpt>
      <trkpt lat="46.74594" lon="7.81772">
        <ele>1757.79</ele>
        <time>2026-05-04T01:53:11.6140000+00:00</time>
      </trkpt>
      <trkpt lat="46.74593" lon="7.81765">
        <ele>1757.45</ele>
        <time>2026-05-04T01:53:17.6170000+00:00</time>
      </trkpt>
      <trkpt lat="46.74592" lon="7.81758">
        <ele>1757.46</ele>
        <time>2026-05-04T01:53:23.6180000+00:00</time>
      </trkpt>
      <trkpt lat="46.74592" lon="7.81751">
        <ele>1757.51</ele>
        <time>2026-05-04T01:53:29.4950000+00:00</time>
      </trkpt>
      <trkpt lat="46.7459" lon="7.81746">
        <ele>1757.4</ele>
        <time>2026-05-04T01:53:34.3560000+00:00</time>
      </trkpt>
      <trkpt lat="46.74588" lon="7.81742">
        <ele>1757.27</ele>
        <time>2026-05-04T01:53:38.5140000+00:00</time>
      </trkpt>
      <trkpt lat="46.74586" lon="7.81736">
        <ele>1757.11</ele>
        <time>2026-05-04T01:53:44.1150000+00:00</time>
      </trkpt>
      <trkpt lat="46.74586" lon="7.8173">
        <ele>1757.11</ele>
        <time>2026-05-04T01:53:49.1500000+00:00</time>
      </trkpt>
      <trkpt lat="46.74585" lon="7.81722">
        <ele>1757.01</ele>
        <time>2026-05-04T01:53:55.9770000+00:00</time>
      </trkpt>
      <trkpt lat="46.74585" lon="7.81717">
        <ele>1757</ele>
        <time>2026-05-04T01:54:00.1750000+00:00</time>
      </trkpt>
      <trkpt lat="46.74584" lon="7.81708">
        <ele>1756.87</ele>
        <time>2026-05-04T01:54:07.8290000+00:00</time>
      </trkpt>
      <trkpt lat="46.74584" lon="7.817">
        <ele>1756.85</ele>
        <time>2026-05-04T01:54:14.5440000+00:00</time>
      </trkpt>
      <trkpt lat="46.74583" lon="7.8169">
        <ele>1756.68</ele>
        <time>2026-05-04T01:54:23.0270000+00:00</time>
      </trkpt>
      <trkpt lat="46.74582" lon="7.81685">
        <ele>1756.5</ele>
        <time>2026-05-04T01:54:27.3990000+00:00</time>
      </trkpt>
      <trkpt lat="46.74581" lon="7.8168">
        <ele>1756.38</ele>
        <time>2026-05-04T01:54:31.7710000+00:00</time>
      </trkpt>
      <trkpt lat="46.74581" lon="7.81676">
        <ele>1756.49</ele>
        <time>2026-05-04T01:54:35.1270000+00:00</time>
      </trkpt>
      <trkpt lat="46.74584" lon="7.8167">
        <ele>1757.16</ele>
        <time>2026-05-04T01:54:41.3630000+00:00</time>
      </trkpt>
      <trkpt lat="46.74585" lon="7.81667">
        <ele>1757.43</ele>
        <time>2026-05-04T01:54:44.1650000+00:00</time>
      </trkpt>
      <trkpt lat="46.74586" lon="7.81663">
        <ele>1757.74</ele>
        <time>2026-05-04T01:54:47.7400000+00:00</time>
      </trkpt>
      <trkpt lat="46.74587" lon="7.81658">
        <ele>1758.1</ele>
        <time>2026-05-04T01:54:52.1120000+00:00</time>
      </trkpt>
      <trkpt lat="46.74587" lon="7.8165">
        <ele>1758.38</ele>
        <time>2026-05-04T01:54:58.8290000+00:00</time>
      </trkpt>
      <trkpt lat="46.74585" lon="7.81642">
        <ele>1758.23</ele>
        <time>2026-05-04T01:55:05.9780000+00:00</time>
      </trkpt>
      <trkpt lat="46.74584" lon="7.81636">
        <ele>1758.2</ele>
        <time>2026-05-04T01:55:11.1630000+00:00</time>
      </trkpt>
      <trkpt lat="46.74582" lon="7.81632">
        <ele>1757.87</ele>
        <time>2026-05-04T01:55:15.3190000+00:00</time>
      </trkpt>
      <trkpt lat="46.7458" lon="7.81629">
        <ele>1757.48</ele>
        <time>2026-05-04T01:55:18.8310000+00:00</time>
      </trkpt>
      <trkpt lat="46.74577" lon="7.81625">
        <ele>1756.87</ele>
        <time>2026-05-04T01:55:23.8090000+00:00</time>
      </trkpt>
      <trkpt lat="46.74575" lon="7.81623">
        <ele>1756.43</ele>
        <time>2026-05-04T01:55:26.7780000+00:00</time>
      </trkpt>
      <trkpt lat="46.74573" lon="7.81617">
        <ele>1756.03</ele>
        <time>2026-05-04T01:55:32.3800000+00:00</time>
      </trkpt>
      <trkpt lat="46.74571" lon="7.81612">
        <ele>1755.59</ele>
        <time>2026-05-04T01:55:37.2400000+00:00</time>
      </trkpt>
      <trkpt lat="46.74569" lon="7.81604">
        <ele>1755.15</ele>
        <time>2026-05-04T01:55:44.3890000+00:00</time>
      </trkpt>
      <trkpt lat="46.74568" lon="7.81601">
        <ele>1754.9</ele>
        <time>2026-05-04T01:55:47.1890000+00:00</time>
      </trkpt>
      <trkpt lat="46.74566" lon="7.81589">
        <ele>1754.5</ele>
        <time>2026-05-04T01:55:57.5570000+00:00</time>
      </trkpt>
      <trkpt lat="46.74565" lon="7.81587">
        <ele>1754.22</ele>
        <time>2026-05-04T01:55:59.6360000+00:00</time>
      </trkpt>
      <trkpt lat="46.74565" lon="7.81584">
        <ele>1754.25</ele>
        <time>2026-05-04T01:56:02.1500000+00:00</time>
      </trkpt>
      <trkpt lat="46.74566" lon="7.81579">
        <ele>1754.64</ele>
        <time>2026-05-04T01:56:06.5230000+00:00</time>
      </trkpt>
      <trkpt lat="46.74565" lon="7.81574">
        <ele>1754.37</ele>
        <time>2026-05-04T01:56:10.8960000+00:00</time>
      </trkpt>
      <trkpt lat="46.74563" lon="7.81567">
        <ele>1753.74</ele>
        <time>2026-05-04T01:56:17.2620000+00:00</time>
      </trkpt>
      <trkpt lat="46.74562" lon="7.81564">
        <ele>1753.4</ele>
        <time>2026-05-04T01:56:20.0630000+00:00</time>
      </trkpt>
      <trkpt lat="46.7456" lon="7.81558">
        <ele>1752.67</ele>
        <time>2026-05-04T01:56:25.6640000+00:00</time>
      </trkpt>
      <trkpt lat="46.74558" lon="7.81554">
        <ele>1751.89</ele>
        <time>2026-05-04T01:56:29.8220000+00:00</time>
      </trkpt>
      <trkpt lat="46.74556" lon="7.81546">
        <ele>1751.03</ele>
        <time>2026-05-04T01:56:36.9710000+00:00</time>
      </trkpt>
      <trkpt lat="46.74554" lon="7.81542">
        <ele>1750.16</ele>
        <time>2026-05-04T01:56:41.1280000+00:00</time>
      </trkpt>
      <trkpt lat="46.74552" lon="7.81539">
        <ele>1749.27</ele>
        <time>2026-05-04T01:56:44.6420000+00:00</time>
      </trkpt>
      <trkpt lat="46.74549" lon="7.81532">
        <ele>1747.8</ele>
        <time>2026-05-04T01:56:51.5740000+00:00</time>
      </trkpt>
      <trkpt lat="46.74546" lon="7.81524">
        <ele>1746.2</ele>
        <time>2026-05-04T01:56:59.2300000+00:00</time>
      </trkpt>
      <trkpt lat="46.74542" lon="7.81514">
        <ele>1743.96</ele>
        <time>2026-05-04T01:57:08.9500000+00:00</time>
      </trkpt>
      <trkpt lat="46.74536" lon="7.81509">
        <ele>1741.03</ele>
        <time>2026-05-04T01:57:17.4150000+00:00</time>
      </trkpt>
      <trkpt lat="46.74532" lon="7.81507">
        <ele>1739.08</ele>
        <time>2026-05-04T01:57:22.5940000+00:00</time>
      </trkpt>
      <trkpt lat="46.7453" lon="7.81505">
        <ele>1738.1</ele>
        <time>2026-05-04T01:57:25.5670000+00:00</time>
      </trkpt>
      <trkpt lat="46.74529" lon="7.81503">
        <ele>1737.6</ele>
        <time>2026-05-04T01:57:27.6490000+00:00</time>
      </trkpt>
      <trkpt lat="46.74527" lon="7.815">
        <ele>1736.6</ele>
        <time>2026-05-04T01:57:31.1620000+00:00</time>
      </trkpt>
      <trkpt lat="46.74525" lon="7.81498">
        <ele>1735.61</ele>
        <time>2026-05-04T01:57:34.1350000+00:00</time>
      </trkpt>
      <trkpt lat="46.74522" lon="7.81494">
        <ele>1734.11</ele>
        <time>2026-05-04T01:57:39.1130000+00:00</time>
      </trkpt>
      <trkpt lat="46.7452" lon="7.81492">
        <ele>1733.79</ele>
        <time>2026-05-04T01:57:42.0860000+00:00</time>
      </trkpt>
      <trkpt lat="46.74519" lon="7.81491">
        <ele>1733.82</ele>
        <time>2026-05-04T01:57:43.5730000+00:00</time>
      </trkpt>
      <trkpt lat="46.74518" lon="7.81488">
        <ele>1733.79</ele>
        <time>2026-05-04T01:57:46.3760000+00:00</time>
      </trkpt>
      <trkpt lat="46.74518" lon="7.81481">
        <ele>1733.61</ele>
        <time>2026-05-04T01:57:52.2530000+00:00</time>
      </trkpt>
      <trkpt lat="46.74517" lon="7.81475">
        <ele>1733.44</ele>
        <time>2026-05-04T01:57:57.4390000+00:00</time>
      </trkpt>
      <trkpt lat="46.74518" lon="7.81471">
        <ele>1733.35</ele>
        <time>2026-05-04T01:58:01.0150000+00:00</time>
      </trkpt>
      <trkpt lat="46.74517" lon="7.81468">
        <ele>1733.22</ele>
        <time>2026-05-04T01:58:03.8170000+00:00</time>
      </trkpt>
      <trkpt lat="46.74516" lon="7.81466">
        <ele>1733.11</ele>
        <time>2026-05-04T01:58:05.8990000+00:00</time>
      </trkpt>
      <trkpt lat="46.74515" lon="7.81464">
        <ele>1732.97</ele>
        <time>2026-05-04T01:58:07.9770000+00:00</time>
      </trkpt>
      <trkpt lat="46.74514" lon="7.81462">
        <ele>1732.82</ele>
        <time>2026-05-04T01:58:10.0590000+00:00</time>
      </trkpt>
      <trkpt lat="46.74512" lon="7.8146">
        <ele>1732.56</ele>
        <time>2026-05-04T01:58:13.0320000+00:00</time>
      </trkpt>
      <trkpt lat="46.74512" lon="7.81457">
        <ele>1732.41</ele>
        <time>2026-05-04T01:58:15.5510000+00:00</time>
      </trkpt>
      <trkpt lat="46.7451" lon="7.81454">
        <ele>1732.03</ele>
        <time>2026-05-04T01:58:19.0660000+00:00</time>
      </trkpt>
      <trkpt lat="46.74508" lon="7.81452">
        <ele>1731.67</ele>
        <time>2026-05-04T01:58:22.0380000+00:00</time>
      </trkpt>
      <trkpt lat="46.74507" lon="7.8145">
        <ele>1731.41</ele>
        <time>2026-05-04T01:58:24.1190000+00:00</time>
      </trkpt>
      <trkpt lat="46.74506" lon="7.81447">
        <ele>1731.05</ele>
        <time>2026-05-04T01:58:26.9220000+00:00</time>
      </trkpt>
      <trkpt lat="46.74506" lon="7.81445">
        <ele>1730.89</ele>
        <time>2026-05-04T01:58:28.6020000+00:00</time>
      </trkpt>
      <trkpt lat="46.74506" lon="7.81442">
        <ele>1730.66</ele>
        <time>2026-05-04T01:58:31.1200000+00:00</time>
      </trkpt>
      <trkpt lat="46.74507" lon="7.8144">
        <ele>1730.67</ele>
        <time>2026-05-04T01:58:33.2020000+00:00</time>
      </trkpt>
      <trkpt lat="46.74508" lon="7.81438">
        <ele>1730.7</ele>
        <time>2026-05-04T01:58:35.2830000+00:00</time>
      </trkpt>
      <trkpt lat="46.7451" lon="7.81436">
        <ele>1730.94</ele>
        <time>2026-05-04T01:58:38.2540000+00:00</time>
      </trkpt>
      <trkpt lat="46.74511" lon="7.81433">
        <ele>1730.96</ele>
        <time>2026-05-04T01:58:41.0570000+00:00</time>
      </trkpt>
      <trkpt lat="46.74512" lon="7.81432">
        <ele>1731.11</ele>
        <time>2026-05-04T01:58:42.5430000+00:00</time>
      </trkpt>
      <trkpt lat="46.74512" lon="7.8143">
        <ele>1731.04</ele>
        <time>2026-05-04T01:58:44.2230000+00:00</time>
      </trkpt>
      <trkpt lat="46.74511" lon="7.81428">
        <ele>1730.76</ele>
        <time>2026-05-04T01:58:46.3050000+00:00</time>
      </trkpt>
      <trkpt lat="46.7451" lon="7.81427">
        <ele>1730.5</ele>
        <time>2026-05-04T01:58:47.7910000+00:00</time>
      </trkpt>
      <trkpt lat="46.7451" lon="7.81426">
        <ele>1730.46</ele>
        <time>2026-05-04T01:58:48.6280000+00:00</time>
      </trkpt>
      <trkpt lat="46.7451" lon="7.81424">
        <ele>1730.38</ele>
        <time>2026-05-04T01:58:50.3080000+00:00</time>
      </trkpt>
      <trkpt lat="46.74508" lon="7.81421">
        <ele>1729.77</ele>
        <time>2026-05-04T01:58:53.8220000+00:00</time>
      </trkpt>
      <trkpt lat="46.74507" lon="7.81415">
        <ele>1729.21</ele>
        <time>2026-05-04T01:58:59.0060000+00:00</time>
      </trkpt>
      <trkpt lat="46.74506" lon="7.81409">
        <ele>1728.62</ele>
        <time>2026-05-04T01:59:04.1890000+00:00</time>
      </trkpt>
      <trkpt lat="46.74506" lon="7.81407">
        <ele>1728.51</ele>
        <time>2026-05-04T01:59:05.8690000+00:00</time>
      </trkpt>
      <trkpt lat="46.74506" lon="7.81404">
        <ele>1728.34</ele>
        <time>2026-05-04T01:59:08.3880000+00:00</time>
      </trkpt>
      <trkpt lat="46.74506" lon="7.81401">
        <ele>1728.18</ele>
        <time>2026-05-04T01:59:10.9070000+00:00</time>
      </trkpt>
      <trkpt lat="46.74505" lon="7.814">
        <ele>1727.8</ele>
        <time>2026-05-04T01:59:12.3930000+00:00</time>
      </trkpt>
      <trkpt lat="46.74504" lon="7.81398">
        <ele>1727.36</ele>
        <time>2026-05-04T01:59:14.4690000+00:00</time>
      </trkpt>
      <trkpt lat="46.74502" lon="7.81396">
        <ele>1726.57</ele>
        <time>2026-05-04T01:59:17.4390000+00:00</time>
      </trkpt>
      <trkpt lat="46.74501" lon="7.81396">
        <ele>1726.23</ele>
        <time>2026-05-04T01:59:18.6670000+00:00</time>
      </trkpt>
      <trkpt lat="46.745" lon="7.81395">
        <ele>1725.82</ele>
        <time>2026-05-04T01:59:20.1540000+00:00</time>
      </trkpt>
      <trkpt lat="46.74499" lon="7.81393">
        <ele>1725.32</ele>
        <time>2026-05-04T01:59:22.2330000+00:00</time>
      </trkpt>
      <trkpt lat="46.74498" lon="7.8139">
        <ele>1724.73</ele>
        <time>2026-05-04T01:59:25.0330000+00:00</time>
      </trkpt>
      <trkpt lat="46.74498" lon="7.81384">
        <ele>1724.22</ele>
        <time>2026-05-04T01:59:30.0700000+00:00</time>
      </trkpt>
      <trkpt lat="46.74497" lon="7.81381">
        <ele>1723.58</ele>
        <time>2026-05-04T01:59:32.8700000+00:00</time>
      </trkpt>
      <trkpt lat="46.74496" lon="7.81379">
        <ele>1723.01</ele>
        <time>2026-05-04T01:59:34.9470000+00:00</time>
      </trkpt>
      <trkpt lat="46.74495" lon="7.81377">
        <ele>1722.43</ele>
        <time>2026-05-04T01:59:37.0250000+00:00</time>
      </trkpt>
      <trkpt lat="46.74494" lon="7.81375">
        <ele>1721.83</ele>
        <time>2026-05-04T01:59:39.1040000+00:00</time>
      </trkpt>
      <trkpt lat="46.74494" lon="7.8137">
        <ele>1721.34</ele>
        <time>2026-05-04T01:59:43.3010000+00:00</time>
      </trkpt>
      <trkpt lat="46.74493" lon="7.81365">
        <ele>1720.4</ele>
        <time>2026-05-04T01:59:47.6720000+00:00</time>
      </trkpt>
      <trkpt lat="46.74493" lon="7.81362">
        <ele>1720.1</ele>
        <time>2026-05-04T01:59:50.1910000+00:00</time>
      </trkpt>
      <trkpt lat="46.74492" lon="7.81358">
        <ele>1719.22</ele>
        <time>2026-05-04T01:59:53.7660000+00:00</time>
      </trkpt>
      <trkpt lat="46.74491" lon="7.81352">
        <ele>1718.09</ele>
        <time>2026-05-04T01:59:58.9490000+00:00</time>
      </trkpt>
      <trkpt lat="46.7449" lon="7.81352">
        <ele>1717.6</ele>
        <time>2026-05-04T02:00:00.1780000+00:00</time>
      </trkpt>
      <trkpt lat="46.74488" lon="7.8135">
        <ele>1716.37</ele>
        <time>2026-05-04T02:00:03.1490000+00:00</time>
      </trkpt>
      <trkpt lat="46.74488" lon="7.81347">
        <ele>1716.25</ele>
        <time>2026-05-04T02:00:05.6660000+00:00</time>
      </trkpt>
      <trkpt lat="46.74486" lon="7.81344">
        <ele>1715.23</ele>
        <time>2026-05-04T02:00:09.1780000+00:00</time>
      </trkpt>
      <trkpt lat="46.74485" lon="7.81342">
        <ele>1714.71</ele>
        <time>2026-05-04T02:00:11.2540000+00:00</time>
      </trkpt>
      <trkpt lat="46.74483" lon="7.81339">
        <ele>1713.64</ele>
        <time>2026-05-04T02:00:14.7670000+00:00</time>
      </trkpt>
      <trkpt lat="46.74481" lon="7.81336">
        <ele>1712.53</ele>
        <time>2026-05-04T02:00:18.2800000+00:00</time>
      </trkpt>
      <trkpt lat="46.74481" lon="7.81335">
        <ele>1712.51</ele>
        <time>2026-05-04T02:00:19.1170000+00:00</time>
      </trkpt>
      <trkpt lat="46.7448" lon="7.81333">
        <ele>1711.93</ele>
        <time>2026-05-04T02:00:21.1950000+00:00</time>
      </trkpt>
      <trkpt lat="46.74479" lon="7.81329">
        <ele>1711.3</ele>
        <time>2026-05-04T02:00:24.7700000+00:00</time>
      </trkpt>
      <trkpt lat="46.74478" lon="7.81324">
        <ele>1710.62</ele>
        <time>2026-05-04T02:00:29.1430000+00:00</time>
      </trkpt>
      <trkpt lat="46.74478" lon="7.81319">
        <ele>1710.51</ele>
        <time>2026-05-04T02:00:33.3400000+00:00</time>
      </trkpt>
      <trkpt lat="46.74476" lon="7.81315">
        <ele>1709.2</ele>
        <time>2026-05-04T02:00:37.4960000+00:00</time>
      </trkpt>
      <trkpt lat="46.74476" lon="7.81312">
        <ele>1709.12</ele>
        <time>2026-05-04T02:00:40.0150000+00:00</time>
      </trkpt>
      <trkpt lat="46.74474" lon="7.81308">
        <ele>1707.75</ele>
        <time>2026-05-04T02:00:44.1710000+00:00</time>
      </trkpt>
      <trkpt lat="46.74474" lon="7.81305">
        <ele>1707.64</ele>
        <time>2026-05-04T02:00:46.6870000+00:00</time>
      </trkpt>
      <trkpt lat="46.74474" lon="7.81303">
        <ele>1707.57</ele>
        <time>2026-05-04T02:00:48.3640000+00:00</time>
      </trkpt>
      <trkpt lat="46.74474" lon="7.81301">
        <ele>1707.5</ele>
        <time>2026-05-04T02:00:50.0410000+00:00</time>
      </trkpt>
      <trkpt lat="46.74473" lon="7.81299">
        <ele>1706.77</ele>
        <time>2026-05-04T02:00:52.1190000+00:00</time>
      </trkpt>
      <trkpt lat="46.74471" lon="7.81296">
        <ele>1705.33</ele>
        <time>2026-05-04T02:00:55.6320000+00:00</time>
      </trkpt>
      <trkpt lat="46.7447" lon="7.81294">
        <ele>1704.57</ele>
        <time>2026-05-04T02:00:57.7140000+00:00</time>
      </trkpt>
      <trkpt lat="46.74468" lon="7.8129">
        <ele>1703.02</ele>
        <time>2026-05-04T02:01:01.8710000+00:00</time>
      </trkpt>
      <trkpt lat="46.74468" lon="7.81288">
        <ele>1702.91</ele>
        <time>2026-05-04T02:01:03.5540000+00:00</time>
      </trkpt>
      <trkpt lat="46.74468" lon="7.81285">
        <ele>1702.75</ele>
        <time>2026-05-04T02:01:06.0750000+00:00</time>
      </trkpt>
      <trkpt lat="46.74468" lon="7.81283">
        <ele>1702.65</ele>
        <time>2026-05-04T02:01:07.7590000+00:00</time>
      </trkpt>
      <trkpt lat="46.74466" lon="7.81279">
        <ele>1701</ele>
        <time>2026-05-04T02:01:11.9160000+00:00</time>
      </trkpt>
      <trkpt lat="46.74466" lon="7.81274">
        <ele>1700.71</ele>
        <time>2026-05-04T02:01:16.1130000+00:00</time>
      </trkpt>
      <trkpt lat="46.74464" lon="7.8127">
        <ele>1698.98</ele>
        <time>2026-05-04T02:01:20.2690000+00:00</time>
      </trkpt>
      <trkpt lat="46.74463" lon="7.81268">
        <ele>1698.1</ele>
        <time>2026-05-04T02:01:22.3500000+00:00</time>
      </trkpt>
      <trkpt lat="46.74462" lon="7.81265">
        <ele>1697.23</ele>
        <time>2026-05-04T02:01:25.1490000+00:00</time>
      </trkpt>
      <trkpt lat="46.74461" lon="7.81261">
        <ele>1696.79</ele>
        <time>2026-05-04T02:01:28.7230000+00:00</time>
      </trkpt>
      <trkpt lat="46.7446" lon="7.81258">
        <ele>1696.26</ele>
        <time>2026-05-04T02:01:31.5240000+00:00</time>
      </trkpt>
      <trkpt lat="46.74459" lon="7.81256">
        <ele>1695.64</ele>
        <time>2026-05-04T02:01:33.6000000+00:00</time>
      </trkpt>
      <trkpt lat="46.74457" lon="7.81251">
        <ele>1694.45</ele>
        <time>2026-05-04T02:01:38.4600000+00:00</time>
      </trkpt>
      <trkpt lat="46.74456" lon="7.81247">
        <ele>1693.94</ele>
        <time>2026-05-04T02:01:42.0340000+00:00</time>
      </trkpt>
      <trkpt lat="46.74454" lon="7.81244">
        <ele>1692.56</ele>
        <time>2026-05-04T02:01:45.5490000+00:00</time>
      </trkpt>
      <trkpt lat="46.74453" lon="7.81241">
        <ele>1691.95</ele>
        <time>2026-05-04T02:01:48.3510000+00:00</time>
      </trkpt>
      <trkpt lat="46.74452" lon="7.81238">
        <ele>1691.34</ele>
        <time>2026-05-04T02:01:51.1540000+00:00</time>
      </trkpt>
      <trkpt lat="46.74452" lon="7.81234">
        <ele>1691.59</ele>
        <time>2026-05-04T02:01:54.5110000+00:00</time>
      </trkpt>
      <trkpt lat="46.74452" lon="7.81232">
        <ele>1691.71</ele>
        <time>2026-05-04T02:01:56.1910000+00:00</time>
      </trkpt>
      <trkpt lat="46.74451" lon="7.81228">
        <ele>1691.13</ele>
        <time>2026-05-04T02:01:59.7650000+00:00</time>
      </trkpt>
      <trkpt lat="46.74449" lon="7.81224">
        <ele>1689.71</ele>
        <time>2026-05-04T02:02:03.9220000+00:00</time>
      </trkpt>
      <trkpt lat="46.74448" lon="7.81221">
        <ele>1689.04</ele>
        <time>2026-05-04T02:02:06.7250000+00:00</time>
      </trkpt>
      <trkpt lat="46.74448" lon="7.81217">
        <ele>1689.26</ele>
        <time>2026-05-04T02:02:10.0820000+00:00</time>
      </trkpt>
      <trkpt lat="46.74448" lon="7.81214">
        <ele>1689.42</ele>
        <time>2026-05-04T02:02:12.6010000+00:00</time>
      </trkpt>
      <trkpt lat="46.74447" lon="7.81211">
        <ele>1688.73</ele>
        <time>2026-05-04T02:02:15.4010000+00:00</time>
      </trkpt>
      <trkpt lat="46.74446" lon="7.81207">
        <ele>1688.07</ele>
        <time>2026-05-04T02:02:18.9760000+00:00</time>
      </trkpt>
      <trkpt lat="46.74445" lon="7.81203">
        <ele>1687.4</ele>
        <time>2026-05-04T02:02:22.5500000+00:00</time>
      </trkpt>
      <trkpt lat="46.74444" lon="7.81199">
        <ele>1686.72</ele>
        <time>2026-05-04T02:02:26.1250000+00:00</time>
      </trkpt>
      <trkpt lat="46.74442" lon="7.81195">
        <ele>1685.13</ele>
        <time>2026-05-04T02:02:30.2820000+00:00</time>
      </trkpt>
      <trkpt lat="46.74441" lon="7.81194">
        <ele>1684.28</ele>
        <time>2026-05-04T02:02:31.7690000+00:00</time>
      </trkpt>
      <trkpt lat="46.74441" lon="7.81191">
        <ele>1684.41</ele>
        <time>2026-05-04T02:02:34.2880000+00:00</time>
      </trkpt>
      <trkpt lat="46.7444" lon="7.81189">
        <ele>1683.59</ele>
        <time>2026-05-04T02:02:36.3690000+00:00</time>
      </trkpt>
      <trkpt lat="46.74438" lon="7.81188">
        <ele>1681.82</ele>
        <time>2026-05-04T02:02:38.9580000+00:00</time>
      </trkpt>
      <trkpt lat="46.74437" lon="7.81187">
        <ele>1681.72</ele>
        <time>2026-05-04T02:02:40.4410000+00:00</time>
      </trkpt>
      <trkpt lat="46.74436" lon="7.81186">
        <ele>1681.62</ele>
        <time>2026-05-04T02:02:41.9240000+00:00</time>
      </trkpt>
      <trkpt lat="46.74434" lon="7.81184">
        <ele>1681.4</ele>
        <time>2026-05-04T02:02:44.8950000+00:00</time>
      </trkpt>
      <trkpt lat="46.74433" lon="7.81182">
        <ele>1681.34</ele>
        <time>2026-05-04T02:02:46.9740000+00:00</time>
      </trkpt>
      <trkpt lat="46.74432" lon="7.81181">
        <ele>1681.34</ele>
        <time>2026-05-04T02:02:48.4610000+00:00</time>
      </trkpt>
      <trkpt lat="46.74429" lon="7.8118">
        <ele>1681.01</ele>
        <time>2026-05-04T02:02:52.2320000+00:00</time>
      </trkpt>
      <trkpt lat="46.74426" lon="7.81179">
        <ele>1680.65</ele>
        <time>2026-05-04T02:02:56.0030000+00:00</time>
      </trkpt>
      <trkpt lat="46.74425" lon="7.81179">
        <ele>1680.49</ele>
        <time>2026-05-04T02:02:57.2270000+00:00</time>
      </trkpt>
      <trkpt lat="46.74423" lon="7.81177">
        <ele>1680.36</ele>
        <time>2026-05-04T02:03:00.1960000+00:00</time>
      </trkpt>
      <trkpt lat="46.74422" lon="7.81176">
        <ele>1680.27</ele>
        <time>2026-05-04T02:03:01.6830000+00:00</time>
      </trkpt>
      <trkpt lat="46.7442" lon="7.81176">
        <ele>1679.91</ele>
        <time>2026-05-04T02:03:04.1310000+00:00</time>
      </trkpt>
      <trkpt lat="46.74418" lon="7.81174">
        <ele>1679.69</ele>
        <time>2026-05-04T02:03:07.1010000+00:00</time>
      </trkpt>
      <trkpt lat="46.74416" lon="7.81173">
        <ele>1679.36</ele>
        <time>2026-05-04T02:03:09.6920000+00:00</time>
      </trkpt>
      <trkpt lat="46.74414" lon="7.81169">
        <ele>1679.15</ele>
        <time>2026-05-04T02:03:13.8500000+00:00</time>
      </trkpt>
      <trkpt lat="46.74412" lon="7.81166">
        <ele>1678.81</ele>
        <time>2026-05-04T02:03:17.3640000+00:00</time>
      </trkpt>
      <trkpt lat="46.7441" lon="7.81164">
        <ele>1678.39</ele>
        <time>2026-05-04T02:03:20.3370000+00:00</time>
      </trkpt>
      <trkpt lat="46.74408" lon="7.81162">
        <ele>1677.92</ele>
        <time>2026-05-04T02:03:23.3060000+00:00</time>
      </trkpt>
      <trkpt lat="46.74405" lon="7.81159">
        <ele>1677.12</ele>
        <time>2026-05-04T02:03:27.7610000+00:00</time>
      </trkpt>
      <trkpt lat="46.74404" lon="7.81156">
        <ele>1676.82</ele>
        <time>2026-05-04T02:03:30.5640000+00:00</time>
      </trkpt>
      <trkpt lat="46.74402" lon="7.81152">
        <ele>1676.14</ele>
        <time>2026-05-04T02:03:34.7180000+00:00</time>
      </trkpt>
      <trkpt lat="46.744" lon="7.81151">
        <ele>1675.48</ele>
        <time>2026-05-04T02:03:37.3080000+00:00</time>
      </trkpt>
      <trkpt lat="46.74398" lon="7.81149">
        <ele>1674.75</ele>
        <time>2026-05-04T02:03:40.2770000+00:00</time>
      </trkpt>
      <trkpt lat="46.74395" lon="7.81146">
        <ele>1673.57</ele>
        <time>2026-05-04T02:03:44.7330000+00:00</time>
      </trkpt>
      <trkpt lat="46.74393" lon="7.81144">
        <ele>1672.73</ele>
        <time>2026-05-04T02:03:47.7030000+00:00</time>
      </trkpt>
      <trkpt lat="46.74391" lon="7.81142">
        <ele>1671.84</ele>
        <time>2026-05-04T02:03:50.6740000+00:00</time>
      </trkpt>
      <trkpt lat="46.74389" lon="7.81141">
        <ele>1671</ele>
        <time>2026-05-04T02:03:53.2650000+00:00</time>
      </trkpt>
      <trkpt lat="46.74387" lon="7.81138">
        <ele>1669.93</ele>
        <time>2026-05-04T02:03:56.7780000+00:00</time>
      </trkpt>
      <trkpt lat="46.74384" lon="7.81135">
        <ele>1668.38</ele>
        <time>2026-05-04T02:04:01.2330000+00:00</time>
      </trkpt>
      <trkpt lat="46.74382" lon="7.81132">
        <ele>1667.15</ele>
        <time>2026-05-04T02:04:04.7460000+00:00</time>
      </trkpt>
      <trkpt lat="46.7438" lon="7.81131">
        <ele>1666.15</ele>
        <time>2026-05-04T02:04:07.3330000+00:00</time>
      </trkpt>
      <trkpt lat="46.74378" lon="7.81128">
        <ele>1664.81</ele>
        <time>2026-05-04T02:04:10.8460000+00:00</time>
      </trkpt>
      <trkpt lat="46.74376" lon="7.81126">
        <ele>1663.58</ele>
        <time>2026-05-04T02:04:13.8170000+00:00</time>
      </trkpt>
      <trkpt lat="46.74376" lon="7.81124">
        <ele>1663.24</ele>
        <time>2026-05-04T02:04:15.4970000+00:00</time>
      </trkpt>
      <trkpt lat="46.74376" lon="7.8112">
        <ele>1662.57</ele>
        <time>2026-05-04T02:04:18.8540000+00:00</time>
      </trkpt>
      <trkpt lat="46.74375" lon="7.81117">
        <ele>1661.55</ele>
        <time>2026-05-04T02:04:21.6520000+00:00</time>
      </trkpt>
      <trkpt lat="46.74373" lon="7.81114">
        <ele>1659.97</ele>
        <time>2026-05-04T02:04:25.1650000+00:00</time>
      </trkpt>
      <trkpt lat="46.7437" lon="7.81113">
        <ele>1658.18</ele>
        <time>2026-05-04T02:04:28.9330000+00:00</time>
      </trkpt>
      <trkpt lat="46.74369" lon="7.81109">
        <ele>1656.82</ele>
        <time>2026-05-04T02:04:32.5080000+00:00</time>
      </trkpt>
      <trkpt lat="46.74368" lon="7.81106">
        <ele>1655.62</ele>
        <time>2026-05-04T02:04:35.3110000+00:00</time>
      </trkpt>
      <trkpt lat="46.74366" lon="7.81104">
        <ele>1654.02</ele>
        <time>2026-05-04T02:04:38.2840000+00:00</time>
      </trkpt>
      <trkpt lat="46.74364" lon="7.811">
        <ele>1651.91</ele>
        <time>2026-05-04T02:04:42.4400000+00:00</time>
      </trkpt>
      <trkpt lat="46.74362" lon="7.81097">
        <ele>1650.76</ele>
        <time>2026-05-04T02:04:45.9520000+00:00</time>
      </trkpt>
      <trkpt lat="46.7436" lon="7.81095">
        <ele>1649.81</ele>
        <time>2026-05-04T02:04:48.9220000+00:00</time>
      </trkpt>
      <trkpt lat="46.74357" lon="7.81091">
        <ele>1648.5</ele>
        <time>2026-05-04T02:04:53.8990000+00:00</time>
      </trkpt>
      <trkpt lat="46.74355" lon="7.81088">
        <ele>1647.65</ele>
        <time>2026-05-04T02:04:57.4150000+00:00</time>
      </trkpt>
      <trkpt lat="46.74354" lon="7.81084">
        <ele>1648.05</ele>
        <time>2026-05-04T02:05:00.9900000+00:00</time>
      </trkpt>
      <trkpt lat="46.74352" lon="7.81083">
        <ele>1648.33</ele>
        <time>2026-05-04T02:05:03.5820000+00:00</time>
      </trkpt>
      <trkpt lat="46.74351" lon="7.81081">
        <ele>1648.63</ele>
        <time>2026-05-04T02:05:05.6630000+00:00</time>
      </trkpt>
      <trkpt lat="46.74349" lon="7.81078">
        <ele>1649.07</ele>
        <time>2026-05-04T02:05:09.1760000+00:00</time>
      </trkpt>
      <trkpt lat="46.74347" lon="7.81074">
        <ele>1649.54</ele>
        <time>2026-05-04T02:05:13.3330000+00:00</time>
      </trkpt>
      <trkpt lat="46.74345" lon="7.81071">
        <ele>1649.85</ele>
        <time>2026-05-04T02:05:16.8470000+00:00</time>
      </trkpt>
      <trkpt lat="46.74343" lon="7.81066">
        <ele>1650.24</ele>
        <time>2026-05-04T02:05:21.7070000+00:00</time>
      </trkpt>
      <trkpt lat="46.7434" lon="7.8106">
        <ele>1650.56</ele>
        <time>2026-05-04T02:05:27.9420000+00:00</time>
      </trkpt>
      <trkpt lat="46.74337" lon="7.81056">
        <ele>1650.61</ele>
        <time>2026-05-04T02:05:32.9210000+00:00</time>
      </trkpt>
      <trkpt lat="46.74335" lon="7.81054">
        <ele>1650.55</ele>
        <time>2026-05-04T02:05:35.8910000+00:00</time>
      </trkpt>
      <trkpt lat="46.74333" lon="7.8105">
        <ele>1650.49</ele>
        <time>2026-05-04T02:05:40.0470000+00:00</time>
      </trkpt>
      <trkpt lat="46.74331" lon="7.81049">
        <ele>1650.32</ele>
        <time>2026-05-04T02:05:42.6380000+00:00</time>
      </trkpt>
      <trkpt lat="46.7433" lon="7.81047">
        <ele>1650.24</ele>
        <time>2026-05-04T02:05:44.7170000+00:00</time>
      </trkpt>
      <trkpt lat="46.74328" lon="7.81044">
        <ele>1650.02</ele>
        <time>2026-05-04T02:05:48.2300000+00:00</time>
      </trkpt>
      <trkpt lat="46.74325" lon="7.81044">
        <ele>1649.65</ele>
        <time>2026-05-04T02:05:51.9040000+00:00</time>
      </trkpt>
      <trkpt lat="46.74323" lon="7.81041">
        <ele>1649.33</ele>
        <time>2026-05-04T02:05:55.4170000+00:00</time>
      </trkpt>
      <trkpt lat="46.74319" lon="7.81035">
        <ele>1648.49</ele>
        <time>2026-05-04T02:06:02.4440000+00:00</time>
      </trkpt>
      <trkpt lat="46.74315" lon="7.8103">
        <ele>1647.48</ele>
        <time>2026-05-04T02:06:08.8960000+00:00</time>
      </trkpt>
      <trkpt lat="46.74313" lon="7.81027">
        <ele>1646.86</ele>
        <time>2026-05-04T02:06:12.4100000+00:00</time>
      </trkpt>
      <trkpt lat="46.7431" lon="7.81024">
        <ele>1645.95</ele>
        <time>2026-05-04T02:06:16.8650000+00:00</time>
      </trkpt>
      <trkpt lat="46.74309" lon="7.81023">
        <ele>1645.63</ele>
        <time>2026-05-04T02:06:18.3510000+00:00</time>
      </trkpt>
      <trkpt lat="46.74307" lon="7.8102">
        <ele>1644.85</ele>
        <time>2026-05-04T02:06:21.8640000+00:00</time>
      </trkpt>
      <trkpt lat="46.74303" lon="7.81016">
        <ele>1643.36</ele>
        <time>2026-05-04T02:06:27.8040000+00:00</time>
      </trkpt>
      <trkpt lat="46.74301" lon="7.81013">
        <ele>1643.21</ele>
        <time>2026-05-04T02:06:31.3170000+00:00</time>
      </trkpt>
      <trkpt lat="46.74299" lon="7.81016">
        <ele>1642.31</ele>
        <time>2026-05-04T02:06:34.8310000+00:00</time>
      </trkpt>
      <trkpt lat="46.74297" lon="7.8102">
        <ele>1642.42</ele>
        <time>2026-05-04T02:06:38.9890000+00:00</time>
      </trkpt>
      <trkpt lat="46.74295" lon="7.81022">
        <ele>1642.27</ele>
        <time>2026-05-04T02:06:41.9600000+00:00</time>
      </trkpt>
      <trkpt lat="46.74294" lon="7.81022">
        <ele>1642.04</ele>
        <time>2026-05-04T02:06:43.1890000+00:00</time>
      </trkpt>
      <trkpt lat="46.74293" lon="7.81018">
        <ele>1641.09</ele>
        <time>2026-05-04T02:06:46.7630000+00:00</time>
      </trkpt>
      <trkpt lat="46.74291" lon="7.81017">
        <ele>1640.39</ele>
        <time>2026-05-04T02:06:49.3530000+00:00</time>
      </trkpt>
      <trkpt lat="46.74291" lon="7.81015">
        <ele>1640.26</ele>
        <time>2026-05-04T02:06:51.0330000+00:00</time>
      </trkpt>
      <trkpt lat="46.74291" lon="7.81012">
        <ele>1640.59</ele>
        <time>2026-05-04T02:06:53.5520000+00:00</time>
      </trkpt>
      <trkpt lat="46.7429" lon="7.81011">
        <ele>1640.42</ele>
        <time>2026-05-04T02:06:55.0380000+00:00</time>
      </trkpt>
      <trkpt lat="46.74289" lon="7.81011">
        <ele>1640.14</ele>
        <time>2026-05-04T02:06:56.2580000+00:00</time>
      </trkpt>
      <trkpt lat="46.74287" lon="7.81009">
        <ele>1639.78</ele>
        <time>2026-05-04T02:06:59.2290000+00:00</time>
      </trkpt>
      <trkpt lat="46.74287" lon="7.81008">
        <ele>1639.87</ele>
        <time>2026-05-04T02:07:00.0660000+00:00</time>
      </trkpt>
      <trkpt lat="46.74285" lon="7.81008">
        <ele>1639.29</ele>
        <time>2026-05-04T02:07:02.5190000+00:00</time>
      </trkpt>
      <trkpt lat="46.74283" lon="7.81006">
        <ele>1638.89</ele>
        <time>2026-05-04T02:07:05.4920000+00:00</time>
      </trkpt>
      <trkpt lat="46.74282" lon="7.81003">
        <ele>1638.84</ele>
        <time>2026-05-04T02:07:08.2900000+00:00</time>
      </trkpt>
      <trkpt lat="46.74279" lon="7.81001">
        <ele>1638.06</ele>
        <time>2026-05-04T02:07:12.3300000+00:00</time>
      </trkpt>
      <trkpt lat="46.74278" lon="7.81">
        <ele>1637.82</ele>
        <time>2026-05-04T02:07:13.8170000+00:00</time>
      </trkpt>
      <trkpt lat="46.74275" lon="7.81">
        <ele>1636.88</ele>
        <time>2026-05-04T02:07:17.4910000+00:00</time>
      </trkpt>
      <trkpt lat="46.74274" lon="7.80999">
        <ele>1636.62</ele>
        <time>2026-05-04T02:07:18.9780000+00:00</time>
      </trkpt>
      <trkpt lat="46.74273" lon="7.80995">
        <ele>1636.52</ele>
        <time>2026-05-04T02:07:22.5520000+00:00</time>
      </trkpt>
      <trkpt lat="46.74271" lon="7.80992">
        <ele>1636.09</ele>
        <time>2026-05-04T02:07:26.0650000+00:00</time>
      </trkpt>
      <trkpt lat="46.74269" lon="7.80991">
        <ele>1635.9</ele>
        <time>2026-05-04T02:07:28.6540000+00:00</time>
      </trkpt>
      <trkpt lat="46.74267" lon="7.8099">
        <ele>1635.69</ele>
        <time>2026-05-04T02:07:31.2460000+00:00</time>
      </trkpt>
      <trkpt lat="46.74266" lon="7.8099">
        <ele>1635.57</ele>
        <time>2026-05-04T02:07:32.4750000+00:00</time>
      </trkpt>
      <trkpt lat="46.74263" lon="7.80986">
        <ele>1635.24</ele>
        <time>2026-05-04T02:07:37.4540000+00:00</time>
      </trkpt>
      <trkpt lat="46.74261" lon="7.80981">
        <ele>1634.97</ele>
        <time>2026-05-04T02:07:42.3150000+00:00</time>
      </trkpt>
      <trkpt lat="46.74258" lon="7.80979">
        <ele>1634.47</ele>
        <time>2026-05-04T02:07:46.3550000+00:00</time>
      </trkpt>
      <trkpt lat="46.74255" lon="7.80978">
        <ele>1633.93</ele>
        <time>2026-05-04T02:07:50.1240000+00:00</time>
      </trkpt>
      <trkpt lat="46.74251" lon="7.80979">
        <ele>1633.27</ele>
        <time>2026-05-04T02:07:55.0950000+00:00</time>
      </trkpt>
      <trkpt lat="46.74247" lon="7.80978">
        <ele>1632.52</ele>
        <time>2026-05-04T02:08:00.0650000+00:00</time>
      </trkpt>
      <trkpt lat="46.74244" lon="7.80975">
        <ele>1631.78</ele>
        <time>2026-05-04T02:08:04.5210000+00:00</time>
      </trkpt>
      <trkpt lat="46.7424" lon="7.80974">
        <ele>1630.94</ele>
        <time>2026-05-04T02:08:09.4930000+00:00</time>
      </trkpt>
      <trkpt lat="46.74237" lon="7.80973">
        <ele>1630.26</ele>
        <time>2026-05-04T02:08:13.2620000+00:00</time>
      </trkpt>
      <trkpt lat="46.74232" lon="7.80974">
        <ele>1629.4</ele>
        <time>2026-05-04T02:08:19.4440000+00:00</time>
      </trkpt>
      <trkpt lat="46.74228" lon="7.80973">
        <ele>1628.49</ele>
        <time>2026-05-04T02:08:24.4150000+00:00</time>
      </trkpt>
      <trkpt lat="46.74222" lon="7.8097">
        <ele>1626.8</ele>
        <time>2026-05-04T02:08:32.1840000+00:00</time>
      </trkpt>
      <trkpt lat="46.74216" lon="7.80967">
        <ele>1624.97</ele>
        <time>2026-05-04T02:08:39.9550000+00:00</time>
      </trkpt>
      <trkpt lat="46.74211" lon="7.80964">
        <ele>1623.21</ele>
        <time>2026-05-04T02:08:46.5780000+00:00</time>
      </trkpt>
      <trkpt lat="46.7421" lon="7.80964">
        <ele>1622.97</ele>
        <time>2026-05-04T02:08:47.7970000+00:00</time>
      </trkpt>
      <trkpt lat="46.74208" lon="7.80963">
        <ele>1622.28</ele>
        <time>2026-05-04T02:08:50.3890000+00:00</time>
      </trkpt>
      <trkpt lat="46.74205" lon="7.80963">
        <ele>1621.55</ele>
        <time>2026-05-04T02:08:54.0660000+00:00</time>
      </trkpt>
      <trkpt lat="46.74204" lon="7.80961">
        <ele>1620.83</ele>
        <time>2026-05-04T02:08:56.1450000+00:00</time>
      </trkpt>
      <trkpt lat="46.74203" lon="7.80959">
        <ele>1620.08</ele>
        <time>2026-05-04T02:08:58.2240000+00:00</time>
      </trkpt>
      <trkpt lat="46.742" lon="7.80956">
        <ele>1618.52</ele>
        <time>2026-05-04T02:09:02.6780000+00:00</time>
      </trkpt>
      <trkpt lat="46.74199" lon="7.80954">
        <ele>1617.72</ele>
        <time>2026-05-04T02:09:04.7570000+00:00</time>
      </trkpt>
      <trkpt lat="46.74198" lon="7.80952">
        <ele>1616.9</ele>
        <time>2026-05-04T02:09:06.8330000+00:00</time>
      </trkpt>
      <trkpt lat="46.74195" lon="7.8095">
        <ele>1615.47</ele>
        <time>2026-05-04T02:09:10.8730000+00:00</time>
      </trkpt>
      <trkpt lat="46.74194" lon="7.80948">
        <ele>1614.6</ele>
        <time>2026-05-04T02:09:12.9520000+00:00</time>
      </trkpt>
      <trkpt lat="46.74193" lon="7.80946">
        <ele>1613.71</ele>
        <time>2026-05-04T02:09:15.0330000+00:00</time>
      </trkpt>
      <trkpt lat="46.74191" lon="7.80944">
        <ele>1612.48</ele>
        <time>2026-05-04T02:09:18.0020000+00:00</time>
      </trkpt>
      <trkpt lat="46.74189" lon="7.80944">
        <ele>1611.84</ele>
        <time>2026-05-04T02:09:20.4510000+00:00</time>
      </trkpt>
      <trkpt lat="46.74187" lon="7.80943">
        <ele>1611.23</ele>
        <time>2026-05-04T02:09:23.0400000+00:00</time>
      </trkpt>
      <trkpt lat="46.74186" lon="7.80941">
        <ele>1610.56</ele>
        <time>2026-05-04T02:09:25.1190000+00:00</time>
      </trkpt>
      <trkpt lat="46.74186" lon="7.80938">
        <ele>1609.62</ele>
        <time>2026-05-04T02:09:27.6380000+00:00</time>
      </trkpt>
      <trkpt lat="46.74186" lon="7.80936">
        <ele>1608.98</ele>
        <time>2026-05-04T02:09:29.3180000+00:00</time>
      </trkpt>
      <trkpt lat="46.74184" lon="7.80933">
        <ele>1607.94</ele>
        <time>2026-05-04T02:09:32.8310000+00:00</time>
      </trkpt>
      <trkpt lat="46.74182" lon="7.8093">
        <ele>1608.1</ele>
        <time>2026-05-04T02:09:36.3430000+00:00</time>
      </trkpt>
      <trkpt lat="46.7418" lon="7.80928">
        <ele>1608.26</ele>
        <time>2026-05-04T02:09:39.3150000+00:00</time>
      </trkpt>
      <trkpt lat="46.74179" lon="7.80928">
        <ele>1608.19</ele>
        <time>2026-05-04T02:09:40.5340000+00:00</time>
      </trkpt>
      <trkpt lat="46.74177" lon="7.80929">
        <ele>1607.91</ele>
        <time>2026-05-04T02:09:43.1220000+00:00</time>
      </trkpt>
      <trkpt lat="46.74175" lon="7.80928">
        <ele>1607.89</ele>
        <time>2026-05-04T02:09:45.7110000+00:00</time>
      </trkpt>
      <trkpt lat="46.74171" lon="7.80925">
        <ele>1607.86</ele>
        <time>2026-05-04T02:09:51.2210000+00:00</time>
      </trkpt>
      <trkpt lat="46.7417" lon="7.80923">
        <ele>1607.94</ele>
        <time>2026-05-04T02:09:53.3000000+00:00</time>
      </trkpt>
      <trkpt lat="46.74168" lon="7.80922">
        <ele>1607.8</ele>
        <time>2026-05-04T02:09:55.8910000+00:00</time>
      </trkpt>
      <trkpt lat="46.74166" lon="7.8092">
        <ele>1607.7</ele>
        <time>2026-05-04T02:09:58.8640000+00:00</time>
      </trkpt>
      <trkpt lat="46.74163" lon="7.80916">
        <ele>1607.51</ele>
        <time>2026-05-04T02:10:03.8430000+00:00</time>
      </trkpt>
      <trkpt lat="46.74162" lon="7.80912">
        <ele>1607.51</ele>
        <time>2026-05-04T02:10:07.4180000+00:00</time>
      </trkpt>
      <trkpt lat="46.74162" lon="7.80909">
        <ele>1607.62</ele>
        <time>2026-05-04T02:10:09.9350000+00:00</time>
      </trkpt>
      <trkpt lat="46.7416" lon="7.80907">
        <ele>1607.3</ele>
        <time>2026-05-04T02:10:12.9040000+00:00</time>
      </trkpt>
      <trkpt lat="46.74158" lon="7.80902">
        <ele>1606.97</ele>
        <time>2026-05-04T02:10:17.7650000+00:00</time>
      </trkpt>
      <trkpt lat="46.74156" lon="7.809">
        <ele>1606.52</ele>
        <time>2026-05-04T02:10:20.7340000+00:00</time>
      </trkpt>
      <trkpt lat="46.74154" lon="7.80894">
        <ele>1605.97</ele>
        <time>2026-05-04T02:10:26.3350000+00:00</time>
      </trkpt>
      <trkpt lat="46.74151" lon="7.8089">
        <ele>1605.04</ele>
        <time>2026-05-04T02:10:31.3140000+00:00</time>
      </trkpt>
      <trkpt lat="46.74149" lon="7.80888">
        <ele>1604.36</ele>
        <time>2026-05-04T02:10:34.2870000+00:00</time>
      </trkpt>
      <trkpt lat="46.74147" lon="7.80882">
        <ele>1603.43</ele>
        <time>2026-05-04T02:10:39.8890000+00:00</time>
      </trkpt>
      <trkpt lat="46.74143" lon="7.80874">
        <ele>1601.44</ele>
        <time>2026-05-04T02:10:48.2020000+00:00</time>
      </trkpt>
      <trkpt lat="46.74142" lon="7.80873">
        <ele>1600.96</ele>
        <time>2026-05-04T02:10:49.6890000+00:00</time>
      </trkpt>
      <trkpt lat="46.74141" lon="7.80871">
        <ele>1600.39</ele>
        <time>2026-05-04T02:10:51.7650000+00:00</time>
      </trkpt>
      <trkpt lat="46.74139" lon="7.8087">
        <ele>1599.47</ele>
        <time>2026-05-04T02:10:54.3560000+00:00</time>
      </trkpt>
      <trkpt lat="46.74138" lon="7.80869">
        <ele>1598.94</ele>
        <time>2026-05-04T02:10:55.8430000+00:00</time>
      </trkpt>
      <trkpt lat="46.74138" lon="7.80866">
        <ele>1598.63</ele>
        <time>2026-05-04T02:10:58.3640000+00:00</time>
      </trkpt>
      <trkpt lat="46.74138" lon="7.80864">
        <ele>1598.42</ele>
        <time>2026-05-04T02:11:00.0470000+00:00</time>
      </trkpt>
      <trkpt lat="46.74138" lon="7.80862">
        <ele>1598.21</ele>
        <time>2026-05-04T02:11:01.7300000+00:00</time>
      </trkpt>
      <trkpt lat="46.74136" lon="7.80859">
        <ele>1596.93</ele>
        <time>2026-05-04T02:11:05.2460000+00:00</time>
      </trkpt>
      <trkpt lat="46.74134" lon="7.80857">
        <ele>1595.71</ele>
        <time>2026-05-04T02:11:08.2170000+00:00</time>
      </trkpt>
      <trkpt lat="46.74133" lon="7.80856">
        <ele>1595.08</ele>
        <time>2026-05-04T02:11:09.7040000+00:00</time>
      </trkpt>
      <trkpt lat="46.74131" lon="7.80851">
        <ele>1593.35</ele>
        <time>2026-05-04T02:11:14.5650000+00:00</time>
      </trkpt>
      <trkpt lat="46.7413" lon="7.80848">
        <ele>1592.77</ele>
        <time>2026-05-04T02:11:17.3680000+00:00</time>
      </trkpt>
      <trkpt lat="46.74129" lon="7.80847">
        <ele>1592.39</ele>
        <time>2026-05-04T02:11:18.8540000+00:00</time>
      </trkpt>
      <trkpt lat="46.74128" lon="7.80846">
        <ele>1592</ele>
        <time>2026-05-04T02:11:20.3410000+00:00</time>
      </trkpt>
      <trkpt lat="46.74126" lon="7.80844">
        <ele>1591.21</ele>
        <time>2026-05-04T02:11:23.3120000+00:00</time>
      </trkpt>
      <trkpt lat="46.74125" lon="7.80842">
        <ele>1590.96</ele>
        <time>2026-05-04T02:11:25.3900000+00:00</time>
      </trkpt>
      <trkpt lat="46.74124" lon="7.80841">
        <ele>1590.55</ele>
        <time>2026-05-04T02:11:26.8770000+00:00</time>
      </trkpt>
      <trkpt lat="46.74123" lon="7.80837">
        <ele>1590.57</ele>
        <time>2026-05-04T02:11:30.4510000+00:00</time>
      </trkpt>
      <trkpt lat="46.74122" lon="7.80835">
        <ele>1590.28</ele>
        <time>2026-05-04T02:11:32.5330000+00:00</time>
      </trkpt>
      <trkpt lat="46.74121" lon="7.80831">
        <ele>1590.26</ele>
        <time>2026-05-04T02:11:36.1070000+00:00</time>
      </trkpt>
      <trkpt lat="46.74118" lon="7.8083">
        <ele>1588.62</ele>
        <time>2026-05-04T02:11:39.8770000+00:00</time>
      </trkpt>
      <trkpt lat="46.74116" lon="7.80827">
        <ele>1587.81</ele>
        <time>2026-05-04T02:11:43.3900000+00:00</time>
      </trkpt>
      <trkpt lat="46.74113" lon="7.80826">
        <ele>1586.13</ele>
        <time>2026-05-04T02:11:47.1610000+00:00</time>
      </trkpt>
      <trkpt lat="46.74112" lon="7.80824">
        <ele>1585.75</ele>
        <time>2026-05-04T02:11:49.2400000+00:00</time>
      </trkpt>
      <trkpt lat="46.7411" lon="7.80823">
        <ele>1584.64</ele>
        <time>2026-05-04T02:11:51.8290000+00:00</time>
      </trkpt>
      <trkpt lat="46.74107" lon="7.8082">
        <ele>1583.11</ele>
        <time>2026-05-04T02:11:56.2850000+00:00</time>
      </trkpt>
      <trkpt lat="46.74105" lon="7.80813">
        <ele>1582.54</ele>
        <time>2026-05-04T02:12:02.6520000+00:00</time>
      </trkpt>
      <trkpt lat="46.74103" lon="7.80812">
        <ele>1582.24</ele>
        <time>2026-05-04T02:12:05.2400000+00:00</time>
      </trkpt>
      <trkpt lat="46.74102" lon="7.8081">
        <ele>1582.23</ele>
        <time>2026-05-04T02:12:07.3160000+00:00</time>
      </trkpt>
      <trkpt lat="46.74101" lon="7.80807">
        <ele>1582.28</ele>
        <time>2026-05-04T02:12:10.1140000+00:00</time>
      </trkpt>
      <trkpt lat="46.741" lon="7.80805">
        <ele>1582.22</ele>
        <time>2026-05-04T02:12:12.1930000+00:00</time>
      </trkpt>
      <trkpt lat="46.74099" lon="7.80804">
        <ele>1582.08</ele>
        <time>2026-05-04T02:12:13.6800000+00:00</time>
      </trkpt>
      <trkpt lat="46.74098" lon="7.808">
        <ele>1582.13</ele>
        <time>2026-05-04T02:12:17.2540000+00:00</time>
      </trkpt>
      <trkpt lat="46.74098" lon="7.80798">
        <ele>1582.26</ele>
        <time>2026-05-04T02:12:18.9340000+00:00</time>
      </trkpt>
      <trkpt lat="46.74097" lon="7.80796">
        <ele>1582.14</ele>
        <time>2026-05-04T02:12:21.0130000+00:00</time>
      </trkpt>
      <trkpt lat="46.74095" lon="7.80793">
        <ele>1581.79</ele>
        <time>2026-05-04T02:12:24.5270000+00:00</time>
      </trkpt>
      <trkpt lat="46.74094" lon="7.80791">
        <ele>1581.63</ele>
        <time>2026-05-04T02:12:26.6080000+00:00</time>
      </trkpt>
      <trkpt lat="46.74092" lon="7.80788">
        <ele>1581.19</ele>
        <time>2026-05-04T02:12:30.1230000+00:00</time>
      </trkpt>
      <trkpt lat="46.74092" lon="7.80786">
        <ele>1581.27</ele>
        <time>2026-05-04T02:12:31.8030000+00:00</time>
      </trkpt>
      <trkpt lat="46.7409" lon="7.80782">
        <ele>1580.8</ele>
        <time>2026-05-04T02:12:35.9590000+00:00</time>
      </trkpt>
      <trkpt lat="46.74089" lon="7.80781">
        <ele>1580.51</ele>
        <time>2026-05-04T02:12:37.4420000+00:00</time>
      </trkpt>
      <trkpt lat="46.74089" lon="7.8078">
        <ele>1580.54</ele>
        <time>2026-05-04T02:12:38.2780000+00:00</time>
      </trkpt>
      <trkpt lat="46.74088" lon="7.80778">
        <ele>1580.26</ele>
        <time>2026-05-04T02:12:40.3570000+00:00</time>
      </trkpt>
      <trkpt lat="46.74087" lon="7.80776">
        <ele>1579.96</ele>
        <time>2026-05-04T02:12:42.4360000+00:00</time>
      </trkpt>
      <trkpt lat="46.74087" lon="7.80774">
        <ele>1579.99</ele>
        <time>2026-05-04T02:12:44.1190000+00:00</time>
      </trkpt>
      <trkpt lat="46.74087" lon="7.80771">
        <ele>1580.04</ele>
        <time>2026-05-04T02:12:46.6400000+00:00</time>
      </trkpt>
      <trkpt lat="46.74087" lon="7.80768">
        <ele>1580.08</ele>
        <time>2026-05-04T02:12:49.1610000+00:00</time>
      </trkpt>
      <trkpt lat="46.74087" lon="7.80764">
        <ele>1580.37</ele>
        <time>2026-05-04T02:12:52.5210000+00:00</time>
      </trkpt>
      <trkpt lat="46.74087" lon="7.80761">
        <ele>1580.74</ele>
        <time>2026-05-04T02:12:55.0420000+00:00</time>
      </trkpt>
      <trkpt lat="46.74088" lon="7.80753">
        <ele>1582.15</ele>
        <time>2026-05-04T02:13:01.8690000+00:00</time>
      </trkpt>
      <trkpt lat="46.74088" lon="7.80746">
        <ele>1583.04</ele>
        <time>2026-05-04T02:13:07.7450000+00:00</time>
      </trkpt>
      <trkpt lat="46.74088" lon="7.80742">
        <ele>1583.54</ele>
        <time>2026-05-04T02:13:11.1040000+00:00</time>
      </trkpt>
      <trkpt lat="46.74089" lon="7.80736">
        <ele>1584.76</ele>
        <time>2026-05-04T02:13:16.2870000+00:00</time>
      </trkpt>
      <trkpt lat="46.74088" lon="7.80732">
        <ele>1584.81</ele>
        <time>2026-05-04T02:13:19.8620000+00:00</time>
      </trkpt>
      <trkpt lat="46.74088" lon="7.80729">
        <ele>1585.19</ele>
        <time>2026-05-04T02:13:22.3810000+00:00</time>
      </trkpt>
      <trkpt lat="46.74086" lon="7.80726">
        <ele>1584.61</ele>
        <time>2026-05-04T02:13:25.8960000+00:00</time>
      </trkpt>
      <trkpt lat="46.74084" lon="7.8072">
        <ele>1584.34</ele>
        <time>2026-05-04T02:13:31.4990000+00:00</time>
      </trkpt>
      <trkpt lat="46.74083" lon="7.80719">
        <ele>1583.96</ele>
        <time>2026-05-04T02:13:32.9850000+00:00</time>
      </trkpt>
      <trkpt lat="46.74081" lon="7.80716">
        <ele>1583.29</ele>
        <time>2026-05-04T02:13:36.4990000+00:00</time>
      </trkpt>
      <trkpt lat="46.7408" lon="7.80712">
        <ele>1583.21</ele>
        <time>2026-05-04T02:13:40.0740000+00:00</time>
      </trkpt>
      <trkpt lat="46.74078" lon="7.8071">
        <ele>1582.38</ele>
        <time>2026-05-04T02:13:43.0430000+00:00</time>
      </trkpt>
      <trkpt lat="46.74076" lon="7.80708">
        <ele>1581.53</ele>
        <time>2026-05-04T02:13:46.0130000+00:00</time>
      </trkpt>
      <trkpt lat="46.74073" lon="7.80703">
        <ele>1580.4</ele>
        <time>2026-05-04T02:13:51.5920000+00:00</time>
      </trkpt>
      <trkpt lat="46.74071" lon="7.80698">
        <ele>1579.75</ele>
        <time>2026-05-04T02:13:56.4530000+00:00</time>
      </trkpt>
      <trkpt lat="46.74068" lon="7.80696">
        <ele>1578.25</ele>
        <time>2026-05-04T02:14:00.4930000+00:00</time>
      </trkpt>
      <trkpt lat="46.74064" lon="7.80692">
        <ele>1576.3</ele>
        <time>2026-05-04T02:14:06.4340000+00:00</time>
      </trkpt>
      <trkpt lat="46.74063" lon="7.80692">
        <ele>1575.73</ele>
        <time>2026-05-04T02:14:07.6630000+00:00</time>
      </trkpt>
      <trkpt lat="46.74062" lon="7.80691">
        <ele>1575.23</ele>
        <time>2026-05-04T02:14:09.1490000+00:00</time>
      </trkpt>
      <trkpt lat="46.74058" lon="7.80689">
        <ele>1573.06</ele>
        <time>2026-05-04T02:14:14.3300000+00:00</time>
      </trkpt>
      <trkpt lat="46.74055" lon="7.80688">
        <ele>1571.39</ele>
        <time>2026-05-04T02:14:18.1010000+00:00</time>
      </trkpt>
      <trkpt lat="46.74051" lon="7.80686">
        <ele>1569.16</ele>
        <time>2026-05-04T02:14:23.2810000+00:00</time>
      </trkpt>
      <trkpt lat="46.74047" lon="7.80685">
        <ele>1566.86</ele>
        <time>2026-05-04T02:14:28.2520000+00:00</time>
      </trkpt>
      <trkpt lat="46.74043" lon="7.80684">
        <ele>1564.54</ele>
        <time>2026-05-04T02:14:33.2240000+00:00</time>
      </trkpt>
      <trkpt lat="46.7404" lon="7.80683">
        <ele>1562.8</ele>
        <time>2026-05-04T02:14:36.9940000+00:00</time>
      </trkpt>
      <trkpt lat="46.74038" lon="7.80683">
        <ele>1561.62</ele>
        <time>2026-05-04T02:14:39.4440000+00:00</time>
      </trkpt>
      <trkpt lat="46.74035" lon="7.80683">
        <ele>1559.86</ele>
        <time>2026-05-04T02:14:43.1180000+00:00</time>
      </trkpt>
      <trkpt lat="46.74032" lon="7.80682">
        <ele>1558.18</ele>
        <time>2026-05-04T02:14:46.8890000+00:00</time>
      </trkpt>
      <trkpt lat="46.7403" lon="7.80681">
        <ele>1557.13</ele>
        <time>2026-05-04T02:14:49.4810000+00:00</time>
      </trkpt>
      <trkpt lat="46.74027" lon="7.80679">
        <ele>1555.6</ele>
        <time>2026-05-04T02:14:53.5240000+00:00</time>
      </trkpt>
      <trkpt lat="46.74025" lon="7.80677">
        <ele>1554.67</ele>
        <time>2026-05-04T02:14:56.4930000+00:00</time>
      </trkpt>
      <trkpt lat="46.74022" lon="7.80674">
        <ele>1553.26</ele>
        <time>2026-05-04T02:15:00.9480000+00:00</time>
      </trkpt>
      <trkpt lat="46.74021" lon="7.80672">
        <ele>1553.31</ele>
        <time>2026-05-04T02:15:03.0260000+00:00</time>
      </trkpt>
      <trkpt lat="46.74018" lon="7.80671">
        <ele>1553.48</ele>
        <time>2026-05-04T02:15:06.7980000+00:00</time>
      </trkpt>
      <trkpt lat="46.74017" lon="7.80669">
        <ele>1553.71</ele>
        <time>2026-05-04T02:15:08.8790000+00:00</time>
      </trkpt>
      <trkpt lat="46.74016" lon="7.80668">
        <ele>1553.83</ele>
        <time>2026-05-04T02:15:10.3650000+00:00</time>
      </trkpt>
      <trkpt lat="46.74017" lon="7.80664">
        <ele>1554.25</ele>
        <time>2026-05-04T02:15:13.9400000+00:00</time>
      </trkpt>
      <trkpt lat="46.74017" lon="7.80661">
        <ele>1554.57</ele>
        <time>2026-05-04T02:15:16.4590000+00:00</time>
      </trkpt>
      <trkpt lat="46.74016" lon="7.80657">
        <ele>1554.99</ele>
        <time>2026-05-04T02:15:20.0330000+00:00</time>
      </trkpt>
      <trkpt lat="46.74016" lon="7.80651">
        <ele>1555.62</ele>
        <time>2026-05-04T02:15:25.0690000+00:00</time>
      </trkpt>
      <trkpt lat="46.74015" lon="7.80649">
        <ele>1555.79</ele>
        <time>2026-05-04T02:15:27.1450000+00:00</time>
      </trkpt>
      <trkpt lat="46.74013" lon="7.80648">
        <ele>1555.81</ele>
        <time>2026-05-04T02:15:29.7370000+00:00</time>
      </trkpt>
      <trkpt lat="46.7401" lon="7.80648">
        <ele>1555.68</ele>
        <time>2026-05-04T02:15:33.4120000+00:00</time>
      </trkpt>
      <trkpt lat="46.74006" lon="7.80645">
        <ele>1555.75</ele>
        <time>2026-05-04T02:15:38.9230000+00:00</time>
      </trkpt>
      <trkpt lat="46.74005" lon="7.80643">
        <ele>1555.86</ele>
        <time>2026-05-04T02:15:41.0040000+00:00</time>
      </trkpt>
      <trkpt lat="46.74004" lon="7.80642">
        <ele>1555.88</ele>
        <time>2026-05-04T02:15:42.4910000+00:00</time>
      </trkpt>
      <trkpt lat="46.74003" lon="7.80639">
        <ele>1556.03</ele>
        <time>2026-05-04T02:15:45.2930000+00:00</time>
      </trkpt>
      <trkpt lat="46.74002" lon="7.80637">
        <ele>1556.11</ele>
        <time>2026-05-04T02:15:47.3690000+00:00</time>
      </trkpt>
      <trkpt lat="46.74001" lon="7.80635">
        <ele>1556.17</ele>
        <time>2026-05-04T02:15:49.4510000+00:00</time>
      </trkpt>
      <trkpt lat="46.74" lon="7.8063">
        <ele>1556.41</ele>
        <time>2026-05-04T02:15:53.8240000+00:00</time>
      </trkpt>
      <trkpt lat="46.73999" lon="7.80627">
        <ele>1556.51</ele>
        <time>2026-05-04T02:15:56.6260000+00:00</time>
      </trkpt>
      <trkpt lat="46.73998" lon="7.80624">
        <ele>1556.59</ele>
        <time>2026-05-04T02:15:59.4290000+00:00</time>
      </trkpt>
      <trkpt lat="46.73998" lon="7.80618">
        <ele>1556.94</ele>
        <time>2026-05-04T02:16:04.4670000+00:00</time>
      </trkpt>
      <trkpt lat="46.73997" lon="7.80615">
        <ele>1556.99</ele>
        <time>2026-05-04T02:16:07.2690000+00:00</time>
      </trkpt>
      <trkpt lat="46.73996" lon="7.80612">
        <ele>1557.02</ele>
        <time>2026-05-04T02:16:10.0720000+00:00</time>
      </trkpt>
      <trkpt lat="46.73996" lon="7.80609">
        <ele>1557.18</ele>
        <time>2026-05-04T02:16:12.5930000+00:00</time>
      </trkpt>
      <trkpt lat="46.73997" lon="7.80605">
        <ele>1557.55</ele>
        <time>2026-05-04T02:16:16.1670000+00:00</time>
      </trkpt>
      <trkpt lat="46.73998" lon="7.80601">
        <ele>1557.94</ele>
        <time>2026-05-04T02:16:19.7420000+00:00</time>
      </trkpt>
      <trkpt lat="46.73998" lon="7.80598">
        <ele>1558.14</ele>
        <time>2026-05-04T02:16:22.2610000+00:00</time>
      </trkpt>
      <trkpt lat="46.73998" lon="7.80594">
        <ele>1558.44</ele>
        <time>2026-05-04T02:16:25.6190000+00:00</time>
      </trkpt>
      <trkpt lat="46.73997" lon="7.80589">
        <ele>1558.63</ele>
        <time>2026-05-04T02:16:29.9920000+00:00</time>
      </trkpt>
      <trkpt lat="46.73996" lon="7.80582">
        <ele>1558.95</ele>
        <time>2026-05-04T02:16:35.9950000+00:00</time>
      </trkpt>
      <trkpt lat="46.73994" lon="7.80573">
        <ele>1559.16</ele>
        <time>2026-05-04T02:16:43.9390000+00:00</time>
      </trkpt>
      <trkpt lat="46.73993" lon="7.80567">
        <ele>1559.34</ele>
        <time>2026-05-04T02:16:49.1240000+00:00</time>
      </trkpt>
      <trkpt lat="46.73993" lon="7.80559">
        <ele>1559.87</ele>
        <time>2026-05-04T02:16:55.8410000+00:00</time>
      </trkpt>
      <trkpt lat="46.73993" lon="7.80556">
        <ele>1560.07</ele>
        <time>2026-05-04T02:16:58.3620000+00:00</time>
      </trkpt>
      <trkpt lat="46.73993" lon="7.80552">
        <ele>1560.34</ele>
        <time>2026-05-04T02:17:01.7220000+00:00</time>
      </trkpt>
      <trkpt lat="46.73993" lon="7.80547">
        <ele>1560.67</ele>
        <time>2026-05-04T02:17:05.9210000+00:00</time>
      </trkpt>
      <trkpt lat="46.73992" lon="7.80541">
        <ele>1560.79</ele>
        <time>2026-05-04T02:17:11.1060000+00:00</time>
      </trkpt>
      <trkpt lat="46.73992" lon="7.80535">
        <ele>1561.18</ele>
        <time>2026-05-04T02:17:16.1440000+00:00</time>
      </trkpt>
      <trkpt lat="46.73992" lon="7.8053">
        <ele>1561.5</ele>
        <time>2026-05-04T02:17:20.3430000+00:00</time>
      </trkpt>
      <trkpt lat="46.73992" lon="7.80526">
        <ele>1561.76</ele>
        <time>2026-05-04T02:17:23.7030000+00:00</time>
      </trkpt>
      <trkpt lat="46.73992" lon="7.80522">
        <ele>1562.01</ele>
        <time>2026-05-04T02:17:27.0630000+00:00</time>
      </trkpt>
      <trkpt lat="46.73993" lon="7.80517">
        <ele>1562.66</ele>
        <time>2026-05-04T02:17:31.4360000+00:00</time>
      </trkpt>
      <trkpt lat="46.73993" lon="7.80515">
        <ele>1562.43</ele>
        <time>2026-05-04T02:17:33.1190000+00:00</time>
      </trkpt>
      <trkpt lat="46.73993" lon="7.8051">
        <ele>1561.32</ele>
        <time>2026-05-04T02:17:37.3180000+00:00</time>
      </trkpt>
      <trkpt lat="46.73994" lon="7.80507">
        <ele>1560.96</ele>
        <time>2026-05-04T02:17:40.1210000+00:00</time>
      </trkpt>
      <trkpt lat="46.73994" lon="7.80502">
        <ele>1559.84</ele>
        <time>2026-05-04T02:17:44.3200000+00:00</time>
      </trkpt>
      <trkpt lat="46.73997" lon="7.80495">
        <ele>1559.12</ele>
        <time>2026-05-04T02:17:51.2520000+00:00</time>
      </trkpt>
      <trkpt lat="46.73996" lon="7.80492">
        <ele>1558.15</ele>
        <time>2026-05-04T02:17:54.0540000+00:00</time>
      </trkpt>
      <trkpt lat="46.73997" lon="7.80488">
        <ele>1557.51</ele>
        <time>2026-05-04T02:17:57.6290000+00:00</time>
      </trkpt>
      <trkpt lat="46.73998" lon="7.80478">
        <ele>1555.46</ele>
        <time>2026-05-04T02:18:06.1130000+00:00</time>
      </trkpt>
      <trkpt lat="46.74" lon="7.80475">
        <ele>1555.26</ele>
        <time>2026-05-04T02:18:09.6270000+00:00</time>
      </trkpt>
      <trkpt lat="46.74002" lon="7.80471">
        <ele>1554.8</ele>
        <time>2026-05-04T02:18:13.7840000+00:00</time>
      </trkpt>
      <trkpt lat="46.74002" lon="7.8047">
        <ele>1554.56</ele>
        <time>2026-05-04T02:18:14.6210000+00:00</time>
      </trkpt>
      <trkpt lat="46.74006" lon="7.80464">
        <ele>1554.03</ele>
        <time>2026-05-04T02:18:21.6480000+00:00</time>
      </trkpt>
      <trkpt lat="46.74009" lon="7.80462">
        <ele>1554.2</ele>
        <time>2026-05-04T02:18:25.6880000+00:00</time>
      </trkpt>
      <trkpt lat="46.74013" lon="7.80461">
        <ele>1554.83</ele>
        <time>2026-05-04T02:18:30.6610000+00:00</time>
      </trkpt>
      <trkpt lat="46.74023" lon="7.80459">
        <ele>1556.76</ele>
        <time>2026-05-04T02:18:43.0260000+00:00</time>
      </trkpt>
      <trkpt lat="46.74029" lon="7.80458">
        <ele>1558.99</ele>
        <time>2026-05-04T02:18:50.4250000+00:00</time>
      </trkpt>
      <trkpt lat="46.74039" lon="7.80457">
        <ele>1562.87</ele>
        <time>2026-05-04T02:19:02.7040000+00:00</time>
      </trkpt>
      <trkpt lat="46.74045" lon="7.80458">
        <ele>1565.67</ele>
        <time>2026-05-04T02:19:10.1030000+00:00</time>
      </trkpt>
      <trkpt lat="46.7405" lon="7.8046">
        <ele>1568.37</ele>
        <time>2026-05-04T02:19:16.4550000+00:00</time>
      </trkpt>
      <trkpt lat="46.74053" lon="7.80461">
        <ele>1569.93</ele>
        <time>2026-05-04T02:19:20.2240000+00:00</time>
      </trkpt>
      <trkpt lat="46.74058" lon="7.8046">
        <ele>1571.72</ele>
        <time>2026-05-04T02:19:26.4070000+00:00</time>
      </trkpt>
      <trkpt lat="46.74064" lon="7.80458">
        <ele>1573.62</ele>
        <time>2026-05-04T02:19:33.9480000+00:00</time>
      </trkpt>
      <trkpt lat="46.74072" lon="7.80454">
        <ele>1575.68</ele>
        <time>2026-05-04T02:19:44.3070000+00:00</time>
      </trkpt>
      <trkpt lat="46.74078" lon="7.8045">
        <ele>1576.87</ele>
        <time>2026-05-04T02:19:52.3890000+00:00</time>
      </trkpt>
      <trkpt lat="46.74082" lon="7.80445">
        <ele>1576.87</ele>
        <time>2026-05-04T02:19:58.8400000+00:00</time>
      </trkpt>
      <trkpt lat="46.74087" lon="7.80434">
        <ele>1575.24</ele>
        <time>2026-05-04T02:20:09.9210000+00:00</time>
      </trkpt>
      <trkpt lat="46.74091" lon="7.80425">
        <ele>1573.5</ele>
        <time>2026-05-04T02:20:18.9270000+00:00</time>
      </trkpt>
      <trkpt lat="46.74095" lon="7.80417">
        <ele>1572.1</ele>
        <time>2026-05-04T02:20:27.2410000+00:00</time>
      </trkpt>
      <trkpt lat="46.74099" lon="7.80413">
        <ele>1572.2</ele>
        <time>2026-05-04T02:20:33.1810000+00:00</time>
      </trkpt>
      <trkpt lat="46.74104" lon="7.80407">
        <ele>1571.97</ele>
        <time>2026-05-04T02:20:41.1120000+00:00</time>
      </trkpt>
      <trkpt lat="46.74107" lon="7.80401">
        <ele>1570.81</ele>
        <time>2026-05-04T02:20:47.3470000+00:00</time>
      </trkpt>
      <trkpt lat="46.74111" lon="7.80394">
        <ele>1569.44</ele>
        <time>2026-05-04T02:20:54.9980000+00:00</time>
      </trkpt>
      <trkpt lat="46.74113" lon="7.80388">
        <ele>1567.7</ele>
        <time>2026-05-04T02:21:00.6000000+00:00</time>
      </trkpt>
      <trkpt lat="46.74116" lon="7.80374">
        <ele>1562.9</ele>
        <time>2026-05-04T02:21:12.9150000+00:00</time>
      </trkpt>
      <trkpt lat="46.74118" lon="7.80364">
        <ele>1559.27</ele>
        <time>2026-05-04T02:21:21.6610000+00:00</time>
      </trkpt>
      <trkpt lat="46.74119" lon="7.80356">
        <ele>1556.16</ele>
        <time>2026-05-04T02:21:28.4870000+00:00</time>
      </trkpt>
      <trkpt lat="46.74115" lon="7.80356">
        <ele>1555.36</ele>
        <time>2026-05-04T02:21:33.3860000+00:00</time>
      </trkpt>
      <trkpt lat="46.7411" lon="7.80357">
        <ele>1554.75</ele>
        <time>2026-05-04T02:21:39.5690000+00:00</time>
      </trkpt>
      <trkpt lat="46.74107" lon="7.8036">
        <ele>1555.28</ele>
        <time>2026-05-04T02:21:44.0240000+00:00</time>
      </trkpt>
      <trkpt lat="46.74104" lon="7.80361">
        <ele>1554.83</ele>
        <time>2026-05-04T02:21:47.7960000+00:00</time>
      </trkpt>
      <trkpt lat="46.74102" lon="7.80362">
        <ele>1554.39</ele>
        <time>2026-05-04T02:21:50.3850000+00:00</time>
      </trkpt>
      <trkpt lat="46.74098" lon="7.80365">
        <ele>1553.89</ele>
        <time>2026-05-04T02:21:55.8940000+00:00</time>
      </trkpt>
      <trkpt lat="46.74095" lon="7.8037">
        <ele>1554.54</ele>
        <time>2026-05-04T02:22:01.4740000+00:00</time>
      </trkpt>
      <trkpt lat="46.74092" lon="7.80373">
        <ele>1554.44</ele>
        <time>2026-05-04T02:22:05.9280000+00:00</time>
      </trkpt>
      <trkpt lat="46.7409" lon="7.80376">
        <ele>1554.76</ele>
        <time>2026-05-04T02:22:09.4410000+00:00</time>
      </trkpt>
      <trkpt lat="46.74088" lon="7.80379">
        <ele>1555.07</ele>
        <time>2026-05-04T02:22:12.9550000+00:00</time>
      </trkpt>
      <trkpt lat="46.74087" lon="7.80383">
        <ele>1556.17</ele>
        <time>2026-05-04T02:22:16.5300000+00:00</time>
      </trkpt>
      <trkpt lat="46.74086" lon="7.80386">
        <ele>1556.89</ele>
        <time>2026-05-04T02:22:19.3320000+00:00</time>
      </trkpt>
      <trkpt lat="46.74084" lon="7.80392">
        <ele>1558.33</ele>
        <time>2026-05-04T02:22:24.9350000+00:00</time>
      </trkpt>
      <trkpt lat="46.74084" lon="7.80393">
        <ele>1558.71</ele>
        <time>2026-05-04T02:22:25.7710000+00:00</time>
      </trkpt>
      <trkpt lat="46.74083" lon="7.80396">
        <ele>1559.43</ele>
        <time>2026-05-04T02:22:28.5720000+00:00</time>
      </trkpt>
      <trkpt lat="46.74081" lon="7.80398">
        <ele>1559.38</ele>
        <time>2026-05-04T02:22:31.5430000+00:00</time>
      </trkpt>
      <trkpt lat="46.74076" lon="7.80406">
        <ele>1560.39</ele>
        <time>2026-05-04T02:22:40.6340000+00:00</time>
      </trkpt>
      <trkpt lat="46.74074" lon="7.80411">
        <ele>1561.47</ele>
        <time>2026-05-04T02:22:45.4950000+00:00</time>
      </trkpt>
      <trkpt lat="46.74072" lon="7.80413">
        <ele>1561.42</ele>
        <time>2026-05-04T02:22:48.4640000+00:00</time>
      </trkpt>
      <trkpt lat="46.74069" lon="7.80414">
        <ele>1560.6</ele>
        <time>2026-05-04T02:22:52.2340000+00:00</time>
      </trkpt>
      <trkpt lat="46.74067" lon="7.80415">
        <ele>1560.18</ele>
        <time>2026-05-04T02:22:54.8230000+00:00</time>
      </trkpt>
      <trkpt lat="46.74065" lon="7.80414">
        <ele>1559.01</ele>
        <time>2026-05-04T02:22:57.4150000+00:00</time>
      </trkpt>
      <trkpt lat="46.74062" lon="7.80415">
        <ele>1558.19</ele>
        <time>2026-05-04T02:23:01.1860000+00:00</time>
      </trkpt>
      <trkpt lat="46.74061" lon="7.80414">
        <ele>1557.41</ele>
        <time>2026-05-04T02:23:02.6720000+00:00</time>
      </trkpt>
      <trkpt lat="46.74059" lon="7.80413">
        <ele>1556.24</ele>
        <time>2026-05-04T02:23:05.2640000+00:00</time>
      </trkpt>
      <trkpt lat="46.74056" lon="7.80409">
        <ele>1553.52</ele>
        <time>2026-05-04T02:23:10.2430000+00:00</time>
      </trkpt>
      <trkpt lat="46.74052" lon="7.80406">
        <ele>1550.78</ele>
        <time>2026-05-04T02:23:15.7520000+00:00</time>
      </trkpt>
      <trkpt lat="46.74047" lon="7.80405">
        <ele>1548.4</ele>
        <time>2026-05-04T02:23:21.9340000+00:00</time>
      </trkpt>
      <trkpt lat="46.7404" lon="7.80403">
        <ele>1544.83</ele>
        <time>2026-05-04T02:23:30.6720000+00:00</time>
      </trkpt>
      <trkpt lat="46.74029" lon="7.80397">
        <ele>1538.13</ele>
        <time>2026-05-04T02:23:45.0580000+00:00</time>
      </trkpt>
      <trkpt lat="46.74006" lon="7.80387">
        <ele>1528.7</ele>
        <time>2026-05-04T02:24:14.4590000+00:00</time>
      </trkpt>
      <trkpt lat="46.73968" lon="7.80375">
        <ele>1517.7</ele>
        <time>2026-05-04T02:25:02.0880000+00:00</time>
      </trkpt>
      <trkpt lat="46.73956" lon="7.80368">
        <ele>1512.99</ele>
        <time>2026-05-04T02:25:17.9200000+00:00</time>
      </trkpt>
      <trkpt lat="46.73946" lon="7.80364">
        <ele>1509.77</ele>
        <time>2026-05-04T02:25:30.6220000+00:00</time>
      </trkpt>
      <trkpt lat="46.73945" lon="7.80364">
        <ele>1509.6</ele>
        <time>2026-05-04T02:25:31.8420000+00:00</time>
      </trkpt>
      <trkpt lat="46.73944" lon="7.80366">
        <ele>1510.21</ele>
        <time>2026-05-04T02:25:33.9230000+00:00</time>
      </trkpt>
      <trkpt lat="46.73943" lon="7.80367">
        <ele>1510.42</ele>
        <time>2026-05-04T02:25:35.4100000+00:00</time>
      </trkpt>
      <trkpt lat="46.73942" lon="7.80367">
        <ele>1510.25</ele>
        <time>2026-05-04T02:25:36.6390000+00:00</time>
      </trkpt>
      <trkpt lat="46.73941" lon="7.80366">
        <ele>1509.7</ele>
        <time>2026-05-04T02:25:38.1250000+00:00</time>
      </trkpt>
      <trkpt lat="46.73941" lon="7.80364">
        <ele>1508.93</ele>
        <time>2026-05-04T02:25:39.8050000+00:00</time>
      </trkpt>
      <trkpt lat="46.73942" lon="7.80361">
        <ele>1507.95</ele>
        <time>2026-05-04T02:25:42.6060000+00:00</time>
      </trkpt>
      <trkpt lat="46.73943" lon="7.80358">
        <ele>1506.96</ele>
        <time>2026-05-04T02:25:45.4080000+00:00</time>
      </trkpt>
      <trkpt lat="46.73944" lon="7.80352">
        <ele>1504.82</ele>
        <time>2026-05-04T02:25:50.5920000+00:00</time>
      </trkpt>
      <trkpt lat="46.73945" lon="7.80349">
        <ele>1503.73</ele>
        <time>2026-05-04T02:25:53.3940000+00:00</time>
      </trkpt>
      <trkpt lat="46.73946" lon="7.80343">
        <ele>1500.65</ele>
        <time>2026-05-04T02:25:58.5780000+00:00</time>
      </trkpt>
      <trkpt lat="46.73945" lon="7.80341">
        <ele>1499.38</ele>
        <time>2026-05-04T02:26:00.6540000+00:00</time>
      </trkpt>
      <trkpt lat="46.73946" lon="7.80338">
        <ele>1497.94</ele>
        <time>2026-05-04T02:26:03.4520000+00:00</time>
      </trkpt>
      <trkpt lat="46.73947" lon="7.80336">
        <ele>1497.05</ele>
        <time>2026-05-04T02:26:05.5340000+00:00</time>
      </trkpt>
      <trkpt lat="46.73948" lon="7.80334">
        <ele>1496.16</ele>
        <time>2026-05-04T02:26:07.6100000+00:00</time>
      </trkpt>
      <trkpt lat="46.73951" lon="7.80329">
        <ele>1494.06</ele>
        <time>2026-05-04T02:26:13.1900000+00:00</time>
      </trkpt>
      <trkpt lat="46.73953" lon="7.80326">
        <ele>1492.86</ele>
        <time>2026-05-04T02:26:16.7050000+00:00</time>
      </trkpt>
      <trkpt lat="46.73955" lon="7.80324">
        <ele>1492.21</ele>
        <time>2026-05-04T02:26:19.6750000+00:00</time>
      </trkpt>
      <trkpt lat="46.73958" lon="7.8032">
        <ele>1490.73</ele>
        <time>2026-05-04T02:26:24.6520000+00:00</time>
      </trkpt>
      <trkpt lat="46.7396" lon="7.80317">
        <ele>1489.58</ele>
        <time>2026-05-04T02:26:28.1650000+00:00</time>
      </trkpt>
      <trkpt lat="46.73963" lon="7.80314">
        <ele>1488.68</ele>
        <time>2026-05-04T02:26:32.6200000+00:00</time>
      </trkpt>
      <trkpt lat="46.73963" lon="7.80311">
        <ele>1487.13</ele>
        <time>2026-05-04T02:26:35.1390000+00:00</time>
      </trkpt>
      <trkpt lat="46.73964" lon="7.8031">
        <ele>1486.84</ele>
        <time>2026-05-04T02:26:36.6250000+00:00</time>
      </trkpt>
      <trkpt lat="46.73967" lon="7.80307">
        <ele>1485.98</ele>
        <time>2026-05-04T02:26:41.0810000+00:00</time>
      </trkpt>
      <trkpt lat="46.73971" lon="7.80304">
        <ele>1485.38</ele>
        <time>2026-05-04T02:26:46.5900000+00:00</time>
      </trkpt>
      <trkpt lat="46.73976" lon="7.8030099999999996">
        <ele>1485.06</ele>
        <time>2026-05-04T02:26:53.2130000+00:00</time>
      </trkpt>
      <trkpt lat="46.73978" lon="7.80302">
        <ele>1486.03</ele>
        <time>2026-05-04T02:26:55.8050000+00:00</time>
      </trkpt>
      <trkpt lat="46.73983" lon="7.80299">
        <ele>1485.75</ele>
        <time>2026-05-04T02:27:02.4270000+00:00</time>
      </trkpt>
      <trkpt lat="46.73986" lon="7.80299">
        <ele>1486.47</ele>
        <time>2026-05-04T02:27:06.1010000+00:00</time>
      </trkpt>
      <trkpt lat="46.73992" lon="7.8030099999999996">
        <ele>1488.87</ele>
        <time>2026-05-04T02:27:13.6400000+00:00</time>
      </trkpt>
      <trkpt lat="46.73996" lon="7.8030099999999996">
        <ele>1489.83</ele>
        <time>2026-05-04T02:27:18.5420000+00:00</time>
      </trkpt>
      <trkpt lat="46.73999" lon="7.80302">
        <ele>1491.01</ele>
        <time>2026-05-04T02:27:22.3130000+00:00</time>
      </trkpt>
      <trkpt lat="46.74002" lon="7.80303">
        <ele>1492.18</ele>
        <time>2026-05-04T02:27:26.0840000+00:00</time>
      </trkpt>
      <trkpt lat="46.74005" lon="7.80302">
        <ele>1492.43</ele>
        <time>2026-05-04T02:27:29.8550000+00:00</time>
      </trkpt>
      <trkpt lat="46.74008" lon="7.803">
        <ele>1492.23</ele>
        <time>2026-05-04T02:27:33.8950000+00:00</time>
      </trkpt>
      <trkpt lat="46.7401" lon="7.80298">
        <ele>1491.82</ele>
        <time>2026-05-04T02:27:36.8640000+00:00</time>
      </trkpt>
      <trkpt lat="46.7401" lon="7.80298">
        <ele>1491.82</ele>
        <time>2026-05-04T02:27:36.8640000+00:00</time>
      </trkpt>
      <trkpt lat="46.74014" lon="7.80295">
        <ele>1491.46</ele>
        <time>2026-05-04T02:27:42.3740000+00:00</time>
      </trkpt>
      <trkpt lat="46.74017" lon="7.80295">
        <ele>1492.2</ele>
        <time>2026-05-04T02:27:46.0480000+00:00</time>
      </trkpt>
      <trkpt lat="46.74022" lon="7.80291">
        <ele>1491.76</ele>
        <time>2026-05-04T02:27:53.0330000+00:00</time>
      </trkpt>
      <trkpt lat="46.74025" lon="7.8029">
        <ele>1492.55</ele>
        <time>2026-05-04T02:27:56.8010000+00:00</time>
      </trkpt>
      <trkpt lat="46.74029" lon="7.8029">
        <ele>1494.19</ele>
        <time>2026-05-04T02:28:01.7000000+00:00</time>
      </trkpt>
      <trkpt lat="46.7403" lon="7.80289">
        <ele>1494.16</ele>
        <time>2026-05-04T02:28:03.1870000+00:00</time>
      </trkpt>
      <trkpt lat="46.74032" lon="7.80285">
        <ele>1493.25</ele>
        <time>2026-05-04T02:28:07.3460000+00:00</time>
      </trkpt>
      <trkpt lat="46.74034" lon="7.80283">
        <ele>1493.2</ele>
        <time>2026-05-04T02:28:10.3170000+00:00</time>
      </trkpt>
      <trkpt lat="46.74036" lon="7.80282">
        <ele>1493.59</ele>
        <time>2026-05-04T02:28:12.9040000+00:00</time>
      </trkpt>
      <trkpt lat="46.74039" lon="7.80279">
        <ele>1493.51</ele>
        <time>2026-05-04T02:28:17.3590000+00:00</time>
      </trkpt>
      <trkpt lat="46.74041" lon="7.80278">
        <ele>1493.9</ele>
        <time>2026-05-04T02:28:19.9510000+00:00</time>
      </trkpt>
      <trkpt lat="46.74043" lon="7.80278">
        <ele>1494.71</ele>
        <time>2026-05-04T02:28:22.3990000+00:00</time>
      </trkpt>
      <trkpt lat="46.74045" lon="7.80276">
        <ele>1494.67</ele>
        <time>2026-05-04T02:28:25.3700000+00:00</time>
      </trkpt>
      <trkpt lat="46.74048" lon="7.80269">
        <ele>1492.87</ele>
        <time>2026-05-04T02:28:32.3020000+00:00</time>
      </trkpt>
      <trkpt lat="46.74052" lon="7.80263">
        <ele>1491.24</ele>
        <time>2026-05-04T02:28:39.3290000+00:00</time>
      </trkpt>
      <trkpt lat="46.74057" lon="7.80257">
        <ele>1489.51</ele>
        <time>2026-05-04T02:28:47.2590000+00:00</time>
      </trkpt>
      <trkpt lat="46.74069" lon="7.80238">
        <ele>1482.33</ele>
        <time>2026-05-04T02:29:08.9510000+00:00</time>
      </trkpt>
      <trkpt lat="46.74076" lon="7.80231">
        <ele>1480.65</ele>
        <time>2026-05-04T02:29:19.3470000+00:00</time>
      </trkpt>
      <trkpt lat="46.741" lon="7.80186">
        <ele>1460.99</ele>
        <time>2026-05-04T02:30:07.2180000+00:00</time>
      </trkpt>
      <trkpt lat="46.74104" lon="7.80171">
        <ele>1455.69</ele>
        <time>2026-05-04T02:30:20.7300000+00:00</time>
      </trkpt>
      <trkpt lat="46.74106" lon="7.80166">
        <ele>1454.13</ele>
        <time>2026-05-04T02:30:25.5910000+00:00</time>
      </trkpt>
      <trkpt lat="46.74106" lon="7.80162">
        <ele>1452.49</ele>
        <time>2026-05-04T02:30:28.9510000+00:00</time>
      </trkpt>
      <trkpt lat="46.74106" lon="7.8016">
        <ele>1451.68</ele>
        <time>2026-05-04T02:30:30.6310000+00:00</time>
      </trkpt>
      <trkpt lat="46.74109" lon="7.80151">
        <ele>1448.37</ele>
        <time>2026-05-04T02:30:39.0320000+00:00</time>
      </trkpt>
      <trkpt lat="46.7411" lon="7.80136">
        <ele>1442.33</ele>
        <time>2026-05-04T02:30:51.6840000+00:00</time>
      </trkpt>
      <trkpt lat="46.74111" lon="7.80131">
        <ele>1440.39</ele>
        <time>2026-05-04T02:30:56.0570000+00:00</time>
      </trkpt>
      <trkpt lat="46.7411" lon="7.80128">
        <ele>1439.04</ele>
        <time>2026-05-04T02:30:58.8600000+00:00</time>
      </trkpt>
      <trkpt lat="46.74108" lon="7.80127">
        <ele>1438.4</ele>
        <time>2026-05-04T02:31:01.4470000+00:00</time>
      </trkpt>
      <trkpt lat="46.74106" lon="7.80128">
        <ele>1438.59</ele>
        <time>2026-05-04T02:31:04.0370000+00:00</time>
      </trkpt>
      <trkpt lat="46.74099" lon="7.8013">
        <ele>1437.17</ele>
        <time>2026-05-04T02:31:12.7750000+00:00</time>
      </trkpt>
      <trkpt lat="46.74089" lon="7.80132">
        <ele>1434.41</ele>
        <time>2026-05-04T02:31:25.1400000+00:00</time>
      </trkpt>
      <trkpt lat="46.7408" lon="7.80136">
        <ele>1432.8</ele>
        <time>2026-05-04T02:31:36.6650000+00:00</time>
      </trkpt>
      <trkpt lat="46.74071" lon="7.80139">
        <ele>1430.77</ele>
        <time>2026-05-04T02:31:47.9750000+00:00</time>
      </trkpt>
      <trkpt lat="46.74068" lon="7.80139">
        <ele>1429.69</ele>
        <time>2026-05-04T02:31:51.6490000+00:00</time>
      </trkpt>
      <trkpt lat="46.74066" lon="7.80138">
        <ele>1428.57</ele>
        <time>2026-05-04T02:31:54.2410000+00:00</time>
      </trkpt>
      <trkpt lat="46.74065" lon="7.80136">
        <ele>1427.42</ele>
        <time>2026-05-04T02:31:56.3220000+00:00</time>
      </trkpt>
      <trkpt lat="46.74062" lon="7.80125">
        <ele>1421.99</ele>
        <time>2026-05-04T02:32:06.2620000+00:00</time>
      </trkpt>
      <trkpt lat="46.7406" lon="7.80118">
        <ele>1418.51</ele>
        <time>2026-05-04T02:32:12.6290000+00:00</time>
      </trkpt>
      <trkpt lat="46.74057" lon="7.80112">
        <ele>1415.08</ele>
        <time>2026-05-04T02:32:18.8640000+00:00</time>
      </trkpt>
      <trkpt lat="46.74045" lon="7.80097">
        <ele>1405.53</ele>
        <time>2026-05-04T02:32:38.2200000+00:00</time>
      </trkpt>
      <trkpt lat="46.74038" lon="7.80087">
        <ele>1401.12</ele>
        <time>2026-05-04T02:32:50.2210000+00:00</time>
      </trkpt>
      <trkpt lat="46.74033" lon="7.8008">
        <ele>1398.1</ele>
        <time>2026-05-04T02:32:58.7090000+00:00</time>
      </trkpt>
      <trkpt lat="46.74032" lon="7.80075">
        <ele>1396.82</ele>
        <time>2026-05-04T02:33:03.0820000+00:00</time>
      </trkpt>
      <trkpt lat="46.74031" lon="7.80063">
        <ele>1394.21</ele>
        <time>2026-05-04T02:33:13.2310000+00:00</time>
      </trkpt>
      <trkpt lat="46.74031" lon="7.80056">
        <ele>1392.87</ele>
        <time>2026-05-04T02:33:19.1070000+00:00</time>
      </trkpt>
      <trkpt lat="46.74032" lon="7.80048">
        <ele>1391.63</ele>
        <time>2026-05-04T02:33:25.9340000+00:00</time>
      </trkpt>
      <trkpt lat="46.74032" lon="7.80042">
        <ele>1390.48</ele>
        <time>2026-05-04T02:33:30.9720000+00:00</time>
      </trkpt>
      <trkpt lat="46.74031" lon="7.80036">
        <ele>1389.05</ele>
        <time>2026-05-04T02:33:36.1570000+00:00</time>
      </trkpt>
      <trkpt lat="46.74029" lon="7.80032">
        <ele>1387.75</ele>
        <time>2026-05-04T02:33:40.3140000+00:00</time>
      </trkpt>
      <trkpt lat="46.74028" lon="7.8003">
        <ele>1387.1</ele>
        <time>2026-05-04T02:33:42.3950000+00:00</time>
      </trkpt>
      <trkpt lat="46.74024" lon="7.80028">
        <ele>1385.67</ele>
        <time>2026-05-04T02:33:47.5770000+00:00</time>
      </trkpt>
      <trkpt lat="46.7402" lon="7.80027">
        <ele>1384.61</ele>
        <time>2026-05-04T02:33:52.5480000+00:00</time>
      </trkpt>
      <trkpt lat="46.74018" lon="7.80024">
        <ele>1383.78</ele>
        <time>2026-05-04T02:33:56.0620000+00:00</time>
      </trkpt>
      <trkpt lat="46.74018" lon="7.80019">
        <ele>1382.89</ele>
        <time>2026-05-04T02:34:00.2610000+00:00</time>
      </trkpt>
      <trkpt lat="46.74019" lon="7.80014">
        <ele>1382.49</ele>
        <time>2026-05-04T02:34:04.6340000+00:00</time>
      </trkpt>
      <trkpt lat="46.7402" lon="7.80008">
        <ele>1382.35</ele>
        <time>2026-05-04T02:34:09.8180000+00:00</time>
      </trkpt>
      <trkpt lat="46.74021" lon="7.80004">
        <ele>1382.3</ele>
        <time>2026-05-04T02:34:13.3920000+00:00</time>
      </trkpt>
      <trkpt lat="46.7402" lon="7.79998">
        <ele>1381.87</ele>
        <time>2026-05-04T02:34:18.5760000+00:00</time>
      </trkpt>
      <trkpt lat="46.74017" lon="7.79999">
        <ele>1381.48</ele>
        <time>2026-05-04T02:34:22.3460000+00:00</time>
      </trkpt>
      <trkpt lat="46.74014" lon="7.79999">
        <ele>1381.05</ele>
        <time>2026-05-04T02:34:26.0200000+00:00</time>
      </trkpt>
      <trkpt lat="46.74009" lon="7.79997">
        <ele>1380.23</ele>
        <time>2026-05-04T02:34:32.3720000+00:00</time>
      </trkpt>
      <trkpt lat="46.74003" lon="7.79994">
        <ele>1379.22</ele>
        <time>2026-05-04T02:34:40.1410000+00:00</time>
      </trkpt>
      <trkpt lat="46.74002" lon="7.79993">
        <ele>1379.03</ele>
        <time>2026-05-04T02:34:41.6240000+00:00</time>
      </trkpt>
      <trkpt lat="46.73979" lon="7.79976">
        <ele>1374.9</ele>
        <time>2026-05-04T02:35:13.2090000+00:00</time>
      </trkpt>
      <trkpt lat="46.73945" lon="7.79952">
        <ele>1368.85</ele>
        <time>2026-05-04T02:35:59.4780000+00:00</time>
      </trkpt>
      <trkpt lat="46.73924" lon="7.79937">
        <ele>1365.62</ele>
        <time>2026-05-04T02:36:28.1210000+00:00</time>
      </trkpt>
      <trkpt lat="46.73904" lon="7.79922">
        <ele>1363.17</ele>
        <time>2026-05-04T02:36:55.6690000+00:00</time>
      </trkpt>
      <trkpt lat="46.73884" lon="7.79909">
        <ele>1360.74</ele>
        <time>2026-05-04T02:37:22.4910000+00:00</time>
      </trkpt>
      <trkpt lat="46.73862" lon="7.79893">
        <ele>1357.85</ele>
        <time>2026-05-04T02:37:52.6040000+00:00</time>
      </trkpt>
      <trkpt lat="46.7384" lon="7.79878">
        <ele>1355.82</ele>
        <time>2026-05-04T02:38:22.3520000+00:00</time>
      </trkpt>
      <trkpt lat="46.73821" lon="7.79863">
        <ele>1354.1</ele>
        <time>2026-05-04T02:38:48.8160000+00:00</time>
      </trkpt>
      <trkpt lat="46.73805" lon="7.79851">
        <ele>1352.43</ele>
        <time>2026-05-04T02:39:10.8540000+00:00</time>
      </trkpt>
      <trkpt lat="46.73791" lon="7.79839">
        <ele>1351.37</ele>
        <time>2026-05-04T02:39:30.7450000+00:00</time>
      </trkpt>
      <trkpt lat="46.73776" lon="7.79825">
        <ele>1350.06</ele>
        <time>2026-05-04T02:39:52.5590000+00:00</time>
      </trkpt>
      <trkpt lat="46.73759" lon="7.79808">
        <ele>1348.41</ele>
        <time>2026-05-04T02:40:17.8060000+00:00</time>
      </trkpt>
      <trkpt lat="46.73739" lon="7.79787">
        <ele>1346.07</ele>
        <time>2026-05-04T02:40:47.9910000+00:00</time>
      </trkpt>
      <trkpt lat="46.73712" lon="7.79758">
        <ele>1342.54</ele>
        <time>2026-05-04T02:41:29.0630000+00:00</time>
      </trkpt>
      <trkpt lat="46.73689" lon="7.79732">
        <ele>1339.63</ele>
        <time>2026-05-04T02:42:04.7050000+00:00</time>
      </trkpt>
      <trkpt lat="46.73658" lon="7.79697">
        <ele>1337.81</ele>
        <time>2026-05-04T02:42:52.7230000+00:00</time>
      </trkpt>
      <trkpt lat="46.73632" lon="7.79668">
        <ele>1335.77</ele>
        <time>2026-05-04T02:43:32.8150000+00:00</time>
      </trkpt>
      <trkpt lat="46.73611" lon="7.79647">
        <ele>1333.63</ele>
        <time>2026-05-04T02:44:04.0030000+00:00</time>
      </trkpt>
      <trkpt lat="46.73603" lon="7.79637">
        <ele>1332.72</ele>
        <time>2026-05-04T02:44:16.9080000+00:00</time>
      </trkpt>
      <trkpt lat="46.73599" lon="7.7963">
        <ele>1332.26</ele>
        <time>2026-05-04T02:44:24.5600000+00:00</time>
      </trkpt>
      <trkpt lat="46.73595" lon="7.79623">
        <ele>1331.74</ele>
        <time>2026-05-04T02:44:32.2120000+00:00</time>
      </trkpt>
      <trkpt lat="46.7359" lon="7.79612">
        <ele>1330.85</ele>
        <time>2026-05-04T02:44:43.2950000+00:00</time>
      </trkpt>
      <trkpt lat="46.73583" lon="7.79589">
        <ele>1328.94</ele>
        <time>2026-05-04T02:45:04.4240000+00:00</time>
      </trkpt>
      <trkpt lat="46.73576" lon="7.79567">
        <ele>1327.1</ele>
        <time>2026-05-04T02:45:24.7880000+00:00</time>
      </trkpt>
      <trkpt lat="46.73571" lon="7.79554">
        <ele>1325.93</ele>
        <time>2026-05-04T02:45:37.3040000+00:00</time>
      </trkpt>
      <trkpt lat="46.73566" lon="7.79544">
        <ele>1324.94</ele>
        <time>2026-05-04T02:45:47.6970000+00:00</time>
      </trkpt>
      <trkpt lat="46.73561" lon="7.79535">
        <ele>1324</ele>
        <time>2026-05-04T02:45:57.4250000+00:00</time>
      </trkpt>
      <trkpt lat="46.73555" lon="7.79526">
        <ele>1322.97</ele>
        <time>2026-05-04T02:46:07.9670000+00:00</time>
      </trkpt>
      <trkpt lat="46.73547" lon="7.79517">
        <ele>1321.8</ele>
        <time>2026-05-04T02:46:20.3420000+00:00</time>
      </trkpt>
      <trkpt lat="46.73543" lon="7.79512">
        <ele>1321.51</ele>
        <time>2026-05-04T02:46:26.7950000+00:00</time>
      </trkpt>
      <trkpt lat="46.73537" lon="7.79504">
        <ele>1321.08</ele>
        <time>2026-05-04T02:46:36.7520000+00:00</time>
      </trkpt>
      <trkpt lat="46.73524" lon="7.79488">
        <ele>1320.14</ele>
        <time>2026-05-04T02:46:57.5870000+00:00</time>
      </trkpt>
      <trkpt lat="46.73518" lon="7.7948">
        <ele>1320.11</ele>
        <time>2026-05-04T02:47:07.5450000+00:00</time>
      </trkpt>
      <trkpt lat="46.73506" lon="7.79465">
        <ele>1320.29</ele>
        <time>2026-05-04T02:47:26.9020000+00:00</time>
      </trkpt>
      <trkpt lat="46.7349" lon="7.79447">
        <ele>1320.24</ele>
        <time>2026-05-04T02:47:51.6530000+00:00</time>
      </trkpt>
      <trkpt lat="46.73482" lon="7.79439">
        <ele>1320.12</ele>
        <time>2026-05-04T02:48:03.5350000+00:00</time>
      </trkpt>
      <trkpt lat="46.73472" lon="7.79428">
        <ele>1320</ele>
        <time>2026-05-04T02:48:18.8760000+00:00</time>
      </trkpt>
      <trkpt lat="46.73459" lon="7.79416">
        <ele>1320</ele>
        <time>2026-05-04T02:48:37.7220000+00:00</time>
      </trkpt>
      <trkpt lat="46.73437" lon="7.79395">
        <ele>1319.99</ele>
        <time>2026-05-04T02:49:09.9280000+00:00</time>
      </trkpt>
      <trkpt lat="46.7343" lon="7.79389">
        <ele>1319.94</ele>
        <time>2026-05-04T02:49:19.8730000+00:00</time>
      </trkpt>
      <trkpt lat="46.73421" lon="7.79381">
        <ele>1319.81</ele>
        <time>2026-05-04T02:49:32.7840000+00:00</time>
      </trkpt>
      <trkpt lat="46.73386" lon="7.7935">
        <ele>1318.73</ele>
        <time>2026-05-04T02:50:22.9430000+00:00</time>
      </trkpt>
      <trkpt lat="46.73352" lon="7.79319">
        <ele>1317.56</ele>
        <time>2026-05-04T02:51:12.0580000+00:00</time>
      </trkpt>
      <trkpt lat="46.73318" lon="7.79288">
        <ele>1315.1</ele>
        <time>2026-05-04T02:52:01.1740000+00:00</time>
      </trkpt>
      <trkpt lat="46.7328" lon="7.79254">
        <ele>1309.48</ele>
        <time>2026-05-04T02:52:55.7820000+00:00</time>
      </trkpt>
      <trkpt lat="46.73252" lon="7.79228">
        <ele>1307.63</ele>
        <time>2026-05-04T02:53:36.4410000+00:00</time>
      </trkpt>
      <trkpt lat="46.73244" lon="7.79219">
        <ele>1306.99</ele>
        <time>2026-05-04T02:53:48.8170000+00:00</time>
      </trkpt>
      <trkpt lat="46.73238" lon="7.7921">
        <ele>1306.06</ele>
        <time>2026-05-04T02:53:59.3580000+00:00</time>
      </trkpt>
      <trkpt lat="46.73228" lon="7.79195">
        <ele>1304.22</ele>
        <time>2026-05-04T02:54:16.9280000+00:00</time>
      </trkpt>
      <trkpt lat="46.7322" lon="7.79179">
        <ele>1302.51</ele>
        <time>2026-05-04T02:54:33.5580000+00:00</time>
      </trkpt>
      <trkpt lat="46.73207" lon="7.79155">
        <ele>1301.96</ele>
        <time>2026-05-04T02:54:59.2430000+00:00</time>
      </trkpt>
      <trkpt lat="46.73202" lon="7.79146">
        <ele>1301.69</ele>
        <time>2026-05-04T02:55:08.9700000+00:00</time>
      </trkpt>
      <trkpt lat="46.73197" lon="7.79138">
        <ele>1301.41</ele>
        <time>2026-05-04T02:55:18.0610000+00:00</time>
      </trkpt>
      <trkpt lat="46.7319" lon="7.7913">
        <ele>1301.07</ele>
        <time>2026-05-04T02:55:28.9540000+00:00</time>
      </trkpt>
      <trkpt lat="46.73181" lon="7.79119">
        <ele>1301.28</ele>
        <time>2026-05-04T02:55:43.3370000+00:00</time>
      </trkpt>
      <trkpt lat="46.73166" lon="7.79103">
        <ele>1301.03</ele>
        <time>2026-05-04T02:56:06.1000000+00:00</time>
      </trkpt>
      <trkpt lat="46.73161" lon="7.79098">
        <ele>1300.98</ele>
        <time>2026-05-04T02:56:13.5250000+00:00</time>
      </trkpt>
      <trkpt lat="46.73156" lon="7.79095">
        <ele>1301.11</ele>
        <time>2026-05-04T02:56:20.1490000+00:00</time>
      </trkpt>
      <trkpt lat="46.73149" lon="7.79092">
        <ele>1301.29</ele>
        <time>2026-05-04T02:56:29.0860000+00:00</time>
      </trkpt>
      <trkpt lat="46.73143" lon="7.7909">
        <ele>1301.44</ele>
        <time>2026-05-04T02:56:36.6250000+00:00</time>
      </trkpt>
      <trkpt lat="46.73132" lon="7.79088">
        <ele>1301.74</ele>
        <time>2026-05-04T02:56:50.2050000+00:00</time>
      </trkpt>
      <trkpt lat="46.73121" lon="7.79085">
        <ele>1301.99</ele>
        <time>2026-05-04T02:57:03.9140000+00:00</time>
      </trkpt>
      <trkpt lat="46.73113" lon="7.79082">
        <ele>1302.12</ele>
        <time>2026-05-04T02:57:14.0330000+00:00</time>
      </trkpt>
      <trkpt lat="46.73108" lon="7.79078">
        <ele>1302.12</ele>
        <time>2026-05-04T02:57:21.0200000+00:00</time>
      </trkpt>
      <trkpt lat="46.73104" lon="7.79071">
        <ele>1302.21</ele>
        <time>2026-05-04T02:57:28.6720000+00:00</time>
      </trkpt>
      <trkpt lat="46.731" lon="7.79061">
        <ele>1302.38</ele>
        <time>2026-05-04T02:57:38.3940000+00:00</time>
      </trkpt>
      <trkpt lat="46.73096" lon="7.79044">
        <ele>1301.98</ele>
        <time>2026-05-04T02:57:53.4860000+00:00</time>
      </trkpt>
      <trkpt lat="46.73094" lon="7.79034">
        <ele>1301.58</ele>
        <time>2026-05-04T02:58:02.2330000+00:00</time>
      </trkpt>
      <trkpt lat="46.73091" lon="7.79026">
        <ele>1301.29</ele>
        <time>2026-05-04T02:58:09.8910000+00:00</time>
      </trkpt>
      <trkpt lat="46.73088" lon="7.79019">
        <ele>1300.97</ele>
        <time>2026-05-04T02:58:16.8230000+00:00</time>
      </trkpt>
      <trkpt lat="46.73084" lon="7.79014">
        <ele>1301</ele>
        <time>2026-05-04T02:58:23.2750000+00:00</time>
      </trkpt>
      <trkpt lat="46.73079" lon="7.79008">
        <ele>1301.14</ele>
        <time>2026-05-04T02:58:31.2060000+00:00</time>
      </trkpt>
      <trkpt lat="46.73068" lon="7.78998">
        <ele>1301.39</ele>
        <time>2026-05-04T02:58:47.0840000+00:00</time>
      </trkpt>
      <trkpt lat="46.73044" lon="7.7898">
        <ele>1301.63</ele>
        <time>2026-05-04T02:59:20.1430000+00:00</time>
      </trkpt>
      <trkpt lat="46.73017" lon="7.78959">
        <ele>1301.43</ele>
        <time>2026-05-04T02:59:57.6260000+00:00</time>
      </trkpt>
      <trkpt lat="46.72981" lon="7.78931">
        <ele>1300</ele>
        <time>2026-05-04T03:00:47.6030000+00:00</time>
      </trkpt>
      <trkpt lat="46.72954" lon="7.78911">
        <ele>1300</ele>
        <time>2026-05-04T03:01:24.6990000+00:00</time>
      </trkpt>
      <trkpt lat="46.7292" lon="7.78885">
        <ele>1300.67</ele>
        <time>2026-05-04T03:02:11.7250000+00:00</time>
      </trkpt>
      <trkpt lat="46.72906" lon="7.78874">
        <ele>1300.53</ele>
        <time>2026-05-04T03:02:31.2050000+00:00</time>
      </trkpt>
      <trkpt lat="46.72893" lon="7.78863">
        <ele>1299.85</ele>
        <time>2026-05-04T03:02:49.6150000+00:00</time>
      </trkpt>
      <trkpt lat="46.72883" lon="7.78855">
        <ele>1299.04</ele>
        <time>2026-05-04T03:03:03.5870000+00:00</time>
      </trkpt>
      <trkpt lat="46.72877" lon="7.78848">
        <ele>1298.45</ele>
        <time>2026-05-04T03:03:12.9990000+00:00</time>
      </trkpt>
      <trkpt lat="46.72867" lon="7.78838">
        <ele>1298</ele>
        <time>2026-05-04T03:03:27.8510000+00:00</time>
      </trkpt>
      <trkpt lat="46.72849" lon="7.78819">
        <ele>1297.11</ele>
        <time>2026-05-04T03:03:55.0690000+00:00</time>
      </trkpt>
      <trkpt lat="46.72837" lon="7.78806">
        <ele>1296.27</ele>
        <time>2026-05-04T03:04:13.3790000+00:00</time>
      </trkpt>
      <trkpt lat="46.72818" lon="7.78784">
        <ele>1294</ele>
        <time>2026-05-04T03:04:43.0950000+00:00</time>
      </trkpt>
      <trkpt lat="46.72807" lon="7.78772">
        <ele>1292.26</ele>
        <time>2026-05-04T03:04:59.9210000+00:00</time>
      </trkpt>
      <trkpt lat="46.72798" lon="7.7876">
        <ele>1290.53</ele>
        <time>2026-05-04T03:05:14.8580000+00:00</time>
      </trkpt>
      <trkpt lat="46.72787" lon="7.78744">
        <ele>1288.17</ele>
        <time>2026-05-04T03:05:33.8870000+00:00</time>
      </trkpt>
      <trkpt lat="46.72772" lon="7.78722">
        <ele>1284.68</ele>
        <time>2026-05-04T03:05:59.9440000+00:00</time>
      </trkpt>
      <trkpt lat="46.7276" lon="7.78703">
        <ele>1283.9</ele>
        <time>2026-05-04T03:06:21.6390000+00:00</time>
      </trkpt>
      <trkpt lat="46.72755" lon="7.78695">
        <ele>1283.45</ele>
        <time>2026-05-04T03:06:30.7310000+00:00</time>
      </trkpt>
      <trkpt lat="46.7275" lon="7.78689">
        <ele>1283.16</ele>
        <time>2026-05-04T03:06:38.6620000+00:00</time>
      </trkpt>
      <trkpt lat="46.72745" lon="7.78684">
        <ele>1283</ele>
        <time>2026-05-04T03:06:46.0880000+00:00</time>
      </trkpt>
      <trkpt lat="46.7274" lon="7.78679">
        <ele>1283.33</ele>
        <time>2026-05-04T03:06:53.5140000+00:00</time>
      </trkpt>
      <trkpt lat="46.72727" lon="7.78669">
        <ele>1283.92</ele>
        <time>2026-05-04T03:07:11.5180000+00:00</time>
      </trkpt>
      <trkpt lat="46.7272" lon="7.78663">
        <ele>1284.03</ele>
        <time>2026-05-04T03:07:21.4640000+00:00</time>
      </trkpt>
      <trkpt lat="46.72714" lon="7.78657">
        <ele>1283.99</ele>
        <time>2026-05-04T03:07:30.3750000+00:00</time>
      </trkpt>
      <trkpt lat="46.72708" lon="7.78648">
        <ele>1283.67</ele>
        <time>2026-05-04T03:07:40.9170000+00:00</time>
      </trkpt>
      <trkpt lat="46.72683" lon="7.78611">
        <ele>1281</ele>
        <time>2026-05-04T03:08:24.5440000+00:00</time>
      </trkpt>
      <trkpt lat="46.72657" lon="7.78571">
        <ele>1280.05</ele>
        <time>2026-05-04T03:09:10.8340000+00:00</time>
      </trkpt>
      <trkpt lat="46.72631" lon="7.78532">
        <ele>1278.62</ele>
        <time>2026-05-04T03:09:56.5190000+00:00</time>
      </trkpt>
      <trkpt lat="46.72625" lon="7.78523">
        <ele>1278.08</ele>
        <time>2026-05-04T03:10:07.0610000+00:00</time>
      </trkpt>
      <trkpt lat="46.72621" lon="7.78517">
        <ele>1277.7</ele>
        <time>2026-05-04T03:10:14.0900000+00:00</time>
      </trkpt>
      <trkpt lat="46.72616" lon="7.78511">
        <ele>1277.37</ele>
        <time>2026-05-04T03:10:22.0210000+00:00</time>
      </trkpt>
      <trkpt lat="46.72607" lon="7.78503">
        <ele>1276.69</ele>
        <time>2026-05-04T03:10:34.9320000+00:00</time>
      </trkpt>
      <trkpt lat="46.72598" lon="7.78495">
        <ele>1276.78</ele>
        <time>2026-05-04T03:10:47.8430000+00:00</time>
      </trkpt>
      <trkpt lat="46.72592" lon="7.7849">
        <ele>1276.84</ele>
        <time>2026-05-04T03:10:56.3070000+00:00</time>
      </trkpt>
      <trkpt lat="46.72586" lon="7.78483">
        <ele>1276.76</ele>
        <time>2026-05-04T03:11:05.7190000+00:00</time>
      </trkpt>
      <trkpt lat="46.72575" lon="7.78468">
        <ele>1276.33</ele>
        <time>2026-05-04T03:11:24.1650000+00:00</time>
      </trkpt>
      <trkpt lat="46.72567" lon="7.78458">
        <ele>1275.88</ele>
        <time>2026-05-04T03:11:37.0710000+00:00</time>
      </trkpt>
      <trkpt lat="46.72556" lon="7.78444">
        <ele>1275.03</ele>
        <time>2026-05-04T03:11:54.9540000+00:00</time>
      </trkpt>
      <trkpt lat="46.72541" lon="7.78427">
        <ele>1273.93</ele>
        <time>2026-05-04T03:12:18.2230000+00:00</time>
      </trkpt>
      <trkpt lat="46.72519" lon="7.78402">
        <ele>1272.58</ele>
        <time>2026-05-04T03:12:52.3860000+00:00</time>
      </trkpt>
      <trkpt lat="46.72504" lon="7.78385">
        <ele>1272.03</ele>
        <time>2026-05-04T03:13:15.6560000+00:00</time>
      </trkpt>
      <trkpt lat="46.72495" lon="7.78373">
        <ele>1271.31</ele>
        <time>2026-05-04T03:13:30.5930000+00:00</time>
      </trkpt>
      <trkpt lat="46.72482" lon="7.78356">
        <ele>1269.92</ele>
        <time>2026-05-04T03:13:51.9810000+00:00</time>
      </trkpt>
      <trkpt lat="46.72467" lon="7.78336">
        <ele>1269.02</ele>
        <time>2026-05-04T03:14:16.8750000+00:00</time>
      </trkpt>
      <trkpt lat="46.72454" lon="7.78318">
        <ele>1268.44</ele>
        <time>2026-05-04T03:14:38.8320000+00:00</time>
      </trkpt>
      <trkpt lat="46.72443" lon="7.78302">
        <ele>1267.88</ele>
        <time>2026-05-04T03:14:57.8620000+00:00</time>
      </trkpt>
      <trkpt lat="46.72435" lon="7.7829">
        <ele>1267.68</ele>
        <time>2026-05-04T03:15:11.9190000+00:00</time>
      </trkpt>
      <trkpt lat="46.72428" lon="7.78278">
        <ele>1267.49</ele>
        <time>2026-05-04T03:15:25.1520000+00:00</time>
      </trkpt>
      <trkpt lat="46.72419" lon="7.78263">
        <ele>1267.11</ele>
        <time>2026-05-04T03:15:41.8920000+00:00</time>
      </trkpt>
      <trkpt lat="46.72409" lon="7.78246">
        <ele>1266.74</ele>
        <time>2026-05-04T03:16:00.7040000+00:00</time>
      </trkpt>
      <trkpt lat="46.72396" lon="7.78223">
        <ele>1266.16</ele>
        <time>2026-05-04T03:16:25.7380000+00:00</time>
      </trkpt>
      <trkpt lat="46.72383" lon="7.78198">
        <ele>1265.42</ele>
        <time>2026-05-04T03:16:52.0890000+00:00</time>
      </trkpt>
      <trkpt lat="46.72378" lon="7.78188">
        <ele>1265.1</ele>
        <time>2026-05-04T03:17:02.4830000+00:00</time>
      </trkpt>
      <trkpt lat="46.72371" lon="7.78177">
        <ele>1264.83</ele>
        <time>2026-05-04T03:17:15.0870000+00:00</time>
      </trkpt>
      <trkpt lat="46.72365" lon="7.78168">
        <ele>1264.62</ele>
        <time>2026-05-04T03:17:25.6300000+00:00</time>
      </trkpt>
      <trkpt lat="46.72356" lon="7.78155">
        <ele>1264.32</ele>
        <time>2026-05-04T03:17:41.1460000+00:00</time>
      </trkpt>
      <trkpt lat="46.72347" lon="7.78141">
        <ele>1264.77</ele>
        <time>2026-05-04T03:17:57.2640000+00:00</time>
      </trkpt>
      <trkpt lat="46.72337" lon="7.78127">
        <ele>1265.04</ele>
        <time>2026-05-04T03:18:14.2430000+00:00</time>
      </trkpt>
      <trkpt lat="46.72329" lon="7.78116">
        <ele>1265.06</ele>
        <time>2026-05-04T03:18:27.7110000+00:00</time>
      </trkpt>
      <trkpt lat="46.72318" lon="7.78103">
        <ele>1264.93</ele>
        <time>2026-05-04T03:18:45.0540000+00:00</time>
      </trkpt>
      <trkpt lat="46.72309" lon="7.78092">
        <ele>1264.73</ele>
        <time>2026-05-04T03:18:59.4380000+00:00</time>
      </trkpt>
      <trkpt lat="46.72295" lon="7.78076">
        <ele>1264.35</ele>
        <time>2026-05-04T03:19:21.2260000+00:00</time>
      </trkpt>
      <trkpt lat="46.72286" lon="7.78065">
        <ele>1263.95</ele>
        <time>2026-05-04T03:19:35.6100000+00:00</time>
      </trkpt>
      <trkpt lat="46.7228" lon="7.78059">
        <ele>1263.73</ele>
        <time>2026-05-04T03:19:44.5220000+00:00</time>
      </trkpt>
      <trkpt lat="46.72275" lon="7.78053">
        <ele>1263.45</ele>
        <time>2026-05-04T03:19:52.4530000+00:00</time>
      </trkpt>
      <trkpt lat="46.72272" lon="7.78047">
        <ele>1263.15</ele>
        <time>2026-05-04T03:19:58.6900000+00:00</time>
      </trkpt>
      <trkpt lat="46.72269" lon="7.78038">
        <ele>1262.68</ele>
        <time>2026-05-04T03:20:07.0950000+00:00</time>
      </trkpt>
      <trkpt lat="46.72259" lon="7.78013">
        <ele>1261.41</ele>
        <time>2026-05-04T03:20:31.4030000+00:00</time>
      </trkpt>
      <trkpt lat="46.7225" lon="7.7799">
        <ele>1261.21</ele>
        <time>2026-05-04T03:20:53.6440000+00:00</time>
      </trkpt>
      <trkpt lat="46.72241" lon="7.77969">
        <ele>1260.88</ele>
        <time>2026-05-04T03:21:14.4430000+00:00</time>
      </trkpt>
      <trkpt lat="46.72233" lon="7.7795">
        <ele>1260.44</ele>
        <time>2026-05-04T03:21:33.1700000+00:00</time>
      </trkpt>
      <trkpt lat="46.72221" lon="7.7792">
        <ele>1260</ele>
        <time>2026-05-04T03:22:02.3390000+00:00</time>
      </trkpt>
      <trkpt lat="46.72217" lon="7.77909">
        <ele>1260</ele>
        <time>2026-05-04T03:22:12.7970000+00:00</time>
      </trkpt>
      <trkpt lat="46.72215" lon="7.779">
        <ele>1260</ele>
        <time>2026-05-04T03:22:20.7430000+00:00</time>
      </trkpt>
      <trkpt lat="46.72212" lon="7.77887">
        <ele>1260</ele>
        <time>2026-05-04T03:22:32.2630000+00:00</time>
      </trkpt>
      <trkpt lat="46.72208" lon="7.77864">
        <ele>1260</ele>
        <time>2026-05-04T03:22:52.1900000+00:00</time>
      </trkpt>
      <trkpt lat="46.72205" lon="7.77854">
        <ele>1260</ele>
        <time>2026-05-04T03:23:01.3580000+00:00</time>
      </trkpt>
      <trkpt lat="46.72202" lon="7.77848">
        <ele>1260.01</ele>
        <time>2026-05-04T03:23:07.5950000+00:00</time>
      </trkpt>
      <trkpt lat="46.72199" lon="7.77839">
        <ele>1260.02</ele>
        <time>2026-05-04T03:23:15.9980000+00:00</time>
      </trkpt>
      <trkpt lat="46.72196" lon="7.77833">
        <ele>1260.02</ele>
        <time>2026-05-04T03:23:22.2350000+00:00</time>
      </trkpt>
      <trkpt lat="46.72193" lon="7.77829">
        <ele>1260.01</ele>
        <time>2026-05-04T03:23:27.2140000+00:00</time>
      </trkpt>
      <trkpt lat="46.72189" lon="7.77822">
        <ele>1260.01</ele>
        <time>2026-05-04T03:23:34.8670000+00:00</time>
      </trkpt>
      <trkpt lat="46.72185" lon="7.77818">
        <ele>1260.06</ele>
        <time>2026-05-04T03:23:40.8100000+00:00</time>
      </trkpt>
      <trkpt lat="46.7218" lon="7.77814">
        <ele>1260.09</ele>
        <time>2026-05-04T03:23:47.7960000+00:00</time>
      </trkpt>
      <trkpt lat="46.72166" lon="7.778">
        <ele>1259.97</ele>
        <time>2026-05-04T03:24:08.5900000+00:00</time>
      </trkpt>
      <trkpt lat="46.72159" lon="7.77795">
        <ele>1259.85</ele>
        <time>2026-05-04T03:24:18.1380000+00:00</time>
      </trkpt>
      <trkpt lat="46.72153" lon="7.7779">
        <ele>1259.69</ele>
        <time>2026-05-04T03:24:26.6030000+00:00</time>
      </trkpt>
      <trkpt lat="46.72148" lon="7.77785">
        <ele>1259.49</ele>
        <time>2026-05-04T03:24:34.0290000+00:00</time>
      </trkpt>
      <trkpt lat="46.72143" lon="7.77777">
        <ele>1259.16</ele>
        <time>2026-05-04T03:24:43.1210000+00:00</time>
      </trkpt>
      <trkpt lat="46.72137" lon="7.77767">
        <ele>1258.72</ele>
        <time>2026-05-04T03:24:54.2810000+00:00</time>
      </trkpt>
      <trkpt lat="46.72132" lon="7.77759">
        <ele>1258.53</ele>
        <time>2026-05-04T03:25:03.3730000+00:00</time>
      </trkpt>
      <trkpt lat="46.72128" lon="7.77755">
        <ele>1258.39</ele>
        <time>2026-05-04T03:25:09.3130000+00:00</time>
      </trkpt>
      <trkpt lat="46.72125" lon="7.77751">
        <ele>1258.28</ele>
        <time>2026-05-04T03:25:14.2920000+00:00</time>
      </trkpt>
      <trkpt lat="46.7212" lon="7.77749">
        <ele>1258.13</ele>
        <time>2026-05-04T03:25:20.6440000+00:00</time>
      </trkpt>
      <trkpt lat="46.72114" lon="7.77746">
        <ele>1257.93</ele>
        <time>2026-05-04T03:25:28.4150000+00:00</time>
      </trkpt>
      <trkpt lat="46.7211" lon="7.77743">
        <ele>1257.79</ele>
        <time>2026-05-04T03:25:33.9250000+00:00</time>
      </trkpt>
      <trkpt lat="46.72105" lon="7.77739">
        <ele>1257.6</ele>
        <time>2026-05-04T03:25:40.9120000+00:00</time>
      </trkpt>
      <trkpt lat="46.721" lon="7.77734">
        <ele>1257.36</ele>
        <time>2026-05-04T03:25:48.3380000+00:00</time>
      </trkpt>
      <trkpt lat="46.72096" lon="7.77728">
        <ele>1257.08</ele>
        <time>2026-05-04T03:25:55.3670000+00:00</time>
      </trkpt>
      <trkpt lat="46.72091" lon="7.77721">
        <ele>1256.68</ele>
        <time>2026-05-04T03:26:03.8570000+00:00</time>
      </trkpt>
      <trkpt lat="46.7208" lon="7.77699">
        <ele>1255.3</ele>
        <time>2026-05-04T03:26:26.7250000+00:00</time>
      </trkpt>
      <trkpt lat="46.72072" lon="7.77684">
        <ele>1254.03</ele>
        <time>2026-05-04T03:26:42.6860000+00:00</time>
      </trkpt>
      <trkpt lat="46.72067" lon="7.77674">
        <ele>1253.13</ele>
        <time>2026-05-04T03:26:53.0800000+00:00</time>
      </trkpt>
      <trkpt lat="46.72066" lon="7.77669">
        <ele>1252.81</ele>
        <time>2026-05-04T03:26:57.4560000+00:00</time>
      </trkpt>
      <trkpt lat="46.72064" lon="7.77661">
        <ele>1252.25</ele>
        <time>2026-05-04T03:27:04.6080000+00:00</time>
      </trkpt>
      <trkpt lat="46.72063" lon="7.77655">
        <ele>1251.88</ele>
        <time>2026-05-04T03:27:09.7940000+00:00</time>
      </trkpt>
      <trkpt lat="46.7206" lon="7.77651">
        <ele>1251.44</ele>
        <time>2026-05-04T03:27:14.7730000+00:00</time>
      </trkpt>
      <trkpt lat="46.72057" lon="7.77647">
        <ele>1250.99</ele>
        <time>2026-05-04T03:27:19.7520000+00:00</time>
      </trkpt>
      <trkpt lat="46.72052" lon="7.77643">
        <ele>1250.38</ele>
        <time>2026-05-04T03:27:26.7370000+00:00</time>
      </trkpt>
      <trkpt lat="46.72037" lon="7.77634">
        <ele>1248.69</ele>
        <time>2026-05-04T03:27:46.6060000+00:00</time>
      </trkpt>
      <trkpt lat="46.72029" lon="7.77629">
        <ele>1247.78</ele>
        <time>2026-05-04T03:27:57.2690000+00:00</time>
      </trkpt>
      <trkpt lat="46.72025" lon="7.77626">
        <ele>1247.29</ele>
        <time>2026-05-04T03:28:02.7790000+00:00</time>
      </trkpt>
      <trkpt lat="46.72022" lon="7.77622">
        <ele>1246.89</ele>
        <time>2026-05-04T03:28:07.7580000+00:00</time>
      </trkpt>
      <trkpt lat="46.72016" lon="7.77603">
        <ele>1245.53</ele>
        <time>2026-05-04T03:28:25.3260000+00:00</time>
      </trkpt>
      <trkpt lat="46.72011" lon="7.77587">
        <ele>1244.19</ele>
        <time>2026-05-04T03:28:40.0940000+00:00</time>
      </trkpt>
      <trkpt lat="46.72009" lon="7.77578">
        <ele>1243.48</ele>
        <time>2026-05-04T03:28:48.0400000+00:00</time>
      </trkpt>
      <trkpt lat="46.72004" lon="7.7756">
        <ele>1241.97</ele>
        <time>2026-05-04T03:29:04.3500000+00:00</time>
      </trkpt>
      <trkpt lat="46.71997" lon="7.77526">
        <ele>1239.25</ele>
        <time>2026-05-04T03:29:34.1650000+00:00</time>
      </trkpt>
      <trkpt lat="46.71994" lon="7.77516">
        <ele>1238.33</ele>
        <time>2026-05-04T03:29:43.3330000+00:00</time>
      </trkpt>
      <trkpt lat="46.71991" lon="7.7751">
        <ele>1237.62</ele>
        <time>2026-05-04T03:29:49.5700000+00:00</time>
      </trkpt>
      <trkpt lat="46.71988" lon="7.77505">
        <ele>1236.95</ele>
        <time>2026-05-04T03:29:55.1520000+00:00</time>
      </trkpt>
      <trkpt lat="46.71983" lon="7.775">
        <ele>1236.06</ele>
        <time>2026-05-04T03:30:02.5780000+00:00</time>
      </trkpt>
      <trkpt lat="46.71977" lon="7.77496">
        <ele>1235.1</ele>
        <time>2026-05-04T03:30:10.6610000+00:00</time>
      </trkpt>
      <trkpt lat="46.71965" lon="7.77491">
        <ele>1233.37</ele>
        <time>2026-05-04T03:30:25.9500000+00:00</time>
      </trkpt>
      <trkpt lat="46.71959" lon="7.77489">
        <ele>1232.51</ele>
        <time>2026-05-04T03:30:33.4890000+00:00</time>
      </trkpt>
      <trkpt lat="46.71956" lon="7.77486">
        <ele>1231.86</ele>
        <time>2026-05-04T03:30:37.9440000+00:00</time>
      </trkpt>
      <trkpt lat="46.71954" lon="7.77481">
        <ele>1231.1</ele>
        <time>2026-05-04T03:30:42.8060000+00:00</time>
      </trkpt>
      <trkpt lat="46.71954" lon="7.77476">
        <ele>1230.56</ele>
        <time>2026-05-04T03:30:47.0070000+00:00</time>
      </trkpt>
      <trkpt lat="46.71955" lon="7.7747">
        <ele>1230.03</ele>
        <time>2026-05-04T03:30:52.1920000+00:00</time>
      </trkpt>
      <trkpt lat="46.71959" lon="7.77466">
        <ele>1230.12</ele>
        <time>2026-05-04T03:30:58.1330000+00:00</time>
      </trkpt>
      <trkpt lat="46.71966" lon="7.77461">
        <ele>1230.54</ele>
        <time>2026-05-04T03:31:07.6800000+00:00</time>
      </trkpt>
      <trkpt lat="46.71971" lon="7.77457">
        <ele>1230.84</ele>
        <time>2026-05-04T03:31:14.6660000+00:00</time>
      </trkpt>
      <trkpt lat="46.71974" lon="7.7745">
        <ele>1230.62</ele>
        <time>2026-05-04T03:31:21.5990000+00:00</time>
      </trkpt>
      <trkpt lat="46.71977" lon="7.77441">
        <ele>1230.26</ele>
        <time>2026-05-04T03:31:30.0040000+00:00</time>
      </trkpt>
      <trkpt lat="46.71979" lon="7.77434">
        <ele>1229.98</ele>
        <time>2026-05-04T03:31:36.3730000+00:00</time>
      </trkpt>
      <trkpt lat="46.71984" lon="7.77428">
        <ele>1230.39</ele>
        <time>2026-05-04T03:31:44.3050000+00:00</time>
      </trkpt>
      <trkpt lat="46.71986" lon="7.77424">
        <ele>1230.47</ele>
        <time>2026-05-04T03:31:48.4620000+00:00</time>
      </trkpt>
      <trkpt lat="46.71989" lon="7.77417">
        <ele>1230.56</ele>
        <time>2026-05-04T03:31:55.3950000+00:00</time>
      </trkpt>
      <trkpt lat="46.71993" lon="7.77408">
        <ele>1230.77</ele>
        <time>2026-05-04T03:32:04.4030000+00:00</time>
      </trkpt>
      <trkpt lat="46.71995" lon="7.77398">
        <ele>1230.61</ele>
        <time>2026-05-04T03:32:13.1520000+00:00</time>
      </trkpt>
      <trkpt lat="46.71997" lon="7.77388">
        <ele>1230.49</ele>
        <time>2026-05-04T03:32:21.9010000+00:00</time>
      </trkpt>
      <trkpt lat="46.71998" lon="7.77378">
        <ele>1230.2</ele>
        <time>2026-05-04T03:32:30.3880000+00:00</time>
      </trkpt>
      <trkpt lat="46.71998" lon="7.7737">
        <ele>1229.8</ele>
        <time>2026-05-04T03:32:37.1070000+00:00</time>
      </trkpt>
      <trkpt lat="46.71996" lon="7.77362">
        <ele>1228.94</ele>
        <time>2026-05-04T03:32:44.2570000+00:00</time>
      </trkpt>
      <trkpt lat="46.71994" lon="7.77354">
        <ele>1228.05</ele>
        <time>2026-05-04T03:32:51.4080000+00:00</time>
      </trkpt>
      <trkpt lat="46.71991" lon="7.77345">
        <ele>1227.28</ele>
        <time>2026-05-04T03:32:59.8120000+00:00</time>
      </trkpt>
      <trkpt lat="46.71982" lon="7.77328">
        <ele>1224.94</ele>
        <time>2026-05-04T03:33:17.8510000+00:00</time>
      </trkpt>
      <trkpt lat="46.71976" lon="7.77316">
        <ele>1223.15</ele>
        <time>2026-05-04T03:33:30.3250000+00:00</time>
      </trkpt>
      <trkpt lat="46.71968" lon="7.77303">
        <ele>1220.54</ele>
        <time>2026-05-04T03:33:44.9960000+00:00</time>
      </trkpt>
      <trkpt lat="46.71961" lon="7.77292">
        <ele>1218.05</ele>
        <time>2026-05-04T03:33:57.6010000+00:00</time>
      </trkpt>
      <trkpt lat="46.71956" lon="7.77286">
        <ele>1216.23</ele>
        <time>2026-05-04T03:34:05.5320000+00:00</time>
      </trkpt>
      <trkpt lat="46.71951" lon="7.7728">
        <ele>1214.32</ele>
        <time>2026-05-04T03:34:13.4640000+00:00</time>
      </trkpt>
      <trkpt lat="46.71943" lon="7.77271">
        <ele>1211.14</ele>
        <time>2026-05-04T03:34:25.8410000+00:00</time>
      </trkpt>
      <trkpt lat="46.71938" lon="7.77265">
        <ele>1209.86</ele>
        <time>2026-05-04T03:34:33.7720000+00:00</time>
      </trkpt>
      <trkpt lat="46.7193" lon="7.77252">
        <ele>1209</ele>
        <time>2026-05-04T03:34:48.4430000+00:00</time>
      </trkpt>
      <trkpt lat="46.71925" lon="7.77242">
        <ele>1208.46</ele>
        <time>2026-05-04T03:34:58.8380000+00:00</time>
      </trkpt>
      <trkpt lat="46.71919" lon="7.77231">
        <ele>1207.63</ele>
        <time>2026-05-04T03:35:10.6440000+00:00</time>
      </trkpt>
      <trkpt lat="46.71913" lon="7.7722">
        <ele>1206.67</ele>
        <time>2026-05-04T03:35:22.4500000+00:00</time>
      </trkpt>
      <trkpt lat="46.7191" lon="7.77211">
        <ele>1206.28</ele>
        <time>2026-05-04T03:35:30.8550000+00:00</time>
      </trkpt>
      <trkpt lat="46.71906" lon="7.77202">
        <ele>1205.57</ele>
        <time>2026-05-04T03:35:39.8630000+00:00</time>
      </trkpt>
      <trkpt lat="46.71903" lon="7.77195">
        <ele>1205</ele>
        <time>2026-05-04T03:35:46.7960000+00:00</time>
      </trkpt>
      <trkpt lat="46.719" lon="7.7719">
        <ele>1204.32</ele>
        <time>2026-05-04T03:35:52.3760000+00:00</time>
      </trkpt>
      <trkpt lat="46.71895" lon="7.77186">
        <ele>1203.01</ele>
        <time>2026-05-04T03:35:59.3620000+00:00</time>
      </trkpt>
      <trkpt lat="46.71889" lon="7.77182">
        <ele>1201.75</ele>
        <time>2026-05-04T03:36:07.4440000+00:00</time>
      </trkpt>
      <trkpt lat="46.7188" lon="7.77177">
        <ele>1199.6</ele>
        <time>2026-05-04T03:36:19.2420000+00:00</time>
      </trkpt>
      <trkpt lat="46.71871" lon="7.77174">
        <ele>1197.07</ele>
        <time>2026-05-04T03:36:30.5520000+00:00</time>
      </trkpt>
      <trkpt lat="46.71865" lon="7.77169">
        <ele>1195.5</ele>
        <time>2026-05-04T03:36:39.0170000+00:00</time>
      </trkpt>
      <trkpt lat="46.71861" lon="7.77164">
        <ele>1194.48</ele>
        <time>2026-05-04T03:36:45.4700000+00:00</time>
      </trkpt>
      <trkpt lat="46.71856" lon="7.77157">
        <ele>1193.31</ele>
        <time>2026-05-04T03:36:53.9600000+00:00</time>
      </trkpt>
      <trkpt lat="46.71853" lon="7.7715">
        <ele>1193.32</ele>
        <time>2026-05-04T03:37:00.8940000+00:00</time>
      </trkpt>
      <trkpt lat="46.7185" lon="7.77142">
        <ele>1193.3</ele>
        <time>2026-05-04T03:37:08.5520000+00:00</time>
      </trkpt>
      <trkpt lat="46.71848" lon="7.77132">
        <ele>1193.38</ele>
        <time>2026-05-04T03:37:17.3000000+00:00</time>
      </trkpt>
      <trkpt lat="46.71846" lon="7.77122">
        <ele>1193.38</ele>
        <time>2026-05-04T03:37:26.0500000+00:00</time>
      </trkpt>
      <trkpt lat="46.71845" lon="7.77115">
        <ele>1193.41</ele>
        <time>2026-05-04T03:37:32.0550000+00:00</time>
      </trkpt>
      <trkpt lat="46.71842" lon="7.77105">
        <ele>1193.11</ele>
        <time>2026-05-04T03:37:41.2230000+00:00</time>
      </trkpt>
      <trkpt lat="46.71839" lon="7.77096">
        <ele>1193.63</ele>
        <time>2026-05-04T03:37:49.6280000+00:00</time>
      </trkpt>
      <trkpt lat="46.71834" lon="7.77087">
        <ele>1193.96</ele>
        <time>2026-05-04T03:37:59.3570000+00:00</time>
      </trkpt>
      <trkpt lat="46.71831" lon="7.77083">
        <ele>1193.85</ele>
        <time>2026-05-04T03:38:04.3360000+00:00</time>
      </trkpt>
      <trkpt lat="46.71821" lon="7.77071">
        <ele>1192.94</ele>
        <time>2026-05-04T03:38:20.1990000+00:00</time>
      </trkpt>
      <trkpt lat="46.71815" lon="7.77064">
        <ele>1192.11</ele>
        <time>2026-05-04T03:38:29.6120000+00:00</time>
      </trkpt>
      <trkpt lat="46.71811" lon="7.77056">
        <ele>1191.77</ele>
        <time>2026-05-04T03:38:37.9280000+00:00</time>
      </trkpt>
      <trkpt lat="46.71807" lon="7.77049">
        <ele>1191.2</ele>
        <time>2026-05-04T03:38:45.5810000+00:00</time>
      </trkpt>
      <trkpt lat="46.71805" lon="7.77042">
        <ele>1191.16</ele>
        <time>2026-05-04T03:38:51.9500000+00:00</time>
      </trkpt>
      <trkpt lat="46.71803" lon="7.77034">
        <ele>1191.14</ele>
        <time>2026-05-04T03:38:59.1020000+00:00</time>
      </trkpt>
      <trkpt lat="46.71802" lon="7.77023">
        <ele>1191.65</ele>
        <time>2026-05-04T03:39:08.4220000+00:00</time>
      </trkpt>
      <trkpt lat="46.71801" lon="7.77011">
        <ele>1192.79</ele>
        <time>2026-05-04T03:39:18.5740000+00:00</time>
      </trkpt>
      <trkpt lat="46.718" lon="7.76996">
        <ele>1194.63</ele>
        <time>2026-05-04T03:39:31.2320000+00:00</time>
      </trkpt>
      <trkpt lat="46.71799" lon="7.76991">
        <ele>1194.92</ele>
        <time>2026-05-04T03:39:35.6080000+00:00</time>
      </trkpt>
      <trkpt lat="46.71797" lon="7.76986">
        <ele>1194.72</ele>
        <time>2026-05-04T03:39:40.4680000+00:00</time>
      </trkpt>
      <trkpt lat="46.71792" lon="7.76972">
        <ele>1194.2</ele>
        <time>2026-05-04T03:39:53.7260000+00:00</time>
      </trkpt>
      <trkpt lat="46.7179" lon="7.76965">
        <ele>1194.07</ele>
        <time>2026-05-04T03:40:00.0950000+00:00</time>
      </trkpt>
      <trkpt lat="46.71785" lon="7.76948">
        <ele>1193.4</ele>
        <time>2026-05-04T03:40:15.6320000+00:00</time>
      </trkpt>
      <trkpt lat="46.71782" lon="7.76935">
        <ele>1193.19</ele>
        <time>2026-05-04T03:40:27.1530000+00:00</time>
      </trkpt>
      <trkpt lat="46.71777" lon="7.7691">
        <ele>1195.99</ele>
        <time>2026-05-04T03:40:49.0250000+00:00</time>
      </trkpt>
      <trkpt lat="46.71775" lon="7.76903">
        <ele>1196.4</ele>
        <time>2026-05-04T03:40:55.3940000+00:00</time>
      </trkpt>
      <trkpt lat="46.71772" lon="7.76895">
        <ele>1196.96</ele>
        <time>2026-05-04T03:41:03.0520000+00:00</time>
      </trkpt>
      <trkpt lat="46.71768" lon="7.76887">
        <ele>1197.66</ele>
        <time>2026-05-04T03:41:11.3680000+00:00</time>
      </trkpt>
      <trkpt lat="46.71765" lon="7.7688">
        <ele>1198.25</ele>
        <time>2026-05-04T03:41:18.3010000+00:00</time>
      </trkpt>
      <trkpt lat="46.7176" lon="7.76875">
        <ele>1197.7</ele>
        <time>2026-05-04T03:41:25.7280000+00:00</time>
      </trkpt>
      <trkpt lat="46.71756" lon="7.76871">
        <ele>1197.14</ele>
        <time>2026-05-04T03:41:31.6680000+00:00</time>
      </trkpt>
      <trkpt lat="46.71751" lon="7.76868">
        <ele>1195.98</ele>
        <time>2026-05-04T03:41:38.2920000+00:00</time>
      </trkpt>
      <trkpt lat="46.71743" lon="7.76863">
        <ele>1193.95</ele>
        <time>2026-05-04T03:41:48.9550000+00:00</time>
      </trkpt>
      <trkpt lat="46.71739" lon="7.76861">
        <ele>1192.78</ele>
        <time>2026-05-04T03:41:54.1350000+00:00</time>
      </trkpt>
      <trkpt lat="46.71732" lon="7.76854">
        <ele>1190.92</ele>
        <time>2026-05-04T03:42:04.5330000+00:00</time>
      </trkpt>
      <trkpt lat="46.71725" lon="7.76844">
        <ele>1189.29</ele>
        <time>2026-05-04T03:42:16.5360000+00:00</time>
      </trkpt>
      <trkpt lat="46.71718" lon="7.76835">
        <ele>1187.28</ele>
        <time>2026-05-04T03:42:27.9670000+00:00</time>
      </trkpt>
      <trkpt lat="46.71711" lon="7.76827">
        <ele>1184.89</ele>
        <time>2026-05-04T03:42:38.8610000+00:00</time>
      </trkpt>
      <trkpt lat="46.71706" lon="7.76821">
        <ele>1183.03</ele>
        <time>2026-05-04T03:42:46.7920000+00:00</time>
      </trkpt>
      <trkpt lat="46.717" lon="7.76816">
        <ele>1180.5</ele>
        <time>2026-05-04T03:42:55.2570000+00:00</time>
      </trkpt>
      <trkpt lat="46.71693" lon="7.76812">
        <ele>1177.3</ele>
        <time>2026-05-04T03:43:04.4670000+00:00</time>
      </trkpt>
      <trkpt lat="46.71681" lon="7.76806">
        <ele>1175.35</ele>
        <time>2026-05-04T03:43:20.0070000+00:00</time>
      </trkpt>
      <trkpt lat="46.71675" lon="7.76801">
        <ele>1174.79</ele>
        <time>2026-05-04T03:43:28.4730000+00:00</time>
      </trkpt>
      <trkpt lat="46.71669" lon="7.76795">
        <ele>1174.07</ele>
        <time>2026-05-04T03:43:37.3860000+00:00</time>
      </trkpt>
      <trkpt lat="46.71657" lon="7.76778">
        <ele>1171.86</ele>
        <time>2026-05-04T03:43:57.8790000+00:00</time>
      </trkpt>
      <trkpt lat="46.71648" lon="7.76765">
        <ele>1170.47</ele>
        <time>2026-05-04T03:44:13.3970000+00:00</time>
      </trkpt>
      <trkpt lat="46.71641" lon="7.76756">
        <ele>1170.34</ele>
        <time>2026-05-04T03:44:24.8280000+00:00</time>
      </trkpt>
      <trkpt lat="46.7163" lon="7.76742">
        <ele>1169.75</ele>
        <time>2026-05-04T03:44:42.7130000+00:00</time>
      </trkpt>
      <trkpt lat="46.7162" lon="7.76732">
        <ele>1168.58</ele>
        <time>2026-05-04T03:44:57.5660000+00:00</time>
      </trkpt>
      <trkpt lat="46.71613" lon="7.76726">
        <ele>1167.51</ele>
        <time>2026-05-04T03:45:07.5130000+00:00</time>
      </trkpt>
      <trkpt lat="46.71602" lon="7.76719">
        <ele>1166.92</ele>
        <time>2026-05-04T03:45:22.2150000+00:00</time>
      </trkpt>
      <trkpt lat="46.71593" lon="7.76714">
        <ele>1167.56</ele>
        <time>2026-05-04T03:45:34.0140000+00:00</time>
      </trkpt>
      <trkpt lat="46.7159" lon="7.76711">
        <ele>1167.71</ele>
        <time>2026-05-04T03:45:38.4700000+00:00</time>
      </trkpt>
      <trkpt lat="46.71586" lon="7.76706">
        <ele>1167.81</ele>
        <time>2026-05-04T03:45:44.9230000+00:00</time>
      </trkpt>
      <trkpt lat="46.71582" lon="7.767">
        <ele>1167.75</ele>
        <time>2026-05-04T03:45:51.9520000+00:00</time>
      </trkpt>
      <trkpt lat="46.71566" lon="7.76663">
        <ele>1168.52</ele>
        <time>2026-05-04T03:46:28.6940000+00:00</time>
      </trkpt>
      <trkpt lat="46.71562" lon="7.76654">
        <ele>1168.69</ele>
        <time>2026-05-04T03:46:37.7030000+00:00</time>
      </trkpt>
      <trkpt lat="46.71559" lon="7.76649">
        <ele>1168.56</ele>
        <time>2026-05-04T03:46:43.2840000+00:00</time>
      </trkpt>
      <trkpt lat="46.71555" lon="7.76644">
        <ele>1168.16</ele>
        <time>2026-05-04T03:46:49.7390000+00:00</time>
      </trkpt>
      <trkpt lat="46.71551" lon="7.76638">
        <ele>1167.69</ele>
        <time>2026-05-04T03:46:56.7670000+00:00</time>
      </trkpt>
      <trkpt lat="46.71545" lon="7.76633">
        <ele>1166.62</ele>
        <time>2026-05-04T03:47:05.2330000+00:00</time>
      </trkpt>
      <trkpt lat="46.71538" lon="7.76628">
        <ele>1165.16</ele>
        <time>2026-05-04T03:47:14.7820000+00:00</time>
      </trkpt>
      <trkpt lat="46.7153" lon="7.76621">
        <ele>1163.21</ele>
        <time>2026-05-04T03:47:26.2100000+00:00</time>
      </trkpt>
      <trkpt lat="46.71513" lon="7.76607">
        <ele>1161.51</ele>
        <time>2026-05-04T03:47:50.1270000+00:00</time>
      </trkpt>
      <trkpt lat="46.71502" lon="7.76597">
        <ele>1161.28</ele>
        <time>2026-05-04T03:48:06.0050000+00:00</time>
      </trkpt>
      <trkpt lat="46.71494" lon="7.76588">
        <ele>1160.81</ele>
        <time>2026-05-04T03:48:18.3820000+00:00</time>
      </trkpt>
      <trkpt lat="46.71485" lon="7.76581">
        <ele>1160.12</ele>
        <time>2026-05-04T03:48:30.8770000+00:00</time>
      </trkpt>
      <trkpt lat="46.71476" lon="7.76573">
        <ele>1159.01</ele>
        <time>2026-05-04T03:48:43.7890000+00:00</time>
      </trkpt>
      <trkpt lat="46.71466" lon="7.76563">
        <ele>1157.23</ele>
        <time>2026-05-04T03:48:58.6430000+00:00</time>
      </trkpt>
      <trkpt lat="46.71461" lon="7.76558">
        <ele>1156.15</ele>
        <time>2026-05-04T03:49:06.0690000+00:00</time>
      </trkpt>
      <trkpt lat="46.71458" lon="7.7655">
        <ele>1154.7</ele>
        <time>2026-05-04T03:49:13.7280000+00:00</time>
      </trkpt>
      <trkpt lat="46.71442" lon="7.76513">
        <ele>1147.83</ele>
        <time>2026-05-04T03:49:50.4710000+00:00</time>
      </trkpt>
      <trkpt lat="46.71433" lon="7.7649">
        <ele>1149.44</ele>
        <time>2026-05-04T03:50:12.7140000+00:00</time>
      </trkpt>
      <trkpt lat="46.71424" lon="7.76464">
        <ele>1150.28</ele>
        <time>2026-05-04T03:50:37.1770000+00:00</time>
      </trkpt>
      <trkpt lat="46.71415" lon="7.76439">
        <ele>1149.7</ele>
        <time>2026-05-04T03:51:00.8950000+00:00</time>
      </trkpt>
      <trkpt lat="46.71413" lon="7.76432">
        <ele>1149.56</ele>
        <time>2026-05-04T03:51:07.2640000+00:00</time>
      </trkpt>
      <trkpt lat="46.71413" lon="7.76423">
        <ele>1149.92</ele>
        <time>2026-05-04T03:51:14.8230000+00:00</time>
      </trkpt>
      <trkpt lat="46.71412" lon="7.76412">
        <ele>1150.17</ele>
        <time>2026-05-04T03:51:24.1430000+00:00</time>
      </trkpt>
      <trkpt lat="46.71411" lon="7.76406">
        <ele>1150.2</ele>
        <time>2026-05-04T03:51:29.3280000+00:00</time>
      </trkpt>
      <trkpt lat="46.7141" lon="7.764">
        <ele>1150.22</ele>
        <time>2026-05-04T03:51:34.5150000+00:00</time>
      </trkpt>
      <trkpt lat="46.71406" lon="7.76387">
        <ele>1149.8</ele>
        <time>2026-05-04T03:51:46.4840000+00:00</time>
      </trkpt>
      <trkpt lat="46.71404" lon="7.76377">
        <ele>1149.65</ele>
        <time>2026-05-04T03:51:55.2340000+00:00</time>
      </trkpt>
      <trkpt lat="46.71402" lon="7.76364">
        <ele>1149.53</ele>
        <time>2026-05-04T03:52:06.4260000+00:00</time>
      </trkpt>
      <trkpt lat="46.71399" lon="7.76352">
        <ele>1149.06</ele>
        <time>2026-05-04T03:52:17.1550000+00:00</time>
      </trkpt>
      <trkpt lat="46.71395" lon="7.76338">
        <ele>1148.1</ele>
        <time>2026-05-04T03:52:29.8940000+00:00</time>
      </trkpt>
      <trkpt lat="46.71393" lon="7.76326">
        <ele>1147.6</ele>
        <time>2026-05-04T03:52:40.2670000+00:00</time>
      </trkpt>
      <trkpt lat="46.71392" lon="7.76317">
        <ele>1147.34</ele>
        <time>2026-05-04T03:52:47.9250000+00:00</time>
      </trkpt>
      <trkpt lat="46.71392" lon="7.76308">
        <ele>1147.38</ele>
        <time>2026-05-04T03:52:55.4850000+00:00</time>
      </trkpt>
      <trkpt lat="46.71392" lon="7.7629">
        <ele>1147.45</ele>
        <time>2026-05-04T03:53:10.6040000+00:00</time>
      </trkpt>
      <trkpt lat="46.71391" lon="7.76277">
        <ele>1147.16</ele>
        <time>2026-05-04T03:53:21.5920000+00:00</time>
      </trkpt>
      <trkpt lat="46.7139" lon="7.76269">
        <ele>1146.88</ele>
        <time>2026-05-04T03:53:28.4230000+00:00</time>
      </trkpt>
      <trkpt lat="46.71388" lon="7.76264">
        <ele>1146.57</ele>
        <time>2026-05-04T03:53:33.2840000+00:00</time>
      </trkpt>
      <trkpt lat="46.71384" lon="7.76261">
        <ele>1145.35</ele>
        <time>2026-05-04T03:53:38.7950000+00:00</time>
      </trkpt>
      <trkpt lat="46.71384" lon="7.76266">
        <ele>1144.95</ele>
        <time>2026-05-04T03:53:42.9940000+00:00</time>
      </trkpt>
      <trkpt lat="46.7138" lon="7.76279">
        <ele>1143.3</ele>
        <time>2026-05-04T03:53:54.9620000+00:00</time>
      </trkpt>
      <trkpt lat="46.71376" lon="7.76291">
        <ele>1142.08</ele>
        <time>2026-05-04T03:54:06.1690000+00:00</time>
      </trkpt>
      <trkpt lat="46.71372" lon="7.76297">
        <ele>1140.85</ele>
        <time>2026-05-04T03:54:13.2000000+00:00</time>
      </trkpt>
      <trkpt lat="46.71362" lon="7.7631">
        <ele>1137.96</ele>
        <time>2026-05-04T03:54:29.6100000+00:00</time>
      </trkpt>
      <trkpt lat="46.71354" lon="7.76319">
        <ele>1136.76</ele>
        <time>2026-05-04T03:54:41.9870000+00:00</time>
      </trkpt>
      <trkpt lat="46.71352" lon="7.76322">
        <ele>1136.89</ele>
        <time>2026-05-04T03:54:45.5020000+00:00</time>
      </trkpt>
      <trkpt lat="46.71349" lon="7.76324">
        <ele>1137</ele>
        <time>2026-05-04T03:54:49.5420000+00:00</time>
      </trkpt>
      <trkpt lat="46.71346" lon="7.76327">
        <ele>1137.19</ele>
        <time>2026-05-04T03:54:53.9980000+00:00</time>
      </trkpt>
      <trkpt lat="46.71343" lon="7.76328">
        <ele>1137.28</ele>
        <time>2026-05-04T03:54:57.7670000+00:00</time>
      </trkpt>
      <trkpt lat="46.71339" lon="7.7633">
        <ele>1137.48</ele>
        <time>2026-05-04T03:55:02.9470000+00:00</time>
      </trkpt>
      <trkpt lat="46.71334" lon="7.76331">
        <ele>1137.64</ele>
        <time>2026-05-04T03:55:09.1300000+00:00</time>
      </trkpt>
      <trkpt lat="46.71331" lon="7.76331">
        <ele>1137.7</ele>
        <time>2026-05-04T03:55:12.8040000+00:00</time>
      </trkpt>
      <trkpt lat="46.7133" lon="7.76331">
        <ele>1137.72</ele>
        <time>2026-05-04T03:55:14.0280000+00:00</time>
      </trkpt>
      <trkpt lat="46.71325" lon="7.76329">
        <ele>1137.62</ele>
        <time>2026-05-04T03:55:20.3800000+00:00</time>
      </trkpt>
      <trkpt lat="46.7132" lon="7.76325">
        <ele>1137.27</ele>
        <time>2026-05-04T03:55:27.3660000+00:00</time>
      </trkpt>
      <trkpt lat="46.71306" lon="7.76313">
        <ele>1135.79</ele>
        <time>2026-05-04T03:55:47.2590000+00:00</time>
      </trkpt>
      <trkpt lat="46.71286" lon="7.76294">
        <ele>1132.27</ele>
        <time>2026-05-04T03:56:16.4990000+00:00</time>
      </trkpt>
      <trkpt lat="46.71267" lon="7.76277">
        <ele>1129.86</ele>
        <time>2026-05-04T03:56:43.8060000+00:00</time>
      </trkpt>
      <trkpt lat="46.71246" lon="7.76258">
        <ele>1131.1</ele>
        <time>2026-05-04T03:57:14.0800000+00:00</time>
      </trkpt>
      <trkpt lat="46.71226" lon="7.7624">
        <ele>1131.61</ele>
        <time>2026-05-04T03:57:42.8710000+00:00</time>
      </trkpt>
      <trkpt lat="46.71203" lon="7.7622">
        <ele>1130.68</ele>
        <time>2026-05-04T03:58:15.6750000+00:00</time>
      </trkpt>
      <trkpt lat="46.7118" lon="7.76199">
        <ele>1129.4</ele>
        <time>2026-05-04T03:58:48.9170000+00:00</time>
      </trkpt>
      <trkpt lat="46.71168" lon="7.7619">
        <ele>1129.8</ele>
        <time>2026-05-04T03:59:05.4480000+00:00</time>
      </trkpt>
      <trkpt lat="46.71158" lon="7.76184">
        <ele>1130.49</ele>
        <time>2026-05-04T03:59:18.6940000+00:00</time>
      </trkpt>
      <trkpt lat="46.71146" lon="7.76178">
        <ele>1131.51</ele>
        <time>2026-05-04T03:59:34.2340000+00:00</time>
      </trkpt>
      <trkpt lat="46.7113" lon="7.76171">
        <ele>1132.66</ele>
        <time>2026-05-04T03:59:54.6980000+00:00</time>
      </trkpt>
      <trkpt lat="46.71123" lon="7.76167">
        <ele>1132.73</ele>
        <time>2026-05-04T04:00:03.9080000+00:00</time>
      </trkpt>
      <trkpt lat="46.71114" lon="7.7616">
        <ele>1132.04</ele>
        <time>2026-05-04T04:00:16.4030000+00:00</time>
      </trkpt>
      <trkpt lat="46.71105" lon="7.76153">
        <ele>1131.21</ele>
        <time>2026-05-04T04:00:28.8990000+00:00</time>
      </trkpt>
      <trkpt lat="46.71091" lon="7.76142">
        <ele>1130.28</ele>
        <time>2026-05-04T04:00:48.3800000+00:00</time>
      </trkpt>
      <trkpt lat="46.71065" lon="7.7612">
        <ele>1127.89</ele>
        <time>2026-05-04T04:01:25.2030000+00:00</time>
      </trkpt>
      <trkpt lat="46.71044" lon="7.76104">
        <ele>1126.44</ele>
        <time>2026-05-04T04:01:54.2290000+00:00</time>
      </trkpt>
      <trkpt lat="46.71033" lon="7.76094">
        <ele>1125.13</ele>
        <time>2026-05-04T04:02:10.1070000+00:00</time>
      </trkpt>
      <trkpt lat="46.71024" lon="7.76089">
        <ele>1124.9</ele>
        <time>2026-05-04T04:02:21.9050000+00:00</time>
      </trkpt>
      <trkpt lat="46.71016" lon="7.76083">
        <ele>1124.57</ele>
        <time>2026-05-04T04:02:32.9260000+00:00</time>
      </trkpt>
      <trkpt lat="46.71005" lon="7.76077">
        <ele>1124.85</ele>
        <time>2026-05-04T04:02:47.3130000+00:00</time>
      </trkpt>
      <trkpt lat="46.70991" lon="7.76072">
        <ele>1126.11</ele>
        <time>2026-05-04T04:03:04.9700000+00:00</time>
      </trkpt>
      <trkpt lat="46.70974" lon="7.76064">
        <ele>1126.77</ele>
        <time>2026-05-04T04:03:26.8540000+00:00</time>
      </trkpt>
      <trkpt lat="46.70956" lon="7.76056">
        <ele>1127.49</ele>
        <time>2026-05-04T04:03:49.9060000+00:00</time>
      </trkpt>
      <trkpt lat="46.70952" lon="7.76055">
        <ele>1127.94</ele>
        <time>2026-05-04T04:03:54.8780000+00:00</time>
      </trkpt>
      <trkpt lat="46.70949" lon="7.76054">
        <ele>1128.17</ele>
        <time>2026-05-04T04:03:58.6490000+00:00</time>
      </trkpt>
      <trkpt lat="46.70937" lon="7.76047">
        <ele>1127.61</ele>
        <time>2026-05-04T04:04:14.4820000+00:00</time>
      </trkpt>
      <trkpt lat="46.70928" lon="7.7604">
        <ele>1126.15</ele>
        <time>2026-05-04T04:04:26.9780000+00:00</time>
      </trkpt>
      <trkpt lat="46.70921" lon="7.76035">
        <ele>1125.26</ele>
        <time>2026-05-04T04:04:36.5260000+00:00</time>
      </trkpt>
      <trkpt lat="46.70915" lon="7.76029">
        <ele>1123.87</ele>
        <time>2026-05-04T04:04:45.4390000+00:00</time>
      </trkpt>
      <trkpt lat="46.70914" lon="7.76028">
        <ele>1123.64</ele>
        <time>2026-05-04T04:04:46.9260000+00:00</time>
      </trkpt>
      <trkpt lat="46.70887" lon="7.75994">
        <ele>1115.9</ele>
        <time>2026-05-04T04:05:30.6270000+00:00</time>
      </trkpt>
      <trkpt lat="46.70879" lon="7.75985">
        <ele>1114.11</ele>
        <time>2026-05-04T04:05:43.0040000+00:00</time>
      </trkpt>
      <trkpt lat="46.7087" lon="7.75975">
        <ele>1112.17</ele>
        <time>2026-05-04T04:05:56.8640000+00:00</time>
      </trkpt>
      <trkpt lat="46.70863" lon="7.75968">
        <ele>1110.95</ele>
        <time>2026-05-04T04:06:07.2620000+00:00</time>
      </trkpt>
      <trkpt lat="46.70855" lon="7.75961">
        <ele>1110.25</ele>
        <time>2026-05-04T04:06:18.6900000+00:00</time>
      </trkpt>
      <trkpt lat="46.70845" lon="7.75954">
        <ele>1110.84</ele>
        <time>2026-05-04T04:06:32.2780000+00:00</time>
      </trkpt>
      <trkpt lat="46.70835" lon="7.7595">
        <ele>1112.46</ele>
        <time>2026-05-04T04:06:44.9810000+00:00</time>
      </trkpt>
      <trkpt lat="46.70812" lon="7.7594">
        <ele>1115.86</ele>
        <time>2026-05-04T04:07:14.3830000+00:00</time>
      </trkpt>
      <trkpt lat="46.70789" lon="7.75929">
        <ele>1119.16</ele>
        <time>2026-05-04T04:07:44.0360000+00:00</time>
      </trkpt>
      <trkpt lat="46.70776" lon="7.75923">
        <ele>1121.22</ele>
        <time>2026-05-04T04:08:00.7400000+00:00</time>
      </trkpt>
      <trkpt lat="46.70738" lon="7.75902">
        <ele>1121.67</ele>
        <time>2026-05-04T04:08:50.5220000+00:00</time>
      </trkpt>
      <trkpt lat="46.70728" lon="7.75895">
        <ele>1121.04</ele>
        <time>2026-05-04T04:09:04.1110000+00:00</time>
      </trkpt>
      <trkpt lat="46.7072" lon="7.75889">
        <ele>1120.33</ele>
        <time>2026-05-04T04:09:15.1320000+00:00</time>
      </trkpt>
      <trkpt lat="46.70714" lon="7.7588">
        <ele>1118.14</ele>
        <time>2026-05-04T04:09:25.6760000+00:00</time>
      </trkpt>
      <trkpt lat="46.70701" lon="7.75862">
        <ele>1113.69</ele>
        <time>2026-05-04T04:09:47.6370000+00:00</time>
      </trkpt>
      <trkpt lat="46.70693" lon="7.75853">
        <ele>1111.62</ele>
        <time>2026-05-04T04:10:00.0150000+00:00</time>
      </trkpt>
      <trkpt lat="46.70686" lon="7.75846">
        <ele>1111.57</ele>
        <time>2026-05-04T04:10:10.4130000+00:00</time>
      </trkpt>
      <trkpt lat="46.70677" lon="7.7584">
        <ele>1112.41</ele>
        <time>2026-05-04T04:10:22.5370000+00:00</time>
      </trkpt>
      <trkpt lat="46.70666" lon="7.75833">
        <ele>1113.35</ele>
        <time>2026-05-04T04:10:37.2390000+00:00</time>
      </trkpt>
      <trkpt lat="46.7066" lon="7.75829">
        <ele>1113.73</ele>
        <time>2026-05-04T04:10:45.3210000+00:00</time>
      </trkpt>
      <trkpt lat="46.70641" lon="7.75817">
        <ele>1114.71</ele>
        <time>2026-05-04T04:11:10.6860000+00:00</time>
      </trkpt>
      <trkpt lat="46.70617" lon="7.75802">
        <ele>1115.16</ele>
        <time>2026-05-04T04:11:42.6730000+00:00</time>
      </trkpt>
      <trkpt lat="46.70604" lon="7.75796">
        <ele>1115.69</ele>
        <time>2026-05-04T04:11:59.3780000+00:00</time>
      </trkpt>
      <trkpt lat="46.70592" lon="7.75792">
        <ele>1116.46</ele>
        <time>2026-05-04T04:12:14.4570000+00:00</time>
      </trkpt>
      <trkpt lat="46.70583" lon="7.75793">
        <ele>1118.45</ele>
        <time>2026-05-04T04:12:25.5140000+00:00</time>
      </trkpt>
      <trkpt lat="46.70573" lon="7.75795">
        <ele>1120.99</ele>
        <time>2026-05-04T04:12:37.8800000+00:00</time>
      </trkpt>
      <trkpt lat="46.70563" lon="7.75798">
        <ele>1123.94</ele>
        <time>2026-05-04T04:12:50.3870000+00:00</time>
      </trkpt>
      <trkpt lat="46.70553" lon="7.75802">
        <ele>1127.3</ele>
        <time>2026-05-04T04:13:03.0900000+00:00</time>
      </trkpt>
      <trkpt lat="46.70544" lon="7.75802">
        <ele>1128.98</ele>
        <time>2026-05-04T04:13:14.1150000+00:00</time>
      </trkpt>
      <trkpt lat="46.70535" lon="7.75801">
        <ele>1130.27</ele>
        <time>2026-05-04T04:13:25.1720000+00:00</time>
      </trkpt>
      <trkpt lat="46.70526" lon="7.75798">
        <ele>1130.76</ele>
        <time>2026-05-04T04:13:36.4820000+00:00</time>
      </trkpt>
      <trkpt lat="46.70519" lon="7.75793">
        <ele>1129.33</ele>
        <time>2026-05-04T04:13:46.0300000+00:00</time>
      </trkpt>
      <trkpt lat="46.70514" lon="7.75789">
        <ele>1127.99</ele>
        <time>2026-05-04T04:13:53.0160000+00:00</time>
      </trkpt>
      <trkpt lat="46.7051" lon="7.75783">
        <ele>1125.8</ele>
        <time>2026-05-04T04:14:00.0470000+00:00</time>
      </trkpt>
      <trkpt lat="46.70504" lon="7.75769">
        <ele>1120.53</ele>
        <time>2026-05-04T04:14:13.9160000+00:00</time>
      </trkpt>
      <trkpt lat="46.70498" lon="7.75758">
        <ele>1116.62</ele>
        <time>2026-05-04T04:14:25.7230000+00:00</time>
      </trkpt>
      <trkpt lat="46.70495" lon="7.75755">
        <ele>1115.67</ele>
        <time>2026-05-04T04:14:30.1800000+00:00</time>
      </trkpt>
      <trkpt lat="46.70492" lon="7.75754">
        <ele>1115.49</ele>
        <time>2026-05-04T04:14:33.9500000+00:00</time>
      </trkpt>
      <trkpt lat="46.70484" lon="7.75752">
        <ele>1115.27</ele>
        <time>2026-05-04T04:14:43.8930000+00:00</time>
      </trkpt>
      <trkpt lat="46.70481" lon="7.7575">
        <ele>1114.74</ele>
        <time>2026-05-04T04:14:47.9350000+00:00</time>
      </trkpt>
      <trkpt lat="46.70473" lon="7.75742">
        <ele>1112.43</ele>
        <time>2026-05-04T04:14:59.8180000+00:00</time>
      </trkpt>
      <trkpt lat="46.7047" lon="7.75734">
        <ele>1109.84</ele>
        <time>2026-05-04T04:15:07.4790000+00:00</time>
      </trkpt>
      <trkpt lat="46.70465" lon="7.75717">
        <ele>1104.34</ele>
        <time>2026-05-04T04:15:23.0180000+00:00</time>
      </trkpt>
      <trkpt lat="46.70461" lon="7.75704">
        <ele>1100.27</ele>
        <time>2026-05-04T04:15:34.9880000+00:00</time>
      </trkpt>
      <trkpt lat="46.70459" lon="7.757">
        <ele>1099.13</ele>
        <time>2026-05-04T04:15:39.1470000+00:00</time>
      </trkpt>
      <trkpt lat="46.70455" lon="7.75696">
        <ele>1098.26</ele>
        <time>2026-05-04T04:15:45.0890000+00:00</time>
      </trkpt>
      <trkpt lat="46.7045" lon="7.75693">
        <ele>1097.87</ele>
        <time>2026-05-04T04:15:51.7130000+00:00</time>
      </trkpt>
      <trkpt lat="46.70447" lon="7.75694">
        <ele>1098.58</ele>
        <time>2026-05-04T04:15:55.4830000+00:00</time>
      </trkpt>
      <trkpt lat="46.70443" lon="7.75697">
        <ele>1100.06</ele>
        <time>2026-05-04T04:16:00.9940000+00:00</time>
      </trkpt>
      <trkpt lat="46.7044" lon="7.757">
        <ele>1101.52</ele>
        <time>2026-05-04T04:16:05.4510000+00:00</time>
      </trkpt>
      <trkpt lat="46.70432" lon="7.75714">
        <ele>1107.93</ele>
        <time>2026-05-04T04:16:20.7600000+00:00</time>
      </trkpt>
      <trkpt lat="46.70424" lon="7.75725">
        <ele>1113.54</ele>
        <time>2026-05-04T04:16:34.2300000+00:00</time>
      </trkpt>
      <trkpt lat="46.70418" lon="7.75733">
        <ele>1117.78</ele>
        <time>2026-05-04T04:16:44.1890000+00:00</time>
      </trkpt>
      <trkpt lat="46.7041" lon="7.75739">
        <ele>1121.92</ele>
        <time>2026-05-04T04:16:55.2100000+00:00</time>
      </trkpt>
      <trkpt lat="46.70405" lon="7.75741">
        <ele>1123.93</ele>
        <time>2026-05-04T04:17:01.5620000+00:00</time>
      </trkpt>
      <trkpt lat="46.70398" lon="7.75742">
        <ele>1126.11</ele>
        <time>2026-05-04T04:17:10.1770000+00:00</time>
      </trkpt>
      <trkpt lat="46.70393" lon="7.75742">
        <ele>1127.41</ele>
        <time>2026-05-04T04:17:16.3030000+00:00</time>
      </trkpt>
      <trkpt lat="46.70367" lon="7.7574">
        <ele>1133.36</ele>
        <time>2026-05-04T04:17:48.1990000+00:00</time>
      </trkpt>
      <trkpt lat="46.70354" lon="7.75741">
        <ele>1136.74</ele>
        <time>2026-05-04T04:18:04.1470000+00:00</time>
      </trkpt>
      <trkpt lat="46.70343" lon="7.7574">
        <ele>1138.1</ele>
        <time>2026-05-04T04:18:17.6490000+00:00</time>
      </trkpt>
      <trkpt lat="46.70332" lon="7.7574">
        <ele>1139.88</ele>
        <time>2026-05-04T04:18:31.1240000+00:00</time>
      </trkpt>
      <trkpt lat="46.70323" lon="7.75739">
        <ele>1140.84</ele>
        <time>2026-05-04T04:18:42.1820000+00:00</time>
      </trkpt>
      <trkpt lat="46.70316" lon="7.75737">
        <ele>1140.92</ele>
        <time>2026-05-04T04:18:50.9210000+00:00</time>
      </trkpt>
      <trkpt lat="46.70306" lon="7.75734">
        <ele>1140.83</ele>
        <time>2026-05-04T04:19:03.4280000+00:00</time>
      </trkpt>
      <trkpt lat="46.70294" lon="7.75728">
        <ele>1139.14</ele>
        <time>2026-05-04T04:19:18.9690000+00:00</time>
      </trkpt>
      <trkpt lat="46.70269" lon="7.75712">
        <ele>1135.02</ele>
        <time>2026-05-04T04:19:52.4150000+00:00</time>
      </trkpt>
      <trkpt lat="46.70261" lon="7.75711">
        <ele>1139.01</ele>
        <time>2026-05-04T04:20:02.2510000+00:00</time>
      </trkpt>
      <trkpt lat="46.7025" lon="7.75711">
        <ele>1145.38</ele>
        <time>2026-05-04T04:20:15.7260000+00:00</time>
      </trkpt>
      <trkpt lat="46.70245" lon="7.75708">
        <ele>1146.08</ele>
        <time>2026-05-04T04:20:22.3500000+00:00</time>
      </trkpt>
      <trkpt lat="46.70243" lon="7.75702">
        <ele>1142.78</ele>
        <time>2026-05-04T04:20:27.9550000+00:00</time>
      </trkpt>
      <trkpt lat="46.7024" lon="7.7568">
        <ele>1128.79</ele>
        <time>2026-05-04T04:20:46.8000000+00:00</time>
      </trkpt>
      <trkpt lat="46.70239" lon="7.75674">
        <ele>1125.52</ele>
        <time>2026-05-04T04:20:51.9870000+00:00</time>
      </trkpt>
      <trkpt lat="46.70237" lon="7.75668">
        <ele>1122.68</ele>
        <time>2026-05-04T04:20:57.5930000+00:00</time>
      </trkpt>
      <trkpt lat="46.70232" lon="7.75662">
        <ele>1121.14</ele>
        <time>2026-05-04T04:21:05.5260000+00:00</time>
      </trkpt>
      <trkpt lat="46.70227" lon="7.75659">
        <ele>1121.45</ele>
        <time>2026-05-04T04:21:12.1500000+00:00</time>
      </trkpt>
      <trkpt lat="46.7022" lon="7.75655">
        <ele>1121.92</ele>
        <time>2026-05-04T04:21:21.3600000+00:00</time>
      </trkpt>
      <trkpt lat="46.70212" lon="7.7565">
        <ele>1122.05</ele>
        <time>2026-05-04T04:21:32.0220000+00:00</time>
      </trkpt>
      <trkpt lat="46.70207" lon="7.75645">
        <ele>1120.79</ele>
        <time>2026-05-04T04:21:39.4490000+00:00</time>
      </trkpt>
      <trkpt lat="46.702" lon="7.75635">
        <ele>1116.79</ele>
        <time>2026-05-04T04:21:51.4540000+00:00</time>
      </trkpt>
      <trkpt lat="46.7019" lon="7.75623">
        <ele>1113.34</ele>
        <time>2026-05-04T04:22:07.3200000+00:00</time>
      </trkpt>
      <trkpt lat="46.70183" lon="7.75614">
        <ele>1114.35</ele>
        <time>2026-05-04T04:22:18.7520000+00:00</time>
      </trkpt>
      <trkpt lat="46.70178" lon="7.7561">
        <ele>1116.68</ele>
        <time>2026-05-04T04:22:25.7380000+00:00</time>
      </trkpt>
      <trkpt lat="46.7017" lon="7.75605">
        <ele>1121.24</ele>
        <time>2026-05-04T04:22:36.4000000+00:00</time>
      </trkpt>
      <trkpt lat="46.70163" lon="7.756">
        <ele>1124.85</ele>
        <time>2026-05-04T04:22:45.9490000+00:00</time>
      </trkpt>
      <trkpt lat="46.70158" lon="7.75596">
        <ele>1127.08</ele>
        <time>2026-05-04T04:22:52.9360000+00:00</time>
      </trkpt>
      <trkpt lat="46.70156" lon="7.75591">
        <ele>1125.47</ele>
        <time>2026-05-04T04:22:57.7980000+00:00</time>
      </trkpt>
      <trkpt lat="46.70153" lon="7.75585">
        <ele>1124.04</ele>
        <time>2026-05-04T04:23:04.0360000+00:00</time>
      </trkpt>
      <trkpt lat="46.70152" lon="7.75576">
        <ele>1118.38</ele>
        <time>2026-05-04T04:23:11.6960000+00:00</time>
      </trkpt>
      <trkpt lat="46.7015" lon="7.75564">
        <ele>1111.35</ele>
        <time>2026-05-04T04:23:22.0700000+00:00</time>
      </trkpt>
      <trkpt lat="46.70149" lon="7.75558">
        <ele>1107.79</ele>
        <time>2026-05-04T04:23:27.2580000+00:00</time>
      </trkpt>
      <trkpt lat="46.70147" lon="7.75552">
        <ele>1105.07</ele>
        <time>2026-05-04T04:23:32.8630000+00:00</time>
      </trkpt>
      <trkpt lat="46.70144" lon="7.75548">
        <ele>1104.68</ele>
        <time>2026-05-04T04:23:37.8430000+00:00</time>
      </trkpt>
      <trkpt lat="46.70138" lon="7.75545">
        <ele>1107.57</ele>
        <time>2026-05-04T04:23:45.6130000+00:00</time>
      </trkpt>
      <trkpt lat="46.7013" lon="7.7554">
        <ele>1110.47</ele>
        <time>2026-05-04T04:23:56.2760000+00:00</time>
      </trkpt>
      <trkpt lat="46.70113" lon="7.75532">
        <ele>1118.1</ele>
        <time>2026-05-04T04:24:18.1590000+00:00</time>
      </trkpt>
      <trkpt lat="46.70095" lon="7.75522">
        <ele>1122.27</ele>
        <time>2026-05-04T04:24:41.7560000+00:00</time>
      </trkpt>
      <trkpt lat="46.7009" lon="7.75516">
        <ele>1121.41</ele>
        <time>2026-05-04T04:24:49.6900000+00:00</time>
      </trkpt>
      <trkpt lat="46.70076" lon="7.75496">
        <ele>1119.08</ele>
        <time>2026-05-04T04:25:13.7000000+00:00</time>
      </trkpt>
      <trkpt lat="46.70074" lon="7.7549">
        <ele>1116.99</ele>
        <time>2026-05-04T04:25:19.3050000+00:00</time>
      </trkpt>
      <trkpt lat="46.7007" lon="7.75466">
        <ele>1105.99</ele>
        <time>2026-05-04T04:25:40.0550000+00:00</time>
      </trkpt>
      <trkpt lat="46.70068" lon="7.75462">
        <ele>1105.16</ele>
        <time>2026-05-04T04:25:44.2160000+00:00</time>
      </trkpt>
      <trkpt lat="46.70065" lon="7.75458">
        <ele>1105.1</ele>
        <time>2026-05-04T04:25:49.1970000+00:00</time>
      </trkpt>
      <trkpt lat="46.70051" lon="7.75448">
        <ele>1109.98</ele>
        <time>2026-05-04T04:26:08.2950000+00:00</time>
      </trkpt>
      <trkpt lat="46.7002" lon="7.75429">
        <ele>1123.01</ele>
        <time>2026-05-04T04:26:49.4900000+00:00</time>
      </trkpt>
      <trkpt lat="46.70003" lon="7.7542">
        <ele>1130.15</ele>
        <time>2026-05-04T04:27:11.6460000+00:00</time>
      </trkpt>
      <trkpt lat="46.69994" lon="7.75415">
        <ele>1133.59</ele>
        <time>2026-05-04T04:27:23.4440000+00:00</time>
      </trkpt>
      <trkpt lat="46.69977" lon="7.75405">
        <ele>1139.33</ele>
        <time>2026-05-04T04:27:45.9000000+00:00</time>
      </trkpt>
      <trkpt lat="46.6996" lon="7.75398">
        <ele>1146.57</ele>
        <time>2026-05-04T04:28:07.5400000+00:00</time>
      </trkpt>
      <trkpt lat="46.69944" lon="7.7539">
        <ele>1152.04</ele>
        <time>2026-05-04T04:28:28.2610000+00:00</time>
      </trkpt>
      <trkpt lat="46.69927" lon="7.7538">
        <ele>1155.81</ele>
        <time>2026-05-04T04:28:50.7180000+00:00</time>
      </trkpt>
      <trkpt lat="46.699" lon="7.75363">
        <ele>1157.04</ele>
        <time>2026-05-04T04:29:26.7460000+00:00</time>
      </trkpt>
      <trkpt lat="46.69894" lon="7.7536">
        <ele>1157.4</ele>
        <time>2026-05-04T04:29:34.5170000+00:00</time>
      </trkpt>
      <trkpt lat="46.69888" lon="7.75358">
        <ele>1158.56</ele>
        <time>2026-05-04T04:29:42.0570000+00:00</time>
      </trkpt>
      <trkpt lat="46.69881" lon="7.75357">
        <ele>1161.13</ele>
        <time>2026-05-04T04:29:50.6730000+00:00</time>
      </trkpt>
      <trkpt lat="46.69867" lon="7.75356">
        <ele>1167.15</ele>
        <time>2026-05-04T04:30:07.8450000+00:00</time>
      </trkpt>
      <trkpt lat="46.69855" lon="7.75356">
        <ele>1173</ele>
        <time>2026-05-04T04:30:22.5450000+00:00</time>
      </trkpt>
      <trkpt lat="46.6985" lon="7.75355">
        <ele>1174.12</ele>
        <time>2026-05-04T04:30:28.7270000+00:00</time>
      </trkpt>
      <trkpt lat="46.69845" lon="7.75353">
        <ele>1174.5</ele>
        <time>2026-05-04T04:30:35.0790000+00:00</time>
      </trkpt>
      <trkpt lat="46.69837" lon="7.75348">
        <ele>1174.41</ele>
        <time>2026-05-04T04:30:45.7420000+00:00</time>
      </trkpt>
      <trkpt lat="46.6983" lon="7.75342">
        <ele>1172.94</ele>
        <time>2026-05-04T04:30:55.6900000+00:00</time>
      </trkpt>
      <trkpt lat="46.69826" lon="7.7534">
        <ele>1173.11</ele>
        <time>2026-05-04T04:31:00.8690000+00:00</time>
      </trkpt>
      <trkpt lat="46.69821" lon="7.75341">
        <ele>1176.01</ele>
        <time>2026-05-04T04:31:07.0510000+00:00</time>
      </trkpt>
      <trkpt lat="46.69814" lon="7.75343">
        <ele>1180.6</ele>
        <time>2026-05-04T04:31:15.7890000+00:00</time>
      </trkpt>
      <trkpt lat="46.69808" lon="7.75346">
        <ele>1185.63</ele>
        <time>2026-05-04T04:31:23.5600000+00:00</time>
      </trkpt>
      <trkpt lat="46.69804" lon="7.7535">
        <ele>1190.67</ele>
        <time>2026-05-04T04:31:29.5020000+00:00</time>
      </trkpt>
      <trkpt lat="46.69797" lon="7.75363">
        <ele>1205.22</ele>
        <time>2026-05-04T04:31:43.3890000+00:00</time>
      </trkpt>
      <trkpt lat="46.6979" lon="7.75375">
        <ele>1218.55</ele>
        <time>2026-05-04T04:31:56.6240000+00:00</time>
      </trkpt>
      <trkpt lat="46.69788" lon="7.75378">
        <ele>1221.86</ele>
        <time>2026-05-04T04:32:00.1400000+00:00</time>
      </trkpt>
      <trkpt lat="46.69784" lon="7.75381">
        <ele>1225.81</ele>
        <time>2026-05-04T04:32:05.6510000+00:00</time>
      </trkpt>
      <trkpt lat="46.69781" lon="7.75383">
        <ele>1228.49</ele>
        <time>2026-05-04T04:32:09.6910000+00:00</time>
      </trkpt>
      <trkpt lat="46.69777" lon="7.75383">
        <ele>1229.83</ele>
        <time>2026-05-04T04:32:14.5910000+00:00</time>
      </trkpt>
      <trkpt lat="46.69774" lon="7.75382">
        <ele>1229.31</ele>
        <time>2026-05-04T04:32:18.3590000+00:00</time>
      </trkpt>
      <trkpt lat="46.69755" lon="7.75372">
        <ele>1216.57</ele>
        <time>2026-05-04T04:32:43.1050000+00:00</time>
      </trkpt>
      <trkpt lat="46.69724" lon="7.75349">
        <ele>1193.48</ele>
        <time>2026-05-04T04:33:25.7150000+00:00</time>
      </trkpt>
      <trkpt lat="46.69693" lon="7.75326">
        <ele>1177.01</ele>
        <time>2026-05-04T04:34:08.3260000+00:00</time>
      </trkpt>
      <trkpt lat="46.69663" lon="7.75304">
        <ele>1190.19</ele>
        <time>2026-05-04T04:34:49.4640000+00:00</time>
      </trkpt>
      <trkpt lat="46.69633" lon="7.75283">
        <ele>1207.98</ele>
        <time>2026-05-04T04:35:30.2310000+00:00</time>
      </trkpt>
      <trkpt lat="46.69603" lon="7.75261">
        <ele>1216.35</ele>
        <time>2026-05-04T04:36:11.3700000+00:00</time>
      </trkpt>
      <trkpt lat="46.69572" lon="7.75238">
        <ele>1195.96</ele>
        <time>2026-05-04T04:36:53.9800000+00:00</time>
      </trkpt>
      <trkpt lat="46.69566" lon="7.75233">
        <ele>1192.38</ele>
        <time>2026-05-04T04:37:02.4460000+00:00</time>
      </trkpt>
      <trkpt lat="46.69561" lon="7.75227">
        <ele>1188.27</ele>
        <time>2026-05-04T04:37:10.3790000+00:00</time>
      </trkpt>
      <trkpt lat="46.69554" lon="7.75219">
        <ele>1183.28</ele>
        <time>2026-05-04T04:37:21.2740000+00:00</time>
      </trkpt>
      <trkpt lat="46.69548" lon="7.75214">
        <ele>1180.67</ele>
        <time>2026-05-04T04:37:29.7400000+00:00</time>
      </trkpt>
      <trkpt lat="46.69535" lon="7.75206">
        <ele>1177.73</ele>
        <time>2026-05-04T04:37:47.0260000+00:00</time>
      </trkpt>
      <trkpt lat="46.69524" lon="7.75198">
        <ele>1175</ele>
        <time>2026-05-04T04:38:02.0850000+00:00</time>
      </trkpt>
      <trkpt lat="46.69514" lon="7.75193">
        <ele>1172.32</ele>
        <time>2026-05-04T04:38:15.0350000+00:00</time>
      </trkpt>
      <trkpt lat="46.69506" lon="7.75191">
        <ele>1171.46</ele>
        <time>2026-05-04T04:38:24.9790000+00:00</time>
      </trkpt>
      <trkpt lat="46.69501" lon="7.75192">
        <ele>1172.02</ele>
        <time>2026-05-04T04:38:31.1620000+00:00</time>
      </trkpt>
      <trkpt lat="46.69498" lon="7.75194">
        <ele>1172.96</ele>
        <time>2026-05-04T04:38:35.2050000+00:00</time>
      </trkpt>
      <trkpt lat="46.69493" lon="7.75198">
        <ele>1174.69</ele>
        <time>2026-05-04T04:38:42.1910000+00:00</time>
      </trkpt>
      <trkpt lat="46.69483" lon="7.75207">
        <ele>1178.02</ele>
        <time>2026-05-04T04:38:56.5880000+00:00</time>
      </trkpt>
      <trkpt lat="46.69466" lon="7.75222">
        <ele>1181.8</ele>
        <time>2026-05-04T04:39:20.9300000+00:00</time>
      </trkpt>
      <trkpt lat="46.69456" lon="7.75231">
        <ele>1183.03</ele>
        <time>2026-05-04T04:39:35.3270000+00:00</time>
      </trkpt>
      <trkpt lat="46.69447" lon="7.7524">
        <ele>1183.68</ele>
        <time>2026-05-04T04:39:48.6960000+00:00</time>
      </trkpt>
      <trkpt lat="46.69442" lon="7.75246">
        <ele>1183.93</ele>
        <time>2026-05-04T04:39:56.6290000+00:00</time>
      </trkpt>
      <trkpt lat="46.69436" lon="7.75252">
        <ele>1182.84</ele>
        <time>2026-05-04T04:40:05.5420000+00:00</time>
      </trkpt>
      <trkpt lat="46.69429" lon="7.75262">
        <ele>1182.2</ele>
        <time>2026-05-04T04:40:17.5480000+00:00</time>
      </trkpt>
      <trkpt lat="46.69424" lon="7.75269">
        <ele>1181.7</ele>
        <time>2026-05-04T04:40:26.0400000+00:00</time>
      </trkpt>
      <trkpt lat="46.6942" lon="7.75276">
        <ele>1181.45</ele>
        <time>2026-05-04T04:40:33.6960000+00:00</time>
      </trkpt>
      <trkpt lat="46.69415" lon="7.75287">
        <ele>1181.46</ele>
        <time>2026-05-04T04:40:44.7840000+00:00</time>
      </trkpt>
      <trkpt lat="46.69411" lon="7.75295">
        <ele>1181.32</ele>
        <time>2026-05-04T04:40:53.1030000+00:00</time>
      </trkpt>
      <trkpt lat="46.69408" lon="7.75305">
        <ele>1181.91</ele>
        <time>2026-05-04T04:41:02.2740000+00:00</time>
      </trkpt>
      <trkpt lat="46.69398" lon="7.75329">
        <ele>1182.19</ele>
        <time>2026-05-04T04:41:25.8690000+00:00</time>
      </trkpt>
      <trkpt lat="46.69391" lon="7.75351">
        <ele>1183.24</ele>
        <time>2026-05-04T04:41:46.2470000+00:00</time>
      </trkpt>
      <trkpt lat="46.69384" lon="7.75368">
        <ele>1183.15</ele>
        <time>2026-05-04T04:42:02.9080000+00:00</time>
      </trkpt>
      <trkpt lat="46.69369" lon="7.75419">
        <ele>1184.69</ele>
        <time>2026-05-04T04:42:49.5340000+00:00</time>
      </trkpt>
      <trkpt lat="46.69365" lon="7.75437">
        <ele>1185.63</ele>
        <time>2026-05-04T04:43:05.4330000+00:00</time>
      </trkpt>
      <trkpt lat="46.69359" lon="7.75457">
        <ele>1185.92</ele>
        <time>2026-05-04T04:43:23.7750000+00:00</time>
      </trkpt>
      <trkpt lat="46.69355" lon="7.75468">
        <ele>1185.74</ele>
        <time>2026-05-04T04:43:34.2360000+00:00</time>
      </trkpt>
      <trkpt lat="46.69353" lon="7.75476">
        <ele>1186</ele>
        <time>2026-05-04T04:43:41.3920000+00:00</time>
      </trkpt>
      <trkpt lat="46.69348" lon="7.75486">
        <ele>1185.19</ele>
        <time>2026-05-04T04:43:51.7900000+00:00</time>
      </trkpt>
      <trkpt lat="46.69344" lon="7.75495">
        <ele>1184.66</ele>
        <time>2026-05-04T04:44:00.8010000+00:00</time>
      </trkpt>
      <trkpt lat="46.69341" lon="7.75501">
        <ele>1184.15</ele>
        <time>2026-05-04T04:44:07.0390000+00:00</time>
      </trkpt>
      <trkpt lat="46.69338" lon="7.75505">
        <ele>1183.35</ele>
        <time>2026-05-04T04:44:12.0200000+00:00</time>
      </trkpt>
      <trkpt lat="46.69335" lon="7.75509">
        <ele>1182.54</ele>
        <time>2026-05-04T04:44:17.0010000+00:00</time>
      </trkpt>
      <trkpt lat="46.69333" lon="7.75511">
        <ele>1181.91</ele>
        <time>2026-05-04T04:44:19.9740000+00:00</time>
      </trkpt>
      <trkpt lat="46.69318" lon="7.75532">
        <ele>1177.95</ele>
        <time>2026-05-04T04:44:45.4510000+00:00</time>
      </trkpt>
      <trkpt lat="46.69313" lon="7.75539">
        <ele>1176.62</ele>
        <time>2026-05-04T04:44:53.9420000+00:00</time>
      </trkpt>
      <trkpt lat="46.6931" lon="7.75544">
        <ele>1175.93</ele>
        <time>2026-05-04T04:44:59.5250000+00:00</time>
      </trkpt>
      <trkpt lat="46.69305" lon="7.75553">
        <ele>1174.86</ele>
        <time>2026-05-04T04:45:09.2570000+00:00</time>
      </trkpt>
      <trkpt lat="46.69298" lon="7.75568">
        <ele>1173.66</ele>
        <time>2026-05-04T04:45:24.5020000+00:00</time>
      </trkpt>
      <trkpt lat="46.69293" lon="7.75581">
        <ele>1173.1</ele>
        <time>2026-05-04T04:45:37.0260000+00:00</time>
      </trkpt>
      <trkpt lat="46.69284" lon="7.75604">
        <ele>1171.98</ele>
        <time>2026-05-04T04:45:59.2750000+00:00</time>
      </trkpt>
      <trkpt lat="46.6928" lon="7.75614">
        <ele>1171.44</ele>
        <time>2026-05-04T04:46:09.0030000+00:00</time>
      </trkpt>
      <trkpt lat="46.69277" lon="7.75621">
        <ele>1170.95</ele>
        <time>2026-05-04T04:46:15.9380000+00:00</time>
      </trkpt>
      <trkpt lat="46.69273" lon="7.75629">
        <ele>1170.56</ele>
        <time>2026-05-04T04:46:24.2570000+00:00</time>
      </trkpt>
      <trkpt lat="46.6927" lon="7.75636">
        <ele>1170.56</ele>
        <time>2026-05-04T04:46:31.1930000+00:00</time>
      </trkpt>
      <trkpt lat="46.69266" lon="7.75642">
        <ele>1170.13</ele>
        <time>2026-05-04T04:46:38.2230000+00:00</time>
      </trkpt>
      <trkpt lat="46.69261" lon="7.7565">
        <ele>1169.64</ele>
        <time>2026-05-04T04:46:47.3180000+00:00</time>
      </trkpt>
      <trkpt lat="46.69254" lon="7.7566">
        <ele>1168.78</ele>
        <time>2026-05-04T04:46:59.3240000+00:00</time>
      </trkpt>
      <trkpt lat="46.69246" lon="7.7567">
        <ele>1167.59</ele>
        <time>2026-05-04T04:47:12.2330000+00:00</time>
      </trkpt>
      <trkpt lat="46.69238" lon="7.75682">
        <ele>1166.63</ele>
        <time>2026-05-04T04:47:26.2940000+00:00</time>
      </trkpt>
      <trkpt lat="46.69235" lon="7.75689">
        <ele>1166.6</ele>
        <time>2026-05-04T04:47:33.2300000+00:00</time>
      </trkpt>
      <trkpt lat="46.69231" lon="7.75695">
        <ele>1166.12</ele>
        <time>2026-05-04T04:47:40.2610000+00:00</time>
      </trkpt>
      <trkpt lat="46.69228" lon="7.75702">
        <ele>1166.07</ele>
        <time>2026-05-04T04:47:47.1970000+00:00</time>
      </trkpt>
      <trkpt lat="46.69225" lon="7.7571">
        <ele>1166.13</ele>
        <time>2026-05-04T04:47:54.8580000+00:00</time>
      </trkpt>
      <trkpt lat="46.6922" lon="7.75723">
        <ele>1166.11</ele>
        <time>2026-05-04T04:48:07.3820000+00:00</time>
      </trkpt>
      <trkpt lat="46.69214" lon="7.75739">
        <ele>1166.04</ele>
        <time>2026-05-04T04:48:22.7040000+00:00</time>
      </trkpt>
      <trkpt lat="46.6921" lon="7.75752">
        <ele>1166.21</ele>
        <time>2026-05-04T04:48:34.6770000+00:00</time>
      </trkpt>
      <trkpt lat="46.69207" lon="7.75763">
        <ele>1166.44</ele>
        <time>2026-05-04T04:48:44.6240000+00:00</time>
      </trkpt>
      <trkpt lat="46.69204" lon="7.75775">
        <ele>1166.75</ele>
        <time>2026-05-04T04:48:55.3570000+00:00</time>
      </trkpt>
      <trkpt lat="46.69201" lon="7.7579">
        <ele>1167.34</ele>
        <time>2026-05-04T04:49:08.4860000+00:00</time>
      </trkpt>
      <trkpt lat="46.69199" lon="7.758">
        <ele>1167.71</ele>
        <time>2026-05-04T04:49:17.2390000+00:00</time>
      </trkpt>
      <trkpt lat="46.69198" lon="7.75807">
        <ele>1168.11</ele>
        <time>2026-05-04T04:49:23.2460000+00:00</time>
      </trkpt>
      <trkpt lat="46.69197" lon="7.75818">
        <ele>1168.94</ele>
        <time>2026-05-04T04:49:32.5700000+00:00</time>
      </trkpt>
      <trkpt lat="46.69197" lon="7.75844">
        <ele>1171.81</ele>
        <time>2026-05-04T04:49:54.4170000+00:00</time>
      </trkpt>
      <trkpt lat="46.69196" lon="7.75864">
        <ele>1173.47</ele>
        <time>2026-05-04T04:50:11.2670000+00:00</time>
      </trkpt>
      <trkpt lat="46.69195" lon="7.75885">
        <ele>1175.11</ele>
        <time>2026-05-04T04:50:28.9560000+00:00</time>
      </trkpt>
      <trkpt lat="46.69194" lon="7.75907">
        <ele>1176.83</ele>
        <time>2026-05-04T04:50:47.4830000+00:00</time>
      </trkpt>
      <trkpt lat="46.69194" lon="7.75916">
        <ele>1177.7</ele>
        <time>2026-05-04T04:50:55.0460000+00:00</time>
      </trkpt>
      <trkpt lat="46.69193" lon="7.75924">
        <ele>1178.05</ele>
        <time>2026-05-04T04:51:01.8800000+00:00</time>
      </trkpt>
      <trkpt lat="46.6919" lon="7.75937">
        <ele>1178.1</ele>
        <time>2026-05-04T04:51:13.4050000+00:00</time>
      </trkpt>
      <trkpt lat="46.69185" lon="7.75956">
        <ele>1177.67</ele>
        <time>2026-05-04T04:51:30.5050000+00:00</time>
      </trkpt>
      <trkpt lat="46.69182" lon="7.75973">
        <ele>1177.84</ele>
        <time>2026-05-04T04:51:45.2550000+00:00</time>
      </trkpt>
      <trkpt lat="46.69179" lon="7.75984">
        <ele>1177.51</ele>
        <time>2026-05-04T04:51:55.2030000+00:00</time>
      </trkpt>
      <trkpt lat="46.69178" lon="7.75993">
        <ele>1177.82</ele>
        <time>2026-05-04T04:52:02.8640000+00:00</time>
      </trkpt>
      <trkpt lat="46.69175" lon="7.76006">
        <ele>1177.61</ele>
        <time>2026-05-04T04:52:14.3890000+00:00</time>
      </trkpt>
      <trkpt lat="46.6917" lon="7.76023">
        <ele>1176.82</ele>
        <time>2026-05-04T04:52:29.9320000+00:00</time>
      </trkpt>
      <trkpt lat="46.69164" lon="7.76048">
        <ele>1175.99</ele>
        <time>2026-05-04T04:52:52.1880000+00:00</time>
      </trkpt>
      <trkpt lat="46.69161" lon="7.76063">
        <ele>1175.73</ele>
        <time>2026-05-04T04:53:05.3180000+00:00</time>
      </trkpt>
      <trkpt lat="46.69157" lon="7.76087">
        <ele>1175.63</ele>
        <time>2026-05-04T04:53:26.0710000+00:00</time>
      </trkpt>
      <trkpt lat="46.69156" lon="7.76091">
        <ele>1175.47</ele>
        <time>2026-05-04T04:53:29.6490000+00:00</time>
      </trkpt>
      <trkpt lat="46.69154" lon="7.76091">
        <ele>1174.61</ele>
        <time>2026-05-04T04:53:32.1020000+00:00</time>
      </trkpt>
      <trkpt lat="46.69151" lon="7.76091">
        <ele>1173.32</ele>
        <time>2026-05-04T04:53:35.7760000+00:00</time>
      </trkpt>
      <trkpt lat="46.69148" lon="7.76093">
        <ele>1172.16</ele>
        <time>2026-05-04T04:53:39.8190000+00:00</time>
      </trkpt>
      <trkpt lat="46.69146" lon="7.76096">
        <ele>1171.49</ele>
        <time>2026-05-04T04:53:43.3350000+00:00</time>
      </trkpt>
      <trkpt lat="46.69145" lon="7.76101">
        <ele>1171.39</ele>
        <time>2026-05-04T04:53:47.7110000+00:00</time>
      </trkpt>
      <trkpt lat="46.69144" lon="7.76108">
        <ele>1171.41</ele>
        <time>2026-05-04T04:53:53.7200000+00:00</time>
      </trkpt>
      <trkpt lat="46.69143" lon="7.76116">
        <ele>1171.5</ele>
        <time>2026-05-04T04:54:00.5520000+00:00</time>
      </trkpt>
      <trkpt lat="46.69142" lon="7.76123">
        <ele>1171.52</ele>
        <time>2026-05-04T04:54:06.5610000+00:00</time>
      </trkpt>
      <trkpt lat="46.6914" lon="7.76129">
        <ele>1171.03</ele>
        <time>2026-05-04T04:54:12.1660000+00:00</time>
      </trkpt>
      <trkpt lat="46.69134" lon="7.76143">
        <ele>1169.31</ele>
        <time>2026-05-04T04:54:26.0370000+00:00</time>
      </trkpt>
      <trkpt lat="46.69128" lon="7.76161">
        <ele>1167.81</ele>
        <time>2026-05-04T04:54:42.8540000+00:00</time>
      </trkpt>
      <trkpt lat="46.69125" lon="7.76172">
        <ele>1167.17</ele>
        <time>2026-05-04T04:54:52.8020000+00:00</time>
      </trkpt>
      <trkpt lat="46.69118" lon="7.76207">
        <ele>1166.42</ele>
        <time>2026-05-04T04:55:23.4370000+00:00</time>
      </trkpt>
      <trkpt lat="46.69116" lon="7.76222">
        <ele>1166.6</ele>
        <time>2026-05-04T04:55:36.2770000+00:00</time>
      </trkpt>
      <trkpt lat="46.69114" lon="7.76235">
        <ele>1166.65</ele>
        <time>2026-05-04T04:55:47.4730000+00:00</time>
      </trkpt>
      <trkpt lat="46.69113" lon="7.76245">
        <ele>1166.93</ele>
        <time>2026-05-04T04:55:55.9650000+00:00</time>
      </trkpt>
      <trkpt lat="46.69112" lon="7.7626">
        <ele>1167.56</ele>
        <time>2026-05-04T04:56:08.6280000+00:00</time>
      </trkpt>
      <trkpt lat="46.69111" lon="7.76272">
        <ele>1167.91</ele>
        <time>2026-05-04T04:56:18.7860000+00:00</time>
      </trkpt>
      <trkpt lat="46.6911" lon="7.7628">
        <ele>1167.77</ele>
        <time>2026-05-04T04:56:25.6190000+00:00</time>
      </trkpt>
      <trkpt lat="46.69108" lon="7.76288">
        <ele>1167.09</ele>
        <time>2026-05-04T04:56:32.7740000+00:00</time>
      </trkpt>
      <trkpt lat="46.69099" lon="7.76321">
        <ele>1163.52</ele>
        <time>2026-05-04T04:57:02.6160000+00:00</time>
      </trkpt>
      <trkpt lat="46.69096" lon="7.76334">
        <ele>1162.4</ele>
        <time>2026-05-04T04:57:14.1410000+00:00</time>
      </trkpt>
      <trkpt lat="46.69094" lon="7.76341">
        <ele>1161.6</ele>
        <time>2026-05-04T04:57:20.5120000+00:00</time>
      </trkpt>
      <trkpt lat="46.69093" lon="7.76349">
        <ele>1161.36</ele>
        <time>2026-05-04T04:57:27.3450000+00:00</time>
      </trkpt>
      <trkpt lat="46.69092" lon="7.76362">
        <ele>1161.32</ele>
        <time>2026-05-04T04:57:38.3370000+00:00</time>
      </trkpt>
      <trkpt lat="46.69091" lon="7.76391">
        <ele>1161.91</ele>
        <time>2026-05-04T04:58:02.7370000+00:00</time>
      </trkpt>
      <trkpt lat="46.69089" lon="7.76419">
        <ele>1161.96</ele>
        <time>2026-05-04T04:58:26.3920000+00:00</time>
      </trkpt>
      <trkpt lat="46.69088" lon="7.76431">
        <ele>1161.91</ele>
        <time>2026-05-04T04:58:36.5500000+00:00</time>
      </trkpt>
      <trkpt lat="46.69087" lon="7.7644">
        <ele>1161.85</ele>
        <time>2026-05-04T04:58:44.2120000+00:00</time>
      </trkpt>
      <trkpt lat="46.69085" lon="7.76453">
        <ele>1161.71</ele>
        <time>2026-05-04T04:58:55.4070000+00:00</time>
      </trkpt>
      <trkpt lat="46.69078" lon="7.76492">
        <ele>1160.72</ele>
        <time>2026-05-04T04:59:29.2820000+00:00</time>
      </trkpt>
      <trkpt lat="46.69078" lon="7.76497">
        <ele>1161.05</ele>
        <time>2026-05-04T04:59:33.4820000+00:00</time>
      </trkpt>
      <trkpt lat="46.69078" lon="7.76505">
        <ele>1161.59</ele>
        <time>2026-05-04T04:59:40.2040000+00:00</time>
      </trkpt>
      <trkpt lat="46.69079" lon="7.76517">
        <ele>1162.93</ele>
        <time>2026-05-04T04:59:50.3620000+00:00</time>
      </trkpt>
      <trkpt lat="46.69077" lon="7.76518">
        <ele>1161.94</ele>
        <time>2026-05-04T04:59:52.9510000+00:00</time>
      </trkpt>
      <trkpt lat="46.69075" lon="7.76517">
        <ele>1160.82</ele>
        <time>2026-05-04T04:59:55.5430000+00:00</time>
      </trkpt>
      <trkpt lat="46.69072" lon="7.76514">
        <ele>1159.04</ele>
        <time>2026-05-04T05:00:00.0000000+00:00</time>
      </trkpt>
    </trkseg>
  </trk>
</gpx>