<?xml version="1.0" encoding="utf-8"?>
<gpx xmlns:xsd="http://www.w3.org/2001/XMLSchema" xmlns:xsi="http://www.w3.org/2001/XMLSchema-instance" creator="eT4 META" version="1.1" xsi:schemaLocation="http://www.topografix.com/GPX/1/1 http://www.topografix.com/GPX/1/1/gpx.xsd" xmlns="http://www.topografix.com/GPX/1/1">
  <trk>
    <name>Le chemin des trois cascades</name>
    <trkseg>
      <trkpt lat="46.68932" lon="7.89793">
        <ele>564</ele>
        <time>2026-05-04T00:00:00.0000000+00:00</time>
      </trkpt>
      <trkpt lat="46.6893" lon="7.89792">
        <ele>564</ele>
        <time>2026-05-04T00:00:02.4410000+00:00</time>
      </trkpt>
      <trkpt lat="46.68926" lon="7.89787">
        <ele>564</ele>
        <time>2026-05-04T00:00:08.5320000+00:00</time>
      </trkpt>
      <trkpt lat="46.68922" lon="7.89782">
        <ele>564</ele>
        <time>2026-05-04T00:00:14.6230000+00:00</time>
      </trkpt>
      <trkpt lat="46.6892" lon="7.89774">
        <ele>564</ele>
        <time>2026-05-04T00:00:21.3740000+00:00</time>
      </trkpt>
      <trkpt lat="46.68916" lon="7.89768">
        <ele>564</ele>
        <time>2026-05-04T00:00:28.0070000+00:00</time>
      </trkpt>
      <trkpt lat="46.68913" lon="7.89765">
        <ele>564</ele>
        <time>2026-05-04T00:00:32.2110000+00:00</time>
      </trkpt>
      <trkpt lat="46.68908" lon="7.89762">
        <ele>564</ele>
        <time>2026-05-04T00:00:38.4600000+00:00</time>
      </trkpt>
      <trkpt lat="46.68903" lon="7.89762">
        <ele>564</ele>
        <time>2026-05-04T00:00:44.2390000+00:00</time>
      </trkpt>
      <trkpt lat="46.68895" lon="7.8975">
        <ele>564</ele>
        <time>2026-05-04T00:00:57.5060000+00:00</time>
      </trkpt>
      <trkpt lat="46.68882" lon="7.89763">
        <ele>564</ele>
        <time>2026-05-04T00:01:15.7260000+00:00</time>
      </trkpt>
      <trkpt lat="46.68863" lon="7.8978">
        <ele>564</ele>
        <time>2026-05-04T00:01:41.4920000+00:00</time>
      </trkpt>
      <trkpt lat="46.68845" lon="7.89796">
        <ele>564.25</ele>
        <time>2026-05-04T00:02:05.8590000+00:00</time>
      </trkpt>
      <trkpt lat="46.68828" lon="7.89811">
        <ele>564.61</ele>
        <time>2026-05-04T00:02:28.8260000+00:00</time>
      </trkpt>
      <trkpt lat="46.68812" lon="7.89824">
        <ele>565.01</ele>
        <time>2026-05-04T00:02:49.9970000+00:00</time>
      </trkpt>
      <trkpt lat="46.68804" lon="7.89831">
        <ele>565.24</ele>
        <time>2026-05-04T00:03:00.7810000+00:00</time>
      </trkpt>
      <trkpt lat="46.68812" lon="7.89856">
        <ele>565.23</ele>
        <time>2026-05-04T00:03:22.6530000+00:00</time>
      </trkpt>
      <trkpt lat="46.68818" lon="7.89876">
        <ele>565.2</ele>
        <time>2026-05-04T00:03:39.9590000+00:00</time>
      </trkpt>
      <trkpt lat="46.68832" lon="7.89916">
        <ele>564.95</ele>
        <time>2026-05-04T00:04:15.5620000+00:00</time>
      </trkpt>
      <trkpt lat="46.6884" lon="7.89941">
        <ele>564.69</ele>
        <time>2026-05-04T00:04:37.4330000+00:00</time>
      </trkpt>
      <trkpt lat="46.68844" lon="7.8996">
        <ele>564.55</ele>
        <time>2026-05-04T00:04:53.1900000+00:00</time>
      </trkpt>
      <trkpt lat="46.68846" lon="7.89978">
        <ele>564.48</ele>
        <time>2026-05-04T00:05:07.6470000+00:00</time>
      </trkpt>
      <trkpt lat="46.68847" lon="7.89995">
        <ele>564.44</ele>
        <time>2026-05-04T00:05:21.1750000+00:00</time>
      </trkpt>
      <trkpt lat="46.68847" lon="7.90004">
        <ele>564.44</ele>
        <time>2026-05-04T00:05:28.3110000+00:00</time>
      </trkpt>
      <trkpt lat="46.68848" lon="7.90017">
        <ele>564.42</ele>
        <time>2026-05-04T00:05:38.6830000+00:00</time>
      </trkpt>
      <trkpt lat="46.68848" lon="7.90051">
        <ele>564.48</ele>
        <time>2026-05-04T00:06:05.6390000+00:00</time>
      </trkpt>
      <trkpt lat="46.68848" lon="7.9007">
        <ele>564.51</ele>
        <time>2026-05-04T00:06:20.7030000+00:00</time>
      </trkpt>
      <trkpt lat="46.68848" lon="7.90087">
        <ele>564.53</ele>
        <time>2026-05-04T00:06:34.1820000+00:00</time>
      </trkpt>
      <trkpt lat="46.6885" lon="7.90106">
        <ele>564.47</ele>
        <time>2026-05-04T00:06:49.4220000+00:00</time>
      </trkpt>
      <trkpt lat="46.68853" lon="7.90127">
        <ele>564.33</ele>
        <time>2026-05-04T00:07:06.4280000+00:00</time>
      </trkpt>
      <trkpt lat="46.68853" lon="7.90131">
        <ele>564.34</ele>
        <time>2026-05-04T00:07:09.5980000+00:00</time>
      </trkpt>
      <trkpt lat="46.68858" lon="7.9017">
        <ele>564.08</ele>
        <time>2026-05-04T00:07:41.0540000+00:00</time>
      </trkpt>
      <trkpt lat="46.68863" lon="7.90204">
        <ele>564</ele>
        <time>2026-05-04T00:08:08.6230000+00:00</time>
      </trkpt>
      <trkpt lat="46.68866" lon="7.90232">
        <ele>564</ele>
        <time>2026-05-04T00:08:31.0910000+00:00</time>
      </trkpt>
      <trkpt lat="46.68867" lon="7.90261">
        <ele>564</ele>
        <time>2026-05-04T00:08:54.1120000+00:00</time>
      </trkpt>
      <trkpt lat="46.68869" lon="7.90308">
        <ele>564</ele>
        <time>2026-05-04T00:09:31.4470000+00:00</time>
      </trkpt>
      <trkpt lat="46.6887" lon="7.90338">
        <ele>564</ele>
        <time>2026-05-04T00:09:55.2600000+00:00</time>
      </trkpt>
      <trkpt lat="46.6887" lon="7.90365">
        <ele>564</ele>
        <time>2026-05-04T00:10:16.6660000+00:00</time>
      </trkpt>
      <trkpt lat="46.68868" lon="7.90395">
        <ele>564</ele>
        <time>2026-05-04T00:10:40.5630000+00:00</time>
      </trkpt>
      <trkpt lat="46.68867" lon="7.90426">
        <ele>564</ele>
        <time>2026-05-04T00:11:05.1680000+00:00</time>
      </trkpt>
      <trkpt lat="46.68866" lon="7.90438">
        <ele>564</ele>
        <time>2026-05-04T00:11:14.7510000+00:00</time>
      </trkpt>
      <trkpt lat="46.68866" lon="7.90462">
        <ele>564</ele>
        <time>2026-05-04T00:11:33.7790000+00:00</time>
      </trkpt>
      <trkpt lat="46.68865" lon="7.90488">
        <ele>564</ele>
        <time>2026-05-04T00:11:54.4250000+00:00</time>
      </trkpt>
      <trkpt lat="46.68865" lon="7.90526">
        <ele>564</ele>
        <time>2026-05-04T00:12:24.5530000+00:00</time>
      </trkpt>
      <trkpt lat="46.68864" lon="7.90566">
        <ele>564</ele>
        <time>2026-05-04T00:12:56.2870000+00:00</time>
      </trkpt>
      <trkpt lat="46.68864" lon="7.90597">
        <ele>564</ele>
        <time>2026-05-04T00:13:20.8640000+00:00</time>
      </trkpt>
      <trkpt lat="46.68864" lon="7.90626">
        <ele>564</ele>
        <time>2026-05-04T00:13:43.8560000+00:00</time>
      </trkpt>
      <trkpt lat="46.68864" lon="7.90652">
        <ele>564</ele>
        <time>2026-05-04T00:14:04.4700000+00:00</time>
      </trkpt>
      <trkpt lat="46.68863" lon="7.90672">
        <ele>564</ele>
        <time>2026-05-04T00:14:20.3690000+00:00</time>
      </trkpt>
      <trkpt lat="46.68863" lon="7.90679">
        <ele>564</ele>
        <time>2026-05-04T00:14:25.9180000+00:00</time>
      </trkpt>
      <trkpt lat="46.68863" lon="7.90697">
        <ele>564</ele>
        <time>2026-05-04T00:14:40.1900000+00:00</time>
      </trkpt>
      <trkpt lat="46.68862" lon="7.90698">
        <ele>564</ele>
        <time>2026-05-04T00:14:41.5850000+00:00</time>
      </trkpt>
      <trkpt lat="46.68862" lon="7.90723">
        <ele>564</ele>
        <time>2026-05-04T00:15:01.4060000+00:00</time>
      </trkpt>
      <trkpt lat="46.68862" lon="7.9076">
        <ele>564</ele>
        <time>2026-05-04T00:15:30.7400000+00:00</time>
      </trkpt>
      <trkpt lat="46.68862" lon="7.90785">
        <ele>564</ele>
        <time>2026-05-04T00:15:50.5610000+00:00</time>
      </trkpt>
      <trkpt lat="46.68862" lon="7.90831">
        <ele>564</ele>
        <time>2026-05-04T00:16:27.0310000+00:00</time>
      </trkpt>
      <trkpt lat="46.68863" lon="7.90879">
        <ele>564</ele>
        <time>2026-05-04T00:17:05.1040000+00:00</time>
      </trkpt>
      <trkpt lat="46.68863" lon="7.9091">
        <ele>564</ele>
        <time>2026-05-04T00:17:29.6820000+00:00</time>
      </trkpt>
      <trkpt lat="46.68862" lon="7.90928">
        <ele>564</ele>
        <time>2026-05-04T00:17:43.9990000+00:00</time>
      </trkpt>
      <trkpt lat="46.68861" lon="7.9095">
        <ele>564</ele>
        <time>2026-05-04T00:18:01.4790000+00:00</time>
      </trkpt>
      <trkpt lat="46.68858" lon="7.90972">
        <ele>564.07</ele>
        <time>2026-05-04T00:18:19.2630000+00:00</time>
      </trkpt>
      <trkpt lat="46.68853" lon="7.91007">
        <ele>564.3</ele>
        <time>2026-05-04T00:18:47.6070000+00:00</time>
      </trkpt>
      <trkpt lat="46.68849" lon="7.91038">
        <ele>564.4</ele>
        <time>2026-05-04T00:19:12.6160000+00:00</time>
      </trkpt>
      <trkpt lat="46.68843" lon="7.91077">
        <ele>564.46</ele>
        <time>2026-05-04T00:19:44.3050000+00:00</time>
      </trkpt>
      <trkpt lat="46.68839" lon="7.91099">
        <ele>564.46</ele>
        <time>2026-05-04T00:20:02.3490000+00:00</time>
      </trkpt>
      <trkpt lat="46.68837" lon="7.91111">
        <ele>564.47</ele>
        <time>2026-05-04T00:20:12.1390000+00:00</time>
      </trkpt>
      <trkpt lat="46.6883" lon="7.91112">
        <ele>564.61</ele>
        <time>2026-05-04T00:20:20.2680000+00:00</time>
      </trkpt>
      <trkpt lat="46.6882" lon="7.91116">
        <ele>564.8</ele>
        <time>2026-05-04T00:20:32.2540000+00:00</time>
      </trkpt>
      <trkpt lat="46.68814" lon="7.9112">
        <ele>564.9</ele>
        <time>2026-05-04T00:20:39.8800000+00:00</time>
      </trkpt>
      <trkpt lat="46.68804" lon="7.91132">
        <ele>565</ele>
        <time>2026-05-04T00:20:54.8500000+00:00</time>
      </trkpt>
      <trkpt lat="46.6878" lon="7.91165">
        <ele>565.06</ele>
        <time>2026-05-04T00:21:32.9820000+00:00</time>
      </trkpt>
      <trkpt lat="46.68755" lon="7.91201">
        <ele>567.95</ele>
        <time>2026-05-04T00:22:13.5970000+00:00</time>
      </trkpt>
      <trkpt lat="46.68734" lon="7.9123">
        <ele>570.72</ele>
        <time>2026-05-04T00:22:47.0300000+00:00</time>
      </trkpt>
      <trkpt lat="46.68715" lon="7.91257">
        <ele>573.06</ele>
        <time>2026-05-04T00:23:17.6970000+00:00</time>
      </trkpt>
      <trkpt lat="46.68697" lon="7.9128">
        <ele>576.49</ele>
        <time>2026-05-04T00:23:45.3620000+00:00</time>
      </trkpt>
      <trkpt lat="46.68687" lon="7.91289">
        <ele>578.52</ele>
        <time>2026-05-04T00:23:58.9450000+00:00</time>
      </trkpt>
      <trkpt lat="46.68674" lon="7.91293">
        <ele>580.97</ele>
        <time>2026-05-04T00:24:14.3020000+00:00</time>
      </trkpt>
      <trkpt lat="46.68654" lon="7.91301">
        <ele>584.86</ele>
        <time>2026-05-04T00:24:38.2720000+00:00</time>
      </trkpt>
      <trkpt lat="46.68642" lon="7.91306">
        <ele>587.23</ele>
        <time>2026-05-04T00:24:52.6970000+00:00</time>
      </trkpt>
      <trkpt lat="46.68626" lon="7.91314">
        <ele>590.5</ele>
        <time>2026-05-04T00:25:12.2470000+00:00</time>
      </trkpt>
      <trkpt lat="46.68622" lon="7.91315">
        <ele>591.26</ele>
        <time>2026-05-04T00:25:16.9380000+00:00</time>
      </trkpt>
      <trkpt lat="46.68614" lon="7.91319">
        <ele>592.91</ele>
        <time>2026-05-04T00:25:26.7140000+00:00</time>
      </trkpt>
      <trkpt lat="46.68606" lon="7.91323">
        <ele>595.05</ele>
        <time>2026-05-04T00:25:36.4900000+00:00</time>
      </trkpt>
      <trkpt lat="46.68597" lon="7.91327">
        <ele>598.25</ele>
        <time>2026-05-04T00:25:47.3650000+00:00</time>
      </trkpt>
      <trkpt lat="46.68591" lon="7.91331">
        <ele>600.63</ele>
        <time>2026-05-04T00:25:54.9900000+00:00</time>
      </trkpt>
      <trkpt lat="46.68584" lon="7.91335">
        <ele>603.48</ele>
        <time>2026-05-04T00:26:03.6800000+00:00</time>
      </trkpt>
      <trkpt lat="46.68592" lon="7.91348">
        <ele>601.79</ele>
        <time>2026-05-04T00:26:17.5260000+00:00</time>
      </trkpt>
      <trkpt lat="46.68603" lon="7.91366">
        <ele>598.92</ele>
        <time>2026-05-04T00:26:36.6400000+00:00</time>
      </trkpt>
      <trkpt lat="46.68606" lon="7.91376">
        <ele>598.42</ele>
        <time>2026-05-04T00:26:45.2950000+00:00</time>
      </trkpt>
      <trkpt lat="46.68608" lon="7.91389">
        <ele>598.47</ele>
        <time>2026-05-04T00:26:55.8580000+00:00</time>
      </trkpt>
      <trkpt lat="46.6861" lon="7.91397">
        <ele>598.29</ele>
        <time>2026-05-04T00:27:02.6090000+00:00</time>
      </trkpt>
      <trkpt lat="46.68615" lon="7.91405">
        <ele>597.83</ele>
        <time>2026-05-04T00:27:11.1900000+00:00</time>
      </trkpt>
      <trkpt lat="46.6862" lon="7.9141">
        <ele>597.17</ele>
        <time>2026-05-04T00:27:18.1980000+00:00</time>
      </trkpt>
      <trkpt lat="46.68627" lon="7.91417">
        <ele>596.24</ele>
        <time>2026-05-04T00:27:28.0080000+00:00</time>
      </trkpt>
      <trkpt lat="46.68634" lon="7.91423">
        <ele>595.24</ele>
        <time>2026-05-04T00:27:37.3940000+00:00</time>
      </trkpt>
      <trkpt lat="46.68634" lon="7.91433">
        <ele>595.9</ele>
        <time>2026-05-04T00:27:45.3230000+00:00</time>
      </trkpt>
      <trkpt lat="46.68636" lon="7.91448">
        <ele>596.48</ele>
        <time>2026-05-04T00:27:57.4380000+00:00</time>
      </trkpt>
      <trkpt lat="46.68636" lon="7.91471">
        <ele>597.97</ele>
        <time>2026-05-04T00:28:15.6740000+00:00</time>
      </trkpt>
      <trkpt lat="46.68634" lon="7.91485">
        <ele>599.35</ele>
        <time>2026-05-04T00:28:27.0120000+00:00</time>
      </trkpt>
      <trkpt lat="46.68626" lon="7.91488">
        <ele>601.46</ele>
        <time>2026-05-04T00:28:36.5600000+00:00</time>
      </trkpt>
      <trkpt lat="46.68618" lon="7.9149">
        <ele>603.52</ele>
        <time>2026-05-04T00:28:45.9420000+00:00</time>
      </trkpt>
      <trkpt lat="46.68612" lon="7.91488">
        <ele>604.8</ele>
        <time>2026-05-04T00:28:53.0560000+00:00</time>
      </trkpt>
      <trkpt lat="46.686" lon="7.91492">
        <ele>609.1</ele>
        <time>2026-05-04T00:29:07.2830000+00:00</time>
      </trkpt>
      <trkpt lat="46.68597" lon="7.91497">
        <ele>610.56</ele>
        <time>2026-05-04T00:29:12.5500000+00:00</time>
      </trkpt>
      <trkpt lat="46.68594" lon="7.91508">
        <ele>612.46</ele>
        <time>2026-05-04T00:29:21.9360000+00:00</time>
      </trkpt>
      <trkpt lat="46.6859" lon="7.91514">
        <ele>614.3</ele>
        <time>2026-05-04T00:29:28.5700000+00:00</time>
      </trkpt>
      <trkpt lat="46.68581" lon="7.91526">
        <ele>618.45</ele>
        <time>2026-05-04T00:29:42.6670000+00:00</time>
      </trkpt>
      <trkpt lat="46.68575" lon="7.91532">
        <ele>621.13</ele>
        <time>2026-05-04T00:29:51.0770000+00:00</time>
      </trkpt>
      <trkpt lat="46.68569" lon="7.91535">
        <ele>623.6</ele>
        <time>2026-05-04T00:29:58.4080000+00:00</time>
      </trkpt>
      <trkpt lat="46.68558" lon="7.91534">
        <ele>627.55</ele>
        <time>2026-05-04T00:30:11.1460000+00:00</time>
      </trkpt>
      <trkpt lat="46.68547" lon="7.9154">
        <ele>632.23</ele>
        <time>2026-05-04T00:30:24.7210000+00:00</time>
      </trkpt>
      <trkpt lat="46.68535" lon="7.91552">
        <ele>638.06</ele>
        <time>2026-05-04T00:30:41.5400000+00:00</time>
      </trkpt>
      <trkpt lat="46.68527" lon="7.91566">
        <ele>642.77</ele>
        <time>2026-05-04T00:30:55.9870000+00:00</time>
      </trkpt>
      <trkpt lat="46.68518" lon="7.91589">
        <ele>647.73</ele>
        <time>2026-05-04T00:31:16.9820000+00:00</time>
      </trkpt>
      <trkpt lat="46.68506" lon="7.91619">
        <ele>661.28</ele>
        <time>2026-05-04T00:31:44.5160000+00:00</time>
      </trkpt>
      <trkpt lat="46.68498" lon="7.91639">
        <ele>670.77</ele>
        <time>2026-05-04T00:32:02.8730000+00:00</time>
      </trkpt>
      <trkpt lat="46.68493" lon="7.91647">
        <ele>675.08</ele>
        <time>2026-05-04T00:32:11.4540000+00:00</time>
      </trkpt>
      <trkpt lat="46.68485" lon="7.91657">
        <ele>681.01</ele>
        <time>2026-05-04T00:32:23.6340000+00:00</time>
      </trkpt>
      <trkpt lat="46.68481" lon="7.91662">
        <ele>684.01</ele>
        <time>2026-05-04T00:32:29.7230000+00:00</time>
      </trkpt>
      <trkpt lat="46.68479" lon="7.91667">
        <ele>686.49</ele>
        <time>2026-05-04T00:32:34.3110000+00:00</time>
      </trkpt>
      <trkpt lat="46.68474" lon="7.91674">
        <ele>690.62</ele>
        <time>2026-05-04T00:32:42.3240000+00:00</time>
      </trkpt>
      <trkpt lat="46.68468" lon="7.91677">
        <ele>693.8</ele>
        <time>2026-05-04T00:32:49.6560000+00:00</time>
      </trkpt>
      <trkpt lat="46.68462" lon="7.9168">
        <ele>697.07</ele>
        <time>2026-05-04T00:32:56.9880000+00:00</time>
      </trkpt>
      <trkpt lat="46.68458" lon="7.91684">
        <ele>700.35</ele>
        <time>2026-05-04T00:33:02.5940000+00:00</time>
      </trkpt>
      <trkpt lat="46.68453" lon="7.91692">
        <ele>706.19</ele>
        <time>2026-05-04T00:33:11.1760000+00:00</time>
      </trkpt>
      <trkpt lat="46.68451" lon="7.91696">
        <ele>709.01</ele>
        <time>2026-05-04T00:33:15.1000000+00:00</time>
      </trkpt>
      <trkpt lat="46.68456" lon="7.91699">
        <ele>708.97</ele>
        <time>2026-05-04T00:33:21.3510000+00:00</time>
      </trkpt>
      <trkpt lat="46.68466" lon="7.91706">
        <ele>709.2</ele>
        <time>2026-05-04T00:33:34.1720000+00:00</time>
      </trkpt>
      <trkpt lat="46.68484" lon="7.91712">
        <ele>705.7</ele>
        <time>2026-05-04T00:33:55.5130000+00:00</time>
      </trkpt>
      <trkpt lat="46.685" lon="7.91714">
        <ele>700.73</ele>
        <time>2026-05-04T00:34:14.0740000+00:00</time>
      </trkpt>
      <trkpt lat="46.68516" lon="7.91712">
        <ele>694.03</ele>
        <time>2026-05-04T00:34:32.6340000+00:00</time>
      </trkpt>
      <trkpt lat="46.68532" lon="7.91708">
        <ele>684.96</ele>
        <time>2026-05-04T00:34:51.3960000+00:00</time>
      </trkpt>
      <trkpt lat="46.6855" lon="7.91705">
        <ele>671.94</ele>
        <time>2026-05-04T00:35:12.3360000+00:00</time>
      </trkpt>
      <trkpt lat="46.6856" lon="7.91704">
        <ele>665</ele>
        <time>2026-05-04T00:35:23.9220000+00:00</time>
      </trkpt>
      <trkpt lat="46.68568" lon="7.91707">
        <ele>660.63</ele>
        <time>2026-05-04T00:35:33.4680000+00:00</time>
      </trkpt>
      <trkpt lat="46.68576" lon="7.91712">
        <ele>656.78</ele>
        <time>2026-05-04T00:35:43.5290000+00:00</time>
      </trkpt>
      <trkpt lat="46.68581" lon="7.9172">
        <ele>655.69</ele>
        <time>2026-05-04T00:35:52.1100000+00:00</time>
      </trkpt>
      <trkpt lat="46.68586" lon="7.91733">
        <ele>655.87</ele>
        <time>2026-05-04T00:36:03.9260000+00:00</time>
      </trkpt>
      <trkpt lat="46.68599" lon="7.91754">
        <ele>652.08</ele>
        <time>2026-05-04T00:36:26.3540000+00:00</time>
      </trkpt>
      <trkpt lat="46.68614" lon="7.91782">
        <ele>647.48</ele>
        <time>2026-05-04T00:36:54.5220000+00:00</time>
      </trkpt>
      <trkpt lat="46.68626" lon="7.91808">
        <ele>644.94</ele>
        <time>2026-05-04T00:37:19.3680000+00:00</time>
      </trkpt>
      <trkpt lat="46.6864" lon="7.91839">
        <ele>641.53</ele>
        <time>2026-05-04T00:37:48.7950000+00:00</time>
      </trkpt>
      <trkpt lat="46.68653" lon="7.91868">
        <ele>638.88</ele>
        <time>2026-05-04T00:38:16.2620000+00:00</time>
      </trkpt>
      <trkpt lat="46.68661" lon="7.91886">
        <ele>637.25</ele>
        <time>2026-05-04T00:38:33.2670000+00:00</time>
      </trkpt>
      <trkpt lat="46.68667" lon="7.91904">
        <ele>636.99</ele>
        <time>2026-05-04T00:38:49.1340000+00:00</time>
      </trkpt>
      <trkpt lat="46.68676" lon="7.91926">
        <ele>635.62</ele>
        <time>2026-05-04T00:39:09.4430000+00:00</time>
      </trkpt>
      <trkpt lat="46.68682" lon="7.91941">
        <ele>635.7</ele>
        <time>2026-05-04T00:39:23.2100000+00:00</time>
      </trkpt>
      <trkpt lat="46.68692" lon="7.91963">
        <ele>634.95</ele>
        <time>2026-05-04T00:39:44.1350000+00:00</time>
      </trkpt>
      <trkpt lat="46.68701" lon="7.91988">
        <ele>636.88</ele>
        <time>2026-05-04T00:40:06.5200000+00:00</time>
      </trkpt>
      <trkpt lat="46.68708" lon="7.92013">
        <ele>639.55</ele>
        <time>2026-05-04T00:40:27.9290000+00:00</time>
      </trkpt>
      <trkpt lat="46.68716" lon="7.92031">
        <ele>639.17</ele>
        <time>2026-05-04T00:40:44.9340000+00:00</time>
      </trkpt>
      <trkpt lat="46.68723" lon="7.92043">
        <ele>637.93</ele>
        <time>2026-05-04T00:40:57.4230000+00:00</time>
      </trkpt>
      <trkpt lat="46.68734" lon="7.92057">
        <ele>634.82</ele>
        <time>2026-05-04T00:41:14.3010000+00:00</time>
      </trkpt>
      <trkpt lat="46.68743" lon="7.92069">
        <ele>632.41</ele>
        <time>2026-05-04T00:41:28.3980000+00:00</time>
      </trkpt>
      <trkpt lat="46.68753" lon="7.92086">
        <ele>630.6</ele>
        <time>2026-05-04T00:41:46.1530000+00:00</time>
      </trkpt>
      <trkpt lat="46.6876" lon="7.92098">
        <ele>629.33</ele>
        <time>2026-05-04T00:41:58.6420000+00:00</time>
      </trkpt>
      <trkpt lat="46.68771" lon="7.92122">
        <ele>628.61</ele>
        <time>2026-05-04T00:42:21.5260000+00:00</time>
      </trkpt>
      <trkpt lat="46.68781" lon="7.92143">
        <ele>629.23</ele>
        <time>2026-05-04T00:42:41.7950000+00:00</time>
      </trkpt>
      <trkpt lat="46.68789" lon="7.92159">
        <ele>630.74</ele>
        <time>2026-05-04T00:42:57.4920000+00:00</time>
      </trkpt>
      <trkpt lat="46.68803" lon="7.92179">
        <ele>631.33</ele>
        <time>2026-05-04T00:43:20.1480000+00:00</time>
      </trkpt>
      <trkpt lat="46.68823" lon="7.92204">
        <ele>628.89</ele>
        <time>2026-05-04T00:43:50.5980000+00:00</time>
      </trkpt>
      <trkpt lat="46.6884" lon="7.92222">
        <ele>624.66</ele>
        <time>2026-05-04T00:44:14.8820000+00:00</time>
      </trkpt>
      <trkpt lat="46.68852" lon="7.92231">
        <ele>620.54</ele>
        <time>2026-05-04T00:44:30.4790000+00:00</time>
      </trkpt>
      <trkpt lat="46.68861" lon="7.92232">
        <ele>616.92</ele>
        <time>2026-05-04T00:44:40.9110000+00:00</time>
      </trkpt>
      <trkpt lat="46.6887" lon="7.92231">
        <ele>613.63</ele>
        <time>2026-05-04T00:44:51.3440000+00:00</time>
      </trkpt>
      <trkpt lat="46.68883" lon="7.92225">
        <ele>608.49</ele>
        <time>2026-05-04T00:45:07.1040000+00:00</time>
      </trkpt>
      <trkpt lat="46.6889" lon="7.92223">
        <ele>605.77</ele>
        <time>2026-05-04T00:45:15.3490000+00:00</time>
      </trkpt>
      <trkpt lat="46.68898" lon="7.92227">
        <ele>603.23</ele>
        <time>2026-05-04T00:45:25.1240000+00:00</time>
      </trkpt>
      <trkpt lat="46.68905" lon="7.92235">
        <ele>601.49</ele>
        <time>2026-05-04T00:45:35.4050000+00:00</time>
      </trkpt>
      <trkpt lat="46.6891" lon="7.92246">
        <ele>600.86</ele>
        <time>2026-05-04T00:45:45.8660000+00:00</time>
      </trkpt>
      <trkpt lat="46.68915" lon="7.92265">
        <ele>600.75</ele>
        <time>2026-05-04T00:46:02.0010000+00:00</time>
      </trkpt>
      <trkpt lat="46.68917" lon="7.9228">
        <ele>600.99</ele>
        <time>2026-05-04T00:46:14.1150000+00:00</time>
      </trkpt>
      <trkpt lat="46.68917" lon="7.92289">
        <ele>601.52</ele>
        <time>2026-05-04T00:46:21.2500000+00:00</time>
      </trkpt>
      <trkpt lat="46.68917" lon="7.92298">
        <ele>602.05</ele>
        <time>2026-05-04T00:46:28.3850000+00:00</time>
      </trkpt>
      <trkpt lat="46.68916" lon="7.9232">
        <ele>603.6</ele>
        <time>2026-05-04T00:46:45.8650000+00:00</time>
      </trkpt>
      <trkpt lat="46.68917" lon="7.92339">
        <ele>604.48</ele>
        <time>2026-05-04T00:47:00.9730000+00:00</time>
      </trkpt>
      <trkpt lat="46.68914" lon="7.9235">
        <ele>606.04</ele>
        <time>2026-05-04T00:47:10.3580000+00:00</time>
      </trkpt>
      <trkpt lat="46.68908" lon="7.92358">
        <ele>608.01</ele>
        <time>2026-05-04T00:47:19.7560000+00:00</time>
      </trkpt>
      <trkpt lat="46.68899" lon="7.92368">
        <ele>610.79</ele>
        <time>2026-05-04T00:47:32.8350000+00:00</time>
      </trkpt>
      <trkpt lat="46.68895" lon="7.92376">
        <ele>612.33</ele>
        <time>2026-05-04T00:47:40.6840000+00:00</time>
      </trkpt>
      <trkpt lat="46.68893" lon="7.92383">
        <ele>613.35</ele>
        <time>2026-05-04T00:47:46.6960000+00:00</time>
      </trkpt>
      <trkpt lat="46.68893" lon="7.92392">
        <ele>614.11</ele>
        <time>2026-05-04T00:47:53.8310000+00:00</time>
      </trkpt>
      <trkpt lat="46.68894" lon="7.92399">
        <ele>614.48</ele>
        <time>2026-05-04T00:47:59.5000000+00:00</time>
      </trkpt>
      <trkpt lat="46.689" lon="7.92411">
        <ele>614.19</ele>
        <time>2026-05-04T00:48:11.2730000+00:00</time>
      </trkpt>
      <trkpt lat="46.68906" lon="7.92419">
        <ele>613.57</ele>
        <time>2026-05-04T00:48:20.6700000+00:00</time>
      </trkpt>
      <trkpt lat="46.68916" lon="7.92426">
        <ele>612.03</ele>
        <time>2026-05-04T00:48:33.4920000+00:00</time>
      </trkpt>
      <trkpt lat="46.68922" lon="7.92433">
        <ele>611.37</ele>
        <time>2026-05-04T00:48:42.3740000+00:00</time>
      </trkpt>
      <trkpt lat="46.68928" lon="7.92445">
        <ele>611.13</ele>
        <time>2026-05-04T00:48:54.1470000+00:00</time>
      </trkpt>
      <trkpt lat="46.68934" lon="7.92457">
        <ele>610.83</ele>
        <time>2026-05-04T00:49:05.9200000+00:00</time>
      </trkpt>
      <trkpt lat="46.68938" lon="7.92464">
        <ele>610.51</ele>
        <time>2026-05-04T00:49:13.1430000+00:00</time>
      </trkpt>
      <trkpt lat="46.68946" lon="7.92472">
        <ele>609.19</ele>
        <time>2026-05-04T00:49:24.3550000+00:00</time>
      </trkpt>
      <trkpt lat="46.68952" lon="7.92476">
        <ele>607.9</ele>
        <time>2026-05-04T00:49:31.9810000+00:00</time>
      </trkpt>
      <trkpt lat="46.6896" lon="7.92482">
        <ele>606.18</ele>
        <time>2026-05-04T00:49:42.3790000+00:00</time>
      </trkpt>
      <trkpt lat="46.68966" lon="7.92486">
        <ele>604.81</ele>
        <time>2026-05-04T00:49:50.0050000+00:00</time>
      </trkpt>
      <trkpt lat="46.68969" lon="7.9249">
        <ele>604.26</ele>
        <time>2026-05-04T00:49:54.7030000+00:00</time>
      </trkpt>
      <trkpt lat="46.6898" lon="7.92502">
        <ele>601.94</ele>
        <time>2026-05-04T00:50:10.5820000+00:00</time>
      </trkpt>
      <trkpt lat="46.68989" lon="7.92516">
        <ele>600.47</ele>
        <time>2026-05-04T00:50:25.7940000+00:00</time>
      </trkpt>
      <trkpt lat="46.68996" lon="7.9253">
        <ele>599.61</ele>
        <time>2026-05-04T00:50:39.5290000+00:00</time>
      </trkpt>
      <trkpt lat="46.69" lon="7.92538">
        <ele>599.08</ele>
        <time>2026-05-04T00:50:47.3790000+00:00</time>
      </trkpt>
      <trkpt lat="46.69004" lon="7.92542">
        <ele>598.2</ele>
        <time>2026-05-04T00:50:52.9860000+00:00</time>
      </trkpt>
      <trkpt lat="46.69006" lon="7.92542">
        <ele>597.59</ele>
        <time>2026-05-04T00:50:55.2990000+00:00</time>
      </trkpt>
      <trkpt lat="46.69008" lon="7.92541">
        <ele>596.91</ele>
        <time>2026-05-04T00:50:57.7400000+00:00</time>
      </trkpt>
      <trkpt lat="46.69009" lon="7.92552">
        <ele>597.48</ele>
        <time>2026-05-04T00:51:06.5370000+00:00</time>
      </trkpt>
      <trkpt lat="46.69008" lon="7.92566">
        <ele>598.9</ele>
        <time>2026-05-04T00:51:17.6960000+00:00</time>
      </trkpt>
      <trkpt lat="46.69005" lon="7.92579">
        <ele>600.9</ele>
        <time>2026-05-04T00:51:28.5710000+00:00</time>
      </trkpt>
      <trkpt lat="46.69" lon="7.92594">
        <ele>604.12</ele>
        <time>2026-05-04T00:51:41.7930000+00:00</time>
      </trkpt>
      <trkpt lat="46.68999" lon="7.92605">
        <ele>606.29</ele>
        <time>2026-05-04T00:51:50.5900000+00:00</time>
      </trkpt>
      <trkpt lat="46.68999" lon="7.92614">
        <ele>607.8</ele>
        <time>2026-05-04T00:51:57.7260000+00:00</time>
      </trkpt>
      <trkpt lat="46.69001" lon="7.92629">
        <ele>609.64</ele>
        <time>2026-05-04T00:52:09.8400000+00:00</time>
      </trkpt>
      <trkpt lat="46.69005" lon="7.92643">
        <ele>610.58</ele>
        <time>2026-05-04T00:52:21.8640000+00:00</time>
      </trkpt>
      <trkpt lat="46.69007" lon="7.92655">
        <ele>611.86</ele>
        <time>2026-05-04T00:52:31.6540000+00:00</time>
      </trkpt>
      <trkpt lat="46.69007" lon="7.92672">
        <ele>614.65</ele>
        <time>2026-05-04T00:52:45.1320000+00:00</time>
      </trkpt>
      <trkpt lat="46.69007" lon="7.92684">
        <ele>616.26</ele>
        <time>2026-05-04T00:52:54.6450000+00:00</time>
      </trkpt>
      <trkpt lat="46.69009" lon="7.92698">
        <ele>617.45</ele>
        <time>2026-05-04T00:53:05.9830000+00:00</time>
      </trkpt>
      <trkpt lat="46.69015" lon="7.92719">
        <ele>618.46</ele>
        <time>2026-05-04T00:53:24.0190000+00:00</time>
      </trkpt>
      <trkpt lat="46.69024" lon="7.92746">
        <ele>619.91</ele>
        <time>2026-05-04T00:53:47.8180000+00:00</time>
      </trkpt>
      <trkpt lat="46.69028" lon="7.92757">
        <ele>620.67</ele>
        <time>2026-05-04T00:53:57.6890000+00:00</time>
      </trkpt>
      <trkpt lat="46.69028" lon="7.92765">
        <ele>621.44</ele>
        <time>2026-05-04T00:54:04.0320000+00:00</time>
      </trkpt>
      <trkpt lat="46.69025" lon="7.92776">
        <ele>623.13</ele>
        <time>2026-05-04T00:54:13.4170000+00:00</time>
      </trkpt>
      <trkpt lat="46.69022" lon="7.92784">
        <ele>624.68</ele>
        <time>2026-05-04T00:54:20.6440000+00:00</time>
      </trkpt>
      <trkpt lat="46.69021" lon="7.9279">
        <ele>625.52</ele>
        <time>2026-05-04T00:54:25.5410000+00:00</time>
      </trkpt>
      <trkpt lat="46.69016" lon="7.92791">
        <ele>626.93</ele>
        <time>2026-05-04T00:54:31.3740000+00:00</time>
      </trkpt>
      <trkpt lat="46.69013" lon="7.92794">
        <ele>628.02</ele>
        <time>2026-05-04T00:54:35.5790000+00:00</time>
      </trkpt>
      <trkpt lat="46.6901" lon="7.92796">
        <ele>629.01</ele>
        <time>2026-05-04T00:54:39.3930000+00:00</time>
      </trkpt>
      <trkpt lat="46.69009" lon="7.92797">
        <ele>629.37</ele>
        <time>2026-05-04T00:54:40.7950000+00:00</time>
      </trkpt>
      <trkpt lat="46.69007" lon="7.92795">
        <ele>629.7</ele>
        <time>2026-05-04T00:54:43.6000000+00:00</time>
      </trkpt>
      <trkpt lat="46.69006" lon="7.92786">
        <ele>629.05</ele>
        <time>2026-05-04T00:54:50.8290000+00:00</time>
      </trkpt>
      <trkpt lat="46.69006" lon="7.92776">
        <ele>628.03</ele>
        <time>2026-05-04T00:54:58.7570000+00:00</time>
      </trkpt>
      <trkpt lat="46.69007" lon="7.92768">
        <ele>626.96</ele>
        <time>2026-05-04T00:55:05.2040000+00:00</time>
      </trkpt>
      <trkpt lat="46.69008" lon="7.92762">
        <ele>626.1</ele>
        <time>2026-05-04T00:55:10.1000000+00:00</time>
      </trkpt>
      <trkpt lat="46.69009" lon="7.9276">
        <ele>625.64</ele>
        <time>2026-05-04T00:55:12.0630000+00:00</time>
      </trkpt>
      <trkpt lat="46.69008" lon="7.9276">
        <ele>625.89</ele>
        <time>2026-05-04T00:55:13.2180000+00:00</time>
      </trkpt>
      <trkpt lat="46.69007" lon="7.9276">
        <ele>626.15</ele>
        <time>2026-05-04T00:55:14.3780000+00:00</time>
      </trkpt>
      <trkpt lat="46.69004" lon="7.92762">
        <ele>627.11</ele>
        <time>2026-05-04T00:55:18.1920000+00:00</time>
      </trkpt>
      <trkpt lat="46.69001" lon="7.9277">
        <ele>628.7</ele>
        <time>2026-05-04T00:55:25.4200000+00:00</time>
      </trkpt>
      <trkpt lat="46.68995" lon="7.92783">
        <ele>631.6</ele>
        <time>2026-05-04T00:55:37.8430000+00:00</time>
      </trkpt>
      <trkpt lat="46.68994" lon="7.92789">
        <ele>632.49</ele>
        <time>2026-05-04T00:55:42.7390000+00:00</time>
      </trkpt>
      <trkpt lat="46.68995" lon="7.92798">
        <ele>633.18</ele>
        <time>2026-05-04T00:55:49.9670000+00:00</time>
      </trkpt>
      <trkpt lat="46.68994" lon="7.92803">
        <ele>633.97</ele>
        <time>2026-05-04T00:55:54.0980000+00:00</time>
      </trkpt>
      <trkpt lat="46.68988" lon="7.92815">
        <ele>636.84</ele>
        <time>2026-05-04T00:56:05.8700000+00:00</time>
      </trkpt>
      <trkpt lat="46.68983" lon="7.92824">
        <ele>639.17</ele>
        <time>2026-05-04T00:56:15.0520000+00:00</time>
      </trkpt>
      <trkpt lat="46.68979" lon="7.92833">
        <ele>641.24</ele>
        <time>2026-05-04T00:56:23.5550000+00:00</time>
      </trkpt>
      <trkpt lat="46.68974" lon="7.92846">
        <ele>645.61</ele>
        <time>2026-05-04T00:56:35.3700000+00:00</time>
      </trkpt>
      <trkpt lat="46.68969" lon="7.92855">
        <ele>650.19</ele>
        <time>2026-05-04T00:56:44.5520000+00:00</time>
      </trkpt>
      <trkpt lat="46.68961" lon="7.92864">
        <ele>655.8</ele>
        <time>2026-05-04T00:56:56.2310000+00:00</time>
      </trkpt>
      <trkpt lat="46.68956" lon="7.9287">
        <ele>659.55</ele>
        <time>2026-05-04T00:57:03.7150000+00:00</time>
      </trkpt>
      <trkpt lat="46.68951" lon="7.92883">
        <ele>665.98</ele>
        <time>2026-05-04T00:57:15.5310000+00:00</time>
      </trkpt>
      <trkpt lat="46.68946" lon="7.92893">
        <ele>671.44</ele>
        <time>2026-05-04T00:57:25.3420000+00:00</time>
      </trkpt>
      <trkpt lat="46.68941" lon="7.92903">
        <ele>676.97</ele>
        <time>2026-05-04T00:57:35.1530000+00:00</time>
      </trkpt>
      <trkpt lat="46.68936" lon="7.92914">
        <ele>682.71</ele>
        <time>2026-05-04T00:57:45.6160000+00:00</time>
      </trkpt>
      <trkpt lat="46.68941" lon="7.92903">
        <ele>676.97</ele>
        <time>2026-05-04T00:57:56.0790000+00:00</time>
      </trkpt>
      <trkpt lat="46.68946" lon="7.92893">
        <ele>671.44</ele>
        <time>2026-05-04T00:58:05.8900000+00:00</time>
      </trkpt>
      <trkpt lat="46.68951" lon="7.92883">
        <ele>665.98</ele>
        <time>2026-05-04T00:58:15.7000000+00:00</time>
      </trkpt>
      <trkpt lat="46.68956" lon="7.9287">
        <ele>659.55</ele>
        <time>2026-05-04T00:58:27.5160000+00:00</time>
      </trkpt>
      <trkpt lat="46.68961" lon="7.92864">
        <ele>655.8</ele>
        <time>2026-05-04T00:58:35.0010000+00:00</time>
      </trkpt>
      <trkpt lat="46.68969" lon="7.92855">
        <ele>650.19</ele>
        <time>2026-05-04T00:58:46.6800000+00:00</time>
      </trkpt>
      <trkpt lat="46.68974" lon="7.92846">
        <ele>645.61</ele>
        <time>2026-05-04T00:58:55.8610000+00:00</time>
      </trkpt>
      <trkpt lat="46.68979" lon="7.92833">
        <ele>641.24</ele>
        <time>2026-05-04T00:59:07.6770000+00:00</time>
      </trkpt>
      <trkpt lat="46.68983" lon="7.92824">
        <ele>639.17</ele>
        <time>2026-05-04T00:59:16.1800000+00:00</time>
      </trkpt>
      <trkpt lat="46.68988" lon="7.92815">
        <ele>636.84</ele>
        <time>2026-05-04T00:59:25.3610000+00:00</time>
      </trkpt>
      <trkpt lat="46.68994" lon="7.92803">
        <ele>633.97</ele>
        <time>2026-05-04T00:59:37.1340000+00:00</time>
      </trkpt>
      <trkpt lat="46.68995" lon="7.92798">
        <ele>633.18</ele>
        <time>2026-05-04T00:59:41.2640000+00:00</time>
      </trkpt>
      <trkpt lat="46.68994" lon="7.92789">
        <ele>632.49</ele>
        <time>2026-05-04T00:59:48.4930000+00:00</time>
      </trkpt>
      <trkpt lat="46.68995" lon="7.92783">
        <ele>631.6</ele>
        <time>2026-05-04T00:59:53.3890000+00:00</time>
      </trkpt>
      <trkpt lat="46.69001" lon="7.9277">
        <ele>628.7</ele>
        <time>2026-05-04T01:00:05.8120000+00:00</time>
      </trkpt>
      <trkpt lat="46.69004" lon="7.92762">
        <ele>627.11</ele>
        <time>2026-05-04T01:00:13.0400000+00:00</time>
      </trkpt>
      <trkpt lat="46.69007" lon="7.9276">
        <ele>626.15</ele>
        <time>2026-05-04T01:00:16.8540000+00:00</time>
      </trkpt>
      <trkpt lat="46.69008" lon="7.9276">
        <ele>625.89</ele>
        <time>2026-05-04T01:00:18.0130000+00:00</time>
      </trkpt>
      <trkpt lat="46.69009" lon="7.9276">
        <ele>625.64</ele>
        <time>2026-05-04T01:00:19.1680000+00:00</time>
      </trkpt>
      <trkpt lat="46.69008" lon="7.92762">
        <ele>626.1</ele>
        <time>2026-05-04T01:00:21.1320000+00:00</time>
      </trkpt>
      <trkpt lat="46.69007" lon="7.92768">
        <ele>626.96</ele>
        <time>2026-05-04T01:00:26.0280000+00:00</time>
      </trkpt>
      <trkpt lat="46.69006" lon="7.92776">
        <ele>628.03</ele>
        <time>2026-05-04T01:00:32.4750000+00:00</time>
      </trkpt>
      <trkpt lat="46.69006" lon="7.92786">
        <ele>629.05</ele>
        <time>2026-05-04T01:00:40.4030000+00:00</time>
      </trkpt>
      <trkpt lat="46.69007" lon="7.92795">
        <ele>629.7</ele>
        <time>2026-05-04T01:00:47.6310000+00:00</time>
      </trkpt>
      <trkpt lat="46.69009" lon="7.92797">
        <ele>629.37</ele>
        <time>2026-05-04T01:00:50.4360000+00:00</time>
      </trkpt>
      <trkpt lat="46.6901" lon="7.92796">
        <ele>629.01</ele>
        <time>2026-05-04T01:00:51.8390000+00:00</time>
      </trkpt>
      <trkpt lat="46.69013" lon="7.92794">
        <ele>628.02</ele>
        <time>2026-05-04T01:00:55.6530000+00:00</time>
      </trkpt>
      <trkpt lat="46.69016" lon="7.92791">
        <ele>626.93</ele>
        <time>2026-05-04T01:00:59.8580000+00:00</time>
      </trkpt>
      <trkpt lat="46.69021" lon="7.9279">
        <ele>625.52</ele>
        <time>2026-05-04T01:01:05.6910000+00:00</time>
      </trkpt>
      <trkpt lat="46.69021" lon="7.92797">
        <ele>626.21</ele>
        <time>2026-05-04T01:01:11.2410000+00:00</time>
      </trkpt>
      <trkpt lat="46.69022" lon="7.92818">
        <ele>627.98</ele>
        <time>2026-05-04T01:01:27.9300000+00:00</time>
      </trkpt>
      <trkpt lat="46.69023" lon="7.92842">
        <ele>630.53</ele>
        <time>2026-05-04T01:01:46.9930000+00:00</time>
      </trkpt>
      <trkpt lat="46.69024" lon="7.92868">
        <ele>637.5</ele>
        <time>2026-05-04T01:02:07.6380000+00:00</time>
      </trkpt>
      <trkpt lat="46.69026" lon="7.92883">
        <ele>641.02</ele>
        <time>2026-05-04T01:02:19.7530000+00:00</time>
      </trkpt>
      <trkpt lat="46.69029" lon="7.92893">
        <ele>642.97</ele>
        <time>2026-05-04T01:02:28.4060000+00:00</time>
      </trkpt>
      <trkpt lat="46.69035" lon="7.92903">
        <ele>644.02</ele>
        <time>2026-05-04T01:02:38.9380000+00:00</time>
      </trkpt>
      <trkpt lat="46.69043" lon="7.92912">
        <ele>644.1</ele>
        <time>2026-05-04T01:02:50.6180000+00:00</time>
      </trkpt>
      <trkpt lat="46.69048" lon="7.9292">
        <ele>644.69</ele>
        <time>2026-05-04T01:02:59.1970000+00:00</time>
      </trkpt>
      <trkpt lat="46.69052" lon="7.92934">
        <ele>647.77</ele>
        <time>2026-05-04T01:03:11.2210000+00:00</time>
      </trkpt>
      <trkpt lat="46.69056" lon="7.92944">
        <ele>649.68</ele>
        <time>2026-05-04T01:03:20.3990000+00:00</time>
      </trkpt>
      <trkpt lat="46.69067" lon="7.92954">
        <ele>649.27</ele>
        <time>2026-05-04T01:03:35.3830000+00:00</time>
      </trkpt>
      <trkpt lat="46.69073" lon="7.92961">
        <ele>649.45</ele>
        <time>2026-05-04T01:03:44.2650000+00:00</time>
      </trkpt>
      <trkpt lat="46.69078" lon="7.92972">
        <ele>651.09</ele>
        <time>2026-05-04T01:03:54.7270000+00:00</time>
      </trkpt>
      <trkpt lat="46.69086" lon="7.92993">
        <ele>654.56</ele>
        <time>2026-05-04T01:04:13.7710000+00:00</time>
      </trkpt>
      <trkpt lat="46.691" lon="7.9302">
        <ele>658.38</ele>
        <time>2026-05-04T01:04:40.6040000+00:00</time>
      </trkpt>
      <trkpt lat="46.69114" lon="7.93041">
        <ele>661.25</ele>
        <time>2026-05-04T01:05:03.8200000+00:00</time>
      </trkpt>
      <trkpt lat="46.69125" lon="7.93059">
        <ele>662.99</ele>
        <time>2026-05-04T01:05:22.9330000+00:00</time>
      </trkpt>
      <trkpt lat="46.69132" lon="7.93071">
        <ele>664.21</ele>
        <time>2026-05-04T01:05:35.4210000+00:00</time>
      </trkpt>
      <trkpt lat="46.69142" lon="7.93093">
        <ele>667.41</ele>
        <time>2026-05-04T01:05:56.3440000+00:00</time>
      </trkpt>
      <trkpt lat="46.6915" lon="7.93107">
        <ele>667.84</ele>
        <time>2026-05-04T01:06:10.7900000+00:00</time>
      </trkpt>
      <trkpt lat="46.69157" lon="7.93112">
        <ele>665.85</ele>
        <time>2026-05-04T01:06:19.7990000+00:00</time>
      </trkpt>
      <trkpt lat="46.69169" lon="7.93116">
        <ele>660.96</ele>
        <time>2026-05-04T01:06:34.0260000+00:00</time>
      </trkpt>
      <trkpt lat="46.6918" lon="7.93122">
        <ele>657.03</ele>
        <time>2026-05-04T01:06:47.6010000+00:00</time>
      </trkpt>
      <trkpt lat="46.69197" lon="7.93135">
        <ele>650.75</ele>
        <time>2026-05-04T01:07:09.7880000+00:00</time>
      </trkpt>
      <trkpt lat="46.69212" lon="7.93148">
        <ele>643.33</ele>
        <time>2026-05-04T01:07:29.9570000+00:00</time>
      </trkpt>
      <trkpt lat="46.69218" lon="7.93155">
        <ele>640.86</ele>
        <time>2026-05-04T01:07:38.8390000+00:00</time>
      </trkpt>
      <trkpt lat="46.6922" lon="7.93168">
        <ele>642.9</ele>
        <time>2026-05-04T01:07:49.4010000+00:00</time>
      </trkpt>
      <trkpt lat="46.6922" lon="7.93181">
        <ele>646.45</ele>
        <time>2026-05-04T01:07:59.7070000+00:00</time>
      </trkpt>
      <trkpt lat="46.69221" lon="7.93199">
        <ele>650.73</ele>
        <time>2026-05-04T01:08:14.0240000+00:00</time>
      </trkpt>
      <trkpt lat="46.69224" lon="7.9322">
        <ele>654.51</ele>
        <time>2026-05-04T01:08:31.0300000+00:00</time>
      </trkpt>
      <trkpt lat="46.6923" lon="7.93245">
        <ele>657.55</ele>
        <time>2026-05-04T01:08:52.0280000+00:00</time>
      </trkpt>
      <trkpt lat="46.69239" lon="7.93271">
        <ele>660.04</ele>
        <time>2026-05-04T01:09:15.1160000+00:00</time>
      </trkpt>
      <trkpt lat="46.69244" lon="7.93287">
        <ele>662.37</ele>
        <time>2026-05-04T01:09:29.0540000+00:00</time>
      </trkpt>
      <trkpt lat="46.69247" lon="7.93302">
        <ele>665.69</ele>
        <time>2026-05-04T01:09:41.4410000+00:00</time>
      </trkpt>
      <trkpt lat="46.69248" lon="7.93313">
        <ele>668.89</ele>
        <time>2026-05-04T01:09:50.2370000+00:00</time>
      </trkpt>
      <trkpt lat="46.6925" lon="7.9332">
        <ele>670.09</ele>
        <time>2026-05-04T01:09:56.2480000+00:00</time>
      </trkpt>
      <trkpt lat="46.69254" lon="7.93326">
        <ele>669.71</ele>
        <time>2026-05-04T01:10:02.8810000+00:00</time>
      </trkpt>
      <trkpt lat="46.6926" lon="7.93335">
        <ele>669.18</ele>
        <time>2026-05-04T01:10:12.8300000+00:00</time>
      </trkpt>
      <trkpt lat="46.69274" lon="7.93366">
        <ele>671.4</ele>
        <time>2026-05-04T01:10:42.2540000+00:00</time>
      </trkpt>
      <trkpt lat="46.69284" lon="7.93393">
        <ele>673.82</ele>
        <time>2026-05-04T01:11:06.5800000+00:00</time>
      </trkpt>
      <trkpt lat="46.69291" lon="7.93417">
        <ele>677.42</ele>
        <time>2026-05-04T01:11:27.2560000+00:00</time>
      </trkpt>
      <trkpt lat="46.69296" lon="7.9344">
        <ele>683.03</ele>
        <time>2026-05-04T01:11:46.3830000+00:00</time>
      </trkpt>
      <trkpt lat="46.69298" lon="7.93459">
        <ele>689.33</ele>
        <time>2026-05-04T01:12:01.6220000+00:00</time>
      </trkpt>
      <trkpt lat="46.69298" lon="7.93475">
        <ele>695.81</ele>
        <time>2026-05-04T01:12:14.3070000+00:00</time>
      </trkpt>
      <trkpt lat="46.69299" lon="7.93485">
        <ele>699.16</ele>
        <time>2026-05-04T01:12:22.3180000+00:00</time>
      </trkpt>
      <trkpt lat="46.69304" lon="7.93492">
        <ele>698.46</ele>
        <time>2026-05-04T01:12:30.3290000+00:00</time>
      </trkpt>
      <trkpt lat="46.69316" lon="7.93497">
        <ele>691.99</ele>
        <time>2026-05-04T01:12:44.7540000+00:00</time>
      </trkpt>
      <trkpt lat="46.69326" lon="7.93505">
        <ele>688.12</ele>
        <time>2026-05-04T01:12:57.9380000+00:00</time>
      </trkpt>
      <trkpt lat="46.69332" lon="7.93513">
        <ele>686.46</ele>
        <time>2026-05-04T01:13:07.3360000+00:00</time>
      </trkpt>
      <trkpt lat="46.69342" lon="7.93532">
        <ele>685.13</ele>
        <time>2026-05-04T01:13:26.3210000+00:00</time>
      </trkpt>
      <trkpt lat="46.69351" lon="7.93551">
        <ele>684.13</ele>
        <time>2026-05-04T01:13:44.6270000+00:00</time>
      </trkpt>
      <trkpt lat="46.69361" lon="7.93572">
        <ele>682.56</ele>
        <time>2026-05-04T01:14:04.8930000+00:00</time>
      </trkpt>
      <trkpt lat="46.69369" lon="7.93589">
        <ele>681.33</ele>
        <time>2026-05-04T01:14:21.2370000+00:00</time>
      </trkpt>
      <trkpt lat="46.69374" lon="7.93605">
        <ele>683.04</ele>
        <time>2026-05-04T01:14:35.1750000+00:00</time>
      </trkpt>
      <trkpt lat="46.69378" lon="7.93616">
        <ele>683.69</ele>
        <time>2026-05-04T01:14:45.0450000+00:00</time>
      </trkpt>
      <trkpt lat="46.69379" lon="7.93623">
        <ele>685.29</ele>
        <time>2026-05-04T01:14:50.7110000+00:00</time>
      </trkpt>
      <trkpt lat="46.6938" lon="7.93627">
        <ele>685.86</ele>
        <time>2026-05-04T01:14:54.0870000+00:00</time>
      </trkpt>
      <trkpt lat="46.69383" lon="7.93634">
        <ele>685.83</ele>
        <time>2026-05-04T01:15:00.6300000+00:00</time>
      </trkpt>
      <trkpt lat="46.69386" lon="7.9364">
        <ele>685.43</ele>
        <time>2026-05-04T01:15:06.5160000+00:00</time>
      </trkpt>
      <trkpt lat="46.69391" lon="7.93658">
        <ele>687.35</ele>
        <time>2026-05-04T01:15:21.9110000+00:00</time>
      </trkpt>
      <trkpt lat="46.69396" lon="7.93673">
        <ele>688.15</ele>
        <time>2026-05-04T01:15:35.1320000+00:00</time>
      </trkpt>
      <trkpt lat="46.69404" lon="7.93706">
        <ele>692.89</ele>
        <time>2026-05-04T01:16:02.8790000+00:00</time>
      </trkpt>
      <trkpt lat="46.69414" lon="7.93743">
        <ele>697.12</ele>
        <time>2026-05-04T01:16:34.4060000+00:00</time>
      </trkpt>
      <trkpt lat="46.69415" lon="7.93747">
        <ele>697.64</ele>
        <time>2026-05-04T01:16:37.7810000+00:00</time>
      </trkpt>
      <trkpt lat="46.69421" lon="7.93766">
        <ele>700.3</ele>
        <time>2026-05-04T01:16:54.3630000+00:00</time>
      </trkpt>
      <trkpt lat="46.69428" lon="7.93775">
        <ele>698.45</ele>
        <time>2026-05-04T01:17:05.1500000+00:00</time>
      </trkpt>
      <trkpt lat="46.69434" lon="7.93789">
        <ele>699.82</ele>
        <time>2026-05-04T01:17:18.2370000+00:00</time>
      </trkpt>
      <trkpt lat="46.6944" lon="7.93799">
        <ele>699.34</ele>
        <time>2026-05-04T01:17:28.7690000+00:00</time>
      </trkpt>
      <trkpt lat="46.69452" lon="7.93814">
        <ele>699.12</ele>
        <time>2026-05-04T01:17:47.0380000+00:00</time>
      </trkpt>
      <trkpt lat="46.69467" lon="7.9383">
        <ele>698.71</ele>
        <time>2026-05-04T01:18:08.5200000+00:00</time>
      </trkpt>
      <trkpt lat="46.69474" lon="7.9384">
        <ele>700.03</ele>
        <time>2026-05-04T01:18:19.8460000+00:00</time>
      </trkpt>
      <trkpt lat="46.69476" lon="7.93854">
        <ele>706.9</ele>
        <time>2026-05-04T01:18:31.1830000+00:00</time>
      </trkpt>
      <trkpt lat="46.69484" lon="7.93863">
        <ele>707.57</ele>
        <time>2026-05-04T01:18:42.8620000+00:00</time>
      </trkpt>
      <trkpt lat="46.69486" lon="7.93875">
        <ele>713.14</ele>
        <time>2026-05-04T01:18:52.6510000+00:00</time>
      </trkpt>
      <trkpt lat="46.6949" lon="7.93883">
        <ele>715.29</ele>
        <time>2026-05-04T01:19:00.5000000+00:00</time>
      </trkpt>
      <trkpt lat="46.69495" lon="7.93888">
        <ele>715.16</ele>
        <time>2026-05-04T01:19:07.5070000+00:00</time>
      </trkpt>
      <trkpt lat="46.695" lon="7.93888">
        <ele>712.27</ele>
        <time>2026-05-04T01:19:13.2870000+00:00</time>
      </trkpt>
      <trkpt lat="46.69504" lon="7.93885">
        <ele>708.34</ele>
        <time>2026-05-04T01:19:18.4860000+00:00</time>
      </trkpt>
      <trkpt lat="46.69511" lon="7.93885">
        <ele>704.31</ele>
        <time>2026-05-04T01:19:26.5760000+00:00</time>
      </trkpt>
      <trkpt lat="46.69518" lon="7.93889">
        <ele>702.38</ele>
        <time>2026-05-04T01:19:35.2650000+00:00</time>
      </trkpt>
      <trkpt lat="46.69522" lon="7.93894">
        <ele>702.66</ele>
        <time>2026-05-04T01:19:41.3550000+00:00</time>
      </trkpt>
      <trkpt lat="46.69522" lon="7.93902">
        <ele>706.82</ele>
        <time>2026-05-04T01:19:47.6960000+00:00</time>
      </trkpt>
      <trkpt lat="46.69524" lon="7.9391">
        <ele>709.78</ele>
        <time>2026-05-04T01:19:54.4460000+00:00</time>
      </trkpt>
      <trkpt lat="46.69528" lon="7.93911">
        <ele>707.4</ele>
        <time>2026-05-04T01:19:59.1360000+00:00</time>
      </trkpt>
      <trkpt lat="46.69532" lon="7.93906">
        <ele>701.7</ele>
        <time>2026-05-04T01:20:05.2250000+00:00</time>
      </trkpt>
      <trkpt lat="46.69541" lon="7.93905">
        <ele>694.14</ele>
        <time>2026-05-04T01:20:15.6570000+00:00</time>
      </trkpt>
      <trkpt lat="46.69555" lon="7.93908">
        <ele>684.61</ele>
        <time>2026-05-04T01:20:32.0120000+00:00</time>
      </trkpt>
      <trkpt lat="46.69562" lon="7.93909">
        <ele>679.58</ele>
        <time>2026-05-04T01:20:40.1410000+00:00</time>
      </trkpt>
      <trkpt lat="46.69572" lon="7.93908">
        <ele>671.24</ele>
        <time>2026-05-04T01:20:51.7260000+00:00</time>
      </trkpt>
      <trkpt lat="46.69585" lon="7.93907">
        <ele>660.57</ele>
        <time>2026-05-04T01:21:06.7720000+00:00</time>
      </trkpt>
      <trkpt lat="46.69594" lon="7.93912">
        <ele>655.64</ele>
        <time>2026-05-04T01:21:17.9040000+00:00</time>
      </trkpt>
      <trkpt lat="46.69604" lon="7.93923">
        <ele>652.41</ele>
        <time>2026-05-04T01:21:32.3820000+00:00</time>
      </trkpt>
      <trkpt lat="46.6961" lon="7.93932">
        <ele>652.51</ele>
        <time>2026-05-04T01:21:42.3320000+00:00</time>
      </trkpt>
      <trkpt lat="46.69615" lon="7.93943">
        <ele>654.94</ele>
        <time>2026-05-04T01:21:52.7930000+00:00</time>
      </trkpt>
      <trkpt lat="46.69621" lon="7.93952">
        <ele>655.65</ele>
        <time>2026-05-04T01:22:02.7420000+00:00</time>
      </trkpt>
      <trkpt lat="46.69632" lon="7.93962">
        <ele>653.57</ele>
        <time>2026-05-04T01:22:17.7250000+00:00</time>
      </trkpt>
      <trkpt lat="46.69646" lon="7.93973">
        <ele>650.08</ele>
        <time>2026-05-04T01:22:36.1060000+00:00</time>
      </trkpt>
      <trkpt lat="46.69658" lon="7.93982">
        <ele>646.93</ele>
        <time>2026-05-04T01:22:51.7030000+00:00</time>
      </trkpt>
      <trkpt lat="46.69666" lon="7.93989">
        <ele>645.41</ele>
        <time>2026-05-04T01:23:02.4860000+00:00</time>
      </trkpt>
      <trkpt lat="46.69671" lon="7.94">
        <ele>648.09</ele>
        <time>2026-05-04T01:23:12.9470000+00:00</time>
      </trkpt>
      <trkpt lat="46.69673" lon="7.94009">
        <ele>651.55</ele>
        <time>2026-05-04T01:23:20.4460000+00:00</time>
      </trkpt>
      <trkpt lat="46.69674" lon="7.94019">
        <ele>656.01</ele>
        <time>2026-05-04T01:23:28.4560000+00:00</time>
      </trkpt>
      <trkpt lat="46.6968" lon="7.94026">
        <ele>655.58</ele>
        <time>2026-05-04T01:23:37.3370000+00:00</time>
      </trkpt>
      <trkpt lat="46.69687" lon="7.94034">
        <ele>654.94</ele>
        <time>2026-05-04T01:23:47.6170000+00:00</time>
      </trkpt>
      <trkpt lat="46.69692" lon="7.94041">
        <ele>655.12</ele>
        <time>2026-05-04T01:23:55.6290000+00:00</time>
      </trkpt>
      <trkpt lat="46.69696" lon="7.9404">
        <ele>652.3</ele>
        <time>2026-05-04T01:24:00.3200000+00:00</time>
      </trkpt>
      <trkpt lat="46.69707" lon="7.9405">
        <ele>650.76</ele>
        <time>2026-05-04T01:24:15.3030000+00:00</time>
      </trkpt>
      <trkpt lat="46.69714" lon="7.94056">
        <ele>649.44</ele>
        <time>2026-05-04T01:24:24.6880000+00:00</time>
      </trkpt>
      <trkpt lat="46.69715" lon="7.94061">
        <ele>651.19</ele>
        <time>2026-05-04T01:24:28.8160000+00:00</time>
      </trkpt>
      <trkpt lat="46.69719" lon="7.94066">
        <ele>651.08</ele>
        <time>2026-05-04T01:24:34.9050000+00:00</time>
      </trkpt>
      <trkpt lat="46.69722" lon="7.94076">
        <ele>653.84</ele>
        <time>2026-05-04T01:24:43.5580000+00:00</time>
      </trkpt>
      <trkpt lat="46.69725" lon="7.9408">
        <ele>653.78</ele>
        <time>2026-05-04T01:24:48.2570000+00:00</time>
      </trkpt>
      <trkpt lat="46.6973" lon="7.94083">
        <ele>651.94</ele>
        <time>2026-05-04T01:24:54.5080000+00:00</time>
      </trkpt>
      <trkpt lat="46.69734" lon="7.94085">
        <ele>650.27</ele>
        <time>2026-05-04T01:24:59.3940000+00:00</time>
      </trkpt>
      <trkpt lat="46.6974" lon="7.94099">
        <ele>654.11</ele>
        <time>2026-05-04T01:25:12.4800000+00:00</time>
      </trkpt>
      <trkpt lat="46.69745" lon="7.94109">
        <ele>656.48</ele>
        <time>2026-05-04T01:25:22.2900000+00:00</time>
      </trkpt>
      <trkpt lat="46.69749" lon="7.94112">
        <ele>655.39</ele>
        <time>2026-05-04T01:25:27.4890000+00:00</time>
      </trkpt>
      <trkpt lat="46.69757" lon="7.94121">
        <ele>654.68</ele>
        <time>2026-05-04T01:25:39.1680000+00:00</time>
      </trkpt>
      <trkpt lat="46.69769" lon="7.94136">
        <ele>653.78</ele>
        <time>2026-05-04T01:25:57.4370000+00:00</time>
      </trkpt>
      <trkpt lat="46.69781" lon="7.94149">
        <ele>654.96</ele>
        <time>2026-05-04T01:26:14.7150000+00:00</time>
      </trkpt>
      <trkpt lat="46.6979" lon="7.94158">
        <ele>658.21</ele>
        <time>2026-05-04T01:26:27.3290000+00:00</time>
      </trkpt>
      <trkpt lat="46.69795" lon="7.94166">
        <ele>661.31</ele>
        <time>2026-05-04T01:26:35.9080000+00:00</time>
      </trkpt>
      <trkpt lat="46.69805" lon="7.94174">
        <ele>663.47</ele>
        <time>2026-05-04T01:26:49.0910000+00:00</time>
      </trkpt>
      <trkpt lat="46.6982" lon="7.94184">
        <ele>665.33</ele>
        <time>2026-05-04T01:27:08.1540000+00:00</time>
      </trkpt>
      <trkpt lat="46.69827" lon="7.94195">
        <ele>668.65</ele>
        <time>2026-05-04T01:27:20.0500000+00:00</time>
      </trkpt>
      <trkpt lat="46.69833" lon="7.94205">
        <ele>671.51</ele>
        <time>2026-05-04T01:27:30.5820000+00:00</time>
      </trkpt>
      <trkpt lat="46.69836" lon="7.94213">
        <ele>674.06</ele>
        <time>2026-05-04T01:27:37.8110000+00:00</time>
      </trkpt>
      <trkpt lat="46.69837" lon="7.94223">
        <ele>677.81</ele>
        <time>2026-05-04T01:27:45.8220000+00:00</time>
      </trkpt>
      <trkpt lat="46.69839" lon="7.94237">
        <ele>682.83</ele>
        <time>2026-05-04T01:27:57.1580000+00:00</time>
      </trkpt>
      <trkpt lat="46.69843" lon="7.94251">
        <ele>687.17</ele>
        <time>2026-05-04T01:28:09.1800000+00:00</time>
      </trkpt>
      <trkpt lat="46.69847" lon="7.94267">
        <ele>691.22</ele>
        <time>2026-05-04T01:28:22.6790000+00:00</time>
      </trkpt>
      <trkpt lat="46.69855" lon="7.94286">
        <ele>694.23</ele>
        <time>2026-05-04T01:28:40.3520000+00:00</time>
      </trkpt>
      <trkpt lat="46.69861" lon="7.94292">
        <ele>693.89</ele>
        <time>2026-05-04T01:28:48.7610000+00:00</time>
      </trkpt>
      <trkpt lat="46.69874" lon="7.943">
        <ele>692.22</ele>
        <time>2026-05-04T01:29:05.0700000+00:00</time>
      </trkpt>
      <trkpt lat="46.6988" lon="7.94296">
        <ele>689</ele>
        <time>2026-05-04T01:29:12.6950000+00:00</time>
      </trkpt>
      <trkpt lat="46.69886" lon="7.94284">
        <ele>682.81</ele>
        <time>2026-05-04T01:29:24.4670000+00:00</time>
      </trkpt>
      <trkpt lat="46.69888" lon="7.94276">
        <ele>679.23</ele>
        <time>2026-05-04T01:29:31.2160000+00:00</time>
      </trkpt>
      <trkpt lat="46.69891" lon="7.94276">
        <ele>678.13</ele>
        <time>2026-05-04T01:29:34.6820000+00:00</time>
      </trkpt>
      <trkpt lat="46.69896" lon="7.94284">
        <ele>679.33</ele>
        <time>2026-05-04T01:29:43.2620000+00:00</time>
      </trkpt>
      <trkpt lat="46.69896" lon="7.94294">
        <ele>683.13</ele>
        <time>2026-05-04T01:29:51.1880000+00:00</time>
      </trkpt>
      <trkpt lat="46.69896" lon="7.94297">
        <ele>684.27</ele>
        <time>2026-05-04T01:29:53.5640000+00:00</time>
      </trkpt>
      <trkpt lat="46.6991" lon="7.94311">
        <ele>685.64</ele>
        <time>2026-05-04T01:30:13.1850000+00:00</time>
      </trkpt>
      <trkpt lat="46.69917" lon="7.94319">
        <ele>687.12</ele>
        <time>2026-05-04T01:30:23.4650000+00:00</time>
      </trkpt>
      <trkpt lat="46.69932" lon="7.94337">
        <ele>691.61</ele>
        <time>2026-05-04T01:30:45.9180000+00:00</time>
      </trkpt>
      <trkpt lat="46.69941" lon="7.94352">
        <ele>693.01</ele>
        <time>2026-05-04T01:31:01.7160000+00:00</time>
      </trkpt>
      <trkpt lat="46.69947" lon="7.94368">
        <ele>693.15</ele>
        <time>2026-05-04T01:31:16.1710000+00:00</time>
      </trkpt>
      <trkpt lat="46.69955" lon="7.94382">
        <ele>691.85</ele>
        <time>2026-05-04T01:31:30.6160000+00:00</time>
      </trkpt>
      <trkpt lat="46.69966" lon="7.94398">
        <ele>689.88</ele>
        <time>2026-05-04T01:31:48.5740000+00:00</time>
      </trkpt>
      <trkpt lat="46.69983" lon="7.94417">
        <ele>686.47</ele>
        <time>2026-05-04T01:32:13.3300000+00:00</time>
      </trkpt>
      <trkpt lat="46.69999" lon="7.94457">
        <ele>688.02</ele>
        <time>2026-05-04T01:32:50.0360000+00:00</time>
      </trkpt>
      <trkpt lat="46.7" lon="7.94466">
        <ele>689.63</ele>
        <time>2026-05-04T01:32:57.2630000+00:00</time>
      </trkpt>
      <trkpt lat="46.70002" lon="7.94475">
        <ele>690.92</ele>
        <time>2026-05-04T01:33:04.7620000+00:00</time>
      </trkpt>
      <trkpt lat="46.70004" lon="7.94482">
        <ele>691.83</ele>
        <time>2026-05-04T01:33:10.7720000+00:00</time>
      </trkpt>
      <trkpt lat="46.70006" lon="7.94496">
        <ele>694.45</ele>
        <time>2026-05-04T01:33:22.1080000+00:00</time>
      </trkpt>
      <trkpt lat="46.70008" lon="7.94513">
        <ele>697.11</ele>
        <time>2026-05-04T01:33:35.7800000+00:00</time>
      </trkpt>
      <trkpt lat="46.7001" lon="7.94527">
        <ele>698.55</ele>
        <time>2026-05-04T01:33:47.1150000+00:00</time>
      </trkpt>
      <trkpt lat="46.70012" lon="7.9454">
        <ele>699.85</ele>
        <time>2026-05-04T01:33:57.6760000+00:00</time>
      </trkpt>
      <trkpt lat="46.70012" lon="7.94544">
        <ele>700.42</ele>
        <time>2026-05-04T01:34:00.8460000+00:00</time>
      </trkpt>
      <trkpt lat="46.70011" lon="7.94546">
        <ele>701</ele>
        <time>2026-05-04T01:34:02.8070000+00:00</time>
      </trkpt>
      <trkpt lat="46.70008" lon="7.94549">
        <ele>702.3</ele>
        <time>2026-05-04T01:34:07.0120000+00:00</time>
      </trkpt>
      <trkpt lat="46.7" lon="7.94559">
        <ele>706.04</ele>
        <time>2026-05-04T01:34:19.1910000+00:00</time>
      </trkpt>
      <trkpt lat="46.70005" lon="7.9457">
        <ele>706.19</ele>
        <time>2026-05-04T01:34:29.6520000+00:00</time>
      </trkpt>
      <trkpt lat="46.70012" lon="7.94585">
        <ele>706.33</ele>
        <time>2026-05-04T01:34:44.0340000+00:00</time>
      </trkpt>
      <trkpt lat="46.70015" lon="7.94594">
        <ele>706.91</ele>
        <time>2026-05-04T01:34:51.9650000+00:00</time>
      </trkpt>
      <trkpt lat="46.7002" lon="7.94615">
        <ele>709.17</ele>
        <time>2026-05-04T01:35:09.5850000+00:00</time>
      </trkpt>
      <trkpt lat="46.70023" lon="7.94631">
        <ele>711.25</ele>
        <time>2026-05-04T01:35:22.7330000+00:00</time>
      </trkpt>
      <trkpt lat="46.70031" lon="7.94651">
        <ele>712.56</ele>
        <time>2026-05-04T01:35:41.0860000+00:00</time>
      </trkpt>
      <trkpt lat="46.70036" lon="7.94664">
        <ele>713.57</ele>
        <time>2026-05-04T01:35:52.9000000+00:00</time>
      </trkpt>
      <trkpt lat="46.70039" lon="7.94671">
        <ele>714.11</ele>
        <time>2026-05-04T01:35:59.4430000+00:00</time>
      </trkpt>
      <trkpt lat="46.70044" lon="7.9468">
        <ele>714.35</ele>
        <time>2026-05-04T01:36:08.6240000+00:00</time>
      </trkpt>
      <trkpt lat="46.70046" lon="7.94684">
        <ele>714.52</ele>
        <time>2026-05-04T01:36:12.5480000+00:00</time>
      </trkpt>
      <trkpt lat="46.70051" lon="7.94694">
        <ele>714.94</ele>
        <time>2026-05-04T01:36:22.3580000+00:00</time>
      </trkpt>
      <trkpt lat="46.70058" lon="7.94706">
        <ele>715.16</ele>
        <time>2026-05-04T01:36:34.8450000+00:00</time>
      </trkpt>
      <trkpt lat="46.70068" lon="7.94724">
        <ele>715.64</ele>
        <time>2026-05-04T01:36:53.2070000+00:00</time>
      </trkpt>
      <trkpt lat="46.70076" lon="7.94738">
        <ele>715.96</ele>
        <time>2026-05-04T01:37:07.6520000+00:00</time>
      </trkpt>
      <trkpt lat="46.70081" lon="7.94746">
        <ele>716.02</ele>
        <time>2026-05-04T01:37:16.2320000+00:00</time>
      </trkpt>
      <trkpt lat="46.70089" lon="7.94755">
        <ele>715.35</ele>
        <time>2026-05-04T01:37:27.9100000+00:00</time>
      </trkpt>
      <trkpt lat="46.70093" lon="7.94762">
        <ele>714.75</ele>
        <time>2026-05-04T01:37:35.1320000+00:00</time>
      </trkpt>
      <trkpt lat="46.701" lon="7.94777">
        <ele>714.27</ele>
        <time>2026-05-04T01:37:49.5130000+00:00</time>
      </trkpt>
      <trkpt lat="46.7011" lon="7.94798">
        <ele>714.2</ele>
        <time>2026-05-04T01:38:09.7780000+00:00</time>
      </trkpt>
      <trkpt lat="46.70116" lon="7.94814">
        <ele>714.44</ele>
        <time>2026-05-04T01:38:24.2320000+00:00</time>
      </trkpt>
      <trkpt lat="46.70123" lon="7.94835">
        <ele>715.61</ele>
        <time>2026-05-04T01:38:42.7400000+00:00</time>
      </trkpt>
      <trkpt lat="46.7013" lon="7.94859">
        <ele>715.11</ele>
        <time>2026-05-04T01:39:03.4120000+00:00</time>
      </trkpt>
      <trkpt lat="46.70136" lon="7.94887">
        <ele>715.11</ele>
        <time>2026-05-04T01:39:26.6650000+00:00</time>
      </trkpt>
      <trkpt lat="46.70139" lon="7.94904">
        <ele>715.46</ele>
        <time>2026-05-04T01:39:40.5790000+00:00</time>
      </trkpt>
      <trkpt lat="46.70142" lon="7.94915">
        <ele>715.7</ele>
        <time>2026-05-04T01:39:49.9620000+00:00</time>
      </trkpt>
      <trkpt lat="46.70143" lon="7.94921">
        <ele>715.9</ele>
        <time>2026-05-04T01:39:54.8560000+00:00</time>
      </trkpt>
      <trkpt lat="46.70145" lon="7.9494">
        <ele>713.17</ele>
        <time>2026-05-04T01:40:10.0930000+00:00</time>
      </trkpt>
      <trkpt lat="46.70148" lon="7.94957">
        <ele>710.51</ele>
        <time>2026-05-04T01:40:24.0070000+00:00</time>
      </trkpt>
      <trkpt lat="46.70151" lon="7.94973">
        <ele>707.84</ele>
        <time>2026-05-04T01:40:37.1550000+00:00</time>
      </trkpt>
      <trkpt lat="46.70154" lon="7.9499">
        <ele>704.88</ele>
        <time>2026-05-04T01:40:51.0680000+00:00</time>
      </trkpt>
      <trkpt lat="46.70157" lon="7.95015">
        <ele>702.27</ele>
        <time>2026-05-04T01:41:11.1850000+00:00</time>
      </trkpt>
      <trkpt lat="46.70159" lon="7.9503">
        <ele>701.98</ele>
        <time>2026-05-04T01:41:23.2970000+00:00</time>
      </trkpt>
      <trkpt lat="46.70165" lon="7.95061">
        <ele>700.99</ele>
        <time>2026-05-04T01:41:48.8290000+00:00</time>
      </trkpt>
      <trkpt lat="46.70167" lon="7.95069">
        <ele>700.64</ele>
        <time>2026-05-04T01:41:55.5790000+00:00</time>
      </trkpt>
      <trkpt lat="46.70169" lon="7.95073">
        <ele>700.28</ele>
        <time>2026-05-04T01:41:59.5040000+00:00</time>
      </trkpt>
      <trkpt lat="46.70173" lon="7.95079">
        <ele>699.53</ele>
        <time>2026-05-04T01:42:06.1360000+00:00</time>
      </trkpt>
      <trkpt lat="46.70177" lon="7.9509">
        <ele>699.08</ele>
        <time>2026-05-04T01:42:16.0050000+00:00</time>
      </trkpt>
      <trkpt lat="46.7018" lon="7.95101">
        <ele>699.77</ele>
        <time>2026-05-04T01:42:25.3880000+00:00</time>
      </trkpt>
      <trkpt lat="46.70181" lon="7.95109">
        <ele>700.51</ele>
        <time>2026-05-04T01:42:31.8340000+00:00</time>
      </trkpt>
      <trkpt lat="46.70181" lon="7.9511">
        <ele>700.63</ele>
        <time>2026-05-04T01:42:32.6230000+00:00</time>
      </trkpt>
      <trkpt lat="46.70181" lon="7.95112">
        <ele>700.86</ele>
        <time>2026-05-04T01:42:34.2080000+00:00</time>
      </trkpt>
      <trkpt lat="46.70182" lon="7.9512">
        <ele>701.6</ele>
        <time>2026-05-04T01:42:40.6530000+00:00</time>
      </trkpt>
      <trkpt lat="46.70181" lon="7.95131">
        <ele>703.05</ele>
        <time>2026-05-04T01:42:49.4480000+00:00</time>
      </trkpt>
      <trkpt lat="46.70181" lon="7.95139">
        <ele>703.98</ele>
        <time>2026-05-04T01:42:55.7880000+00:00</time>
      </trkpt>
      <trkpt lat="46.70181" lon="7.95144">
        <ele>704.56</ele>
        <time>2026-05-04T01:42:59.7500000+00:00</time>
      </trkpt>
      <trkpt lat="46.70184" lon="7.95148">
        <ele>704.52</ele>
        <time>2026-05-04T01:43:04.4480000+00:00</time>
      </trkpt>
      <trkpt lat="46.70187" lon="7.95149">
        <ele>704.14</ele>
        <time>2026-05-04T01:43:08.0030000+00:00</time>
      </trkpt>
      <trkpt lat="46.70191" lon="7.95148">
        <ele>703.36</ele>
        <time>2026-05-04T01:43:12.6930000+00:00</time>
      </trkpt>
      <trkpt lat="46.70195" lon="7.95146">
        <ele>702.09</ele>
        <time>2026-05-04T01:43:17.5810000+00:00</time>
      </trkpt>
      <trkpt lat="46.70198" lon="7.95143">
        <ele>700.93</ele>
        <time>2026-05-04T01:43:21.7860000+00:00</time>
      </trkpt>
      <trkpt lat="46.70202" lon="7.95145">
        <ele>700.08</ele>
        <time>2026-05-04T01:43:26.6750000+00:00</time>
      </trkpt>
      <trkpt lat="46.70207" lon="7.95147">
        <ele>698.95</ele>
        <time>2026-05-04T01:43:32.6670000+00:00</time>
      </trkpt>
      <trkpt lat="46.70212" lon="7.95149">
        <ele>697.81</ele>
        <time>2026-05-04T01:43:38.6590000+00:00</time>
      </trkpt>
      <trkpt lat="46.70215" lon="7.95151">
        <ele>697.2</ele>
        <time>2026-05-04T01:43:42.4710000+00:00</time>
      </trkpt>
      <trkpt lat="46.70216" lon="7.95151">
        <ele>696.92</ele>
        <time>2026-05-04T01:43:43.6300000+00:00</time>
      </trkpt>
      <trkpt lat="46.70219" lon="7.95155">
        <ele>696.5</ele>
        <time>2026-05-04T01:43:48.3290000+00:00</time>
      </trkpt>
      <trkpt lat="46.70221" lon="7.95161">
        <ele>696.54</ele>
        <time>2026-05-04T01:43:53.6180000+00:00</time>
      </trkpt>
      <trkpt lat="46.70224" lon="7.95168">
        <ele>696.37</ele>
        <time>2026-05-04T01:44:00.1600000+00:00</time>
      </trkpt>
      <trkpt lat="46.7023" lon="7.95186">
        <ele>696.08</ele>
        <time>2026-05-04T01:44:16.0240000+00:00</time>
      </trkpt>
      <trkpt lat="46.70237" lon="7.9521">
        <ele>696.02</ele>
        <time>2026-05-04T01:44:36.6960000+00:00</time>
      </trkpt>
      <trkpt lat="46.70243" lon="7.95234">
        <ele>696.37</ele>
        <time>2026-05-04T01:44:56.9430000+00:00</time>
      </trkpt>
      <trkpt lat="46.70246" lon="7.95252">
        <ele>697.09</ele>
        <time>2026-05-04T01:45:11.6260000+00:00</time>
      </trkpt>
      <trkpt lat="46.70248" lon="7.95276">
        <ele>699.67</ele>
        <time>2026-05-04T01:45:30.7890000+00:00</time>
      </trkpt>
      <trkpt lat="46.70249" lon="7.95302">
        <ele>702.89</ele>
        <time>2026-05-04T01:45:51.4300000+00:00</time>
      </trkpt>
      <trkpt lat="46.70252" lon="7.95358">
        <ele>709.71</ele>
        <time>2026-05-04T01:46:35.9520000+00:00</time>
      </trkpt>
      <trkpt lat="46.70254" lon="7.95396">
        <ele>714.25</ele>
        <time>2026-05-04T01:47:06.1610000+00:00</time>
      </trkpt>
      <trkpt lat="46.70256" lon="7.95408">
        <ele>715.24</ele>
        <time>2026-05-04T01:47:15.9490000+00:00</time>
      </trkpt>
      <trkpt lat="46.70259" lon="7.9542">
        <ele>715.86</ele>
        <time>2026-05-04T01:47:26.0730000+00:00</time>
      </trkpt>
      <trkpt lat="46.70265" lon="7.95436">
        <ele>714.69</ele>
        <time>2026-05-04T01:47:40.5280000+00:00</time>
      </trkpt>
      <trkpt lat="46.70272" lon="7.95452">
        <ele>712.77</ele>
        <time>2026-05-04T01:47:55.5710000+00:00</time>
      </trkpt>
      <trkpt lat="46.70278" lon="7.95468">
        <ele>711.27</ele>
        <time>2026-05-04T01:48:10.0250000+00:00</time>
      </trkpt>
      <trkpt lat="46.70284" lon="7.95488">
        <ele>710.16</ele>
        <time>2026-05-04T01:48:27.3280000+00:00</time>
      </trkpt>
      <trkpt lat="46.70288" lon="7.95506">
        <ele>709.75</ele>
        <time>2026-05-04T01:48:42.3260000+00:00</time>
      </trkpt>
      <trkpt lat="46.7029" lon="7.95531">
        <ele>711.83</ele>
        <time>2026-05-04T01:49:02.2750000+00:00</time>
      </trkpt>
      <trkpt lat="46.70292" lon="7.95546">
        <ele>712.79</ele>
        <time>2026-05-04T01:49:14.3870000+00:00</time>
      </trkpt>
      <trkpt lat="46.70296" lon="7.95564">
        <ele>713.34</ele>
        <time>2026-05-04T01:49:29.3840000+00:00</time>
      </trkpt>
      <trkpt lat="46.70297" lon="7.95574">
        <ele>713.99</ele>
        <time>2026-05-04T01:49:37.3940000+00:00</time>
      </trkpt>
      <trkpt lat="46.70298" lon="7.95579">
        <ele>714.14</ele>
        <time>2026-05-04T01:49:41.5220000+00:00</time>
      </trkpt>
      <trkpt lat="46.70298" lon="7.95581">
        <ele>714.33</ele>
        <time>2026-05-04T01:49:43.1070000+00:00</time>
      </trkpt>
      <trkpt lat="46.70308" lon="7.95617">
        <ele>716.11</ele>
        <time>2026-05-04T01:50:13.8930000+00:00</time>
      </trkpt>
      <trkpt lat="46.70319" lon="7.95653">
        <ele>716.34</ele>
        <time>2026-05-04T01:50:45.1320000+00:00</time>
      </trkpt>
      <trkpt lat="46.70347" lon="7.95701">
        <ele>711.21</ele>
        <time>2026-05-04T01:51:35.0790000+00:00</time>
      </trkpt>
      <trkpt lat="46.70356" lon="7.95718">
        <ele>710.54</ele>
        <time>2026-05-04T01:51:52.1020000+00:00</time>
      </trkpt>
      <trkpt lat="46.70377" lon="7.95754">
        <ele>708.1</ele>
        <time>2026-05-04T01:52:29.5620000+00:00</time>
      </trkpt>
      <trkpt lat="46.70402" lon="7.95783">
        <ele>700.79</ele>
        <time>2026-05-04T01:53:06.4840000+00:00</time>
      </trkpt>
      <trkpt lat="46.70419" lon="7.95809">
        <ele>694.81</ele>
        <time>2026-05-04T01:53:34.9580000+00:00</time>
      </trkpt>
      <trkpt lat="46.70436" lon="7.95844">
        <ele>688.77</ele>
        <time>2026-05-04T01:54:08.9520000+00:00</time>
      </trkpt>
      <trkpt lat="46.70453" lon="7.95884">
        <ele>689.42</ele>
        <time>2026-05-04T01:54:46.2510000+00:00</time>
      </trkpt>
      <trkpt lat="46.70464" lon="7.95912">
        <ele>689.03</ele>
        <time>2026-05-04T01:55:11.8270000+00:00</time>
      </trkpt>
      <trkpt lat="46.70478" lon="7.95936">
        <ele>685.07</ele>
        <time>2026-05-04T01:55:36.8010000+00:00</time>
      </trkpt>
      <trkpt lat="46.70508" lon="7.95982">
        <ele>671.6</ele>
        <time>2026-05-04T01:56:27.1150000+00:00</time>
      </trkpt>
      <trkpt lat="46.70526" lon="7.96006">
        <ele>660.91</ele>
        <time>2026-05-04T01:56:55.3050000+00:00</time>
      </trkpt>
      <trkpt lat="46.70543" lon="7.9603">
        <ele>658.19</ele>
        <time>2026-05-04T01:57:22.6520000+00:00</time>
      </trkpt>
      <trkpt lat="46.70559" lon="7.96058">
        <ele>655.74</ele>
        <time>2026-05-04T01:57:51.5400000+00:00</time>
      </trkpt>
      <trkpt lat="46.70579" lon="7.96084">
        <ele>650.5</ele>
        <time>2026-05-04T01:58:22.5070000+00:00</time>
      </trkpt>
      <trkpt lat="46.70599" lon="7.9611">
        <ele>644.55</ele>
        <time>2026-05-04T01:58:53.4750000+00:00</time>
      </trkpt>
      <trkpt lat="46.70605" lon="7.96145">
        <ele>644.69</ele>
        <time>2026-05-04T01:59:22.0690000+00:00</time>
      </trkpt>
      <trkpt lat="46.70608" lon="7.96158">
        <ele>643.95</ele>
        <time>2026-05-04T01:59:32.9400000+00:00</time>
      </trkpt>
      <trkpt lat="46.7061" lon="7.96166">
        <ele>643.98</ele>
        <time>2026-05-04T01:59:39.6890000+00:00</time>
      </trkpt>
      <trkpt lat="46.70622" lon="7.96188">
        <ele>643.38</ele>
        <time>2026-05-04T02:00:01.9690000+00:00</time>
      </trkpt>
      <trkpt lat="46.70626" lon="7.96196">
        <ele>643.27</ele>
        <time>2026-05-04T02:00:09.8160000+00:00</time>
      </trkpt>
      <trkpt lat="46.70627" lon="7.96203">
        <ele>644.02</ele>
        <time>2026-05-04T02:00:15.4830000+00:00</time>
      </trkpt>
      <trkpt lat="46.70629" lon="7.96213">
        <ele>644.85</ele>
        <time>2026-05-04T02:00:23.7390000+00:00</time>
      </trkpt>
      <trkpt lat="46.70636" lon="7.96244">
        <ele>646.81</ele>
        <time>2026-05-04T02:00:49.6060000+00:00</time>
      </trkpt>
      <trkpt lat="46.70638" lon="7.96253">
        <ele>647.3</ele>
        <time>2026-05-04T02:00:57.1040000+00:00</time>
      </trkpt>
      <trkpt lat="46.70643" lon="7.96264">
        <ele>646.59</ele>
        <time>2026-05-04T02:01:07.5640000+00:00</time>
      </trkpt>
      <trkpt lat="46.70646" lon="7.96273">
        <ele>646.52</ele>
        <time>2026-05-04T02:01:15.4950000+00:00</time>
      </trkpt>
      <trkpt lat="46.70648" lon="7.96279">
        <ele>646.5</ele>
        <time>2026-05-04T02:01:20.7830000+00:00</time>
      </trkpt>
      <trkpt lat="46.70649" lon="7.96291">
        <ele>647.68</ele>
        <time>2026-05-04T02:01:30.3650000+00:00</time>
      </trkpt>
      <trkpt lat="46.7065" lon="7.96309">
        <ele>649.68</ele>
        <time>2026-05-04T02:01:44.6780000+00:00</time>
      </trkpt>
      <trkpt lat="46.70652" lon="7.96322">
        <ele>650.68</ele>
        <time>2026-05-04T02:01:55.2370000+00:00</time>
      </trkpt>
      <trkpt lat="46.70654" lon="7.96329">
        <ele>650.91</ele>
        <time>2026-05-04T02:02:01.2480000+00:00</time>
      </trkpt>
      <trkpt lat="46.70659" lon="7.96338">
        <ele>650.79</ele>
        <time>2026-05-04T02:02:10.4280000+00:00</time>
      </trkpt>
      <trkpt lat="46.70669" lon="7.9636">
        <ele>655.25</ele>
        <time>2026-05-04T02:02:31.3470000+00:00</time>
      </trkpt>
      <trkpt lat="46.70671" lon="7.96372">
        <ele>658.78</ele>
        <time>2026-05-04T02:02:41.1340000+00:00</time>
      </trkpt>
      <trkpt lat="46.7067" lon="7.96381">
        <ele>662.44</ele>
        <time>2026-05-04T02:02:48.3610000+00:00</time>
      </trkpt>
      <trkpt lat="46.70662" lon="7.96403">
        <ele>674.09</ele>
        <time>2026-05-04T02:03:08.0970000+00:00</time>
      </trkpt>
      <trkpt lat="46.70656" lon="7.96422">
        <ele>684.17</ele>
        <time>2026-05-04T02:03:24.6760000+00:00</time>
      </trkpt>
      <trkpt lat="46.70655" lon="7.96442">
        <ele>692.25</ele>
        <time>2026-05-04T02:03:40.5690000+00:00</time>
      </trkpt>
      <trkpt lat="46.70655" lon="7.96454">
        <ele>696.81</ele>
        <time>2026-05-04T02:03:50.0800000+00:00</time>
      </trkpt>
      <trkpt lat="46.70657" lon="7.96455">
        <ele>696.14</ele>
        <time>2026-05-04T02:03:52.5250000+00:00</time>
      </trkpt>
      <trkpt lat="46.70671" lon="7.96472">
        <ele>695.04</ele>
        <time>2026-05-04T02:04:13.5820000+00:00</time>
      </trkpt>
      <trkpt lat="46.70685" lon="7.96471">
        <ele>687.15</ele>
        <time>2026-05-04T02:04:29.7820000+00:00</time>
      </trkpt>
      <trkpt lat="46.70699" lon="7.96468">
        <ele>678.87</ele>
        <time>2026-05-04T02:04:46.1370000+00:00</time>
      </trkpt>
      <trkpt lat="46.70712" lon="7.96465">
        <ele>671.39</ele>
        <time>2026-05-04T02:05:01.3490000+00:00</time>
      </trkpt>
      <trkpt lat="46.70725" lon="7.9647">
        <ele>666.41</ele>
        <time>2026-05-04T02:05:16.8880000+00:00</time>
      </trkpt>
      <trkpt lat="46.70738" lon="7.96482">
        <ele>663.22</ele>
        <time>2026-05-04T02:05:34.6700000+00:00</time>
      </trkpt>
      <trkpt lat="46.70759" lon="7.9652">
        <ele>662.13</ele>
        <time>2026-05-04T02:06:13.3500000+00:00</time>
      </trkpt>
      <trkpt lat="46.70773" lon="7.96553">
        <ele>663.56</ele>
        <time>2026-05-04T02:06:44.1050000+00:00</time>
      </trkpt>
      <trkpt lat="46.70786" lon="7.96587">
        <ele>665.42</ele>
        <time>2026-05-04T02:07:14.9580000+00:00</time>
      </trkpt>
      <trkpt lat="46.70796" lon="7.9662">
        <ele>670.3</ele>
        <time>2026-05-04T02:07:43.5520000+00:00</time>
      </trkpt>
      <trkpt lat="46.70796" lon="7.96622">
        <ele>670.96</ele>
        <time>2026-05-04T02:07:45.1340000+00:00</time>
      </trkpt>
      <trkpt lat="46.70796" lon="7.96623">
        <ele>671.28</ele>
        <time>2026-05-04T02:07:45.9230000+00:00</time>
      </trkpt>
      <trkpt lat="46.70797" lon="7.96626">
        <ele>671.63</ele>
        <time>2026-05-04T02:07:48.5670000+00:00</time>
      </trkpt>
      <trkpt lat="46.708" lon="7.96632">
        <ele>671.68</ele>
        <time>2026-05-04T02:07:54.4530000+00:00</time>
      </trkpt>
      <trkpt lat="46.70803" lon="7.96644">
        <ele>673.61</ele>
        <time>2026-05-04T02:08:04.5760000+00:00</time>
      </trkpt>
      <trkpt lat="46.70804" lon="7.96655">
        <ele>676.46</ele>
        <time>2026-05-04T02:08:13.3710000+00:00</time>
      </trkpt>
      <trkpt lat="46.70806" lon="7.96661">
        <ele>677.05</ele>
        <time>2026-05-04T02:08:18.6590000+00:00</time>
      </trkpt>
      <trkpt lat="46.70809" lon="7.96667">
        <ele>676.93</ele>
        <time>2026-05-04T02:08:24.5450000+00:00</time>
      </trkpt>
      <trkpt lat="46.70814" lon="7.96672">
        <ele>675.06</ele>
        <time>2026-05-04T02:08:31.5510000+00:00</time>
      </trkpt>
      <trkpt lat="46.70823" lon="7.9668">
        <ele>671.48</ele>
        <time>2026-05-04T02:08:43.7330000+00:00</time>
      </trkpt>
      <trkpt lat="46.7083" lon="7.96688">
        <ele>669.45</ele>
        <time>2026-05-04T02:08:54.0120000+00:00</time>
      </trkpt>
      <trkpt lat="46.70838" lon="7.96699">
        <ele>668.03</ele>
        <time>2026-05-04T02:09:06.7200000+00:00</time>
      </trkpt>
      <trkpt lat="46.70844" lon="7.96712">
        <ele>668.83</ele>
        <time>2026-05-04T02:09:19.1390000+00:00</time>
      </trkpt>
      <trkpt lat="46.70846" lon="7.9672">
        <ele>670.45</ele>
        <time>2026-05-04T02:09:25.8880000+00:00</time>
      </trkpt>
      <trkpt lat="46.70849" lon="7.96732">
        <ele>673</ele>
        <time>2026-05-04T02:09:36.0120000+00:00</time>
      </trkpt>
      <trkpt lat="46.70852" lon="7.96746">
        <ele>676.41</ele>
        <time>2026-05-04T02:09:47.6360000+00:00</time>
      </trkpt>
      <trkpt lat="46.70854" lon="7.96764">
        <ele>681.82</ele>
        <time>2026-05-04T02:10:02.0890000+00:00</time>
      </trkpt>
      <trkpt lat="46.70857" lon="7.96774">
        <ele>683.96</ele>
        <time>2026-05-04T02:10:10.7400000+00:00</time>
      </trkpt>
      <trkpt lat="46.70859" lon="7.96782">
        <ele>685.41</ele>
        <time>2026-05-04T02:10:17.4890000+00:00</time>
      </trkpt>
      <trkpt lat="46.70861" lon="7.96795">
        <ele>688.42</ele>
        <time>2026-05-04T02:10:28.0480000+00:00</time>
      </trkpt>
      <trkpt lat="46.70861" lon="7.96801">
        <ele>690.57</ele>
        <time>2026-05-04T02:10:32.8030000+00:00</time>
      </trkpt>
      <trkpt lat="46.70861" lon="7.96806">
        <ele>692.36</ele>
        <time>2026-05-04T02:10:36.7650000+00:00</time>
      </trkpt>
      <trkpt lat="46.70862" lon="7.96814">
        <ele>694.39</ele>
        <time>2026-05-04T02:10:43.2080000+00:00</time>
      </trkpt>
      <trkpt lat="46.70862" lon="7.96826">
        <ele>698.69</ele>
        <time>2026-05-04T02:10:52.7180000+00:00</time>
      </trkpt>
      <trkpt lat="46.70863" lon="7.96838">
        <ele>702.11</ele>
        <time>2026-05-04T02:11:02.2990000+00:00</time>
      </trkpt>
      <trkpt lat="46.70864" lon="7.96849">
        <ele>705.08</ele>
        <time>2026-05-04T02:11:11.0930000+00:00</time>
      </trkpt>
      <trkpt lat="46.70864" lon="7.96854">
        <ele>706.82</ele>
        <time>2026-05-04T02:11:15.0550000+00:00</time>
      </trkpt>
      <trkpt lat="46.70865" lon="7.9686">
        <ele>708.09</ele>
        <time>2026-05-04T02:11:19.9490000+00:00</time>
      </trkpt>
      <trkpt lat="46.70868" lon="7.9687">
        <ele>709.2</ele>
        <time>2026-05-04T02:11:28.6000000+00:00</time>
      </trkpt>
      <trkpt lat="46.7087" lon="7.96876">
        <ele>709.76</ele>
        <time>2026-05-04T02:11:33.8860000+00:00</time>
      </trkpt>
      <trkpt lat="46.70877" lon="7.9689">
        <ele>709.46</ele>
        <time>2026-05-04T02:11:47.6180000+00:00</time>
      </trkpt>
      <trkpt lat="46.70881" lon="7.96899">
        <ele>709.81</ele>
        <time>2026-05-04T02:11:56.1180000+00:00</time>
      </trkpt>
      <trkpt lat="46.70883" lon="7.96905">
        <ele>710.6</ele>
        <time>2026-05-04T02:12:01.4040000+00:00</time>
      </trkpt>
      <trkpt lat="46.70884" lon="7.96911">
        <ele>712.16</ele>
        <time>2026-05-04T02:12:06.2990000+00:00</time>
      </trkpt>
      <trkpt lat="46.70887" lon="7.96927">
        <ele>716.07</ele>
        <time>2026-05-04T02:12:19.4450000+00:00</time>
      </trkpt>
      <trkpt lat="46.70888" lon="7.96932">
        <ele>717.22</ele>
        <time>2026-05-04T02:12:23.5730000+00:00</time>
      </trkpt>
      <trkpt lat="46.70891" lon="7.96938">
        <ele>717.33</ele>
        <time>2026-05-04T02:12:29.4580000+00:00</time>
      </trkpt>
      <trkpt lat="46.70896" lon="7.96948">
        <ele>717.51</ele>
        <time>2026-05-04T02:12:39.2660000+00:00</time>
      </trkpt>
      <trkpt lat="46.709" lon="7.96955">
        <ele>717.29</ele>
        <time>2026-05-04T02:12:46.4880000+00:00</time>
      </trkpt>
      <trkpt lat="46.70903" lon="7.96963">
        <ele>718.14</ele>
        <time>2026-05-04T02:12:53.7150000+00:00</time>
      </trkpt>
      <trkpt lat="46.70907" lon="7.96971">
        <ele>718.28</ele>
        <time>2026-05-04T02:13:01.5630000+00:00</time>
      </trkpt>
      <trkpt lat="46.70909" lon="7.96975">
        <ele>718.35</ele>
        <time>2026-05-04T02:13:05.4850000+00:00</time>
      </trkpt>
      <trkpt lat="46.70913" lon="7.9698">
        <ele>717.38</ele>
        <time>2026-05-04T02:13:11.5740000+00:00</time>
      </trkpt>
      <trkpt lat="46.70916" lon="7.96984">
        <ele>716.74</ele>
        <time>2026-05-04T02:13:16.2730000+00:00</time>
      </trkpt>
      <trkpt lat="46.70928" lon="7.96997">
        <ele>713.08</ele>
        <time>2026-05-04T02:13:33.5500000+00:00</time>
      </trkpt>
      <trkpt lat="46.70933" lon="7.97003">
        <ele>711.73</ele>
        <time>2026-05-04T02:13:41.0340000+00:00</time>
      </trkpt>
      <trkpt lat="46.70937" lon="7.97008">
        <ele>710.32</ele>
        <time>2026-05-04T02:13:47.1230000+00:00</time>
      </trkpt>
      <trkpt lat="46.7094" lon="7.97016">
        <ele>710.51</ele>
        <time>2026-05-04T02:13:54.3500000+00:00</time>
      </trkpt>
      <trkpt lat="46.70943" lon="7.97027">
        <ele>711.15</ele>
        <time>2026-05-04T02:14:03.7320000+00:00</time>
      </trkpt>
      <trkpt lat="46.70949" lon="7.97054">
        <ele>713.7</ele>
        <time>2026-05-04T02:14:26.2260000+00:00</time>
      </trkpt>
      <trkpt lat="46.7095" lon="7.97062">
        <ele>715.19</ele>
        <time>2026-05-04T02:14:32.6710000+00:00</time>
      </trkpt>
      <trkpt lat="46.7095" lon="7.97075">
        <ele>719.04</ele>
        <time>2026-05-04T02:14:42.9740000+00:00</time>
      </trkpt>
      <trkpt lat="46.7095" lon="7.97091">
        <ele>725.1</ele>
        <time>2026-05-04T02:14:55.6540000+00:00</time>
      </trkpt>
      <trkpt lat="46.70952" lon="7.97105">
        <ele>731.24</ele>
        <time>2026-05-04T02:15:06.9880000+00:00</time>
      </trkpt>
      <trkpt lat="46.70956" lon="7.97127">
        <ele>740.88</ele>
        <time>2026-05-04T02:15:25.0260000+00:00</time>
      </trkpt>
      <trkpt lat="46.70959" lon="7.97142">
        <ele>747.77</ele>
        <time>2026-05-04T02:15:37.4080000+00:00</time>
      </trkpt>
      <trkpt lat="46.70963" lon="7.97152">
        <ele>751.53</ele>
        <time>2026-05-04T02:15:46.5840000+00:00</time>
      </trkpt>
      <trkpt lat="46.70967" lon="7.97163">
        <ele>756.29</ele>
        <time>2026-05-04T02:15:56.4520000+00:00</time>
      </trkpt>
      <trkpt lat="46.7097" lon="7.97175">
        <ele>760.66</ele>
        <time>2026-05-04T02:16:06.5750000+00:00</time>
      </trkpt>
      <trkpt lat="46.70973" lon="7.97189">
        <ele>764.07</ele>
        <time>2026-05-04T02:16:18.1990000+00:00</time>
      </trkpt>
      <trkpt lat="46.70975" lon="7.97203">
        <ele>768.12</ele>
        <time>2026-05-04T02:16:29.5330000+00:00</time>
      </trkpt>
      <trkpt lat="46.70978" lon="7.97216">
        <ele>771.75</ele>
        <time>2026-05-04T02:16:40.4040000+00:00</time>
      </trkpt>
      <trkpt lat="46.70982" lon="7.97227">
        <ele>774.71</ele>
        <time>2026-05-04T02:16:50.2710000+00:00</time>
      </trkpt>
      <trkpt lat="46.70985" lon="7.97225">
        <ele>773.23</ele>
        <time>2026-05-04T02:16:54.0830000+00:00</time>
      </trkpt>
      <trkpt lat="46.70994" lon="7.9722">
        <ele>768.93</ele>
        <time>2026-05-04T02:17:05.2150000+00:00</time>
      </trkpt>
      <trkpt lat="46.71007" lon="7.97216">
        <ele>763.63</ele>
        <time>2026-05-04T02:17:20.5710000+00:00</time>
      </trkpt>
      <trkpt lat="46.71018" lon="7.97216">
        <ele>760.55</ele>
        <time>2026-05-04T02:17:33.2840000+00:00</time>
      </trkpt>
      <trkpt lat="46.71034" lon="7.97223">
        <ele>753.42</ele>
        <time>2026-05-04T02:17:52.5910000+00:00</time>
      </trkpt>
      <trkpt lat="46.71043" lon="7.97228">
        <ele>747.94</ele>
        <time>2026-05-04T02:18:03.7230000+00:00</time>
      </trkpt>
      <trkpt lat="46.71057" lon="7.97242">
        <ele>743.47</ele>
        <time>2026-05-04T02:18:23.3420000+00:00</time>
      </trkpt>
      <trkpt lat="46.71064" lon="7.97248">
        <ele>740.93</ele>
        <time>2026-05-04T02:18:32.7260000+00:00</time>
      </trkpt>
      <trkpt lat="46.71078" lon="7.97255">
        <ele>732.8</ele>
        <time>2026-05-04T02:18:49.8320000+00:00</time>
      </trkpt>
      <trkpt lat="46.71088" lon="7.9726">
        <ele>727.08</ele>
        <time>2026-05-04T02:19:02.0500000+00:00</time>
      </trkpt>
      <trkpt lat="46.71099" lon="7.97269">
        <ele>723.56</ele>
        <time>2026-05-04T02:19:16.6280000+00:00</time>
      </trkpt>
      <trkpt lat="46.71116" lon="7.97292">
        <ele>724.12</ele>
        <time>2026-05-04T02:19:43.4290000+00:00</time>
      </trkpt>
      <trkpt lat="46.71123" lon="7.97303">
        <ele>724.9</ele>
        <time>2026-05-04T02:19:55.3220000+00:00</time>
      </trkpt>
      <trkpt lat="46.71129" lon="7.97311">
        <ele>724.69</ele>
        <time>2026-05-04T02:20:04.7180000+00:00</time>
      </trkpt>
      <trkpt lat="46.71133" lon="7.97317">
        <ele>725.04</ele>
        <time>2026-05-04T02:20:11.3500000+00:00</time>
      </trkpt>
      <trkpt lat="46.71144" lon="7.97347">
        <ele>733.96</ele>
        <time>2026-05-04T02:20:38.3110000+00:00</time>
      </trkpt>
      <trkpt lat="46.71154" lon="7.97379">
        <ele>745.47</ele>
        <time>2026-05-04T02:21:06.1800000+00:00</time>
      </trkpt>
      <trkpt lat="46.71159" lon="7.97389">
        <ele>748.89</ele>
        <time>2026-05-04T02:21:15.9880000+00:00</time>
      </trkpt>
      <trkpt lat="46.71173" lon="7.9741">
        <ele>756.78</ele>
        <time>2026-05-04T02:21:39.2000000+00:00</time>
      </trkpt>
      <trkpt lat="46.71206" lon="7.97443">
        <ele>747.91</ele>
        <time>2026-05-04T02:22:25.4460000+00:00</time>
      </trkpt>
      <trkpt lat="46.71222" lon="7.97467">
        <ele>742.07</ele>
        <time>2026-05-04T02:22:51.9730000+00:00</time>
      </trkpt>
      <trkpt lat="46.71236" lon="7.97503">
        <ele>748.14</ele>
        <time>2026-05-04T02:23:24.7720000+00:00</time>
      </trkpt>
      <trkpt lat="46.71248" lon="7.97524">
        <ele>748.47</ele>
        <time>2026-05-04T02:23:46.4360000+00:00</time>
      </trkpt>
      <trkpt lat="46.71256" lon="7.97538">
        <ele>749.86</ele>
        <time>2026-05-04T02:24:00.8780000+00:00</time>
      </trkpt>
      <trkpt lat="46.712649999999996" lon="7.97555">
        <ele>753.17</ele>
        <time>2026-05-04T02:24:17.8990000+00:00</time>
      </trkpt>
      <trkpt lat="46.71272" lon="7.97567">
        <ele>755.98</ele>
        <time>2026-05-04T02:24:30.3850000+00:00</time>
      </trkpt>
      <trkpt lat="46.71279" lon="7.9757999999999996">
        <ele>756.11</ele>
        <time>2026-05-04T02:24:43.4840000+00:00</time>
      </trkpt>
      <trkpt lat="46.71286" lon="7.97592">
        <ele>753.62</ele>
        <time>2026-05-04T02:24:55.9700000+00:00</time>
      </trkpt>
      <trkpt lat="46.71289" lon="7.97598">
        <ele>752.74</ele>
        <time>2026-05-04T02:25:01.8540000+00:00</time>
      </trkpt>
      <trkpt lat="46.71295" lon="7.97616">
        <ele>754.04</ele>
        <time>2026-05-04T02:25:17.7150000+00:00</time>
      </trkpt>
      <trkpt lat="46.71301" lon="7.97633">
        <ele>755.56</ele>
        <time>2026-05-04T02:25:32.8670000+00:00</time>
      </trkpt>
      <trkpt lat="46.71305" lon="7.97644">
        <ele>756.76</ele>
        <time>2026-05-04T02:25:42.7350000+00:00</time>
      </trkpt>
      <trkpt lat="46.71322" lon="7.97685">
        <ele>759.38</ele>
        <time>2026-05-04T02:26:20.7050000+00:00</time>
      </trkpt>
      <trkpt lat="46.71336" lon="7.97707">
        <ele>757.23</ele>
        <time>2026-05-04T02:26:44.4910000+00:00</time>
      </trkpt>
      <trkpt lat="46.71338" lon="7.9771">
        <ele>757.07</ele>
        <time>2026-05-04T02:26:47.8080000+00:00</time>
      </trkpt>
      <trkpt lat="46.71362" lon="7.97744">
        <ele>755.48</ele>
        <time>2026-05-04T02:27:26.4790000+00:00</time>
      </trkpt>
      <trkpt lat="46.71381" lon="7.97787">
        <ele>747.38</ele>
        <time>2026-05-04T02:28:07.0180000+00:00</time>
      </trkpt>
      <trkpt lat="46.71386" lon="7.97817">
        <ele>750.35</ele>
        <time>2026-05-04T02:28:31.4840000+00:00</time>
      </trkpt>
      <trkpt lat="46.71394" lon="7.9785">
        <ele>752.68</ele>
        <time>2026-05-04T02:28:59.2210000+00:00</time>
      </trkpt>
      <trkpt lat="46.71392" lon="7.97863">
        <ele>757.76</ele>
        <time>2026-05-04T02:29:09.7800000+00:00</time>
      </trkpt>
      <trkpt lat="46.71391" lon="7.97878">
        <ele>762.51</ele>
        <time>2026-05-04T02:29:21.7230000+00:00</time>
      </trkpt>
      <trkpt lat="46.71391" lon="7.97883">
        <ele>763.85</ele>
        <time>2026-05-04T02:29:25.6860000+00:00</time>
      </trkpt>
      <trkpt lat="46.71398" lon="7.97894">
        <ele>762.67</ele>
        <time>2026-05-04T02:29:37.5790000+00:00</time>
      </trkpt>
      <trkpt lat="46.71403" lon="7.97907">
        <ele>763.83</ele>
        <time>2026-05-04T02:29:49.3910000+00:00</time>
      </trkpt>
      <trkpt lat="46.71412" lon="7.9793">
        <ele>765.18</ele>
        <time>2026-05-04T02:30:10.3770000+00:00</time>
      </trkpt>
      <trkpt lat="46.71417" lon="7.9794">
        <ele>764.83</ele>
        <time>2026-05-04T02:30:20.1850000+00:00</time>
      </trkpt>
      <trkpt lat="46.7143" lon="7.97961">
        <ele>763.87</ele>
        <time>2026-05-04T02:30:42.6060000+00:00</time>
      </trkpt>
      <trkpt lat="46.71441" lon="7.97988">
        <ele>766.08</ele>
        <time>2026-05-04T02:31:07.4950000+00:00</time>
      </trkpt>
      <trkpt lat="46.71444" lon="7.98003">
        <ele>767.11</ele>
        <time>2026-05-04T02:31:19.8770000+00:00</time>
      </trkpt>
      <trkpt lat="46.71448" lon="7.98009">
        <ele>764.57</ele>
        <time>2026-05-04T02:31:26.5100000+00:00</time>
      </trkpt>
      <trkpt lat="46.71463" lon="7.9803">
        <ele>755.04</ele>
        <time>2026-05-04T02:31:50.5410000+00:00</time>
      </trkpt>
      <trkpt lat="46.71473" lon="7.9805">
        <ele>749.93</ele>
        <time>2026-05-04T02:32:10.1570000+00:00</time>
      </trkpt>
      <trkpt lat="46.71474" lon="7.98058">
        <ele>750.49</ele>
        <time>2026-05-04T02:32:16.6000000+00:00</time>
      </trkpt>
      <trkpt lat="46.71484" lon="7.9807">
        <ele>744.22</ele>
        <time>2026-05-04T02:32:31.5670000+00:00</time>
      </trkpt>
      <trkpt lat="46.71494" lon="7.98084">
        <ele>738.46</ele>
        <time>2026-05-04T02:32:47.5880000+00:00</time>
      </trkpt>
      <trkpt lat="46.71503" lon="7.98106">
        <ele>733.08</ele>
        <time>2026-05-04T02:33:07.8890000+00:00</time>
      </trkpt>
      <trkpt lat="46.71504" lon="7.98114">
        <ele>733.03</ele>
        <time>2026-05-04T02:33:14.3340000+00:00</time>
      </trkpt>
      <trkpt lat="46.71504" lon="7.98123">
        <ele>733.86</ele>
        <time>2026-05-04T02:33:21.4650000+00:00</time>
      </trkpt>
      <trkpt lat="46.71506" lon="7.98126">
        <ele>732.65</ele>
        <time>2026-05-04T02:33:24.7800000+00:00</time>
      </trkpt>
      <trkpt lat="46.71524" lon="7.9816">
        <ele>723.78</ele>
        <time>2026-05-04T02:33:58.8200000+00:00</time>
      </trkpt>
      <trkpt lat="46.71532" lon="7.98176">
        <ele>721.95</ele>
        <time>2026-05-04T02:34:14.5120000+00:00</time>
      </trkpt>
      <trkpt lat="46.71536" lon="7.98218">
        <ele>725.71</ele>
        <time>2026-05-04T02:34:48.1140000+00:00</time>
      </trkpt>
      <trkpt lat="46.71537" lon="7.98229">
        <ele>726.64</ele>
        <time>2026-05-04T02:34:56.9070000+00:00</time>
      </trkpt>
      <trkpt lat="46.71526" lon="7.98248">
        <ele>736.05</ele>
        <time>2026-05-04T02:35:16.6130000+00:00</time>
      </trkpt>
      <trkpt lat="46.71523" lon="7.9826">
        <ele>739.71</ele>
        <time>2026-05-04T02:35:26.7350000+00:00</time>
      </trkpt>
      <trkpt lat="46.71525" lon="7.98269">
        <ele>739.97</ele>
        <time>2026-05-04T02:35:34.2320000+00:00</time>
      </trkpt>
      <trkpt lat="46.7153" lon="7.9829">
        <ele>740.31</ele>
        <time>2026-05-04T02:35:51.8490000+00:00</time>
      </trkpt>
      <trkpt lat="46.71539" lon="7.98316">
        <ele>739.39</ele>
        <time>2026-05-04T02:36:14.9290000+00:00</time>
      </trkpt>
      <trkpt lat="46.71554" lon="7.98352">
        <ele>739.43</ele>
        <time>2026-05-04T02:36:48.3110000+00:00</time>
      </trkpt>
      <trkpt lat="46.71564" lon="7.98374">
        <ele>740.12</ele>
        <time>2026-05-04T02:37:09.2280000+00:00</time>
      </trkpt>
      <trkpt lat="46.71579" lon="7.984">
        <ele>738.51</ele>
        <time>2026-05-04T02:37:36.1550000+00:00</time>
      </trkpt>
      <trkpt lat="46.71594" lon="7.98425">
        <ele>735.88</ele>
        <time>2026-05-04T02:38:02.4800000+00:00</time>
      </trkpt>
      <trkpt lat="46.71612" lon="7.98449">
        <ele>730.79</ele>
        <time>2026-05-04T02:38:30.6670000+00:00</time>
      </trkpt>
      <trkpt lat="46.71628" lon="7.98465">
        <ele>726.23</ele>
        <time>2026-05-04T02:38:53.0890000+00:00</time>
      </trkpt>
      <trkpt lat="46.71646" lon="7.98483">
        <ele>721.27</ele>
        <time>2026-05-04T02:39:18.3130000+00:00</time>
      </trkpt>
      <trkpt lat="46.71664" lon="7.98497">
        <ele>715.47</ele>
        <time>2026-05-04T02:39:41.8900000+00:00</time>
      </trkpt>
      <trkpt lat="46.71679" lon="7.98513">
        <ele>711.96</ele>
        <time>2026-05-04T02:40:03.3680000+00:00</time>
      </trkpt>
      <trkpt lat="46.71686" lon="7.98525">
        <ele>711.5</ele>
        <time>2026-05-04T02:40:15.8530000+00:00</time>
      </trkpt>
      <trkpt lat="46.71693" lon="7.98532">
        <ele>709.73</ele>
        <time>2026-05-04T02:40:25.6630000+00:00</time>
      </trkpt>
      <trkpt lat="46.71703" lon="7.98543">
        <ele>707.6</ele>
        <time>2026-05-04T02:40:40.1390000+00:00</time>
      </trkpt>
      <trkpt lat="46.71715" lon="7.98562">
        <ele>706.71</ele>
        <time>2026-05-04T02:41:00.6100000+00:00</time>
      </trkpt>
      <trkpt lat="46.71729" lon="7.98581">
        <ele>704.96</ele>
        <time>2026-05-04T02:41:22.7120000+00:00</time>
      </trkpt>
      <trkpt lat="46.71751" lon="7.9861">
        <ele>702.44</ele>
        <time>2026-05-04T02:41:56.9850000+00:00</time>
      </trkpt>
      <trkpt lat="46.71763" lon="7.98622">
        <ele>699.99</ele>
        <time>2026-05-04T02:42:13.8010000+00:00</time>
      </trkpt>
      <trkpt lat="46.71777" lon="7.98642">
        <ele>698.89</ele>
        <time>2026-05-04T02:42:36.4500000+00:00</time>
      </trkpt>
      <trkpt lat="46.71792" lon="7.98658">
        <ele>696.42</ele>
        <time>2026-05-04T02:42:57.9280000+00:00</time>
      </trkpt>
      <trkpt lat="46.71808" lon="7.98676">
        <ele>693.42</ele>
        <time>2026-05-04T02:43:21.2820000+00:00</time>
      </trkpt>
      <trkpt lat="46.71817" lon="7.98686">
        <ele>691</ele>
        <time>2026-05-04T02:43:34.3590000+00:00</time>
      </trkpt>
      <trkpt lat="46.71828" lon="7.98698">
        <ele>687.83</ele>
        <time>2026-05-04T02:43:50.2350000+00:00</time>
      </trkpt>
      <trkpt lat="46.71835" lon="7.9871">
        <ele>686.46</ele>
        <time>2026-05-04T02:44:02.7210000+00:00</time>
      </trkpt>
      <trkpt lat="46.71843" lon="7.9872">
        <ele>684.13</ele>
        <time>2026-05-04T02:44:14.8980000+00:00</time>
      </trkpt>
      <trkpt lat="46.71852" lon="7.9874">
        <ele>682.77</ele>
        <time>2026-05-04T02:44:33.8540000+00:00</time>
      </trkpt>
      <trkpt lat="46.71858" lon="7.98754">
        <ele>681.99</ele>
        <time>2026-05-04T02:44:46.9370000+00:00</time>
      </trkpt>
      <trkpt lat="46.71868" lon="7.9877">
        <ele>681.13</ele>
        <time>2026-05-04T02:45:04.0930000+00:00</time>
      </trkpt>
      <trkpt lat="46.71878" lon="7.98783">
        <ele>679.98</ele>
        <time>2026-05-04T02:45:19.5750000+00:00</time>
      </trkpt>
      <trkpt lat="46.7188" lon="7.98792">
        <ele>680.36</ele>
        <time>2026-05-04T02:45:27.0720000+00:00</time>
      </trkpt>
      <trkpt lat="46.71888" lon="7.98815">
        <ele>680.65</ele>
        <time>2026-05-04T02:45:47.5080000+00:00</time>
      </trkpt>
      <trkpt lat="46.7189" lon="7.98824">
        <ele>681.03</ele>
        <time>2026-05-04T02:45:55.0050000+00:00</time>
      </trkpt>
      <trkpt lat="46.71894" lon="7.98847">
        <ele>682.48</ele>
        <time>2026-05-04T02:46:13.8070000+00:00</time>
      </trkpt>
      <trkpt lat="46.71901" lon="7.9888">
        <ele>684.22</ele>
        <time>2026-05-04T02:46:41.1780000+00:00</time>
      </trkpt>
      <trkpt lat="46.71904" lon="7.98895">
        <ele>684.93</ele>
        <time>2026-05-04T02:46:53.5600000+00:00</time>
      </trkpt>
      <trkpt lat="46.71909" lon="7.98914">
        <ele>685.34</ele>
        <time>2026-05-04T02:47:09.6860000+00:00</time>
      </trkpt>
      <trkpt lat="46.71912" lon="7.98924">
        <ele>686.66</ele>
        <time>2026-05-04T02:47:18.3360000+00:00</time>
      </trkpt>
      <trkpt lat="46.71924" lon="7.98942">
        <ele>688.17</ele>
        <time>2026-05-04T02:47:38.2300000+00:00</time>
      </trkpt>
      <trkpt lat="46.71931" lon="7.9895">
        <ele>688.26</ele>
        <time>2026-05-04T02:47:48.5080000+00:00</time>
      </trkpt>
      <trkpt lat="46.71938" lon="7.9897">
        <ele>691.78</ele>
        <time>2026-05-04T02:48:06.3010000+00:00</time>
      </trkpt>
      <trkpt lat="46.71943" lon="7.98982">
        <ele>693.3</ele>
        <time>2026-05-04T02:48:17.4280000+00:00</time>
      </trkpt>
      <trkpt lat="46.71955" lon="7.99">
        <ele>692.44</ele>
        <time>2026-05-04T02:48:37.3220000+00:00</time>
      </trkpt>
      <trkpt lat="46.71963" lon="7.99012">
        <ele>691.77</ele>
        <time>2026-05-04T02:48:50.5850000+00:00</time>
      </trkpt>
      <trkpt lat="46.71978" lon="7.99024">
        <ele>686.92</ele>
        <time>2026-05-04T02:49:10.3580000+00:00</time>
      </trkpt>
      <trkpt lat="46.71989" lon="7.99036">
        <ele>683.58</ele>
        <time>2026-05-04T02:49:26.2340000+00:00</time>
      </trkpt>
      <trkpt lat="46.72005" lon="7.9906">
        <ele>678.89</ele>
        <time>2026-05-04T02:49:52.7600000+00:00</time>
      </trkpt>
      <trkpt lat="46.72017" lon="7.99077">
        <ele>674.13</ele>
        <time>2026-05-04T02:50:12.0930000+00:00</time>
      </trkpt>
      <trkpt lat="46.72027" lon="7.99096">
        <ele>673.69</ele>
        <time>2026-05-04T02:50:31.0730000+00:00</time>
      </trkpt>
      <trkpt lat="46.72037" lon="7.99116">
        <ele>676.16</ele>
        <time>2026-05-04T02:50:50.6870000+00:00</time>
      </trkpt>
      <trkpt lat="46.72049" lon="7.99142">
        <ele>678.28</ele>
        <time>2026-05-04T02:51:15.5230000+00:00</time>
      </trkpt>
      <trkpt lat="46.72058" lon="7.99162">
        <ele>678.93</ele>
        <time>2026-05-04T02:51:34.4790000+00:00</time>
      </trkpt>
      <trkpt lat="46.72065" lon="7.99185">
        <ele>683.88</ele>
        <time>2026-05-04T02:51:54.4180000+00:00</time>
      </trkpt>
      <trkpt lat="46.72069" lon="7.99212">
        <ele>692.97</ele>
        <time>2026-05-04T02:52:16.3060000+00:00</time>
      </trkpt>
      <trkpt lat="46.72074" lon="7.99229">
        <ele>697.19</ele>
        <time>2026-05-04T02:52:30.9630000+00:00</time>
      </trkpt>
      <trkpt lat="46.72081" lon="7.99239">
        <ele>697.27</ele>
        <time>2026-05-04T02:52:42.2880000+00:00</time>
      </trkpt>
      <trkpt lat="46.72098" lon="7.99249">
        <ele>691.4</ele>
        <time>2026-05-04T02:53:03.4740000+00:00</time>
      </trkpt>
      <trkpt lat="46.72101" lon="7.99253">
        <ele>691.29</ele>
        <time>2026-05-04T02:53:08.1710000+00:00</time>
      </trkpt>
      <trkpt lat="46.72113" lon="7.9927">
        <ele>692.09</ele>
        <time>2026-05-04T02:53:27.5050000+00:00</time>
      </trkpt>
      <trkpt lat="46.72124" lon="7.99289">
        <ele>694.16</ele>
        <time>2026-05-04T02:53:47.2100000+00:00</time>
      </trkpt>
      <trkpt lat="46.7213" lon="7.99298">
        <ele>694.47</ele>
        <time>2026-05-04T02:53:57.1570000+00:00</time>
      </trkpt>
      <trkpt lat="46.72141" lon="7.99303">
        <ele>690.25</ele>
        <time>2026-05-04T02:54:10.4740000+00:00</time>
      </trkpt>
      <trkpt lat="46.72148" lon="7.99309">
        <ele>688.5</ele>
        <time>2026-05-04T02:54:19.8580000+00:00</time>
      </trkpt>
      <trkpt lat="46.72154" lon="7.99321">
        <ele>689.35</ele>
        <time>2026-05-04T02:54:31.6260000+00:00</time>
      </trkpt>
      <trkpt lat="46.72159" lon="7.99336">
        <ele>691.56</ele>
        <time>2026-05-04T02:54:44.8420000+00:00</time>
      </trkpt>
      <trkpt lat="46.72164" lon="7.99342">
        <ele>690.38</ele>
        <time>2026-05-04T02:54:52.3250000+00:00</time>
      </trkpt>
      <trkpt lat="46.72172" lon="7.99346">
        <ele>686.69</ele>
        <time>2026-05-04T02:55:02.0990000+00:00</time>
      </trkpt>
      <trkpt lat="46.72179" lon="7.99351">
        <ele>683.89</ele>
        <time>2026-05-04T02:55:11.1070000+00:00</time>
      </trkpt>
      <trkpt lat="46.72187" lon="7.99358">
        <ele>681.02</ele>
        <time>2026-05-04T02:55:21.8890000+00:00</time>
      </trkpt>
      <trkpt lat="46.72195" lon="7.99372">
        <ele>681.04</ele>
        <time>2026-05-04T02:55:36.3300000+00:00</time>
      </trkpt>
      <trkpt lat="46.72208" lon="7.99399">
        <ele>682.8</ele>
        <time>2026-05-04T02:56:02.4720000+00:00</time>
      </trkpt>
      <trkpt lat="46.72218" lon="7.99418">
        <ele>683.42</ele>
        <time>2026-05-04T02:56:21.4510000+00:00</time>
      </trkpt>
      <trkpt lat="46.72226" lon="7.99433">
        <ele>684.35</ele>
        <time>2026-05-04T02:56:36.5100000+00:00</time>
      </trkpt>
      <trkpt lat="46.72242" lon="7.99452">
        <ele>681.93</ele>
        <time>2026-05-04T02:57:00.3550000+00:00</time>
      </trkpt>
      <trkpt lat="46.72253" lon="7.99473">
        <ele>682.11</ele>
        <time>2026-05-04T02:57:21.2950000+00:00</time>
      </trkpt>
      <trkpt lat="46.72264" lon="7.99503">
        <ele>684.39</ele>
        <time>2026-05-04T02:57:48.2520000+00:00</time>
      </trkpt>
      <trkpt lat="46.72281" lon="7.99535">
        <ele>686.8</ele>
        <time>2026-05-04T02:58:20.3280000+00:00</time>
      </trkpt>
      <trkpt lat="46.72295" lon="7.99563">
        <ele>689.47</ele>
        <time>2026-05-04T02:58:47.7880000+00:00</time>
      </trkpt>
      <trkpt lat="46.7232" lon="7.996">
        <ele>688.41</ele>
        <time>2026-05-04T02:59:28.9500000+00:00</time>
      </trkpt>
      <trkpt lat="46.72336" lon="7.99623">
        <ele>686.27</ele>
        <time>2026-05-04T02:59:54.9130000+00:00</time>
      </trkpt>
      <trkpt lat="46.72342" lon="7.99635">
        <ele>685.88</ele>
        <time>2026-05-04T03:00:06.6810000+00:00</time>
      </trkpt>
      <trkpt lat="46.72355" lon="7.99664">
        <ele>684.32</ele>
        <time>2026-05-04T03:00:34.1340000+00:00</time>
      </trkpt>
      <trkpt lat="46.72362" lon="7.99681">
        <ele>685.71</ele>
        <time>2026-05-04T03:00:49.8470000+00:00</time>
      </trkpt>
      <trkpt lat="46.72377" lon="7.99718">
        <ele>689.68</ele>
        <time>2026-05-04T03:01:23.9050000+00:00</time>
      </trkpt>
      <trkpt lat="46.72385" lon="7.99733">
        <ele>690.26</ele>
        <time>2026-05-04T03:01:38.9630000+00:00</time>
      </trkpt>
      <trkpt lat="46.72394" lon="7.99745">
        <ele>689.44</ele>
        <time>2026-05-04T03:01:53.0560000+00:00</time>
      </trkpt>
      <trkpt lat="46.72401" lon="7.99754">
        <ele>688.88</ele>
        <time>2026-05-04T03:02:03.8400000+00:00</time>
      </trkpt>
      <trkpt lat="46.7241" lon="7.99766">
        <ele>688.6</ele>
        <time>2026-05-04T03:02:17.9330000+00:00</time>
      </trkpt>
      <trkpt lat="46.72429" lon="7.99792">
        <ele>687.72</ele>
        <time>2026-05-04T03:02:48.0430000+00:00</time>
      </trkpt>
      <trkpt lat="46.72446" lon="7.99818">
        <ele>687.81</ele>
        <time>2026-05-04T03:03:16.5110000+00:00</time>
      </trkpt>
      <trkpt lat="46.72451" lon="7.99824">
        <ele>687.68</ele>
        <time>2026-05-04T03:03:23.9940000+00:00</time>
      </trkpt>
      <trkpt lat="46.72458" lon="7.99827">
        <ele>685.88</ele>
        <time>2026-05-04T03:03:32.4260000+00:00</time>
      </trkpt>
      <trkpt lat="46.72463" lon="7.99839">
        <ele>687.37</ele>
        <time>2026-05-04T03:03:43.5510000+00:00</time>
      </trkpt>
      <trkpt lat="46.72469" lon="7.99851">
        <ele>688.18</ele>
        <time>2026-05-04T03:03:55.3190000+00:00</time>
      </trkpt>
      <trkpt lat="46.72491" lon="7.9989">
        <ele>691.83</ele>
        <time>2026-05-04T03:04:35.3360000+00:00</time>
      </trkpt>
      <trkpt lat="46.72506" lon="7.99916">
        <ele>695.82</ele>
        <time>2026-05-04T03:05:02.2600000+00:00</time>
      </trkpt>
      <trkpt lat="46.72523" lon="7.99948">
        <ele>691.89</ele>
        <time>2026-05-04T03:05:34.3360000+00:00</time>
      </trkpt>
      <trkpt lat="46.72535" lon="7.99971">
        <ele>679.35</ele>
        <time>2026-05-04T03:05:57.2370000+00:00</time>
      </trkpt>
      <trkpt lat="46.72542" lon="7.99984">
        <ele>672.04</ele>
        <time>2026-05-04T03:06:10.3340000+00:00</time>
      </trkpt>
      <trkpt lat="46.72545" lon="7.99993">
        <ele>668.91</ele>
        <time>2026-05-04T03:06:18.2630000+00:00</time>
      </trkpt>
      <trkpt lat="46.7255" lon="8.00008">
        <ele>665.17</ele>
        <time>2026-05-04T03:06:31.4780000+00:00</time>
      </trkpt>
      <trkpt lat="46.72555" lon="8.00023">
        <ele>663.03</ele>
        <time>2026-05-04T03:06:44.6930000+00:00</time>
      </trkpt>
      <trkpt lat="46.72558" lon="8.00038">
        <ele>663.16</ele>
        <time>2026-05-04T03:06:57.0720000+00:00</time>
      </trkpt>
      <trkpt lat="46.72565" lon="8.00066">
        <ele>662.75</ele>
        <time>2026-05-04T03:07:20.6850000+00:00</time>
      </trkpt>
      <trkpt lat="46.72572" lon="8.001">
        <ele>666.56</ele>
        <time>2026-05-04T03:07:48.8120000+00:00</time>
      </trkpt>
      <trkpt lat="46.72576" lon="8.00122">
        <ele>671.63</ele>
        <time>2026-05-04T03:08:06.8450000+00:00</time>
      </trkpt>
      <trkpt lat="46.7258" lon="8.00141">
        <ele>676.4</ele>
        <time>2026-05-04T03:08:22.5920000+00:00</time>
      </trkpt>
      <trkpt lat="46.72584" lon="8.00157">
        <ele>680.7</ele>
        <time>2026-05-04T03:08:36.0850000+00:00</time>
      </trkpt>
      <trkpt lat="46.72588" lon="8.00169">
        <ele>683.4</ele>
        <time>2026-05-04T03:08:46.6570000+00:00</time>
      </trkpt>
      <trkpt lat="46.72592" lon="8.0018">
        <ele>684.14</ele>
        <time>2026-05-04T03:08:56.5220000+00:00</time>
      </trkpt>
      <trkpt lat="46.72597" lon="8.00193">
        <ele>684.93</ele>
        <time>2026-05-04T03:09:08.3320000+00:00</time>
      </trkpt>
      <trkpt lat="46.72609" lon="8.00215">
        <ele>682.99</ele>
        <time>2026-05-04T03:09:30.6070000+00:00</time>
      </trkpt>
      <trkpt lat="46.72619" lon="8.00237">
        <ele>678.07</ele>
        <time>2026-05-04T03:09:51.5210000+00:00</time>
      </trkpt>
      <trkpt lat="46.72623" lon="8.00246">
        <ele>676.55</ele>
        <time>2026-05-04T03:10:00.0200000+00:00</time>
      </trkpt>
      <trkpt lat="46.72627" lon="8.00259">
        <ele>676.66</ele>
        <time>2026-05-04T03:10:11.3100000+00:00</time>
      </trkpt>
      <trkpt lat="46.72632" lon="8.00274">
        <ele>677.66</ele>
        <time>2026-05-04T03:10:24.5250000+00:00</time>
      </trkpt>
      <trkpt lat="46.72638" lon="8.003">
        <ele>683.96</ele>
        <time>2026-05-04T03:10:46.2600000+00:00</time>
      </trkpt>
      <trkpt lat="46.72644" lon="8.00321">
        <ele>690.69</ele>
        <time>2026-05-04T03:11:04.2850000+00:00</time>
      </trkpt>
      <trkpt lat="46.72648" lon="8.00337">
        <ele>696.45</ele>
        <time>2026-05-04T03:11:17.7780000+00:00</time>
      </trkpt>
      <trkpt lat="46.7265" lon="8.00349">
        <ele>699.12</ele>
        <time>2026-05-04T03:11:27.5630000+00:00</time>
      </trkpt>
      <trkpt lat="46.72656" lon="8.00381">
        <ele>706.85</ele>
        <time>2026-05-04T03:11:53.8470000+00:00</time>
      </trkpt>
      <trkpt lat="46.7266" lon="8.00399">
        <ele>711.67</ele>
        <time>2026-05-04T03:12:08.8390000+00:00</time>
      </trkpt>
      <trkpt lat="46.7266" lon="8.004">
        <ele>711.96</ele>
        <time>2026-05-04T03:12:09.6280000+00:00</time>
      </trkpt>
      <trkpt lat="46.72662" lon="8.00404">
        <ele>713.06</ele>
        <time>2026-05-04T03:12:13.5500000+00:00</time>
      </trkpt>
      <trkpt lat="46.72664" lon="8.0041">
        <ele>714.81</ele>
        <time>2026-05-04T03:12:18.8370000+00:00</time>
      </trkpt>
      <trkpt lat="46.72668" lon="8.00418">
        <ele>716.88</ele>
        <time>2026-05-04T03:12:26.6820000+00:00</time>
      </trkpt>
      <trkpt lat="46.72672" lon="8.00426">
        <ele>717.5</ele>
        <time>2026-05-04T03:12:34.5270000+00:00</time>
      </trkpt>
      <trkpt lat="46.72681" lon="8.00437">
        <ele>718.02</ele>
        <time>2026-05-04T03:12:48.0980000+00:00</time>
      </trkpt>
      <trkpt lat="46.72693" lon="8.00454">
        <ele>714.98</ele>
        <time>2026-05-04T03:13:07.4310000+00:00</time>
      </trkpt>
      <trkpt lat="46.72701" lon="8.00465">
        <ele>708.3</ele>
        <time>2026-05-04T03:13:20.1370000+00:00</time>
      </trkpt>
      <trkpt lat="46.72705" lon="8.00474">
        <ele>705.56</ele>
        <time>2026-05-04T03:13:28.6350000+00:00</time>
      </trkpt>
      <trkpt lat="46.7271" lon="8.00484">
        <ele>702.38</ele>
        <time>2026-05-04T03:13:38.4420000+00:00</time>
      </trkpt>
      <trkpt lat="46.72716" lon="8.00505">
        <ele>700.1</ele>
        <time>2026-05-04T03:13:56.4670000+00:00</time>
      </trkpt>
      <trkpt lat="46.72718" lon="8.00509">
        <ele>699</ele>
        <time>2026-05-04T03:14:00.3890000+00:00</time>
      </trkpt>
      <trkpt lat="46.72721" lon="8.00519">
        <ele>697.88</ele>
        <time>2026-05-04T03:14:09.0370000+00:00</time>
      </trkpt>
      <trkpt lat="46.72728" lon="8.00538">
        <ele>695.33</ele>
        <time>2026-05-04T03:14:26.1260000+00:00</time>
      </trkpt>
      <trkpt lat="46.72736" lon="8.00552">
        <ele>692.15</ele>
        <time>2026-05-04T03:14:40.5670000+00:00</time>
      </trkpt>
      <trkpt lat="46.72743" lon="8.00564">
        <ele>689.83</ele>
        <time>2026-05-04T03:14:53.0500000+00:00</time>
      </trkpt>
      <trkpt lat="46.72753" lon="8.00578">
        <ele>686.68</ele>
        <time>2026-05-04T03:15:09.0700000+00:00</time>
      </trkpt>
      <trkpt lat="46.72761" lon="8.00588">
        <ele>684.58</ele>
        <time>2026-05-04T03:15:21.2460000+00:00</time>
      </trkpt>
      <trkpt lat="46.72772" lon="8.006">
        <ele>681.89</ele>
        <time>2026-05-04T03:15:37.1210000+00:00</time>
      </trkpt>
      <trkpt lat="46.72779" lon="8.00608">
        <ele>677.17</ele>
        <time>2026-05-04T03:15:47.3990000+00:00</time>
      </trkpt>
      <trkpt lat="46.72792" lon="8.00629">
        <ele>669.66</ele>
        <time>2026-05-04T03:16:09.8160000+00:00</time>
      </trkpt>
      <trkpt lat="46.72799" lon="8.00644">
        <ele>666.83</ele>
        <time>2026-05-04T03:16:24.1930000+00:00</time>
      </trkpt>
      <trkpt lat="46.72802" lon="8.00655">
        <ele>666.96</ele>
        <time>2026-05-04T03:16:33.5730000+00:00</time>
      </trkpt>
      <trkpt lat="46.72806" lon="8.00669">
        <ele>666.59</ele>
        <time>2026-05-04T03:16:45.5890000+00:00</time>
      </trkpt>
      <trkpt lat="46.72812" lon="8.00698">
        <ele>664.82</ele>
        <time>2026-05-04T03:17:09.5880000+00:00</time>
      </trkpt>
      <trkpt lat="46.72819" lon="8.00738">
        <ele>664.04</ele>
        <time>2026-05-04T03:17:42.2950000+00:00</time>
      </trkpt>
      <trkpt lat="46.7282" lon="8.00745">
        <ele>664.16</ele>
        <time>2026-05-04T03:17:47.9600000+00:00</time>
      </trkpt>
      <trkpt lat="46.72822" lon="8.00757">
        <ele>664.04</ele>
        <time>2026-05-04T03:17:57.7440000+00:00</time>
      </trkpt>
      <trkpt lat="46.72826" lon="8.00775">
        <ele>663.11</ele>
        <time>2026-05-04T03:18:12.7360000+00:00</time>
      </trkpt>
      <trkpt lat="46.72835" lon="8.00833">
        <ele>665.18</ele>
        <time>2026-05-04T03:18:59.8480000+00:00</time>
      </trkpt>
      <trkpt lat="46.72836" lon="8.0085">
        <ele>668.37</ele>
        <time>2026-05-04T03:19:13.3660000+00:00</time>
      </trkpt>
      <trkpt lat="46.72836" lon="8.00879">
        <ele>675.03</ele>
        <time>2026-05-04T03:19:36.3420000+00:00</time>
      </trkpt>
      <trkpt lat="46.7284" lon="8.00898">
        <ele>676.96</ele>
        <time>2026-05-04T03:19:52.0880000+00:00</time>
      </trkpt>
      <trkpt lat="46.72846" lon="8.00921">
        <ele>679.32</ele>
        <time>2026-05-04T03:20:11.5850000+00:00</time>
      </trkpt>
      <trkpt lat="46.72856" lon="8.00943">
        <ele>680.43</ele>
        <time>2026-05-04T03:20:32.4980000+00:00</time>
      </trkpt>
      <trkpt lat="46.7287" lon="8.00971">
        <ele>678.13</ele>
        <time>2026-05-04T03:20:59.9550000+00:00</time>
      </trkpt>
      <trkpt lat="46.72876" lon="8.00983">
        <ele>677.01</ele>
        <time>2026-05-04T03:21:11.7230000+00:00</time>
      </trkpt>
      <trkpt lat="46.72886" lon="8.00993">
        <ele>672</ele>
        <time>2026-05-04T03:21:25.7360000+00:00</time>
      </trkpt>
      <trkpt lat="46.7289" lon="8.00994">
        <ele>669.09</ele>
        <time>2026-05-04T03:21:30.4270000+00:00</time>
      </trkpt>
      <trkpt lat="46.72896" lon="8.00998">
        <ele>665.44</ele>
        <time>2026-05-04T03:21:38.0510000+00:00</time>
      </trkpt>
      <trkpt lat="46.72906" lon="8.01005">
        <ele>659.16</ele>
        <time>2026-05-04T03:21:50.8710000+00:00</time>
      </trkpt>
      <trkpt lat="46.72912" lon="8.01012">
        <ele>655.98</ele>
        <time>2026-05-04T03:21:59.7500000+00:00</time>
      </trkpt>
      <trkpt lat="46.72917" lon="8.01022">
        <ele>654.25</ele>
        <time>2026-05-04T03:22:09.5560000+00:00</time>
      </trkpt>
      <trkpt lat="46.72925" lon="8.01043">
        <ele>652.46</ele>
        <time>2026-05-04T03:22:28.5900000+00:00</time>
      </trkpt>
      <trkpt lat="46.72937" lon="8.01074">
        <ele>649.11</ele>
        <time>2026-05-04T03:22:56.7950000+00:00</time>
      </trkpt>
      <trkpt lat="46.72944" lon="8.01093">
        <ele>647.85</ele>
        <time>2026-05-04T03:23:13.8840000+00:00</time>
      </trkpt>
      <trkpt lat="46.72959" lon="8.01148">
        <ele>649.29</ele>
        <time>2026-05-04T03:24:00.7780000+00:00</time>
      </trkpt>
      <trkpt lat="46.7297" lon="8.01189">
        <ele>647.98</ele>
        <time>2026-05-04T03:24:35.6590000+00:00</time>
      </trkpt>
      <trkpt lat="46.72982" lon="8.01236">
        <ele>643.43</ele>
        <time>2026-05-04T03:25:15.3930000+00:00</time>
      </trkpt>
      <trkpt lat="46.72984" lon="8.01246">
        <ele>642.71</ele>
        <time>2026-05-04T03:25:23.6450000+00:00</time>
      </trkpt>
      <trkpt lat="46.72984" lon="8.01258">
        <ele>644.28</ele>
        <time>2026-05-04T03:25:33.1520000+00:00</time>
      </trkpt>
      <trkpt lat="46.72982" lon="8.01295">
        <ele>651.22</ele>
        <time>2026-05-04T03:26:02.5560000+00:00</time>
      </trkpt>
      <trkpt lat="46.72982" lon="8.01304">
        <ele>652.52</ele>
        <time>2026-05-04T03:26:09.6850000+00:00</time>
      </trkpt>
      <trkpt lat="46.72984" lon="8.01314">
        <ele>652.4</ele>
        <time>2026-05-04T03:26:17.9370000+00:00</time>
      </trkpt>
      <trkpt lat="46.72995" lon="8.01346">
        <ele>650.09</ele>
        <time>2026-05-04T03:26:46.2980000+00:00</time>
      </trkpt>
      <trkpt lat="46.72997" lon="8.01358">
        <ele>651.68</ele>
        <time>2026-05-04T03:26:56.0810000+00:00</time>
      </trkpt>
      <trkpt lat="46.72998" lon="8.01371">
        <ele>654.3</ele>
        <time>2026-05-04T03:27:06.4450000+00:00</time>
      </trkpt>
      <trkpt lat="46.73005" lon="8.01396">
        <ele>655.21</ele>
        <time>2026-05-04T03:27:27.8390000+00:00</time>
      </trkpt>
      <trkpt lat="46.73011" lon="8.01417">
        <ele>655.98</ele>
        <time>2026-05-04T03:27:45.8640000+00:00</time>
      </trkpt>
      <trkpt lat="46.73017" lon="8.01434">
        <ele>657.98</ele>
        <time>2026-05-04T03:28:01.0110000+00:00</time>
      </trkpt>
      <trkpt lat="46.73026" lon="8.01459">
        <ele>661.55</ele>
        <time>2026-05-04T03:28:23.3820000+00:00</time>
      </trkpt>
      <trkpt lat="46.73042" lon="8.0149">
        <ele>664.21</ele>
        <time>2026-05-04T03:28:54.1240000+00:00</time>
      </trkpt>
      <trkpt lat="46.73056" lon="8.01521">
        <ele>669.27</ele>
        <time>2026-05-04T03:29:23.5340000+00:00</time>
      </trkpt>
      <trkpt lat="46.73076" lon="8.01548">
        <ele>668.17</ele>
        <time>2026-05-04T03:29:55.0280000+00:00</time>
      </trkpt>
      <trkpt lat="46.73088" lon="8.01568">
        <ele>668.6</ele>
        <time>2026-05-04T03:30:16.0850000+00:00</time>
      </trkpt>
      <trkpt lat="46.73106" lon="8.01591">
        <ele>664.06</ele>
        <time>2026-05-04T03:30:43.7400000+00:00</time>
      </trkpt>
      <trkpt lat="46.73117" lon="8.01606">
        <ele>658.89</ele>
        <time>2026-05-04T03:31:01.1430000+00:00</time>
      </trkpt>
      <trkpt lat="46.73123" lon="8.01623">
        <ele>658.05</ele>
        <time>2026-05-04T03:31:16.2910000+00:00</time>
      </trkpt>
      <trkpt lat="46.73128" lon="8.01643">
        <ele>658.57</ele>
        <time>2026-05-04T03:31:33.1560000+00:00</time>
      </trkpt>
      <trkpt lat="46.73134" lon="8.01686">
        <ele>661.31</ele>
        <time>2026-05-04T03:32:07.9200000+00:00</time>
      </trkpt>
      <trkpt lat="46.73138" lon="8.01709">
        <ele>660.97</ele>
        <time>2026-05-04T03:32:26.7170000+00:00</time>
      </trkpt>
      <trkpt lat="46.73141" lon="8.01742">
        <ele>662.9</ele>
        <time>2026-05-04T03:32:53.0880000+00:00</time>
      </trkpt>
      <trkpt lat="46.73145" lon="8.01768">
        <ele>664.29</ele>
        <time>2026-05-04T03:33:14.1980000+00:00</time>
      </trkpt>
      <trkpt lat="46.73145" lon="8.0177">
        <ele>664.69</ele>
        <time>2026-05-04T03:33:15.7830000+00:00</time>
      </trkpt>
      <trkpt lat="46.73149" lon="8.01789">
        <ele>665.22</ele>
        <time>2026-05-04T03:33:31.5290000+00:00</time>
      </trkpt>
      <trkpt lat="46.73155" lon="8.01806">
        <ele>663.88</ele>
        <time>2026-05-04T03:33:46.6760000+00:00</time>
      </trkpt>
      <trkpt lat="46.7316" lon="8.01818">
        <ele>662.44</ele>
        <time>2026-05-04T03:33:57.8020000+00:00</time>
      </trkpt>
      <trkpt lat="46.73164" lon="8.0183">
        <ele>661.84</ele>
        <time>2026-05-04T03:34:08.3730000+00:00</time>
      </trkpt>
      <trkpt lat="46.73168" lon="8.01844">
        <ele>662.85</ele>
        <time>2026-05-04T03:34:20.3890000+00:00</time>
      </trkpt>
      <trkpt lat="46.73172" lon="8.0186">
        <ele>664.67</ele>
        <time>2026-05-04T03:34:33.8810000+00:00</time>
      </trkpt>
      <trkpt lat="46.73176" lon="8.01868">
        <ele>664.1</ele>
        <time>2026-05-04T03:34:41.7260000+00:00</time>
      </trkpt>
      <trkpt lat="46.73182" lon="8.01879">
        <ele>662.98</ele>
        <time>2026-05-04T03:34:52.8630000+00:00</time>
      </trkpt>
      <trkpt lat="46.73191" lon="8.01896">
        <ele>661.81</ele>
        <time>2026-05-04T03:35:09.8800000+00:00</time>
      </trkpt>
      <trkpt lat="46.73196" lon="8.01905">
        <ele>661.51</ele>
        <time>2026-05-04T03:35:19.0570000+00:00</time>
      </trkpt>
      <trkpt lat="46.732" lon="8.01914">
        <ele>661.81</ele>
        <time>2026-05-04T03:35:27.5550000+00:00</time>
      </trkpt>
      <trkpt lat="46.73203" lon="8.01925">
        <ele>663.2</ele>
        <time>2026-05-04T03:35:36.9340000+00:00</time>
      </trkpt>
      <trkpt lat="46.73205" lon="8.01936">
        <ele>665.2</ele>
        <time>2026-05-04T03:35:45.9500000+00:00</time>
      </trkpt>
      <trkpt lat="46.73208" lon="8.01948">
        <ele>666.85</ele>
        <time>2026-05-04T03:35:56.0690000+00:00</time>
      </trkpt>
      <trkpt lat="46.73213" lon="8.01961">
        <ele>667.49</ele>
        <time>2026-05-04T03:36:07.8780000+00:00</time>
      </trkpt>
      <trkpt lat="46.73216" lon="8.01968">
        <ele>667.62</ele>
        <time>2026-05-04T03:36:14.4180000+00:00</time>
      </trkpt>
      <trkpt lat="46.73231" lon="8.01996">
        <ele>666.09</ele>
        <time>2026-05-04T03:36:42.5700000+00:00</time>
      </trkpt>
      <trkpt lat="46.7324" lon="8.0202">
        <ele>666.65</ele>
        <time>2026-05-04T03:37:04.2420000+00:00</time>
      </trkpt>
      <trkpt lat="46.73252" lon="8.02049">
        <ele>666.53</ele>
        <time>2026-05-04T03:37:31.0780000+00:00</time>
      </trkpt>
      <trkpt lat="46.73258" lon="8.0206">
        <ele>665.55</ele>
        <time>2026-05-04T03:37:42.2150000+00:00</time>
      </trkpt>
      <trkpt lat="46.73259" lon="8.02061">
        <ele>665.17</ele>
        <time>2026-05-04T03:37:43.6170000+00:00</time>
      </trkpt>
      <trkpt lat="46.73266" lon="8.02068">
        <ele>662.48</ele>
        <time>2026-05-04T03:37:53.4260000+00:00</time>
      </trkpt>
      <trkpt lat="46.73271" lon="8.02074">
        <ele>660.82</ele>
        <time>2026-05-04T03:38:00.9090000+00:00</time>
      </trkpt>
      <trkpt lat="46.73277" lon="8.02085">
        <ele>660.69</ele>
        <time>2026-05-04T03:38:12.0460000+00:00</time>
      </trkpt>
      <trkpt lat="46.73282" lon="8.02092">
        <ele>660.18</ele>
        <time>2026-05-04T03:38:20.0540000+00:00</time>
      </trkpt>
      <trkpt lat="46.73285" lon="8.02096">
        <ele>659.77</ele>
        <time>2026-05-04T03:38:24.7520000+00:00</time>
      </trkpt>
      <trkpt lat="46.73288" lon="8.02102">
        <ele>659.86</ele>
        <time>2026-05-04T03:38:30.6350000+00:00</time>
      </trkpt>
      <trkpt lat="46.73297" lon="8.02127">
        <ele>661.59</ele>
        <time>2026-05-04T03:38:53.0050000+00:00</time>
      </trkpt>
      <trkpt lat="46.73308" lon="8.02145">
        <ele>659.84</ele>
        <time>2026-05-04T03:39:12.1090000+00:00</time>
      </trkpt>
      <trkpt lat="46.73312" lon="8.0216">
        <ele>661.02</ele>
        <time>2026-05-04T03:39:24.8600000+00:00</time>
      </trkpt>
      <trkpt lat="46.73316" lon="8.02177">
        <ele>662.22</ele>
        <time>2026-05-04T03:39:39.0980000+00:00</time>
      </trkpt>
      <trkpt lat="46.73322" lon="8.0219">
        <ele>661.27</ele>
        <time>2026-05-04T03:39:51.5130000+00:00</time>
      </trkpt>
      <trkpt lat="46.73335" lon="8.02207">
        <ele>656.94</ele>
        <time>2026-05-04T03:40:11.6910000+00:00</time>
      </trkpt>
      <trkpt lat="46.73342" lon="8.0222">
        <ele>655.39</ele>
        <time>2026-05-04T03:40:24.7870000+00:00</time>
      </trkpt>
      <trkpt lat="46.73346" lon="8.0223">
        <ele>655.03</ele>
        <time>2026-05-04T03:40:33.9590000+00:00</time>
      </trkpt>
      <trkpt lat="46.73361" lon="8.02245">
        <ele>651.1</ele>
        <time>2026-05-04T03:40:54.9770000+00:00</time>
      </trkpt>
      <trkpt lat="46.73367" lon="8.0225">
        <ele>650.77</ele>
        <time>2026-05-04T03:41:02.9630000+00:00</time>
      </trkpt>
      <trkpt lat="46.73374" lon="8.02262">
        <ele>651.71</ele>
        <time>2026-05-04T03:41:15.4460000+00:00</time>
      </trkpt>
      <trkpt lat="46.73372" lon="8.02266">
        <ele>652.97</ele>
        <time>2026-05-04T03:41:19.3690000+00:00</time>
      </trkpt>
      <trkpt lat="46.73369" lon="8.02268">
        <ele>654.02</ele>
        <time>2026-05-04T03:41:23.1800000+00:00</time>
      </trkpt>
      <trkpt lat="46.73363" lon="8.02272">
        <ele>656.06</ele>
        <time>2026-05-04T03:41:30.8040000+00:00</time>
      </trkpt>
      <trkpt lat="46.73363" lon="8.02286">
        <ele>658.86</ele>
        <time>2026-05-04T03:41:41.8950000+00:00</time>
      </trkpt>
      <trkpt lat="46.73365" lon="8.02293">
        <ele>659.89</ele>
        <time>2026-05-04T03:41:47.9020000+00:00</time>
      </trkpt>
      <trkpt lat="46.73368" lon="8.02307">
        <ele>662.21</ele>
        <time>2026-05-04T03:41:59.5220000+00:00</time>
      </trkpt>
      <trkpt lat="46.73366" lon="8.02328">
        <ele>666.8</ele>
        <time>2026-05-04T03:42:16.3180000+00:00</time>
      </trkpt>
      <trkpt lat="46.73365" lon="8.02333">
        <ele>667.87</ele>
        <time>2026-05-04T03:42:20.4440000+00:00</time>
      </trkpt>
      <trkpt lat="46.73365" lon="8.02336">
        <ele>668.32</ele>
        <time>2026-05-04T03:42:22.8210000+00:00</time>
      </trkpt>
      <trkpt lat="46.73362" lon="8.02356">
        <ele>671.77</ele>
        <time>2026-05-04T03:42:39.0400000+00:00</time>
      </trkpt>
      <trkpt lat="46.73354" lon="8.02352">
        <ele>673.01</ele>
        <time>2026-05-04T03:42:48.8140000+00:00</time>
      </trkpt>
      <trkpt lat="46.73346" lon="8.02361">
        <ele>678.46</ele>
        <time>2026-05-04T03:43:00.4900000+00:00</time>
      </trkpt>
      <trkpt lat="46.73341" lon="8.02379">
        <ele>683.62</ele>
        <time>2026-05-04T03:43:15.8750000+00:00</time>
      </trkpt>
      <trkpt lat="46.73338" lon="8.02385">
        <ele>685.96</ele>
        <time>2026-05-04T03:43:21.7590000+00:00</time>
      </trkpt>
      <trkpt lat="46.73338" lon="8.02392">
        <ele>686.96</ele>
        <time>2026-05-04T03:43:27.3040000+00:00</time>
      </trkpt>
      <trkpt lat="46.73338" lon="8.02394">
        <ele>687.25</ele>
        <time>2026-05-04T03:43:28.8890000+00:00</time>
      </trkpt>
      <trkpt lat="46.73339" lon="8.02402">
        <ele>687.92</ele>
        <time>2026-05-04T03:43:35.3300000+00:00</time>
      </trkpt>
      <trkpt lat="46.73342" lon="8.02409">
        <ele>687.51</ele>
        <time>2026-05-04T03:43:41.8700000+00:00</time>
      </trkpt>
      <trkpt lat="46.73348" lon="8.02405">
        <ele>684.08</ele>
        <time>2026-05-04T03:43:49.4940000+00:00</time>
      </trkpt>
      <trkpt lat="46.73352" lon="8.02406">
        <ele>682.33</ele>
        <time>2026-05-04T03:43:54.1860000+00:00</time>
      </trkpt>
      <trkpt lat="46.73356" lon="8.0241">
        <ele>681.18</ele>
        <time>2026-05-04T03:43:59.7900000+00:00</time>
      </trkpt>
      <trkpt lat="46.73361" lon="8.02416">
        <ele>681.1</ele>
        <time>2026-05-04T03:44:07.2730000+00:00</time>
      </trkpt>
      <trkpt lat="46.73374" lon="8.02436">
        <ele>682.17</ele>
        <time>2026-05-04T03:44:29.1080000+00:00</time>
      </trkpt>
      <trkpt lat="46.7338" lon="8.02446">
        <ele>682.6</ele>
        <time>2026-05-04T03:44:39.6360000+00:00</time>
      </trkpt>
      <trkpt lat="46.73385" lon="8.02418">
        <ele>676.24</ele>
        <time>2026-05-04T03:45:02.5570000+00:00</time>
      </trkpt>
      <trkpt lat="46.73388" lon="8.02408">
        <ele>674.13</ele>
        <time>2026-05-04T03:45:11.2040000+00:00</time>
      </trkpt>
      <trkpt lat="46.73392" lon="8.02413">
        <ele>673.91</ele>
        <time>2026-05-04T03:45:17.2920000+00:00</time>
      </trkpt>
      <trkpt lat="46.73394" lon="8.02407">
        <ele>672.74</ele>
        <time>2026-05-04T03:45:22.5770000+00:00</time>
      </trkpt>
      <trkpt lat="46.73396" lon="8.02403">
        <ele>671.84</ele>
        <time>2026-05-04T03:45:26.4990000+00:00</time>
      </trkpt>
      <trkpt lat="46.73409" lon="8.02395">
        <ele>668.28</ele>
        <time>2026-05-04T03:45:42.8060000+00:00</time>
      </trkpt>
      <trkpt lat="46.73422" lon="8.02383">
        <ele>664.51</ele>
        <time>2026-05-04T03:46:00.5860000+00:00</time>
      </trkpt>
      <trkpt lat="46.73426" lon="8.02395">
        <ele>664.9</ele>
        <time>2026-05-04T03:46:11.1570000+00:00</time>
      </trkpt>
      <trkpt lat="46.73428" lon="8.02406">
        <ele>665.53</ele>
        <time>2026-05-04T03:46:20.1730000+00:00</time>
      </trkpt>
      <trkpt lat="46.73432" lon="8.02414">
        <ele>665.41</ele>
        <time>2026-05-04T03:46:28.0180000+00:00</time>
      </trkpt>
      <trkpt lat="46.73435" lon="8.02418">
        <ele>665.24</ele>
        <time>2026-05-04T03:46:32.7140000+00:00</time>
      </trkpt>
      <trkpt lat="46.73439" lon="8.02421">
        <ele>664.84</ele>
        <time>2026-05-04T03:46:37.9120000+00:00</time>
      </trkpt>
      <trkpt lat="46.73445" lon="8.02422">
        <ele>667.35</ele>
        <time>2026-05-04T03:46:44.8920000+00:00</time>
      </trkpt>
      <trkpt lat="46.73452" lon="8.02424">
        <ele>670.3</ele>
        <time>2026-05-04T03:46:53.1360000+00:00</time>
      </trkpt>
      <trkpt lat="46.73457" lon="8.02429">
        <ele>672.58</ele>
        <time>2026-05-04T03:47:00.1410000+00:00</time>
      </trkpt>
      <trkpt lat="46.7346" lon="8.02434">
        <ele>673.99</ele>
        <time>2026-05-04T03:47:05.4060000+00:00</time>
      </trkpt>
      <trkpt lat="46.73462" lon="8.02436">
        <ele>674.82</ele>
        <time>2026-05-04T03:47:08.2070000+00:00</time>
      </trkpt>
      <trkpt lat="46.7347" lon="8.02449">
        <ele>677.99</ele>
        <time>2026-05-04T03:47:22.0470000+00:00</time>
      </trkpt>
      <trkpt lat="46.73488" lon="8.02463">
        <ele>683.28</ele>
        <time>2026-05-04T03:47:45.6220000+00:00</time>
      </trkpt>
      <trkpt lat="46.73502" lon="8.02472">
        <ele>686.48</ele>
        <time>2026-05-04T03:48:03.3040000+00:00</time>
      </trkpt>
      <trkpt lat="46.73508" lon="8.02474">
        <ele>687.78</ele>
        <time>2026-05-04T03:48:10.4180000+00:00</time>
      </trkpt>
      <trkpt lat="46.73512" lon="8.02475">
        <ele>688.64</ele>
        <time>2026-05-04T03:48:15.1090000+00:00</time>
      </trkpt>
      <trkpt lat="46.73517" lon="8.02473">
        <ele>690.06</ele>
        <time>2026-05-04T03:48:21.1020000+00:00</time>
      </trkpt>
      <trkpt lat="46.7352" lon="8.02471">
        <ele>691.04</ele>
        <time>2026-05-04T03:48:24.9130000+00:00</time>
      </trkpt>
      <trkpt lat="46.73524" lon="8.02467">
        <ele>692.48</ele>
        <time>2026-05-04T03:48:30.5180000+00:00</time>
      </trkpt>
      <trkpt lat="46.73527" lon="8.02462">
        <ele>693.59</ele>
        <time>2026-05-04T03:48:35.7820000+00:00</time>
      </trkpt>
      <trkpt lat="46.73529" lon="8.02456">
        <ele>694.44</ele>
        <time>2026-05-04T03:48:41.0670000+00:00</time>
      </trkpt>
      <trkpt lat="46.73531" lon="8.02455">
        <ele>694.77</ele>
        <time>2026-05-04T03:48:43.5120000+00:00</time>
      </trkpt>
      <trkpt lat="46.73537" lon="8.02452">
        <ele>695.6</ele>
        <time>2026-05-04T03:48:50.8430000+00:00</time>
      </trkpt>
      <trkpt lat="46.7353" lon="8.02429">
        <ele>696.65</ele>
        <time>2026-05-04T03:49:10.7770000+00:00</time>
      </trkpt>
      <trkpt lat="46.73523" lon="8.02399">
        <ele>692.4</ele>
        <time>2026-05-04T03:49:35.8810000+00:00</time>
      </trkpt>
      <trkpt lat="46.7352" lon="8.02395">
        <ele>690.26</ele>
        <time>2026-05-04T03:49:40.5780000+00:00</time>
      </trkpt>
      <trkpt lat="46.73518" lon="8.02389">
        <ele>687.22</ele>
        <time>2026-05-04T03:49:45.8630000+00:00</time>
      </trkpt>
      <trkpt lat="46.73511" lon="8.0237">
        <ele>678.04</ele>
        <time>2026-05-04T03:50:02.9500000+00:00</time>
      </trkpt>
      <trkpt lat="46.7351" lon="8.02366">
        <ele>676.35</ele>
        <time>2026-05-04T03:50:06.3210000+00:00</time>
      </trkpt>
      <trkpt lat="46.73511" lon="8.0237">
        <ele>678.04</ele>
        <time>2026-05-04T03:50:09.6920000+00:00</time>
      </trkpt>
      <trkpt lat="46.73518" lon="8.02389">
        <ele>687.22</ele>
        <time>2026-05-04T03:50:26.7800000+00:00</time>
      </trkpt>
      <trkpt lat="46.7352" lon="8.02395">
        <ele>690.26</ele>
        <time>2026-05-04T03:50:32.0640000+00:00</time>
      </trkpt>
      <trkpt lat="46.73523" lon="8.02399">
        <ele>692.4</ele>
        <time>2026-05-04T03:50:36.7610000+00:00</time>
      </trkpt>
      <trkpt lat="46.7353" lon="8.02429">
        <ele>696.65</ele>
        <time>2026-05-04T03:51:01.8650000+00:00</time>
      </trkpt>
      <trkpt lat="46.73537" lon="8.02452">
        <ele>695.6</ele>
        <time>2026-05-04T03:51:21.8000000+00:00</time>
      </trkpt>
      <trkpt lat="46.73531" lon="8.02455">
        <ele>694.77</ele>
        <time>2026-05-04T03:51:29.1310000+00:00</time>
      </trkpt>
      <trkpt lat="46.73529" lon="8.02456">
        <ele>694.44</ele>
        <time>2026-05-04T03:51:31.5760000+00:00</time>
      </trkpt>
      <trkpt lat="46.73527" lon="8.02462">
        <ele>693.59</ele>
        <time>2026-05-04T03:51:36.8600000+00:00</time>
      </trkpt>
      <trkpt lat="46.73524" lon="8.02467">
        <ele>692.48</ele>
        <time>2026-05-04T03:51:42.1250000+00:00</time>
      </trkpt>
      <trkpt lat="46.7352" lon="8.02471">
        <ele>691.04</ele>
        <time>2026-05-04T03:51:47.7290000+00:00</time>
      </trkpt>
      <trkpt lat="46.73517" lon="8.02473">
        <ele>690.06</ele>
        <time>2026-05-04T03:51:51.5410000+00:00</time>
      </trkpt>
      <trkpt lat="46.73512" lon="8.02475">
        <ele>688.64</ele>
        <time>2026-05-04T03:51:57.5340000+00:00</time>
      </trkpt>
      <trkpt lat="46.73508" lon="8.02474">
        <ele>687.78</ele>
        <time>2026-05-04T03:52:02.2250000+00:00</time>
      </trkpt>
      <trkpt lat="46.73502" lon="8.02472">
        <ele>686.48</ele>
        <time>2026-05-04T03:52:09.3380000+00:00</time>
      </trkpt>
      <trkpt lat="46.73488" lon="8.02463">
        <ele>683.28</ele>
        <time>2026-05-04T03:52:27.0200000+00:00</time>
      </trkpt>
      <trkpt lat="46.7347" lon="8.02449">
        <ele>677.99</ele>
        <time>2026-05-04T03:52:50.5960000+00:00</time>
      </trkpt>
      <trkpt lat="46.73462" lon="8.02436">
        <ele>674.82</ele>
        <time>2026-05-04T03:53:04.4350000+00:00</time>
      </trkpt>
      <trkpt lat="46.73469" lon="8.02463">
        <ele>678.08</ele>
        <time>2026-05-04T03:53:27.3020000+00:00</time>
      </trkpt>
      <trkpt lat="46.73476" lon="8.0248">
        <ele>680.12</ele>
        <time>2026-05-04T03:53:43.0120000+00:00</time>
      </trkpt>
      <trkpt lat="46.7348" lon="8.02491">
        <ele>680.96</ele>
        <time>2026-05-04T03:53:52.8760000+00:00</time>
      </trkpt>
      <trkpt lat="46.73482" lon="8.02497">
        <ele>681.27</ele>
        <time>2026-05-04T03:53:58.1610000+00:00</time>
      </trkpt>
      <trkpt lat="46.7349" lon="8.02517">
        <ele>683.28</ele>
        <time>2026-05-04T03:54:16.5050000+00:00</time>
      </trkpt>
      <trkpt lat="46.73491" lon="8.02525">
        <ele>683.66</ele>
        <time>2026-05-04T03:54:22.9470000+00:00</time>
      </trkpt>
      <trkpt lat="46.73492" lon="8.02537">
        <ele>684.12</ele>
        <time>2026-05-04T03:54:32.5220000+00:00</time>
      </trkpt>
      <trkpt lat="46.73495" lon="8.02553">
        <ele>684.67</ele>
        <time>2026-05-04T03:54:45.6620000+00:00</time>
      </trkpt>
      <trkpt lat="46.73499" lon="8.02559">
        <ele>684.85</ele>
        <time>2026-05-04T03:54:52.2940000+00:00</time>
      </trkpt>
      <trkpt lat="46.73504" lon="8.02572">
        <ele>684.88</ele>
        <time>2026-05-04T03:55:04.1030000+00:00</time>
      </trkpt>
      <trkpt lat="46.73507" lon="8.02617">
        <ele>692.23</ele>
        <time>2026-05-04T03:55:39.9180000+00:00</time>
      </trkpt>
      <trkpt lat="46.73513" lon="8.02639">
        <ele>696.71</ele>
        <time>2026-05-04T03:55:58.6740000+00:00</time>
      </trkpt>
      <trkpt lat="46.73512" lon="8.02644">
        <ele>697.79</ele>
        <time>2026-05-04T03:56:02.8000000+00:00</time>
      </trkpt>
      <trkpt lat="46.73506" lon="8.02654">
        <ele>700.01</ele>
        <time>2026-05-04T03:56:13.3280000+00:00</time>
      </trkpt>
      <trkpt lat="46.73503" lon="8.02657">
        <ele>700.68</ele>
        <time>2026-05-04T03:56:17.5310000+00:00</time>
      </trkpt>
      <trkpt lat="46.73497" lon="8.02661">
        <ele>701.59</ele>
        <time>2026-05-04T03:56:25.1550000+00:00</time>
      </trkpt>
      <trkpt lat="46.73494" lon="8.02665">
        <ele>702.51</ele>
        <time>2026-05-04T03:56:29.8530000+00:00</time>
      </trkpt>
      <trkpt lat="46.73492" lon="8.02668">
        <ele>703.43</ele>
        <time>2026-05-04T03:56:33.1680000+00:00</time>
      </trkpt>
      <trkpt lat="46.7349" lon="8.02674">
        <ele>705.22</ele>
        <time>2026-05-04T03:56:38.4540000+00:00</time>
      </trkpt>
      <trkpt lat="46.73489" lon="8.02683">
        <ele>707.85</ele>
        <time>2026-05-04T03:56:45.6770000+00:00</time>
      </trkpt>
      <trkpt lat="46.73488" lon="8.02687">
        <ele>708.97</ele>
        <time>2026-05-04T03:56:49.0490000+00:00</time>
      </trkpt>
      <trkpt lat="46.73487" lon="8.02692">
        <ele>710.36</ele>
        <time>2026-05-04T03:56:53.1770000+00:00</time>
      </trkpt>
      <trkpt lat="46.73494" lon="8.02683">
        <ele>708.04</ele>
        <time>2026-05-04T03:57:03.9610000+00:00</time>
      </trkpt>
      <trkpt lat="46.73499" lon="8.02678">
        <ele>706.63</ele>
        <time>2026-05-04T03:57:10.9680000+00:00</time>
      </trkpt>
      <trkpt lat="46.73501" lon="8.02676">
        <ele>706.03</ele>
        <time>2026-05-04T03:57:13.7730000+00:00</time>
      </trkpt>
      <trkpt lat="46.73507" lon="8.02676">
        <ele>706.14</ele>
        <time>2026-05-04T03:57:20.7070000+00:00</time>
      </trkpt>
      <trkpt lat="46.73505" lon="8.0268">
        <ele>707.46</ele>
        <time>2026-05-04T03:57:24.6300000+00:00</time>
      </trkpt>
      <trkpt lat="46.73515" lon="8.0268">
        <ele>707.76</ele>
        <time>2026-05-04T03:57:36.1880000+00:00</time>
      </trkpt>
      <trkpt lat="46.73523" lon="8.02685">
        <ele>709.91</ele>
        <time>2026-05-04T03:57:46.2470000+00:00</time>
      </trkpt>
      <trkpt lat="46.73514" lon="8.02693">
        <ele>712.44</ele>
        <time>2026-05-04T03:57:58.4270000+00:00</time>
      </trkpt>
      <trkpt lat="46.73522" lon="8.027">
        <ele>715.66</ele>
        <time>2026-05-04T03:58:09.2090000+00:00</time>
      </trkpt>
      <trkpt lat="46.73513" lon="8.02704">
        <ele>716.33</ele>
        <time>2026-05-04T03:58:20.0830000+00:00</time>
      </trkpt>
      <trkpt lat="46.73513" lon="8.02713">
        <ele>719.56</ele>
        <time>2026-05-04T03:58:27.2120000+00:00</time>
      </trkpt>
      <trkpt lat="46.73512" lon="8.02717">
        <ele>720.87</ele>
        <time>2026-05-04T03:58:30.5850000+00:00</time>
      </trkpt>
      <trkpt lat="46.73514" lon="8.02717">
        <ele>721.13</ele>
        <time>2026-05-04T03:58:32.8950000+00:00</time>
      </trkpt>
      <trkpt lat="46.73528" lon="8.02713">
        <ele>719.46</ele>
        <time>2026-05-04T03:58:49.3830000+00:00</time>
      </trkpt>
      <trkpt lat="46.73522" lon="8.02724">
        <ele>724.88</ele>
        <time>2026-05-04T03:59:00.5190000+00:00</time>
      </trkpt>
      <trkpt lat="46.73528" lon="8.02727">
        <ele>724.2</ele>
        <time>2026-05-04T03:59:07.8490000+00:00</time>
      </trkpt>
      <trkpt lat="46.73526" lon="8.02732">
        <ele>726.59</ele>
        <time>2026-05-04T03:59:12.4360000+00:00</time>
      </trkpt>
      <trkpt lat="46.73531" lon="8.02734">
        <ele>725.48</ele>
        <time>2026-05-04T03:59:18.4280000+00:00</time>
      </trkpt>
      <trkpt lat="46.73537" lon="8.02732">
        <ele>722.76</ele>
        <time>2026-05-04T03:59:25.5420000+00:00</time>
      </trkpt>
      <trkpt lat="46.73548" lon="8.02724">
        <ele>717.44</ele>
        <time>2026-05-04T03:59:39.7480000+00:00</time>
      </trkpt>
      <trkpt lat="46.73555" lon="8.02725">
        <ele>715.56</ele>
        <time>2026-05-04T03:59:47.8780000+00:00</time>
      </trkpt>
      <trkpt lat="46.73557" lon="8.02731">
        <ele>715.68</ele>
        <time>2026-05-04T03:59:53.1630000+00:00</time>
      </trkpt>
      <trkpt lat="46.73563" lon="8.02732">
        <ele>713.7</ele>
        <time>2026-05-04T04:00:00.1430000+00:00</time>
      </trkpt>
      <trkpt lat="46.73567" lon="8.0275">
        <ele>713.22</ele>
        <time>2026-05-04T04:00:15.1320000+00:00</time>
      </trkpt>
      <trkpt lat="46.73569" lon="8.02774">
        <ele>715.04</ele>
        <time>2026-05-04T04:00:34.2840000+00:00</time>
      </trkpt>
      <trkpt lat="46.73572" lon="8.02795">
        <ele>716.06</ele>
        <time>2026-05-04T04:00:51.2760000+00:00</time>
      </trkpt>
      <trkpt lat="46.73574" lon="8.0281">
        <ele>716.87</ele>
        <time>2026-05-04T04:01:03.3800000+00:00</time>
      </trkpt>
      <trkpt lat="46.73576" lon="8.02827">
        <ele>717.92</ele>
        <time>2026-05-04T04:01:17.0430000+00:00</time>
      </trkpt>
      <trkpt lat="46.73588" lon="8.02869">
        <ele>717.82</ele>
        <time>2026-05-04T04:01:53.0880000+00:00</time>
      </trkpt>
      <trkpt lat="46.73591" lon="8.02883">
        <ele>718.94</ele>
        <time>2026-05-04T04:02:04.7080000+00:00</time>
      </trkpt>
      <trkpt lat="46.73593" lon="8.02895">
        <ele>720.28</ele>
        <time>2026-05-04T04:02:14.4910000+00:00</time>
      </trkpt>
      <trkpt lat="46.73599" lon="8.02909">
        <ele>721.68</ele>
        <time>2026-05-04T04:02:27.5700000+00:00</time>
      </trkpt>
      <trkpt lat="46.73613" lon="8.0295">
        <ele>711.25</ele>
        <time>2026-05-04T04:03:03.8550000+00:00</time>
      </trkpt>
      <trkpt lat="46.73622" lon="8.02971">
        <ele>697.73</ele>
        <time>2026-05-04T04:03:23.4750000+00:00</time>
      </trkpt>
      <trkpt lat="46.73632" lon="8.02987">
        <ele>682.52</ele>
        <time>2026-05-04T04:03:40.6280000+00:00</time>
      </trkpt>
      <trkpt lat="46.73638" lon="8.02998">
        <ele>673.75</ele>
        <time>2026-05-04T04:03:51.7630000+00:00</time>
      </trkpt>
      <trkpt lat="46.73638" lon="8.03008">
        <ele>676.12</ele>
        <time>2026-05-04T04:03:59.6850000+00:00</time>
      </trkpt>
      <trkpt lat="46.73639" lon="8.03023">
        <ele>678.18</ele>
        <time>2026-05-04T04:04:11.6230000+00:00</time>
      </trkpt>
      <trkpt lat="46.73639" lon="8.03034">
        <ele>680.85</ele>
        <time>2026-05-04T04:04:20.3370000+00:00</time>
      </trkpt>
      <trkpt lat="46.73639" lon="8.03034">
        <ele>680.85</ele>
        <time>2026-05-04T04:04:20.3370000+00:00</time>
      </trkpt>
      <trkpt lat="46.73636" lon="8.03046">
        <ele>687.82</ele>
        <time>2026-05-04T04:04:30.4550000+00:00</time>
      </trkpt>
      <trkpt lat="46.73632" lon="8.03063">
        <ele>696.66</ele>
        <time>2026-05-04T04:04:44.6930000+00:00</time>
      </trkpt>
      <trkpt lat="46.73626" lon="8.03074">
        <ele>706.04</ele>
        <time>2026-05-04T04:04:55.8290000+00:00</time>
      </trkpt>
      <trkpt lat="46.73624" lon="8.0308">
        <ele>709.35</ele>
        <time>2026-05-04T04:05:01.1150000+00:00</time>
      </trkpt>
      <trkpt lat="46.73625" lon="8.0309">
        <ele>708.91</ele>
        <time>2026-05-04T04:05:09.1200000+00:00</time>
      </trkpt>
      <trkpt lat="46.73628" lon="8.03101">
        <ele>706.73</ele>
        <time>2026-05-04T04:05:18.4980000+00:00</time>
      </trkpt>
      <trkpt lat="46.73629" lon="8.03112">
        <ele>706.89</ele>
        <time>2026-05-04T04:05:27.2890000+00:00</time>
      </trkpt>
      <trkpt lat="46.7363" lon="8.03125">
        <ele>707.47</ele>
        <time>2026-05-04T04:05:37.6510000+00:00</time>
      </trkpt>
      <trkpt lat="46.73629" lon="8.03141">
        <ele>709.84</ele>
        <time>2026-05-04T04:05:50.3780000+00:00</time>
      </trkpt>
      <trkpt lat="46.73628" lon="8.03151">
        <ele>711.35</ele>
        <time>2026-05-04T04:05:58.3840000+00:00</time>
      </trkpt>
      <trkpt lat="46.73627" lon="8.03154">
        <ele>712.1</ele>
        <time>2026-05-04T04:06:01.0280000+00:00</time>
      </trkpt>
      <trkpt lat="46.73624" lon="8.03156">
        <ele>713.61</ele>
        <time>2026-05-04T04:06:04.8410000+00:00</time>
      </trkpt>
      <trkpt lat="46.73623" lon="8.03173">
        <ele>714.01</ele>
        <time>2026-05-04T04:06:18.3560000+00:00</time>
      </trkpt>
      <trkpt lat="46.73619" lon="8.03203">
        <ele>713.46</ele>
        <time>2026-05-04T04:06:42.5660000+00:00</time>
      </trkpt>
      <trkpt lat="46.73618" lon="8.03219">
        <ele>712.59</ele>
        <time>2026-05-04T04:06:55.2930000+00:00</time>
      </trkpt>
      <trkpt lat="46.73618" lon="8.03229">
        <ele>711.92</ele>
        <time>2026-05-04T04:07:03.2140000+00:00</time>
      </trkpt>
      <trkpt lat="46.73619" lon="8.03239">
        <ele>711.19</ele>
        <time>2026-05-04T04:07:11.2200000+00:00</time>
      </trkpt>
      <trkpt lat="46.7362" lon="8.03244">
        <ele>710.84</ele>
        <time>2026-05-04T04:07:15.3450000+00:00</time>
      </trkpt>
      <trkpt lat="46.73625" lon="8.03277">
        <ele>708.43</ele>
        <time>2026-05-04T04:07:42.1170000+00:00</time>
      </trkpt>
      <trkpt lat="46.73631" lon="8.03309">
        <ele>705.59</ele>
        <time>2026-05-04T04:08:08.3970000+00:00</time>
      </trkpt>
      <trkpt lat="46.73632" lon="8.03319">
        <ele>704.71</ele>
        <time>2026-05-04T04:08:16.4020000+00:00</time>
      </trkpt>
      <trkpt lat="46.73636" lon="8.03331">
        <ele>703.33</ele>
        <time>2026-05-04T04:08:26.9720000+00:00</time>
      </trkpt>
      <trkpt lat="46.7364" lon="8.0334">
        <ele>703.14</ele>
        <time>2026-05-04T04:08:35.4680000+00:00</time>
      </trkpt>
      <trkpt lat="46.73643" lon="8.03343">
        <ele>702.83</ele>
        <time>2026-05-04T04:08:39.6720000+00:00</time>
      </trkpt>
      <trkpt lat="46.73648" lon="8.03347">
        <ele>702.25</ele>
        <time>2026-05-04T04:08:46.2640000+00:00</time>
      </trkpt>
      <trkpt lat="46.73654" lon="8.03349">
        <ele>701.45</ele>
        <time>2026-05-04T04:08:53.3770000+00:00</time>
      </trkpt>
      <trkpt lat="46.73661" lon="8.03349">
        <ele>700.46</ele>
        <time>2026-05-04T04:09:01.4670000+00:00</time>
      </trkpt>
      <trkpt lat="46.73671" lon="8.03346">
        <ele>699.06</ele>
        <time>2026-05-04T04:09:13.2660000+00:00</time>
      </trkpt>
      <trkpt lat="46.73679" lon="8.03344">
        <ele>697.98</ele>
        <time>2026-05-04T04:09:22.6470000+00:00</time>
      </trkpt>
      <trkpt lat="46.73688" lon="8.03343">
        <ele>696.78</ele>
        <time>2026-05-04T04:09:33.0790000+00:00</time>
      </trkpt>
      <trkpt lat="46.73696" lon="8.03345">
        <ele>695.38</ele>
        <time>2026-05-04T04:09:42.4600000+00:00</time>
      </trkpt>
      <trkpt lat="46.73703" lon="8.03349">
        <ele>694.11</ele>
        <time>2026-05-04T04:09:51.1490000+00:00</time>
      </trkpt>
      <trkpt lat="46.73709" lon="8.03353">
        <ele>693.05</ele>
        <time>2026-05-04T04:09:58.7730000+00:00</time>
      </trkpt>
      <trkpt lat="46.73716" lon="8.03362">
        <ele>691.8</ele>
        <time>2026-05-04T04:10:09.5570000+00:00</time>
      </trkpt>
      <trkpt lat="46.73721" lon="8.03371">
        <ele>690.95</ele>
        <time>2026-05-04T04:10:18.7340000+00:00</time>
      </trkpt>
      <trkpt lat="46.73724" lon="8.03379">
        <ele>690.45</ele>
        <time>2026-05-04T04:10:25.9570000+00:00</time>
      </trkpt>
      <trkpt lat="46.73727" lon="8.03386">
        <ele>689.98</ele>
        <time>2026-05-04T04:10:32.4970000+00:00</time>
      </trkpt>
      <trkpt lat="46.7374" lon="8.03431">
        <ele>687.09</ele>
        <time>2026-05-04T04:11:11.1790000+00:00</time>
      </trkpt>
      <trkpt lat="46.73741" lon="8.03437">
        <ele>686.53</ele>
        <time>2026-05-04T04:11:16.0710000+00:00</time>
      </trkpt>
      <trkpt lat="46.73744" lon="8.03442">
        <ele>685.65</ele>
        <time>2026-05-04T04:11:21.3340000+00:00</time>
      </trkpt>
      <trkpt lat="46.73748" lon="8.03446">
        <ele>684.62</ele>
        <time>2026-05-04T04:11:26.9390000+00:00</time>
      </trkpt>
      <trkpt lat="46.73757" lon="8.03451">
        <ele>682.45</ele>
        <time>2026-05-04T04:11:38.0700000+00:00</time>
      </trkpt>
      <trkpt lat="46.73762" lon="8.03453">
        <ele>681.27</ele>
        <time>2026-05-04T04:11:44.0620000+00:00</time>
      </trkpt>
      <trkpt lat="46.73764" lon="8.03454">
        <ele>680.76</ele>
        <time>2026-05-04T04:11:46.5070000+00:00</time>
      </trkpt>
      <trkpt lat="46.73769" lon="8.03459">
        <ele>679.17</ele>
        <time>2026-05-04T04:11:53.5130000+00:00</time>
      </trkpt>
      <trkpt lat="46.73772" lon="8.03464">
        <ele>677.89</ele>
        <time>2026-05-04T04:11:58.7760000+00:00</time>
      </trkpt>
      <trkpt lat="46.73775" lon="8.03477">
        <ele>674.76</ele>
        <time>2026-05-04T04:12:09.6420000+00:00</time>
      </trkpt>
      <trkpt lat="46.73775" lon="8.03486">
        <ele>673.84</ele>
        <time>2026-05-04T04:12:16.7700000+00:00</time>
      </trkpt>
      <trkpt lat="46.73771" lon="8.03501">
        <ele>673.77</ele>
        <time>2026-05-04T04:12:29.5190000+00:00</time>
      </trkpt>
      <trkpt lat="46.73768" lon="8.03516">
        <ele>672.8</ele>
        <time>2026-05-04T04:12:41.8960000+00:00</time>
      </trkpt>
      <trkpt lat="46.73767" lon="8.03524">
        <ele>672.13</ele>
        <time>2026-05-04T04:12:48.3380000+00:00</time>
      </trkpt>
      <trkpt lat="46.73768" lon="8.03548">
        <ele>668.98</ele>
        <time>2026-05-04T04:13:07.3840000+00:00</time>
      </trkpt>
      <trkpt lat="46.73768" lon="8.03559">
        <ele>667.66</ele>
        <time>2026-05-04T04:13:16.0980000+00:00</time>
      </trkpt>
      <trkpt lat="46.73765" lon="8.0358">
        <ele>666.02</ele>
        <time>2026-05-04T04:13:33.0900000+00:00</time>
      </trkpt>
      <trkpt lat="46.73764" lon="8.03594">
        <ele>666.02</ele>
        <time>2026-05-04T04:13:44.2400000+00:00</time>
      </trkpt>
      <trkpt lat="46.73763" lon="8.03602">
        <ele>666.15</ele>
        <time>2026-05-04T04:13:50.6810000+00:00</time>
      </trkpt>
      <trkpt lat="46.73763" lon="8.03611">
        <ele>665.99</ele>
        <time>2026-05-04T04:13:57.8100000+00:00</time>
      </trkpt>
      <trkpt lat="46.73765" lon="8.03624">
        <ele>665.24</ele>
        <time>2026-05-04T04:14:08.3640000+00:00</time>
      </trkpt>
      <trkpt lat="46.73767" lon="8.03637">
        <ele>664.52</ele>
        <time>2026-05-04T04:14:18.9180000+00:00</time>
      </trkpt>
      <trkpt lat="46.73769" lon="8.03649">
        <ele>663.86</ele>
        <time>2026-05-04T04:14:28.7000000+00:00</time>
      </trkpt>
      <trkpt lat="46.7377" lon="8.03664">
        <ele>663.4</ele>
        <time>2026-05-04T04:14:40.6370000+00:00</time>
      </trkpt>
      <trkpt lat="46.7377" lon="8.03682">
        <ele>662.11</ele>
        <time>2026-05-04T04:14:54.8950000+00:00</time>
      </trkpt>
      <trkpt lat="46.73768" lon="8.03695">
        <ele>661.67</ele>
        <time>2026-05-04T04:15:05.4480000+00:00</time>
      </trkpt>
      <trkpt lat="46.73766" lon="8.03709">
        <ele>661.18</ele>
        <time>2026-05-04T04:15:16.7760000+00:00</time>
      </trkpt>
      <trkpt lat="46.73765" lon="8.03724">
        <ele>660.39</ele>
        <time>2026-05-04T04:15:28.7140000+00:00</time>
      </trkpt>
      <trkpt lat="46.73765" lon="8.03739">
        <ele>659.36</ele>
        <time>2026-05-04T04:15:40.5960000+00:00</time>
      </trkpt>
      <trkpt lat="46.73767" lon="8.03751">
        <ele>658.15</ele>
        <time>2026-05-04T04:15:50.3780000+00:00</time>
      </trkpt>
      <trkpt lat="46.73769" lon="8.03762">
        <ele>657.23</ele>
        <time>2026-05-04T04:15:59.3920000+00:00</time>
      </trkpt>
      <trkpt lat="46.73773" lon="8.03768">
        <ele>655.88</ele>
        <time>2026-05-04T04:16:06.0230000+00:00</time>
      </trkpt>
      <trkpt lat="46.73778" lon="8.03779">
        <ele>653.82</ele>
        <time>2026-05-04T04:16:16.4780000+00:00</time>
      </trkpt>
      <trkpt lat="46.73797" lon="8.03801">
        <ele>646.04</ele>
        <time>2026-05-04T04:16:44.5120000+00:00</time>
      </trkpt>
      <trkpt lat="46.73803" lon="8.03809">
        <ele>643.27</ele>
        <time>2026-05-04T04:16:53.9060000+00:00</time>
      </trkpt>
      <trkpt lat="46.73806" lon="8.03814">
        <ele>641.77</ele>
        <time>2026-05-04T04:16:59.1680000+00:00</time>
      </trkpt>
      <trkpt lat="46.73808" lon="8.0382">
        <ele>640.52</ele>
        <time>2026-05-04T04:17:04.4530000+00:00</time>
      </trkpt>
      <trkpt lat="46.7381" lon="8.03826">
        <ele>639.24</ele>
        <time>2026-05-04T04:17:09.7380000+00:00</time>
      </trkpt>
      <trkpt lat="46.73813" lon="8.03839">
        <ele>638.08</ele>
        <time>2026-05-04T04:17:20.6040000+00:00</time>
      </trkpt>
      <trkpt lat="46.73816" lon="8.03849">
        <ele>637.19</ele>
        <time>2026-05-04T04:17:29.2500000+00:00</time>
      </trkpt>
      <trkpt lat="46.73818" lon="8.03852">
        <ele>636.42</ele>
        <time>2026-05-04T04:17:32.5640000+00:00</time>
      </trkpt>
      <trkpt lat="46.73821" lon="8.03857">
        <ele>635.22</ele>
        <time>2026-05-04T04:17:37.8290000+00:00</time>
      </trkpt>
      <trkpt lat="46.73826" lon="8.03863">
        <ele>633.03</ele>
        <time>2026-05-04T04:17:45.3110000+00:00</time>
      </trkpt>
      <trkpt lat="46.73836" lon="8.03875">
        <ele>628.28</ele>
        <time>2026-05-04T04:18:00.2760000+00:00</time>
      </trkpt>
      <trkpt lat="46.73841" lon="8.03884">
        <ele>625.65</ele>
        <time>2026-05-04T04:18:09.4520000+00:00</time>
      </trkpt>
      <trkpt lat="46.73845" lon="8.03893">
        <ele>623.37</ele>
        <time>2026-05-04T04:18:17.9490000+00:00</time>
      </trkpt>
      <trkpt lat="46.73847" lon="8.03901">
        <ele>622.06</ele>
        <time>2026-05-04T04:18:24.6950000+00:00</time>
      </trkpt>
      <trkpt lat="46.73851" lon="8.03917">
        <ele>619.19</ele>
        <time>2026-05-04T04:18:38.1860000+00:00</time>
      </trkpt>
      <trkpt lat="46.73855" lon="8.03946">
        <ele>615.5</ele>
        <time>2026-05-04T04:19:01.6170000+00:00</time>
      </trkpt>
      <trkpt lat="46.73856" lon="8.03963">
        <ele>614.1</ele>
        <time>2026-05-04T04:19:15.1320000+00:00</time>
      </trkpt>
      <trkpt lat="46.73856" lon="8.03974">
        <ele>613.57</ele>
        <time>2026-05-04T04:19:23.8450000+00:00</time>
      </trkpt>
      <trkpt lat="46.73853" lon="8.0399">
        <ele>614.43</ele>
        <time>2026-05-04T04:19:36.9850000+00:00</time>
      </trkpt>
      <trkpt lat="46.7385" lon="8.04004">
        <ele>614.62</ele>
        <time>2026-05-04T04:19:48.6030000+00:00</time>
      </trkpt>
      <trkpt lat="46.73843" lon="8.04019">
        <ele>616.24</ele>
        <time>2026-05-04T04:20:02.9780000+00:00</time>
      </trkpt>
      <trkpt lat="46.73842" lon="8.04023">
        <ele>616.23</ele>
        <time>2026-05-04T04:20:06.3520000+00:00</time>
      </trkpt>
      <trkpt lat="46.73839" lon="8.04031">
        <ele>616.78</ele>
        <time>2026-05-04T04:20:13.5750000+00:00</time>
      </trkpt>
      <trkpt lat="46.73837" lon="8.04038">
        <ele>616.94</ele>
        <time>2026-05-04T04:20:19.5820000+00:00</time>
      </trkpt>
      <trkpt lat="46.73836" lon="8.04047">
        <ele>616.31</ele>
        <time>2026-05-04T04:20:26.8050000+00:00</time>
      </trkpt>
      <trkpt lat="46.73837" lon="8.04054">
        <ele>614.84</ele>
        <time>2026-05-04T04:20:32.4690000+00:00</time>
      </trkpt>
      <trkpt lat="46.73842" lon="8.04098">
        <ele>606.69</ele>
        <time>2026-05-04T04:21:07.7970000+00:00</time>
      </trkpt>
      <trkpt lat="46.73843" lon="8.04104">
        <ele>605.51</ele>
        <time>2026-05-04T04:21:12.6890000+00:00</time>
      </trkpt>
      <trkpt lat="46.73842" lon="8.04113">
        <ele>605.14</ele>
        <time>2026-05-04T04:21:19.9120000+00:00</time>
      </trkpt>
      <trkpt lat="46.73838" lon="8.04137">
        <ele>604.82</ele>
        <time>2026-05-04T04:21:39.4760000+00:00</time>
      </trkpt>
      <trkpt lat="46.73837" lon="8.04143">
        <ele>604.73</ele>
        <time>2026-05-04T04:21:44.3670000+00:00</time>
      </trkpt>
      <trkpt lat="46.73835" lon="8.04155">
        <ele>604.52</ele>
        <time>2026-05-04T04:21:54.1490000+00:00</time>
      </trkpt>
      <trkpt lat="46.73831" lon="8.04185">
        <ele>602.24</ele>
        <time>2026-05-04T04:22:18.3580000+00:00</time>
      </trkpt>
      <trkpt lat="46.73831" lon="8.04191">
        <ele>601.27</ele>
        <time>2026-05-04T04:22:23.1090000+00:00</time>
      </trkpt>
      <trkpt lat="46.73831" lon="8.04203">
        <ele>599.34</ele>
        <time>2026-05-04T04:22:32.6130000+00:00</time>
      </trkpt>
      <trkpt lat="46.73831" lon="8.04215">
        <ele>597.41</ele>
        <time>2026-05-04T04:22:42.1170000+00:00</time>
      </trkpt>
      <trkpt lat="46.73832" lon="8.04234">
        <ele>593.74</ele>
        <time>2026-05-04T04:22:57.2120000+00:00</time>
      </trkpt>
      <trkpt lat="46.73834" lon="8.04278">
        <ele>586.85</ele>
        <time>2026-05-04T04:23:32.1400000+00:00</time>
      </trkpt>
      <trkpt lat="46.73834" lon="8.04317">
        <ele>582.4</ele>
        <time>2026-05-04T04:24:03.0320000+00:00</time>
      </trkpt>
      <trkpt lat="46.73837" lon="8.0433">
        <ele>578.96</ele>
        <time>2026-05-04T04:24:13.8980000+00:00</time>
      </trkpt>
      <trkpt lat="46.73839" lon="8.04345">
        <ele>577.15</ele>
        <time>2026-05-04T04:24:26.0020000+00:00</time>
      </trkpt>
      <trkpt lat="46.7384" lon="8.04354">
        <ele>576.22</ele>
        <time>2026-05-04T04:24:33.2230000+00:00</time>
      </trkpt>
      <trkpt lat="46.73838" lon="8.04362">
        <ele>577.2</ele>
        <time>2026-05-04T04:24:39.9690000+00:00</time>
      </trkpt>
      <trkpt lat="46.73832" lon="8.04374">
        <ele>580.41</ele>
        <time>2026-05-04T04:24:51.7350000+00:00</time>
      </trkpt>
      <trkpt lat="46.73827" lon="8.04387">
        <ele>582.8</ele>
        <time>2026-05-04T04:25:03.5430000+00:00</time>
      </trkpt>
      <trkpt lat="46.73826" lon="8.04396">
        <ele>582.93</ele>
        <time>2026-05-04T04:25:10.7640000+00:00</time>
      </trkpt>
      <trkpt lat="46.73826" lon="8.04406">
        <ele>582.44</ele>
        <time>2026-05-04T04:25:18.6840000+00:00</time>
      </trkpt>
      <trkpt lat="46.73829" lon="8.0442">
        <ele>580.4</ele>
        <time>2026-05-04T04:25:30.3030000+00:00</time>
      </trkpt>
      <trkpt lat="46.73833" lon="8.04435">
        <ele>578.15</ele>
        <time>2026-05-04T04:25:43.0530000+00:00</time>
      </trkpt>
      <trkpt lat="46.73833" lon="8.04439">
        <ele>578.14</ele>
        <time>2026-05-04T04:25:46.2200000+00:00</time>
      </trkpt>
      <trkpt lat="46.73833" lon="8.04446">
        <ele>578.12</ele>
        <time>2026-05-04T04:25:51.7630000+00:00</time>
      </trkpt>
      <trkpt lat="46.73833" lon="8.04459">
        <ele>578.07</ele>
        <time>2026-05-04T04:26:02.0600000+00:00</time>
      </trkpt>
      <trkpt lat="46.73831" lon="8.0447">
        <ele>579.13</ele>
        <time>2026-05-04T04:26:11.0740000+00:00</time>
      </trkpt>
      <trkpt lat="46.73831" lon="8.04478">
        <ele>579.1</ele>
        <time>2026-05-04T04:26:17.4090000+00:00</time>
      </trkpt>
      <trkpt lat="46.73832" lon="8.045">
        <ele>578.35</ele>
        <time>2026-05-04T04:26:34.8740000+00:00</time>
      </trkpt>
      <trkpt lat="46.73834" lon="8.04538">
        <ele>575.9</ele>
        <time>2026-05-04T04:27:05.0620000+00:00</time>
      </trkpt>
      <trkpt lat="46.73835" lon="8.04547">
        <ele>575.09</ele>
        <time>2026-05-04T04:27:12.2830000+00:00</time>
      </trkpt>
      <trkpt lat="46.73837" lon="8.0456">
        <ele>573.69</ele>
        <time>2026-05-04T04:27:22.8370000+00:00</time>
      </trkpt>
      <trkpt lat="46.7384" lon="8.04588">
        <ele>571.61</ele>
        <time>2026-05-04T04:27:45.2860000+00:00</time>
      </trkpt>
      <trkpt lat="46.73842" lon="8.04616">
        <ele>570.42</ele>
        <time>2026-05-04T04:28:07.5840000+00:00</time>
      </trkpt>
      <trkpt lat="46.73843" lon="8.04637">
        <ele>569.78</ele>
        <time>2026-05-04T04:28:24.2590000+00:00</time>
      </trkpt>
      <trkpt lat="46.73842" lon="8.0468">
        <ele>569.62</ele>
        <time>2026-05-04T04:28:58.3390000+00:00</time>
      </trkpt>
      <trkpt lat="46.73842" lon="8.04737">
        <ele>568.76</ele>
        <time>2026-05-04T04:29:43.4880000+00:00</time>
      </trkpt>
      <trkpt lat="46.73841" lon="8.04769">
        <ele>568.39</ele>
        <time>2026-05-04T04:30:08.8610000+00:00</time>
      </trkpt>
      <trkpt lat="46.73838" lon="8.04804">
        <ele>568.32</ele>
        <time>2026-05-04T04:30:36.8010000+00:00</time>
      </trkpt>
      <trkpt lat="46.73838" lon="8.04838">
        <ele>567.68</ele>
        <time>2026-05-04T04:31:03.7320000+00:00</time>
      </trkpt>
      <trkpt lat="46.73838" lon="8.04873">
        <ele>567.58</ele>
        <time>2026-05-04T04:31:31.4550000+00:00</time>
      </trkpt>
      <trkpt lat="46.73838" lon="8.04888">
        <ele>567.54</ele>
        <time>2026-05-04T04:31:43.3360000+00:00</time>
      </trkpt>
      <trkpt lat="46.73839" lon="8.049">
        <ele>567.35</ele>
        <time>2026-05-04T04:31:52.9110000+00:00</time>
      </trkpt>
      <trkpt lat="46.73842" lon="8.04916">
        <ele>566.87</ele>
        <time>2026-05-04T04:32:06.0500000+00:00</time>
      </trkpt>
      <trkpt lat="46.73843" lon="8.04924">
        <ele>566.67</ele>
        <time>2026-05-04T04:32:12.4920000+00:00</time>
      </trkpt>
      <trkpt lat="46.73851" lon="8.04953">
        <ele>565.5</ele>
        <time>2026-05-04T04:32:37.2540000+00:00</time>
      </trkpt>
      <trkpt lat="46.73855" lon="8.04952">
        <ele>565.01</ele>
        <time>2026-05-04T04:32:41.9450000+00:00</time>
      </trkpt>
      <trkpt lat="46.73866" lon="8.04947">
        <ele>564.87</ele>
        <time>2026-05-04T04:32:55.2610000+00:00</time>
      </trkpt>
      <trkpt lat="46.73874" lon="8.04945">
        <ele>564.77</ele>
        <time>2026-05-04T04:33:04.6420000+00:00</time>
      </trkpt>
      <trkpt lat="46.73882" lon="8.04943">
        <ele>564.68</ele>
        <time>2026-05-04T04:33:14.0240000+00:00</time>
      </trkpt>
      <trkpt lat="46.73892" lon="8.0494">
        <ele>564.56</ele>
        <time>2026-05-04T04:33:25.8230000+00:00</time>
      </trkpt>
      <trkpt lat="46.73909" lon="8.04936">
        <ele>564.35</ele>
        <time>2026-05-04T04:33:45.7260000+00:00</time>
      </trkpt>
      <trkpt lat="46.73942" lon="8.04928">
        <ele>564</ele>
        <time>2026-05-04T04:34:24.3890000+00:00</time>
      </trkpt>
      <trkpt lat="46.73947" lon="8.04928">
        <ele>564</ele>
        <time>2026-05-04T04:34:30.1690000+00:00</time>
      </trkpt>
      <trkpt lat="46.73952" lon="8.04929">
        <ele>564</ele>
        <time>2026-05-04T04:34:36.0010000+00:00</time>
      </trkpt>
      <trkpt lat="46.73956" lon="8.0493">
        <ele>564</ele>
        <time>2026-05-04T04:34:40.6920000+00:00</time>
      </trkpt>
      <trkpt lat="46.73958" lon="8.04931">
        <ele>564</ele>
        <time>2026-05-04T04:34:43.1380000+00:00</time>
      </trkpt>
      <trkpt lat="46.73972" lon="8.04937">
        <ele>564</ele>
        <time>2026-05-04T04:35:00.0020000+00:00</time>
      </trkpt>
      <trkpt lat="46.73976" lon="8.04938">
        <ele>564</ele>
        <time>2026-05-04T04:35:04.6930000+00:00</time>
      </trkpt>
      <trkpt lat="46.73985" lon="8.04942">
        <ele>564</ele>
        <time>2026-05-04T04:35:15.5680000+00:00</time>
      </trkpt>
      <trkpt lat="46.73993" lon="8.04945">
        <ele>564</ele>
        <time>2026-05-04T04:35:25.1140000+00:00</time>
      </trkpt>
      <trkpt lat="46.74008" lon="8.04948">
        <ele>564</ele>
        <time>2026-05-04T04:35:42.6130000+00:00</time>
      </trkpt>
      <trkpt lat="46.74027" lon="8.0495">
        <ele>564</ele>
        <time>2026-05-04T04:36:04.6300000+00:00</time>
      </trkpt>
      <trkpt lat="46.74049" lon="8.04951">
        <ele>564</ele>
        <time>2026-05-04T04:36:30.0700000+00:00</time>
      </trkpt>
      <trkpt lat="46.74073" lon="8.04952">
        <ele>564</ele>
        <time>2026-05-04T04:36:57.8200000+00:00</time>
      </trkpt>
      <trkpt lat="46.74115" lon="8.04956">
        <ele>564.06</ele>
        <time>2026-05-04T04:37:46.4670000+00:00</time>
      </trkpt>
      <trkpt lat="46.7414" lon="8.04959">
        <ele>564.23</ele>
        <time>2026-05-04T04:38:15.4590000+00:00</time>
      </trkpt>
      <trkpt lat="46.7417" lon="8.04964">
        <ele>564.48</ele>
        <time>2026-05-04T04:38:50.3580000+00:00</time>
      </trkpt>
      <trkpt lat="46.74199" lon="8.04969">
        <ele>564.59</ele>
        <time>2026-05-04T04:39:24.1090000+00:00</time>
      </trkpt>
      <trkpt lat="46.74214" lon="8.04971">
        <ele>564.48</ele>
        <time>2026-05-04T04:39:41.5190000+00:00</time>
      </trkpt>
      <trkpt lat="46.74228" lon="8.04973">
        <ele>564.38</ele>
        <time>2026-05-04T04:39:57.7770000+00:00</time>
      </trkpt>
      <trkpt lat="46.74244" lon="8.04973">
        <ele>564.24</ele>
        <time>2026-05-04T04:40:16.2700000+00:00</time>
      </trkpt>
      <trkpt lat="46.7427" lon="8.04972">
        <ele>564.01</ele>
        <time>2026-05-04T04:40:46.3310000+00:00</time>
      </trkpt>
      <trkpt lat="46.74277" lon="8.04973">
        <ele>564</ele>
        <time>2026-05-04T04:40:54.4600000+00:00</time>
      </trkpt>
      <trkpt lat="46.74284" lon="8.04973">
        <ele>564</ele>
        <time>2026-05-04T04:41:02.5500000+00:00</time>
      </trkpt>
      <trkpt lat="46.74292" lon="8.04976">
        <ele>564</ele>
        <time>2026-05-04T04:41:12.0970000+00:00</time>
      </trkpt>
      <trkpt lat="46.7432" lon="8.04983">
        <ele>564</ele>
        <time>2026-05-04T04:41:44.9300000+00:00</time>
      </trkpt>
      <trkpt lat="46.7435" lon="8.04991">
        <ele>564</ele>
        <time>2026-05-04T04:42:20.1780000+00:00</time>
      </trkpt>
      <trkpt lat="46.74376" lon="8.04997">
        <ele>564</ele>
        <time>2026-05-04T04:42:50.6020000+00:00</time>
      </trkpt>
      <trkpt lat="46.74391" lon="8.05">
        <ele>564</ele>
        <time>2026-05-04T04:43:08.1010000+00:00</time>
      </trkpt>
      <trkpt lat="46.74392" lon="8.04992">
        <ele>564</ele>
        <time>2026-05-04T04:43:14.5410000+00:00</time>
      </trkpt>
      <trkpt lat="46.74413" lon="8.04994">
        <ele>564</ele>
        <time>2026-05-04T04:43:38.8640000+00:00</time>
      </trkpt>
      <trkpt lat="46.74429" lon="8.04995">
        <ele>564</ele>
        <time>2026-05-04T04:43:57.3740000+00:00</time>
      </trkpt>
      <trkpt lat="46.74441" lon="8.04996">
        <ele>564</ele>
        <time>2026-05-04T04:44:11.2660000+00:00</time>
      </trkpt>
      <trkpt lat="46.74453" lon="8.04995">
        <ele>564</ele>
        <time>2026-05-04T04:44:25.1580000+00:00</time>
      </trkpt>
      <trkpt lat="46.74468" lon="8.04994">
        <ele>564</ele>
        <time>2026-05-04T04:44:42.5130000+00:00</time>
      </trkpt>
      <trkpt lat="46.74479" lon="8.04991">
        <ele>564</ele>
        <time>2026-05-04T04:44:55.4470000+00:00</time>
      </trkpt>
      <trkpt lat="46.7449" lon="8.04989">
        <ele>564</ele>
        <time>2026-05-04T04:45:08.2600000+00:00</time>
      </trkpt>
      <trkpt lat="46.74504" lon="8.04982">
        <ele>564</ele>
        <time>2026-05-04T04:45:25.3640000+00:00</time>
      </trkpt>
      <trkpt lat="46.7454" lon="8.04965">
        <ele>564.37</ele>
        <time>2026-05-04T04:46:09.0970000+00:00</time>
      </trkpt>
      <trkpt lat="46.7456" lon="8.04955">
        <ele>564.7</ele>
        <time>2026-05-04T04:46:33.5320000+00:00</time>
      </trkpt>
      <trkpt lat="46.7458" lon="8.04943">
        <ele>564.96</ele>
        <time>2026-05-04T04:46:58.5250000+00:00</time>
      </trkpt>
      <trkpt lat="46.74586" lon="8.04942">
        <ele>565.05</ele>
        <time>2026-05-04T04:47:05.5050000+00:00</time>
      </trkpt>
      <trkpt lat="46.7459" lon="8.04948">
        <ele>565.18</ele>
        <time>2026-05-04T04:47:12.1340000+00:00</time>
      </trkpt>
      <trkpt lat="46.74607" lon="8.04932">
        <ele>565.26</ele>
        <time>2026-05-04T04:47:35.5150000+00:00</time>
      </trkpt>
      <trkpt lat="46.74621" lon="8.04916">
        <ele>565.24</ele>
        <time>2026-05-04T04:47:56.0670000+00:00</time>
      </trkpt>
      <trkpt lat="46.74626" lon="8.04913">
        <ele>565.26</ele>
        <time>2026-05-04T04:48:02.3160000+00:00</time>
      </trkpt>
      <trkpt lat="46.74631" lon="8.04911">
        <ele>565.3</ele>
        <time>2026-05-04T04:48:08.3080000+00:00</time>
      </trkpt>
      <trkpt lat="46.74636" lon="8.04909">
        <ele>565.34</ele>
        <time>2026-05-04T04:48:14.2990000+00:00</time>
      </trkpt>
      <trkpt lat="46.74642" lon="8.04909">
        <ele>565.41</ele>
        <time>2026-05-04T04:48:21.2330000+00:00</time>
      </trkpt>
      <trkpt lat="46.74647" lon="8.0491">
        <ele>565.48</ele>
        <time>2026-05-04T04:48:27.0660000+00:00</time>
      </trkpt>
      <trkpt lat="46.74655" lon="8.04914">
        <ele>565.62</ele>
        <time>2026-05-04T04:48:36.8400000+00:00</time>
      </trkpt>
      <trkpt lat="46.74662" lon="8.04917">
        <ele>565.74</ele>
        <time>2026-05-04T04:48:45.2720000+00:00</time>
      </trkpt>
      <trkpt lat="46.74695" lon="8.04929">
        <ele>566.2</ele>
        <time>2026-05-04T04:49:24.5790000+00:00</time>
      </trkpt>
      <trkpt lat="46.74714" lon="8.04936">
        <ele>566.28</ele>
        <time>2026-05-04T04:49:47.2280000+00:00</time>
      </trkpt>
      <trkpt lat="46.74726" lon="8.0494">
        <ele>566.33</ele>
        <time>2026-05-04T04:50:01.4550000+00:00</time>
      </trkpt>
      <trkpt lat="46.74756" lon="8.04947">
        <ele>566.41</ele>
        <time>2026-05-04T04:50:36.5690000+00:00</time>
      </trkpt>
      <trkpt lat="46.7477" lon="8.04951">
        <ele>566.46</ele>
        <time>2026-05-04T04:50:53.0570000+00:00</time>
      </trkpt>
      <trkpt lat="46.74793" lon="8.04956">
        <ele>565.99</ele>
        <time>2026-05-04T04:51:19.9340000+00:00</time>
      </trkpt>
      <trkpt lat="46.74815" lon="8.04962">
        <ele>565.54</ele>
        <time>2026-05-04T04:51:45.8020000+00:00</time>
      </trkpt>
      <trkpt lat="46.74838" lon="8.04968">
        <ele>565.06</ele>
        <time>2026-05-04T04:52:12.8070000+00:00</time>
      </trkpt>
      <trkpt lat="46.74862" lon="8.04974">
        <ele>564.94</ele>
        <time>2026-05-04T04:52:40.9490000+00:00</time>
      </trkpt>
      <trkpt lat="46.74882" lon="8.0498">
        <ele>565.62</ele>
        <time>2026-05-04T04:53:04.5490000+00:00</time>
      </trkpt>
      <trkpt lat="46.74891" lon="8.0498">
        <ele>565.88</ele>
        <time>2026-05-04T04:53:14.9510000+00:00</time>
      </trkpt>
      <trkpt lat="46.74898" lon="8.0498">
        <ele>566.09</ele>
        <time>2026-05-04T04:53:23.0410000+00:00</time>
      </trkpt>
      <trkpt lat="46.74902" lon="8.0498">
        <ele>566.2</ele>
        <time>2026-05-04T04:53:27.6650000+00:00</time>
      </trkpt>
      <trkpt lat="46.74909" lon="8.0498">
        <ele>566.41</ele>
        <time>2026-05-04T04:53:35.7550000+00:00</time>
      </trkpt>
      <trkpt lat="46.74932" lon="8.04971">
        <ele>566.67</ele>
        <time>2026-05-04T04:54:03.2770000+00:00</time>
      </trkpt>
      <trkpt lat="46.74961" lon="8.04959">
        <ele>567.76</ele>
        <time>2026-05-04T04:54:38.1160000+00:00</time>
      </trkpt>
      <trkpt lat="46.74996" lon="8.04946">
        <ele>569.54</ele>
        <time>2026-05-04T04:55:19.8580000+00:00</time>
      </trkpt>
      <trkpt lat="46.75025" lon="8.04935">
        <ele>571.12</ele>
        <time>2026-05-04T04:55:54.4900000+00:00</time>
      </trkpt>
      <trkpt lat="46.75045" lon="8.04928">
        <ele>572.35</ele>
        <time>2026-05-04T04:56:18.2610000+00:00</time>
      </trkpt>
      <trkpt lat="46.75057" lon="8.04925">
        <ele>573.12</ele>
        <time>2026-05-04T04:56:32.3320000+00:00</time>
      </trkpt>
      <trkpt lat="46.75063" lon="8.04924">
        <ele>573.52</ele>
        <time>2026-05-04T04:56:39.3120000+00:00</time>
      </trkpt>
      <trkpt lat="46.75064" lon="8.04917">
        <ele>573.3</ele>
        <time>2026-05-04T04:56:44.9760000+00:00</time>
      </trkpt>
      <trkpt lat="46.75066" lon="8.04912">
        <ele>573.24</ele>
        <time>2026-05-04T04:56:49.5620000+00:00</time>
      </trkpt>
      <trkpt lat="46.75086" lon="8.04877">
        <ele>573.42</ele>
        <time>2026-05-04T04:57:25.6530000+00:00</time>
      </trkpt>
      <trkpt lat="46.75107" lon="8.04843">
        <ele>573.61</ele>
        <time>2026-05-04T04:58:01.9030000+00:00</time>
      </trkpt>
      <trkpt lat="46.75118" lon="8.04824">
        <ele>573.25</ele>
        <time>2026-05-04T04:58:21.6020000+00:00</time>
      </trkpt>
      <trkpt lat="46.75124" lon="8.04816">
        <ele>573.08</ele>
        <time>2026-05-04T04:58:30.9960000+00:00</time>
      </trkpt>
      <trkpt lat="46.75134" lon="8.04802">
        <ele>572.77</ele>
        <time>2026-05-04T04:58:47.0110000+00:00</time>
      </trkpt>
      <trkpt lat="46.75139" lon="8.04795">
        <ele>572.61</ele>
        <time>2026-05-04T04:58:55.0190000+00:00</time>
      </trkpt>
      <trkpt lat="46.75147" lon="8.04777">
        <ele>572.03</ele>
        <time>2026-05-04T04:59:12.0100000+00:00</time>
      </trkpt>
      <trkpt lat="46.75162" lon="8.04746">
        <ele>571.08</ele>
        <time>2026-05-04T04:59:42.0630000+00:00</time>
      </trkpt>
      <trkpt lat="46.75178" lon="8.04713">
        <ele>570.38</ele>
        <time>2026-05-04T05:00:14.0780000+00:00</time>
      </trkpt>
      <trkpt lat="46.75179" lon="8.0471">
        <ele>570.31</ele>
        <time>2026-05-04T05:00:16.7220000+00:00</time>
      </trkpt>
      <trkpt lat="46.75186" lon="8.04699">
        <ele>570.24</ele>
        <time>2026-05-04T05:00:28.6110000+00:00</time>
      </trkpt>
      <trkpt lat="46.75188" lon="8.04696">
        <ele>570.26</ele>
        <time>2026-05-04T05:00:31.9250000+00:00</time>
      </trkpt>
      <trkpt lat="46.75191" lon="8.04692">
        <ele>570.4</ele>
        <time>2026-05-04T05:00:36.6200000+00:00</time>
      </trkpt>
      <trkpt lat="46.75194" lon="8.04689">
        <ele>570.58</ele>
        <time>2026-05-04T05:00:40.8230000+00:00</time>
      </trkpt>
      <trkpt lat="46.75196" lon="8.04685">
        <ele>570.63</ele>
        <time>2026-05-04T05:00:44.7440000+00:00</time>
      </trkpt>
      <trkpt lat="46.75197" lon="8.04681">
        <ele>570.58</ele>
        <time>2026-05-04T05:00:48.1170000+00:00</time>
      </trkpt>
      <trkpt lat="46.75199" lon="8.04677">
        <ele>570.63</ele>
        <time>2026-05-04T05:00:52.0390000+00:00</time>
      </trkpt>
      <trkpt lat="46.752" lon="8.04671">
        <ele>570.51</ele>
        <time>2026-05-04T05:00:56.9300000+00:00</time>
      </trkpt>
      <trkpt lat="46.75202" lon="8.04666">
        <ele>570.52</ele>
        <time>2026-05-04T05:01:01.5150000+00:00</time>
      </trkpt>
      <trkpt lat="46.75212" lon="8.04647">
        <ele>570.93</ele>
        <time>2026-05-04T05:01:20.4880000+00:00</time>
      </trkpt>
      <trkpt lat="46.75223" lon="8.04628">
        <ele>571.41</ele>
        <time>2026-05-04T05:01:40.1870000+00:00</time>
      </trkpt>
      <trkpt lat="46.75225" lon="8.04623">
        <ele>571.45</ele>
        <time>2026-05-04T05:01:44.7720000+00:00</time>
      </trkpt>
      <trkpt lat="46.75226" lon="8.04618">
        <ele>571.39</ele>
        <time>2026-05-04T05:01:48.8950000+00:00</time>
      </trkpt>
      <trkpt lat="46.75227" lon="8.04614">
        <ele>571.36</ele>
        <time>2026-05-04T05:01:52.2670000+00:00</time>
      </trkpt>
      <trkpt lat="46.75233" lon="8.04594">
        <ele>571.28</ele>
        <time>2026-05-04T05:02:09.5570000+00:00</time>
      </trkpt>
      <trkpt lat="46.75239" lon="8.04575">
        <ele>571.19</ele>
        <time>2026-05-04T05:02:26.1240000+00:00</time>
      </trkpt>
      <trkpt lat="46.75249" lon="8.0454">
        <ele>570.65</ele>
        <time>2026-05-04T05:02:56.1540000+00:00</time>
      </trkpt>
      <trkpt lat="46.75257" lon="8.04518">
        <ele>570.26</ele>
        <time>2026-05-04T05:03:15.8770000+00:00</time>
      </trkpt>
      <trkpt lat="46.75262" lon="8.04505">
        <ele>569.97</ele>
        <time>2026-05-04T05:03:27.6830000+00:00</time>
      </trkpt>
      <trkpt lat="46.75266" lon="8.04498">
        <ele>569.86</ele>
        <time>2026-05-04T05:03:34.9000000+00:00</time>
      </trkpt>
      <trkpt lat="46.75277" lon="8.04477">
        <ele>569.23</ele>
        <time>2026-05-04T05:03:55.8330000+00:00</time>
      </trkpt>
      <trkpt lat="46.75282" lon="8.04465">
        <ele>568.81</ele>
        <time>2026-05-04T05:04:06.9550000+00:00</time>
      </trkpt>
      <trkpt lat="46.75291" lon="8.04451">
        <ele>568.51</ele>
        <time>2026-05-04T05:04:22.1570000+00:00</time>
      </trkpt>
      <trkpt lat="46.75299" lon="8.04441">
        <ele>568.39</ele>
        <time>2026-05-04T05:04:34.3310000+00:00</time>
      </trkpt>
      <trkpt lat="46.75302" lon="8.04439">
        <ele>568.45</ele>
        <time>2026-05-04T05:04:38.1430000+00:00</time>
      </trkpt>
      <trkpt lat="46.75305" lon="8.04437">
        <ele>568.51</ele>
        <time>2026-05-04T05:04:41.9540000+00:00</time>
      </trkpt>
      <trkpt lat="46.75312" lon="8.04434">
        <ele>568.75</ele>
        <time>2026-05-04T05:04:50.3860000+00:00</time>
      </trkpt>
      <trkpt lat="46.75314" lon="8.04433">
        <ele>568.81</ele>
        <time>2026-05-04T05:04:52.8310000+00:00</time>
      </trkpt>
      <trkpt lat="46.7532" lon="8.04426">
        <ele>568.75</ele>
        <time>2026-05-04T05:05:01.7090000+00:00</time>
      </trkpt>
      <trkpt lat="46.75327" lon="8.04416">
        <ele>568.57</ele>
        <time>2026-05-04T05:05:13.0300000+00:00</time>
      </trkpt>
      <trkpt lat="46.75331" lon="8.04413">
        <ele>568.63</ele>
        <time>2026-05-04T05:05:18.2270000+00:00</time>
      </trkpt>
      <trkpt lat="46.75335" lon="8.0441">
        <ele>568.72</ele>
        <time>2026-05-04T05:05:23.4240000+00:00</time>
      </trkpt>
      <trkpt lat="46.7534" lon="8.0441">
        <ele>569.01</ele>
        <time>2026-05-04T05:05:29.2030000+00:00</time>
      </trkpt>
      <trkpt lat="46.75348" lon="8.04408">
        <ele>569.36</ele>
        <time>2026-05-04T05:05:38.5850000+00:00</time>
      </trkpt>
      <trkpt lat="46.75354" lon="8.04405">
        <ele>569.55</ele>
        <time>2026-05-04T05:05:45.9150000+00:00</time>
      </trkpt>
      <trkpt lat="46.75363" lon="8.04398">
        <ele>571.46</ele>
        <time>2026-05-04T05:05:57.7020000+00:00</time>
      </trkpt>
      <trkpt lat="46.75372" lon="8.0439">
        <ele>573.37</ele>
        <time>2026-05-04T05:06:09.8810000+00:00</time>
      </trkpt>
      <trkpt lat="46.75383" lon="8.04379">
        <ele>575.73</ele>
        <time>2026-05-04T05:06:25.2930000+00:00</time>
      </trkpt>
      <trkpt lat="46.75389" lon="8.04372">
        <ele>577.02</ele>
        <time>2026-05-04T05:06:34.1700000+00:00</time>
      </trkpt>
      <trkpt lat="46.75398" lon="8.04356">
        <ele>578.8</ele>
        <time>2026-05-04T05:06:50.5630000+00:00</time>
      </trkpt>
      <trkpt lat="46.75412" lon="8.04334">
        <ele>581.9</ele>
        <time>2026-05-04T05:07:14.3390000+00:00</time>
      </trkpt>
      <trkpt lat="46.75421" lon="8.04317">
        <ele>583.33</ele>
        <time>2026-05-04T05:07:31.3520000+00:00</time>
      </trkpt>
      <trkpt lat="46.75432" lon="8.04298">
        <ele>584.64</ele>
        <time>2026-05-04T05:07:51.0500000+00:00</time>
      </trkpt>
      <trkpt lat="46.75443" lon="8.04273">
        <ele>587.26</ele>
        <time>2026-05-04T05:08:14.5770000+00:00</time>
      </trkpt>
      <trkpt lat="46.7545" lon="8.04257">
        <ele>590.09</ele>
        <time>2026-05-04T05:08:29.6100000+00:00</time>
      </trkpt>
      <trkpt lat="46.75456" lon="8.04242">
        <ele>592.38</ele>
        <time>2026-05-04T05:08:43.3640000+00:00</time>
      </trkpt>
      <trkpt lat="46.75463" lon="8.04223">
        <ele>595.07</ele>
        <time>2026-05-04T05:09:00.4470000+00:00</time>
      </trkpt>
      <trkpt lat="46.7547" lon="8.04196">
        <ele>597.15</ele>
        <time>2026-05-04T05:09:23.3060000+00:00</time>
      </trkpt>
      <trkpt lat="46.75474" lon="8.04174">
        <ele>597.83</ele>
        <time>2026-05-04T05:09:41.3300000+00:00</time>
      </trkpt>
      <trkpt lat="46.75478" lon="8.04147">
        <ele>599.59</ele>
        <time>2026-05-04T05:10:03.2040000+00:00</time>
      </trkpt>
      <trkpt lat="46.75479" lon="8.04123">
        <ele>600.4</ele>
        <time>2026-05-04T05:10:22.2440000+00:00</time>
      </trkpt>
      <trkpt lat="46.75479" lon="8.04113">
        <ele>600.46</ele>
        <time>2026-05-04T05:10:30.1630000+00:00</time>
      </trkpt>
      <trkpt lat="46.75478" lon="8.04098">
        <ele>599.87</ele>
        <time>2026-05-04T05:10:42.0960000+00:00</time>
      </trkpt>
      <trkpt lat="46.75478" lon="8.04086">
        <ele>599.94</ele>
        <time>2026-05-04T05:10:51.5980000+00:00</time>
      </trkpt>
      <trkpt lat="46.75475" lon="8.04034">
        <ele>600.18</ele>
        <time>2026-05-04T05:11:32.9200000+00:00</time>
      </trkpt>
      <trkpt lat="46.75472" lon="8.03985">
        <ele>599.77</ele>
        <time>2026-05-04T05:12:11.8760000+00:00</time>
      </trkpt>
      <trkpt lat="46.7547" lon="8.03936">
        <ele>597.4</ele>
        <time>2026-05-04T05:12:50.7450000+00:00</time>
      </trkpt>
      <trkpt lat="46.75468" lon="8.03905">
        <ele>594.87</ele>
        <time>2026-05-04T05:13:15.4010000+00:00</time>
      </trkpt>
      <trkpt lat="46.75466" lon="8.03884">
        <ele>591.74</ele>
        <time>2026-05-04T05:13:32.1900000+00:00</time>
      </trkpt>
      <trkpt lat="46.75464" lon="8.03868">
        <ele>589.16</ele>
        <time>2026-05-04T05:13:45.0690000+00:00</time>
      </trkpt>
      <trkpt lat="46.75461" lon="8.03852">
        <ele>586.13</ele>
        <time>2026-05-04T05:13:58.2040000+00:00</time>
      </trkpt>
      <trkpt lat="46.75457" lon="8.03838">
        <ele>582.86</ele>
        <time>2026-05-04T05:14:10.2160000+00:00</time>
      </trkpt>
      <trkpt lat="46.75453" lon="8.03822">
        <ele>579.99</ele>
        <time>2026-05-04T05:14:23.7020000+00:00</time>
      </trkpt>
      <trkpt lat="46.75448" lon="8.03807">
        <ele>577.21</ele>
        <time>2026-05-04T05:14:36.9120000+00:00</time>
      </trkpt>
      <trkpt lat="46.75435" lon="8.03813">
        <ele>571.81</ele>
        <time>2026-05-04T05:14:52.6700000+00:00</time>
      </trkpt>
      <trkpt lat="46.75429" lon="8.03816">
        <ele>571.27</ele>
        <time>2026-05-04T05:15:00.0000000+00:00</time>
      </trkpt>
    </trkseg>
  </trk>
</gpx>