<?xml version="1.0" encoding="utf-8"?>
<gpx xmlns:xsd="http://www.w3.org/2001/XMLSchema" xmlns:xsi="http://www.w3.org/2001/XMLSchema-instance" creator="eT4 META" version="1.1" xsi:schemaLocation="http://www.topografix.com/GPX/1/1 http://www.topografix.com/GPX/1/1/gpx.xsd" xmlns="http://www.topografix.com/GPX/1/1">
  <trk>
    <name>Le silence du crépuscule sur le Morgenberghorn</name>
    <trkseg>
      <trkpt lat="46.6361" lon="7.83294">
        <ele>1098.78</ele>
        <time>2026-05-04T00:00:00.0000000+00:00</time>
      </trkpt>
      <trkpt lat="46.63614" lon="7.83277">
        <ele>1099.85</ele>
        <time>2026-05-04T00:00:22.4020000+00:00</time>
      </trkpt>
      <trkpt lat="46.63616" lon="7.83271">
        <ele>1100.07</ele>
        <time>2026-05-04T00:00:30.7160000+00:00</time>
      </trkpt>
      <trkpt lat="46.63624" lon="7.83239">
        <ele>1103</ele>
        <time>2026-05-04T00:01:13.1710000+00:00</time>
      </trkpt>
      <trkpt lat="46.63631" lon="7.83211">
        <ele>1106.39</ele>
        <time>2026-05-04T00:01:50.3180000+00:00</time>
      </trkpt>
      <trkpt lat="46.63636" lon="7.83188">
        <ele>1109.62</ele>
        <time>2026-05-04T00:02:20.3930000+00:00</time>
      </trkpt>
      <trkpt lat="46.63638" lon="7.83174">
        <ele>1111.79</ele>
        <time>2026-05-04T00:02:38.2200000+00:00</time>
      </trkpt>
      <trkpt lat="46.63639" lon="7.83158">
        <ele>1114.38</ele>
        <time>2026-05-04T00:02:58.2480000+00:00</time>
      </trkpt>
      <trkpt lat="46.63639" lon="7.8314">
        <ele>1117.3</ele>
        <time>2026-05-04T00:03:20.6880000+00:00</time>
      </trkpt>
      <trkpt lat="46.63638" lon="7.83115">
        <ele>1121.33</ele>
        <time>2026-05-04T00:03:51.9060000+00:00</time>
      </trkpt>
      <trkpt lat="46.6363" lon="7.83116">
        <ele>1120.89</ele>
        <time>2026-05-04T00:04:06.4840000+00:00</time>
      </trkpt>
      <trkpt lat="46.63618" lon="7.83117">
        <ele>1120.33</ele>
        <time>2026-05-04T00:04:28.3060000+00:00</time>
      </trkpt>
      <trkpt lat="46.63603" lon="7.83117">
        <ele>1120.43</ele>
        <time>2026-05-04T00:04:55.5390000+00:00</time>
      </trkpt>
      <trkpt lat="46.63595" lon="7.83117">
        <ele>1120.61</ele>
        <time>2026-05-04T00:05:10.0640000+00:00</time>
      </trkpt>
      <trkpt lat="46.63587" lon="7.83115">
        <ele>1121.06</ele>
        <time>2026-05-04T00:05:24.8020000+00:00</time>
      </trkpt>
      <trkpt lat="46.63577" lon="7.83112">
        <ele>1121.65</ele>
        <time>2026-05-04T00:05:43.3400000+00:00</time>
      </trkpt>
      <trkpt lat="46.63571" lon="7.8311">
        <ele>1122.01</ele>
        <time>2026-05-04T00:05:54.5160000+00:00</time>
      </trkpt>
      <trkpt lat="46.63564" lon="7.83105">
        <ele>1122.72</ele>
        <time>2026-05-04T00:06:08.6720000+00:00</time>
      </trkpt>
      <trkpt lat="46.63558" lon="7.83101">
        <ele>1123.27</ele>
        <time>2026-05-04T00:06:20.6530000+00:00</time>
      </trkpt>
      <trkpt lat="46.63547" lon="7.83096">
        <ele>1124.03</ele>
        <time>2026-05-04T00:06:41.5740000+00:00</time>
      </trkpt>
      <trkpt lat="46.63538" lon="7.83094">
        <ele>1124.45</ele>
        <time>2026-05-04T00:06:58.1040000+00:00</time>
      </trkpt>
      <trkpt lat="46.63529" lon="7.83093">
        <ele>1124.65</ele>
        <time>2026-05-04T00:07:14.4910000+00:00</time>
      </trkpt>
      <trkpt lat="46.63524" lon="7.83092">
        <ele>1124.68</ele>
        <time>2026-05-04T00:07:23.6540000+00:00</time>
      </trkpt>
      <trkpt lat="46.63519" lon="7.83093">
        <ele>1124.4</ele>
        <time>2026-05-04T00:07:32.8160000+00:00</time>
      </trkpt>
      <trkpt lat="46.63511" lon="7.83092">
        <ele>1124.35</ele>
        <time>2026-05-04T00:07:47.3940000+00:00</time>
      </trkpt>
      <trkpt lat="46.63505" lon="7.8309">
        <ele>1124.49</ele>
        <time>2026-05-04T00:07:58.5690000+00:00</time>
      </trkpt>
      <trkpt lat="46.635" lon="7.83087">
        <ele>1124.81</ele>
        <time>2026-05-04T00:08:08.3890000+00:00</time>
      </trkpt>
      <trkpt lat="46.63496" lon="7.83084">
        <ele>1125.14</ele>
        <time>2026-05-04T00:08:16.5590000+00:00</time>
      </trkpt>
      <trkpt lat="46.63491" lon="7.8308">
        <ele>1125.58</ele>
        <time>2026-05-04T00:08:26.9160000+00:00</time>
      </trkpt>
      <trkpt lat="46.63487" lon="7.83076">
        <ele>1126.03</ele>
        <time>2026-05-04T00:08:35.7260000+00:00</time>
      </trkpt>
      <trkpt lat="46.63482" lon="7.8307">
        <ele>1126.74</ele>
        <time>2026-05-04T00:08:47.4880000+00:00</time>
      </trkpt>
      <trkpt lat="46.63477" lon="7.83065">
        <ele>1127.28</ele>
        <time>2026-05-04T00:08:58.4990000+00:00</time>
      </trkpt>
      <trkpt lat="46.63473" lon="7.83062">
        <ele>1127.56</ele>
        <time>2026-05-04T00:09:06.6690000+00:00</time>
      </trkpt>
      <trkpt lat="46.63467" lon="7.83058">
        <ele>1127.91</ele>
        <time>2026-05-04T00:09:18.6500000+00:00</time>
      </trkpt>
      <trkpt lat="46.63462" lon="7.83056">
        <ele>1128.01</ele>
        <time>2026-05-04T00:09:28.0650000+00:00</time>
      </trkpt>
      <trkpt lat="46.63456" lon="7.83054">
        <ele>1128.06</ele>
        <time>2026-05-04T00:09:39.2400000+00:00</time>
      </trkpt>
      <trkpt lat="46.63448" lon="7.83052">
        <ele>1128.03</ele>
        <time>2026-05-04T00:09:53.9770000+00:00</time>
      </trkpt>
      <trkpt lat="46.63441" lon="7.83052">
        <ele>1127.79</ele>
        <time>2026-05-04T00:10:06.6860000+00:00</time>
      </trkpt>
      <trkpt lat="46.63433" lon="7.83051">
        <ele>1127.64</ele>
        <time>2026-05-04T00:10:21.2640000+00:00</time>
      </trkpt>
      <trkpt lat="46.63428" lon="7.83051">
        <ele>1127.47</ele>
        <time>2026-05-04T00:10:30.3410000+00:00</time>
      </trkpt>
      <trkpt lat="46.63422" lon="7.83051">
        <ele>1127.26</ele>
        <time>2026-05-04T00:10:41.2350000+00:00</time>
      </trkpt>
      <trkpt lat="46.63417" lon="7.83051">
        <ele>1127.09</ele>
        <time>2026-05-04T00:10:50.3140000+00:00</time>
      </trkpt>
      <trkpt lat="46.63412" lon="7.83051">
        <ele>1126.92</ele>
        <time>2026-05-04T00:10:59.3920000+00:00</time>
      </trkpt>
      <trkpt lat="46.63408" lon="7.8305">
        <ele>1126.92</ele>
        <time>2026-05-04T00:11:06.7610000+00:00</time>
      </trkpt>
      <trkpt lat="46.63404" lon="7.83048">
        <ele>1127.07</ele>
        <time>2026-05-04T00:11:14.4400000+00:00</time>
      </trkpt>
      <trkpt lat="46.634" lon="7.83046">
        <ele>1127.23</ele>
        <time>2026-05-04T00:11:22.1190000+00:00</time>
      </trkpt>
      <trkpt lat="46.63397" lon="7.83044">
        <ele>1127.42</ele>
        <time>2026-05-04T00:11:28.1100000+00:00</time>
      </trkpt>
      <trkpt lat="46.63393" lon="7.83041">
        <ele>1127.73</ele>
        <time>2026-05-04T00:11:36.2800000+00:00</time>
      </trkpt>
      <trkpt lat="46.6339" lon="7.83038">
        <ele>1128.08</ele>
        <time>2026-05-04T00:11:42.8900000+00:00</time>
      </trkpt>
      <trkpt lat="46.63386" lon="7.83034">
        <ele>1128.56</ele>
        <time>2026-05-04T00:11:51.6990000+00:00</time>
      </trkpt>
      <trkpt lat="46.63382" lon="7.8303">
        <ele>1129.04</ele>
        <time>2026-05-04T00:12:00.5100000+00:00</time>
      </trkpt>
      <trkpt lat="46.63378" lon="7.83025">
        <ele>1129.69</ele>
        <time>2026-05-04T00:12:10.0810000+00:00</time>
      </trkpt>
      <trkpt lat="46.63374" lon="7.8302">
        <ele>1130.35</ele>
        <time>2026-05-04T00:12:19.6510000+00:00</time>
      </trkpt>
      <trkpt lat="46.6337" lon="7.83015">
        <ele>1131.02</ele>
        <time>2026-05-04T00:12:29.2220000+00:00</time>
      </trkpt>
      <trkpt lat="46.63368" lon="7.83012">
        <ele>1131.51</ele>
        <time>2026-05-04T00:12:34.4370000+00:00</time>
      </trkpt>
      <trkpt lat="46.63363" lon="7.83007">
        <ele>1132.39</ele>
        <time>2026-05-04T00:12:45.4510000+00:00</time>
      </trkpt>
      <trkpt lat="46.63359" lon="7.83002">
        <ele>1133.43</ele>
        <time>2026-05-04T00:12:55.0210000+00:00</time>
      </trkpt>
      <trkpt lat="46.63356" lon="7.82999">
        <ele>1134.05</ele>
        <time>2026-05-04T00:13:01.6300000+00:00</time>
      </trkpt>
      <trkpt lat="46.63352" lon="7.82995">
        <ele>1134.87</ele>
        <time>2026-05-04T00:13:10.4400000+00:00</time>
      </trkpt>
      <trkpt lat="46.63346" lon="7.8299">
        <ele>1135.88</ele>
        <time>2026-05-04T00:13:22.9910000+00:00</time>
      </trkpt>
      <trkpt lat="46.63341" lon="7.82986">
        <ele>1136.68</ele>
        <time>2026-05-04T00:13:33.3480000+00:00</time>
      </trkpt>
      <trkpt lat="46.63336" lon="7.82982">
        <ele>1137.46</ele>
        <time>2026-05-04T00:13:43.7060000+00:00</time>
      </trkpt>
      <trkpt lat="46.63332" lon="7.82979">
        <ele>1138.04</ele>
        <time>2026-05-04T00:13:51.8760000+00:00</time>
      </trkpt>
      <trkpt lat="46.63326" lon="7.82975">
        <ele>1138.79</ele>
        <time>2026-05-04T00:14:03.8570000+00:00</time>
      </trkpt>
      <trkpt lat="46.63322" lon="7.82972">
        <ele>1139.34</ele>
        <time>2026-05-04T00:14:12.0270000+00:00</time>
      </trkpt>
      <trkpt lat="46.63315" lon="7.82968">
        <ele>1140.07</ele>
        <time>2026-05-04T00:14:25.6790000+00:00</time>
      </trkpt>
      <trkpt lat="46.63307" lon="7.82964">
        <ele>1140.77</ele>
        <time>2026-05-04T00:14:41.0370000+00:00</time>
      </trkpt>
      <trkpt lat="46.63297" lon="7.82959">
        <ele>1141.61</ele>
        <time>2026-05-04T00:15:00.2330000+00:00</time>
      </trkpt>
      <trkpt lat="46.63288" lon="7.82954">
        <ele>1142.41</ele>
        <time>2026-05-04T00:15:17.7220000+00:00</time>
      </trkpt>
      <trkpt lat="46.63279" lon="7.8295">
        <ele>1143.06</ele>
        <time>2026-05-04T00:15:34.8070000+00:00</time>
      </trkpt>
      <trkpt lat="46.63271" lon="7.82947">
        <ele>1143.74</ele>
        <time>2026-05-04T00:15:49.8050000+00:00</time>
      </trkpt>
      <trkpt lat="46.63262" lon="7.82944">
        <ele>1144.44</ele>
        <time>2026-05-04T00:16:06.5680000+00:00</time>
      </trkpt>
      <trkpt lat="46.63252" lon="7.82942">
        <ele>1145</ele>
        <time>2026-05-04T00:16:24.8940000+00:00</time>
      </trkpt>
      <trkpt lat="46.63243" lon="7.8294">
        <ele>1145.53</ele>
        <time>2026-05-04T00:16:41.4230000+00:00</time>
      </trkpt>
      <trkpt lat="46.63239" lon="7.82939">
        <ele>1145.78</ele>
        <time>2026-05-04T00:16:48.7920000+00:00</time>
      </trkpt>
      <trkpt lat="46.63231" lon="7.82936">
        <ele>1146.43</ele>
        <time>2026-05-04T00:17:03.7910000+00:00</time>
      </trkpt>
      <trkpt lat="46.63222" lon="7.82934">
        <ele>1146.95</ele>
        <time>2026-05-04T00:17:20.3210000+00:00</time>
      </trkpt>
      <trkpt lat="46.63214" lon="7.82932">
        <ele>1147.44</ele>
        <time>2026-05-04T00:17:35.0570000+00:00</time>
      </trkpt>
      <trkpt lat="46.63203" lon="7.82931">
        <ele>1147.85</ele>
        <time>2026-05-04T00:17:55.0680000+00:00</time>
      </trkpt>
      <trkpt lat="46.63192" lon="7.8293">
        <ele>1148.36</ele>
        <time>2026-05-04T00:18:15.0790000+00:00</time>
      </trkpt>
      <trkpt lat="46.63183" lon="7.8293">
        <ele>1148.79</ele>
        <time>2026-05-04T00:18:31.4190000+00:00</time>
      </trkpt>
      <trkpt lat="46.63176" lon="7.8293">
        <ele>1149.13</ele>
        <time>2026-05-04T00:18:44.1280000+00:00</time>
      </trkpt>
      <trkpt lat="46.63167" lon="7.82931">
        <ele>1149.44</ele>
        <time>2026-05-04T00:19:00.5150000+00:00</time>
      </trkpt>
      <trkpt lat="46.6316" lon="7.82933">
        <ele>1149.49</ele>
        <time>2026-05-04T00:19:13.4670000+00:00</time>
      </trkpt>
      <trkpt lat="46.63154" lon="7.82933">
        <ele>1149.78</ele>
        <time>2026-05-04T00:19:24.3610000+00:00</time>
      </trkpt>
      <trkpt lat="46.63148" lon="7.82933">
        <ele>1150.07</ele>
        <time>2026-05-04T00:19:35.2550000+00:00</time>
      </trkpt>
      <trkpt lat="46.63141" lon="7.82931">
        <ele>1150.69</ele>
        <time>2026-05-04T00:19:48.2050000+00:00</time>
      </trkpt>
      <trkpt lat="46.63133" lon="7.82928">
        <ele>1151.41</ele>
        <time>2026-05-04T00:20:03.2030000+00:00</time>
      </trkpt>
      <trkpt lat="46.63124" lon="7.82924">
        <ele>1152.28</ele>
        <time>2026-05-04T00:20:20.2870000+00:00</time>
      </trkpt>
      <trkpt lat="46.63116" lon="7.82919">
        <ele>1153.2</ele>
        <time>2026-05-04T00:20:36.0930000+00:00</time>
      </trkpt>
      <trkpt lat="46.6311" lon="7.82917">
        <ele>1153.43</ele>
        <time>2026-05-04T00:20:47.2690000+00:00</time>
      </trkpt>
      <trkpt lat="46.63103" lon="7.82915">
        <ele>1153.53</ele>
        <time>2026-05-04T00:21:00.2200000+00:00</time>
      </trkpt>
      <trkpt lat="46.63087" lon="7.82913">
        <ele>1153.49</ele>
        <time>2026-05-04T00:21:29.3760000+00:00</time>
      </trkpt>
      <trkpt lat="46.63071" lon="7.8291">
        <ele>1153.61</ele>
        <time>2026-05-04T00:21:58.6660000+00:00</time>
      </trkpt>
      <trkpt lat="46.63055" lon="7.82908">
        <ele>1153.64</ele>
        <time>2026-05-04T00:22:27.8230000+00:00</time>
      </trkpt>
      <trkpt lat="46.63038" lon="7.82904">
        <ele>1153.96</ele>
        <time>2026-05-04T00:22:59.0880000+00:00</time>
      </trkpt>
      <trkpt lat="46.63029" lon="7.82901">
        <ele>1154.44</ele>
        <time>2026-05-04T00:23:15.8510000+00:00</time>
      </trkpt>
      <trkpt lat="46.63023" lon="7.82899">
        <ele>1155.17</ele>
        <time>2026-05-04T00:23:27.0260000+00:00</time>
      </trkpt>
      <trkpt lat="46.63015" lon="7.82897">
        <ele>1156.02</ele>
        <time>2026-05-04T00:23:41.7630000+00:00</time>
      </trkpt>
      <trkpt lat="46.63009" lon="7.82896">
        <ele>1156.58</ele>
        <time>2026-05-04T00:23:52.7270000+00:00</time>
      </trkpt>
      <trkpt lat="46.63006" lon="7.82896">
        <ele>1156.79</ele>
        <time>2026-05-04T00:23:58.1770000+00:00</time>
      </trkpt>
      <trkpt lat="46.63001" lon="7.82897">
        <ele>1157.02</ele>
        <time>2026-05-04T00:24:07.3410000+00:00</time>
      </trkpt>
      <trkpt lat="46.62997" lon="7.82898">
        <ele>1157.19</ele>
        <time>2026-05-04T00:24:14.7100000+00:00</time>
      </trkpt>
      <trkpt lat="46.62995" lon="7.82896">
        <ele>1157.57</ele>
        <time>2026-05-04T00:24:19.1160000+00:00</time>
      </trkpt>
      <trkpt lat="46.62994" lon="7.82895">
        <ele>1157.76</ele>
        <time>2026-05-04T00:24:21.3190000+00:00</time>
      </trkpt>
      <trkpt lat="46.6299" lon="7.82893">
        <ele>1158.27</ele>
        <time>2026-05-04T00:24:28.9980000+00:00</time>
      </trkpt>
      <trkpt lat="46.62985" lon="7.82889">
        <ele>1159.05</ele>
        <time>2026-05-04T00:24:39.3550000+00:00</time>
      </trkpt>
      <trkpt lat="46.6298" lon="7.82884">
        <ele>1159.92</ele>
        <time>2026-05-04T00:24:50.3680000+00:00</time>
      </trkpt>
      <trkpt lat="46.62976" lon="7.82876">
        <ele>1161.01</ele>
        <time>2026-05-04T00:25:02.7070000+00:00</time>
      </trkpt>
      <trkpt lat="46.62974" lon="7.82867">
        <ele>1162.05</ele>
        <time>2026-05-04T00:25:14.5000000+00:00</time>
      </trkpt>
      <trkpt lat="46.62974" lon="7.82855">
        <ele>1163.29</ele>
        <time>2026-05-04T00:25:29.4610000+00:00</time>
      </trkpt>
      <trkpt lat="46.62974" lon="7.82847">
        <ele>1164.14</ele>
        <time>2026-05-04T00:25:39.4360000+00:00</time>
      </trkpt>
      <trkpt lat="46.62976" lon="7.82837">
        <ele>1165.51</ele>
        <time>2026-05-04T00:25:52.4220000+00:00</time>
      </trkpt>
      <trkpt lat="46.62978" lon="7.82827">
        <ele>1166.88</ele>
        <time>2026-05-04T00:26:05.4090000+00:00</time>
      </trkpt>
      <trkpt lat="46.6298" lon="7.82817">
        <ele>1168.24</ele>
        <time>2026-05-04T00:26:18.3950000+00:00</time>
      </trkpt>
      <trkpt lat="46.6298" lon="7.82809">
        <ele>1169.4</ele>
        <time>2026-05-04T00:26:28.3700000+00:00</time>
      </trkpt>
      <trkpt lat="46.62979" lon="7.8279">
        <ele>1172.17</ele>
        <time>2026-05-04T00:26:52.1290000+00:00</time>
      </trkpt>
      <trkpt lat="46.62979" lon="7.82777">
        <ele>1174.05</ele>
        <time>2026-05-04T00:27:08.3360000+00:00</time>
      </trkpt>
      <trkpt lat="46.62978" lon="7.82771">
        <ele>1174.95</ele>
        <time>2026-05-04T00:27:16.0340000+00:00</time>
      </trkpt>
      <trkpt lat="46.62977" lon="7.82769">
        <ele>1175.27</ele>
        <time>2026-05-04T00:27:19.1180000+00:00</time>
      </trkpt>
      <trkpt lat="46.62977" lon="7.82763">
        <ele>1176.16</ele>
        <time>2026-05-04T00:27:26.6010000+00:00</time>
      </trkpt>
      <trkpt lat="46.62977" lon="7.82753">
        <ele>1177.75</ele>
        <time>2026-05-04T00:27:39.0690000+00:00</time>
      </trkpt>
      <trkpt lat="46.62978" lon="7.8274">
        <ele>1179.79</ele>
        <time>2026-05-04T00:27:55.3790000+00:00</time>
      </trkpt>
      <trkpt lat="46.62975" lon="7.82731">
        <ele>1181.36</ele>
        <time>2026-05-04T00:28:07.8520000+00:00</time>
      </trkpt>
      <trkpt lat="46.62973" lon="7.8272">
        <ele>1183.22</ele>
        <time>2026-05-04T00:28:22.0400000+00:00</time>
      </trkpt>
      <trkpt lat="46.6297" lon="7.82709">
        <ele>1185.14</ele>
        <time>2026-05-04T00:28:36.7970000+00:00</time>
      </trkpt>
      <trkpt lat="46.6297" lon="7.8269">
        <ele>1188.21</ele>
        <time>2026-05-04T00:29:00.4860000+00:00</time>
      </trkpt>
      <trkpt lat="46.62971" lon="7.82667">
        <ele>1192.32</ele>
        <time>2026-05-04T00:29:29.2190000+00:00</time>
      </trkpt>
      <trkpt lat="46.62969" lon="7.82652">
        <ele>1195.31</ele>
        <time>2026-05-04T00:29:48.2690000+00:00</time>
      </trkpt>
      <trkpt lat="46.62971" lon="7.8264">
        <ele>1197.55</ele>
        <time>2026-05-04T00:30:03.6650000+00:00</time>
      </trkpt>
      <trkpt lat="46.62975" lon="7.82629">
        <ele>1199.56</ele>
        <time>2026-05-04T00:30:19.1840000+00:00</time>
      </trkpt>
      <trkpt lat="46.6298" lon="7.82622">
        <ele>1200.8</ele>
        <time>2026-05-04T00:30:31.7780000+00:00</time>
      </trkpt>
      <trkpt lat="46.62984" lon="7.82615">
        <ele>1202.11</ele>
        <time>2026-05-04T00:30:43.1330000+00:00</time>
      </trkpt>
      <trkpt lat="46.62988" lon="7.82609">
        <ele>1203.24</ele>
        <time>2026-05-04T00:30:53.5590000+00:00</time>
      </trkpt>
      <trkpt lat="46.6299" lon="7.82597">
        <ele>1205.73</ele>
        <time>2026-05-04T00:31:08.9540000+00:00</time>
      </trkpt>
      <trkpt lat="46.62991" lon="7.82591">
        <ele>1207.43</ele>
        <time>2026-05-04T00:31:16.6520000+00:00</time>
      </trkpt>
      <trkpt lat="46.6299" lon="7.82586">
        <ele>1208.85</ele>
        <time>2026-05-04T00:31:23.1460000+00:00</time>
      </trkpt>
      <trkpt lat="46.62988" lon="7.82581">
        <ele>1210.22</ele>
        <time>2026-05-04T00:31:30.3600000+00:00</time>
      </trkpt>
      <trkpt lat="46.62989" lon="7.82575">
        <ele>1211.94</ele>
        <time>2026-05-04T00:31:38.0580000+00:00</time>
      </trkpt>
      <trkpt lat="46.6299" lon="7.82568">
        <ele>1213.96</ele>
        <time>2026-05-04T00:31:46.9700000+00:00</time>
      </trkpt>
      <trkpt lat="46.62989" lon="7.82564">
        <ele>1215.04</ele>
        <time>2026-05-04T00:31:52.2770000+00:00</time>
      </trkpt>
      <trkpt lat="46.62987" lon="7.82559">
        <ele>1216.3</ele>
        <time>2026-05-04T00:31:59.4910000+00:00</time>
      </trkpt>
      <trkpt lat="46.62986" lon="7.82556">
        <ele>1217.06</ele>
        <time>2026-05-04T00:32:03.6510000+00:00</time>
      </trkpt>
      <trkpt lat="46.62987" lon="7.82554">
        <ele>1217.69</ele>
        <time>2026-05-04T00:32:06.7390000+00:00</time>
      </trkpt>
      <trkpt lat="46.62989" lon="7.82554">
        <ele>1217.86</ele>
        <time>2026-05-04T00:32:10.3680000+00:00</time>
      </trkpt>
      <trkpt lat="46.62992" lon="7.82552">
        <ele>1218.68</ele>
        <time>2026-05-04T00:32:16.3570000+00:00</time>
      </trkpt>
      <trkpt lat="46.62995" lon="7.82549">
        <ele>1219.83</ele>
        <time>2026-05-04T00:32:22.9630000+00:00</time>
      </trkpt>
      <trkpt lat="46.62997" lon="7.82546">
        <ele>1220.91</ele>
        <time>2026-05-04T00:32:28.1760000+00:00</time>
      </trkpt>
      <trkpt lat="46.62998" lon="7.8254">
        <ele>1222.82</ele>
        <time>2026-05-04T00:32:35.8740000+00:00</time>
      </trkpt>
      <trkpt lat="46.62999" lon="7.82534">
        <ele>1224.76</ele>
        <time>2026-05-04T00:32:43.5710000+00:00</time>
      </trkpt>
      <trkpt lat="46.62999" lon="7.8253">
        <ele>1225.97</ele>
        <time>2026-05-04T00:32:48.5560000+00:00</time>
      </trkpt>
      <trkpt lat="46.63001" lon="7.82525">
        <ele>1227.78</ele>
        <time>2026-05-04T00:32:55.7700000+00:00</time>
      </trkpt>
      <trkpt lat="46.63002" lon="7.82522">
        <ele>1228.85</ele>
        <time>2026-05-04T00:32:59.9290000+00:00</time>
      </trkpt>
      <trkpt lat="46.63005" lon="7.82516">
        <ele>1231.21</ele>
        <time>2026-05-04T00:33:09.1820000+00:00</time>
      </trkpt>
      <trkpt lat="46.63008" lon="7.82513">
        <ele>1232.65</ele>
        <time>2026-05-04T00:33:15.7880000+00:00</time>
      </trkpt>
      <trkpt lat="46.6301" lon="7.8251">
        <ele>1233.93</ele>
        <time>2026-05-04T00:33:21.0030000+00:00</time>
      </trkpt>
      <trkpt lat="46.6301" lon="7.82505">
        <ele>1235.49</ele>
        <time>2026-05-04T00:33:27.2380000+00:00</time>
      </trkpt>
      <trkpt lat="46.6301" lon="7.825">
        <ele>1237.05</ele>
        <time>2026-05-04T00:33:33.4730000+00:00</time>
      </trkpt>
      <trkpt lat="46.63009" lon="7.82494">
        <ele>1238.72</ele>
        <time>2026-05-04T00:33:41.1730000+00:00</time>
      </trkpt>
      <trkpt lat="46.63006" lon="7.82491">
        <ele>1239.03</ele>
        <time>2026-05-04T00:33:47.7820000+00:00</time>
      </trkpt>
      <trkpt lat="46.63004" lon="7.82487">
        <ele>1239.82</ele>
        <time>2026-05-04T00:33:53.9530000+00:00</time>
      </trkpt>
      <trkpt lat="46.63003" lon="7.82483">
        <ele>1240.8</ele>
        <time>2026-05-04T00:33:59.2600000+00:00</time>
      </trkpt>
      <trkpt lat="46.63003" lon="7.82475">
        <ele>1243.2</ele>
        <time>2026-05-04T00:34:09.2340000+00:00</time>
      </trkpt>
      <trkpt lat="46.63001" lon="7.82469">
        <ele>1244.51</ele>
        <time>2026-05-04T00:34:17.5490000+00:00</time>
      </trkpt>
      <trkpt lat="46.62998" lon="7.82466">
        <ele>1244.64</ele>
        <time>2026-05-04T00:34:24.1590000+00:00</time>
      </trkpt>
      <trkpt lat="46.62996" lon="7.82463">
        <ele>1245</ele>
        <time>2026-05-04T00:34:29.3720000+00:00</time>
      </trkpt>
      <trkpt lat="46.62999" lon="7.82462">
        <ele>1246.07</ele>
        <time>2026-05-04T00:34:34.9590000+00:00</time>
      </trkpt>
      <trkpt lat="46.63002" lon="7.82462">
        <ele>1246.84</ele>
        <time>2026-05-04T00:34:40.4040000+00:00</time>
      </trkpt>
      <trkpt lat="46.63005" lon="7.82459">
        <ele>1248.53</ele>
        <time>2026-05-04T00:34:47.0100000+00:00</time>
      </trkpt>
      <trkpt lat="46.63009" lon="7.82452">
        <ele>1251.76</ele>
        <time>2026-05-04T00:34:58.3630000+00:00</time>
      </trkpt>
      <trkpt lat="46.6301" lon="7.82448">
        <ele>1253.29</ele>
        <time>2026-05-04T00:35:03.6720000+00:00</time>
      </trkpt>
      <trkpt lat="46.6301" lon="7.82447">
        <ele>1253.6</ele>
        <time>2026-05-04T00:35:04.9320000+00:00</time>
      </trkpt>
      <trkpt lat="46.63009" lon="7.82445">
        <ele>1253.94</ele>
        <time>2026-05-04T00:35:08.0200000+00:00</time>
      </trkpt>
      <trkpt lat="46.63007" lon="7.82444">
        <ele>1253.67</ele>
        <time>2026-05-04T00:35:11.8610000+00:00</time>
      </trkpt>
      <trkpt lat="46.63" lon="7.8244">
        <ele>1252.82</ele>
        <time>2026-05-04T00:35:25.5140000+00:00</time>
      </trkpt>
      <trkpt lat="46.62998" lon="7.82438">
        <ele>1252.8</ele>
        <time>2026-05-04T00:35:29.9210000+00:00</time>
      </trkpt>
      <trkpt lat="46.62997" lon="7.82434">
        <ele>1253.66</ele>
        <time>2026-05-04T00:35:35.2270000+00:00</time>
      </trkpt>
      <trkpt lat="46.63001" lon="7.82433">
        <ele>1255.19</ele>
        <time>2026-05-04T00:35:42.5960000+00:00</time>
      </trkpt>
      <trkpt lat="46.63005" lon="7.82431">
        <ele>1257.02</ele>
        <time>2026-05-04T00:35:50.2750000+00:00</time>
      </trkpt>
      <trkpt lat="46.63008" lon="7.82429">
        <ele>1258.5</ele>
        <time>2026-05-04T00:35:56.2650000+00:00</time>
      </trkpt>
      <trkpt lat="46.63009" lon="7.82424">
        <ele>1260.15</ele>
        <time>2026-05-04T00:36:02.7590000+00:00</time>
      </trkpt>
      <trkpt lat="46.6301" lon="7.82421">
        <ele>1261.26</ele>
        <time>2026-05-04T00:36:06.9180000+00:00</time>
      </trkpt>
      <trkpt lat="46.63012" lon="7.82418">
        <ele>1262.66</ele>
        <time>2026-05-04T00:36:12.1330000+00:00</time>
      </trkpt>
      <trkpt lat="46.63017" lon="7.82409">
        <ele>1266.54</ele>
        <time>2026-05-04T00:36:26.5670000+00:00</time>
      </trkpt>
      <trkpt lat="46.6302" lon="7.82402">
        <ele>1269.25</ele>
        <time>2026-05-04T00:36:36.8550000+00:00</time>
      </trkpt>
      <trkpt lat="46.63023" lon="7.82394">
        <ele>1272.18</ele>
        <time>2026-05-04T00:36:48.2190000+00:00</time>
      </trkpt>
      <trkpt lat="46.63025" lon="7.82388">
        <ele>1274.29</ele>
        <time>2026-05-04T00:36:56.5350000+00:00</time>
      </trkpt>
      <trkpt lat="46.63026" lon="7.82382">
        <ele>1276.11</ele>
        <time>2026-05-04T00:37:04.2330000+00:00</time>
      </trkpt>
      <trkpt lat="46.63027" lon="7.82372">
        <ele>1278.93</ele>
        <time>2026-05-04T00:37:16.8310000+00:00</time>
      </trkpt>
      <trkpt lat="46.63024" lon="7.82371">
        <ele>1278.38</ele>
        <time>2026-05-04T00:37:22.4200000+00:00</time>
      </trkpt>
      <trkpt lat="46.63019" lon="7.82374">
        <ele>1276.25</ele>
        <time>2026-05-04T00:37:32.2390000+00:00</time>
      </trkpt>
      <trkpt lat="46.63018" lon="7.82366">
        <ele>1278.08</ele>
        <time>2026-05-04T00:37:42.3770000+00:00</time>
      </trkpt>
      <trkpt lat="46.63019" lon="7.82361">
        <ele>1279.64</ele>
        <time>2026-05-04T00:37:48.8710000+00:00</time>
      </trkpt>
      <trkpt lat="46.63022" lon="7.82352">
        <ele>1282.76</ele>
        <time>2026-05-04T00:38:01.3440000+00:00</time>
      </trkpt>
      <trkpt lat="46.63023" lon="7.82348">
        <ele>1284.04</ele>
        <time>2026-05-04T00:38:06.6510000+00:00</time>
      </trkpt>
      <trkpt lat="46.63023" lon="7.82343">
        <ele>1285.18</ele>
        <time>2026-05-04T00:38:12.8840000+00:00</time>
      </trkpt>
      <trkpt lat="46.63022" lon="7.82333">
        <ele>1287.22</ele>
        <time>2026-05-04T00:38:25.4830000+00:00</time>
      </trkpt>
      <trkpt lat="46.63022" lon="7.82325">
        <ele>1289.05</ele>
        <time>2026-05-04T00:38:35.4570000+00:00</time>
      </trkpt>
      <trkpt lat="46.63023" lon="7.82318">
        <ele>1290.86</ele>
        <time>2026-05-04T00:38:44.3710000+00:00</time>
      </trkpt>
      <trkpt lat="46.63025" lon="7.82303">
        <ele>1294.65</ele>
        <time>2026-05-04T00:39:03.4210000+00:00</time>
      </trkpt>
      <trkpt lat="46.63023" lon="7.82296">
        <ele>1295.87</ele>
        <time>2026-05-04T00:39:12.8740000+00:00</time>
      </trkpt>
      <trkpt lat="46.63019" lon="7.82286">
        <ele>1297.49</ele>
        <time>2026-05-04T00:39:27.3030000+00:00</time>
      </trkpt>
      <trkpt lat="46.63022" lon="7.8228">
        <ele>1299.35</ele>
        <time>2026-05-04T00:39:36.5570000+00:00</time>
      </trkpt>
      <trkpt lat="46.63032" lon="7.82264">
        <ele>1304.47</ele>
        <time>2026-05-04T00:40:03.5300000+00:00</time>
      </trkpt>
      <trkpt lat="46.63019" lon="7.82268">
        <ele>1301.69</ele>
        <time>2026-05-04T00:40:27.6540000+00:00</time>
      </trkpt>
      <trkpt lat="46.63008" lon="7.82271">
        <ele>1299.44</ele>
        <time>2026-05-04T00:40:47.9730000+00:00</time>
      </trkpt>
      <trkpt lat="46.63006" lon="7.82263">
        <ele>1301.15</ele>
        <time>2026-05-04T00:40:58.5870000+00:00</time>
      </trkpt>
      <trkpt lat="46.63009" lon="7.82253">
        <ele>1303.87</ele>
        <time>2026-05-04T00:41:12.1940000+00:00</time>
      </trkpt>
      <trkpt lat="46.63012" lon="7.82244">
        <ele>1306.22</ele>
        <time>2026-05-04T00:41:24.6680000+00:00</time>
      </trkpt>
      <trkpt lat="46.63016" lon="7.82236">
        <ele>1308.27</ele>
        <time>2026-05-04T00:41:37.0070000+00:00</time>
      </trkpt>
      <trkpt lat="46.63004" lon="7.82242">
        <ele>1306.06</ele>
        <time>2026-05-04T00:42:00.0420000+00:00</time>
      </trkpt>
      <trkpt lat="46.62994" lon="7.82248">
        <ele>1303.67</ele>
        <time>2026-05-04T00:42:19.6790000+00:00</time>
      </trkpt>
      <trkpt lat="46.62997" lon="7.8224">
        <ele>1306.05</ele>
        <time>2026-05-04T00:42:31.0450000+00:00</time>
      </trkpt>
      <trkpt lat="46.63" lon="7.8223">
        <ele>1308.82</ele>
        <time>2026-05-04T00:42:44.6500000+00:00</time>
      </trkpt>
      <trkpt lat="46.63005" lon="7.82218">
        <ele>1311.98</ele>
        <time>2026-05-04T00:43:02.1510000+00:00</time>
      </trkpt>
      <trkpt lat="46.62996" lon="7.8222">
        <ele>1311.29</ele>
        <time>2026-05-04T00:43:18.6810000+00:00</time>
      </trkpt>
      <trkpt lat="46.62987" lon="7.82223">
        <ele>1310.23</ele>
        <time>2026-05-04T00:43:35.4440000+00:00</time>
      </trkpt>
      <trkpt lat="46.62985" lon="7.82224">
        <ele>1309.88</ele>
        <time>2026-05-04T00:43:39.2850000+00:00</time>
      </trkpt>
      <trkpt lat="46.62981" lon="7.82225">
        <ele>1309.44</ele>
        <time>2026-05-04T00:43:46.6530000+00:00</time>
      </trkpt>
      <trkpt lat="46.62978" lon="7.82224">
        <ele>1309.65</ele>
        <time>2026-05-04T00:43:52.2410000+00:00</time>
      </trkpt>
      <trkpt lat="46.62975" lon="7.82223">
        <ele>1309.87</ele>
        <time>2026-05-04T00:43:57.8300000+00:00</time>
      </trkpt>
      <trkpt lat="46.62973" lon="7.82221">
        <ele>1310.46</ele>
        <time>2026-05-04T00:44:02.2390000+00:00</time>
      </trkpt>
      <trkpt lat="46.6297" lon="7.82218">
        <ele>1311.37</ele>
        <time>2026-05-04T00:44:08.8490000+00:00</time>
      </trkpt>
      <trkpt lat="46.62969" lon="7.82216">
        <ele>1312.02</ele>
        <time>2026-05-04T00:44:11.9330000+00:00</time>
      </trkpt>
      <trkpt lat="46.62969" lon="7.82214">
        <ele>1312.68</ele>
        <time>2026-05-04T00:44:14.4230000+00:00</time>
      </trkpt>
      <trkpt lat="46.62967" lon="7.82212">
        <ele>1313.34</ele>
        <time>2026-05-04T00:44:18.8290000+00:00</time>
      </trkpt>
      <trkpt lat="46.62964" lon="7.82213">
        <ele>1312.98</ele>
        <time>2026-05-04T00:44:24.4160000+00:00</time>
      </trkpt>
      <trkpt lat="46.6296" lon="7.82211">
        <ele>1313.67</ele>
        <time>2026-05-04T00:44:32.0930000+00:00</time>
      </trkpt>
      <trkpt lat="46.62959" lon="7.8221">
        <ele>1314.03</ele>
        <time>2026-05-04T00:44:34.2910000+00:00</time>
      </trkpt>
      <trkpt lat="46.62957" lon="7.82204">
        <ele>1316.2</ele>
        <time>2026-05-04T00:44:42.6070000+00:00</time>
      </trkpt>
      <trkpt lat="46.62958" lon="7.82202">
        <ele>1316.9</ele>
        <time>2026-05-04T00:44:45.6920000+00:00</time>
      </trkpt>
      <trkpt lat="46.6296" lon="7.82199">
        <ele>1317.92</ele>
        <time>2026-05-04T00:44:50.9070000+00:00</time>
      </trkpt>
      <trkpt lat="46.62959" lon="7.82196">
        <ele>1319.01</ele>
        <time>2026-05-04T00:44:55.0630000+00:00</time>
      </trkpt>
      <trkpt lat="46.62955" lon="7.82196">
        <ele>1319.16</ele>
        <time>2026-05-04T00:45:02.3260000+00:00</time>
      </trkpt>
      <trkpt lat="46.62952" lon="7.82194">
        <ele>1320.02</ele>
        <time>2026-05-04T00:45:08.3170000+00:00</time>
      </trkpt>
      <trkpt lat="46.62949" lon="7.82188">
        <ele>1322.43</ele>
        <time>2026-05-04T00:45:17.5710000+00:00</time>
      </trkpt>
      <trkpt lat="46.62944" lon="7.82184">
        <ele>1324</ele>
        <time>2026-05-04T00:45:27.9280000+00:00</time>
      </trkpt>
      <trkpt lat="46.62943" lon="7.82181">
        <ele>1325.16</ele>
        <time>2026-05-04T00:45:32.0870000+00:00</time>
      </trkpt>
      <trkpt lat="46.62943" lon="7.82176">
        <ele>1327.26</ele>
        <time>2026-05-04T00:45:38.3220000+00:00</time>
      </trkpt>
      <trkpt lat="46.62942" lon="7.82171">
        <ele>1329.35</ele>
        <time>2026-05-04T00:45:44.8180000+00:00</time>
      </trkpt>
      <trkpt lat="46.62942" lon="7.82167">
        <ele>1331.03</ele>
        <time>2026-05-04T00:45:49.8050000+00:00</time>
      </trkpt>
      <trkpt lat="46.6294" lon="7.82164">
        <ele>1332.27</ele>
        <time>2026-05-04T00:45:55.0200000+00:00</time>
      </trkpt>
      <trkpt lat="46.62938" lon="7.82159">
        <ele>1334.35</ele>
        <time>2026-05-04T00:46:02.2350000+00:00</time>
      </trkpt>
      <trkpt lat="46.62936" lon="7.82154">
        <ele>1336.43</ele>
        <time>2026-05-04T00:46:09.4490000+00:00</time>
      </trkpt>
      <trkpt lat="46.62934" lon="7.82149">
        <ele>1338.51</ele>
        <time>2026-05-04T00:46:16.6630000+00:00</time>
      </trkpt>
      <trkpt lat="46.62932" lon="7.82146">
        <ele>1339.74</ele>
        <time>2026-05-04T00:46:21.8780000+00:00</time>
      </trkpt>
      <trkpt lat="46.62933" lon="7.82141">
        <ele>1341.86</ele>
        <time>2026-05-04T00:46:28.3700000+00:00</time>
      </trkpt>
      <trkpt lat="46.62932" lon="7.82137">
        <ele>1343.53</ele>
        <time>2026-05-04T00:46:33.6770000+00:00</time>
      </trkpt>
      <trkpt lat="46.62929" lon="7.82128">
        <ele>1347.27</ele>
        <time>2026-05-04T00:46:46.1510000+00:00</time>
      </trkpt>
      <trkpt lat="46.62925" lon="7.82122">
        <ele>1349.75</ele>
        <time>2026-05-04T00:46:56.5770000+00:00</time>
      </trkpt>
      <trkpt lat="46.62921" lon="7.82118">
        <ele>1351.38</ele>
        <time>2026-05-04T00:47:05.3870000+00:00</time>
      </trkpt>
      <trkpt lat="46.62919" lon="7.82116">
        <ele>1352.2</ele>
        <time>2026-05-04T00:47:09.7930000+00:00</time>
      </trkpt>
      <trkpt lat="46.62916" lon="7.82109">
        <ele>1355.1</ele>
        <time>2026-05-04T00:47:20.0810000+00:00</time>
      </trkpt>
      <trkpt lat="46.62917" lon="7.82106">
        <ele>1356.38</ele>
        <time>2026-05-04T00:47:24.2410000+00:00</time>
      </trkpt>
      <trkpt lat="46.62915" lon="7.82104">
        <ele>1357.19</ele>
        <time>2026-05-04T00:47:28.6470000+00:00</time>
      </trkpt>
      <trkpt lat="46.62913" lon="7.82101">
        <ele>1358.43</ele>
        <time>2026-05-04T00:47:33.8600000+00:00</time>
      </trkpt>
      <trkpt lat="46.6291" lon="7.82098">
        <ele>1359.64</ele>
        <time>2026-05-04T00:47:40.4690000+00:00</time>
      </trkpt>
      <trkpt lat="46.62904" lon="7.82094">
        <ele>1360.96</ele>
        <time>2026-05-04T00:47:52.4500000+00:00</time>
      </trkpt>
      <trkpt lat="46.62895" lon="7.82088">
        <ele>1362.94</ele>
        <time>2026-05-04T00:48:10.4210000+00:00</time>
      </trkpt>
      <trkpt lat="46.62891" lon="7.82084">
        <ele>1364.28</ele>
        <time>2026-05-04T00:48:19.2300000+00:00</time>
      </trkpt>
      <trkpt lat="46.62883" lon="7.82077">
        <ele>1366.63</ele>
        <time>2026-05-04T00:48:36.1750000+00:00</time>
      </trkpt>
      <trkpt lat="46.62878" lon="7.82073">
        <ele>1367.96</ele>
        <time>2026-05-04T00:48:46.5340000+00:00</time>
      </trkpt>
      <trkpt lat="46.62875" lon="7.8207">
        <ele>1368.97</ele>
        <time>2026-05-04T00:48:53.1410000+00:00</time>
      </trkpt>
      <trkpt lat="46.62874" lon="7.82066">
        <ele>1370.35</ele>
        <time>2026-05-04T00:48:58.4500000+00:00</time>
      </trkpt>
      <trkpt lat="46.62873" lon="7.82063">
        <ele>1371.38</ele>
        <time>2026-05-04T00:49:02.6090000+00:00</time>
      </trkpt>
      <trkpt lat="46.62872" lon="7.82059">
        <ele>1372.76</ele>
        <time>2026-05-04T00:49:07.9160000+00:00</time>
      </trkpt>
      <trkpt lat="46.62869" lon="7.82056">
        <ele>1373.77</ele>
        <time>2026-05-04T00:49:14.5220000+00:00</time>
      </trkpt>
      <trkpt lat="46.6286" lon="7.82043">
        <ele>1378.21</ele>
        <time>2026-05-04T00:49:37.5370000+00:00</time>
      </trkpt>
      <trkpt lat="46.62857" lon="7.82037">
        <ele>1380.21</ele>
        <time>2026-05-04T00:49:46.7880000+00:00</time>
      </trkpt>
      <trkpt lat="46.62854" lon="7.82034">
        <ele>1381.17</ele>
        <time>2026-05-04T00:49:53.3940000+00:00</time>
      </trkpt>
      <trkpt lat="46.62853" lon="7.8203">
        <ele>1382.47</ele>
        <time>2026-05-04T00:49:58.7010000+00:00</time>
      </trkpt>
      <trkpt lat="46.62853" lon="7.82026">
        <ele>1383.8</ele>
        <time>2026-05-04T00:50:03.6850000+00:00</time>
      </trkpt>
      <trkpt lat="46.62853" lon="7.82022">
        <ele>1385.13</ele>
        <time>2026-05-04T00:50:08.6700000+00:00</time>
      </trkpt>
      <trkpt lat="46.62853" lon="7.82019">
        <ele>1386.13</ele>
        <time>2026-05-04T00:50:12.4090000+00:00</time>
      </trkpt>
      <trkpt lat="46.62851" lon="7.82017">
        <ele>1386.7</ele>
        <time>2026-05-04T00:50:16.8150000+00:00</time>
      </trkpt>
      <trkpt lat="46.62848" lon="7.82013">
        <ele>1387.77</ele>
        <time>2026-05-04T00:50:24.2010000+00:00</time>
      </trkpt>
      <trkpt lat="46.62846" lon="7.82009">
        <ele>1388.77</ele>
        <time>2026-05-04T00:50:30.3700000+00:00</time>
      </trkpt>
      <trkpt lat="46.62844" lon="7.82007">
        <ele>1389.21</ele>
        <time>2026-05-04T00:50:34.7760000+00:00</time>
      </trkpt>
      <trkpt lat="46.62844" lon="7.82005">
        <ele>1389.76</ele>
        <time>2026-05-04T00:50:37.2760000+00:00</time>
      </trkpt>
      <trkpt lat="46.62843" lon="7.82001">
        <ele>1390.79</ele>
        <time>2026-05-04T00:50:42.5820000+00:00</time>
      </trkpt>
      <trkpt lat="46.62842" lon="7.81998">
        <ele>1391.55</ele>
        <time>2026-05-04T00:50:46.7420000+00:00</time>
      </trkpt>
      <trkpt lat="46.62839" lon="7.81996">
        <ele>1391.91</ele>
        <time>2026-05-04T00:50:52.7330000+00:00</time>
      </trkpt>
      <trkpt lat="46.62837" lon="7.81996">
        <ele>1391.79</ele>
        <time>2026-05-04T00:50:56.3650000+00:00</time>
      </trkpt>
      <trkpt lat="46.62834" lon="7.81994">
        <ele>1392.14</ele>
        <time>2026-05-04T00:51:02.3570000+00:00</time>
      </trkpt>
      <trkpt lat="46.62832" lon="7.81991">
        <ele>1392.81</ele>
        <time>2026-05-04T00:51:07.5720000+00:00</time>
      </trkpt>
      <trkpt lat="46.6283" lon="7.81987">
        <ele>1393.73</ele>
        <time>2026-05-04T00:51:13.7410000+00:00</time>
      </trkpt>
      <trkpt lat="46.62826" lon="7.81984">
        <ele>1394.24</ele>
        <time>2026-05-04T00:51:21.9120000+00:00</time>
      </trkpt>
      <trkpt lat="46.62824" lon="7.81982">
        <ele>1394.61</ele>
        <time>2026-05-04T00:51:26.3150000+00:00</time>
      </trkpt>
      <trkpt lat="46.62823" lon="7.81979">
        <ele>1395.32</ele>
        <time>2026-05-04T00:51:30.4740000+00:00</time>
      </trkpt>
      <trkpt lat="46.6282" lon="7.81974">
        <ele>1396.38</ele>
        <time>2026-05-04T00:51:38.7530000+00:00</time>
      </trkpt>
      <trkpt lat="46.62819" lon="7.81968">
        <ele>1397.83</ele>
        <time>2026-05-04T00:51:46.4500000+00:00</time>
      </trkpt>
      <trkpt lat="46.62818" lon="7.81965">
        <ele>1398.52</ele>
        <time>2026-05-04T00:51:50.6100000+00:00</time>
      </trkpt>
      <trkpt lat="46.62817" lon="7.81961">
        <ele>1399.45</ele>
        <time>2026-05-04T00:51:55.9180000+00:00</time>
      </trkpt>
      <trkpt lat="46.62815" lon="7.81958">
        <ele>1400.03</ele>
        <time>2026-05-04T00:52:01.1320000+00:00</time>
      </trkpt>
      <trkpt lat="46.6281" lon="7.81953">
        <ele>1400.83</ele>
        <time>2026-05-04T00:52:12.1430000+00:00</time>
      </trkpt>
      <trkpt lat="46.62807" lon="7.8195">
        <ele>1401.3</ele>
        <time>2026-05-04T00:52:18.7500000+00:00</time>
      </trkpt>
      <trkpt lat="46.62804" lon="7.81943">
        <ele>1402.72</ele>
        <time>2026-05-04T00:52:29.0390000+00:00</time>
      </trkpt>
      <trkpt lat="46.62803" lon="7.8194">
        <ele>1403.36</ele>
        <time>2026-05-04T00:52:33.2020000+00:00</time>
      </trkpt>
      <trkpt lat="46.62802" lon="7.81939">
        <ele>1403.5</ele>
        <time>2026-05-04T00:52:35.4050000+00:00</time>
      </trkpt>
      <trkpt lat="46.62799" lon="7.81936">
        <ele>1403.91</ele>
        <time>2026-05-04T00:52:42.0140000+00:00</time>
      </trkpt>
      <trkpt lat="46.62795" lon="7.81936">
        <ele>1403.49</ele>
        <time>2026-05-04T00:52:49.2780000+00:00</time>
      </trkpt>
      <trkpt lat="46.62788" lon="7.81933">
        <ele>1403.46</ele>
        <time>2026-05-04T00:53:02.5280000+00:00</time>
      </trkpt>
      <trkpt lat="46.62782" lon="7.8193">
        <ele>1403.52</ele>
        <time>2026-05-04T00:53:14.0450000+00:00</time>
      </trkpt>
      <trkpt lat="46.6278" lon="7.81929">
        <ele>1403.59</ele>
        <time>2026-05-04T00:53:17.8830000+00:00</time>
      </trkpt>
      <trkpt lat="46.62778" lon="7.81927">
        <ele>1403.96</ele>
        <time>2026-05-04T00:53:22.2890000+00:00</time>
      </trkpt>
      <trkpt lat="46.62776" lon="7.81922">
        <ele>1405.06</ele>
        <time>2026-05-04T00:53:29.5040000+00:00</time>
      </trkpt>
      <trkpt lat="46.62775" lon="7.81918">
        <ele>1405.98</ele>
        <time>2026-05-04T00:53:34.8100000+00:00</time>
      </trkpt>
      <trkpt lat="46.62774" lon="7.81909">
        <ele>1408.13</ele>
        <time>2026-05-04T00:53:46.1780000+00:00</time>
      </trkpt>
      <trkpt lat="46.62772" lon="7.81903">
        <ele>1409.51</ele>
        <time>2026-05-04T00:53:54.4940000+00:00</time>
      </trkpt>
      <trkpt lat="46.6277" lon="7.81897">
        <ele>1410.9</ele>
        <time>2026-05-04T00:54:02.8100000+00:00</time>
      </trkpt>
      <trkpt lat="46.62769" lon="7.81895">
        <ele>1411.35</ele>
        <time>2026-05-04T00:54:05.8940000+00:00</time>
      </trkpt>
      <trkpt lat="46.62766" lon="7.81893">
        <ele>1411.74</ele>
        <time>2026-05-04T00:54:11.8840000+00:00</time>
      </trkpt>
      <trkpt lat="46.62763" lon="7.81892">
        <ele>1411.87</ele>
        <time>2026-05-04T00:54:17.4730000+00:00</time>
      </trkpt>
      <trkpt lat="46.6276" lon="7.81889">
        <ele>1412.52</ele>
        <time>2026-05-04T00:54:24.0820000+00:00</time>
      </trkpt>
      <trkpt lat="46.62756" lon="7.81886">
        <ele>1413.14</ele>
        <time>2026-05-04T00:54:32.2520000+00:00</time>
      </trkpt>
      <trkpt lat="46.62751" lon="7.81883">
        <ele>1413.74</ele>
        <time>2026-05-04T00:54:42.0700000+00:00</time>
      </trkpt>
      <trkpt lat="46.62747" lon="7.81879">
        <ele>1414.66</ele>
        <time>2026-05-04T00:54:50.8800000+00:00</time>
      </trkpt>
      <trkpt lat="46.62745" lon="7.81876">
        <ele>1415.38</ele>
        <time>2026-05-04T00:54:56.0950000+00:00</time>
      </trkpt>
      <trkpt lat="46.62743" lon="7.81873">
        <ele>1416.11</ele>
        <time>2026-05-04T00:55:01.3110000+00:00</time>
      </trkpt>
      <trkpt lat="46.6274" lon="7.81871">
        <ele>1416.56</ele>
        <time>2026-05-04T00:55:07.3020000+00:00</time>
      </trkpt>
      <trkpt lat="46.62738" lon="7.81869">
        <ele>1417.04</ele>
        <time>2026-05-04T00:55:11.7080000+00:00</time>
      </trkpt>
      <trkpt lat="46.62733" lon="7.81861">
        <ele>1419.06</ele>
        <time>2026-05-04T00:55:25.1950000+00:00</time>
      </trkpt>
      <trkpt lat="46.62729" lon="7.81856">
        <ele>1420.34</ele>
        <time>2026-05-04T00:55:34.7660000+00:00</time>
      </trkpt>
      <trkpt lat="46.62725" lon="7.81852">
        <ele>1421.36</ele>
        <time>2026-05-04T00:55:43.5750000+00:00</time>
      </trkpt>
      <trkpt lat="46.6272" lon="7.81845">
        <ele>1423</ele>
        <time>2026-05-04T00:55:56.1690000+00:00</time>
      </trkpt>
      <trkpt lat="46.62717" lon="7.8184">
        <ele>1424.01</ele>
        <time>2026-05-04T00:56:04.4470000+00:00</time>
      </trkpt>
      <trkpt lat="46.62713" lon="7.81836">
        <ele>1424.78</ele>
        <time>2026-05-04T00:56:13.2560000+00:00</time>
      </trkpt>
      <trkpt lat="46.6271" lon="7.81833">
        <ele>1425.36</ele>
        <time>2026-05-04T00:56:19.8660000+00:00</time>
      </trkpt>
      <trkpt lat="46.62704" lon="7.81829">
        <ele>1426.08</ele>
        <time>2026-05-04T00:56:31.8470000+00:00</time>
      </trkpt>
      <trkpt lat="46.62698" lon="7.81823">
        <ele>1427.2</ele>
        <time>2026-05-04T00:56:45.0620000+00:00</time>
      </trkpt>
      <trkpt lat="46.62693" lon="7.81817">
        <ele>1427.41</ele>
        <time>2026-05-04T00:56:56.8250000+00:00</time>
      </trkpt>
      <trkpt lat="46.62689" lon="7.81811">
        <ele>1427.89</ele>
        <time>2026-05-04T00:57:07.2520000+00:00</time>
      </trkpt>
      <trkpt lat="46.62686" lon="7.81804">
        <ele>1428.89</ele>
        <time>2026-05-04T00:57:17.5420000+00:00</time>
      </trkpt>
      <trkpt lat="46.62682" lon="7.81795">
        <ele>1430.26</ele>
        <time>2026-05-04T00:57:30.9080000+00:00</time>
      </trkpt>
      <trkpt lat="46.6268" lon="7.81789">
        <ele>1431.37</ele>
        <time>2026-05-04T00:57:39.2240000+00:00</time>
      </trkpt>
      <trkpt lat="46.62679" lon="7.81785">
        <ele>1432.18</ele>
        <time>2026-05-04T00:57:44.5310000+00:00</time>
      </trkpt>
      <trkpt lat="46.62678" lon="7.81782">
        <ele>1432.76</ele>
        <time>2026-05-04T00:57:48.6900000+00:00</time>
      </trkpt>
      <trkpt lat="46.62678" lon="7.8178">
        <ele>1433.25</ele>
        <time>2026-05-04T00:57:51.1900000+00:00</time>
      </trkpt>
      <trkpt lat="46.62676" lon="7.81778">
        <ele>1433.47</ele>
        <time>2026-05-04T00:57:55.5960000+00:00</time>
      </trkpt>
      <trkpt lat="46.62674" lon="7.81774">
        <ele>1434.21</ele>
        <time>2026-05-04T00:58:01.7650000+00:00</time>
      </trkpt>
      <trkpt lat="46.62671" lon="7.81767">
        <ele>1435.64</ele>
        <time>2026-05-04T00:58:12.0540000+00:00</time>
      </trkpt>
      <trkpt lat="46.62666" lon="7.81752">
        <ele>1438.5</ele>
        <time>2026-05-04T00:58:32.8440000+00:00</time>
      </trkpt>
      <trkpt lat="46.62663" lon="7.81744">
        <ele>1440</ele>
        <time>2026-05-04T00:58:44.2100000+00:00</time>
      </trkpt>
      <trkpt lat="46.6266" lon="7.81734">
        <ele>1441.97</ele>
        <time>2026-05-04T00:58:57.8160000+00:00</time>
      </trkpt>
      <trkpt lat="46.62658" lon="7.81727">
        <ele>1443.38</ele>
        <time>2026-05-04T00:59:07.2690000+00:00</time>
      </trkpt>
      <trkpt lat="46.62656" lon="7.81717">
        <ele>1445.49</ele>
        <time>2026-05-04T00:59:20.2550000+00:00</time>
      </trkpt>
      <trkpt lat="46.62654" lon="7.81709">
        <ele>1447.16</ele>
        <time>2026-05-04T00:59:30.8710000+00:00</time>
      </trkpt>
      <trkpt lat="46.62653" lon="7.81699">
        <ele>1449.39</ele>
        <time>2026-05-04T00:59:43.4700000+00:00</time>
      </trkpt>
      <trkpt lat="46.62651" lon="7.81694">
        <ele>1450.4</ele>
        <time>2026-05-04T00:59:50.6850000+00:00</time>
      </trkpt>
      <trkpt lat="46.62649" lon="7.81688">
        <ele>1451.66</ele>
        <time>2026-05-04T00:59:59.0000000+00:00</time>
      </trkpt>
      <trkpt lat="46.62646" lon="7.8168">
        <ele>1453.34</ele>
        <time>2026-05-04T01:00:10.3660000+00:00</time>
      </trkpt>
      <trkpt lat="46.62643" lon="7.81671">
        <ele>1455.21</ele>
        <time>2026-05-04T01:00:22.8390000+00:00</time>
      </trkpt>
      <trkpt lat="46.62642" lon="7.81665">
        <ele>1456.51</ele>
        <time>2026-05-04T01:00:30.5380000+00:00</time>
      </trkpt>
      <trkpt lat="46.6264" lon="7.8166">
        <ele>1457.52</ele>
        <time>2026-05-04T01:00:37.7530000+00:00</time>
      </trkpt>
      <trkpt lat="46.62638" lon="7.81655">
        <ele>1458.51</ele>
        <time>2026-05-04T01:00:44.9680000+00:00</time>
      </trkpt>
      <trkpt lat="46.62637" lon="7.81651">
        <ele>1459.34</ele>
        <time>2026-05-04T01:00:50.2750000+00:00</time>
      </trkpt>
      <trkpt lat="46.62637" lon="7.81648">
        <ele>1460.02</ele>
        <time>2026-05-04T01:00:54.0150000+00:00</time>
      </trkpt>
      <trkpt lat="46.62637" lon="7.81646">
        <ele>1460.47</ele>
        <time>2026-05-04T01:00:56.5090000+00:00</time>
      </trkpt>
      <trkpt lat="46.62637" lon="7.81644">
        <ele>1460.92</ele>
        <time>2026-05-04T01:00:59.0040000+00:00</time>
      </trkpt>
      <trkpt lat="46.6264" lon="7.81641">
        <ele>1461.83</ele>
        <time>2026-05-04T01:01:05.6130000+00:00</time>
      </trkpt>
      <trkpt lat="46.62643" lon="7.81641">
        <ele>1462.07</ele>
        <time>2026-05-04T01:01:11.0610000+00:00</time>
      </trkpt>
      <trkpt lat="46.62641" lon="7.81635">
        <ele>1463.28</ele>
        <time>2026-05-04T01:01:19.3770000+00:00</time>
      </trkpt>
      <trkpt lat="46.62639" lon="7.81628">
        <ele>1464.7</ele>
        <time>2026-05-04T01:01:28.8280000+00:00</time>
      </trkpt>
      <trkpt lat="46.62638" lon="7.81621">
        <ele>1466.2</ele>
        <time>2026-05-04T01:01:37.7440000+00:00</time>
      </trkpt>
      <trkpt lat="46.62638" lon="7.81606">
        <ele>1469.6</ele>
        <time>2026-05-04T01:01:56.4470000+00:00</time>
      </trkpt>
      <trkpt lat="46.62638" lon="7.816">
        <ele>1470.96</ele>
        <time>2026-05-04T01:02:03.9290000+00:00</time>
      </trkpt>
      <trkpt lat="46.62637" lon="7.81593">
        <ele>1472.4</ele>
        <time>2026-05-04T01:02:12.8450000+00:00</time>
      </trkpt>
      <trkpt lat="46.62636" lon="7.81583">
        <ele>1474.47</ele>
        <time>2026-05-04T01:02:25.4450000+00:00</time>
      </trkpt>
      <trkpt lat="46.62635" lon="7.81568">
        <ele>1477.59</ele>
        <time>2026-05-04T01:02:44.2360000+00:00</time>
      </trkpt>
      <trkpt lat="46.62634" lon="7.81558">
        <ele>1479.61</ele>
        <time>2026-05-04T01:02:56.8370000+00:00</time>
      </trkpt>
      <trkpt lat="46.62633" lon="7.81552">
        <ele>1480.74</ele>
        <time>2026-05-04T01:03:04.5360000+00:00</time>
      </trkpt>
      <trkpt lat="46.6263" lon="7.81546">
        <ele>1481.55</ele>
        <time>2026-05-04T01:03:13.7900000+00:00</time>
      </trkpt>
      <trkpt lat="46.62628" lon="7.81541">
        <ele>1482.28</ele>
        <time>2026-05-04T01:03:21.0040000+00:00</time>
      </trkpt>
      <trkpt lat="46.62625" lon="7.81533">
        <ele>1483.43</ele>
        <time>2026-05-04T01:03:32.3700000+00:00</time>
      </trkpt>
      <trkpt lat="46.62622" lon="7.81528">
        <ele>1483.91</ele>
        <time>2026-05-04T01:03:40.6480000+00:00</time>
      </trkpt>
      <trkpt lat="46.62621" lon="7.81523">
        <ele>1484.73</ele>
        <time>2026-05-04T01:03:47.1400000+00:00</time>
      </trkpt>
      <trkpt lat="46.62618" lon="7.81516">
        <ele>1485.56</ele>
        <time>2026-05-04T01:03:57.4280000+00:00</time>
      </trkpt>
      <trkpt lat="46.62614" lon="7.8151">
        <ele>1485.99</ele>
        <time>2026-05-04T01:04:07.8540000+00:00</time>
      </trkpt>
      <trkpt lat="46.62611" lon="7.81504">
        <ele>1486.18</ele>
        <time>2026-05-04T01:04:17.1080000+00:00</time>
      </trkpt>
      <trkpt lat="46.62606" lon="7.81497">
        <ele>1485.86</ele>
        <time>2026-05-04T01:04:29.7010000+00:00</time>
      </trkpt>
      <trkpt lat="46.62601" lon="7.81489">
        <ele>1485.79</ele>
        <time>2026-05-04T01:04:43.1880000+00:00</time>
      </trkpt>
      <trkpt lat="46.62597" lon="7.81485">
        <ele>1485.22</ele>
        <time>2026-05-04T01:04:51.9970000+00:00</time>
      </trkpt>
      <trkpt lat="46.62594" lon="7.81484">
        <ele>1484.35</ele>
        <time>2026-05-04T01:04:57.5860000+00:00</time>
      </trkpt>
      <trkpt lat="46.6259" lon="7.8148">
        <ele>1483.79</ele>
        <time>2026-05-04T01:05:06.3960000+00:00</time>
      </trkpt>
      <trkpt lat="46.62587" lon="7.81474">
        <ele>1484.04</ele>
        <time>2026-05-04T01:05:15.6500000+00:00</time>
      </trkpt>
      <trkpt lat="46.62584" lon="7.81467">
        <ele>1484.54</ele>
        <time>2026-05-04T01:05:25.9390000+00:00</time>
      </trkpt>
      <trkpt lat="46.62582" lon="7.81455">
        <ele>1486.53</ele>
        <time>2026-05-04T01:05:41.3360000+00:00</time>
      </trkpt>
      <trkpt lat="46.6258" lon="7.81443">
        <ele>1488.53</ele>
        <time>2026-05-04T01:05:56.7330000+00:00</time>
      </trkpt>
      <trkpt lat="46.6258" lon="7.81437">
        <ele>1489.89</ele>
        <time>2026-05-04T01:06:04.2130000+00:00</time>
      </trkpt>
      <trkpt lat="46.62579" lon="7.8143">
        <ele>1491.18</ele>
        <time>2026-05-04T01:06:13.1290000+00:00</time>
      </trkpt>
      <trkpt lat="46.62577" lon="7.81424">
        <ele>1492.01</ele>
        <time>2026-05-04T01:06:21.4450000+00:00</time>
      </trkpt>
      <trkpt lat="46.62575" lon="7.81418">
        <ele>1492.82</ele>
        <time>2026-05-04T01:06:29.7610000+00:00</time>
      </trkpt>
      <trkpt lat="46.6257" lon="7.81409">
        <ele>1493.32</ele>
        <time>2026-05-04T01:06:44.1950000+00:00</time>
      </trkpt>
      <trkpt lat="46.62568" lon="7.81401">
        <ele>1494.62</ele>
        <time>2026-05-04T01:06:54.8100000+00:00</time>
      </trkpt>
      <trkpt lat="46.62567" lon="7.81399">
        <ele>1494.76</ele>
        <time>2026-05-04T01:06:57.8990000+00:00</time>
      </trkpt>
      <trkpt lat="46.62567" lon="7.81396">
        <ele>1495.51</ele>
        <time>2026-05-04T01:07:01.6390000+00:00</time>
      </trkpt>
      <trkpt lat="46.62567" lon="7.81392">
        <ele>1496.52</ele>
        <time>2026-05-04T01:07:06.6280000+00:00</time>
      </trkpt>
      <trkpt lat="46.62567" lon="7.81386">
        <ele>1498.02</ele>
        <time>2026-05-04T01:07:14.1100000+00:00</time>
      </trkpt>
      <trkpt lat="46.62566" lon="7.81382">
        <ele>1498.66</ele>
        <time>2026-05-04T01:07:19.4190000+00:00</time>
      </trkpt>
      <trkpt lat="46.62565" lon="7.81379">
        <ele>1499.05</ele>
        <time>2026-05-04T01:07:23.5780000+00:00</time>
      </trkpt>
      <trkpt lat="46.62562" lon="7.81376">
        <ele>1498.7</ele>
        <time>2026-05-04T01:07:30.1860000+00:00</time>
      </trkpt>
      <trkpt lat="46.6256" lon="7.81369">
        <ele>1499.71</ele>
        <time>2026-05-04T01:07:39.6390000+00:00</time>
      </trkpt>
      <trkpt lat="46.62557" lon="7.8136">
        <ele>1500.84</ele>
        <time>2026-05-04T01:07:52.1130000+00:00</time>
      </trkpt>
      <trkpt lat="46.62554" lon="7.8135">
        <ele>1502.2</ele>
        <time>2026-05-04T01:08:05.7200000+00:00</time>
      </trkpt>
      <trkpt lat="46.62551" lon="7.81337">
        <ele>1504.35</ele>
        <time>2026-05-04T01:08:22.8200000+00:00</time>
      </trkpt>
      <trkpt lat="46.62548" lon="7.81323">
        <ele>1506.71</ele>
        <time>2026-05-04T01:08:41.1070000+00:00</time>
      </trkpt>
      <trkpt lat="46.62546" lon="7.81315">
        <ele>1507.93</ele>
        <time>2026-05-04T01:08:51.7230000+00:00</time>
      </trkpt>
      <trkpt lat="46.62543" lon="7.81302">
        <ele>1509.96</ele>
        <time>2026-05-04T01:09:08.8230000+00:00</time>
      </trkpt>
      <trkpt lat="46.62541" lon="7.8129">
        <ele>1512.11</ele>
        <time>2026-05-04T01:09:24.2200000+00:00</time>
      </trkpt>
      <trkpt lat="46.62539" lon="7.81281">
        <ele>1513.5</ele>
        <time>2026-05-04T01:09:36.0150000+00:00</time>
      </trkpt>
      <trkpt lat="46.62537" lon="7.8127">
        <ele>1515.36</ele>
        <time>2026-05-04T01:09:50.2030000+00:00</time>
      </trkpt>
      <trkpt lat="46.62535" lon="7.81257">
        <ele>1517.27</ele>
        <time>2026-05-04T01:10:06.8150000+00:00</time>
      </trkpt>
      <trkpt lat="46.62534" lon="7.8125">
        <ele>1518.2</ele>
        <time>2026-05-04T01:10:15.7300000+00:00</time>
      </trkpt>
      <trkpt lat="46.62532" lon="7.8124">
        <ele>1519.27</ele>
        <time>2026-05-04T01:10:28.7180000+00:00</time>
      </trkpt>
      <trkpt lat="46.62529" lon="7.81235">
        <ele>1519.16</ele>
        <time>2026-05-04T01:10:36.9960000+00:00</time>
      </trkpt>
      <trkpt lat="46.62528" lon="7.81229">
        <ele>1519.98</ele>
        <time>2026-05-04T01:10:44.6940000+00:00</time>
      </trkpt>
      <trkpt lat="46.62527" lon="7.81225">
        <ele>1520.41</ele>
        <time>2026-05-04T01:10:50.0000000+00:00</time>
      </trkpt>
      <trkpt lat="46.62526" lon="7.81221">
        <ele>1520.84</ele>
        <time>2026-05-04T01:10:55.3090000+00:00</time>
      </trkpt>
      <trkpt lat="46.62524" lon="7.81218">
        <ele>1520.74</ele>
        <time>2026-05-04T01:11:00.5250000+00:00</time>
      </trkpt>
      <trkpt lat="46.6252" lon="7.81215">
        <ele>1519.97</ele>
        <time>2026-05-04T01:11:08.6920000+00:00</time>
      </trkpt>
      <trkpt lat="46.62513" lon="7.81211">
        <ele>1518.37</ele>
        <time>2026-05-04T01:11:22.3450000+00:00</time>
      </trkpt>
      <trkpt lat="46.62504" lon="7.81203">
        <ele>1516.79</ele>
        <time>2026-05-04T01:11:41.4900000+00:00</time>
      </trkpt>
      <trkpt lat="46.62497" lon="7.81195">
        <ele>1515.84</ele>
        <time>2026-05-04T01:11:57.6460000+00:00</time>
      </trkpt>
      <trkpt lat="46.62492" lon="7.81187">
        <ele>1515.52</ele>
        <time>2026-05-04T01:12:11.1330000+00:00</time>
      </trkpt>
      <trkpt lat="46.62483" lon="7.81173">
        <ele>1515.54</ele>
        <time>2026-05-04T01:12:35.0440000+00:00</time>
      </trkpt>
      <trkpt lat="46.62481" lon="7.81169">
        <ele>1515.81</ele>
        <time>2026-05-04T01:12:41.2130000+00:00</time>
      </trkpt>
      <trkpt lat="46.62478" lon="7.81166">
        <ele>1515.44</ele>
        <time>2026-05-04T01:12:47.8230000+00:00</time>
      </trkpt>
      <trkpt lat="46.62476" lon="7.81162">
        <ele>1515.66</ele>
        <time>2026-05-04T01:12:53.9920000+00:00</time>
      </trkpt>
      <trkpt lat="46.62473" lon="7.81156">
        <ele>1515.96</ele>
        <time>2026-05-04T01:13:03.2460000+00:00</time>
      </trkpt>
      <trkpt lat="46.62471" lon="7.81154">
        <ele>1515.66</ele>
        <time>2026-05-04T01:13:07.6520000+00:00</time>
      </trkpt>
      <trkpt lat="46.62469" lon="7.81151">
        <ele>1515.58</ele>
        <time>2026-05-04T01:13:12.8630000+00:00</time>
      </trkpt>
      <trkpt lat="46.62467" lon="7.81147">
        <ele>1515.72</ele>
        <time>2026-05-04T01:13:19.0320000+00:00</time>
      </trkpt>
      <trkpt lat="46.62465" lon="7.81142">
        <ele>1516.07</ele>
        <time>2026-05-04T01:13:26.2480000+00:00</time>
      </trkpt>
      <trkpt lat="46.62464" lon="7.81137">
        <ele>1516.79</ele>
        <time>2026-05-04T01:13:32.7420000+00:00</time>
      </trkpt>
      <trkpt lat="46.62463" lon="7.81132">
        <ele>1517.5</ele>
        <time>2026-05-04T01:13:39.2340000+00:00</time>
      </trkpt>
      <trkpt lat="46.6246" lon="7.81126">
        <ele>1517.58</ele>
        <time>2026-05-04T01:13:48.4880000+00:00</time>
      </trkpt>
      <trkpt lat="46.62458" lon="7.81119">
        <ele>1518.26</ele>
        <time>2026-05-04T01:13:57.9410000+00:00</time>
      </trkpt>
      <trkpt lat="46.62455" lon="7.81114">
        <ele>1518.03</ele>
        <time>2026-05-04T01:14:06.2190000+00:00</time>
      </trkpt>
      <trkpt lat="46.62448" lon="7.81108">
        <ele>1516.2</ele>
        <time>2026-05-04T01:14:20.9670000+00:00</time>
      </trkpt>
      <trkpt lat="46.62444" lon="7.81106">
        <ele>1517.43</ele>
        <time>2026-05-04T01:14:28.6460000+00:00</time>
      </trkpt>
      <trkpt lat="46.62442" lon="7.81107">
        <ele>1517.66</ele>
        <time>2026-05-04T01:14:32.4870000+00:00</time>
      </trkpt>
      <trkpt lat="46.62441" lon="7.81108">
        <ele>1517.68</ele>
        <time>2026-05-04T01:14:34.6900000+00:00</time>
      </trkpt>
      <trkpt lat="46.6244" lon="7.81111">
        <ele>1517.32</ele>
        <time>2026-05-04T01:14:38.8490000+00:00</time>
      </trkpt>
      <trkpt lat="46.6244" lon="7.81114">
        <ele>1516.73</ele>
        <time>2026-05-04T01:14:42.5890000+00:00</time>
      </trkpt>
      <trkpt lat="46.62442" lon="7.81118">
        <ele>1515.5</ele>
        <time>2026-05-04T01:14:48.7580000+00:00</time>
      </trkpt>
      <trkpt lat="46.62442" lon="7.81123">
        <ele>1514.52</ele>
        <time>2026-05-04T01:14:54.9950000+00:00</time>
      </trkpt>
      <trkpt lat="46.62441" lon="7.81126">
        <ele>1514.17</ele>
        <time>2026-05-04T01:14:59.1550000+00:00</time>
      </trkpt>
      <trkpt lat="46.6244" lon="7.81128">
        <ele>1514.02</ele>
        <time>2026-05-04T01:15:02.2390000+00:00</time>
      </trkpt>
      <trkpt lat="46.62437" lon="7.81131">
        <ele>1514.18</ele>
        <time>2026-05-04T01:15:08.8490000+00:00</time>
      </trkpt>
      <trkpt lat="46.62435" lon="7.81133">
        <ele>1514.29</ele>
        <time>2026-05-04T01:15:13.2570000+00:00</time>
      </trkpt>
      <trkpt lat="46.62433" lon="7.81136">
        <ele>1514.23</ele>
        <time>2026-05-04T01:15:18.4730000+00:00</time>
      </trkpt>
      <trkpt lat="46.62431" lon="7.81139">
        <ele>1514.19</ele>
        <time>2026-05-04T01:15:23.6840000+00:00</time>
      </trkpt>
      <trkpt lat="46.62429" lon="7.81142">
        <ele>1514.17</ele>
        <time>2026-05-04T01:15:28.8990000+00:00</time>
      </trkpt>
      <trkpt lat="46.62428" lon="7.81148">
        <ele>1513.36</ele>
        <time>2026-05-04T01:15:36.5980000+00:00</time>
      </trkpt>
      <trkpt lat="46.62426" lon="7.81151">
        <ele>1513.36</ele>
        <time>2026-05-04T01:15:41.8110000+00:00</time>
      </trkpt>
      <trkpt lat="46.62424" lon="7.81154">
        <ele>1513.39</ele>
        <time>2026-05-04T01:15:47.0260000+00:00</time>
      </trkpt>
      <trkpt lat="46.62419" lon="7.81158">
        <ele>1514.1</ele>
        <time>2026-05-04T01:15:57.3830000+00:00</time>
      </trkpt>
      <trkpt lat="46.62417" lon="7.81163">
        <ele>1513.84</ele>
        <time>2026-05-04T01:16:04.5970000+00:00</time>
      </trkpt>
      <trkpt lat="46.62412" lon="7.8117">
        <ele>1514.17</ele>
        <time>2026-05-04T01:16:17.1900000+00:00</time>
      </trkpt>
      <trkpt lat="46.62412" lon="7.81172">
        <ele>1513.86</ele>
        <time>2026-05-04T01:16:19.6850000+00:00</time>
      </trkpt>
      <trkpt lat="46.62412" lon="7.81175">
        <ele>1513.39</ele>
        <time>2026-05-04T01:16:23.4250000+00:00</time>
      </trkpt>
      <trkpt lat="46.62411" lon="7.81176">
        <ele>1513.53</ele>
        <time>2026-05-04T01:16:25.6280000+00:00</time>
      </trkpt>
      <trkpt lat="46.62412" lon="7.8118">
        <ele>1512.6</ele>
        <time>2026-05-04T01:16:30.9340000+00:00</time>
      </trkpt>
      <trkpt lat="46.62413" lon="7.81184">
        <ele>1511.67</ele>
        <time>2026-05-04T01:16:36.2410000+00:00</time>
      </trkpt>
      <trkpt lat="46.62412" lon="7.8119">
        <ele>1511.07</ele>
        <time>2026-05-04T01:16:43.9390000+00:00</time>
      </trkpt>
      <trkpt lat="46.62411" lon="7.81191">
        <ele>1511.24</ele>
        <time>2026-05-04T01:16:46.1420000+00:00</time>
      </trkpt>
      <trkpt lat="46.6241" lon="7.81192">
        <ele>1511.4</ele>
        <time>2026-05-04T01:16:48.3450000+00:00</time>
      </trkpt>
      <trkpt lat="46.62408" lon="7.81192">
        <ele>1512.03</ele>
        <time>2026-05-04T01:16:51.9740000+00:00</time>
      </trkpt>
      <trkpt lat="46.62405" lon="7.81189">
        <ele>1513.42</ele>
        <time>2026-05-04T01:16:58.5830000+00:00</time>
      </trkpt>
      <trkpt lat="46.62402" lon="7.81188">
        <ele>1514.51</ele>
        <time>2026-05-04T01:17:04.1700000+00:00</time>
      </trkpt>
      <trkpt lat="46.62398" lon="7.81189">
        <ele>1515.61</ele>
        <time>2026-05-04T01:17:11.5370000+00:00</time>
      </trkpt>
      <trkpt lat="46.62393" lon="7.8119">
        <ele>1517.03</ele>
        <time>2026-05-04T01:17:20.7000000+00:00</time>
      </trkpt>
      <trkpt lat="46.62391" lon="7.81189">
        <ele>1517.8</ele>
        <time>2026-05-04T01:17:24.5410000+00:00</time>
      </trkpt>
      <trkpt lat="46.62391" lon="7.81187">
        <ele>1518.1</ele>
        <time>2026-05-04T01:17:27.0400000+00:00</time>
      </trkpt>
      <trkpt lat="46.62392" lon="7.81185">
        <ele>1518.08</ele>
        <time>2026-05-04T01:17:30.1290000+00:00</time>
      </trkpt>
      <trkpt lat="46.62393" lon="7.8118">
        <ele>1518.47</ele>
        <time>2026-05-04T01:17:36.6240000+00:00</time>
      </trkpt>
      <trkpt lat="46.62393" lon="7.81176">
        <ele>1519</ele>
        <time>2026-05-04T01:17:41.6140000+00:00</time>
      </trkpt>
      <trkpt lat="46.62392" lon="7.81175">
        <ele>1519.44</ele>
        <time>2026-05-04T01:17:43.8170000+00:00</time>
      </trkpt>
      <trkpt lat="46.6239" lon="7.81174">
        <ele>1520.17</ele>
        <time>2026-05-04T01:17:47.6580000+00:00</time>
      </trkpt>
      <trkpt lat="46.62389" lon="7.81173">
        <ele>1520.6</ele>
        <time>2026-05-04T01:17:49.8610000+00:00</time>
      </trkpt>
      <trkpt lat="46.62387" lon="7.81171">
        <ele>1521.45</ele>
        <time>2026-05-04T01:17:54.2670000+00:00</time>
      </trkpt>
      <trkpt lat="46.62386" lon="7.81168">
        <ele>1522.12</ele>
        <time>2026-05-04T01:17:58.4270000+00:00</time>
      </trkpt>
      <trkpt lat="46.62386" lon="7.81165">
        <ele>1522.49</ele>
        <time>2026-05-04T01:18:02.1660000+00:00</time>
      </trkpt>
      <trkpt lat="46.62382" lon="7.81159">
        <ele>1524.36</ele>
        <time>2026-05-04T01:18:12.5930000+00:00</time>
      </trkpt>
      <trkpt lat="46.623779999999996" lon="7.81152">
        <ele>1526.29</ele>
        <time>2026-05-04T01:18:23.9480000+00:00</time>
      </trkpt>
      <trkpt lat="46.62375" lon="7.81141">
        <ele>1528.31</ele>
        <time>2026-05-04T01:18:38.7070000+00:00</time>
      </trkpt>
      <trkpt lat="46.62368" lon="7.81131">
        <ele>1531.12</ele>
        <time>2026-05-04T01:18:56.5120000+00:00</time>
      </trkpt>
      <trkpt lat="46.62359" lon="7.81122">
        <ele>1533.48</ele>
        <time>2026-05-04T01:19:16.3350000+00:00</time>
      </trkpt>
      <trkpt lat="46.62351" lon="7.81111">
        <ele>1535.57</ele>
        <time>2026-05-04T01:19:36.3130000+00:00</time>
      </trkpt>
      <trkpt lat="46.62343" lon="7.81099">
        <ele>1537.88</ele>
        <time>2026-05-04T01:19:57.1660000+00:00</time>
      </trkpt>
      <trkpt lat="46.62336" lon="7.8109">
        <ele>1540.14</ele>
        <time>2026-05-04T01:20:14.1210000+00:00</time>
      </trkpt>
      <trkpt lat="46.6233" lon="7.81084">
        <ele>1541.88</ele>
        <time>2026-05-04T01:20:27.3360000+00:00</time>
      </trkpt>
      <trkpt lat="46.62327" lon="7.81074">
        <ele>1543.84</ele>
        <time>2026-05-04T01:20:40.9430000+00:00</time>
      </trkpt>
      <trkpt lat="46.62322" lon="7.81068">
        <ele>1545.51</ele>
        <time>2026-05-04T01:20:52.7080000+00:00</time>
      </trkpt>
      <trkpt lat="46.62318" lon="7.81062">
        <ele>1547.07</ele>
        <time>2026-05-04T01:21:03.1350000+00:00</time>
      </trkpt>
      <trkpt lat="46.62322" lon="7.81058">
        <ele>1547.08</ele>
        <time>2026-05-04T01:21:11.9460000+00:00</time>
      </trkpt>
      <trkpt lat="46.62319" lon="7.81055">
        <ele>1548.02</ele>
        <time>2026-05-04T01:21:18.5560000+00:00</time>
      </trkpt>
      <trkpt lat="46.62316" lon="7.81052">
        <ele>1548.98</ele>
        <time>2026-05-04T01:21:25.1650000+00:00</time>
      </trkpt>
      <trkpt lat="46.62313" lon="7.81049">
        <ele>1549.94</ele>
        <time>2026-05-04T01:21:31.7720000+00:00</time>
      </trkpt>
      <trkpt lat="46.62307" lon="7.81045">
        <ele>1551.57</ele>
        <time>2026-05-04T01:21:43.7530000+00:00</time>
      </trkpt>
      <trkpt lat="46.62302" lon="7.81042">
        <ele>1552.89</ele>
        <time>2026-05-04T01:21:53.5720000+00:00</time>
      </trkpt>
      <trkpt lat="46.62297" lon="7.81039">
        <ele>1554.23</ele>
        <time>2026-05-04T01:22:03.3900000+00:00</time>
      </trkpt>
      <trkpt lat="46.62293" lon="7.81038">
        <ele>1555.07</ele>
        <time>2026-05-04T01:22:10.7560000+00:00</time>
      </trkpt>
      <trkpt lat="46.62287" lon="7.81038">
        <ele>1556.07</ele>
        <time>2026-05-04T01:22:21.6490000+00:00</time>
      </trkpt>
      <trkpt lat="46.62282" lon="7.81037">
        <ele>1557.09</ele>
        <time>2026-05-04T01:22:30.8110000+00:00</time>
      </trkpt>
      <trkpt lat="46.6228" lon="7.81037">
        <ele>1557.14</ele>
        <time>2026-05-04T01:22:34.4400000+00:00</time>
      </trkpt>
      <trkpt lat="46.62278" lon="7.81036">
        <ele>1557.26</ele>
        <time>2026-05-04T01:22:38.2810000+00:00</time>
      </trkpt>
      <trkpt lat="46.62275" lon="7.81034">
        <ele>1557.54</ele>
        <time>2026-05-04T01:22:44.2720000+00:00</time>
      </trkpt>
      <trkpt lat="46.6227" lon="7.81029">
        <ele>1558.31</ele>
        <time>2026-05-04T01:22:55.2860000+00:00</time>
      </trkpt>
      <trkpt lat="46.62268" lon="7.81026">
        <ele>1558.8</ele>
        <time>2026-05-04T01:23:00.4990000+00:00</time>
      </trkpt>
      <trkpt lat="46.62265" lon="7.81021">
        <ele>1559.65</ele>
        <time>2026-05-04T01:23:08.7780000+00:00</time>
      </trkpt>
      <trkpt lat="46.62263" lon="7.81015">
        <ele>1560.72</ele>
        <time>2026-05-04T01:23:17.0940000+00:00</time>
      </trkpt>
      <trkpt lat="46.62261" lon="7.8101">
        <ele>1561.64</ele>
        <time>2026-05-04T01:23:24.3120000+00:00</time>
      </trkpt>
      <trkpt lat="46.6226" lon="7.81004">
        <ele>1562.79</ele>
        <time>2026-05-04T01:23:32.0110000+00:00</time>
      </trkpt>
      <trkpt lat="46.62259" lon="7.80996">
        <ele>1564.33</ele>
        <time>2026-05-04T01:23:42.1510000+00:00</time>
      </trkpt>
      <trkpt lat="46.62258" lon="7.80986">
        <ele>1566.27</ele>
        <time>2026-05-04T01:23:54.7510000+00:00</time>
      </trkpt>
      <trkpt lat="46.62257" lon="7.80979">
        <ele>1567.62</ele>
        <time>2026-05-04T01:24:03.6670000+00:00</time>
      </trkpt>
      <trkpt lat="46.62256" lon="7.80975">
        <ele>1568.38</ele>
        <time>2026-05-04T01:24:08.9780000+00:00</time>
      </trkpt>
      <trkpt lat="46.62254" lon="7.80972">
        <ele>1568.93</ele>
        <time>2026-05-04T01:24:14.1910000+00:00</time>
      </trkpt>
      <trkpt lat="46.62251" lon="7.80971">
        <ele>1569.08</ele>
        <time>2026-05-04T01:24:19.7800000+00:00</time>
      </trkpt>
      <trkpt lat="46.62248" lon="7.80971">
        <ele>1569.03</ele>
        <time>2026-05-04T01:24:25.2300000+00:00</time>
      </trkpt>
      <trkpt lat="46.62245" lon="7.80972">
        <ele>1568.78</ele>
        <time>2026-05-04T01:24:30.8170000+00:00</time>
      </trkpt>
      <trkpt lat="46.62241" lon="7.80976">
        <ele>1567.91</ele>
        <time>2026-05-04T01:24:39.6260000+00:00</time>
      </trkpt>
      <trkpt lat="46.62237" lon="7.80978">
        <ele>1567.44</ele>
        <time>2026-05-04T01:24:47.3050000+00:00</time>
      </trkpt>
      <trkpt lat="46.62234" lon="7.80979">
        <ele>1567.19</ele>
        <time>2026-05-04T01:24:52.8940000+00:00</time>
      </trkpt>
      <trkpt lat="46.62232" lon="7.80979">
        <ele>1567.15</ele>
        <time>2026-05-04T01:24:56.5260000+00:00</time>
      </trkpt>
      <trkpt lat="46.6223" lon="7.80979">
        <ele>1567.11</ele>
        <time>2026-05-04T01:25:00.1550000+00:00</time>
      </trkpt>
      <trkpt lat="46.62226" lon="7.80977">
        <ele>1567.44</ele>
        <time>2026-05-04T01:25:07.8340000+00:00</time>
      </trkpt>
      <trkpt lat="46.62223" lon="7.80975">
        <ele>1567.78</ele>
        <time>2026-05-04T01:25:13.8250000+00:00</time>
      </trkpt>
      <trkpt lat="46.62227" lon="7.80969">
        <ele>1569.06</ele>
        <time>2026-05-04T01:25:24.2540000+00:00</time>
      </trkpt>
      <trkpt lat="46.62232" lon="7.80961">
        <ele>1570.74</ele>
        <time>2026-05-04T01:25:37.7420000+00:00</time>
      </trkpt>
      <trkpt lat="46.6224" lon="7.80949">
        <ele>1573.24</ele>
        <time>2026-05-04T01:25:58.5950000+00:00</time>
      </trkpt>
      <trkpt lat="46.62243" lon="7.80942">
        <ele>1574.67</ele>
        <time>2026-05-04T01:26:08.8850000+00:00</time>
      </trkpt>
      <trkpt lat="46.62245" lon="7.80936">
        <ele>1575.88</ele>
        <time>2026-05-04T01:26:17.2000000+00:00</time>
      </trkpt>
      <trkpt lat="46.62246" lon="7.80931">
        <ele>1576.88</ele>
        <time>2026-05-04T01:26:23.6960000+00:00</time>
      </trkpt>
      <trkpt lat="46.62245" lon="7.80928">
        <ele>1577.47</ele>
        <time>2026-05-04T01:26:27.8550000+00:00</time>
      </trkpt>
      <trkpt lat="46.62246" lon="7.80924">
        <ele>1578.28</ele>
        <time>2026-05-04T01:26:33.1640000+00:00</time>
      </trkpt>
      <trkpt lat="46.62246" lon="7.80918">
        <ele>1579.47</ele>
        <time>2026-05-04T01:26:40.6470000+00:00</time>
      </trkpt>
      <trkpt lat="46.62246" lon="7.80915">
        <ele>1580.07</ele>
        <time>2026-05-04T01:26:44.3860000+00:00</time>
      </trkpt>
      <trkpt lat="46.62246" lon="7.80907">
        <ele>1581.66</ele>
        <time>2026-05-04T01:26:54.3620000+00:00</time>
      </trkpt>
      <trkpt lat="46.62245" lon="7.80901">
        <ele>1582.84</ele>
        <time>2026-05-04T01:27:02.0620000+00:00</time>
      </trkpt>
      <trkpt lat="46.62246" lon="7.80894">
        <ele>1584.25</ele>
        <time>2026-05-04T01:27:10.9770000+00:00</time>
      </trkpt>
      <trkpt lat="46.62247" lon="7.80885">
        <ele>1586.06</ele>
        <time>2026-05-04T01:27:22.3450000+00:00</time>
      </trkpt>
      <trkpt lat="46.62247" lon="7.80878">
        <ele>1587.45</ele>
        <time>2026-05-04T01:27:31.0720000+00:00</time>
      </trkpt>
      <trkpt lat="46.62246" lon="7.80872">
        <ele>1588.63</ele>
        <time>2026-05-04T01:27:38.7700000+00:00</time>
      </trkpt>
      <trkpt lat="46.62247" lon="7.80869">
        <ele>1589.25</ele>
        <time>2026-05-04T01:27:42.9260000+00:00</time>
      </trkpt>
      <trkpt lat="46.62246" lon="7.80866">
        <ele>1589.82</ele>
        <time>2026-05-04T01:27:47.0830000+00:00</time>
      </trkpt>
      <trkpt lat="46.62246" lon="7.80866">
        <ele>1589.82</ele>
        <time>2026-05-04T01:27:47.0830000+00:00</time>
      </trkpt>
      <trkpt lat="46.62244" lon="7.80866">
        <ele>1589.78</ele>
        <time>2026-05-04T01:27:50.7180000+00:00</time>
      </trkpt>
      <trkpt lat="46.62242" lon="7.80867">
        <ele>1589.54</ele>
        <time>2026-05-04T01:27:54.5590000+00:00</time>
      </trkpt>
      <trkpt lat="46.62239" lon="7.80867">
        <ele>1589.47</ele>
        <time>2026-05-04T01:28:00.0040000+00:00</time>
      </trkpt>
      <trkpt lat="46.62239" lon="7.80865">
        <ele>1589.87</ele>
        <time>2026-05-04T01:28:02.4940000+00:00</time>
      </trkpt>
      <trkpt lat="46.62237" lon="7.80865">
        <ele>1589.83</ele>
        <time>2026-05-04T01:28:06.1230000+00:00</time>
      </trkpt>
      <trkpt lat="46.62234" lon="7.80864">
        <ele>1589.96</ele>
        <time>2026-05-04T01:28:11.7120000+00:00</time>
      </trkpt>
      <trkpt lat="46.62232" lon="7.8086">
        <ele>1590.7</ele>
        <time>2026-05-04T01:28:17.8810000+00:00</time>
      </trkpt>
      <trkpt lat="46.62226" lon="7.80851">
        <ele>1592.33</ele>
        <time>2026-05-04T01:28:33.5210000+00:00</time>
      </trkpt>
      <trkpt lat="46.62224" lon="7.80845">
        <ele>1593.36</ele>
        <time>2026-05-04T01:28:41.8370000+00:00</time>
      </trkpt>
      <trkpt lat="46.62223" lon="7.8084">
        <ele>1594.2</ele>
        <time>2026-05-04T01:28:48.3300000+00:00</time>
      </trkpt>
      <trkpt lat="46.62222" lon="7.80837">
        <ele>1594.7</ele>
        <time>2026-05-04T01:28:52.4900000+00:00</time>
      </trkpt>
      <trkpt lat="46.62222" lon="7.80834">
        <ele>1595.22</ele>
        <time>2026-05-04T01:28:56.2290000+00:00</time>
      </trkpt>
      <trkpt lat="46.62222" lon="7.8083">
        <ele>1595.92</ele>
        <time>2026-05-04T01:29:01.2160000+00:00</time>
      </trkpt>
      <trkpt lat="46.62222" lon="7.80828">
        <ele>1596.26</ele>
        <time>2026-05-04T01:29:03.7060000+00:00</time>
      </trkpt>
      <trkpt lat="46.6222" lon="7.80825">
        <ele>1596.75</ele>
        <time>2026-05-04T01:29:08.9190000+00:00</time>
      </trkpt>
      <trkpt lat="46.62219" lon="7.80822">
        <ele>1597.25</ele>
        <time>2026-05-04T01:29:13.0790000+00:00</time>
      </trkpt>
      <trkpt lat="46.62218" lon="7.80819">
        <ele>1597.76</ele>
        <time>2026-05-04T01:29:17.2380000+00:00</time>
      </trkpt>
      <trkpt lat="46.62216" lon="7.80817">
        <ele>1598.08</ele>
        <time>2026-05-04T01:29:21.6440000+00:00</time>
      </trkpt>
      <trkpt lat="46.62213" lon="7.80816">
        <ele>1598.21</ele>
        <time>2026-05-04T01:29:27.2310000+00:00</time>
      </trkpt>
      <trkpt lat="46.62208" lon="7.80812">
        <ele>1598.85</ele>
        <time>2026-05-04T01:29:37.5900000+00:00</time>
      </trkpt>
      <trkpt lat="46.62204" lon="7.80807">
        <ele>1599.69</ele>
        <time>2026-05-04T01:29:47.1630000+00:00</time>
      </trkpt>
      <trkpt lat="46.62199" lon="7.80802">
        <ele>1600.53</ele>
        <time>2026-05-04T01:29:58.1760000+00:00</time>
      </trkpt>
      <trkpt lat="46.62194" lon="7.80796">
        <ele>1601.46</ele>
        <time>2026-05-04T01:30:09.9410000+00:00</time>
      </trkpt>
      <trkpt lat="46.62191" lon="7.80791">
        <ele>1602.28</ele>
        <time>2026-05-04T01:30:18.2220000+00:00</time>
      </trkpt>
      <trkpt lat="46.62187" lon="7.80788">
        <ele>1602.7</ele>
        <time>2026-05-04T01:30:26.3920000+00:00</time>
      </trkpt>
      <trkpt lat="46.62183" lon="7.80783">
        <ele>1603.5</ele>
        <time>2026-05-04T01:30:35.9640000+00:00</time>
      </trkpt>
      <trkpt lat="46.6218" lon="7.80777">
        <ele>1604.53</ele>
        <time>2026-05-04T01:30:45.2200000+00:00</time>
      </trkpt>
      <trkpt lat="46.62176" lon="7.80773">
        <ele>1605.17</ele>
        <time>2026-05-04T01:30:54.0310000+00:00</time>
      </trkpt>
      <trkpt lat="46.62172" lon="7.80765">
        <ele>1606.54</ele>
        <time>2026-05-04T01:31:06.3700000+00:00</time>
      </trkpt>
      <trkpt lat="46.6217" lon="7.80759">
        <ele>1607.45</ele>
        <time>2026-05-04T01:31:14.6870000+00:00</time>
      </trkpt>
      <trkpt lat="46.62168" lon="7.80754">
        <ele>1608.21</ele>
        <time>2026-05-04T01:31:21.9030000+00:00</time>
      </trkpt>
      <trkpt lat="46.62163" lon="7.80746">
        <ele>1609.38</ele>
        <time>2026-05-04T01:31:35.3920000+00:00</time>
      </trkpt>
      <trkpt lat="46.6216" lon="7.80741">
        <ele>1610.13</ele>
        <time>2026-05-04T01:31:43.6730000+00:00</time>
      </trkpt>
      <trkpt lat="46.62159" lon="7.80734">
        <ele>1611.24</ele>
        <time>2026-05-04T01:31:52.5880000+00:00</time>
      </trkpt>
      <trkpt lat="46.62157" lon="7.80727">
        <ele>1612.34</ele>
        <time>2026-05-04T01:32:02.0420000+00:00</time>
      </trkpt>
      <trkpt lat="46.62153" lon="7.8072">
        <ele>1613.4</ele>
        <time>2026-05-04T01:32:13.3970000+00:00</time>
      </trkpt>
      <trkpt lat="46.62148" lon="7.8071">
        <ele>1614.95</ele>
        <time>2026-05-04T01:32:28.8210000+00:00</time>
      </trkpt>
      <trkpt lat="46.62144" lon="7.80707">
        <ele>1615.38</ele>
        <time>2026-05-04T01:32:36.9910000+00:00</time>
      </trkpt>
      <trkpt lat="46.6214" lon="7.80702">
        <ele>1616.14</ele>
        <time>2026-05-04T01:32:46.5640000+00:00</time>
      </trkpt>
      <trkpt lat="46.62142" lon="7.80698">
        <ele>1616.82</ele>
        <time>2026-05-04T01:32:52.7330000+00:00</time>
      </trkpt>
      <trkpt lat="46.62142" lon="7.80694">
        <ele>1617.48</ele>
        <time>2026-05-04T01:32:57.7220000+00:00</time>
      </trkpt>
      <trkpt lat="46.62141" lon="7.8069">
        <ele>1618.12</ele>
        <time>2026-05-04T01:33:03.0340000+00:00</time>
      </trkpt>
      <trkpt lat="46.62138" lon="7.80684">
        <ele>1619.07</ele>
        <time>2026-05-04T01:33:12.2880000+00:00</time>
      </trkpt>
      <trkpt lat="46.62125" lon="7.8066">
        <ele>1622.92</ele>
        <time>2026-05-04T01:33:50.4020000+00:00</time>
      </trkpt>
      <trkpt lat="46.62115" lon="7.80643">
        <ele>1625.69</ele>
        <time>2026-05-04T01:34:18.3140000+00:00</time>
      </trkpt>
      <trkpt lat="46.62112" lon="7.80638">
        <ele>1626.21</ele>
        <time>2026-05-04T01:34:26.5920000+00:00</time>
      </trkpt>
      <trkpt lat="46.62109" lon="7.80636">
        <ele>1626.22</ele>
        <time>2026-05-04T01:34:32.5830000+00:00</time>
      </trkpt>
      <trkpt lat="46.62106" lon="7.80635">
        <ele>1626.07</ele>
        <time>2026-05-04T01:34:38.1720000+00:00</time>
      </trkpt>
      <trkpt lat="46.62099" lon="7.80635">
        <ele>1625.31</ele>
        <time>2026-05-04T01:34:50.8810000+00:00</time>
      </trkpt>
      <trkpt lat="46.6209" lon="7.80635">
        <ele>1624.34</ele>
        <time>2026-05-04T01:35:07.2210000+00:00</time>
      </trkpt>
      <trkpt lat="46.62087" lon="7.80633">
        <ele>1624.35</ele>
        <time>2026-05-04T01:35:13.2110000+00:00</time>
      </trkpt>
      <trkpt lat="46.62086" lon="7.80631">
        <ele>1624.58</ele>
        <time>2026-05-04T01:35:16.2950000+00:00</time>
      </trkpt>
      <trkpt lat="46.62085" lon="7.80627">
        <ele>1625.14</ele>
        <time>2026-05-04T01:35:21.6070000+00:00</time>
      </trkpt>
      <trkpt lat="46.62084" lon="7.80621">
        <ele>1626.04</ele>
        <time>2026-05-04T01:35:29.3070000+00:00</time>
      </trkpt>
      <trkpt lat="46.62084" lon="7.80617">
        <ele>1626.72</ele>
        <time>2026-05-04T01:35:34.2970000+00:00</time>
      </trkpt>
      <trkpt lat="46.62083" lon="7.806">
        <ele>1629.47</ele>
        <time>2026-05-04T01:35:55.5730000+00:00</time>
      </trkpt>
      <trkpt lat="46.62083" lon="7.80581">
        <ele>1632.97</ele>
        <time>2026-05-04T01:36:19.2660000+00:00</time>
      </trkpt>
      <trkpt lat="46.62084" lon="7.80552">
        <ele>1638.43</ele>
        <time>2026-05-04T01:36:55.4740000+00:00</time>
      </trkpt>
      <trkpt lat="46.62085" lon="7.8053">
        <ele>1642.59</ele>
        <time>2026-05-04T01:37:22.9680000+00:00</time>
      </trkpt>
      <trkpt lat="46.62084" lon="7.80515">
        <ele>1645.28</ele>
        <time>2026-05-04T01:37:41.7610000+00:00</time>
      </trkpt>
      <trkpt lat="46.62084" lon="7.8051">
        <ele>1646.28</ele>
        <time>2026-05-04T01:37:47.9980000+00:00</time>
      </trkpt>
      <trkpt lat="46.62083" lon="7.80506">
        <ele>1646.98</ele>
        <time>2026-05-04T01:37:53.3050000+00:00</time>
      </trkpt>
      <trkpt lat="46.62081" lon="7.80505">
        <ele>1646.98</ele>
        <time>2026-05-04T01:37:57.1460000+00:00</time>
      </trkpt>
      <trkpt lat="46.62079" lon="7.80504">
        <ele>1646.99</ele>
        <time>2026-05-04T01:38:00.9870000+00:00</time>
      </trkpt>
      <trkpt lat="46.62076" lon="7.80505">
        <ele>1646.49</ele>
        <time>2026-05-04T01:38:06.5720000+00:00</time>
      </trkpt>
      <trkpt lat="46.62076" lon="7.80506">
        <ele>1646.29</ele>
        <time>2026-05-04T01:38:07.8120000+00:00</time>
      </trkpt>
      <trkpt lat="46.62073" lon="7.80508">
        <ele>1645.61</ele>
        <time>2026-05-04T01:38:13.8010000+00:00</time>
      </trkpt>
      <trkpt lat="46.62068" lon="7.80511">
        <ele>1644.53</ele>
        <time>2026-05-04T01:38:23.6200000+00:00</time>
      </trkpt>
      <trkpt lat="46.62064" lon="7.80513">
        <ele>1643.75</ele>
        <time>2026-05-04T01:38:31.2990000+00:00</time>
      </trkpt>
      <trkpt lat="46.62061" lon="7.80514">
        <ele>1643.26</ele>
        <time>2026-05-04T01:38:36.8850000+00:00</time>
      </trkpt>
      <trkpt lat="46.6206" lon="7.80512">
        <ele>1643.56</ele>
        <time>2026-05-04T01:38:39.9700000+00:00</time>
      </trkpt>
      <trkpt lat="46.62061" lon="7.8051">
        <ele>1644.05</ele>
        <time>2026-05-04T01:38:43.0550000+00:00</time>
      </trkpt>
      <trkpt lat="46.62063" lon="7.80508">
        <ele>1644.63</ele>
        <time>2026-05-04T01:38:47.4610000+00:00</time>
      </trkpt>
      <trkpt lat="46.62063" lon="7.80506">
        <ele>1645.03</ele>
        <time>2026-05-04T01:38:49.9560000+00:00</time>
      </trkpt>
      <trkpt lat="46.62061" lon="7.80507">
        <ele>1644.63</ele>
        <time>2026-05-04T01:38:53.7930000+00:00</time>
      </trkpt>
      <trkpt lat="46.6206" lon="7.80507">
        <ele>1644.54</ele>
        <time>2026-05-04T01:38:55.6140000+00:00</time>
      </trkpt>
      <trkpt lat="46.62056" lon="7.80506">
        <ele>1644.34</ele>
        <time>2026-05-04T01:39:02.9830000+00:00</time>
      </trkpt>
      <trkpt lat="46.62054" lon="7.80503">
        <ele>1644.73</ele>
        <time>2026-05-04T01:39:08.1960000+00:00</time>
      </trkpt>
      <trkpt lat="46.62052" lon="7.80496">
        <ele>1645.9</ele>
        <time>2026-05-04T01:39:17.6510000+00:00</time>
      </trkpt>
      <trkpt lat="46.62051" lon="7.80489">
        <ele>1647.17</ele>
        <time>2026-05-04T01:39:26.5660000+00:00</time>
      </trkpt>
      <trkpt lat="46.6205" lon="7.80483">
        <ele>1648.24</ele>
        <time>2026-05-04T01:39:34.2640000+00:00</time>
      </trkpt>
      <trkpt lat="46.62051" lon="7.8048">
        <ele>1648.92</ele>
        <time>2026-05-04T01:39:38.4200000+00:00</time>
      </trkpt>
      <trkpt lat="46.6205" lon="7.80474">
        <ele>1649.99</ele>
        <time>2026-05-04T01:39:46.1180000+00:00</time>
      </trkpt>
      <trkpt lat="46.62047" lon="7.80465">
        <ele>1651.43</ele>
        <time>2026-05-04T01:39:58.5920000+00:00</time>
      </trkpt>
      <trkpt lat="46.62045" lon="7.8046">
        <ele>1652.2</ele>
        <time>2026-05-04T01:40:05.8060000+00:00</time>
      </trkpt>
      <trkpt lat="46.62043" lon="7.80458">
        <ele>1652.38</ele>
        <time>2026-05-04T01:40:10.2130000+00:00</time>
      </trkpt>
      <trkpt lat="46.62039" lon="7.80456">
        <ele>1652.35</ele>
        <time>2026-05-04T01:40:17.8930000+00:00</time>
      </trkpt>
      <trkpt lat="46.62034" lon="7.80455">
        <ele>1652.01</ele>
        <time>2026-05-04T01:40:27.0560000+00:00</time>
      </trkpt>
      <trkpt lat="46.62027" lon="7.80455">
        <ele>1652.16</ele>
        <time>2026-05-04T01:40:39.7650000+00:00</time>
      </trkpt>
      <trkpt lat="46.62024" lon="7.80455">
        <ele>1652.41</ele>
        <time>2026-05-04T01:40:45.2100000+00:00</time>
      </trkpt>
      <trkpt lat="46.62022" lon="7.80453">
        <ele>1652.96</ele>
        <time>2026-05-04T01:40:49.6160000+00:00</time>
      </trkpt>
      <trkpt lat="46.62018" lon="7.80449">
        <ele>1654.07</ele>
        <time>2026-05-04T01:40:58.4260000+00:00</time>
      </trkpt>
      <trkpt lat="46.62011" lon="7.80441">
        <ele>1656.19</ele>
        <time>2026-05-04T01:41:14.5820000+00:00</time>
      </trkpt>
      <trkpt lat="46.62008" lon="7.8044">
        <ele>1656.64</ele>
        <time>2026-05-04T01:41:20.1710000+00:00</time>
      </trkpt>
      <trkpt lat="46.62003" lon="7.80438">
        <ele>1657.44</ele>
        <time>2026-05-04T01:41:29.5860000+00:00</time>
      </trkpt>
      <trkpt lat="46.62001" lon="7.80435">
        <ele>1658.19</ele>
        <time>2026-05-04T01:41:34.8020000+00:00</time>
      </trkpt>
      <trkpt lat="46.61999" lon="7.80431">
        <ele>1659.13</ele>
        <time>2026-05-04T01:41:40.9710000+00:00</time>
      </trkpt>
      <trkpt lat="46.61994" lon="7.80426">
        <ele>1660.51</ele>
        <time>2026-05-04T01:41:51.9840000+00:00</time>
      </trkpt>
      <trkpt lat="46.61988" lon="7.80419">
        <ele>1662.35</ele>
        <time>2026-05-04T01:42:05.9440000+00:00</time>
      </trkpt>
      <trkpt lat="46.61979" lon="7.80411">
        <ele>1664.58</ele>
        <time>2026-05-04T01:42:25.0890000+00:00</time>
      </trkpt>
      <trkpt lat="46.61977" lon="7.80409">
        <ele>1665.11</ele>
        <time>2026-05-04T01:42:29.4950000+00:00</time>
      </trkpt>
      <trkpt lat="46.61972" lon="7.80406">
        <ele>1666.06</ele>
        <time>2026-05-04T01:42:39.3140000+00:00</time>
      </trkpt>
      <trkpt lat="46.61965" lon="7.80397">
        <ele>1668.26</ele>
        <time>2026-05-04T01:42:56.2690000+00:00</time>
      </trkpt>
      <trkpt lat="46.61956" lon="7.80385">
        <ele>1671.11</ele>
        <time>2026-05-04T01:43:18.4260000+00:00</time>
      </trkpt>
      <trkpt lat="46.61952" lon="7.8038">
        <ele>1672.29</ele>
        <time>2026-05-04T01:43:27.9990000+00:00</time>
      </trkpt>
      <trkpt lat="46.61949" lon="7.80378">
        <ele>1672.86</ele>
        <time>2026-05-04T01:43:33.9880000+00:00</time>
      </trkpt>
      <trkpt lat="46.61946" lon="7.80377">
        <ele>1673.3</ele>
        <time>2026-05-04T01:43:39.5750000+00:00</time>
      </trkpt>
      <trkpt lat="46.61944" lon="7.80376">
        <ele>1673.67</ele>
        <time>2026-05-04T01:43:43.4130000+00:00</time>
      </trkpt>
      <trkpt lat="46.6194" lon="7.80373">
        <ele>1674.58</ele>
        <time>2026-05-04T01:43:51.5830000+00:00</time>
      </trkpt>
      <trkpt lat="46.61936" lon="7.80369">
        <ele>1675.68</ele>
        <time>2026-05-04T01:44:00.3920000+00:00</time>
      </trkpt>
      <trkpt lat="46.61932" lon="7.80366">
        <ele>1676.6</ele>
        <time>2026-05-04T01:44:08.5630000+00:00</time>
      </trkpt>
      <trkpt lat="46.6193" lon="7.80358">
        <ele>1678.25</ele>
        <time>2026-05-04T01:44:19.1780000+00:00</time>
      </trkpt>
      <trkpt lat="46.6193" lon="7.80355">
        <ele>1678.8</ele>
        <time>2026-05-04T01:44:22.9180000+00:00</time>
      </trkpt>
      <trkpt lat="46.61927" lon="7.8035">
        <ele>1680</ele>
        <time>2026-05-04T01:44:31.1960000+00:00</time>
      </trkpt>
      <trkpt lat="46.61926" lon="7.80344">
        <ele>1681.33</ele>
        <time>2026-05-04T01:44:38.8940000+00:00</time>
      </trkpt>
      <trkpt lat="46.61924" lon="7.80335">
        <ele>1683.4</ele>
        <time>2026-05-04T01:44:50.6890000+00:00</time>
      </trkpt>
      <trkpt lat="46.61924" lon="7.80328">
        <ele>1684.85</ele>
        <time>2026-05-04T01:44:59.4160000+00:00</time>
      </trkpt>
      <trkpt lat="46.61922" lon="7.80318">
        <ele>1687.13</ele>
        <time>2026-05-04T01:45:12.4040000+00:00</time>
      </trkpt>
      <trkpt lat="46.6192" lon="7.80312">
        <ele>1688.58</ele>
        <time>2026-05-04T01:45:20.7190000+00:00</time>
      </trkpt>
      <trkpt lat="46.61919" lon="7.80304">
        <ele>1690.35</ele>
        <time>2026-05-04T01:45:30.8590000+00:00</time>
      </trkpt>
      <trkpt lat="46.6192" lon="7.8030099999999996">
        <ele>1690.87</ele>
        <time>2026-05-04T01:45:35.0190000+00:00</time>
      </trkpt>
      <trkpt lat="46.6192" lon="7.80296">
        <ele>1691.91</ele>
        <time>2026-05-04T01:45:41.2520000+00:00</time>
      </trkpt>
      <trkpt lat="46.61919" lon="7.80289">
        <ele>1693.47</ele>
        <time>2026-05-04T01:45:50.1670000+00:00</time>
      </trkpt>
      <trkpt lat="46.6192" lon="7.80285">
        <ele>1694.2</ele>
        <time>2026-05-04T01:45:55.4740000+00:00</time>
      </trkpt>
      <trkpt lat="46.6192" lon="7.8028">
        <ele>1695.24</ele>
        <time>2026-05-04T01:46:01.7070000+00:00</time>
      </trkpt>
      <trkpt lat="46.6192" lon="7.80273">
        <ele>1696.7</ele>
        <time>2026-05-04T01:46:10.4350000+00:00</time>
      </trkpt>
      <trkpt lat="46.61921" lon="7.80268">
        <ele>1697.64</ele>
        <time>2026-05-04T01:46:16.9270000+00:00</time>
      </trkpt>
      <trkpt lat="46.61922" lon="7.80259">
        <ele>1699.8</ele>
        <time>2026-05-04T01:46:28.2940000+00:00</time>
      </trkpt>
      <trkpt lat="46.61922" lon="7.80255">
        <ele>1700.85</ele>
        <time>2026-05-04T01:46:33.2810000+00:00</time>
      </trkpt>
      <trkpt lat="46.6192" lon="7.80251">
        <ele>1702.08</ele>
        <time>2026-05-04T01:46:39.4490000+00:00</time>
      </trkpt>
      <trkpt lat="46.6192" lon="7.80245">
        <ele>1703.63</ele>
        <time>2026-05-04T01:46:46.9290000+00:00</time>
      </trkpt>
      <trkpt lat="46.61918" lon="7.80234">
        <ele>1706.64</ele>
        <time>2026-05-04T01:47:01.1180000+00:00</time>
      </trkpt>
      <trkpt lat="46.61915" lon="7.80229">
        <ele>1708.14</ele>
        <time>2026-05-04T01:47:09.3970000+00:00</time>
      </trkpt>
      <trkpt lat="46.61915" lon="7.80226">
        <ele>1708.9</ele>
        <time>2026-05-04T01:47:13.1430000+00:00</time>
      </trkpt>
      <trkpt lat="46.61917" lon="7.80224">
        <ele>1709.28</ele>
        <time>2026-05-04T01:47:17.5510000+00:00</time>
      </trkpt>
      <trkpt lat="46.61916" lon="7.8022">
        <ele>1710.37</ele>
        <time>2026-05-04T01:47:22.8600000+00:00</time>
      </trkpt>
      <trkpt lat="46.61914" lon="7.80217">
        <ele>1711.25</ele>
        <time>2026-05-04T01:47:28.0760000+00:00</time>
      </trkpt>
      <trkpt lat="46.61913" lon="7.80213">
        <ele>1712.32</ele>
        <time>2026-05-04T01:47:33.3850000+00:00</time>
      </trkpt>
      <trkpt lat="46.61912" lon="7.80209">
        <ele>1713.38</ele>
        <time>2026-05-04T01:47:38.6940000+00:00</time>
      </trkpt>
      <trkpt lat="46.61912" lon="7.80207">
        <ele>1713.88</ele>
        <time>2026-05-04T01:47:41.1880000+00:00</time>
      </trkpt>
      <trkpt lat="46.61911" lon="7.80203">
        <ele>1714.93</ele>
        <time>2026-05-04T01:47:46.4950000+00:00</time>
      </trkpt>
      <trkpt lat="46.6191" lon="7.80199">
        <ele>1715.98</ele>
        <time>2026-05-04T01:47:51.8020000+00:00</time>
      </trkpt>
      <trkpt lat="46.61911" lon="7.80194">
        <ele>1717.19</ele>
        <time>2026-05-04T01:47:58.2940000+00:00</time>
      </trkpt>
      <trkpt lat="46.6191" lon="7.80191">
        <ele>1717.97</ele>
        <time>2026-05-04T01:48:02.4500000+00:00</time>
      </trkpt>
      <trkpt lat="46.61907" lon="7.80189">
        <ele>1718.56</ele>
        <time>2026-05-04T01:48:08.4420000+00:00</time>
      </trkpt>
      <trkpt lat="46.61905" lon="7.80189">
        <ele>1718.62</ele>
        <time>2026-05-04T01:48:12.0770000+00:00</time>
      </trkpt>
      <trkpt lat="46.61904" lon="7.80192">
        <ele>1717.92</ele>
        <time>2026-05-04T01:48:16.2360000+00:00</time>
      </trkpt>
      <trkpt lat="46.61901" lon="7.80196">
        <ele>1717.06</ele>
        <time>2026-05-04T01:48:23.6220000+00:00</time>
      </trkpt>
      <trkpt lat="46.61899" lon="7.80199">
        <ele>1716.41</ele>
        <time>2026-05-04T01:48:28.8370000+00:00</time>
      </trkpt>
      <trkpt lat="46.61898" lon="7.80205">
        <ele>1715.03</ele>
        <time>2026-05-04T01:48:36.5360000+00:00</time>
      </trkpt>
      <trkpt lat="46.61896" lon="7.8021">
        <ele>1713.95</ele>
        <time>2026-05-04T01:48:43.7500000+00:00</time>
      </trkpt>
      <trkpt lat="46.61894" lon="7.80217">
        <ele>1712.41</ele>
        <time>2026-05-04T01:48:53.2050000+00:00</time>
      </trkpt>
      <trkpt lat="46.61893" lon="7.8022">
        <ele>1711.78</ele>
        <time>2026-05-04T01:48:57.3640000+00:00</time>
      </trkpt>
      <trkpt lat="46.618899999999996" lon="7.80221">
        <ele>1711.73</ele>
        <time>2026-05-04T01:49:02.9530000+00:00</time>
      </trkpt>
      <trkpt lat="46.61887" lon="7.80221">
        <ele>1711.92</ele>
        <time>2026-05-04T01:49:08.3980000+00:00</time>
      </trkpt>
      <trkpt lat="46.61881" lon="7.80221">
        <ele>1712.29</ele>
        <time>2026-05-04T01:49:19.2910000+00:00</time>
      </trkpt>
      <trkpt lat="46.61876" lon="7.80216">
        <ele>1713.68</ele>
        <time>2026-05-04T01:49:30.3030000+00:00</time>
      </trkpt>
      <trkpt lat="46.6187" lon="7.80212">
        <ele>1714.86</ele>
        <time>2026-05-04T01:49:42.2840000+00:00</time>
      </trkpt>
      <trkpt lat="46.61866" lon="7.80211">
        <ele>1715.27</ele>
        <time>2026-05-04T01:49:49.6530000+00:00</time>
      </trkpt>
      <trkpt lat="46.6186" lon="7.80213">
        <ele>1715.96</ele>
        <time>2026-05-04T01:50:00.8290000+00:00</time>
      </trkpt>
      <trkpt lat="46.61855" lon="7.80213">
        <ele>1716.98</ele>
        <time>2026-05-04T01:50:09.9070000+00:00</time>
      </trkpt>
      <trkpt lat="46.61852" lon="7.80211">
        <ele>1718</ele>
        <time>2026-05-04T01:50:15.8990000+00:00</time>
      </trkpt>
      <trkpt lat="46.61846" lon="7.80205">
        <ele>1720.45</ele>
        <time>2026-05-04T01:50:29.1160000+00:00</time>
      </trkpt>
      <trkpt lat="46.6184" lon="7.80199">
        <ele>1722.9</ele>
        <time>2026-05-04T01:50:42.3310000+00:00</time>
      </trkpt>
      <trkpt lat="46.61836" lon="7.80194">
        <ele>1724.73</ele>
        <time>2026-05-04T01:50:51.9010000+00:00</time>
      </trkpt>
      <trkpt lat="46.61834" lon="7.80193">
        <ele>1725.35</ele>
        <time>2026-05-04T01:50:55.7390000+00:00</time>
      </trkpt>
      <trkpt lat="46.61829" lon="7.80192">
        <ele>1726.57</ele>
        <time>2026-05-04T01:51:04.9020000+00:00</time>
      </trkpt>
      <trkpt lat="46.61822" lon="7.80191">
        <ele>1728.21</ele>
        <time>2026-05-04T01:51:17.6710000+00:00</time>
      </trkpt>
      <trkpt lat="46.61816" lon="7.80191">
        <ele>1729.43</ele>
        <time>2026-05-04T01:51:28.5650000+00:00</time>
      </trkpt>
      <trkpt lat="46.61813" lon="7.80191">
        <ele>1730.04</ele>
        <time>2026-05-04T01:51:34.0140000+00:00</time>
      </trkpt>
      <trkpt lat="46.61809" lon="7.80193">
        <ele>1730.45</ele>
        <time>2026-05-04T01:51:41.6930000+00:00</time>
      </trkpt>
      <trkpt lat="46.61805" lon="7.80194">
        <ele>1731.06</ele>
        <time>2026-05-04T01:51:49.0590000+00:00</time>
      </trkpt>
      <trkpt lat="46.618" lon="7.80198">
        <ele>1731.27</ele>
        <time>2026-05-04T01:51:59.4160000+00:00</time>
      </trkpt>
      <trkpt lat="46.61797" lon="7.80201">
        <ele>1731.27</ele>
        <time>2026-05-04T01:52:06.0250000+00:00</time>
      </trkpt>
      <trkpt lat="46.61794" lon="7.80204">
        <ele>1731.27</ele>
        <time>2026-05-04T01:52:12.6330000+00:00</time>
      </trkpt>
      <trkpt lat="46.61791" lon="7.8021">
        <ele>1730.66</ele>
        <time>2026-05-04T01:52:21.8870000+00:00</time>
      </trkpt>
      <trkpt lat="46.61786" lon="7.80214">
        <ele>1730.86</ele>
        <time>2026-05-04T01:52:32.2460000+00:00</time>
      </trkpt>
      <trkpt lat="46.61781" lon="7.80218">
        <ele>1731.09</ele>
        <time>2026-05-04T01:52:42.6050000+00:00</time>
      </trkpt>
      <trkpt lat="46.61777" lon="7.80222">
        <ele>1731.22</ele>
        <time>2026-05-04T01:52:51.4140000+00:00</time>
      </trkpt>
      <trkpt lat="46.61767" lon="7.80228">
        <ele>1732.29</ele>
        <time>2026-05-04T01:53:11.0520000+00:00</time>
      </trkpt>
      <trkpt lat="46.6176" lon="7.80231">
        <ele>1733.26</ele>
        <time>2026-05-04T01:53:24.2990000+00:00</time>
      </trkpt>
      <trkpt lat="46.61757" lon="7.80233">
        <ele>1733.5</ele>
        <time>2026-05-04T01:53:30.2910000+00:00</time>
      </trkpt>
      <trkpt lat="46.61753" lon="7.80234">
        <ele>1734.19</ele>
        <time>2026-05-04T01:53:37.6600000+00:00</time>
      </trkpt>
      <trkpt lat="46.6175" lon="7.80236">
        <ele>1734.42</ele>
        <time>2026-05-04T01:53:43.6510000+00:00</time>
      </trkpt>
      <trkpt lat="46.61749" lon="7.80237">
        <ele>1734.42</ele>
        <time>2026-05-04T01:53:45.8550000+00:00</time>
      </trkpt>
      <trkpt lat="46.61746" lon="7.8024">
        <ele>1734.4</ele>
        <time>2026-05-04T01:53:52.4620000+00:00</time>
      </trkpt>
      <trkpt lat="46.61739" lon="7.80245">
        <ele>1734.79</ele>
        <time>2026-05-04T01:54:06.6180000+00:00</time>
      </trkpt>
      <trkpt lat="46.61734" lon="7.80246">
        <ele>1735.65</ele>
        <time>2026-05-04T01:54:15.7810000+00:00</time>
      </trkpt>
      <trkpt lat="46.61731" lon="7.8025">
        <ele>1735.34</ele>
        <time>2026-05-04T01:54:23.1660000+00:00</time>
      </trkpt>
      <trkpt lat="46.61723" lon="7.80253">
        <ele>1736.33</ele>
        <time>2026-05-04T01:54:38.1650000+00:00</time>
      </trkpt>
      <trkpt lat="46.61718" lon="7.80255">
        <ele>1736.9</ele>
        <time>2026-05-04T01:54:47.5780000+00:00</time>
      </trkpt>
      <trkpt lat="46.61706" lon="7.80262">
        <ele>1737.64</ele>
        <time>2026-05-04T01:55:11.0490000+00:00</time>
      </trkpt>
      <trkpt lat="46.617" lon="7.80264">
        <ele>1738.35</ele>
        <time>2026-05-04T01:55:22.2230000+00:00</time>
      </trkpt>
      <trkpt lat="46.61695" lon="7.80263">
        <ele>1739.39</ele>
        <time>2026-05-04T01:55:31.3860000+00:00</time>
      </trkpt>
      <trkpt lat="46.6169" lon="7.80261">
        <ele>1740.59</ele>
        <time>2026-05-04T01:55:40.8000000+00:00</time>
      </trkpt>
      <trkpt lat="46.61685" lon="7.80259">
        <ele>1741.81</ele>
        <time>2026-05-04T01:55:50.2160000+00:00</time>
      </trkpt>
      <trkpt lat="46.61682" lon="7.80257">
        <ele>1742.75</ele>
        <time>2026-05-04T01:55:56.2070000+00:00</time>
      </trkpt>
      <trkpt lat="46.61679" lon="7.80257">
        <ele>1743.16</ele>
        <time>2026-05-04T01:56:01.6550000+00:00</time>
      </trkpt>
      <trkpt lat="46.61678" lon="7.80252">
        <ele>1744.66</ele>
        <time>2026-05-04T01:56:08.1500000+00:00</time>
      </trkpt>
      <trkpt lat="46.61676" lon="7.80247">
        <ele>1746.31</ele>
        <time>2026-05-04T01:56:15.3650000+00:00</time>
      </trkpt>
      <trkpt lat="46.61674" lon="7.80245">
        <ele>1747.14</ele>
        <time>2026-05-04T01:56:19.7710000+00:00</time>
      </trkpt>
      <trkpt lat="46.61673" lon="7.80244">
        <ele>1747.56</ele>
        <time>2026-05-04T01:56:21.9740000+00:00</time>
      </trkpt>
      <trkpt lat="46.61673" lon="7.80241">
        <ele>1748.38</ele>
        <time>2026-05-04T01:56:25.7170000+00:00</time>
      </trkpt>
      <trkpt lat="46.61674" lon="7.80236">
        <ele>1749.62</ele>
        <time>2026-05-04T01:56:32.2120000+00:00</time>
      </trkpt>
      <trkpt lat="46.61674" lon="7.80227">
        <ele>1752.09</ele>
        <time>2026-05-04T01:56:43.4360000+00:00</time>
      </trkpt>
      <trkpt lat="46.61674" lon="7.8022">
        <ele>1754.01</ele>
        <time>2026-05-04T01:56:52.1670000+00:00</time>
      </trkpt>
      <trkpt lat="46.61672" lon="7.80217">
        <ele>1755.15</ele>
        <time>2026-05-04T01:56:57.3820000+00:00</time>
      </trkpt>
      <trkpt lat="46.6167" lon="7.80212">
        <ele>1756.84</ele>
        <time>2026-05-04T01:57:04.5980000+00:00</time>
      </trkpt>
      <trkpt lat="46.61665" lon="7.80194">
        <ele>1762.63</ele>
        <time>2026-05-04T01:57:28.8110000+00:00</time>
      </trkpt>
      <trkpt lat="46.61661" lon="7.80186">
        <ele>1765.53</ele>
        <time>2026-05-04T01:57:41.1510000+00:00</time>
      </trkpt>
      <trkpt lat="46.61657" lon="7.8018">
        <ele>1767.72</ele>
        <time>2026-05-04T01:57:51.5790000+00:00</time>
      </trkpt>
      <trkpt lat="46.61654" lon="7.80178">
        <ele>1768.67</ele>
        <time>2026-05-04T01:57:57.5710000+00:00</time>
      </trkpt>
      <trkpt lat="46.61649" lon="7.80177">
        <ele>1769.73</ele>
        <time>2026-05-04T01:58:06.7330000+00:00</time>
      </trkpt>
      <trkpt lat="46.61644" lon="7.80177">
        <ele>1770.57</ele>
        <time>2026-05-04T01:58:15.8120000+00:00</time>
      </trkpt>
      <trkpt lat="46.61641" lon="7.80174">
        <ele>1771.73</ele>
        <time>2026-05-04T01:58:22.4210000+00:00</time>
      </trkpt>
      <trkpt lat="46.61638" lon="7.80168">
        <ele>1773.57</ele>
        <time>2026-05-04T01:58:31.6750000+00:00</time>
      </trkpt>
      <trkpt lat="46.61632" lon="7.80163">
        <ele>1775.66</ele>
        <time>2026-05-04T01:58:44.2280000+00:00</time>
      </trkpt>
      <trkpt lat="46.61627" lon="7.80161">
        <ele>1776.91</ele>
        <time>2026-05-04T01:58:53.6430000+00:00</time>
      </trkpt>
      <trkpt lat="46.61623" lon="7.80157">
        <ele>1778.43</ele>
        <time>2026-05-04T01:59:02.4520000+00:00</time>
      </trkpt>
      <trkpt lat="46.61615" lon="7.80152">
        <ele>1780.7</ele>
        <time>2026-05-04T01:59:18.2600000+00:00</time>
      </trkpt>
      <trkpt lat="46.61613" lon="7.80148">
        <ele>1781.31</ele>
        <time>2026-05-04T01:59:24.4330000+00:00</time>
      </trkpt>
      <trkpt lat="46.61607" lon="7.80146">
        <ele>1781</ele>
        <time>2026-05-04T01:59:35.6090000+00:00</time>
      </trkpt>
      <trkpt lat="46.61602" lon="7.80142">
        <ele>1781.3</ele>
        <time>2026-05-04T01:59:45.9680000+00:00</time>
      </trkpt>
      <trkpt lat="46.61595" lon="7.80139">
        <ele>1781.17</ele>
        <time>2026-05-04T01:59:59.2160000+00:00</time>
      </trkpt>
      <trkpt lat="46.61594" lon="7.80135">
        <ele>1782.02</ele>
        <time>2026-05-04T02:00:04.5230000+00:00</time>
      </trkpt>
      <trkpt lat="46.6159" lon="7.80133">
        <ele>1782.06</ele>
        <time>2026-05-04T02:00:12.2020000+00:00</time>
      </trkpt>
      <trkpt lat="46.61583" lon="7.80129">
        <ele>1782.3</ele>
        <time>2026-05-04T02:00:25.8550000+00:00</time>
      </trkpt>
      <trkpt lat="46.61577" lon="7.80131">
        <ele>1781.14</ele>
        <time>2026-05-04T02:00:37.0310000+00:00</time>
      </trkpt>
      <trkpt lat="46.61569" lon="7.8013">
        <ele>1780.55</ele>
        <time>2026-05-04T02:00:51.6080000+00:00</time>
      </trkpt>
      <trkpt lat="46.61564" lon="7.80128">
        <ele>1780.57</ele>
        <time>2026-05-04T02:01:01.0220000+00:00</time>
      </trkpt>
      <trkpt lat="46.6156" lon="7.80125">
        <ele>1780.99</ele>
        <time>2026-05-04T02:01:09.1920000+00:00</time>
      </trkpt>
      <trkpt lat="46.61556" lon="7.8012">
        <ele>1782.01</ele>
        <time>2026-05-04T02:01:18.7620000+00:00</time>
      </trkpt>
      <trkpt lat="46.6155" lon="7.80115">
        <ele>1782.9</ele>
        <time>2026-05-04T02:01:31.3130000+00:00</time>
      </trkpt>
      <trkpt lat="46.61546" lon="7.80112">
        <ele>1783.43</ele>
        <time>2026-05-04T02:01:39.4840000+00:00</time>
      </trkpt>
      <trkpt lat="46.61543" lon="7.80107">
        <ele>1784.67</ele>
        <time>2026-05-04T02:01:47.7650000+00:00</time>
      </trkpt>
      <trkpt lat="46.61539" lon="7.80103">
        <ele>1785.56</ele>
        <time>2026-05-04T02:01:56.5740000+00:00</time>
      </trkpt>
      <trkpt lat="46.61537" lon="7.80102">
        <ele>1785.72</ele>
        <time>2026-05-04T02:02:00.4120000+00:00</time>
      </trkpt>
      <trkpt lat="46.61532" lon="7.80101">
        <ele>1785.67</ele>
        <time>2026-05-04T02:02:09.5750000+00:00</time>
      </trkpt>
      <trkpt lat="46.6153" lon="7.80102">
        <ele>1785.6</ele>
        <time>2026-05-04T02:02:13.4130000+00:00</time>
      </trkpt>
      <trkpt lat="46.61529" lon="7.80104">
        <ele>1785.1</ele>
        <time>2026-05-04T02:02:16.5050000+00:00</time>
      </trkpt>
      <trkpt lat="46.61527" lon="7.80104">
        <ele>1785.35</ele>
        <time>2026-05-04T02:02:20.1400000+00:00</time>
      </trkpt>
      <trkpt lat="46.6152" lon="7.80101">
        <ele>1787.12</ele>
        <time>2026-05-04T02:02:33.3890000+00:00</time>
      </trkpt>
      <trkpt lat="46.61512" lon="7.80099">
        <ele>1788.69</ele>
        <time>2026-05-04T02:02:48.1270000+00:00</time>
      </trkpt>
      <trkpt lat="46.61507" lon="7.801">
        <ele>1788.98</ele>
        <time>2026-05-04T02:02:57.2900000+00:00</time>
      </trkpt>
      <trkpt lat="46.61503" lon="7.801">
        <ele>1789.47</ele>
        <time>2026-05-04T02:03:04.5520000+00:00</time>
      </trkpt>
      <trkpt lat="46.615" lon="7.80102">
        <ele>1789.25</ele>
        <time>2026-05-04T02:03:10.5420000+00:00</time>
      </trkpt>
      <trkpt lat="46.61495" lon="7.80105">
        <ele>1789</ele>
        <time>2026-05-04T02:03:20.3600000+00:00</time>
      </trkpt>
      <trkpt lat="46.61491" lon="7.80105">
        <ele>1789.49</ele>
        <time>2026-05-04T02:03:27.6240000+00:00</time>
      </trkpt>
      <trkpt lat="46.61487" lon="7.80104">
        <ele>1790.27</ele>
        <time>2026-05-04T02:03:34.9930000+00:00</time>
      </trkpt>
      <trkpt lat="46.61482" lon="7.80101">
        <ele>1791.71</ele>
        <time>2026-05-04T02:03:44.8110000+00:00</time>
      </trkpt>
      <trkpt lat="46.61481" lon="7.80102">
        <ele>1791.56</ele>
        <time>2026-05-04T02:03:47.0150000+00:00</time>
      </trkpt>
      <trkpt lat="46.6148" lon="7.80105">
        <ele>1790.86</ele>
        <time>2026-05-04T02:03:51.1740000+00:00</time>
      </trkpt>
      <trkpt lat="46.61482" lon="7.80114">
        <ele>1788.12</ele>
        <time>2026-05-04T02:04:02.9710000+00:00</time>
      </trkpt>
      <trkpt lat="46.61485" lon="7.80122">
        <ele>1785.51</ele>
        <time>2026-05-04T02:04:14.3370000+00:00</time>
      </trkpt>
      <trkpt lat="46.61487" lon="7.80128">
        <ele>1783.55</ele>
        <time>2026-05-04T02:04:22.6520000+00:00</time>
      </trkpt>
      <trkpt lat="46.61487" lon="7.80132">
        <ele>1782.44</ele>
        <time>2026-05-04T02:04:27.6370000+00:00</time>
      </trkpt>
      <trkpt lat="46.61487" lon="7.80137">
        <ele>1781.04</ele>
        <time>2026-05-04T02:04:33.8720000+00:00</time>
      </trkpt>
      <trkpt lat="46.61485" lon="7.80143">
        <ele>1779.66</ele>
        <time>2026-05-04T02:04:42.1880000+00:00</time>
      </trkpt>
      <trkpt lat="46.61486" lon="7.80147">
        <ele>1778.39</ele>
        <time>2026-05-04T02:04:47.4940000+00:00</time>
      </trkpt>
      <trkpt lat="46.61485" lon="7.8015">
        <ele>1777.71</ele>
        <time>2026-05-04T02:04:51.6510000+00:00</time>
      </trkpt>
      <trkpt lat="46.61482" lon="7.8015">
        <ele>1778.18</ele>
        <time>2026-05-04T02:04:57.0960000+00:00</time>
      </trkpt>
      <trkpt lat="46.61479" lon="7.80148">
        <ele>1779.2</ele>
        <time>2026-05-04T02:05:03.0880000+00:00</time>
      </trkpt>
      <trkpt lat="46.61475" lon="7.80144">
        <ele>1780.9</ele>
        <time>2026-05-04T02:05:11.8990000+00:00</time>
      </trkpt>
      <trkpt lat="46.61472" lon="7.80141">
        <ele>1782.16</ele>
        <time>2026-05-04T02:05:18.5080000+00:00</time>
      </trkpt>
      <trkpt lat="46.6147" lon="7.80139">
        <ele>1783</ele>
        <time>2026-05-04T02:05:22.9120000+00:00</time>
      </trkpt>
      <trkpt lat="46.61469" lon="7.80136">
        <ele>1783.95</ele>
        <time>2026-05-04T02:05:27.0650000+00:00</time>
      </trkpt>
      <trkpt lat="46.61468" lon="7.8013">
        <ele>1785.69</ele>
        <time>2026-05-04T02:05:34.7640000+00:00</time>
      </trkpt>
      <trkpt lat="46.61466" lon="7.80126">
        <ele>1787.03</ele>
        <time>2026-05-04T02:05:40.9340000+00:00</time>
      </trkpt>
      <trkpt lat="46.61465" lon="7.80121">
        <ele>1788.49</ele>
        <time>2026-05-04T02:05:47.4290000+00:00</time>
      </trkpt>
      <trkpt lat="46.61464" lon="7.80118">
        <ele>1789.41</ele>
        <time>2026-05-04T02:05:51.5890000+00:00</time>
      </trkpt>
      <trkpt lat="46.61461" lon="7.80121">
        <ele>1789.03</ele>
        <time>2026-05-04T02:05:58.1980000+00:00</time>
      </trkpt>
      <trkpt lat="46.61457" lon="7.80122">
        <ele>1789.31</ele>
        <time>2026-05-04T02:06:05.5670000+00:00</time>
      </trkpt>
      <trkpt lat="46.61452" lon="7.80122">
        <ele>1789.99</ele>
        <time>2026-05-04T02:06:14.6450000+00:00</time>
      </trkpt>
      <trkpt lat="46.6145" lon="7.80124">
        <ele>1789.76</ele>
        <time>2026-05-04T02:06:19.0540000+00:00</time>
      </trkpt>
      <trkpt lat="46.61448" lon="7.80124">
        <ele>1790.2</ele>
        <time>2026-05-04T02:06:22.6860000+00:00</time>
      </trkpt>
      <trkpt lat="46.61446" lon="7.80122">
        <ele>1791.38</ele>
        <time>2026-05-04T02:06:27.0920000+00:00</time>
      </trkpt>
      <trkpt lat="46.61442" lon="7.80126">
        <ele>1791.73</ele>
        <time>2026-05-04T02:06:35.9020000+00:00</time>
      </trkpt>
      <trkpt lat="46.61439" lon="7.80129">
        <ele>1792</ele>
        <time>2026-05-04T02:06:42.5100000+00:00</time>
      </trkpt>
      <trkpt lat="46.61437" lon="7.80132">
        <ele>1791.93</ele>
        <time>2026-05-04T02:06:47.7200000+00:00</time>
      </trkpt>
      <trkpt lat="46.61431" lon="7.80133">
        <ele>1793.72</ele>
        <time>2026-05-04T02:06:58.6850000+00:00</time>
      </trkpt>
      <trkpt lat="46.61426" lon="7.80133">
        <ele>1795.43</ele>
        <time>2026-05-04T02:07:07.7630000+00:00</time>
      </trkpt>
      <trkpt lat="46.61421" lon="7.80133">
        <ele>1797.13</ele>
        <time>2026-05-04T02:07:16.8410000+00:00</time>
      </trkpt>
      <trkpt lat="46.61423" lon="7.80114">
        <ele>1801.17</ele>
        <time>2026-05-04T02:07:40.8130000+00:00</time>
      </trkpt>
      <trkpt lat="46.61424" lon="7.80104">
        <ele>1803.32</ele>
        <time>2026-05-04T02:07:53.4160000+00:00</time>
      </trkpt>
      <trkpt lat="46.61425" lon="7.80098">
        <ele>1804.45</ele>
        <time>2026-05-04T02:08:01.1170000+00:00</time>
      </trkpt>
      <trkpt lat="46.61424" lon="7.80087">
        <ele>1807.38</ele>
        <time>2026-05-04T02:08:14.9550000+00:00</time>
      </trkpt>
      <trkpt lat="46.61424" lon="7.8008">
        <ele>1809.02</ele>
        <time>2026-05-04T02:08:23.6840000+00:00</time>
      </trkpt>
      <trkpt lat="46.61423" lon="7.80076">
        <ele>1810.31</ele>
        <time>2026-05-04T02:08:28.9910000+00:00</time>
      </trkpt>
      <trkpt lat="46.61421" lon="7.80072">
        <ele>1811.94</ele>
        <time>2026-05-04T02:08:35.1600000+00:00</time>
      </trkpt>
      <trkpt lat="46.61419" lon="7.80069">
        <ele>1813.34</ele>
        <time>2026-05-04T02:08:40.3710000+00:00</time>
      </trkpt>
      <trkpt lat="46.61417" lon="7.80074">
        <ele>1812.84</ele>
        <time>2026-05-04T02:08:47.5870000+00:00</time>
      </trkpt>
      <trkpt lat="46.61414" lon="7.80075">
        <ele>1813.64</ele>
        <time>2026-05-04T02:08:53.1710000+00:00</time>
      </trkpt>
      <trkpt lat="46.61411" lon="7.80076">
        <ele>1814.43</ele>
        <time>2026-05-04T02:08:58.7580000+00:00</time>
      </trkpt>
      <trkpt lat="46.6141" lon="7.80074">
        <ele>1815.25</ele>
        <time>2026-05-04T02:09:01.8430000+00:00</time>
      </trkpt>
      <trkpt lat="46.61411" lon="7.80068">
        <ele>1816.34</ele>
        <time>2026-05-04T02:09:09.5430000+00:00</time>
      </trkpt>
      <trkpt lat="46.61411" lon="7.80064">
        <ele>1817.3</ele>
        <time>2026-05-04T02:09:14.5330000+00:00</time>
      </trkpt>
      <trkpt lat="46.6141" lon="7.80059">
        <ele>1818.84</ele>
        <time>2026-05-04T02:09:21.0280000+00:00</time>
      </trkpt>
      <trkpt lat="46.6141" lon="7.80054">
        <ele>1820.04</ele>
        <time>2026-05-04T02:09:27.2640000+00:00</time>
      </trkpt>
      <trkpt lat="46.6141" lon="7.80048">
        <ele>1821.47</ele>
        <time>2026-05-04T02:09:34.7460000+00:00</time>
      </trkpt>
      <trkpt lat="46.61409" lon="7.80044">
        <ele>1822.78</ele>
        <time>2026-05-04T02:09:40.0550000+00:00</time>
      </trkpt>
      <trkpt lat="46.61409" lon="7.80039">
        <ele>1823.98</ele>
        <time>2026-05-04T02:09:46.2900000+00:00</time>
      </trkpt>
      <trkpt lat="46.61409" lon="7.80036">
        <ele>1824.7</ele>
        <time>2026-05-04T02:09:50.0300000+00:00</time>
      </trkpt>
      <trkpt lat="46.61408" lon="7.80035">
        <ele>1825.3</ele>
        <time>2026-05-04T02:09:52.2330000+00:00</time>
      </trkpt>
      <trkpt lat="46.61406" lon="7.80037">
        <ele>1825.52</ele>
        <time>2026-05-04T02:09:56.6390000+00:00</time>
      </trkpt>
      <trkpt lat="46.61405" lon="7.8004">
        <ele>1825.16</ele>
        <time>2026-05-04T02:10:00.7980000+00:00</time>
      </trkpt>
      <trkpt lat="46.61403" lon="7.80041">
        <ele>1825.62</ele>
        <time>2026-05-04T02:10:04.6360000+00:00</time>
      </trkpt>
      <trkpt lat="46.61402" lon="7.8004">
        <ele>1826.22</ele>
        <time>2026-05-04T02:10:06.8390000+00:00</time>
      </trkpt>
      <trkpt lat="46.61401" lon="7.80034">
        <ele>1828.02</ele>
        <time>2026-05-04T02:10:14.5400000+00:00</time>
      </trkpt>
      <trkpt lat="46.61399" lon="7.80029">
        <ele>1829.95</ele>
        <time>2026-05-04T02:10:21.7540000+00:00</time>
      </trkpt>
      <trkpt lat="46.61396" lon="7.80024">
        <ele>1832.23</ele>
        <time>2026-05-04T02:10:30.0340000+00:00</time>
      </trkpt>
      <trkpt lat="46.61394" lon="7.80021">
        <ele>1833.68</ele>
        <time>2026-05-04T02:10:35.2470000+00:00</time>
      </trkpt>
      <trkpt lat="46.6139" lon="7.8002">
        <ele>1835.36</ele>
        <time>2026-05-04T02:10:42.6140000+00:00</time>
      </trkpt>
      <trkpt lat="46.61384" lon="7.80017">
        <ele>1838.26</ele>
        <time>2026-05-04T02:10:54.1330000+00:00</time>
      </trkpt>
      <trkpt lat="46.6138" lon="7.80016">
        <ele>1839.95</ele>
        <time>2026-05-04T02:11:01.5020000+00:00</time>
      </trkpt>
      <trkpt lat="46.61378" lon="7.80013">
        <ele>1841.39</ele>
        <time>2026-05-04T02:11:06.7170000+00:00</time>
      </trkpt>
      <trkpt lat="46.61374" lon="7.80012">
        <ele>1843.03</ele>
        <time>2026-05-04T02:11:14.0850000+00:00</time>
      </trkpt>
      <trkpt lat="46.6137" lon="7.80011">
        <ele>1844.66</ele>
        <time>2026-05-04T02:11:21.4540000+00:00</time>
      </trkpt>
      <trkpt lat="46.61366" lon="7.80004">
        <ele>1847.58</ele>
        <time>2026-05-04T02:11:32.8110000+00:00</time>
      </trkpt>
      <trkpt lat="46.61362" lon="7.80001">
        <ele>1849.8</ele>
        <time>2026-05-04T02:11:40.9810000+00:00</time>
      </trkpt>
      <trkpt lat="46.61356" lon="7.8">
        <ele>1852.4</ele>
        <time>2026-05-04T02:11:51.9460000+00:00</time>
      </trkpt>
      <trkpt lat="46.6135" lon="7.8">
        <ele>1854.79</ele>
        <time>2026-05-04T02:12:02.8400000+00:00</time>
      </trkpt>
      <trkpt lat="46.61345" lon="7.8">
        <ele>1856.79</ele>
        <time>2026-05-04T02:12:11.9190000+00:00</time>
      </trkpt>
      <trkpt lat="46.61345" lon="7.79996">
        <ele>1857.37</ele>
        <time>2026-05-04T02:12:16.9080000+00:00</time>
      </trkpt>
      <trkpt lat="46.61346" lon="7.79992">
        <ele>1857.58</ele>
        <time>2026-05-04T02:12:22.2190000+00:00</time>
      </trkpt>
      <trkpt lat="46.61348" lon="7.79988">
        <ele>1857.46</ele>
        <time>2026-05-04T02:12:28.3900000+00:00</time>
      </trkpt>
      <trkpt lat="46.61351" lon="7.79982">
        <ele>1857.38</ele>
        <time>2026-05-04T02:12:37.6470000+00:00</time>
      </trkpt>
      <trkpt lat="46.61352" lon="7.79975">
        <ele>1858.23</ele>
        <time>2026-05-04T02:12:46.5650000+00:00</time>
      </trkpt>
      <trkpt lat="46.61358" lon="7.79972">
        <ele>1856.93</ele>
        <time>2026-05-04T02:12:58.0830000+00:00</time>
      </trkpt>
      <trkpt lat="46.61362" lon="7.79967">
        <ele>1856.74</ele>
        <time>2026-05-04T02:13:07.6560000+00:00</time>
      </trkpt>
      <trkpt lat="46.61366" lon="7.7996">
        <ele>1857.13</ele>
        <time>2026-05-04T02:13:19.0130000+00:00</time>
      </trkpt>
      <trkpt lat="46.6137" lon="7.79956">
        <ele>1857.05</ele>
        <time>2026-05-04T02:13:27.8240000+00:00</time>
      </trkpt>
      <trkpt lat="46.61372" lon="7.79953">
        <ele>1857.26</ele>
        <time>2026-05-04T02:13:33.0370000+00:00</time>
      </trkpt>
      <trkpt lat="46.61378" lon="7.79948">
        <ele>1857.08</ele>
        <time>2026-05-04T02:13:45.5890000+00:00</time>
      </trkpt>
      <trkpt lat="46.61378" lon="7.79941">
        <ele>1858.77</ele>
        <time>2026-05-04T02:13:54.3190000+00:00</time>
      </trkpt>
      <trkpt lat="46.61379" lon="7.79933">
        <ele>1860.59</ele>
        <time>2026-05-04T02:14:04.4600000+00:00</time>
      </trkpt>
      <trkpt lat="46.61377" lon="7.79931">
        <ele>1861.91</ele>
        <time>2026-05-04T02:14:08.8660000+00:00</time>
      </trkpt>
      <trkpt lat="46.61376" lon="7.79926">
        <ele>1864.43</ele>
        <time>2026-05-04T02:14:15.3620000+00:00</time>
      </trkpt>
      <trkpt lat="46.61378" lon="7.79926">
        <ele>1864.07</ele>
        <time>2026-05-04T02:14:18.9910000+00:00</time>
      </trkpt>
      <trkpt lat="46.6138" lon="7.79924">
        <ele>1864.67</ele>
        <time>2026-05-04T02:14:23.3970000+00:00</time>
      </trkpt>
      <trkpt lat="46.6138" lon="7.79923">
        <ele>1865.14</ele>
        <time>2026-05-04T02:14:24.6370000+00:00</time>
      </trkpt>
      <trkpt lat="46.61378" lon="7.7992">
        <ele>1866.89</ele>
        <time>2026-05-04T02:14:29.8520000+00:00</time>
      </trkpt>
      <trkpt lat="46.61377" lon="7.79917">
        <ele>1868.46</ele>
        <time>2026-05-04T02:14:34.0120000+00:00</time>
      </trkpt>
      <trkpt lat="46.61379" lon="7.79916">
        <ele>1868.61</ele>
        <time>2026-05-04T02:14:37.8530000+00:00</time>
      </trkpt>
      <trkpt lat="46.61379" lon="7.79909">
        <ele>1871.91</ele>
        <time>2026-05-04T02:14:46.5860000+00:00</time>
      </trkpt>
      <trkpt lat="46.61381" lon="7.79906">
        <ele>1873.05</ele>
        <time>2026-05-04T02:14:51.8010000+00:00</time>
      </trkpt>
      <trkpt lat="46.61384" lon="7.79901">
        <ele>1875.05</ele>
        <time>2026-05-04T02:15:00.0820000+00:00</time>
      </trkpt>
      <trkpt lat="46.61386" lon="7.79896">
        <ele>1877.23</ele>
        <time>2026-05-04T02:15:07.2980000+00:00</time>
      </trkpt>
      <trkpt lat="46.61389" lon="7.79888">
        <ele>1880.81</ele>
        <time>2026-05-04T02:15:18.6660000+00:00</time>
      </trkpt>
      <trkpt lat="46.6139" lon="7.79877">
        <ele>1886.14</ele>
        <time>2026-05-04T02:15:32.5040000+00:00</time>
      </trkpt>
      <trkpt lat="46.6139" lon="7.79871">
        <ele>1889.1</ele>
        <time>2026-05-04T02:15:39.9880000+00:00</time>
      </trkpt>
      <trkpt lat="46.61391" lon="7.79867">
        <ele>1891.02</ele>
        <time>2026-05-04T02:15:45.2950000+00:00</time>
      </trkpt>
      <trkpt lat="46.6139" lon="7.79865">
        <ele>1892.07</ele>
        <time>2026-05-04T02:15:48.3790000+00:00</time>
      </trkpt>
      <trkpt lat="46.6139" lon="7.79863">
        <ele>1893.05</ele>
        <time>2026-05-04T02:15:50.8790000+00:00</time>
      </trkpt>
      <trkpt lat="46.61392" lon="7.79861">
        <ele>1893.95</ele>
        <time>2026-05-04T02:15:55.2850000+00:00</time>
      </trkpt>
      <trkpt lat="46.61393" lon="7.79855">
        <ele>1896.9</ele>
        <time>2026-05-04T02:16:02.9860000+00:00</time>
      </trkpt>
      <trkpt lat="46.61391" lon="7.79851">
        <ele>1898.95</ele>
        <time>2026-05-04T02:16:09.1550000+00:00</time>
      </trkpt>
      <trkpt lat="46.61393" lon="7.79851">
        <ele>1898.9</ele>
        <time>2026-05-04T02:16:12.7840000+00:00</time>
      </trkpt>
      <trkpt lat="46.61393" lon="7.79846">
        <ele>1900.92</ele>
        <time>2026-05-04T02:16:19.0230000+00:00</time>
      </trkpt>
      <trkpt lat="46.61393" lon="7.79844">
        <ele>1901.69</ele>
        <time>2026-05-04T02:16:21.5220000+00:00</time>
      </trkpt>
      <trkpt lat="46.61395" lon="7.79842">
        <ele>1902.42</ele>
        <time>2026-05-04T02:16:25.9290000+00:00</time>
      </trkpt>
      <trkpt lat="46.614" lon="7.79833">
        <ele>1905.8</ele>
        <time>2026-05-04T02:16:40.3640000+00:00</time>
      </trkpt>
      <trkpt lat="46.61404" lon="7.79824">
        <ele>1909.24</ele>
        <time>2026-05-04T02:16:53.7330000+00:00</time>
      </trkpt>
      <trkpt lat="46.61403" lon="7.79819">
        <ele>1911.19</ele>
        <time>2026-05-04T02:17:00.2270000+00:00</time>
      </trkpt>
      <trkpt lat="46.61405" lon="7.7982">
        <ele>1910.78</ele>
        <time>2026-05-04T02:17:04.0650000+00:00</time>
      </trkpt>
      <trkpt lat="46.61405" lon="7.79812">
        <ele>1913.9</ele>
        <time>2026-05-04T02:17:14.0410000+00:00</time>
      </trkpt>
      <trkpt lat="46.61408" lon="7.79803">
        <ele>1917.39</ele>
        <time>2026-05-04T02:17:26.5170000+00:00</time>
      </trkpt>
      <trkpt lat="46.61412" lon="7.79796">
        <ele>1920.12</ele>
        <time>2026-05-04T02:17:37.8720000+00:00</time>
      </trkpt>
      <trkpt lat="46.61415" lon="7.7979">
        <ele>1922.48</ele>
        <time>2026-05-04T02:17:47.1290000+00:00</time>
      </trkpt>
      <trkpt lat="46.61418" lon="7.79785">
        <ele>1924.46</ele>
        <time>2026-05-04T02:17:55.4100000+00:00</time>
      </trkpt>
      <trkpt lat="46.61422" lon="7.79776">
        <ele>1928.05</ele>
        <time>2026-05-04T02:18:08.7780000+00:00</time>
      </trkpt>
      <trkpt lat="46.61425" lon="7.79769">
        <ele>1930.86</ele>
        <time>2026-05-04T02:18:19.0680000+00:00</time>
      </trkpt>
      <trkpt lat="46.61425" lon="7.79763">
        <ele>1932.77</ele>
        <time>2026-05-04T02:18:26.5510000+00:00</time>
      </trkpt>
      <trkpt lat="46.61425" lon="7.79761">
        <ele>1933.31</ele>
        <time>2026-05-04T02:18:29.0510000+00:00</time>
      </trkpt>
      <trkpt lat="46.61427" lon="7.79757">
        <ele>1934.43</ele>
        <time>2026-05-04T02:18:35.2200000+00:00</time>
      </trkpt>
      <trkpt lat="46.61429" lon="7.79753">
        <ele>1935.55</ele>
        <time>2026-05-04T02:18:41.3900000+00:00</time>
      </trkpt>
      <trkpt lat="46.61432" lon="7.79744">
        <ele>1938.06</ele>
        <time>2026-05-04T02:18:53.8660000+00:00</time>
      </trkpt>
      <trkpt lat="46.61435" lon="7.79734">
        <ele>1940.85</ele>
        <time>2026-05-04T02:19:07.4740000+00:00</time>
      </trkpt>
      <trkpt lat="46.6144" lon="7.79726">
        <ele>1943.13</ele>
        <time>2026-05-04T02:19:20.9620000+00:00</time>
      </trkpt>
      <trkpt lat="46.61446" lon="7.79716">
        <ele>1946</ele>
        <time>2026-05-04T02:19:37.5220000+00:00</time>
      </trkpt>
      <trkpt lat="46.61448" lon="7.79714">
        <ele>1946.59</ele>
        <time>2026-05-04T02:19:41.9280000+00:00</time>
      </trkpt>
      <trkpt lat="46.6145" lon="7.79712">
        <ele>1946.76</ele>
        <time>2026-05-04T02:19:46.3340000+00:00</time>
      </trkpt>
      <trkpt lat="46.61451" lon="7.79708">
        <ele>1947.55</ele>
        <time>2026-05-04T02:19:51.6410000+00:00</time>
      </trkpt>
      <trkpt lat="46.61451" lon="7.79702">
        <ele>1949.23</ele>
        <time>2026-05-04T02:19:59.1230000+00:00</time>
      </trkpt>
      <trkpt lat="46.61452" lon="7.79699">
        <ele>1949.76</ele>
        <time>2026-05-04T02:20:03.2830000+00:00</time>
      </trkpt>
      <trkpt lat="46.61453" lon="7.79695">
        <ele>1950.58</ele>
        <time>2026-05-04T02:20:08.5890000+00:00</time>
      </trkpt>
      <trkpt lat="46.61458" lon="7.79689">
        <ele>1950.79</ele>
        <time>2026-05-04T02:20:20.3540000+00:00</time>
      </trkpt>
      <trkpt lat="46.61462" lon="7.79684">
        <ele>1951.07</ele>
        <time>2026-05-04T02:20:29.9270000+00:00</time>
      </trkpt>
      <trkpt lat="46.61464" lon="7.79679">
        <ele>1952.83</ele>
        <time>2026-05-04T02:20:37.1440000+00:00</time>
      </trkpt>
      <trkpt lat="46.61468" lon="7.79673">
        <ele>1954.55</ele>
        <time>2026-05-04T02:20:47.5730000+00:00</time>
      </trkpt>
      <trkpt lat="46.61475" lon="7.79661">
        <ele>1958.3</ele>
        <time>2026-05-04T02:21:07.2060000+00:00</time>
      </trkpt>
      <trkpt lat="46.61476" lon="7.79658">
        <ele>1959.45</ele>
        <time>2026-05-04T02:21:11.3660000+00:00</time>
      </trkpt>
      <trkpt lat="46.61477" lon="7.79653">
        <ele>1961.57</ele>
        <time>2026-05-04T02:21:17.8610000+00:00</time>
      </trkpt>
      <trkpt lat="46.61481" lon="7.79647">
        <ele>1963.3</ele>
        <time>2026-05-04T02:21:28.2900000+00:00</time>
      </trkpt>
      <trkpt lat="46.61485" lon="7.79644">
        <ele>1963.59</ele>
        <time>2026-05-04T02:21:36.4600000+00:00</time>
      </trkpt>
      <trkpt lat="46.6149" lon="7.79643">
        <ele>1962.63</ele>
        <time>2026-05-04T02:21:45.6220000+00:00</time>
      </trkpt>
      <trkpt lat="46.61496" lon="7.7964">
        <ele>1962.34</ele>
        <time>2026-05-04T02:21:57.1400000+00:00</time>
      </trkpt>
      <trkpt lat="46.61502" lon="7.7964">
        <ele>1960.61</ele>
        <time>2026-05-04T02:22:08.0330000+00:00</time>
      </trkpt>
      <trkpt lat="46.61511" lon="7.79633">
        <ele>1961.38</ele>
        <time>2026-05-04T02:22:26.5590000+00:00</time>
      </trkpt>
      <trkpt lat="46.61515" lon="7.79628">
        <ele>1962.63</ele>
        <time>2026-05-04T02:22:36.1290000+00:00</time>
      </trkpt>
      <trkpt lat="46.61515" lon="7.79621">
        <ele>1965.99</ele>
        <time>2026-05-04T02:22:44.8580000+00:00</time>
      </trkpt>
      <trkpt lat="46.61514" lon="7.79618">
        <ele>1967.72</ele>
        <time>2026-05-04T02:22:49.0180000+00:00</time>
      </trkpt>
      <trkpt lat="46.61515" lon="7.79606">
        <ele>1973.19</ele>
        <time>2026-05-04T02:23:04.0930000+00:00</time>
      </trkpt>
      <trkpt lat="46.61518" lon="7.79597">
        <ele>1976.93</ele>
        <time>2026-05-04T02:23:16.5690000+00:00</time>
      </trkpt>
      <trkpt lat="46.61521" lon="7.7959">
        <ele>1980.15</ele>
        <time>2026-05-04T02:23:26.8580000+00:00</time>
      </trkpt>
      <trkpt lat="46.61522" lon="7.79584">
        <ele>1983.39</ele>
        <time>2026-05-04T02:23:34.5590000+00:00</time>
      </trkpt>
      <trkpt lat="46.61522" lon="7.79578">
        <ele>1986.87</ele>
        <time>2026-05-04T02:23:42.0410000+00:00</time>
      </trkpt>
      <trkpt lat="46.61523" lon="7.79567">
        <ele>1993.12</ele>
        <time>2026-05-04T02:23:55.8790000+00:00</time>
      </trkpt>
      <trkpt lat="46.61524" lon="7.79561">
        <ele>1996.52</ele>
        <time>2026-05-04T02:24:03.5800000+00:00</time>
      </trkpt>
      <trkpt lat="46.61523" lon="7.79556">
        <ele>1999.56</ele>
        <time>2026-05-04T02:24:10.0750000+00:00</time>
      </trkpt>
      <trkpt lat="46.61521" lon="7.79551">
        <ele>2002.64</ele>
        <time>2026-05-04T02:24:17.2910000+00:00</time>
      </trkpt>
      <trkpt lat="46.6152" lon="7.79549">
        <ele>2003.86</ele>
        <time>2026-05-04T02:24:20.3760000+00:00</time>
      </trkpt>
      <trkpt lat="46.61518" lon="7.79541">
        <ele>2008.5</ele>
        <time>2026-05-04T02:24:30.9920000+00:00</time>
      </trkpt>
      <trkpt lat="46.61517" lon="7.79539">
        <ele>2009.65</ele>
        <time>2026-05-04T02:24:34.0770000+00:00</time>
      </trkpt>
      <trkpt lat="46.61516" lon="7.79536">
        <ele>2011.34</ele>
        <time>2026-05-04T02:24:38.2340000+00:00</time>
      </trkpt>
      <trkpt lat="46.61513" lon="7.79533">
        <ele>2012.99</ele>
        <time>2026-05-04T02:24:44.8390000+00:00</time>
      </trkpt>
      <trkpt lat="46.61513" lon="7.79531">
        <ele>2014.08</ele>
        <time>2026-05-04T02:24:47.3290000+00:00</time>
      </trkpt>
      <trkpt lat="46.61512" lon="7.79528">
        <ele>2015.68</ele>
        <time>2026-05-04T02:24:51.4880000+00:00</time>
      </trkpt>
      <trkpt lat="46.6151" lon="7.79524">
        <ele>2017.74</ele>
        <time>2026-05-04T02:24:57.6580000+00:00</time>
      </trkpt>
      <trkpt lat="46.6151" lon="7.7952">
        <ele>2019.86</ele>
        <time>2026-05-04T02:25:02.6450000+00:00</time>
      </trkpt>
      <trkpt lat="46.61512" lon="7.7952">
        <ele>2019.98</ele>
        <time>2026-05-04T02:25:06.2730000+00:00</time>
      </trkpt>
      <trkpt lat="46.61514" lon="7.79518">
        <ele>2021.19</ele>
        <time>2026-05-04T02:25:10.6800000+00:00</time>
      </trkpt>
      <trkpt lat="46.61516" lon="7.79519">
        <ele>2020.77</ele>
        <time>2026-05-04T02:25:14.5170000+00:00</time>
      </trkpt>
      <trkpt lat="46.61518" lon="7.7952">
        <ele>2020.33</ele>
        <time>2026-05-04T02:25:18.3550000+00:00</time>
      </trkpt>
      <trkpt lat="46.61521" lon="7.79521">
        <ele>2019.94</ele>
        <time>2026-05-04T02:25:23.9420000+00:00</time>
      </trkpt>
      <trkpt lat="46.61524" lon="7.79522">
        <ele>2019.51</ele>
        <time>2026-05-04T02:25:29.5310000+00:00</time>
      </trkpt>
      <trkpt lat="46.61525" lon="7.79519">
        <ele>2021.34</ele>
        <time>2026-05-04T02:25:33.6850000+00:00</time>
      </trkpt>
      <trkpt lat="46.61528" lon="7.79518">
        <ele>2022.14</ele>
        <time>2026-05-04T02:25:39.2690000+00:00</time>
      </trkpt>
      <trkpt lat="46.61532" lon="7.79507">
        <ele>2026.02</ele>
        <time>2026-05-04T02:25:54.7900000+00:00</time>
      </trkpt>
      <trkpt lat="46.61536" lon="7.79502">
        <ele>2026.93</ele>
        <time>2026-05-04T02:26:04.3620000+00:00</time>
      </trkpt>
      <trkpt lat="46.61538" lon="7.79498">
        <ele>2027.89</ele>
        <time>2026-05-04T02:26:10.5320000+00:00</time>
      </trkpt>
      <trkpt lat="46.61539" lon="7.79494">
        <ele>2029.03</ele>
        <time>2026-05-04T02:26:15.8380000+00:00</time>
      </trkpt>
      <trkpt lat="46.61543" lon="7.79495">
        <ele>2028.19</ele>
        <time>2026-05-04T02:26:23.2070000+00:00</time>
      </trkpt>
      <trkpt lat="46.61548" lon="7.79498">
        <ele>2026.5</ele>
        <time>2026-05-04T02:26:33.0260000+00:00</time>
      </trkpt>
      <trkpt lat="46.6156" lon="7.79501">
        <ele>2023.69</ele>
        <time>2026-05-04T02:26:55.1310000+00:00</time>
      </trkpt>
      <trkpt lat="46.61574" lon="7.79504">
        <ele>2020.37</ele>
        <time>2026-05-04T02:27:20.8240000+00:00</time>
      </trkpt>
      <trkpt lat="46.61586" lon="7.79505">
        <ele>2018.04</ele>
        <time>2026-05-04T02:27:42.6470000+00:00</time>
      </trkpt>
      <trkpt lat="46.61599" lon="7.79506">
        <ele>2015.49</ele>
        <time>2026-05-04T02:28:06.2820000+00:00</time>
      </trkpt>
      <trkpt lat="46.61609" lon="7.79506">
        <ele>2013.87</ele>
        <time>2026-05-04T02:28:24.4370000+00:00</time>
      </trkpt>
      <trkpt lat="46.61619" lon="7.79507">
        <ele>2012.96</ele>
        <time>2026-05-04T02:28:42.6360000+00:00</time>
      </trkpt>
      <trkpt lat="46.61626" lon="7.79509">
        <ele>2013.1</ele>
        <time>2026-05-04T02:28:55.5880000+00:00</time>
      </trkpt>
      <trkpt lat="46.61632" lon="7.79511">
        <ele>2013.06</ele>
        <time>2026-05-04T02:29:06.7630000+00:00</time>
      </trkpt>
      <trkpt lat="46.616459999999996" lon="7.79512">
        <ele>2014.9</ele>
        <time>2026-05-04T02:29:32.2130000+00:00</time>
      </trkpt>
      <trkpt lat="46.61657" lon="7.79514">
        <ele>2015.69</ele>
        <time>2026-05-04T02:29:52.3390000+00:00</time>
      </trkpt>
      <trkpt lat="46.61662" lon="7.79515">
        <ele>2015.98</ele>
        <time>2026-05-04T02:30:01.5030000+00:00</time>
      </trkpt>
      <trkpt lat="46.61669" lon="7.79519">
        <ele>2014.47</ele>
        <time>2026-05-04T02:30:15.1560000+00:00</time>
      </trkpt>
      <trkpt lat="46.61673" lon="7.79522">
        <ele>2012.64</ele>
        <time>2026-05-04T02:30:23.3260000+00:00</time>
      </trkpt>
      <trkpt lat="46.61678" lon="7.79523">
        <ele>2012.51</ele>
        <time>2026-05-04T02:30:32.4890000+00:00</time>
      </trkpt>
      <trkpt lat="46.61684" lon="7.79522">
        <ele>2014.22</ele>
        <time>2026-05-04T02:30:43.4520000+00:00</time>
      </trkpt>
      <trkpt lat="46.61698" lon="7.79522">
        <ele>2016.24</ele>
        <time>2026-05-04T02:31:08.8700000+00:00</time>
      </trkpt>
      <trkpt lat="46.61705" lon="7.79522">
        <ele>2014.01</ele>
        <time>2026-05-04T02:31:21.5810000+00:00</time>
      </trkpt>
      <trkpt lat="46.61708" lon="7.79523">
        <ele>2012</ele>
        <time>2026-05-04T02:31:27.1700000+00:00</time>
      </trkpt>
      <trkpt lat="46.61715" lon="7.7952">
        <ele>2012.22</ele>
        <time>2026-05-04T02:31:40.4180000+00:00</time>
      </trkpt>
      <trkpt lat="46.61723" lon="7.79519">
        <ele>2010.19</ele>
        <time>2026-05-04T02:31:54.9960000+00:00</time>
      </trkpt>
      <trkpt lat="46.61733" lon="7.79513">
        <ele>2011.05</ele>
        <time>2026-05-04T02:32:14.6330000+00:00</time>
      </trkpt>
      <trkpt lat="46.6174" lon="7.79508">
        <ele>2012.22</ele>
        <time>2026-05-04T02:32:28.7890000+00:00</time>
      </trkpt>
      <trkpt lat="46.61746" lon="7.79505">
        <ele>2012.47</ele>
        <time>2026-05-04T02:32:40.3080000+00:00</time>
      </trkpt>
      <trkpt lat="46.61755" lon="7.79501">
        <ele>2012.73</ele>
        <time>2026-05-04T02:32:57.3920000+00:00</time>
      </trkpt>
      <trkpt lat="46.61764" lon="7.79496">
        <ele>2014.1</ele>
        <time>2026-05-04T02:33:14.8820000+00:00</time>
      </trkpt>
      <trkpt lat="46.61772" lon="7.79491">
        <ele>2016.11</ele>
        <time>2026-05-04T02:33:30.6870000+00:00</time>
      </trkpt>
      <trkpt lat="46.6178" lon="7.79485">
        <ele>2019.34</ele>
        <time>2026-05-04T02:33:47.0250000+00:00</time>
      </trkpt>
      <trkpt lat="46.61785" lon="7.7948">
        <ele>2022.8</ele>
        <time>2026-05-04T02:33:58.0390000+00:00</time>
      </trkpt>
      <trkpt lat="46.61789" lon="7.7948">
        <ele>2022.05</ele>
        <time>2026-05-04T02:34:05.3010000+00:00</time>
      </trkpt>
      <trkpt lat="46.61793" lon="7.79476">
        <ele>2024.8</ele>
        <time>2026-05-04T02:34:14.1110000+00:00</time>
      </trkpt>
      <trkpt lat="46.61794" lon="7.79475">
        <ele>2025.47</ele>
        <time>2026-05-04T02:34:16.3080000+00:00</time>
      </trkpt>
      <trkpt lat="46.61797" lon="7.79474">
        <ele>2025.74</ele>
        <time>2026-05-04T02:34:21.8950000+00:00</time>
      </trkpt>
      <trkpt lat="46.61807" lon="7.79469">
        <ele>2027.92</ele>
        <time>2026-05-04T02:34:41.0930000+00:00</time>
      </trkpt>
      <trkpt lat="46.61812" lon="7.79464">
        <ele>2030.98</ele>
        <time>2026-05-04T02:34:52.1060000+00:00</time>
      </trkpt>
      <trkpt lat="46.61821" lon="7.79458">
        <ele>2033.77</ele>
        <time>2026-05-04T02:35:10.0780000+00:00</time>
      </trkpt>
      <trkpt lat="46.61828" lon="7.79451">
        <ele>2037.6</ele>
        <time>2026-05-04T02:35:25.4950000+00:00</time>
      </trkpt>
      <trkpt lat="46.61832" lon="7.79451">
        <ele>2036.57</ele>
        <time>2026-05-04T02:35:32.7570000+00:00</time>
      </trkpt>
      <trkpt lat="46.6184" lon="7.79449">
        <ele>2036.02</ele>
        <time>2026-05-04T02:35:47.4940000+00:00</time>
      </trkpt>
      <trkpt lat="46.61848" lon="7.79442">
        <ele>2039.09</ele>
        <time>2026-05-04T02:36:04.4400000+00:00</time>
      </trkpt>
      <trkpt lat="46.61852" lon="7.79442">
        <ele>2037.97</ele>
        <time>2026-05-04T02:36:11.7040000+00:00</time>
      </trkpt>
      <trkpt lat="46.61856" lon="7.79437">
        <ele>2040.44</ele>
        <time>2026-05-04T02:36:21.2750000+00:00</time>
      </trkpt>
      <trkpt lat="46.61859" lon="7.79433">
        <ele>2042.41</ele>
        <time>2026-05-04T02:36:28.6610000+00:00</time>
      </trkpt>
      <trkpt lat="46.61865" lon="7.79425">
        <ele>2046.59</ele>
        <time>2026-05-04T02:36:43.4310000+00:00</time>
      </trkpt>
      <trkpt lat="46.6187" lon="7.79417">
        <ele>2054.89</ele>
        <time>2026-05-04T02:36:56.9200000+00:00</time>
      </trkpt>
      <trkpt lat="46.61874" lon="7.7941">
        <ele>2062.15</ele>
        <time>2026-05-04T02:37:08.2750000+00:00</time>
      </trkpt>
      <trkpt lat="46.61876" lon="7.7941">
        <ele>2063.14</ele>
        <time>2026-05-04T02:37:11.9070000+00:00</time>
      </trkpt>
      <trkpt lat="46.6188" lon="7.79404">
        <ele>2069.76</ele>
        <time>2026-05-04T02:37:22.3330000+00:00</time>
      </trkpt>
      <trkpt lat="46.61882" lon="7.79404">
        <ele>2070.77</ele>
        <time>2026-05-04T02:37:25.9620000+00:00</time>
      </trkpt>
      <trkpt lat="46.61885" lon="7.79401">
        <ele>2074.63</ele>
        <time>2026-05-04T02:37:32.5670000+00:00</time>
      </trkpt>
      <trkpt lat="46.61889" lon="7.794">
        <ele>2077.47</ele>
        <time>2026-05-04T02:37:39.9330000+00:00</time>
      </trkpt>
      <trkpt lat="46.61892" lon="7.79396">
        <ele>2082.18</ele>
        <time>2026-05-04T02:37:47.3190000+00:00</time>
      </trkpt>
      <trkpt lat="46.61897" lon="7.79388">
        <ele>2091.19</ele>
        <time>2026-05-04T02:38:00.8070000+00:00</time>
      </trkpt>
      <trkpt lat="46.61902" lon="7.7938">
        <ele>2100.33</ele>
        <time>2026-05-04T02:38:14.2960000+00:00</time>
      </trkpt>
      <trkpt lat="46.61904" lon="7.79375">
        <ele>2105.49</ele>
        <time>2026-05-04T02:38:21.5120000+00:00</time>
      </trkpt>
      <trkpt lat="46.61907" lon="7.79372">
        <ele>2109.62</ele>
        <time>2026-05-04T02:38:28.1210000+00:00</time>
      </trkpt>
      <trkpt lat="46.61909" lon="7.79368">
        <ele>2114.03</ele>
        <time>2026-05-04T02:38:34.2900000+00:00</time>
      </trkpt>
      <trkpt lat="46.61916" lon="7.79357">
        <ele>2127.18</ele>
        <time>2026-05-04T02:38:52.9910000+00:00</time>
      </trkpt>
      <trkpt lat="46.61917" lon="7.79354">
        <ele>2130.27</ele>
        <time>2026-05-04T02:38:57.1500000+00:00</time>
      </trkpt>
      <trkpt lat="46.61922" lon="7.7934">
        <ele>2138.2</ele>
        <time>2026-05-04T02:39:16.8270000+00:00</time>
      </trkpt>
      <trkpt lat="46.61927" lon="7.79335">
        <ele>2142.03</ele>
        <time>2026-05-04T02:39:27.8390000+00:00</time>
      </trkpt>
      <trkpt lat="46.61936" lon="7.79334">
        <ele>2147.34</ele>
        <time>2026-05-04T02:39:44.2260000+00:00</time>
      </trkpt>
      <trkpt lat="46.61939" lon="7.79336">
        <ele>2148.72</ele>
        <time>2026-05-04T02:39:50.2160000+00:00</time>
      </trkpt>
      <trkpt lat="46.61944" lon="7.79337">
        <ele>2151.43</ele>
        <time>2026-05-04T02:39:59.3790000+00:00</time>
      </trkpt>
      <trkpt lat="46.61949" lon="7.79338">
        <ele>2154.01</ele>
        <time>2026-05-04T02:40:08.5410000+00:00</time>
      </trkpt>
      <trkpt lat="46.61955" lon="7.79337">
        <ele>2156.13</ele>
        <time>2026-05-04T02:40:19.5040000+00:00</time>
      </trkpt>
      <trkpt lat="46.61961" lon="7.79335">
        <ele>2158.35</ele>
        <time>2026-05-04T02:40:30.6780000+00:00</time>
      </trkpt>
      <trkpt lat="46.61964" lon="7.7933">
        <ele>2159.94</ele>
        <time>2026-05-04T02:40:38.9560000+00:00</time>
      </trkpt>
      <trkpt lat="46.61969" lon="7.79335">
        <ele>2160.96</ele>
        <time>2026-05-04T02:40:49.9690000+00:00</time>
      </trkpt>
      <trkpt lat="46.61969" lon="7.79336">
        <ele>2160.85</ele>
        <time>2026-05-04T02:40:51.2090000+00:00</time>
      </trkpt>
      <trkpt lat="46.6197" lon="7.79344">
        <ele>2160.27</ele>
        <time>2026-05-04T02:41:01.3480000+00:00</time>
      </trkpt>
      <trkpt lat="46.61972" lon="7.79342">
        <ele>2161.17</ele>
        <time>2026-05-04T02:41:05.7520000+00:00</time>
      </trkpt>
      <trkpt lat="46.61973" lon="7.79344">
        <ele>2161.29</ele>
        <time>2026-05-04T02:41:08.8360000+00:00</time>
      </trkpt>
      <trkpt lat="46.61974" lon="7.79342">
        <ele>2161.84</ele>
        <time>2026-05-04T02:41:11.9210000+00:00</time>
      </trkpt>
      <trkpt lat="46.6198" lon="7.79332">
        <ele>2164.84</ele>
        <time>2026-05-04T02:41:28.4790000+00:00</time>
      </trkpt>
      <trkpt lat="46.61982" lon="7.79329">
        <ele>2165.77</ele>
        <time>2026-05-04T02:41:33.6920000+00:00</time>
      </trkpt>
      <trkpt lat="46.61984" lon="7.79328">
        <ele>2166.5</ele>
        <time>2026-05-04T02:41:37.5330000+00:00</time>
      </trkpt>
      <trkpt lat="46.61985" lon="7.7933">
        <ele>2166.63</ele>
        <time>2026-05-04T02:41:40.6170000+00:00</time>
      </trkpt>
      <trkpt lat="46.61987" lon="7.7933">
        <ele>2167.27</ele>
        <time>2026-05-04T02:41:44.2460000+00:00</time>
      </trkpt>
      <trkpt lat="46.6199" lon="7.79331">
        <ele>2168.14</ele>
        <time>2026-05-04T02:41:49.8310000+00:00</time>
      </trkpt>
      <trkpt lat="46.61993" lon="7.79331">
        <ele>2169.1</ele>
        <time>2026-05-04T02:41:55.2760000+00:00</time>
      </trkpt>
      <trkpt lat="46.62002" lon="7.79337">
        <ele>2171.58</ele>
        <time>2026-05-04T02:42:13.2480000+00:00</time>
      </trkpt>
      <trkpt lat="46.62006" lon="7.79339">
        <ele>2172.77</ele>
        <time>2026-05-04T02:42:20.9270000+00:00</time>
      </trkpt>
      <trkpt lat="46.62015" lon="7.79342">
        <ele>2175.61</ele>
        <time>2026-05-04T02:42:37.6890000+00:00</time>
      </trkpt>
      <trkpt lat="46.62019" lon="7.79343">
        <ele>2176.92</ele>
        <time>2026-05-04T02:42:45.0580000+00:00</time>
      </trkpt>
      <trkpt lat="46.62022" lon="7.79343">
        <ele>2177.93</ele>
        <time>2026-05-04T02:42:50.5080000+00:00</time>
      </trkpt>
      <trkpt lat="46.6203" lon="7.7934">
        <ele>2180.71</ele>
        <time>2026-05-04T02:43:05.5060000+00:00</time>
      </trkpt>
      <trkpt lat="46.62038" lon="7.79343">
        <ele>2182.78</ele>
        <time>2026-05-04T02:43:20.5050000+00:00</time>
      </trkpt>
      <trkpt lat="46.62042" lon="7.79342">
        <ele>2183.83</ele>
        <time>2026-05-04T02:43:27.8720000+00:00</time>
      </trkpt>
      <trkpt lat="46.62056" lon="7.79345">
        <ele>2187.2</ele>
        <time>2026-05-04T02:43:53.5640000+00:00</time>
      </trkpt>
      <trkpt lat="46.62066" lon="7.79344">
        <ele>2189.77</ele>
        <time>2026-05-04T02:44:11.7620000+00:00</time>
      </trkpt>
      <trkpt lat="46.62075" lon="7.79347">
        <ele>2191.74</ele>
        <time>2026-05-04T02:44:28.5250000+00:00</time>
      </trkpt>
      <trkpt lat="46.62081" lon="7.79349">
        <ele>2193.01</ele>
        <time>2026-05-04T02:44:39.7000000+00:00</time>
      </trkpt>
      <trkpt lat="46.62085" lon="7.7935">
        <ele>2193.88</ele>
        <time>2026-05-04T02:44:47.0690000+00:00</time>
      </trkpt>
      <trkpt lat="46.62097" lon="7.7935">
        <ele>2196.77</ele>
        <time>2026-05-04T02:45:08.8560000+00:00</time>
      </trkpt>
      <trkpt lat="46.621" lon="7.79346">
        <ele>2198.02</ele>
        <time>2026-05-04T02:45:16.2430000+00:00</time>
      </trkpt>
      <trkpt lat="46.62105" lon="7.79337">
        <ele>2200.52</ele>
        <time>2026-05-04T02:45:30.6780000+00:00</time>
      </trkpt>
      <trkpt lat="46.6211" lon="7.79335">
        <ele>2202.13</ele>
        <time>2026-05-04T02:45:40.0930000+00:00</time>
      </trkpt>
      <trkpt lat="46.62112" lon="7.79334">
        <ele>2202.81</ele>
        <time>2026-05-04T02:45:43.9310000+00:00</time>
      </trkpt>
      <trkpt lat="46.62113" lon="7.79334">
        <ele>2203.08</ele>
        <time>2026-05-04T02:45:45.7460000+00:00</time>
      </trkpt>
      <trkpt lat="46.62114" lon="7.79334">
        <ele>2203.34</ele>
        <time>2026-05-04T02:45:47.5670000+00:00</time>
      </trkpt>
      <trkpt lat="46.62118" lon="7.79337">
        <ele>2203.25</ele>
        <time>2026-05-04T02:45:55.7370000+00:00</time>
      </trkpt>
      <trkpt lat="46.6213" lon="7.7934">
        <ele>2203.35</ele>
        <time>2026-05-04T02:46:17.8430000+00:00</time>
      </trkpt>
      <trkpt lat="46.62131" lon="7.79342">
        <ele>2203.12</ele>
        <time>2026-05-04T02:46:20.9270000+00:00</time>
      </trkpt>
      <trkpt lat="46.62128" lon="7.79351">
        <ele>2201.48</ele>
        <time>2026-05-04T02:46:33.4020000+00:00</time>
      </trkpt>
      <trkpt lat="46.62121" lon="7.7936">
        <ele>2195.08</ele>
        <time>2026-05-04T02:46:50.3570000+00:00</time>
      </trkpt>
      <trkpt lat="46.62121" lon="7.79364">
        <ele>2192.43</ele>
        <time>2026-05-04T02:46:55.3440000+00:00</time>
      </trkpt>
      <trkpt lat="46.62124" lon="7.79366">
        <ele>2191.25</ele>
        <time>2026-05-04T02:47:01.3330000+00:00</time>
      </trkpt>
      <trkpt lat="46.6213" lon="7.79366">
        <ele>2191.56</ele>
        <time>2026-05-04T02:47:12.2270000+00:00</time>
      </trkpt>
      <trkpt lat="46.62139" lon="7.79362">
        <ele>2194.72</ele>
        <time>2026-05-04T02:47:29.3120000+00:00</time>
      </trkpt>
      <trkpt lat="46.6215" lon="7.79369">
        <ele>2190.54</ele>
        <time>2026-05-04T02:47:51.1080000+00:00</time>
      </trkpt>
      <trkpt lat="46.62155" lon="7.79367">
        <ele>2192.16</ele>
        <time>2026-05-04T02:48:00.5230000+00:00</time>
      </trkpt>
      <trkpt lat="46.62174" lon="7.79368">
        <ele>2192.42</ele>
        <time>2026-05-04T02:48:35.0420000+00:00</time>
      </trkpt>
      <trkpt lat="46.62195" lon="7.79362">
        <ele>2197.71</ele>
        <time>2026-05-04T02:49:13.8960000+00:00</time>
      </trkpt>
      <trkpt lat="46.62204" lon="7.79361">
        <ele>2194.14</ele>
        <time>2026-05-04T02:49:30.2840000+00:00</time>
      </trkpt>
      <trkpt lat="46.62213" lon="7.79358">
        <ele>2188.96</ele>
        <time>2026-05-04T02:49:47.0480000+00:00</time>
      </trkpt>
      <trkpt lat="46.6222" lon="7.79356">
        <ele>2184.41</ele>
        <time>2026-05-04T02:50:00.0000000+00:00</time>
      </trkpt>
      <trkpt lat="46.62213" lon="7.79358">
        <ele>2188.96</ele>
        <time>2026-05-04T02:50:12.9520000+00:00</time>
      </trkpt>
      <trkpt lat="46.62204" lon="7.79361">
        <ele>2194.14</ele>
        <time>2026-05-04T02:50:29.7160000+00:00</time>
      </trkpt>
      <trkpt lat="46.62195" lon="7.79362">
        <ele>2197.71</ele>
        <time>2026-05-04T02:50:46.1040000+00:00</time>
      </trkpt>
      <trkpt lat="46.62174" lon="7.79368">
        <ele>2192.42</ele>
        <time>2026-05-04T02:51:24.9580000+00:00</time>
      </trkpt>
      <trkpt lat="46.62155" lon="7.79367">
        <ele>2192.16</ele>
        <time>2026-05-04T02:51:59.4770000+00:00</time>
      </trkpt>
      <trkpt lat="46.6215" lon="7.79369">
        <ele>2190.54</ele>
        <time>2026-05-04T02:52:08.8920000+00:00</time>
      </trkpt>
      <trkpt lat="46.62139" lon="7.79362">
        <ele>2194.72</ele>
        <time>2026-05-04T02:52:30.6880000+00:00</time>
      </trkpt>
      <trkpt lat="46.6213" lon="7.79366">
        <ele>2191.56</ele>
        <time>2026-05-04T02:52:47.7730000+00:00</time>
      </trkpt>
      <trkpt lat="46.62124" lon="7.79366">
        <ele>2191.25</ele>
        <time>2026-05-04T02:52:58.6670000+00:00</time>
      </trkpt>
      <trkpt lat="46.62121" lon="7.79364">
        <ele>2192.43</ele>
        <time>2026-05-04T02:53:04.6560000+00:00</time>
      </trkpt>
      <trkpt lat="46.62121" lon="7.7936">
        <ele>2195.08</ele>
        <time>2026-05-04T02:53:09.6430000+00:00</time>
      </trkpt>
      <trkpt lat="46.62128" lon="7.79351">
        <ele>2201.48</ele>
        <time>2026-05-04T02:53:26.5980000+00:00</time>
      </trkpt>
      <trkpt lat="46.62131" lon="7.79342">
        <ele>2203.12</ele>
        <time>2026-05-04T02:53:39.0730000+00:00</time>
      </trkpt>
      <trkpt lat="46.6213" lon="7.7934">
        <ele>2203.35</ele>
        <time>2026-05-04T02:53:42.1570000+00:00</time>
      </trkpt>
      <trkpt lat="46.62118" lon="7.79337">
        <ele>2203.25</ele>
        <time>2026-05-04T02:54:04.2630000+00:00</time>
      </trkpt>
      <trkpt lat="46.62114" lon="7.79334">
        <ele>2203.34</ele>
        <time>2026-05-04T02:54:12.4330000+00:00</time>
      </trkpt>
      <trkpt lat="46.62113" lon="7.79334">
        <ele>2203.08</ele>
        <time>2026-05-04T02:54:14.2540000+00:00</time>
      </trkpt>
      <trkpt lat="46.62112" lon="7.79334">
        <ele>2202.81</ele>
        <time>2026-05-04T02:54:16.0690000+00:00</time>
      </trkpt>
      <trkpt lat="46.6211" lon="7.79335">
        <ele>2202.13</ele>
        <time>2026-05-04T02:54:19.9070000+00:00</time>
      </trkpt>
      <trkpt lat="46.62105" lon="7.79337">
        <ele>2200.52</ele>
        <time>2026-05-04T02:54:29.3220000+00:00</time>
      </trkpt>
      <trkpt lat="46.621" lon="7.79346">
        <ele>2198.02</ele>
        <time>2026-05-04T02:54:43.7570000+00:00</time>
      </trkpt>
      <trkpt lat="46.62097" lon="7.7935">
        <ele>2196.77</ele>
        <time>2026-05-04T02:54:51.1440000+00:00</time>
      </trkpt>
      <trkpt lat="46.62085" lon="7.7935">
        <ele>2193.88</ele>
        <time>2026-05-04T02:55:12.9310000+00:00</time>
      </trkpt>
      <trkpt lat="46.62081" lon="7.79349">
        <ele>2193.01</ele>
        <time>2026-05-04T02:55:20.3000000+00:00</time>
      </trkpt>
      <trkpt lat="46.62075" lon="7.79347">
        <ele>2191.74</ele>
        <time>2026-05-04T02:55:31.4750000+00:00</time>
      </trkpt>
      <trkpt lat="46.62066" lon="7.79344">
        <ele>2189.77</ele>
        <time>2026-05-04T02:55:48.2380000+00:00</time>
      </trkpt>
      <trkpt lat="46.62056" lon="7.79345">
        <ele>2187.2</ele>
        <time>2026-05-04T02:56:06.4360000+00:00</time>
      </trkpt>
      <trkpt lat="46.62042" lon="7.79342">
        <ele>2183.83</ele>
        <time>2026-05-04T02:56:32.1280000+00:00</time>
      </trkpt>
      <trkpt lat="46.62038" lon="7.79343">
        <ele>2182.78</ele>
        <time>2026-05-04T02:56:39.4950000+00:00</time>
      </trkpt>
      <trkpt lat="46.6203" lon="7.7934">
        <ele>2180.71</ele>
        <time>2026-05-04T02:56:54.4940000+00:00</time>
      </trkpt>
      <trkpt lat="46.62022" lon="7.79343">
        <ele>2177.93</ele>
        <time>2026-05-04T02:57:09.4920000+00:00</time>
      </trkpt>
      <trkpt lat="46.62019" lon="7.79343">
        <ele>2176.92</ele>
        <time>2026-05-04T02:57:14.9420000+00:00</time>
      </trkpt>
      <trkpt lat="46.62015" lon="7.79342">
        <ele>2175.61</ele>
        <time>2026-05-04T02:57:22.3110000+00:00</time>
      </trkpt>
      <trkpt lat="46.62006" lon="7.79339">
        <ele>2172.77</ele>
        <time>2026-05-04T02:57:39.0730000+00:00</time>
      </trkpt>
      <trkpt lat="46.62002" lon="7.79337">
        <ele>2171.58</ele>
        <time>2026-05-04T02:57:46.7520000+00:00</time>
      </trkpt>
      <trkpt lat="46.61993" lon="7.79331">
        <ele>2169.1</ele>
        <time>2026-05-04T02:58:04.7240000+00:00</time>
      </trkpt>
      <trkpt lat="46.6199" lon="7.79331">
        <ele>2168.14</ele>
        <time>2026-05-04T02:58:10.1690000+00:00</time>
      </trkpt>
      <trkpt lat="46.61987" lon="7.7933">
        <ele>2167.27</ele>
        <time>2026-05-04T02:58:15.7540000+00:00</time>
      </trkpt>
      <trkpt lat="46.61985" lon="7.7933">
        <ele>2166.63</ele>
        <time>2026-05-04T02:58:19.3830000+00:00</time>
      </trkpt>
      <trkpt lat="46.61984" lon="7.79328">
        <ele>2166.5</ele>
        <time>2026-05-04T02:58:22.4670000+00:00</time>
      </trkpt>
      <trkpt lat="46.61982" lon="7.79329">
        <ele>2165.77</ele>
        <time>2026-05-04T02:58:26.3080000+00:00</time>
      </trkpt>
      <trkpt lat="46.6198" lon="7.79332">
        <ele>2164.84</ele>
        <time>2026-05-04T02:58:31.5210000+00:00</time>
      </trkpt>
      <trkpt lat="46.61974" lon="7.79342">
        <ele>2161.84</ele>
        <time>2026-05-04T02:58:48.0790000+00:00</time>
      </trkpt>
      <trkpt lat="46.61973" lon="7.79344">
        <ele>2161.29</ele>
        <time>2026-05-04T02:58:51.1640000+00:00</time>
      </trkpt>
      <trkpt lat="46.61972" lon="7.79342">
        <ele>2161.17</ele>
        <time>2026-05-04T02:58:54.2480000+00:00</time>
      </trkpt>
      <trkpt lat="46.6197" lon="7.79344">
        <ele>2160.27</ele>
        <time>2026-05-04T02:58:58.6520000+00:00</time>
      </trkpt>
      <trkpt lat="46.61969" lon="7.79336">
        <ele>2160.85</ele>
        <time>2026-05-04T02:59:08.7910000+00:00</time>
      </trkpt>
      <trkpt lat="46.61969" lon="7.79335">
        <ele>2160.96</ele>
        <time>2026-05-04T02:59:10.0310000+00:00</time>
      </trkpt>
      <trkpt lat="46.61964" lon="7.7933">
        <ele>2159.94</ele>
        <time>2026-05-04T02:59:21.0440000+00:00</time>
      </trkpt>
      <trkpt lat="46.61961" lon="7.79335">
        <ele>2158.35</ele>
        <time>2026-05-04T02:59:29.3220000+00:00</time>
      </trkpt>
      <trkpt lat="46.61955" lon="7.79337">
        <ele>2156.13</ele>
        <time>2026-05-04T02:59:40.4960000+00:00</time>
      </trkpt>
      <trkpt lat="46.61949" lon="7.79338">
        <ele>2154.01</ele>
        <time>2026-05-04T02:59:51.4590000+00:00</time>
      </trkpt>
      <trkpt lat="46.61944" lon="7.79337">
        <ele>2151.43</ele>
        <time>2026-05-04T03:00:00.6210000+00:00</time>
      </trkpt>
      <trkpt lat="46.61939" lon="7.79336">
        <ele>2148.72</ele>
        <time>2026-05-04T03:00:09.7840000+00:00</time>
      </trkpt>
      <trkpt lat="46.61936" lon="7.79334">
        <ele>2147.34</ele>
        <time>2026-05-04T03:00:15.7740000+00:00</time>
      </trkpt>
      <trkpt lat="46.61927" lon="7.79335">
        <ele>2142.03</ele>
        <time>2026-05-04T03:00:32.1610000+00:00</time>
      </trkpt>
      <trkpt lat="46.61922" lon="7.7934">
        <ele>2138.2</ele>
        <time>2026-05-04T03:00:43.1730000+00:00</time>
      </trkpt>
      <trkpt lat="46.61917" lon="7.79354">
        <ele>2130.27</ele>
        <time>2026-05-04T03:01:02.8500000+00:00</time>
      </trkpt>
      <trkpt lat="46.61916" lon="7.79357">
        <ele>2127.18</ele>
        <time>2026-05-04T03:01:07.0090000+00:00</time>
      </trkpt>
      <trkpt lat="46.61909" lon="7.79368">
        <ele>2114.03</ele>
        <time>2026-05-04T03:01:25.7100000+00:00</time>
      </trkpt>
      <trkpt lat="46.61907" lon="7.79372">
        <ele>2109.62</ele>
        <time>2026-05-04T03:01:31.8790000+00:00</time>
      </trkpt>
      <trkpt lat="46.61904" lon="7.79375">
        <ele>2105.49</ele>
        <time>2026-05-04T03:01:38.4880000+00:00</time>
      </trkpt>
      <trkpt lat="46.61902" lon="7.7938">
        <ele>2100.33</ele>
        <time>2026-05-04T03:01:45.7040000+00:00</time>
      </trkpt>
      <trkpt lat="46.61897" lon="7.79388">
        <ele>2091.19</ele>
        <time>2026-05-04T03:01:59.1930000+00:00</time>
      </trkpt>
      <trkpt lat="46.61892" lon="7.79396">
        <ele>2082.18</ele>
        <time>2026-05-04T03:02:12.6810000+00:00</time>
      </trkpt>
      <trkpt lat="46.61889" lon="7.794">
        <ele>2077.47</ele>
        <time>2026-05-04T03:02:20.0670000+00:00</time>
      </trkpt>
      <trkpt lat="46.61885" lon="7.79401">
        <ele>2074.63</ele>
        <time>2026-05-04T03:02:27.4330000+00:00</time>
      </trkpt>
      <trkpt lat="46.61882" lon="7.79404">
        <ele>2070.77</ele>
        <time>2026-05-04T03:02:34.0380000+00:00</time>
      </trkpt>
      <trkpt lat="46.6188" lon="7.79404">
        <ele>2069.76</ele>
        <time>2026-05-04T03:02:37.6670000+00:00</time>
      </trkpt>
      <trkpt lat="46.61876" lon="7.7941">
        <ele>2063.14</ele>
        <time>2026-05-04T03:02:48.0930000+00:00</time>
      </trkpt>
      <trkpt lat="46.61874" lon="7.7941">
        <ele>2062.15</ele>
        <time>2026-05-04T03:02:51.7250000+00:00</time>
      </trkpt>
      <trkpt lat="46.6187" lon="7.79417">
        <ele>2054.89</ele>
        <time>2026-05-04T03:03:03.0800000+00:00</time>
      </trkpt>
      <trkpt lat="46.61865" lon="7.79425">
        <ele>2046.59</ele>
        <time>2026-05-04T03:03:16.5690000+00:00</time>
      </trkpt>
      <trkpt lat="46.61859" lon="7.79433">
        <ele>2042.41</ele>
        <time>2026-05-04T03:03:31.3390000+00:00</time>
      </trkpt>
      <trkpt lat="46.61856" lon="7.79437">
        <ele>2040.44</ele>
        <time>2026-05-04T03:03:38.7250000+00:00</time>
      </trkpt>
      <trkpt lat="46.61852" lon="7.79442">
        <ele>2037.97</ele>
        <time>2026-05-04T03:03:48.2960000+00:00</time>
      </trkpt>
      <trkpt lat="46.61848" lon="7.79442">
        <ele>2039.09</ele>
        <time>2026-05-04T03:03:55.5600000+00:00</time>
      </trkpt>
      <trkpt lat="46.6184" lon="7.79449">
        <ele>2036.02</ele>
        <time>2026-05-04T03:04:12.5060000+00:00</time>
      </trkpt>
      <trkpt lat="46.61832" lon="7.79451">
        <ele>2036.57</ele>
        <time>2026-05-04T03:04:27.2430000+00:00</time>
      </trkpt>
      <trkpt lat="46.61828" lon="7.79451">
        <ele>2037.6</ele>
        <time>2026-05-04T03:04:34.5050000+00:00</time>
      </trkpt>
      <trkpt lat="46.61821" lon="7.79458">
        <ele>2033.77</ele>
        <time>2026-05-04T03:04:49.9220000+00:00</time>
      </trkpt>
      <trkpt lat="46.61812" lon="7.79464">
        <ele>2030.98</ele>
        <time>2026-05-04T03:05:07.8940000+00:00</time>
      </trkpt>
      <trkpt lat="46.61807" lon="7.79469">
        <ele>2027.92</ele>
        <time>2026-05-04T03:05:18.9070000+00:00</time>
      </trkpt>
      <trkpt lat="46.61797" lon="7.79474">
        <ele>2025.74</ele>
        <time>2026-05-04T03:05:38.1050000+00:00</time>
      </trkpt>
      <trkpt lat="46.61794" lon="7.79475">
        <ele>2025.47</ele>
        <time>2026-05-04T03:05:43.6920000+00:00</time>
      </trkpt>
      <trkpt lat="46.61793" lon="7.79476">
        <ele>2024.8</ele>
        <time>2026-05-04T03:05:45.8890000+00:00</time>
      </trkpt>
      <trkpt lat="46.61789" lon="7.7948">
        <ele>2022.05</ele>
        <time>2026-05-04T03:05:54.6990000+00:00</time>
      </trkpt>
      <trkpt lat="46.61785" lon="7.7948">
        <ele>2022.8</ele>
        <time>2026-05-04T03:06:01.9610000+00:00</time>
      </trkpt>
      <trkpt lat="46.6178" lon="7.79485">
        <ele>2019.34</ele>
        <time>2026-05-04T03:06:12.9750000+00:00</time>
      </trkpt>
      <trkpt lat="46.61772" lon="7.79491">
        <ele>2016.11</ele>
        <time>2026-05-04T03:06:29.3130000+00:00</time>
      </trkpt>
      <trkpt lat="46.61764" lon="7.79496">
        <ele>2014.1</ele>
        <time>2026-05-04T03:06:45.1180000+00:00</time>
      </trkpt>
      <trkpt lat="46.61755" lon="7.79501">
        <ele>2012.73</ele>
        <time>2026-05-04T03:07:02.6080000+00:00</time>
      </trkpt>
      <trkpt lat="46.61746" lon="7.79505">
        <ele>2012.47</ele>
        <time>2026-05-04T03:07:19.6920000+00:00</time>
      </trkpt>
      <trkpt lat="46.6174" lon="7.79508">
        <ele>2012.22</ele>
        <time>2026-05-04T03:07:31.2110000+00:00</time>
      </trkpt>
      <trkpt lat="46.61733" lon="7.79513">
        <ele>2011.05</ele>
        <time>2026-05-04T03:07:45.3670000+00:00</time>
      </trkpt>
      <trkpt lat="46.61723" lon="7.79519">
        <ele>2010.19</ele>
        <time>2026-05-04T03:08:05.0040000+00:00</time>
      </trkpt>
      <trkpt lat="46.61715" lon="7.7952">
        <ele>2012.22</ele>
        <time>2026-05-04T03:08:19.5820000+00:00</time>
      </trkpt>
      <trkpt lat="46.61708" lon="7.79523">
        <ele>2012</ele>
        <time>2026-05-04T03:08:32.8300000+00:00</time>
      </trkpt>
      <trkpt lat="46.61705" lon="7.79522">
        <ele>2014.01</ele>
        <time>2026-05-04T03:08:38.4190000+00:00</time>
      </trkpt>
      <trkpt lat="46.61698" lon="7.79522">
        <ele>2016.24</ele>
        <time>2026-05-04T03:08:51.1300000+00:00</time>
      </trkpt>
      <trkpt lat="46.61684" lon="7.79522">
        <ele>2014.22</ele>
        <time>2026-05-04T03:09:16.5480000+00:00</time>
      </trkpt>
      <trkpt lat="46.61678" lon="7.79523">
        <ele>2012.51</ele>
        <time>2026-05-04T03:09:27.5110000+00:00</time>
      </trkpt>
      <trkpt lat="46.61673" lon="7.79522">
        <ele>2012.64</ele>
        <time>2026-05-04T03:09:36.6740000+00:00</time>
      </trkpt>
      <trkpt lat="46.61669" lon="7.79519">
        <ele>2014.47</ele>
        <time>2026-05-04T03:09:44.8440000+00:00</time>
      </trkpt>
      <trkpt lat="46.61662" lon="7.79515">
        <ele>2015.98</ele>
        <time>2026-05-04T03:09:58.4970000+00:00</time>
      </trkpt>
      <trkpt lat="46.61657" lon="7.79514">
        <ele>2015.69</ele>
        <time>2026-05-04T03:10:07.6610000+00:00</time>
      </trkpt>
      <trkpt lat="46.616459999999996" lon="7.79512">
        <ele>2014.9</ele>
        <time>2026-05-04T03:10:27.7870000+00:00</time>
      </trkpt>
      <trkpt lat="46.61632" lon="7.79511">
        <ele>2013.06</ele>
        <time>2026-05-04T03:10:53.2370000+00:00</time>
      </trkpt>
      <trkpt lat="46.61626" lon="7.79509">
        <ele>2013.1</ele>
        <time>2026-05-04T03:11:04.4120000+00:00</time>
      </trkpt>
      <trkpt lat="46.61619" lon="7.79507">
        <ele>2012.96</ele>
        <time>2026-05-04T03:11:17.3640000+00:00</time>
      </trkpt>
      <trkpt lat="46.61609" lon="7.79506">
        <ele>2013.87</ele>
        <time>2026-05-04T03:11:35.5630000+00:00</time>
      </trkpt>
      <trkpt lat="46.61599" lon="7.79506">
        <ele>2015.49</ele>
        <time>2026-05-04T03:11:53.7180000+00:00</time>
      </trkpt>
      <trkpt lat="46.61586" lon="7.79505">
        <ele>2018.04</ele>
        <time>2026-05-04T03:12:17.3530000+00:00</time>
      </trkpt>
      <trkpt lat="46.61574" lon="7.79504">
        <ele>2020.37</ele>
        <time>2026-05-04T03:12:39.1760000+00:00</time>
      </trkpt>
      <trkpt lat="46.6156" lon="7.79501">
        <ele>2023.69</ele>
        <time>2026-05-04T03:13:04.8690000+00:00</time>
      </trkpt>
      <trkpt lat="46.61548" lon="7.79498">
        <ele>2026.5</ele>
        <time>2026-05-04T03:13:26.9740000+00:00</time>
      </trkpt>
      <trkpt lat="46.61543" lon="7.79495">
        <ele>2028.19</ele>
        <time>2026-05-04T03:13:36.7930000+00:00</time>
      </trkpt>
      <trkpt lat="46.61539" lon="7.79494">
        <ele>2029.03</ele>
        <time>2026-05-04T03:13:44.1620000+00:00</time>
      </trkpt>
      <trkpt lat="46.61538" lon="7.79498">
        <ele>2027.89</ele>
        <time>2026-05-04T03:13:49.4680000+00:00</time>
      </trkpt>
      <trkpt lat="46.61536" lon="7.79502">
        <ele>2026.93</ele>
        <time>2026-05-04T03:13:55.6380000+00:00</time>
      </trkpt>
      <trkpt lat="46.61532" lon="7.79507">
        <ele>2026.02</ele>
        <time>2026-05-04T03:14:05.2100000+00:00</time>
      </trkpt>
      <trkpt lat="46.61528" lon="7.79518">
        <ele>2022.14</ele>
        <time>2026-05-04T03:14:20.7310000+00:00</time>
      </trkpt>
      <trkpt lat="46.61525" lon="7.79519">
        <ele>2021.34</ele>
        <time>2026-05-04T03:14:26.3150000+00:00</time>
      </trkpt>
      <trkpt lat="46.61524" lon="7.79522">
        <ele>2019.51</ele>
        <time>2026-05-04T03:14:30.4690000+00:00</time>
      </trkpt>
      <trkpt lat="46.61521" lon="7.79521">
        <ele>2019.94</ele>
        <time>2026-05-04T03:14:36.0580000+00:00</time>
      </trkpt>
      <trkpt lat="46.61518" lon="7.7952">
        <ele>2020.33</ele>
        <time>2026-05-04T03:14:41.6450000+00:00</time>
      </trkpt>
      <trkpt lat="46.61516" lon="7.79519">
        <ele>2020.77</ele>
        <time>2026-05-04T03:14:45.4830000+00:00</time>
      </trkpt>
      <trkpt lat="46.61514" lon="7.79518">
        <ele>2021.19</ele>
        <time>2026-05-04T03:14:49.3200000+00:00</time>
      </trkpt>
      <trkpt lat="46.61512" lon="7.7952">
        <ele>2019.98</ele>
        <time>2026-05-04T03:14:53.7270000+00:00</time>
      </trkpt>
      <trkpt lat="46.6151" lon="7.7952">
        <ele>2019.86</ele>
        <time>2026-05-04T03:14:57.3550000+00:00</time>
      </trkpt>
      <trkpt lat="46.6151" lon="7.79524">
        <ele>2017.74</ele>
        <time>2026-05-04T03:15:02.3420000+00:00</time>
      </trkpt>
      <trkpt lat="46.61512" lon="7.79528">
        <ele>2015.68</ele>
        <time>2026-05-04T03:15:08.5120000+00:00</time>
      </trkpt>
      <trkpt lat="46.61513" lon="7.79531">
        <ele>2014.08</ele>
        <time>2026-05-04T03:15:12.6710000+00:00</time>
      </trkpt>
      <trkpt lat="46.61513" lon="7.79533">
        <ele>2012.99</ele>
        <time>2026-05-04T03:15:15.1610000+00:00</time>
      </trkpt>
      <trkpt lat="46.61516" lon="7.79536">
        <ele>2011.34</ele>
        <time>2026-05-04T03:15:21.7660000+00:00</time>
      </trkpt>
      <trkpt lat="46.61517" lon="7.79539">
        <ele>2009.65</ele>
        <time>2026-05-04T03:15:25.9230000+00:00</time>
      </trkpt>
      <trkpt lat="46.61518" lon="7.79541">
        <ele>2008.5</ele>
        <time>2026-05-04T03:15:29.0080000+00:00</time>
      </trkpt>
      <trkpt lat="46.6152" lon="7.79549">
        <ele>2003.86</ele>
        <time>2026-05-04T03:15:39.6240000+00:00</time>
      </trkpt>
      <trkpt lat="46.61521" lon="7.79551">
        <ele>2002.64</ele>
        <time>2026-05-04T03:15:42.7090000+00:00</time>
      </trkpt>
      <trkpt lat="46.61523" lon="7.79556">
        <ele>1999.56</ele>
        <time>2026-05-04T03:15:49.9250000+00:00</time>
      </trkpt>
      <trkpt lat="46.61524" lon="7.79561">
        <ele>1996.52</ele>
        <time>2026-05-04T03:15:56.4200000+00:00</time>
      </trkpt>
      <trkpt lat="46.61523" lon="7.79567">
        <ele>1993.12</ele>
        <time>2026-05-04T03:16:04.1210000+00:00</time>
      </trkpt>
      <trkpt lat="46.61522" lon="7.79578">
        <ele>1986.87</ele>
        <time>2026-05-04T03:16:17.9590000+00:00</time>
      </trkpt>
      <trkpt lat="46.61522" lon="7.79584">
        <ele>1983.39</ele>
        <time>2026-05-04T03:16:25.4410000+00:00</time>
      </trkpt>
      <trkpt lat="46.61521" lon="7.7959">
        <ele>1980.15</ele>
        <time>2026-05-04T03:16:33.1420000+00:00</time>
      </trkpt>
      <trkpt lat="46.61518" lon="7.79597">
        <ele>1976.93</ele>
        <time>2026-05-04T03:16:43.4310000+00:00</time>
      </trkpt>
      <trkpt lat="46.61515" lon="7.79606">
        <ele>1973.19</ele>
        <time>2026-05-04T03:16:55.9070000+00:00</time>
      </trkpt>
      <trkpt lat="46.61514" lon="7.79618">
        <ele>1967.72</ele>
        <time>2026-05-04T03:17:10.9820000+00:00</time>
      </trkpt>
      <trkpt lat="46.61515" lon="7.79621">
        <ele>1965.99</ele>
        <time>2026-05-04T03:17:15.1420000+00:00</time>
      </trkpt>
      <trkpt lat="46.61515" lon="7.79628">
        <ele>1962.63</ele>
        <time>2026-05-04T03:17:23.8710000+00:00</time>
      </trkpt>
      <trkpt lat="46.61511" lon="7.79633">
        <ele>1961.38</ele>
        <time>2026-05-04T03:17:33.4410000+00:00</time>
      </trkpt>
      <trkpt lat="46.61502" lon="7.7964">
        <ele>1960.61</ele>
        <time>2026-05-04T03:17:51.9670000+00:00</time>
      </trkpt>
      <trkpt lat="46.61496" lon="7.7964">
        <ele>1962.34</ele>
        <time>2026-05-04T03:18:02.8600000+00:00</time>
      </trkpt>
      <trkpt lat="46.6149" lon="7.79643">
        <ele>1962.63</ele>
        <time>2026-05-04T03:18:14.3780000+00:00</time>
      </trkpt>
      <trkpt lat="46.61485" lon="7.79644">
        <ele>1963.59</ele>
        <time>2026-05-04T03:18:23.5400000+00:00</time>
      </trkpt>
      <trkpt lat="46.61481" lon="7.79647">
        <ele>1963.3</ele>
        <time>2026-05-04T03:18:31.7100000+00:00</time>
      </trkpt>
      <trkpt lat="46.61477" lon="7.79653">
        <ele>1961.57</ele>
        <time>2026-05-04T03:18:42.1390000+00:00</time>
      </trkpt>
      <trkpt lat="46.61476" lon="7.79658">
        <ele>1959.45</ele>
        <time>2026-05-04T03:18:48.6340000+00:00</time>
      </trkpt>
      <trkpt lat="46.61475" lon="7.79661">
        <ele>1958.3</ele>
        <time>2026-05-04T03:18:52.7940000+00:00</time>
      </trkpt>
      <trkpt lat="46.61468" lon="7.79673">
        <ele>1954.55</ele>
        <time>2026-05-04T03:19:12.4270000+00:00</time>
      </trkpt>
      <trkpt lat="46.61464" lon="7.79679">
        <ele>1952.83</ele>
        <time>2026-05-04T03:19:22.8560000+00:00</time>
      </trkpt>
      <trkpt lat="46.61462" lon="7.79684">
        <ele>1951.07</ele>
        <time>2026-05-04T03:19:30.0730000+00:00</time>
      </trkpt>
      <trkpt lat="46.61458" lon="7.79689">
        <ele>1950.79</ele>
        <time>2026-05-04T03:19:39.6460000+00:00</time>
      </trkpt>
      <trkpt lat="46.61453" lon="7.79695">
        <ele>1950.58</ele>
        <time>2026-05-04T03:19:51.4110000+00:00</time>
      </trkpt>
      <trkpt lat="46.61452" lon="7.79699">
        <ele>1949.76</ele>
        <time>2026-05-04T03:19:56.7170000+00:00</time>
      </trkpt>
      <trkpt lat="46.61451" lon="7.79702">
        <ele>1949.23</ele>
        <time>2026-05-04T03:20:00.8770000+00:00</time>
      </trkpt>
      <trkpt lat="46.61451" lon="7.79708">
        <ele>1947.55</ele>
        <time>2026-05-04T03:20:08.3590000+00:00</time>
      </trkpt>
      <trkpt lat="46.6145" lon="7.79712">
        <ele>1946.76</ele>
        <time>2026-05-04T03:20:13.6660000+00:00</time>
      </trkpt>
      <trkpt lat="46.61448" lon="7.79714">
        <ele>1946.59</ele>
        <time>2026-05-04T03:20:18.0720000+00:00</time>
      </trkpt>
      <trkpt lat="46.61446" lon="7.79716">
        <ele>1946</ele>
        <time>2026-05-04T03:20:22.4780000+00:00</time>
      </trkpt>
      <trkpt lat="46.6144" lon="7.79726">
        <ele>1943.13</ele>
        <time>2026-05-04T03:20:39.0380000+00:00</time>
      </trkpt>
      <trkpt lat="46.61435" lon="7.79734">
        <ele>1940.85</ele>
        <time>2026-05-04T03:20:52.5260000+00:00</time>
      </trkpt>
      <trkpt lat="46.61432" lon="7.79744">
        <ele>1938.06</ele>
        <time>2026-05-04T03:21:06.1340000+00:00</time>
      </trkpt>
      <trkpt lat="46.61429" lon="7.79753">
        <ele>1935.55</ele>
        <time>2026-05-04T03:21:18.6100000+00:00</time>
      </trkpt>
      <trkpt lat="46.61427" lon="7.79757">
        <ele>1934.43</ele>
        <time>2026-05-04T03:21:24.7800000+00:00</time>
      </trkpt>
      <trkpt lat="46.61425" lon="7.79761">
        <ele>1933.31</ele>
        <time>2026-05-04T03:21:30.9490000+00:00</time>
      </trkpt>
      <trkpt lat="46.61425" lon="7.79763">
        <ele>1932.77</ele>
        <time>2026-05-04T03:21:33.4490000+00:00</time>
      </trkpt>
      <trkpt lat="46.61425" lon="7.79769">
        <ele>1930.86</ele>
        <time>2026-05-04T03:21:40.9320000+00:00</time>
      </trkpt>
      <trkpt lat="46.61422" lon="7.79776">
        <ele>1928.05</ele>
        <time>2026-05-04T03:21:51.2220000+00:00</time>
      </trkpt>
      <trkpt lat="46.61418" lon="7.79785">
        <ele>1924.46</ele>
        <time>2026-05-04T03:22:04.5900000+00:00</time>
      </trkpt>
      <trkpt lat="46.61415" lon="7.7979">
        <ele>1922.48</ele>
        <time>2026-05-04T03:22:12.8710000+00:00</time>
      </trkpt>
      <trkpt lat="46.61412" lon="7.79796">
        <ele>1920.12</ele>
        <time>2026-05-04T03:22:22.1280000+00:00</time>
      </trkpt>
      <trkpt lat="46.61408" lon="7.79803">
        <ele>1917.39</ele>
        <time>2026-05-04T03:22:33.4830000+00:00</time>
      </trkpt>
      <trkpt lat="46.61405" lon="7.79812">
        <ele>1913.9</ele>
        <time>2026-05-04T03:22:45.9590000+00:00</time>
      </trkpt>
      <trkpt lat="46.61405" lon="7.7982">
        <ele>1910.78</ele>
        <time>2026-05-04T03:22:55.9350000+00:00</time>
      </trkpt>
      <trkpt lat="46.61403" lon="7.79819">
        <ele>1911.19</ele>
        <time>2026-05-04T03:22:59.7730000+00:00</time>
      </trkpt>
      <trkpt lat="46.61404" lon="7.79824">
        <ele>1909.24</ele>
        <time>2026-05-04T03:23:06.2670000+00:00</time>
      </trkpt>
      <trkpt lat="46.614" lon="7.79833">
        <ele>1905.8</ele>
        <time>2026-05-04T03:23:19.6360000+00:00</time>
      </trkpt>
      <trkpt lat="46.61395" lon="7.79842">
        <ele>1902.42</ele>
        <time>2026-05-04T03:23:34.0710000+00:00</time>
      </trkpt>
      <trkpt lat="46.61393" lon="7.79844">
        <ele>1901.69</ele>
        <time>2026-05-04T03:23:38.4780000+00:00</time>
      </trkpt>
      <trkpt lat="46.61393" lon="7.79846">
        <ele>1900.92</ele>
        <time>2026-05-04T03:23:40.9770000+00:00</time>
      </trkpt>
      <trkpt lat="46.61393" lon="7.79851">
        <ele>1898.9</ele>
        <time>2026-05-04T03:23:47.2160000+00:00</time>
      </trkpt>
      <trkpt lat="46.61391" lon="7.79851">
        <ele>1898.95</ele>
        <time>2026-05-04T03:23:50.8450000+00:00</time>
      </trkpt>
      <trkpt lat="46.61393" lon="7.79855">
        <ele>1896.9</ele>
        <time>2026-05-04T03:23:57.0140000+00:00</time>
      </trkpt>
      <trkpt lat="46.61392" lon="7.79861">
        <ele>1893.95</ele>
        <time>2026-05-04T03:24:04.7150000+00:00</time>
      </trkpt>
      <trkpt lat="46.6139" lon="7.79863">
        <ele>1893.05</ele>
        <time>2026-05-04T03:24:09.1210000+00:00</time>
      </trkpt>
      <trkpt lat="46.6139" lon="7.79865">
        <ele>1892.07</ele>
        <time>2026-05-04T03:24:11.6210000+00:00</time>
      </trkpt>
      <trkpt lat="46.61391" lon="7.79867">
        <ele>1891.02</ele>
        <time>2026-05-04T03:24:14.7050000+00:00</time>
      </trkpt>
      <trkpt lat="46.6139" lon="7.79871">
        <ele>1889.1</ele>
        <time>2026-05-04T03:24:20.0120000+00:00</time>
      </trkpt>
      <trkpt lat="46.6139" lon="7.79877">
        <ele>1886.14</ele>
        <time>2026-05-04T03:24:27.4960000+00:00</time>
      </trkpt>
      <trkpt lat="46.61389" lon="7.79888">
        <ele>1880.81</ele>
        <time>2026-05-04T03:24:41.3340000+00:00</time>
      </trkpt>
      <trkpt lat="46.61386" lon="7.79896">
        <ele>1877.23</ele>
        <time>2026-05-04T03:24:52.7020000+00:00</time>
      </trkpt>
      <trkpt lat="46.61384" lon="7.79901">
        <ele>1875.05</ele>
        <time>2026-05-04T03:24:59.9180000+00:00</time>
      </trkpt>
      <trkpt lat="46.61381" lon="7.79906">
        <ele>1873.05</ele>
        <time>2026-05-04T03:25:08.1990000+00:00</time>
      </trkpt>
      <trkpt lat="46.61379" lon="7.79909">
        <ele>1871.91</ele>
        <time>2026-05-04T03:25:13.4140000+00:00</time>
      </trkpt>
      <trkpt lat="46.61379" lon="7.79916">
        <ele>1868.61</ele>
        <time>2026-05-04T03:25:22.1470000+00:00</time>
      </trkpt>
      <trkpt lat="46.61377" lon="7.79917">
        <ele>1868.46</ele>
        <time>2026-05-04T03:25:25.9880000+00:00</time>
      </trkpt>
      <trkpt lat="46.61378" lon="7.7992">
        <ele>1866.89</ele>
        <time>2026-05-04T03:25:30.1480000+00:00</time>
      </trkpt>
      <trkpt lat="46.6138" lon="7.79923">
        <ele>1865.14</ele>
        <time>2026-05-04T03:25:35.3630000+00:00</time>
      </trkpt>
      <trkpt lat="46.6138" lon="7.79924">
        <ele>1864.67</ele>
        <time>2026-05-04T03:25:36.6030000+00:00</time>
      </trkpt>
      <trkpt lat="46.61378" lon="7.79926">
        <ele>1864.07</ele>
        <time>2026-05-04T03:25:41.0090000+00:00</time>
      </trkpt>
      <trkpt lat="46.61376" lon="7.79926">
        <ele>1864.43</ele>
        <time>2026-05-04T03:25:44.6380000+00:00</time>
      </trkpt>
      <trkpt lat="46.61377" lon="7.79931">
        <ele>1861.91</ele>
        <time>2026-05-04T03:25:51.1340000+00:00</time>
      </trkpt>
      <trkpt lat="46.61379" lon="7.79933">
        <ele>1860.59</ele>
        <time>2026-05-04T03:25:55.5400000+00:00</time>
      </trkpt>
      <trkpt lat="46.61378" lon="7.79941">
        <ele>1858.77</ele>
        <time>2026-05-04T03:26:05.6810000+00:00</time>
      </trkpt>
      <trkpt lat="46.61378" lon="7.79948">
        <ele>1857.08</ele>
        <time>2026-05-04T03:26:14.4110000+00:00</time>
      </trkpt>
      <trkpt lat="46.61372" lon="7.79953">
        <ele>1857.26</ele>
        <time>2026-05-04T03:26:26.9630000+00:00</time>
      </trkpt>
      <trkpt lat="46.6137" lon="7.79956">
        <ele>1857.05</ele>
        <time>2026-05-04T03:26:32.1760000+00:00</time>
      </trkpt>
      <trkpt lat="46.61366" lon="7.7996">
        <ele>1857.13</ele>
        <time>2026-05-04T03:26:40.9870000+00:00</time>
      </trkpt>
      <trkpt lat="46.61362" lon="7.79967">
        <ele>1856.74</ele>
        <time>2026-05-04T03:26:52.3440000+00:00</time>
      </trkpt>
      <trkpt lat="46.61358" lon="7.79972">
        <ele>1856.93</ele>
        <time>2026-05-04T03:27:01.9170000+00:00</time>
      </trkpt>
      <trkpt lat="46.61352" lon="7.79975">
        <ele>1858.23</ele>
        <time>2026-05-04T03:27:13.4350000+00:00</time>
      </trkpt>
      <trkpt lat="46.61351" lon="7.79982">
        <ele>1857.38</ele>
        <time>2026-05-04T03:27:22.3530000+00:00</time>
      </trkpt>
      <trkpt lat="46.61348" lon="7.79988">
        <ele>1857.46</ele>
        <time>2026-05-04T03:27:31.6100000+00:00</time>
      </trkpt>
      <trkpt lat="46.61346" lon="7.79992">
        <ele>1857.58</ele>
        <time>2026-05-04T03:27:37.7810000+00:00</time>
      </trkpt>
      <trkpt lat="46.61345" lon="7.79996">
        <ele>1857.37</ele>
        <time>2026-05-04T03:27:43.0920000+00:00</time>
      </trkpt>
      <trkpt lat="46.61345" lon="7.8">
        <ele>1856.79</ele>
        <time>2026-05-04T03:27:48.0810000+00:00</time>
      </trkpt>
      <trkpt lat="46.6135" lon="7.8">
        <ele>1854.79</ele>
        <time>2026-05-04T03:27:57.1600000+00:00</time>
      </trkpt>
      <trkpt lat="46.61356" lon="7.8">
        <ele>1852.4</ele>
        <time>2026-05-04T03:28:08.0540000+00:00</time>
      </trkpt>
      <trkpt lat="46.61362" lon="7.80001">
        <ele>1849.8</ele>
        <time>2026-05-04T03:28:19.0190000+00:00</time>
      </trkpt>
      <trkpt lat="46.61366" lon="7.80004">
        <ele>1847.58</ele>
        <time>2026-05-04T03:28:27.1890000+00:00</time>
      </trkpt>
      <trkpt lat="46.6137" lon="7.80011">
        <ele>1844.66</ele>
        <time>2026-05-04T03:28:38.5460000+00:00</time>
      </trkpt>
      <trkpt lat="46.61374" lon="7.80012">
        <ele>1843.03</ele>
        <time>2026-05-04T03:28:45.9150000+00:00</time>
      </trkpt>
      <trkpt lat="46.61378" lon="7.80013">
        <ele>1841.39</ele>
        <time>2026-05-04T03:28:53.2830000+00:00</time>
      </trkpt>
      <trkpt lat="46.6138" lon="7.80016">
        <ele>1839.95</ele>
        <time>2026-05-04T03:28:58.4980000+00:00</time>
      </trkpt>
      <trkpt lat="46.61384" lon="7.80017">
        <ele>1838.26</ele>
        <time>2026-05-04T03:29:05.8670000+00:00</time>
      </trkpt>
      <trkpt lat="46.6139" lon="7.8002">
        <ele>1835.36</ele>
        <time>2026-05-04T03:29:17.3860000+00:00</time>
      </trkpt>
      <trkpt lat="46.61394" lon="7.80021">
        <ele>1833.68</ele>
        <time>2026-05-04T03:29:24.7530000+00:00</time>
      </trkpt>
      <trkpt lat="46.61396" lon="7.80024">
        <ele>1832.23</ele>
        <time>2026-05-04T03:29:29.9660000+00:00</time>
      </trkpt>
      <trkpt lat="46.61399" lon="7.80029">
        <ele>1829.95</ele>
        <time>2026-05-04T03:29:38.2460000+00:00</time>
      </trkpt>
      <trkpt lat="46.61401" lon="7.80034">
        <ele>1828.02</ele>
        <time>2026-05-04T03:29:45.4600000+00:00</time>
      </trkpt>
      <trkpt lat="46.61402" lon="7.8004">
        <ele>1826.22</ele>
        <time>2026-05-04T03:29:53.1610000+00:00</time>
      </trkpt>
      <trkpt lat="46.61403" lon="7.80041">
        <ele>1825.62</ele>
        <time>2026-05-04T03:29:55.3640000+00:00</time>
      </trkpt>
      <trkpt lat="46.61405" lon="7.8004">
        <ele>1825.16</ele>
        <time>2026-05-04T03:29:59.2020000+00:00</time>
      </trkpt>
      <trkpt lat="46.61406" lon="7.80037">
        <ele>1825.52</ele>
        <time>2026-05-04T03:30:03.3610000+00:00</time>
      </trkpt>
      <trkpt lat="46.61408" lon="7.80035">
        <ele>1825.3</ele>
        <time>2026-05-04T03:30:07.7670000+00:00</time>
      </trkpt>
      <trkpt lat="46.61409" lon="7.80036">
        <ele>1824.7</ele>
        <time>2026-05-04T03:30:09.9700000+00:00</time>
      </trkpt>
      <trkpt lat="46.61409" lon="7.80039">
        <ele>1823.98</ele>
        <time>2026-05-04T03:30:13.7100000+00:00</time>
      </trkpt>
      <trkpt lat="46.61409" lon="7.80044">
        <ele>1822.78</ele>
        <time>2026-05-04T03:30:19.9450000+00:00</time>
      </trkpt>
      <trkpt lat="46.6141" lon="7.80048">
        <ele>1821.47</ele>
        <time>2026-05-04T03:30:25.2540000+00:00</time>
      </trkpt>
      <trkpt lat="46.6141" lon="7.80054">
        <ele>1820.04</ele>
        <time>2026-05-04T03:30:32.7360000+00:00</time>
      </trkpt>
      <trkpt lat="46.6141" lon="7.80059">
        <ele>1818.84</ele>
        <time>2026-05-04T03:30:38.9720000+00:00</time>
      </trkpt>
      <trkpt lat="46.61411" lon="7.80064">
        <ele>1817.3</ele>
        <time>2026-05-04T03:30:45.4670000+00:00</time>
      </trkpt>
      <trkpt lat="46.61411" lon="7.80068">
        <ele>1816.34</ele>
        <time>2026-05-04T03:30:50.4570000+00:00</time>
      </trkpt>
      <trkpt lat="46.6141" lon="7.80074">
        <ele>1815.25</ele>
        <time>2026-05-04T03:30:58.1570000+00:00</time>
      </trkpt>
      <trkpt lat="46.61411" lon="7.80076">
        <ele>1814.43</ele>
        <time>2026-05-04T03:31:01.2420000+00:00</time>
      </trkpt>
      <trkpt lat="46.61414" lon="7.80075">
        <ele>1813.64</ele>
        <time>2026-05-04T03:31:06.8290000+00:00</time>
      </trkpt>
      <trkpt lat="46.61417" lon="7.80074">
        <ele>1812.84</ele>
        <time>2026-05-04T03:31:12.4130000+00:00</time>
      </trkpt>
      <trkpt lat="46.61419" lon="7.80069">
        <ele>1813.34</ele>
        <time>2026-05-04T03:31:19.6290000+00:00</time>
      </trkpt>
      <trkpt lat="46.61421" lon="7.80072">
        <ele>1811.94</ele>
        <time>2026-05-04T03:31:24.8400000+00:00</time>
      </trkpt>
      <trkpt lat="46.61423" lon="7.80076">
        <ele>1810.31</ele>
        <time>2026-05-04T03:31:31.0090000+00:00</time>
      </trkpt>
      <trkpt lat="46.61424" lon="7.8008">
        <ele>1809.02</ele>
        <time>2026-05-04T03:31:36.3160000+00:00</time>
      </trkpt>
      <trkpt lat="46.61424" lon="7.80087">
        <ele>1807.38</ele>
        <time>2026-05-04T03:31:45.0450000+00:00</time>
      </trkpt>
      <trkpt lat="46.61425" lon="7.80098">
        <ele>1804.45</ele>
        <time>2026-05-04T03:31:58.8830000+00:00</time>
      </trkpt>
      <trkpt lat="46.61424" lon="7.80104">
        <ele>1803.32</ele>
        <time>2026-05-04T03:32:06.5840000+00:00</time>
      </trkpt>
      <trkpt lat="46.61423" lon="7.80114">
        <ele>1801.17</ele>
        <time>2026-05-04T03:32:19.1870000+00:00</time>
      </trkpt>
      <trkpt lat="46.61421" lon="7.80133">
        <ele>1797.13</ele>
        <time>2026-05-04T03:32:43.1590000+00:00</time>
      </trkpt>
      <trkpt lat="46.61426" lon="7.80133">
        <ele>1795.43</ele>
        <time>2026-05-04T03:32:52.2370000+00:00</time>
      </trkpt>
      <trkpt lat="46.61431" lon="7.80133">
        <ele>1793.72</ele>
        <time>2026-05-04T03:33:01.3150000+00:00</time>
      </trkpt>
      <trkpt lat="46.61437" lon="7.80132">
        <ele>1791.93</ele>
        <time>2026-05-04T03:33:12.2800000+00:00</time>
      </trkpt>
      <trkpt lat="46.61439" lon="7.80129">
        <ele>1792</ele>
        <time>2026-05-04T03:33:17.4900000+00:00</time>
      </trkpt>
      <trkpt lat="46.61442" lon="7.80126">
        <ele>1791.73</ele>
        <time>2026-05-04T03:33:24.0980000+00:00</time>
      </trkpt>
      <trkpt lat="46.61446" lon="7.80122">
        <ele>1791.38</ele>
        <time>2026-05-04T03:33:32.9080000+00:00</time>
      </trkpt>
      <trkpt lat="46.61448" lon="7.80124">
        <ele>1790.2</ele>
        <time>2026-05-04T03:33:37.3140000+00:00</time>
      </trkpt>
      <trkpt lat="46.6145" lon="7.80124">
        <ele>1789.76</ele>
        <time>2026-05-04T03:33:40.9460000+00:00</time>
      </trkpt>
      <trkpt lat="46.61452" lon="7.80122">
        <ele>1789.99</ele>
        <time>2026-05-04T03:33:45.3550000+00:00</time>
      </trkpt>
      <trkpt lat="46.61457" lon="7.80122">
        <ele>1789.31</ele>
        <time>2026-05-04T03:33:54.4330000+00:00</time>
      </trkpt>
      <trkpt lat="46.61461" lon="7.80121">
        <ele>1789.03</ele>
        <time>2026-05-04T03:34:01.8020000+00:00</time>
      </trkpt>
      <trkpt lat="46.61464" lon="7.80118">
        <ele>1789.41</ele>
        <time>2026-05-04T03:34:08.4110000+00:00</time>
      </trkpt>
      <trkpt lat="46.61465" lon="7.80121">
        <ele>1788.49</ele>
        <time>2026-05-04T03:34:12.5710000+00:00</time>
      </trkpt>
      <trkpt lat="46.61466" lon="7.80126">
        <ele>1787.03</ele>
        <time>2026-05-04T03:34:19.0660000+00:00</time>
      </trkpt>
      <trkpt lat="46.61468" lon="7.8013">
        <ele>1785.69</ele>
        <time>2026-05-04T03:34:25.2360000+00:00</time>
      </trkpt>
      <trkpt lat="46.61469" lon="7.80136">
        <ele>1783.95</ele>
        <time>2026-05-04T03:34:32.9350000+00:00</time>
      </trkpt>
      <trkpt lat="46.6147" lon="7.80139">
        <ele>1783</ele>
        <time>2026-05-04T03:34:37.0880000+00:00</time>
      </trkpt>
      <trkpt lat="46.61472" lon="7.80141">
        <ele>1782.16</ele>
        <time>2026-05-04T03:34:41.4920000+00:00</time>
      </trkpt>
      <trkpt lat="46.61475" lon="7.80144">
        <ele>1780.9</ele>
        <time>2026-05-04T03:34:48.1010000+00:00</time>
      </trkpt>
      <trkpt lat="46.61479" lon="7.80148">
        <ele>1779.2</ele>
        <time>2026-05-04T03:34:56.9120000+00:00</time>
      </trkpt>
      <trkpt lat="46.61482" lon="7.8015">
        <ele>1778.18</ele>
        <time>2026-05-04T03:35:02.9040000+00:00</time>
      </trkpt>
      <trkpt lat="46.61485" lon="7.8015">
        <ele>1777.71</ele>
        <time>2026-05-04T03:35:08.3490000+00:00</time>
      </trkpt>
      <trkpt lat="46.61486" lon="7.80147">
        <ele>1778.39</ele>
        <time>2026-05-04T03:35:12.5060000+00:00</time>
      </trkpt>
      <trkpt lat="46.61485" lon="7.80143">
        <ele>1779.66</ele>
        <time>2026-05-04T03:35:17.8120000+00:00</time>
      </trkpt>
      <trkpt lat="46.61487" lon="7.80137">
        <ele>1781.04</ele>
        <time>2026-05-04T03:35:26.1280000+00:00</time>
      </trkpt>
      <trkpt lat="46.61487" lon="7.80132">
        <ele>1782.44</ele>
        <time>2026-05-04T03:35:32.3630000+00:00</time>
      </trkpt>
      <trkpt lat="46.61487" lon="7.80128">
        <ele>1783.55</ele>
        <time>2026-05-04T03:35:37.3480000+00:00</time>
      </trkpt>
      <trkpt lat="46.61485" lon="7.80122">
        <ele>1785.51</ele>
        <time>2026-05-04T03:35:45.6630000+00:00</time>
      </trkpt>
      <trkpt lat="46.61482" lon="7.80114">
        <ele>1788.12</ele>
        <time>2026-05-04T03:35:57.0290000+00:00</time>
      </trkpt>
      <trkpt lat="46.6148" lon="7.80105">
        <ele>1790.86</ele>
        <time>2026-05-04T03:36:08.8260000+00:00</time>
      </trkpt>
      <trkpt lat="46.61481" lon="7.80102">
        <ele>1791.56</ele>
        <time>2026-05-04T03:36:12.9850000+00:00</time>
      </trkpt>
      <trkpt lat="46.61482" lon="7.80101">
        <ele>1791.71</ele>
        <time>2026-05-04T03:36:15.1890000+00:00</time>
      </trkpt>
      <trkpt lat="46.61487" lon="7.80104">
        <ele>1790.27</ele>
        <time>2026-05-04T03:36:25.0070000+00:00</time>
      </trkpt>
      <trkpt lat="46.61491" lon="7.80105">
        <ele>1789.49</ele>
        <time>2026-05-04T03:36:32.3760000+00:00</time>
      </trkpt>
      <trkpt lat="46.61495" lon="7.80105">
        <ele>1789</ele>
        <time>2026-05-04T03:36:39.6400000+00:00</time>
      </trkpt>
      <trkpt lat="46.615" lon="7.80102">
        <ele>1789.25</ele>
        <time>2026-05-04T03:36:49.4580000+00:00</time>
      </trkpt>
      <trkpt lat="46.61503" lon="7.801">
        <ele>1789.47</ele>
        <time>2026-05-04T03:36:55.4480000+00:00</time>
      </trkpt>
      <trkpt lat="46.61507" lon="7.801">
        <ele>1788.98</ele>
        <time>2026-05-04T03:37:02.7100000+00:00</time>
      </trkpt>
      <trkpt lat="46.61512" lon="7.80099">
        <ele>1788.69</ele>
        <time>2026-05-04T03:37:11.8730000+00:00</time>
      </trkpt>
      <trkpt lat="46.6152" lon="7.80101">
        <ele>1787.12</ele>
        <time>2026-05-04T03:37:26.6110000+00:00</time>
      </trkpt>
      <trkpt lat="46.61527" lon="7.80104">
        <ele>1785.35</ele>
        <time>2026-05-04T03:37:39.8600000+00:00</time>
      </trkpt>
      <trkpt lat="46.61529" lon="7.80104">
        <ele>1785.1</ele>
        <time>2026-05-04T03:37:43.4950000+00:00</time>
      </trkpt>
      <trkpt lat="46.6153" lon="7.80102">
        <ele>1785.6</ele>
        <time>2026-05-04T03:37:46.5870000+00:00</time>
      </trkpt>
      <trkpt lat="46.61532" lon="7.80101">
        <ele>1785.67</ele>
        <time>2026-05-04T03:37:50.4250000+00:00</time>
      </trkpt>
      <trkpt lat="46.61537" lon="7.80102">
        <ele>1785.72</ele>
        <time>2026-05-04T03:37:59.5880000+00:00</time>
      </trkpt>
      <trkpt lat="46.61539" lon="7.80103">
        <ele>1785.56</ele>
        <time>2026-05-04T03:38:03.4260000+00:00</time>
      </trkpt>
      <trkpt lat="46.61543" lon="7.80107">
        <ele>1784.67</ele>
        <time>2026-05-04T03:38:12.2350000+00:00</time>
      </trkpt>
      <trkpt lat="46.61546" lon="7.80112">
        <ele>1783.43</ele>
        <time>2026-05-04T03:38:20.5160000+00:00</time>
      </trkpt>
      <trkpt lat="46.6155" lon="7.80115">
        <ele>1782.9</ele>
        <time>2026-05-04T03:38:28.6870000+00:00</time>
      </trkpt>
      <trkpt lat="46.61556" lon="7.8012">
        <ele>1782.01</ele>
        <time>2026-05-04T03:38:41.2380000+00:00</time>
      </trkpt>
      <trkpt lat="46.6156" lon="7.80125">
        <ele>1780.99</ele>
        <time>2026-05-04T03:38:50.8080000+00:00</time>
      </trkpt>
      <trkpt lat="46.61564" lon="7.80128">
        <ele>1780.57</ele>
        <time>2026-05-04T03:38:58.9780000+00:00</time>
      </trkpt>
      <trkpt lat="46.61569" lon="7.8013">
        <ele>1780.55</ele>
        <time>2026-05-04T03:39:08.3920000+00:00</time>
      </trkpt>
      <trkpt lat="46.61577" lon="7.80131">
        <ele>1781.14</ele>
        <time>2026-05-04T03:39:22.9690000+00:00</time>
      </trkpt>
      <trkpt lat="46.61583" lon="7.80129">
        <ele>1782.3</ele>
        <time>2026-05-04T03:39:34.1450000+00:00</time>
      </trkpt>
      <trkpt lat="46.6159" lon="7.80133">
        <ele>1782.06</ele>
        <time>2026-05-04T03:39:47.7980000+00:00</time>
      </trkpt>
      <trkpt lat="46.61594" lon="7.80135">
        <ele>1782.02</ele>
        <time>2026-05-04T03:39:55.4770000+00:00</time>
      </trkpt>
      <trkpt lat="46.61595" lon="7.80139">
        <ele>1781.17</ele>
        <time>2026-05-04T03:40:00.7840000+00:00</time>
      </trkpt>
      <trkpt lat="46.61602" lon="7.80142">
        <ele>1781.3</ele>
        <time>2026-05-04T03:40:14.0320000+00:00</time>
      </trkpt>
      <trkpt lat="46.61607" lon="7.80146">
        <ele>1781</ele>
        <time>2026-05-04T03:40:24.3910000+00:00</time>
      </trkpt>
      <trkpt lat="46.61613" lon="7.80148">
        <ele>1781.31</ele>
        <time>2026-05-04T03:40:35.5670000+00:00</time>
      </trkpt>
      <trkpt lat="46.61615" lon="7.80152">
        <ele>1780.7</ele>
        <time>2026-05-04T03:40:41.7400000+00:00</time>
      </trkpt>
      <trkpt lat="46.61623" lon="7.80157">
        <ele>1778.43</ele>
        <time>2026-05-04T03:40:57.5480000+00:00</time>
      </trkpt>
      <trkpt lat="46.61627" lon="7.80161">
        <ele>1776.91</ele>
        <time>2026-05-04T03:41:06.3570000+00:00</time>
      </trkpt>
      <trkpt lat="46.61632" lon="7.80163">
        <ele>1775.66</ele>
        <time>2026-05-04T03:41:15.7720000+00:00</time>
      </trkpt>
      <trkpt lat="46.61638" lon="7.80168">
        <ele>1773.57</ele>
        <time>2026-05-04T03:41:28.3250000+00:00</time>
      </trkpt>
      <trkpt lat="46.61641" lon="7.80174">
        <ele>1771.73</ele>
        <time>2026-05-04T03:41:37.5790000+00:00</time>
      </trkpt>
      <trkpt lat="46.61644" lon="7.80177">
        <ele>1770.57</ele>
        <time>2026-05-04T03:41:44.1880000+00:00</time>
      </trkpt>
      <trkpt lat="46.61649" lon="7.80177">
        <ele>1769.73</ele>
        <time>2026-05-04T03:41:53.2670000+00:00</time>
      </trkpt>
      <trkpt lat="46.61654" lon="7.80178">
        <ele>1768.67</ele>
        <time>2026-05-04T03:42:02.4290000+00:00</time>
      </trkpt>
      <trkpt lat="46.61657" lon="7.8018">
        <ele>1767.72</ele>
        <time>2026-05-04T03:42:08.4210000+00:00</time>
      </trkpt>
      <trkpt lat="46.61661" lon="7.80186">
        <ele>1765.53</ele>
        <time>2026-05-04T03:42:18.8490000+00:00</time>
      </trkpt>
      <trkpt lat="46.61665" lon="7.80194">
        <ele>1762.63</ele>
        <time>2026-05-04T03:42:31.1890000+00:00</time>
      </trkpt>
      <trkpt lat="46.6167" lon="7.80212">
        <ele>1756.84</ele>
        <time>2026-05-04T03:42:55.4020000+00:00</time>
      </trkpt>
      <trkpt lat="46.61672" lon="7.80217">
        <ele>1755.15</ele>
        <time>2026-05-04T03:43:02.6180000+00:00</time>
      </trkpt>
      <trkpt lat="46.61674" lon="7.8022">
        <ele>1754.01</ele>
        <time>2026-05-04T03:43:07.8330000+00:00</time>
      </trkpt>
      <trkpt lat="46.61674" lon="7.80227">
        <ele>1752.09</ele>
        <time>2026-05-04T03:43:16.5640000+00:00</time>
      </trkpt>
      <trkpt lat="46.61674" lon="7.80236">
        <ele>1749.62</ele>
        <time>2026-05-04T03:43:27.7880000+00:00</time>
      </trkpt>
      <trkpt lat="46.61673" lon="7.80241">
        <ele>1748.38</ele>
        <time>2026-05-04T03:43:34.2830000+00:00</time>
      </trkpt>
      <trkpt lat="46.61673" lon="7.80244">
        <ele>1747.56</ele>
        <time>2026-05-04T03:43:38.0260000+00:00</time>
      </trkpt>
      <trkpt lat="46.61674" lon="7.80245">
        <ele>1747.14</ele>
        <time>2026-05-04T03:43:40.2290000+00:00</time>
      </trkpt>
      <trkpt lat="46.61676" lon="7.80247">
        <ele>1746.31</ele>
        <time>2026-05-04T03:43:44.6350000+00:00</time>
      </trkpt>
      <trkpt lat="46.61678" lon="7.80252">
        <ele>1744.66</ele>
        <time>2026-05-04T03:43:51.8500000+00:00</time>
      </trkpt>
      <trkpt lat="46.61679" lon="7.80257">
        <ele>1743.16</ele>
        <time>2026-05-04T03:43:58.3450000+00:00</time>
      </trkpt>
      <trkpt lat="46.61682" lon="7.80257">
        <ele>1742.75</ele>
        <time>2026-05-04T03:44:03.7930000+00:00</time>
      </trkpt>
      <trkpt lat="46.61685" lon="7.80259">
        <ele>1741.81</ele>
        <time>2026-05-04T03:44:09.7840000+00:00</time>
      </trkpt>
      <trkpt lat="46.6169" lon="7.80261">
        <ele>1740.59</ele>
        <time>2026-05-04T03:44:19.2000000+00:00</time>
      </trkpt>
      <trkpt lat="46.61695" lon="7.80263">
        <ele>1739.39</ele>
        <time>2026-05-04T03:44:28.6140000+00:00</time>
      </trkpt>
      <trkpt lat="46.617" lon="7.80264">
        <ele>1738.35</ele>
        <time>2026-05-04T03:44:37.7770000+00:00</time>
      </trkpt>
      <trkpt lat="46.61706" lon="7.80262">
        <ele>1737.64</ele>
        <time>2026-05-04T03:44:48.9510000+00:00</time>
      </trkpt>
      <trkpt lat="46.61718" lon="7.80255">
        <ele>1736.9</ele>
        <time>2026-05-04T03:45:12.4220000+00:00</time>
      </trkpt>
      <trkpt lat="46.61723" lon="7.80253">
        <ele>1736.33</ele>
        <time>2026-05-04T03:45:21.8350000+00:00</time>
      </trkpt>
      <trkpt lat="46.61731" lon="7.8025">
        <ele>1735.34</ele>
        <time>2026-05-04T03:45:36.8340000+00:00</time>
      </trkpt>
      <trkpt lat="46.61734" lon="7.80246">
        <ele>1735.65</ele>
        <time>2026-05-04T03:45:44.2190000+00:00</time>
      </trkpt>
      <trkpt lat="46.61739" lon="7.80245">
        <ele>1734.79</ele>
        <time>2026-05-04T03:45:53.3820000+00:00</time>
      </trkpt>
      <trkpt lat="46.61746" lon="7.8024">
        <ele>1734.4</ele>
        <time>2026-05-04T03:46:07.5380000+00:00</time>
      </trkpt>
      <trkpt lat="46.61749" lon="7.80237">
        <ele>1734.42</ele>
        <time>2026-05-04T03:46:14.1450000+00:00</time>
      </trkpt>
      <trkpt lat="46.6175" lon="7.80236">
        <ele>1734.42</ele>
        <time>2026-05-04T03:46:16.3490000+00:00</time>
      </trkpt>
      <trkpt lat="46.61753" lon="7.80234">
        <ele>1734.19</ele>
        <time>2026-05-04T03:46:22.3400000+00:00</time>
      </trkpt>
      <trkpt lat="46.61757" lon="7.80233">
        <ele>1733.5</ele>
        <time>2026-05-04T03:46:29.7090000+00:00</time>
      </trkpt>
      <trkpt lat="46.6176" lon="7.80231">
        <ele>1733.26</ele>
        <time>2026-05-04T03:46:35.7010000+00:00</time>
      </trkpt>
      <trkpt lat="46.61767" lon="7.80228">
        <ele>1732.29</ele>
        <time>2026-05-04T03:46:48.9480000+00:00</time>
      </trkpt>
      <trkpt lat="46.61777" lon="7.80222">
        <ele>1731.22</ele>
        <time>2026-05-04T03:47:08.5860000+00:00</time>
      </trkpt>
      <trkpt lat="46.61781" lon="7.80218">
        <ele>1731.09</ele>
        <time>2026-05-04T03:47:17.3950000+00:00</time>
      </trkpt>
      <trkpt lat="46.61786" lon="7.80214">
        <ele>1730.86</ele>
        <time>2026-05-04T03:47:27.7540000+00:00</time>
      </trkpt>
      <trkpt lat="46.61791" lon="7.8021">
        <ele>1730.66</ele>
        <time>2026-05-04T03:47:38.1130000+00:00</time>
      </trkpt>
      <trkpt lat="46.61794" lon="7.80204">
        <ele>1731.27</ele>
        <time>2026-05-04T03:47:47.3670000+00:00</time>
      </trkpt>
      <trkpt lat="46.61797" lon="7.80201">
        <ele>1731.27</ele>
        <time>2026-05-04T03:47:53.9750000+00:00</time>
      </trkpt>
      <trkpt lat="46.618" lon="7.80198">
        <ele>1731.27</ele>
        <time>2026-05-04T03:48:00.5840000+00:00</time>
      </trkpt>
      <trkpt lat="46.61805" lon="7.80194">
        <ele>1731.06</ele>
        <time>2026-05-04T03:48:10.9410000+00:00</time>
      </trkpt>
      <trkpt lat="46.61809" lon="7.80193">
        <ele>1730.45</ele>
        <time>2026-05-04T03:48:18.3070000+00:00</time>
      </trkpt>
      <trkpt lat="46.61813" lon="7.80191">
        <ele>1730.04</ele>
        <time>2026-05-04T03:48:25.9860000+00:00</time>
      </trkpt>
      <trkpt lat="46.61816" lon="7.80191">
        <ele>1729.43</ele>
        <time>2026-05-04T03:48:31.4350000+00:00</time>
      </trkpt>
      <trkpt lat="46.61822" lon="7.80191">
        <ele>1728.21</ele>
        <time>2026-05-04T03:48:42.3290000+00:00</time>
      </trkpt>
      <trkpt lat="46.61829" lon="7.80192">
        <ele>1726.57</ele>
        <time>2026-05-04T03:48:55.0980000+00:00</time>
      </trkpt>
      <trkpt lat="46.61834" lon="7.80193">
        <ele>1725.35</ele>
        <time>2026-05-04T03:49:04.2610000+00:00</time>
      </trkpt>
      <trkpt lat="46.61836" lon="7.80194">
        <ele>1724.73</ele>
        <time>2026-05-04T03:49:08.0990000+00:00</time>
      </trkpt>
      <trkpt lat="46.6184" lon="7.80199">
        <ele>1722.9</ele>
        <time>2026-05-04T03:49:17.6690000+00:00</time>
      </trkpt>
      <trkpt lat="46.61846" lon="7.80205">
        <ele>1720.45</ele>
        <time>2026-05-04T03:49:30.8840000+00:00</time>
      </trkpt>
      <trkpt lat="46.61852" lon="7.80211">
        <ele>1718</ele>
        <time>2026-05-04T03:49:44.1010000+00:00</time>
      </trkpt>
      <trkpt lat="46.61855" lon="7.80213">
        <ele>1716.98</ele>
        <time>2026-05-04T03:49:50.0930000+00:00</time>
      </trkpt>
      <trkpt lat="46.6186" lon="7.80213">
        <ele>1715.96</ele>
        <time>2026-05-04T03:49:59.1710000+00:00</time>
      </trkpt>
      <trkpt lat="46.61866" lon="7.80211">
        <ele>1715.27</ele>
        <time>2026-05-04T03:50:10.3470000+00:00</time>
      </trkpt>
      <trkpt lat="46.6187" lon="7.80212">
        <ele>1714.86</ele>
        <time>2026-05-04T03:50:17.7160000+00:00</time>
      </trkpt>
      <trkpt lat="46.61876" lon="7.80216">
        <ele>1713.68</ele>
        <time>2026-05-04T03:50:29.6970000+00:00</time>
      </trkpt>
      <trkpt lat="46.61881" lon="7.80221">
        <ele>1712.29</ele>
        <time>2026-05-04T03:50:40.7090000+00:00</time>
      </trkpt>
      <trkpt lat="46.61887" lon="7.80221">
        <ele>1711.92</ele>
        <time>2026-05-04T03:50:51.6020000+00:00</time>
      </trkpt>
      <trkpt lat="46.618899999999996" lon="7.80221">
        <ele>1711.73</ele>
        <time>2026-05-04T03:50:57.0470000+00:00</time>
      </trkpt>
      <trkpt lat="46.61893" lon="7.8022">
        <ele>1711.78</ele>
        <time>2026-05-04T03:51:02.6360000+00:00</time>
      </trkpt>
      <trkpt lat="46.61894" lon="7.80217">
        <ele>1712.41</ele>
        <time>2026-05-04T03:51:06.7950000+00:00</time>
      </trkpt>
      <trkpt lat="46.61896" lon="7.8021">
        <ele>1713.95</ele>
        <time>2026-05-04T03:51:16.2500000+00:00</time>
      </trkpt>
      <trkpt lat="46.61898" lon="7.80205">
        <ele>1715.03</ele>
        <time>2026-05-04T03:51:23.4640000+00:00</time>
      </trkpt>
      <trkpt lat="46.61899" lon="7.80199">
        <ele>1716.41</ele>
        <time>2026-05-04T03:51:31.1630000+00:00</time>
      </trkpt>
      <trkpt lat="46.61901" lon="7.80196">
        <ele>1717.06</ele>
        <time>2026-05-04T03:51:36.3780000+00:00</time>
      </trkpt>
      <trkpt lat="46.61904" lon="7.80192">
        <ele>1717.92</ele>
        <time>2026-05-04T03:51:43.7640000+00:00</time>
      </trkpt>
      <trkpt lat="46.61905" lon="7.80189">
        <ele>1718.62</ele>
        <time>2026-05-04T03:51:47.9230000+00:00</time>
      </trkpt>
      <trkpt lat="46.61907" lon="7.80189">
        <ele>1718.56</ele>
        <time>2026-05-04T03:51:51.5580000+00:00</time>
      </trkpt>
      <trkpt lat="46.6191" lon="7.80191">
        <ele>1717.97</ele>
        <time>2026-05-04T03:51:57.5500000+00:00</time>
      </trkpt>
      <trkpt lat="46.61911" lon="7.80194">
        <ele>1717.19</ele>
        <time>2026-05-04T03:52:01.7060000+00:00</time>
      </trkpt>
      <trkpt lat="46.6191" lon="7.80199">
        <ele>1715.98</ele>
        <time>2026-05-04T03:52:08.1980000+00:00</time>
      </trkpt>
      <trkpt lat="46.61911" lon="7.80203">
        <ele>1714.93</ele>
        <time>2026-05-04T03:52:13.5050000+00:00</time>
      </trkpt>
      <trkpt lat="46.61912" lon="7.80207">
        <ele>1713.88</ele>
        <time>2026-05-04T03:52:18.8120000+00:00</time>
      </trkpt>
      <trkpt lat="46.61912" lon="7.80209">
        <ele>1713.38</ele>
        <time>2026-05-04T03:52:21.3060000+00:00</time>
      </trkpt>
      <trkpt lat="46.61913" lon="7.80213">
        <ele>1712.32</ele>
        <time>2026-05-04T03:52:26.6150000+00:00</time>
      </trkpt>
      <trkpt lat="46.61914" lon="7.80217">
        <ele>1711.25</ele>
        <time>2026-05-04T03:52:31.9240000+00:00</time>
      </trkpt>
      <trkpt lat="46.61916" lon="7.8022">
        <ele>1710.37</ele>
        <time>2026-05-04T03:52:37.1400000+00:00</time>
      </trkpt>
      <trkpt lat="46.61917" lon="7.80224">
        <ele>1709.28</ele>
        <time>2026-05-04T03:52:42.4490000+00:00</time>
      </trkpt>
      <trkpt lat="46.61915" lon="7.80226">
        <ele>1708.9</ele>
        <time>2026-05-04T03:52:46.8570000+00:00</time>
      </trkpt>
      <trkpt lat="46.61915" lon="7.80229">
        <ele>1708.14</ele>
        <time>2026-05-04T03:52:50.6030000+00:00</time>
      </trkpt>
      <trkpt lat="46.61918" lon="7.80234">
        <ele>1706.64</ele>
        <time>2026-05-04T03:52:58.8820000+00:00</time>
      </trkpt>
      <trkpt lat="46.6192" lon="7.80245">
        <ele>1703.63</ele>
        <time>2026-05-04T03:53:13.0710000+00:00</time>
      </trkpt>
      <trkpt lat="46.6192" lon="7.80251">
        <ele>1702.08</ele>
        <time>2026-05-04T03:53:20.5510000+00:00</time>
      </trkpt>
      <trkpt lat="46.61922" lon="7.80255">
        <ele>1700.85</ele>
        <time>2026-05-04T03:53:26.7190000+00:00</time>
      </trkpt>
      <trkpt lat="46.61922" lon="7.80259">
        <ele>1699.8</ele>
        <time>2026-05-04T03:53:31.7060000+00:00</time>
      </trkpt>
      <trkpt lat="46.61921" lon="7.80268">
        <ele>1697.64</ele>
        <time>2026-05-04T03:53:43.0730000+00:00</time>
      </trkpt>
      <trkpt lat="46.6192" lon="7.80273">
        <ele>1696.7</ele>
        <time>2026-05-04T03:53:49.5650000+00:00</time>
      </trkpt>
      <trkpt lat="46.6192" lon="7.8028">
        <ele>1695.24</ele>
        <time>2026-05-04T03:53:58.2930000+00:00</time>
      </trkpt>
      <trkpt lat="46.6192" lon="7.80285">
        <ele>1694.2</ele>
        <time>2026-05-04T03:54:04.5260000+00:00</time>
      </trkpt>
      <trkpt lat="46.61919" lon="7.80289">
        <ele>1693.47</ele>
        <time>2026-05-04T03:54:09.8330000+00:00</time>
      </trkpt>
      <trkpt lat="46.6192" lon="7.80296">
        <ele>1691.91</ele>
        <time>2026-05-04T03:54:18.7480000+00:00</time>
      </trkpt>
      <trkpt lat="46.6192" lon="7.8030099999999996">
        <ele>1690.87</ele>
        <time>2026-05-04T03:54:24.9810000+00:00</time>
      </trkpt>
      <trkpt lat="46.61919" lon="7.80304">
        <ele>1690.35</ele>
        <time>2026-05-04T03:54:29.1410000+00:00</time>
      </trkpt>
      <trkpt lat="46.6192" lon="7.80312">
        <ele>1688.58</ele>
        <time>2026-05-04T03:54:39.2810000+00:00</time>
      </trkpt>
      <trkpt lat="46.61922" lon="7.80318">
        <ele>1687.13</ele>
        <time>2026-05-04T03:54:47.5960000+00:00</time>
      </trkpt>
      <trkpt lat="46.61924" lon="7.80328">
        <ele>1684.85</ele>
        <time>2026-05-04T03:55:00.5840000+00:00</time>
      </trkpt>
      <trkpt lat="46.61924" lon="7.80335">
        <ele>1683.4</ele>
        <time>2026-05-04T03:55:09.3110000+00:00</time>
      </trkpt>
      <trkpt lat="46.61926" lon="7.80344">
        <ele>1681.33</ele>
        <time>2026-05-04T03:55:21.1060000+00:00</time>
      </trkpt>
      <trkpt lat="46.61927" lon="7.8035">
        <ele>1680</ele>
        <time>2026-05-04T03:55:28.8040000+00:00</time>
      </trkpt>
      <trkpt lat="46.6193" lon="7.80355">
        <ele>1678.8</ele>
        <time>2026-05-04T03:55:37.0820000+00:00</time>
      </trkpt>
      <trkpt lat="46.6193" lon="7.80358">
        <ele>1678.25</ele>
        <time>2026-05-04T03:55:40.8220000+00:00</time>
      </trkpt>
      <trkpt lat="46.61932" lon="7.80366">
        <ele>1676.6</ele>
        <time>2026-05-04T03:55:51.4370000+00:00</time>
      </trkpt>
      <trkpt lat="46.61936" lon="7.80369">
        <ele>1675.68</ele>
        <time>2026-05-04T03:55:59.6080000+00:00</time>
      </trkpt>
      <trkpt lat="46.6194" lon="7.80373">
        <ele>1674.58</ele>
        <time>2026-05-04T03:56:08.4170000+00:00</time>
      </trkpt>
      <trkpt lat="46.61944" lon="7.80376">
        <ele>1673.67</ele>
        <time>2026-05-04T03:56:16.5870000+00:00</time>
      </trkpt>
      <trkpt lat="46.61946" lon="7.80377">
        <ele>1673.3</ele>
        <time>2026-05-04T03:56:20.4250000+00:00</time>
      </trkpt>
      <trkpt lat="46.61949" lon="7.80378">
        <ele>1672.86</ele>
        <time>2026-05-04T03:56:26.0120000+00:00</time>
      </trkpt>
      <trkpt lat="46.61952" lon="7.8038">
        <ele>1672.29</ele>
        <time>2026-05-04T03:56:32.0010000+00:00</time>
      </trkpt>
      <trkpt lat="46.61956" lon="7.80385">
        <ele>1671.11</ele>
        <time>2026-05-04T03:56:41.5740000+00:00</time>
      </trkpt>
      <trkpt lat="46.61965" lon="7.80397">
        <ele>1668.26</ele>
        <time>2026-05-04T03:57:03.7310000+00:00</time>
      </trkpt>
      <trkpt lat="46.61972" lon="7.80406">
        <ele>1666.06</ele>
        <time>2026-05-04T03:57:20.6860000+00:00</time>
      </trkpt>
      <trkpt lat="46.61977" lon="7.80409">
        <ele>1665.11</ele>
        <time>2026-05-04T03:57:30.5050000+00:00</time>
      </trkpt>
      <trkpt lat="46.61979" lon="7.80411">
        <ele>1664.58</ele>
        <time>2026-05-04T03:57:34.9110000+00:00</time>
      </trkpt>
      <trkpt lat="46.61988" lon="7.80419">
        <ele>1662.35</ele>
        <time>2026-05-04T03:57:54.0560000+00:00</time>
      </trkpt>
      <trkpt lat="46.61994" lon="7.80426">
        <ele>1660.51</ele>
        <time>2026-05-04T03:58:08.0160000+00:00</time>
      </trkpt>
      <trkpt lat="46.61999" lon="7.80431">
        <ele>1659.13</ele>
        <time>2026-05-04T03:58:19.0290000+00:00</time>
      </trkpt>
      <trkpt lat="46.62001" lon="7.80435">
        <ele>1658.19</ele>
        <time>2026-05-04T03:58:25.1980000+00:00</time>
      </trkpt>
      <trkpt lat="46.62003" lon="7.80438">
        <ele>1657.44</ele>
        <time>2026-05-04T03:58:30.4140000+00:00</time>
      </trkpt>
      <trkpt lat="46.62008" lon="7.8044">
        <ele>1656.64</ele>
        <time>2026-05-04T03:58:39.8290000+00:00</time>
      </trkpt>
      <trkpt lat="46.62011" lon="7.80441">
        <ele>1656.19</ele>
        <time>2026-05-04T03:58:45.4180000+00:00</time>
      </trkpt>
      <trkpt lat="46.62018" lon="7.80449">
        <ele>1654.07</ele>
        <time>2026-05-04T03:59:01.5740000+00:00</time>
      </trkpt>
      <trkpt lat="46.62022" lon="7.80453">
        <ele>1652.96</ele>
        <time>2026-05-04T03:59:10.3840000+00:00</time>
      </trkpt>
      <trkpt lat="46.62024" lon="7.80455">
        <ele>1652.41</ele>
        <time>2026-05-04T03:59:14.7900000+00:00</time>
      </trkpt>
      <trkpt lat="46.62027" lon="7.80455">
        <ele>1652.16</ele>
        <time>2026-05-04T03:59:20.2350000+00:00</time>
      </trkpt>
      <trkpt lat="46.62034" lon="7.80455">
        <ele>1652.01</ele>
        <time>2026-05-04T03:59:32.9440000+00:00</time>
      </trkpt>
      <trkpt lat="46.62039" lon="7.80456">
        <ele>1652.35</ele>
        <time>2026-05-04T03:59:42.1070000+00:00</time>
      </trkpt>
      <trkpt lat="46.62043" lon="7.80458">
        <ele>1652.38</ele>
        <time>2026-05-04T03:59:49.7870000+00:00</time>
      </trkpt>
      <trkpt lat="46.62045" lon="7.8046">
        <ele>1652.2</ele>
        <time>2026-05-04T03:59:54.1940000+00:00</time>
      </trkpt>
      <trkpt lat="46.62047" lon="7.80465">
        <ele>1651.43</ele>
        <time>2026-05-04T04:00:01.4080000+00:00</time>
      </trkpt>
      <trkpt lat="46.6205" lon="7.80474">
        <ele>1649.99</ele>
        <time>2026-05-04T04:00:13.8820000+00:00</time>
      </trkpt>
      <trkpt lat="46.62051" lon="7.8048">
        <ele>1648.92</ele>
        <time>2026-05-04T04:00:21.5800000+00:00</time>
      </trkpt>
      <trkpt lat="46.6205" lon="7.80483">
        <ele>1648.24</ele>
        <time>2026-05-04T04:00:25.7360000+00:00</time>
      </trkpt>
      <trkpt lat="46.62051" lon="7.80489">
        <ele>1647.17</ele>
        <time>2026-05-04T04:00:33.4340000+00:00</time>
      </trkpt>
      <trkpt lat="46.62052" lon="7.80496">
        <ele>1645.9</ele>
        <time>2026-05-04T04:00:42.3490000+00:00</time>
      </trkpt>
      <trkpt lat="46.62054" lon="7.80503">
        <ele>1644.73</ele>
        <time>2026-05-04T04:00:51.8040000+00:00</time>
      </trkpt>
      <trkpt lat="46.62056" lon="7.80506">
        <ele>1644.34</ele>
        <time>2026-05-04T04:00:57.0170000+00:00</time>
      </trkpt>
      <trkpt lat="46.6206" lon="7.80507">
        <ele>1644.54</ele>
        <time>2026-05-04T04:01:04.3860000+00:00</time>
      </trkpt>
      <trkpt lat="46.62061" lon="7.80507">
        <ele>1644.63</ele>
        <time>2026-05-04T04:01:06.2070000+00:00</time>
      </trkpt>
      <trkpt lat="46.62063" lon="7.80506">
        <ele>1645.03</ele>
        <time>2026-05-04T04:01:10.0440000+00:00</time>
      </trkpt>
      <trkpt lat="46.62063" lon="7.80508">
        <ele>1644.63</ele>
        <time>2026-05-04T04:01:12.5390000+00:00</time>
      </trkpt>
      <trkpt lat="46.62061" lon="7.8051">
        <ele>1644.05</ele>
        <time>2026-05-04T04:01:16.9450000+00:00</time>
      </trkpt>
      <trkpt lat="46.6206" lon="7.80512">
        <ele>1643.56</ele>
        <time>2026-05-04T04:01:20.0300000+00:00</time>
      </trkpt>
      <trkpt lat="46.62061" lon="7.80514">
        <ele>1643.26</ele>
        <time>2026-05-04T04:01:23.1150000+00:00</time>
      </trkpt>
      <trkpt lat="46.62064" lon="7.80513">
        <ele>1643.75</ele>
        <time>2026-05-04T04:01:28.7010000+00:00</time>
      </trkpt>
      <trkpt lat="46.62068" lon="7.80511">
        <ele>1644.53</ele>
        <time>2026-05-04T04:01:36.3800000+00:00</time>
      </trkpt>
      <trkpt lat="46.62073" lon="7.80508">
        <ele>1645.61</ele>
        <time>2026-05-04T04:01:46.1990000+00:00</time>
      </trkpt>
      <trkpt lat="46.62076" lon="7.80506">
        <ele>1646.29</ele>
        <time>2026-05-04T04:01:52.1880000+00:00</time>
      </trkpt>
      <trkpt lat="46.62076" lon="7.80505">
        <ele>1646.49</ele>
        <time>2026-05-04T04:01:53.4280000+00:00</time>
      </trkpt>
      <trkpt lat="46.62079" lon="7.80504">
        <ele>1646.99</ele>
        <time>2026-05-04T04:01:59.0130000+00:00</time>
      </trkpt>
      <trkpt lat="46.62081" lon="7.80505">
        <ele>1646.98</ele>
        <time>2026-05-04T04:02:02.8540000+00:00</time>
      </trkpt>
      <trkpt lat="46.62083" lon="7.80506">
        <ele>1646.98</ele>
        <time>2026-05-04T04:02:06.6950000+00:00</time>
      </trkpt>
      <trkpt lat="46.62084" lon="7.8051">
        <ele>1646.28</ele>
        <time>2026-05-04T04:02:12.0020000+00:00</time>
      </trkpt>
      <trkpt lat="46.62084" lon="7.80515">
        <ele>1645.28</ele>
        <time>2026-05-04T04:02:18.2390000+00:00</time>
      </trkpt>
      <trkpt lat="46.62085" lon="7.8053">
        <ele>1642.59</ele>
        <time>2026-05-04T04:02:37.0320000+00:00</time>
      </trkpt>
      <trkpt lat="46.62084" lon="7.80552">
        <ele>1638.43</ele>
        <time>2026-05-04T04:03:04.5260000+00:00</time>
      </trkpt>
      <trkpt lat="46.62083" lon="7.80581">
        <ele>1632.97</ele>
        <time>2026-05-04T04:03:40.7340000+00:00</time>
      </trkpt>
      <trkpt lat="46.62083" lon="7.806">
        <ele>1629.47</ele>
        <time>2026-05-04T04:04:04.4270000+00:00</time>
      </trkpt>
      <trkpt lat="46.62084" lon="7.80617">
        <ele>1626.72</ele>
        <time>2026-05-04T04:04:25.7030000+00:00</time>
      </trkpt>
      <trkpt lat="46.62084" lon="7.80621">
        <ele>1626.04</ele>
        <time>2026-05-04T04:04:30.6930000+00:00</time>
      </trkpt>
      <trkpt lat="46.62085" lon="7.80627">
        <ele>1625.14</ele>
        <time>2026-05-04T04:04:38.3930000+00:00</time>
      </trkpt>
      <trkpt lat="46.62086" lon="7.80631">
        <ele>1624.58</ele>
        <time>2026-05-04T04:04:43.7050000+00:00</time>
      </trkpt>
      <trkpt lat="46.62087" lon="7.80633">
        <ele>1624.35</ele>
        <time>2026-05-04T04:04:46.7890000+00:00</time>
      </trkpt>
      <trkpt lat="46.6209" lon="7.80635">
        <ele>1624.34</ele>
        <time>2026-05-04T04:04:52.7790000+00:00</time>
      </trkpt>
      <trkpt lat="46.62099" lon="7.80635">
        <ele>1625.31</ele>
        <time>2026-05-04T04:05:09.1190000+00:00</time>
      </trkpt>
      <trkpt lat="46.62106" lon="7.80635">
        <ele>1626.07</ele>
        <time>2026-05-04T04:05:21.8280000+00:00</time>
      </trkpt>
      <trkpt lat="46.62109" lon="7.80636">
        <ele>1626.22</ele>
        <time>2026-05-04T04:05:27.4170000+00:00</time>
      </trkpt>
      <trkpt lat="46.62112" lon="7.80638">
        <ele>1626.21</ele>
        <time>2026-05-04T04:05:33.4080000+00:00</time>
      </trkpt>
      <trkpt lat="46.62115" lon="7.80643">
        <ele>1625.69</ele>
        <time>2026-05-04T04:05:41.6860000+00:00</time>
      </trkpt>
      <trkpt lat="46.62125" lon="7.8066">
        <ele>1622.92</ele>
        <time>2026-05-04T04:06:09.5980000+00:00</time>
      </trkpt>
      <trkpt lat="46.62138" lon="7.80684">
        <ele>1619.07</ele>
        <time>2026-05-04T04:06:47.7120000+00:00</time>
      </trkpt>
      <trkpt lat="46.62141" lon="7.8069">
        <ele>1618.12</ele>
        <time>2026-05-04T04:06:56.9660000+00:00</time>
      </trkpt>
      <trkpt lat="46.62142" lon="7.80694">
        <ele>1617.48</ele>
        <time>2026-05-04T04:07:02.2780000+00:00</time>
      </trkpt>
      <trkpt lat="46.62142" lon="7.80698">
        <ele>1616.82</ele>
        <time>2026-05-04T04:07:07.2670000+00:00</time>
      </trkpt>
      <trkpt lat="46.6214" lon="7.80702">
        <ele>1616.14</ele>
        <time>2026-05-04T04:07:13.4360000+00:00</time>
      </trkpt>
      <trkpt lat="46.62144" lon="7.80707">
        <ele>1615.38</ele>
        <time>2026-05-04T04:07:23.0090000+00:00</time>
      </trkpt>
      <trkpt lat="46.62148" lon="7.8071">
        <ele>1614.95</ele>
        <time>2026-05-04T04:07:31.1790000+00:00</time>
      </trkpt>
      <trkpt lat="46.62153" lon="7.8072">
        <ele>1613.4</ele>
        <time>2026-05-04T04:07:46.6030000+00:00</time>
      </trkpt>
      <trkpt lat="46.62157" lon="7.80727">
        <ele>1612.34</ele>
        <time>2026-05-04T04:07:57.9580000+00:00</time>
      </trkpt>
      <trkpt lat="46.62159" lon="7.80734">
        <ele>1611.24</ele>
        <time>2026-05-04T04:08:07.4120000+00:00</time>
      </trkpt>
      <trkpt lat="46.6216" lon="7.80741">
        <ele>1610.13</ele>
        <time>2026-05-04T04:08:16.3270000+00:00</time>
      </trkpt>
      <trkpt lat="46.62163" lon="7.80746">
        <ele>1609.38</ele>
        <time>2026-05-04T04:08:24.6080000+00:00</time>
      </trkpt>
      <trkpt lat="46.62168" lon="7.80754">
        <ele>1608.21</ele>
        <time>2026-05-04T04:08:38.0970000+00:00</time>
      </trkpt>
      <trkpt lat="46.6217" lon="7.80759">
        <ele>1607.45</ele>
        <time>2026-05-04T04:08:45.3130000+00:00</time>
      </trkpt>
      <trkpt lat="46.62172" lon="7.80765">
        <ele>1606.54</ele>
        <time>2026-05-04T04:08:53.6300000+00:00</time>
      </trkpt>
      <trkpt lat="46.62176" lon="7.80773">
        <ele>1605.17</ele>
        <time>2026-05-04T04:09:05.9690000+00:00</time>
      </trkpt>
      <trkpt lat="46.6218" lon="7.80777">
        <ele>1604.53</ele>
        <time>2026-05-04T04:09:14.7800000+00:00</time>
      </trkpt>
      <trkpt lat="46.62183" lon="7.80783">
        <ele>1603.5</ele>
        <time>2026-05-04T04:09:24.0360000+00:00</time>
      </trkpt>
      <trkpt lat="46.62187" lon="7.80788">
        <ele>1602.7</ele>
        <time>2026-05-04T04:09:33.6080000+00:00</time>
      </trkpt>
      <trkpt lat="46.62191" lon="7.80791">
        <ele>1602.28</ele>
        <time>2026-05-04T04:09:41.7780000+00:00</time>
      </trkpt>
      <trkpt lat="46.62194" lon="7.80796">
        <ele>1601.46</ele>
        <time>2026-05-04T04:09:50.0590000+00:00</time>
      </trkpt>
      <trkpt lat="46.62199" lon="7.80802">
        <ele>1600.53</ele>
        <time>2026-05-04T04:10:01.8240000+00:00</time>
      </trkpt>
      <trkpt lat="46.62204" lon="7.80807">
        <ele>1599.69</ele>
        <time>2026-05-04T04:10:12.8370000+00:00</time>
      </trkpt>
      <trkpt lat="46.62208" lon="7.80812">
        <ele>1598.85</ele>
        <time>2026-05-04T04:10:22.4100000+00:00</time>
      </trkpt>
      <trkpt lat="46.62213" lon="7.80816">
        <ele>1598.21</ele>
        <time>2026-05-04T04:10:32.7690000+00:00</time>
      </trkpt>
      <trkpt lat="46.62216" lon="7.80817">
        <ele>1598.08</ele>
        <time>2026-05-04T04:10:38.3560000+00:00</time>
      </trkpt>
      <trkpt lat="46.62218" lon="7.80819">
        <ele>1597.76</ele>
        <time>2026-05-04T04:10:42.7620000+00:00</time>
      </trkpt>
      <trkpt lat="46.62219" lon="7.80822">
        <ele>1597.25</ele>
        <time>2026-05-04T04:10:46.9210000+00:00</time>
      </trkpt>
      <trkpt lat="46.6222" lon="7.80825">
        <ele>1596.75</ele>
        <time>2026-05-04T04:10:51.0810000+00:00</time>
      </trkpt>
      <trkpt lat="46.62222" lon="7.80828">
        <ele>1596.26</ele>
        <time>2026-05-04T04:10:56.2940000+00:00</time>
      </trkpt>
      <trkpt lat="46.62222" lon="7.8083">
        <ele>1595.92</ele>
        <time>2026-05-04T04:10:58.7840000+00:00</time>
      </trkpt>
      <trkpt lat="46.62222" lon="7.80834">
        <ele>1595.22</ele>
        <time>2026-05-04T04:11:03.7710000+00:00</time>
      </trkpt>
      <trkpt lat="46.62222" lon="7.80837">
        <ele>1594.7</ele>
        <time>2026-05-04T04:11:07.5100000+00:00</time>
      </trkpt>
      <trkpt lat="46.62223" lon="7.8084">
        <ele>1594.2</ele>
        <time>2026-05-04T04:11:11.6700000+00:00</time>
      </trkpt>
      <trkpt lat="46.62224" lon="7.80845">
        <ele>1593.36</ele>
        <time>2026-05-04T04:11:18.1630000+00:00</time>
      </trkpt>
      <trkpt lat="46.62226" lon="7.80851">
        <ele>1592.33</ele>
        <time>2026-05-04T04:11:26.4790000+00:00</time>
      </trkpt>
      <trkpt lat="46.62232" lon="7.8086">
        <ele>1590.7</ele>
        <time>2026-05-04T04:11:42.1190000+00:00</time>
      </trkpt>
      <trkpt lat="46.62234" lon="7.80864">
        <ele>1589.96</ele>
        <time>2026-05-04T04:11:48.2880000+00:00</time>
      </trkpt>
      <trkpt lat="46.62237" lon="7.80865">
        <ele>1589.83</ele>
        <time>2026-05-04T04:11:53.8770000+00:00</time>
      </trkpt>
      <trkpt lat="46.62239" lon="7.80865">
        <ele>1589.87</ele>
        <time>2026-05-04T04:11:57.5060000+00:00</time>
      </trkpt>
      <trkpt lat="46.62239" lon="7.80867">
        <ele>1589.47</ele>
        <time>2026-05-04T04:11:59.9960000+00:00</time>
      </trkpt>
      <trkpt lat="46.62242" lon="7.80867">
        <ele>1589.54</ele>
        <time>2026-05-04T04:12:05.4410000+00:00</time>
      </trkpt>
      <trkpt lat="46.62244" lon="7.80866">
        <ele>1589.78</ele>
        <time>2026-05-04T04:12:09.2820000+00:00</time>
      </trkpt>
      <trkpt lat="46.62246" lon="7.80866">
        <ele>1589.82</ele>
        <time>2026-05-04T04:12:12.9170000+00:00</time>
      </trkpt>
      <trkpt lat="46.62246" lon="7.80866">
        <ele>1589.82</ele>
        <time>2026-05-04T04:12:12.9170000+00:00</time>
      </trkpt>
      <trkpt lat="46.62247" lon="7.80869">
        <ele>1589.25</ele>
        <time>2026-05-04T04:12:17.0740000+00:00</time>
      </trkpt>
      <trkpt lat="46.62246" lon="7.80872">
        <ele>1588.63</ele>
        <time>2026-05-04T04:12:21.2300000+00:00</time>
      </trkpt>
      <trkpt lat="46.62247" lon="7.80878">
        <ele>1587.45</ele>
        <time>2026-05-04T04:12:28.9280000+00:00</time>
      </trkpt>
      <trkpt lat="46.62247" lon="7.80885">
        <ele>1586.06</ele>
        <time>2026-05-04T04:12:37.6550000+00:00</time>
      </trkpt>
      <trkpt lat="46.62246" lon="7.80894">
        <ele>1584.25</ele>
        <time>2026-05-04T04:12:49.0230000+00:00</time>
      </trkpt>
      <trkpt lat="46.62245" lon="7.80901">
        <ele>1582.84</ele>
        <time>2026-05-04T04:12:57.9380000+00:00</time>
      </trkpt>
      <trkpt lat="46.62246" lon="7.80907">
        <ele>1581.66</ele>
        <time>2026-05-04T04:13:05.6380000+00:00</time>
      </trkpt>
      <trkpt lat="46.62246" lon="7.80915">
        <ele>1580.07</ele>
        <time>2026-05-04T04:13:15.6140000+00:00</time>
      </trkpt>
      <trkpt lat="46.62246" lon="7.80918">
        <ele>1579.47</ele>
        <time>2026-05-04T04:13:19.3530000+00:00</time>
      </trkpt>
      <trkpt lat="46.62246" lon="7.80924">
        <ele>1578.28</ele>
        <time>2026-05-04T04:13:26.8360000+00:00</time>
      </trkpt>
      <trkpt lat="46.62245" lon="7.80928">
        <ele>1577.47</ele>
        <time>2026-05-04T04:13:32.1450000+00:00</time>
      </trkpt>
      <trkpt lat="46.62246" lon="7.80931">
        <ele>1576.88</ele>
        <time>2026-05-04T04:13:36.3040000+00:00</time>
      </trkpt>
      <trkpt lat="46.62245" lon="7.80936">
        <ele>1575.88</ele>
        <time>2026-05-04T04:13:42.8000000+00:00</time>
      </trkpt>
      <trkpt lat="46.62243" lon="7.80942">
        <ele>1574.67</ele>
        <time>2026-05-04T04:13:51.1150000+00:00</time>
      </trkpt>
      <trkpt lat="46.6224" lon="7.80949">
        <ele>1573.24</ele>
        <time>2026-05-04T04:14:01.4050000+00:00</time>
      </trkpt>
      <trkpt lat="46.62232" lon="7.80961">
        <ele>1570.74</ele>
        <time>2026-05-04T04:14:22.2580000+00:00</time>
      </trkpt>
      <trkpt lat="46.62227" lon="7.80969">
        <ele>1569.06</ele>
        <time>2026-05-04T04:14:35.7460000+00:00</time>
      </trkpt>
      <trkpt lat="46.62223" lon="7.80975">
        <ele>1567.78</ele>
        <time>2026-05-04T04:14:46.1750000+00:00</time>
      </trkpt>
      <trkpt lat="46.62226" lon="7.80977">
        <ele>1567.44</ele>
        <time>2026-05-04T04:14:52.1660000+00:00</time>
      </trkpt>
      <trkpt lat="46.6223" lon="7.80979">
        <ele>1567.11</ele>
        <time>2026-05-04T04:14:59.8450000+00:00</time>
      </trkpt>
      <trkpt lat="46.62232" lon="7.80979">
        <ele>1567.15</ele>
        <time>2026-05-04T04:15:03.4740000+00:00</time>
      </trkpt>
      <trkpt lat="46.62234" lon="7.80979">
        <ele>1567.19</ele>
        <time>2026-05-04T04:15:07.1060000+00:00</time>
      </trkpt>
      <trkpt lat="46.62237" lon="7.80978">
        <ele>1567.44</ele>
        <time>2026-05-04T04:15:12.6950000+00:00</time>
      </trkpt>
      <trkpt lat="46.62241" lon="7.80976">
        <ele>1567.91</ele>
        <time>2026-05-04T04:15:20.3740000+00:00</time>
      </trkpt>
      <trkpt lat="46.62245" lon="7.80972">
        <ele>1568.78</ele>
        <time>2026-05-04T04:15:29.1830000+00:00</time>
      </trkpt>
      <trkpt lat="46.62248" lon="7.80971">
        <ele>1569.03</ele>
        <time>2026-05-04T04:15:34.7700000+00:00</time>
      </trkpt>
      <trkpt lat="46.62251" lon="7.80971">
        <ele>1569.08</ele>
        <time>2026-05-04T04:15:40.2200000+00:00</time>
      </trkpt>
      <trkpt lat="46.62254" lon="7.80972">
        <ele>1568.93</ele>
        <time>2026-05-04T04:15:45.8090000+00:00</time>
      </trkpt>
      <trkpt lat="46.62256" lon="7.80975">
        <ele>1568.38</ele>
        <time>2026-05-04T04:15:51.0220000+00:00</time>
      </trkpt>
      <trkpt lat="46.62257" lon="7.80979">
        <ele>1567.62</ele>
        <time>2026-05-04T04:15:56.3330000+00:00</time>
      </trkpt>
      <trkpt lat="46.62258" lon="7.80986">
        <ele>1566.27</ele>
        <time>2026-05-04T04:16:05.2490000+00:00</time>
      </trkpt>
      <trkpt lat="46.62259" lon="7.80996">
        <ele>1564.33</ele>
        <time>2026-05-04T04:16:17.8490000+00:00</time>
      </trkpt>
      <trkpt lat="46.6226" lon="7.81004">
        <ele>1562.79</ele>
        <time>2026-05-04T04:16:27.9890000+00:00</time>
      </trkpt>
      <trkpt lat="46.62261" lon="7.8101">
        <ele>1561.64</ele>
        <time>2026-05-04T04:16:35.6880000+00:00</time>
      </trkpt>
      <trkpt lat="46.62263" lon="7.81015">
        <ele>1560.72</ele>
        <time>2026-05-04T04:16:42.9060000+00:00</time>
      </trkpt>
      <trkpt lat="46.62265" lon="7.81021">
        <ele>1559.65</ele>
        <time>2026-05-04T04:16:51.2220000+00:00</time>
      </trkpt>
      <trkpt lat="46.62268" lon="7.81026">
        <ele>1558.8</ele>
        <time>2026-05-04T04:16:59.5010000+00:00</time>
      </trkpt>
      <trkpt lat="46.6227" lon="7.81029">
        <ele>1558.31</ele>
        <time>2026-05-04T04:17:04.7140000+00:00</time>
      </trkpt>
      <trkpt lat="46.62275" lon="7.81034">
        <ele>1557.54</ele>
        <time>2026-05-04T04:17:15.7280000+00:00</time>
      </trkpt>
      <trkpt lat="46.62278" lon="7.81036">
        <ele>1557.26</ele>
        <time>2026-05-04T04:17:21.7190000+00:00</time>
      </trkpt>
      <trkpt lat="46.6228" lon="7.81037">
        <ele>1557.14</ele>
        <time>2026-05-04T04:17:25.5600000+00:00</time>
      </trkpt>
      <trkpt lat="46.62282" lon="7.81037">
        <ele>1557.09</ele>
        <time>2026-05-04T04:17:29.1890000+00:00</time>
      </trkpt>
      <trkpt lat="46.62287" lon="7.81038">
        <ele>1556.07</ele>
        <time>2026-05-04T04:17:38.3510000+00:00</time>
      </trkpt>
      <trkpt lat="46.62293" lon="7.81038">
        <ele>1555.07</ele>
        <time>2026-05-04T04:17:49.2440000+00:00</time>
      </trkpt>
      <trkpt lat="46.62297" lon="7.81039">
        <ele>1554.23</ele>
        <time>2026-05-04T04:17:56.6100000+00:00</time>
      </trkpt>
      <trkpt lat="46.62302" lon="7.81042">
        <ele>1552.89</ele>
        <time>2026-05-04T04:18:06.4280000+00:00</time>
      </trkpt>
      <trkpt lat="46.62307" lon="7.81045">
        <ele>1551.57</ele>
        <time>2026-05-04T04:18:16.2470000+00:00</time>
      </trkpt>
      <trkpt lat="46.62313" lon="7.81049">
        <ele>1549.94</ele>
        <time>2026-05-04T04:18:28.2280000+00:00</time>
      </trkpt>
      <trkpt lat="46.62316" lon="7.81052">
        <ele>1548.98</ele>
        <time>2026-05-04T04:18:34.8350000+00:00</time>
      </trkpt>
      <trkpt lat="46.62319" lon="7.81055">
        <ele>1548.02</ele>
        <time>2026-05-04T04:18:41.4440000+00:00</time>
      </trkpt>
      <trkpt lat="46.62322" lon="7.81058">
        <ele>1547.08</ele>
        <time>2026-05-04T04:18:48.0540000+00:00</time>
      </trkpt>
      <trkpt lat="46.62318" lon="7.81062">
        <ele>1547.07</ele>
        <time>2026-05-04T04:18:56.8650000+00:00</time>
      </trkpt>
      <trkpt lat="46.62322" lon="7.81068">
        <ele>1545.51</ele>
        <time>2026-05-04T04:19:07.2920000+00:00</time>
      </trkpt>
      <trkpt lat="46.62327" lon="7.81074">
        <ele>1543.84</ele>
        <time>2026-05-04T04:19:19.0570000+00:00</time>
      </trkpt>
      <trkpt lat="46.6233" lon="7.81084">
        <ele>1541.88</ele>
        <time>2026-05-04T04:19:32.6640000+00:00</time>
      </trkpt>
      <trkpt lat="46.62336" lon="7.8109">
        <ele>1540.14</ele>
        <time>2026-05-04T04:19:45.8790000+00:00</time>
      </trkpt>
      <trkpt lat="46.62343" lon="7.81099">
        <ele>1537.88</ele>
        <time>2026-05-04T04:20:02.8340000+00:00</time>
      </trkpt>
      <trkpt lat="46.62351" lon="7.81111">
        <ele>1535.57</ele>
        <time>2026-05-04T04:20:23.6870000+00:00</time>
      </trkpt>
      <trkpt lat="46.62359" lon="7.81122">
        <ele>1533.48</ele>
        <time>2026-05-04T04:20:43.6650000+00:00</time>
      </trkpt>
      <trkpt lat="46.62368" lon="7.81131">
        <ele>1531.12</ele>
        <time>2026-05-04T04:21:03.4880000+00:00</time>
      </trkpt>
      <trkpt lat="46.62375" lon="7.81141">
        <ele>1528.31</ele>
        <time>2026-05-04T04:21:21.2930000+00:00</time>
      </trkpt>
      <trkpt lat="46.623779999999996" lon="7.81152">
        <ele>1526.29</ele>
        <time>2026-05-04T04:21:36.0520000+00:00</time>
      </trkpt>
      <trkpt lat="46.62382" lon="7.81159">
        <ele>1524.36</ele>
        <time>2026-05-04T04:21:47.4070000+00:00</time>
      </trkpt>
      <trkpt lat="46.62386" lon="7.81165">
        <ele>1522.49</ele>
        <time>2026-05-04T04:21:57.8340000+00:00</time>
      </trkpt>
      <trkpt lat="46.62386" lon="7.81168">
        <ele>1522.12</ele>
        <time>2026-05-04T04:22:01.5730000+00:00</time>
      </trkpt>
      <trkpt lat="46.62387" lon="7.81171">
        <ele>1521.45</ele>
        <time>2026-05-04T04:22:05.7330000+00:00</time>
      </trkpt>
      <trkpt lat="46.62389" lon="7.81173">
        <ele>1520.6</ele>
        <time>2026-05-04T04:22:10.1390000+00:00</time>
      </trkpt>
      <trkpt lat="46.6239" lon="7.81174">
        <ele>1520.17</ele>
        <time>2026-05-04T04:22:12.3420000+00:00</time>
      </trkpt>
      <trkpt lat="46.62392" lon="7.81175">
        <ele>1519.44</ele>
        <time>2026-05-04T04:22:16.1830000+00:00</time>
      </trkpt>
      <trkpt lat="46.62393" lon="7.81176">
        <ele>1519</ele>
        <time>2026-05-04T04:22:18.3860000+00:00</time>
      </trkpt>
      <trkpt lat="46.62393" lon="7.8118">
        <ele>1518.47</ele>
        <time>2026-05-04T04:22:23.3760000+00:00</time>
      </trkpt>
      <trkpt lat="46.62392" lon="7.81185">
        <ele>1518.08</ele>
        <time>2026-05-04T04:22:29.8710000+00:00</time>
      </trkpt>
      <trkpt lat="46.62391" lon="7.81187">
        <ele>1518.1</ele>
        <time>2026-05-04T04:22:32.9600000+00:00</time>
      </trkpt>
      <trkpt lat="46.62391" lon="7.81189">
        <ele>1517.8</ele>
        <time>2026-05-04T04:22:35.4590000+00:00</time>
      </trkpt>
      <trkpt lat="46.62393" lon="7.8119">
        <ele>1517.03</ele>
        <time>2026-05-04T04:22:39.3000000+00:00</time>
      </trkpt>
      <trkpt lat="46.62398" lon="7.81189">
        <ele>1515.61</ele>
        <time>2026-05-04T04:22:48.4630000+00:00</time>
      </trkpt>
      <trkpt lat="46.62402" lon="7.81188">
        <ele>1514.51</ele>
        <time>2026-05-04T04:22:55.8300000+00:00</time>
      </trkpt>
      <trkpt lat="46.62405" lon="7.81189">
        <ele>1513.42</ele>
        <time>2026-05-04T04:23:01.4170000+00:00</time>
      </trkpt>
      <trkpt lat="46.62408" lon="7.81192">
        <ele>1512.03</ele>
        <time>2026-05-04T04:23:08.0260000+00:00</time>
      </trkpt>
      <trkpt lat="46.6241" lon="7.81192">
        <ele>1511.4</ele>
        <time>2026-05-04T04:23:11.6550000+00:00</time>
      </trkpt>
      <trkpt lat="46.62411" lon="7.81191">
        <ele>1511.24</ele>
        <time>2026-05-04T04:23:13.8580000+00:00</time>
      </trkpt>
      <trkpt lat="46.62412" lon="7.8119">
        <ele>1511.07</ele>
        <time>2026-05-04T04:23:16.0610000+00:00</time>
      </trkpt>
      <trkpt lat="46.62413" lon="7.81184">
        <ele>1511.67</ele>
        <time>2026-05-04T04:23:23.7590000+00:00</time>
      </trkpt>
      <trkpt lat="46.62412" lon="7.8118">
        <ele>1512.6</ele>
        <time>2026-05-04T04:23:29.0660000+00:00</time>
      </trkpt>
      <trkpt lat="46.62411" lon="7.81176">
        <ele>1513.53</ele>
        <time>2026-05-04T04:23:34.3720000+00:00</time>
      </trkpt>
      <trkpt lat="46.62412" lon="7.81175">
        <ele>1513.39</ele>
        <time>2026-05-04T04:23:36.5750000+00:00</time>
      </trkpt>
      <trkpt lat="46.62412" lon="7.81172">
        <ele>1513.86</ele>
        <time>2026-05-04T04:23:40.3150000+00:00</time>
      </trkpt>
      <trkpt lat="46.62412" lon="7.8117">
        <ele>1514.17</ele>
        <time>2026-05-04T04:23:42.8100000+00:00</time>
      </trkpt>
      <trkpt lat="46.62417" lon="7.81163">
        <ele>1513.84</ele>
        <time>2026-05-04T04:23:55.4030000+00:00</time>
      </trkpt>
      <trkpt lat="46.62419" lon="7.81158">
        <ele>1514.1</ele>
        <time>2026-05-04T04:24:02.6170000+00:00</time>
      </trkpt>
      <trkpt lat="46.62424" lon="7.81154">
        <ele>1513.39</ele>
        <time>2026-05-04T04:24:12.9740000+00:00</time>
      </trkpt>
      <trkpt lat="46.62426" lon="7.81151">
        <ele>1513.36</ele>
        <time>2026-05-04T04:24:18.1890000+00:00</time>
      </trkpt>
      <trkpt lat="46.62428" lon="7.81148">
        <ele>1513.36</ele>
        <time>2026-05-04T04:24:23.4020000+00:00</time>
      </trkpt>
      <trkpt lat="46.62429" lon="7.81142">
        <ele>1514.17</ele>
        <time>2026-05-04T04:24:31.1010000+00:00</time>
      </trkpt>
      <trkpt lat="46.62431" lon="7.81139">
        <ele>1514.19</ele>
        <time>2026-05-04T04:24:36.3160000+00:00</time>
      </trkpt>
      <trkpt lat="46.62433" lon="7.81136">
        <ele>1514.23</ele>
        <time>2026-05-04T04:24:41.5270000+00:00</time>
      </trkpt>
      <trkpt lat="46.62435" lon="7.81133">
        <ele>1514.29</ele>
        <time>2026-05-04T04:24:46.7430000+00:00</time>
      </trkpt>
      <trkpt lat="46.62437" lon="7.81131">
        <ele>1514.18</ele>
        <time>2026-05-04T04:24:51.1510000+00:00</time>
      </trkpt>
      <trkpt lat="46.6244" lon="7.81128">
        <ele>1514.02</ele>
        <time>2026-05-04T04:24:57.7610000+00:00</time>
      </trkpt>
      <trkpt lat="46.62441" lon="7.81126">
        <ele>1514.17</ele>
        <time>2026-05-04T04:25:00.8450000+00:00</time>
      </trkpt>
      <trkpt lat="46.62442" lon="7.81123">
        <ele>1514.52</ele>
        <time>2026-05-04T04:25:05.0050000+00:00</time>
      </trkpt>
      <trkpt lat="46.62442" lon="7.81118">
        <ele>1515.5</ele>
        <time>2026-05-04T04:25:11.2420000+00:00</time>
      </trkpt>
      <trkpt lat="46.6244" lon="7.81114">
        <ele>1516.73</ele>
        <time>2026-05-04T04:25:17.4110000+00:00</time>
      </trkpt>
      <trkpt lat="46.6244" lon="7.81111">
        <ele>1517.32</ele>
        <time>2026-05-04T04:25:21.1510000+00:00</time>
      </trkpt>
      <trkpt lat="46.62441" lon="7.81108">
        <ele>1517.68</ele>
        <time>2026-05-04T04:25:25.3100000+00:00</time>
      </trkpt>
      <trkpt lat="46.62442" lon="7.81107">
        <ele>1517.66</ele>
        <time>2026-05-04T04:25:27.5130000+00:00</time>
      </trkpt>
      <trkpt lat="46.62444" lon="7.81106">
        <ele>1517.43</ele>
        <time>2026-05-04T04:25:31.3540000+00:00</time>
      </trkpt>
      <trkpt lat="46.62448" lon="7.81108">
        <ele>1516.2</ele>
        <time>2026-05-04T04:25:39.0330000+00:00</time>
      </trkpt>
      <trkpt lat="46.62455" lon="7.81114">
        <ele>1518.03</ele>
        <time>2026-05-04T04:25:53.7810000+00:00</time>
      </trkpt>
      <trkpt lat="46.62458" lon="7.81119">
        <ele>1518.26</ele>
        <time>2026-05-04T04:26:02.0590000+00:00</time>
      </trkpt>
      <trkpt lat="46.6246" lon="7.81126">
        <ele>1517.58</ele>
        <time>2026-05-04T04:26:11.5120000+00:00</time>
      </trkpt>
      <trkpt lat="46.62463" lon="7.81132">
        <ele>1517.5</ele>
        <time>2026-05-04T04:26:20.7660000+00:00</time>
      </trkpt>
      <trkpt lat="46.62464" lon="7.81137">
        <ele>1516.79</ele>
        <time>2026-05-04T04:26:27.2580000+00:00</time>
      </trkpt>
      <trkpt lat="46.62465" lon="7.81142">
        <ele>1516.07</ele>
        <time>2026-05-04T04:26:33.7520000+00:00</time>
      </trkpt>
      <trkpt lat="46.62467" lon="7.81147">
        <ele>1515.72</ele>
        <time>2026-05-04T04:26:40.9680000+00:00</time>
      </trkpt>
      <trkpt lat="46.62469" lon="7.81151">
        <ele>1515.58</ele>
        <time>2026-05-04T04:26:47.1370000+00:00</time>
      </trkpt>
      <trkpt lat="46.62471" lon="7.81154">
        <ele>1515.66</ele>
        <time>2026-05-04T04:26:52.3480000+00:00</time>
      </trkpt>
      <trkpt lat="46.62473" lon="7.81156">
        <ele>1515.96</ele>
        <time>2026-05-04T04:26:56.7540000+00:00</time>
      </trkpt>
      <trkpt lat="46.62476" lon="7.81162">
        <ele>1515.66</ele>
        <time>2026-05-04T04:27:06.0080000+00:00</time>
      </trkpt>
      <trkpt lat="46.62478" lon="7.81166">
        <ele>1515.44</ele>
        <time>2026-05-04T04:27:12.1770000+00:00</time>
      </trkpt>
      <trkpt lat="46.62481" lon="7.81169">
        <ele>1515.81</ele>
        <time>2026-05-04T04:27:18.7870000+00:00</time>
      </trkpt>
      <trkpt lat="46.62483" lon="7.81173">
        <ele>1515.54</ele>
        <time>2026-05-04T04:27:24.9560000+00:00</time>
      </trkpt>
      <trkpt lat="46.62492" lon="7.81187">
        <ele>1515.52</ele>
        <time>2026-05-04T04:27:48.8670000+00:00</time>
      </trkpt>
      <trkpt lat="46.62497" lon="7.81195">
        <ele>1515.84</ele>
        <time>2026-05-04T04:28:02.3540000+00:00</time>
      </trkpt>
      <trkpt lat="46.62504" lon="7.81203">
        <ele>1516.79</ele>
        <time>2026-05-04T04:28:18.5100000+00:00</time>
      </trkpt>
      <trkpt lat="46.62513" lon="7.81211">
        <ele>1518.37</ele>
        <time>2026-05-04T04:28:37.6550000+00:00</time>
      </trkpt>
      <trkpt lat="46.6252" lon="7.81215">
        <ele>1519.97</ele>
        <time>2026-05-04T04:28:51.3080000+00:00</time>
      </trkpt>
      <trkpt lat="46.62524" lon="7.81218">
        <ele>1520.74</ele>
        <time>2026-05-04T04:28:59.4750000+00:00</time>
      </trkpt>
      <trkpt lat="46.62526" lon="7.81221">
        <ele>1520.84</ele>
        <time>2026-05-04T04:29:04.6910000+00:00</time>
      </trkpt>
      <trkpt lat="46.62527" lon="7.81225">
        <ele>1520.41</ele>
        <time>2026-05-04T04:29:10.0000000+00:00</time>
      </trkpt>
      <trkpt lat="46.62528" lon="7.81229">
        <ele>1519.98</ele>
        <time>2026-05-04T04:29:15.3060000+00:00</time>
      </trkpt>
      <trkpt lat="46.62529" lon="7.81235">
        <ele>1519.16</ele>
        <time>2026-05-04T04:29:23.0040000+00:00</time>
      </trkpt>
      <trkpt lat="46.62532" lon="7.8124">
        <ele>1519.27</ele>
        <time>2026-05-04T04:29:31.2820000+00:00</time>
      </trkpt>
      <trkpt lat="46.62534" lon="7.8125">
        <ele>1518.2</ele>
        <time>2026-05-04T04:29:44.2700000+00:00</time>
      </trkpt>
      <trkpt lat="46.62535" lon="7.81257">
        <ele>1517.27</ele>
        <time>2026-05-04T04:29:53.1850000+00:00</time>
      </trkpt>
      <trkpt lat="46.62537" lon="7.8127">
        <ele>1515.36</ele>
        <time>2026-05-04T04:30:09.7970000+00:00</time>
      </trkpt>
      <trkpt lat="46.62539" lon="7.81281">
        <ele>1513.5</ele>
        <time>2026-05-04T04:30:23.9850000+00:00</time>
      </trkpt>
      <trkpt lat="46.62541" lon="7.8129">
        <ele>1512.11</ele>
        <time>2026-05-04T04:30:35.7800000+00:00</time>
      </trkpt>
      <trkpt lat="46.62543" lon="7.81302">
        <ele>1509.96</ele>
        <time>2026-05-04T04:30:51.1770000+00:00</time>
      </trkpt>
      <trkpt lat="46.62546" lon="7.81315">
        <ele>1507.93</ele>
        <time>2026-05-04T04:31:08.2770000+00:00</time>
      </trkpt>
      <trkpt lat="46.62548" lon="7.81323">
        <ele>1506.71</ele>
        <time>2026-05-04T04:31:18.8930000+00:00</time>
      </trkpt>
      <trkpt lat="46.62551" lon="7.81337">
        <ele>1504.35</ele>
        <time>2026-05-04T04:31:37.1800000+00:00</time>
      </trkpt>
      <trkpt lat="46.62554" lon="7.8135">
        <ele>1502.2</ele>
        <time>2026-05-04T04:31:54.2800000+00:00</time>
      </trkpt>
      <trkpt lat="46.62557" lon="7.8136">
        <ele>1500.84</ele>
        <time>2026-05-04T04:32:07.8870000+00:00</time>
      </trkpt>
      <trkpt lat="46.6256" lon="7.81369">
        <ele>1499.71</ele>
        <time>2026-05-04T04:32:20.3610000+00:00</time>
      </trkpt>
      <trkpt lat="46.62562" lon="7.81376">
        <ele>1498.7</ele>
        <time>2026-05-04T04:32:29.8140000+00:00</time>
      </trkpt>
      <trkpt lat="46.62565" lon="7.81379">
        <ele>1499.05</ele>
        <time>2026-05-04T04:32:36.4220000+00:00</time>
      </trkpt>
      <trkpt lat="46.62566" lon="7.81382">
        <ele>1498.66</ele>
        <time>2026-05-04T04:32:40.5810000+00:00</time>
      </trkpt>
      <trkpt lat="46.62567" lon="7.81386">
        <ele>1498.02</ele>
        <time>2026-05-04T04:32:45.8900000+00:00</time>
      </trkpt>
      <trkpt lat="46.62567" lon="7.81392">
        <ele>1496.52</ele>
        <time>2026-05-04T04:32:53.3720000+00:00</time>
      </trkpt>
      <trkpt lat="46.62567" lon="7.81396">
        <ele>1495.51</ele>
        <time>2026-05-04T04:32:58.3610000+00:00</time>
      </trkpt>
      <trkpt lat="46.62567" lon="7.81399">
        <ele>1494.76</ele>
        <time>2026-05-04T04:33:02.1010000+00:00</time>
      </trkpt>
      <trkpt lat="46.62568" lon="7.81401">
        <ele>1494.62</ele>
        <time>2026-05-04T04:33:05.1900000+00:00</time>
      </trkpt>
      <trkpt lat="46.6257" lon="7.81409">
        <ele>1493.32</ele>
        <time>2026-05-04T04:33:15.8050000+00:00</time>
      </trkpt>
      <trkpt lat="46.62575" lon="7.81418">
        <ele>1492.82</ele>
        <time>2026-05-04T04:33:30.2390000+00:00</time>
      </trkpt>
      <trkpt lat="46.62577" lon="7.81424">
        <ele>1492.01</ele>
        <time>2026-05-04T04:33:38.5550000+00:00</time>
      </trkpt>
      <trkpt lat="46.62579" lon="7.8143">
        <ele>1491.18</ele>
        <time>2026-05-04T04:33:46.8710000+00:00</time>
      </trkpt>
      <trkpt lat="46.6258" lon="7.81437">
        <ele>1489.89</ele>
        <time>2026-05-04T04:33:55.7870000+00:00</time>
      </trkpt>
      <trkpt lat="46.6258" lon="7.81443">
        <ele>1488.53</ele>
        <time>2026-05-04T04:34:03.2670000+00:00</time>
      </trkpt>
      <trkpt lat="46.62582" lon="7.81455">
        <ele>1486.53</ele>
        <time>2026-05-04T04:34:18.6640000+00:00</time>
      </trkpt>
      <trkpt lat="46.62584" lon="7.81467">
        <ele>1484.54</ele>
        <time>2026-05-04T04:34:34.0610000+00:00</time>
      </trkpt>
      <trkpt lat="46.62587" lon="7.81474">
        <ele>1484.04</ele>
        <time>2026-05-04T04:34:44.3500000+00:00</time>
      </trkpt>
      <trkpt lat="46.6259" lon="7.8148">
        <ele>1483.79</ele>
        <time>2026-05-04T04:34:53.6040000+00:00</time>
      </trkpt>
      <trkpt lat="46.62594" lon="7.81484">
        <ele>1484.35</ele>
        <time>2026-05-04T04:35:02.4140000+00:00</time>
      </trkpt>
      <trkpt lat="46.62597" lon="7.81485">
        <ele>1485.22</ele>
        <time>2026-05-04T04:35:08.0030000+00:00</time>
      </trkpt>
      <trkpt lat="46.62601" lon="7.81489">
        <ele>1485.79</ele>
        <time>2026-05-04T04:35:16.8120000+00:00</time>
      </trkpt>
      <trkpt lat="46.62606" lon="7.81497">
        <ele>1485.86</ele>
        <time>2026-05-04T04:35:30.2990000+00:00</time>
      </trkpt>
      <trkpt lat="46.62611" lon="7.81504">
        <ele>1486.18</ele>
        <time>2026-05-04T04:35:42.8920000+00:00</time>
      </trkpt>
      <trkpt lat="46.62614" lon="7.8151">
        <ele>1485.99</ele>
        <time>2026-05-04T04:35:52.1460000+00:00</time>
      </trkpt>
      <trkpt lat="46.62618" lon="7.81516">
        <ele>1485.56</ele>
        <time>2026-05-04T04:36:02.5720000+00:00</time>
      </trkpt>
      <trkpt lat="46.62621" lon="7.81523">
        <ele>1484.73</ele>
        <time>2026-05-04T04:36:12.8600000+00:00</time>
      </trkpt>
      <trkpt lat="46.62622" lon="7.81528">
        <ele>1483.91</ele>
        <time>2026-05-04T04:36:19.3520000+00:00</time>
      </trkpt>
      <trkpt lat="46.62625" lon="7.81533">
        <ele>1483.43</ele>
        <time>2026-05-04T04:36:27.6300000+00:00</time>
      </trkpt>
      <trkpt lat="46.62628" lon="7.81541">
        <ele>1482.28</ele>
        <time>2026-05-04T04:36:38.9960000+00:00</time>
      </trkpt>
      <trkpt lat="46.6263" lon="7.81546">
        <ele>1481.55</ele>
        <time>2026-05-04T04:36:46.2100000+00:00</time>
      </trkpt>
      <trkpt lat="46.62633" lon="7.81552">
        <ele>1480.74</ele>
        <time>2026-05-04T04:36:55.4640000+00:00</time>
      </trkpt>
      <trkpt lat="46.62634" lon="7.81558">
        <ele>1479.61</ele>
        <time>2026-05-04T04:37:03.1630000+00:00</time>
      </trkpt>
      <trkpt lat="46.62635" lon="7.81568">
        <ele>1477.59</ele>
        <time>2026-05-04T04:37:15.7640000+00:00</time>
      </trkpt>
      <trkpt lat="46.62636" lon="7.81583">
        <ele>1474.47</ele>
        <time>2026-05-04T04:37:34.5550000+00:00</time>
      </trkpt>
      <trkpt lat="46.62637" lon="7.81593">
        <ele>1472.4</ele>
        <time>2026-05-04T04:37:47.1550000+00:00</time>
      </trkpt>
      <trkpt lat="46.62638" lon="7.816">
        <ele>1470.96</ele>
        <time>2026-05-04T04:37:56.0710000+00:00</time>
      </trkpt>
      <trkpt lat="46.62638" lon="7.81606">
        <ele>1469.6</ele>
        <time>2026-05-04T04:38:03.5530000+00:00</time>
      </trkpt>
      <trkpt lat="46.62638" lon="7.81621">
        <ele>1466.2</ele>
        <time>2026-05-04T04:38:22.2560000+00:00</time>
      </trkpt>
      <trkpt lat="46.62639" lon="7.81628">
        <ele>1464.7</ele>
        <time>2026-05-04T04:38:31.1720000+00:00</time>
      </trkpt>
      <trkpt lat="46.62641" lon="7.81635">
        <ele>1463.28</ele>
        <time>2026-05-04T04:38:40.6230000+00:00</time>
      </trkpt>
      <trkpt lat="46.62643" lon="7.81641">
        <ele>1462.07</ele>
        <time>2026-05-04T04:38:48.9390000+00:00</time>
      </trkpt>
      <trkpt lat="46.6264" lon="7.81641">
        <ele>1461.83</ele>
        <time>2026-05-04T04:38:54.3870000+00:00</time>
      </trkpt>
      <trkpt lat="46.62637" lon="7.81644">
        <ele>1460.92</ele>
        <time>2026-05-04T04:39:00.9960000+00:00</time>
      </trkpt>
      <trkpt lat="46.62637" lon="7.81646">
        <ele>1460.47</ele>
        <time>2026-05-04T04:39:03.4910000+00:00</time>
      </trkpt>
      <trkpt lat="46.62637" lon="7.81648">
        <ele>1460.02</ele>
        <time>2026-05-04T04:39:05.9850000+00:00</time>
      </trkpt>
      <trkpt lat="46.62637" lon="7.81651">
        <ele>1459.34</ele>
        <time>2026-05-04T04:39:09.7250000+00:00</time>
      </trkpt>
      <trkpt lat="46.62638" lon="7.81655">
        <ele>1458.51</ele>
        <time>2026-05-04T04:39:15.0320000+00:00</time>
      </trkpt>
      <trkpt lat="46.6264" lon="7.8166">
        <ele>1457.52</ele>
        <time>2026-05-04T04:39:22.2470000+00:00</time>
      </trkpt>
      <trkpt lat="46.62642" lon="7.81665">
        <ele>1456.51</ele>
        <time>2026-05-04T04:39:29.4620000+00:00</time>
      </trkpt>
      <trkpt lat="46.62643" lon="7.81671">
        <ele>1455.21</ele>
        <time>2026-05-04T04:39:37.1610000+00:00</time>
      </trkpt>
      <trkpt lat="46.62646" lon="7.8168">
        <ele>1453.34</ele>
        <time>2026-05-04T04:39:49.6340000+00:00</time>
      </trkpt>
      <trkpt lat="46.62649" lon="7.81688">
        <ele>1451.66</ele>
        <time>2026-05-04T04:40:01.0000000+00:00</time>
      </trkpt>
      <trkpt lat="46.62651" lon="7.81694">
        <ele>1450.4</ele>
        <time>2026-05-04T04:40:09.3150000+00:00</time>
      </trkpt>
      <trkpt lat="46.62653" lon="7.81699">
        <ele>1449.39</ele>
        <time>2026-05-04T04:40:16.5300000+00:00</time>
      </trkpt>
      <trkpt lat="46.62654" lon="7.81709">
        <ele>1447.16</ele>
        <time>2026-05-04T04:40:29.1290000+00:00</time>
      </trkpt>
      <trkpt lat="46.62656" lon="7.81717">
        <ele>1445.49</ele>
        <time>2026-05-04T04:40:39.7450000+00:00</time>
      </trkpt>
      <trkpt lat="46.62658" lon="7.81727">
        <ele>1443.38</ele>
        <time>2026-05-04T04:40:52.7310000+00:00</time>
      </trkpt>
      <trkpt lat="46.6266" lon="7.81734">
        <ele>1441.97</ele>
        <time>2026-05-04T04:41:02.1840000+00:00</time>
      </trkpt>
      <trkpt lat="46.62663" lon="7.81744">
        <ele>1440</ele>
        <time>2026-05-04T04:41:15.7900000+00:00</time>
      </trkpt>
      <trkpt lat="46.62666" lon="7.81752">
        <ele>1438.5</ele>
        <time>2026-05-04T04:41:27.1560000+00:00</time>
      </trkpt>
      <trkpt lat="46.62671" lon="7.81767">
        <ele>1435.64</ele>
        <time>2026-05-04T04:41:47.9460000+00:00</time>
      </trkpt>
      <trkpt lat="46.62674" lon="7.81774">
        <ele>1434.21</ele>
        <time>2026-05-04T04:41:58.2350000+00:00</time>
      </trkpt>
      <trkpt lat="46.62676" lon="7.81778">
        <ele>1433.47</ele>
        <time>2026-05-04T04:42:04.4040000+00:00</time>
      </trkpt>
      <trkpt lat="46.62678" lon="7.8178">
        <ele>1433.25</ele>
        <time>2026-05-04T04:42:08.8100000+00:00</time>
      </trkpt>
      <trkpt lat="46.62678" lon="7.81782">
        <ele>1432.76</ele>
        <time>2026-05-04T04:42:11.3100000+00:00</time>
      </trkpt>
      <trkpt lat="46.62679" lon="7.81785">
        <ele>1432.18</ele>
        <time>2026-05-04T04:42:15.4690000+00:00</time>
      </trkpt>
      <trkpt lat="46.6268" lon="7.81789">
        <ele>1431.37</ele>
        <time>2026-05-04T04:42:20.7760000+00:00</time>
      </trkpt>
      <trkpt lat="46.62682" lon="7.81795">
        <ele>1430.26</ele>
        <time>2026-05-04T04:42:29.0920000+00:00</time>
      </trkpt>
      <trkpt lat="46.62686" lon="7.81804">
        <ele>1428.89</ele>
        <time>2026-05-04T04:42:42.4580000+00:00</time>
      </trkpt>
      <trkpt lat="46.62689" lon="7.81811">
        <ele>1427.89</ele>
        <time>2026-05-04T04:42:52.7480000+00:00</time>
      </trkpt>
      <trkpt lat="46.62693" lon="7.81817">
        <ele>1427.41</ele>
        <time>2026-05-04T04:43:03.1750000+00:00</time>
      </trkpt>
      <trkpt lat="46.62698" lon="7.81823">
        <ele>1427.2</ele>
        <time>2026-05-04T04:43:14.9380000+00:00</time>
      </trkpt>
      <trkpt lat="46.62704" lon="7.81829">
        <ele>1426.08</ele>
        <time>2026-05-04T04:43:28.1530000+00:00</time>
      </trkpt>
      <trkpt lat="46.6271" lon="7.81833">
        <ele>1425.36</ele>
        <time>2026-05-04T04:43:40.1340000+00:00</time>
      </trkpt>
      <trkpt lat="46.62713" lon="7.81836">
        <ele>1424.78</ele>
        <time>2026-05-04T04:43:46.7440000+00:00</time>
      </trkpt>
      <trkpt lat="46.62717" lon="7.8184">
        <ele>1424.01</ele>
        <time>2026-05-04T04:43:55.5530000+00:00</time>
      </trkpt>
      <trkpt lat="46.6272" lon="7.81845">
        <ele>1423</ele>
        <time>2026-05-04T04:44:03.8310000+00:00</time>
      </trkpt>
      <trkpt lat="46.62725" lon="7.81852">
        <ele>1421.36</ele>
        <time>2026-05-04T04:44:16.4250000+00:00</time>
      </trkpt>
      <trkpt lat="46.62729" lon="7.81856">
        <ele>1420.34</ele>
        <time>2026-05-04T04:44:25.2340000+00:00</time>
      </trkpt>
      <trkpt lat="46.62733" lon="7.81861">
        <ele>1419.06</ele>
        <time>2026-05-04T04:44:34.8050000+00:00</time>
      </trkpt>
      <trkpt lat="46.62738" lon="7.81869">
        <ele>1417.04</ele>
        <time>2026-05-04T04:44:48.2920000+00:00</time>
      </trkpt>
      <trkpt lat="46.6274" lon="7.81871">
        <ele>1416.56</ele>
        <time>2026-05-04T04:44:52.6980000+00:00</time>
      </trkpt>
      <trkpt lat="46.62743" lon="7.81873">
        <ele>1416.11</ele>
        <time>2026-05-04T04:44:58.6890000+00:00</time>
      </trkpt>
      <trkpt lat="46.62745" lon="7.81876">
        <ele>1415.38</ele>
        <time>2026-05-04T04:45:03.9050000+00:00</time>
      </trkpt>
      <trkpt lat="46.62747" lon="7.81879">
        <ele>1414.66</ele>
        <time>2026-05-04T04:45:09.1200000+00:00</time>
      </trkpt>
      <trkpt lat="46.62751" lon="7.81883">
        <ele>1413.74</ele>
        <time>2026-05-04T04:45:17.9300000+00:00</time>
      </trkpt>
      <trkpt lat="46.62756" lon="7.81886">
        <ele>1413.14</ele>
        <time>2026-05-04T04:45:27.7480000+00:00</time>
      </trkpt>
      <trkpt lat="46.6276" lon="7.81889">
        <ele>1412.52</ele>
        <time>2026-05-04T04:45:35.9180000+00:00</time>
      </trkpt>
      <trkpt lat="46.62763" lon="7.81892">
        <ele>1411.87</ele>
        <time>2026-05-04T04:45:42.5270000+00:00</time>
      </trkpt>
      <trkpt lat="46.62766" lon="7.81893">
        <ele>1411.74</ele>
        <time>2026-05-04T04:45:48.1160000+00:00</time>
      </trkpt>
      <trkpt lat="46.62769" lon="7.81895">
        <ele>1411.35</ele>
        <time>2026-05-04T04:45:54.1060000+00:00</time>
      </trkpt>
      <trkpt lat="46.6277" lon="7.81897">
        <ele>1410.9</ele>
        <time>2026-05-04T04:45:57.1900000+00:00</time>
      </trkpt>
      <trkpt lat="46.62772" lon="7.81903">
        <ele>1409.51</ele>
        <time>2026-05-04T04:46:05.5060000+00:00</time>
      </trkpt>
      <trkpt lat="46.62774" lon="7.81909">
        <ele>1408.13</ele>
        <time>2026-05-04T04:46:13.8220000+00:00</time>
      </trkpt>
      <trkpt lat="46.62775" lon="7.81918">
        <ele>1405.98</ele>
        <time>2026-05-04T04:46:25.1900000+00:00</time>
      </trkpt>
      <trkpt lat="46.62776" lon="7.81922">
        <ele>1405.06</ele>
        <time>2026-05-04T04:46:30.4960000+00:00</time>
      </trkpt>
      <trkpt lat="46.62778" lon="7.81927">
        <ele>1403.96</ele>
        <time>2026-05-04T04:46:37.7110000+00:00</time>
      </trkpt>
      <trkpt lat="46.6278" lon="7.81929">
        <ele>1403.59</ele>
        <time>2026-05-04T04:46:42.1170000+00:00</time>
      </trkpt>
      <trkpt lat="46.62782" lon="7.8193">
        <ele>1403.52</ele>
        <time>2026-05-04T04:46:45.9550000+00:00</time>
      </trkpt>
      <trkpt lat="46.62788" lon="7.81933">
        <ele>1403.46</ele>
        <time>2026-05-04T04:46:57.4720000+00:00</time>
      </trkpt>
      <trkpt lat="46.62795" lon="7.81936">
        <ele>1403.49</ele>
        <time>2026-05-04T04:47:10.7220000+00:00</time>
      </trkpt>
      <trkpt lat="46.62799" lon="7.81936">
        <ele>1403.91</ele>
        <time>2026-05-04T04:47:17.9860000+00:00</time>
      </trkpt>
      <trkpt lat="46.62802" lon="7.81939">
        <ele>1403.5</ele>
        <time>2026-05-04T04:47:24.5950000+00:00</time>
      </trkpt>
      <trkpt lat="46.62803" lon="7.8194">
        <ele>1403.36</ele>
        <time>2026-05-04T04:47:26.7980000+00:00</time>
      </trkpt>
      <trkpt lat="46.62804" lon="7.81943">
        <ele>1402.72</ele>
        <time>2026-05-04T04:47:30.9610000+00:00</time>
      </trkpt>
      <trkpt lat="46.62807" lon="7.8195">
        <ele>1401.3</ele>
        <time>2026-05-04T04:47:41.2500000+00:00</time>
      </trkpt>
      <trkpt lat="46.6281" lon="7.81953">
        <ele>1400.83</ele>
        <time>2026-05-04T04:47:47.8570000+00:00</time>
      </trkpt>
      <trkpt lat="46.62815" lon="7.81958">
        <ele>1400.03</ele>
        <time>2026-05-04T04:47:58.8680000+00:00</time>
      </trkpt>
      <trkpt lat="46.62817" lon="7.81961">
        <ele>1399.45</ele>
        <time>2026-05-04T04:48:04.0820000+00:00</time>
      </trkpt>
      <trkpt lat="46.62818" lon="7.81965">
        <ele>1398.52</ele>
        <time>2026-05-04T04:48:09.3900000+00:00</time>
      </trkpt>
      <trkpt lat="46.62819" lon="7.81968">
        <ele>1397.83</ele>
        <time>2026-05-04T04:48:13.5500000+00:00</time>
      </trkpt>
      <trkpt lat="46.6282" lon="7.81974">
        <ele>1396.38</ele>
        <time>2026-05-04T04:48:21.2470000+00:00</time>
      </trkpt>
      <trkpt lat="46.62823" lon="7.81979">
        <ele>1395.32</ele>
        <time>2026-05-04T04:48:29.5260000+00:00</time>
      </trkpt>
      <trkpt lat="46.62824" lon="7.81982">
        <ele>1394.61</ele>
        <time>2026-05-04T04:48:33.6850000+00:00</time>
      </trkpt>
      <trkpt lat="46.62826" lon="7.81984">
        <ele>1394.24</ele>
        <time>2026-05-04T04:48:38.0880000+00:00</time>
      </trkpt>
      <trkpt lat="46.6283" lon="7.81987">
        <ele>1393.73</ele>
        <time>2026-05-04T04:48:46.2590000+00:00</time>
      </trkpt>
      <trkpt lat="46.62832" lon="7.81991">
        <ele>1392.81</ele>
        <time>2026-05-04T04:48:52.4280000+00:00</time>
      </trkpt>
      <trkpt lat="46.62834" lon="7.81994">
        <ele>1392.14</ele>
        <time>2026-05-04T04:48:57.6430000+00:00</time>
      </trkpt>
      <trkpt lat="46.62837" lon="7.81996">
        <ele>1391.79</ele>
        <time>2026-05-04T04:49:03.6350000+00:00</time>
      </trkpt>
      <trkpt lat="46.62839" lon="7.81996">
        <ele>1391.91</ele>
        <time>2026-05-04T04:49:07.2670000+00:00</time>
      </trkpt>
      <trkpt lat="46.62842" lon="7.81998">
        <ele>1391.55</ele>
        <time>2026-05-04T04:49:13.2580000+00:00</time>
      </trkpt>
      <trkpt lat="46.62843" lon="7.82001">
        <ele>1390.79</ele>
        <time>2026-05-04T04:49:17.4180000+00:00</time>
      </trkpt>
      <trkpt lat="46.62844" lon="7.82005">
        <ele>1389.76</ele>
        <time>2026-05-04T04:49:22.7240000+00:00</time>
      </trkpt>
      <trkpt lat="46.62844" lon="7.82007">
        <ele>1389.21</ele>
        <time>2026-05-04T04:49:25.2240000+00:00</time>
      </trkpt>
      <trkpt lat="46.62846" lon="7.82009">
        <ele>1388.77</ele>
        <time>2026-05-04T04:49:29.6300000+00:00</time>
      </trkpt>
      <trkpt lat="46.62848" lon="7.82013">
        <ele>1387.77</ele>
        <time>2026-05-04T04:49:35.7990000+00:00</time>
      </trkpt>
      <trkpt lat="46.62851" lon="7.82017">
        <ele>1386.7</ele>
        <time>2026-05-04T04:49:43.1850000+00:00</time>
      </trkpt>
      <trkpt lat="46.62853" lon="7.82019">
        <ele>1386.13</ele>
        <time>2026-05-04T04:49:47.5910000+00:00</time>
      </trkpt>
      <trkpt lat="46.62853" lon="7.82022">
        <ele>1385.13</ele>
        <time>2026-05-04T04:49:51.3300000+00:00</time>
      </trkpt>
      <trkpt lat="46.62853" lon="7.82026">
        <ele>1383.8</ele>
        <time>2026-05-04T04:49:56.3150000+00:00</time>
      </trkpt>
      <trkpt lat="46.62853" lon="7.8203">
        <ele>1382.47</ele>
        <time>2026-05-04T04:50:01.2990000+00:00</time>
      </trkpt>
      <trkpt lat="46.62854" lon="7.82034">
        <ele>1381.17</ele>
        <time>2026-05-04T04:50:06.6060000+00:00</time>
      </trkpt>
      <trkpt lat="46.62857" lon="7.82037">
        <ele>1380.21</ele>
        <time>2026-05-04T04:50:13.2120000+00:00</time>
      </trkpt>
      <trkpt lat="46.6286" lon="7.82043">
        <ele>1378.21</ele>
        <time>2026-05-04T04:50:22.4630000+00:00</time>
      </trkpt>
      <trkpt lat="46.62869" lon="7.82056">
        <ele>1373.77</ele>
        <time>2026-05-04T04:50:45.4780000+00:00</time>
      </trkpt>
      <trkpt lat="46.62872" lon="7.82059">
        <ele>1372.76</ele>
        <time>2026-05-04T04:50:52.0840000+00:00</time>
      </trkpt>
      <trkpt lat="46.62873" lon="7.82063">
        <ele>1371.38</ele>
        <time>2026-05-04T04:50:57.3910000+00:00</time>
      </trkpt>
      <trkpt lat="46.62874" lon="7.82066">
        <ele>1370.35</ele>
        <time>2026-05-04T04:51:01.5500000+00:00</time>
      </trkpt>
      <trkpt lat="46.62875" lon="7.8207">
        <ele>1368.97</ele>
        <time>2026-05-04T04:51:06.8590000+00:00</time>
      </trkpt>
      <trkpt lat="46.62878" lon="7.82073">
        <ele>1367.96</ele>
        <time>2026-05-04T04:51:13.4660000+00:00</time>
      </trkpt>
      <trkpt lat="46.62883" lon="7.82077">
        <ele>1366.63</ele>
        <time>2026-05-04T04:51:23.8250000+00:00</time>
      </trkpt>
      <trkpt lat="46.62891" lon="7.82084">
        <ele>1364.28</ele>
        <time>2026-05-04T04:51:40.7700000+00:00</time>
      </trkpt>
      <trkpt lat="46.62895" lon="7.82088">
        <ele>1362.94</ele>
        <time>2026-05-04T04:51:49.5790000+00:00</time>
      </trkpt>
      <trkpt lat="46.62904" lon="7.82094">
        <ele>1360.96</ele>
        <time>2026-05-04T04:52:07.5500000+00:00</time>
      </trkpt>
      <trkpt lat="46.6291" lon="7.82098">
        <ele>1359.64</ele>
        <time>2026-05-04T04:52:19.5310000+00:00</time>
      </trkpt>
      <trkpt lat="46.62913" lon="7.82101">
        <ele>1358.43</ele>
        <time>2026-05-04T04:52:26.1400000+00:00</time>
      </trkpt>
      <trkpt lat="46.62915" lon="7.82104">
        <ele>1357.19</ele>
        <time>2026-05-04T04:52:31.3530000+00:00</time>
      </trkpt>
      <trkpt lat="46.62917" lon="7.82106">
        <ele>1356.38</ele>
        <time>2026-05-04T04:52:35.7590000+00:00</time>
      </trkpt>
      <trkpt lat="46.62916" lon="7.82109">
        <ele>1355.1</ele>
        <time>2026-05-04T04:52:39.9190000+00:00</time>
      </trkpt>
      <trkpt lat="46.62919" lon="7.82116">
        <ele>1352.2</ele>
        <time>2026-05-04T04:52:50.2070000+00:00</time>
      </trkpt>
      <trkpt lat="46.62921" lon="7.82118">
        <ele>1351.38</ele>
        <time>2026-05-04T04:52:54.6130000+00:00</time>
      </trkpt>
      <trkpt lat="46.62925" lon="7.82122">
        <ele>1349.75</ele>
        <time>2026-05-04T04:53:03.4230000+00:00</time>
      </trkpt>
      <trkpt lat="46.62929" lon="7.82128">
        <ele>1347.27</ele>
        <time>2026-05-04T04:53:13.8490000+00:00</time>
      </trkpt>
      <trkpt lat="46.62932" lon="7.82137">
        <ele>1343.53</ele>
        <time>2026-05-04T04:53:26.3230000+00:00</time>
      </trkpt>
      <trkpt lat="46.62933" lon="7.82141">
        <ele>1341.86</ele>
        <time>2026-05-04T04:53:31.6300000+00:00</time>
      </trkpt>
      <trkpt lat="46.62932" lon="7.82146">
        <ele>1339.74</ele>
        <time>2026-05-04T04:53:38.1220000+00:00</time>
      </trkpt>
      <trkpt lat="46.62934" lon="7.82149">
        <ele>1338.51</ele>
        <time>2026-05-04T04:53:43.3370000+00:00</time>
      </trkpt>
      <trkpt lat="46.62936" lon="7.82154">
        <ele>1336.43</ele>
        <time>2026-05-04T04:53:50.5510000+00:00</time>
      </trkpt>
      <trkpt lat="46.62938" lon="7.82159">
        <ele>1334.35</ele>
        <time>2026-05-04T04:53:57.7650000+00:00</time>
      </trkpt>
      <trkpt lat="46.6294" lon="7.82164">
        <ele>1332.27</ele>
        <time>2026-05-04T04:54:04.9800000+00:00</time>
      </trkpt>
      <trkpt lat="46.62942" lon="7.82167">
        <ele>1331.03</ele>
        <time>2026-05-04T04:54:10.1950000+00:00</time>
      </trkpt>
      <trkpt lat="46.62942" lon="7.82171">
        <ele>1329.35</ele>
        <time>2026-05-04T04:54:15.1820000+00:00</time>
      </trkpt>
      <trkpt lat="46.62943" lon="7.82176">
        <ele>1327.26</ele>
        <time>2026-05-04T04:54:21.6780000+00:00</time>
      </trkpt>
      <trkpt lat="46.62943" lon="7.82181">
        <ele>1325.16</ele>
        <time>2026-05-04T04:54:27.9130000+00:00</time>
      </trkpt>
      <trkpt lat="46.62944" lon="7.82184">
        <ele>1324</ele>
        <time>2026-05-04T04:54:32.0720000+00:00</time>
      </trkpt>
      <trkpt lat="46.62949" lon="7.82188">
        <ele>1322.43</ele>
        <time>2026-05-04T04:54:42.4290000+00:00</time>
      </trkpt>
      <trkpt lat="46.62952" lon="7.82194">
        <ele>1320.02</ele>
        <time>2026-05-04T04:54:51.6830000+00:00</time>
      </trkpt>
      <trkpt lat="46.62955" lon="7.82196">
        <ele>1319.16</ele>
        <time>2026-05-04T04:54:57.6740000+00:00</time>
      </trkpt>
      <trkpt lat="46.62959" lon="7.82196">
        <ele>1319.01</ele>
        <time>2026-05-04T04:55:04.9370000+00:00</time>
      </trkpt>
      <trkpt lat="46.6296" lon="7.82199">
        <ele>1317.92</ele>
        <time>2026-05-04T04:55:09.0930000+00:00</time>
      </trkpt>
      <trkpt lat="46.62958" lon="7.82202">
        <ele>1316.9</ele>
        <time>2026-05-04T04:55:14.3080000+00:00</time>
      </trkpt>
      <trkpt lat="46.62957" lon="7.82204">
        <ele>1316.2</ele>
        <time>2026-05-04T04:55:17.3930000+00:00</time>
      </trkpt>
      <trkpt lat="46.62959" lon="7.8221">
        <ele>1314.03</ele>
        <time>2026-05-04T04:55:25.7090000+00:00</time>
      </trkpt>
      <trkpt lat="46.6296" lon="7.82211">
        <ele>1313.67</ele>
        <time>2026-05-04T04:55:27.9070000+00:00</time>
      </trkpt>
      <trkpt lat="46.62964" lon="7.82213">
        <ele>1312.98</ele>
        <time>2026-05-04T04:55:35.5840000+00:00</time>
      </trkpt>
      <trkpt lat="46.62967" lon="7.82212">
        <ele>1313.34</ele>
        <time>2026-05-04T04:55:41.1710000+00:00</time>
      </trkpt>
      <trkpt lat="46.62969" lon="7.82214">
        <ele>1312.68</ele>
        <time>2026-05-04T04:55:45.5770000+00:00</time>
      </trkpt>
      <trkpt lat="46.62969" lon="7.82216">
        <ele>1312.02</ele>
        <time>2026-05-04T04:55:48.0670000+00:00</time>
      </trkpt>
      <trkpt lat="46.6297" lon="7.82218">
        <ele>1311.37</ele>
        <time>2026-05-04T04:55:51.1510000+00:00</time>
      </trkpt>
      <trkpt lat="46.62973" lon="7.82221">
        <ele>1310.46</ele>
        <time>2026-05-04T04:55:57.7610000+00:00</time>
      </trkpt>
      <trkpt lat="46.62975" lon="7.82223">
        <ele>1309.87</ele>
        <time>2026-05-04T04:56:02.1700000+00:00</time>
      </trkpt>
      <trkpt lat="46.62978" lon="7.82224">
        <ele>1309.65</ele>
        <time>2026-05-04T04:56:07.7590000+00:00</time>
      </trkpt>
      <trkpt lat="46.62981" lon="7.82225">
        <ele>1309.44</ele>
        <time>2026-05-04T04:56:13.3470000+00:00</time>
      </trkpt>
      <trkpt lat="46.62985" lon="7.82224">
        <ele>1309.88</ele>
        <time>2026-05-04T04:56:20.7150000+00:00</time>
      </trkpt>
      <trkpt lat="46.62987" lon="7.82223">
        <ele>1310.23</ele>
        <time>2026-05-04T04:56:24.5560000+00:00</time>
      </trkpt>
      <trkpt lat="46.62996" lon="7.8222">
        <ele>1311.29</ele>
        <time>2026-05-04T04:56:41.3190000+00:00</time>
      </trkpt>
      <trkpt lat="46.63005" lon="7.82218">
        <ele>1311.98</ele>
        <time>2026-05-04T04:56:57.8490000+00:00</time>
      </trkpt>
      <trkpt lat="46.63" lon="7.8223">
        <ele>1308.82</ele>
        <time>2026-05-04T04:57:15.3500000+00:00</time>
      </trkpt>
      <trkpt lat="46.62997" lon="7.8224">
        <ele>1306.05</ele>
        <time>2026-05-04T04:57:28.9550000+00:00</time>
      </trkpt>
      <trkpt lat="46.62994" lon="7.82248">
        <ele>1303.67</ele>
        <time>2026-05-04T04:57:40.3210000+00:00</time>
      </trkpt>
      <trkpt lat="46.63004" lon="7.82242">
        <ele>1306.06</ele>
        <time>2026-05-04T04:57:59.9580000+00:00</time>
      </trkpt>
      <trkpt lat="46.63016" lon="7.82236">
        <ele>1308.27</ele>
        <time>2026-05-04T04:58:22.9930000+00:00</time>
      </trkpt>
      <trkpt lat="46.63012" lon="7.82244">
        <ele>1306.22</ele>
        <time>2026-05-04T04:58:35.3320000+00:00</time>
      </trkpt>
      <trkpt lat="46.63009" lon="7.82253">
        <ele>1303.87</ele>
        <time>2026-05-04T04:58:47.8060000+00:00</time>
      </trkpt>
      <trkpt lat="46.63006" lon="7.82263">
        <ele>1301.15</ele>
        <time>2026-05-04T04:59:01.4130000+00:00</time>
      </trkpt>
      <trkpt lat="46.63008" lon="7.82271">
        <ele>1299.44</ele>
        <time>2026-05-04T04:59:12.0270000+00:00</time>
      </trkpt>
      <trkpt lat="46.63019" lon="7.82268">
        <ele>1301.69</ele>
        <time>2026-05-04T04:59:32.3460000+00:00</time>
      </trkpt>
      <trkpt lat="46.63032" lon="7.82264">
        <ele>1304.47</ele>
        <time>2026-05-04T04:59:56.4700000+00:00</time>
      </trkpt>
      <trkpt lat="46.63022" lon="7.8228">
        <ele>1299.35</ele>
        <time>2026-05-04T05:00:23.4430000+00:00</time>
      </trkpt>
      <trkpt lat="46.63019" lon="7.82286">
        <ele>1297.49</ele>
        <time>2026-05-04T05:00:32.6970000+00:00</time>
      </trkpt>
      <trkpt lat="46.63023" lon="7.82296">
        <ele>1295.87</ele>
        <time>2026-05-04T05:00:47.1260000+00:00</time>
      </trkpt>
      <trkpt lat="46.63025" lon="7.82303">
        <ele>1294.65</ele>
        <time>2026-05-04T05:00:56.5790000+00:00</time>
      </trkpt>
      <trkpt lat="46.63023" lon="7.82318">
        <ele>1290.86</ele>
        <time>2026-05-04T05:01:15.6290000+00:00</time>
      </trkpt>
      <trkpt lat="46.63022" lon="7.82325">
        <ele>1289.05</ele>
        <time>2026-05-04T05:01:24.5430000+00:00</time>
      </trkpt>
      <trkpt lat="46.63022" lon="7.82333">
        <ele>1287.22</ele>
        <time>2026-05-04T05:01:34.5170000+00:00</time>
      </trkpt>
      <trkpt lat="46.63023" lon="7.82343">
        <ele>1285.18</ele>
        <time>2026-05-04T05:01:47.1160000+00:00</time>
      </trkpt>
      <trkpt lat="46.63023" lon="7.82348">
        <ele>1284.04</ele>
        <time>2026-05-04T05:01:53.3490000+00:00</time>
      </trkpt>
      <trkpt lat="46.63022" lon="7.82352">
        <ele>1282.76</ele>
        <time>2026-05-04T05:01:58.6560000+00:00</time>
      </trkpt>
      <trkpt lat="46.63019" lon="7.82361">
        <ele>1279.64</ele>
        <time>2026-05-04T05:02:11.1290000+00:00</time>
      </trkpt>
      <trkpt lat="46.63018" lon="7.82366">
        <ele>1278.08</ele>
        <time>2026-05-04T05:02:17.6230000+00:00</time>
      </trkpt>
      <trkpt lat="46.63019" lon="7.82374">
        <ele>1276.25</ele>
        <time>2026-05-04T05:02:27.7610000+00:00</time>
      </trkpt>
      <trkpt lat="46.63024" lon="7.82371">
        <ele>1278.38</ele>
        <time>2026-05-04T05:02:37.5800000+00:00</time>
      </trkpt>
      <trkpt lat="46.63027" lon="7.82372">
        <ele>1278.93</ele>
        <time>2026-05-04T05:02:43.1690000+00:00</time>
      </trkpt>
      <trkpt lat="46.63026" lon="7.82382">
        <ele>1276.11</ele>
        <time>2026-05-04T05:02:55.7670000+00:00</time>
      </trkpt>
      <trkpt lat="46.63025" lon="7.82388">
        <ele>1274.29</ele>
        <time>2026-05-04T05:03:03.4650000+00:00</time>
      </trkpt>
      <trkpt lat="46.63023" lon="7.82394">
        <ele>1272.18</ele>
        <time>2026-05-04T05:03:11.7810000+00:00</time>
      </trkpt>
      <trkpt lat="46.6302" lon="7.82402">
        <ele>1269.25</ele>
        <time>2026-05-04T05:03:23.1450000+00:00</time>
      </trkpt>
      <trkpt lat="46.63017" lon="7.82409">
        <ele>1266.54</ele>
        <time>2026-05-04T05:03:33.4330000+00:00</time>
      </trkpt>
      <trkpt lat="46.63012" lon="7.82418">
        <ele>1262.66</ele>
        <time>2026-05-04T05:03:47.8670000+00:00</time>
      </trkpt>
      <trkpt lat="46.6301" lon="7.82421">
        <ele>1261.26</ele>
        <time>2026-05-04T05:03:53.0820000+00:00</time>
      </trkpt>
      <trkpt lat="46.63009" lon="7.82424">
        <ele>1260.15</ele>
        <time>2026-05-04T05:03:57.2410000+00:00</time>
      </trkpt>
      <trkpt lat="46.63008" lon="7.82429">
        <ele>1258.5</ele>
        <time>2026-05-04T05:04:03.7350000+00:00</time>
      </trkpt>
      <trkpt lat="46.63005" lon="7.82431">
        <ele>1257.02</ele>
        <time>2026-05-04T05:04:09.7250000+00:00</time>
      </trkpt>
      <trkpt lat="46.63001" lon="7.82433">
        <ele>1255.19</ele>
        <time>2026-05-04T05:04:17.4040000+00:00</time>
      </trkpt>
      <trkpt lat="46.62997" lon="7.82434">
        <ele>1253.66</ele>
        <time>2026-05-04T05:04:24.7730000+00:00</time>
      </trkpt>
      <trkpt lat="46.62998" lon="7.82438">
        <ele>1252.8</ele>
        <time>2026-05-04T05:04:30.0790000+00:00</time>
      </trkpt>
      <trkpt lat="46.63" lon="7.8244">
        <ele>1252.82</ele>
        <time>2026-05-04T05:04:34.4860000+00:00</time>
      </trkpt>
      <trkpt lat="46.63007" lon="7.82444">
        <ele>1253.67</ele>
        <time>2026-05-04T05:04:48.1390000+00:00</time>
      </trkpt>
      <trkpt lat="46.63009" lon="7.82445">
        <ele>1253.94</ele>
        <time>2026-05-04T05:04:51.9800000+00:00</time>
      </trkpt>
      <trkpt lat="46.6301" lon="7.82447">
        <ele>1253.6</ele>
        <time>2026-05-04T05:04:55.0680000+00:00</time>
      </trkpt>
      <trkpt lat="46.6301" lon="7.82448">
        <ele>1253.29</ele>
        <time>2026-05-04T05:04:56.3280000+00:00</time>
      </trkpt>
      <trkpt lat="46.63009" lon="7.82452">
        <ele>1251.76</ele>
        <time>2026-05-04T05:05:01.6370000+00:00</time>
      </trkpt>
      <trkpt lat="46.63005" lon="7.82459">
        <ele>1248.53</ele>
        <time>2026-05-04T05:05:12.9900000+00:00</time>
      </trkpt>
      <trkpt lat="46.63002" lon="7.82462">
        <ele>1246.84</ele>
        <time>2026-05-04T05:05:19.5960000+00:00</time>
      </trkpt>
      <trkpt lat="46.62999" lon="7.82462">
        <ele>1246.07</ele>
        <time>2026-05-04T05:05:25.0410000+00:00</time>
      </trkpt>
      <trkpt lat="46.62996" lon="7.82463">
        <ele>1245</ele>
        <time>2026-05-04T05:05:30.6280000+00:00</time>
      </trkpt>
      <trkpt lat="46.62998" lon="7.82466">
        <ele>1244.64</ele>
        <time>2026-05-04T05:05:35.8410000+00:00</time>
      </trkpt>
      <trkpt lat="46.63001" lon="7.82469">
        <ele>1244.51</ele>
        <time>2026-05-04T05:05:42.4510000+00:00</time>
      </trkpt>
      <trkpt lat="46.63003" lon="7.82475">
        <ele>1243.2</ele>
        <time>2026-05-04T05:05:50.7660000+00:00</time>
      </trkpt>
      <trkpt lat="46.63003" lon="7.82483">
        <ele>1240.8</ele>
        <time>2026-05-04T05:06:00.7400000+00:00</time>
      </trkpt>
      <trkpt lat="46.63004" lon="7.82487">
        <ele>1239.82</ele>
        <time>2026-05-04T05:06:06.0470000+00:00</time>
      </trkpt>
      <trkpt lat="46.63006" lon="7.82491">
        <ele>1239.03</ele>
        <time>2026-05-04T05:06:12.2180000+00:00</time>
      </trkpt>
      <trkpt lat="46.63009" lon="7.82494">
        <ele>1238.72</ele>
        <time>2026-05-04T05:06:18.8270000+00:00</time>
      </trkpt>
      <trkpt lat="46.6301" lon="7.825">
        <ele>1237.05</ele>
        <time>2026-05-04T05:06:26.5270000+00:00</time>
      </trkpt>
      <trkpt lat="46.6301" lon="7.82505">
        <ele>1235.49</ele>
        <time>2026-05-04T05:06:32.7620000+00:00</time>
      </trkpt>
      <trkpt lat="46.6301" lon="7.8251">
        <ele>1233.93</ele>
        <time>2026-05-04T05:06:38.9970000+00:00</time>
      </trkpt>
      <trkpt lat="46.63008" lon="7.82513">
        <ele>1232.65</ele>
        <time>2026-05-04T05:06:44.2120000+00:00</time>
      </trkpt>
      <trkpt lat="46.63005" lon="7.82516">
        <ele>1231.21</ele>
        <time>2026-05-04T05:06:50.8180000+00:00</time>
      </trkpt>
      <trkpt lat="46.63002" lon="7.82522">
        <ele>1228.85</ele>
        <time>2026-05-04T05:07:00.0710000+00:00</time>
      </trkpt>
      <trkpt lat="46.63001" lon="7.82525">
        <ele>1227.78</ele>
        <time>2026-05-04T05:07:04.2300000+00:00</time>
      </trkpt>
      <trkpt lat="46.62999" lon="7.8253">
        <ele>1225.97</ele>
        <time>2026-05-04T05:07:11.4440000+00:00</time>
      </trkpt>
      <trkpt lat="46.62999" lon="7.82534">
        <ele>1224.76</ele>
        <time>2026-05-04T05:07:16.4290000+00:00</time>
      </trkpt>
      <trkpt lat="46.62998" lon="7.8254">
        <ele>1222.82</ele>
        <time>2026-05-04T05:07:24.1260000+00:00</time>
      </trkpt>
      <trkpt lat="46.62997" lon="7.82546">
        <ele>1220.91</ele>
        <time>2026-05-04T05:07:31.8240000+00:00</time>
      </trkpt>
      <trkpt lat="46.62995" lon="7.82549">
        <ele>1219.83</ele>
        <time>2026-05-04T05:07:37.0370000+00:00</time>
      </trkpt>
      <trkpt lat="46.62992" lon="7.82552">
        <ele>1218.68</ele>
        <time>2026-05-04T05:07:43.6430000+00:00</time>
      </trkpt>
      <trkpt lat="46.62989" lon="7.82554">
        <ele>1217.86</ele>
        <time>2026-05-04T05:07:49.6320000+00:00</time>
      </trkpt>
      <trkpt lat="46.62987" lon="7.82554">
        <ele>1217.69</ele>
        <time>2026-05-04T05:07:53.2610000+00:00</time>
      </trkpt>
      <trkpt lat="46.62986" lon="7.82556">
        <ele>1217.06</ele>
        <time>2026-05-04T05:07:56.3490000+00:00</time>
      </trkpt>
      <trkpt lat="46.62987" lon="7.82559">
        <ele>1216.3</ele>
        <time>2026-05-04T05:08:00.5090000+00:00</time>
      </trkpt>
      <trkpt lat="46.62989" lon="7.82564">
        <ele>1215.04</ele>
        <time>2026-05-04T05:08:07.7230000+00:00</time>
      </trkpt>
      <trkpt lat="46.6299" lon="7.82568">
        <ele>1213.96</ele>
        <time>2026-05-04T05:08:13.0300000+00:00</time>
      </trkpt>
      <trkpt lat="46.62989" lon="7.82575">
        <ele>1211.94</ele>
        <time>2026-05-04T05:08:21.9420000+00:00</time>
      </trkpt>
      <trkpt lat="46.62988" lon="7.82581">
        <ele>1210.22</ele>
        <time>2026-05-04T05:08:29.6400000+00:00</time>
      </trkpt>
      <trkpt lat="46.6299" lon="7.82586">
        <ele>1208.85</ele>
        <time>2026-05-04T05:08:36.8540000+00:00</time>
      </trkpt>
      <trkpt lat="46.62991" lon="7.82591">
        <ele>1207.43</ele>
        <time>2026-05-04T05:08:43.3480000+00:00</time>
      </trkpt>
      <trkpt lat="46.6299" lon="7.82597">
        <ele>1205.73</ele>
        <time>2026-05-04T05:08:51.0460000+00:00</time>
      </trkpt>
      <trkpt lat="46.62988" lon="7.82609">
        <ele>1203.24</ele>
        <time>2026-05-04T05:09:06.4410000+00:00</time>
      </trkpt>
      <trkpt lat="46.62984" lon="7.82615">
        <ele>1202.11</ele>
        <time>2026-05-04T05:09:16.8670000+00:00</time>
      </trkpt>
      <trkpt lat="46.6298" lon="7.82622">
        <ele>1200.8</ele>
        <time>2026-05-04T05:09:28.2220000+00:00</time>
      </trkpt>
      <trkpt lat="46.62975" lon="7.82629">
        <ele>1199.56</ele>
        <time>2026-05-04T05:09:40.8160000+00:00</time>
      </trkpt>
      <trkpt lat="46.62971" lon="7.8264">
        <ele>1197.55</ele>
        <time>2026-05-04T05:09:56.3350000+00:00</time>
      </trkpt>
      <trkpt lat="46.62969" lon="7.82652">
        <ele>1195.31</ele>
        <time>2026-05-04T05:10:11.7310000+00:00</time>
      </trkpt>
      <trkpt lat="46.62971" lon="7.82667">
        <ele>1192.32</ele>
        <time>2026-05-04T05:10:30.7810000+00:00</time>
      </trkpt>
      <trkpt lat="46.6297" lon="7.8269">
        <ele>1188.21</ele>
        <time>2026-05-04T05:10:59.5140000+00:00</time>
      </trkpt>
      <trkpt lat="46.6297" lon="7.82709">
        <ele>1185.14</ele>
        <time>2026-05-04T05:11:23.2030000+00:00</time>
      </trkpt>
      <trkpt lat="46.62973" lon="7.8272">
        <ele>1183.22</ele>
        <time>2026-05-04T05:11:37.9600000+00:00</time>
      </trkpt>
      <trkpt lat="46.62975" lon="7.82731">
        <ele>1181.36</ele>
        <time>2026-05-04T05:11:52.1480000+00:00</time>
      </trkpt>
      <trkpt lat="46.62978" lon="7.8274">
        <ele>1179.79</ele>
        <time>2026-05-04T05:12:04.6210000+00:00</time>
      </trkpt>
      <trkpt lat="46.62977" lon="7.82753">
        <ele>1177.75</ele>
        <time>2026-05-04T05:12:20.9310000+00:00</time>
      </trkpt>
      <trkpt lat="46.62977" lon="7.82763">
        <ele>1176.16</ele>
        <time>2026-05-04T05:12:33.3990000+00:00</time>
      </trkpt>
      <trkpt lat="46.62977" lon="7.82769">
        <ele>1175.27</ele>
        <time>2026-05-04T05:12:40.8820000+00:00</time>
      </trkpt>
      <trkpt lat="46.62978" lon="7.82771">
        <ele>1174.95</ele>
        <time>2026-05-04T05:12:43.9660000+00:00</time>
      </trkpt>
      <trkpt lat="46.62979" lon="7.82777">
        <ele>1174.05</ele>
        <time>2026-05-04T05:12:51.6640000+00:00</time>
      </trkpt>
      <trkpt lat="46.62979" lon="7.8279">
        <ele>1172.17</ele>
        <time>2026-05-04T05:13:07.8710000+00:00</time>
      </trkpt>
      <trkpt lat="46.6298" lon="7.82809">
        <ele>1169.4</ele>
        <time>2026-05-04T05:13:31.6300000+00:00</time>
      </trkpt>
      <trkpt lat="46.6298" lon="7.82817">
        <ele>1168.24</ele>
        <time>2026-05-04T05:13:41.6050000+00:00</time>
      </trkpt>
      <trkpt lat="46.62978" lon="7.82827">
        <ele>1166.88</ele>
        <time>2026-05-04T05:13:54.5910000+00:00</time>
      </trkpt>
      <trkpt lat="46.62976" lon="7.82837">
        <ele>1165.51</ele>
        <time>2026-05-04T05:14:07.5780000+00:00</time>
      </trkpt>
      <trkpt lat="46.62974" lon="7.82847">
        <ele>1164.14</ele>
        <time>2026-05-04T05:14:20.5640000+00:00</time>
      </trkpt>
      <trkpt lat="46.62974" lon="7.82855">
        <ele>1163.29</ele>
        <time>2026-05-04T05:14:30.5390000+00:00</time>
      </trkpt>
      <trkpt lat="46.62974" lon="7.82867">
        <ele>1162.05</ele>
        <time>2026-05-04T05:14:45.5000000+00:00</time>
      </trkpt>
      <trkpt lat="46.62976" lon="7.82876">
        <ele>1161.01</ele>
        <time>2026-05-04T05:14:57.2930000+00:00</time>
      </trkpt>
      <trkpt lat="46.6298" lon="7.82884">
        <ele>1159.92</ele>
        <time>2026-05-04T05:15:09.6320000+00:00</time>
      </trkpt>
      <trkpt lat="46.62985" lon="7.82889">
        <ele>1159.05</ele>
        <time>2026-05-04T05:15:20.6450000+00:00</time>
      </trkpt>
      <trkpt lat="46.6299" lon="7.82893">
        <ele>1158.27</ele>
        <time>2026-05-04T05:15:31.0020000+00:00</time>
      </trkpt>
      <trkpt lat="46.62994" lon="7.82895">
        <ele>1157.76</ele>
        <time>2026-05-04T05:15:38.6810000+00:00</time>
      </trkpt>
      <trkpt lat="46.62995" lon="7.82896">
        <ele>1157.57</ele>
        <time>2026-05-04T05:15:40.8840000+00:00</time>
      </trkpt>
      <trkpt lat="46.62997" lon="7.82898">
        <ele>1157.19</ele>
        <time>2026-05-04T05:15:45.2900000+00:00</time>
      </trkpt>
      <trkpt lat="46.63001" lon="7.82897">
        <ele>1157.02</ele>
        <time>2026-05-04T05:15:52.6590000+00:00</time>
      </trkpt>
      <trkpt lat="46.63006" lon="7.82896">
        <ele>1156.79</ele>
        <time>2026-05-04T05:16:01.8230000+00:00</time>
      </trkpt>
      <trkpt lat="46.63009" lon="7.82896">
        <ele>1156.58</ele>
        <time>2026-05-04T05:16:07.2730000+00:00</time>
      </trkpt>
      <trkpt lat="46.63015" lon="7.82897">
        <ele>1156.02</ele>
        <time>2026-05-04T05:16:18.2370000+00:00</time>
      </trkpt>
      <trkpt lat="46.63023" lon="7.82899">
        <ele>1155.17</ele>
        <time>2026-05-04T05:16:32.9740000+00:00</time>
      </trkpt>
      <trkpt lat="46.63029" lon="7.82901">
        <ele>1154.44</ele>
        <time>2026-05-04T05:16:44.1490000+00:00</time>
      </trkpt>
      <trkpt lat="46.63038" lon="7.82904">
        <ele>1153.96</ele>
        <time>2026-05-04T05:17:00.9120000+00:00</time>
      </trkpt>
      <trkpt lat="46.63055" lon="7.82908">
        <ele>1153.64</ele>
        <time>2026-05-04T05:17:32.1770000+00:00</time>
      </trkpt>
      <trkpt lat="46.63071" lon="7.8291">
        <ele>1153.61</ele>
        <time>2026-05-04T05:18:01.3340000+00:00</time>
      </trkpt>
      <trkpt lat="46.63087" lon="7.82913">
        <ele>1153.49</ele>
        <time>2026-05-04T05:18:30.6240000+00:00</time>
      </trkpt>
      <trkpt lat="46.63103" lon="7.82915">
        <ele>1153.53</ele>
        <time>2026-05-04T05:18:59.7800000+00:00</time>
      </trkpt>
      <trkpt lat="46.6311" lon="7.82917">
        <ele>1153.43</ele>
        <time>2026-05-04T05:19:12.7310000+00:00</time>
      </trkpt>
      <trkpt lat="46.63116" lon="7.82919">
        <ele>1153.2</ele>
        <time>2026-05-04T05:19:23.9070000+00:00</time>
      </trkpt>
      <trkpt lat="46.63124" lon="7.82924">
        <ele>1152.28</ele>
        <time>2026-05-04T05:19:39.7130000+00:00</time>
      </trkpt>
      <trkpt lat="46.63133" lon="7.82928">
        <ele>1151.41</ele>
        <time>2026-05-04T05:19:56.7970000+00:00</time>
      </trkpt>
      <trkpt lat="46.63141" lon="7.82931">
        <ele>1150.69</ele>
        <time>2026-05-04T05:20:11.7950000+00:00</time>
      </trkpt>
      <trkpt lat="46.63148" lon="7.82933">
        <ele>1150.07</ele>
        <time>2026-05-04T05:20:24.7450000+00:00</time>
      </trkpt>
      <trkpt lat="46.63154" lon="7.82933">
        <ele>1149.78</ele>
        <time>2026-05-04T05:20:35.6390000+00:00</time>
      </trkpt>
      <trkpt lat="46.6316" lon="7.82933">
        <ele>1149.49</ele>
        <time>2026-05-04T05:20:46.5330000+00:00</time>
      </trkpt>
      <trkpt lat="46.63167" lon="7.82931">
        <ele>1149.44</ele>
        <time>2026-05-04T05:20:59.4850000+00:00</time>
      </trkpt>
      <trkpt lat="46.63176" lon="7.8293">
        <ele>1149.13</ele>
        <time>2026-05-04T05:21:15.8720000+00:00</time>
      </trkpt>
      <trkpt lat="46.63183" lon="7.8293">
        <ele>1148.79</ele>
        <time>2026-05-04T05:21:28.5810000+00:00</time>
      </trkpt>
      <trkpt lat="46.63192" lon="7.8293">
        <ele>1148.36</ele>
        <time>2026-05-04T05:21:44.9210000+00:00</time>
      </trkpt>
      <trkpt lat="46.63203" lon="7.82931">
        <ele>1147.85</ele>
        <time>2026-05-04T05:22:04.9320000+00:00</time>
      </trkpt>
      <trkpt lat="46.63214" lon="7.82932">
        <ele>1147.44</ele>
        <time>2026-05-04T05:22:24.9430000+00:00</time>
      </trkpt>
      <trkpt lat="46.63222" lon="7.82934">
        <ele>1146.95</ele>
        <time>2026-05-04T05:22:39.6790000+00:00</time>
      </trkpt>
      <trkpt lat="46.63231" lon="7.82936">
        <ele>1146.43</ele>
        <time>2026-05-04T05:22:56.2090000+00:00</time>
      </trkpt>
      <trkpt lat="46.63239" lon="7.82939">
        <ele>1145.78</ele>
        <time>2026-05-04T05:23:11.2080000+00:00</time>
      </trkpt>
      <trkpt lat="46.63243" lon="7.8294">
        <ele>1145.53</ele>
        <time>2026-05-04T05:23:18.5770000+00:00</time>
      </trkpt>
      <trkpt lat="46.63252" lon="7.82942">
        <ele>1145</ele>
        <time>2026-05-04T05:23:35.1060000+00:00</time>
      </trkpt>
      <trkpt lat="46.63262" lon="7.82944">
        <ele>1144.44</ele>
        <time>2026-05-04T05:23:53.4320000+00:00</time>
      </trkpt>
      <trkpt lat="46.63271" lon="7.82947">
        <ele>1143.74</ele>
        <time>2026-05-04T05:24:10.1950000+00:00</time>
      </trkpt>
      <trkpt lat="46.63279" lon="7.8295">
        <ele>1143.06</ele>
        <time>2026-05-04T05:24:25.1930000+00:00</time>
      </trkpt>
      <trkpt lat="46.63288" lon="7.82954">
        <ele>1142.41</ele>
        <time>2026-05-04T05:24:42.2780000+00:00</time>
      </trkpt>
      <trkpt lat="46.63297" lon="7.82959">
        <ele>1141.61</ele>
        <time>2026-05-04T05:24:59.7670000+00:00</time>
      </trkpt>
      <trkpt lat="46.63307" lon="7.82964">
        <ele>1140.77</ele>
        <time>2026-05-04T05:25:18.9630000+00:00</time>
      </trkpt>
      <trkpt lat="46.63315" lon="7.82968">
        <ele>1140.07</ele>
        <time>2026-05-04T05:25:34.3210000+00:00</time>
      </trkpt>
      <trkpt lat="46.63322" lon="7.82972">
        <ele>1139.34</ele>
        <time>2026-05-04T05:25:47.9730000+00:00</time>
      </trkpt>
      <trkpt lat="46.63326" lon="7.82975">
        <ele>1138.79</ele>
        <time>2026-05-04T05:25:56.1430000+00:00</time>
      </trkpt>
      <trkpt lat="46.63332" lon="7.82979">
        <ele>1138.04</ele>
        <time>2026-05-04T05:26:08.1240000+00:00</time>
      </trkpt>
      <trkpt lat="46.63336" lon="7.82982">
        <ele>1137.46</ele>
        <time>2026-05-04T05:26:16.2940000+00:00</time>
      </trkpt>
      <trkpt lat="46.63341" lon="7.82986">
        <ele>1136.68</ele>
        <time>2026-05-04T05:26:26.6520000+00:00</time>
      </trkpt>
      <trkpt lat="46.63346" lon="7.8299">
        <ele>1135.88</ele>
        <time>2026-05-04T05:26:37.0090000+00:00</time>
      </trkpt>
      <trkpt lat="46.63352" lon="7.82995">
        <ele>1134.87</ele>
        <time>2026-05-04T05:26:49.5600000+00:00</time>
      </trkpt>
      <trkpt lat="46.63356" lon="7.82999">
        <ele>1134.05</ele>
        <time>2026-05-04T05:26:58.3700000+00:00</time>
      </trkpt>
      <trkpt lat="46.63359" lon="7.83002">
        <ele>1133.43</ele>
        <time>2026-05-04T05:27:04.9790000+00:00</time>
      </trkpt>
      <trkpt lat="46.63363" lon="7.83007">
        <ele>1132.39</ele>
        <time>2026-05-04T05:27:14.5490000+00:00</time>
      </trkpt>
      <trkpt lat="46.63368" lon="7.83012">
        <ele>1131.51</ele>
        <time>2026-05-04T05:27:25.5630000+00:00</time>
      </trkpt>
      <trkpt lat="46.6337" lon="7.83015">
        <ele>1131.02</ele>
        <time>2026-05-04T05:27:30.7780000+00:00</time>
      </trkpt>
      <trkpt lat="46.63374" lon="7.8302">
        <ele>1130.35</ele>
        <time>2026-05-04T05:27:40.3490000+00:00</time>
      </trkpt>
      <trkpt lat="46.63378" lon="7.83025">
        <ele>1129.69</ele>
        <time>2026-05-04T05:27:49.9190000+00:00</time>
      </trkpt>
      <trkpt lat="46.63382" lon="7.8303">
        <ele>1129.04</ele>
        <time>2026-05-04T05:27:59.4900000+00:00</time>
      </trkpt>
      <trkpt lat="46.63386" lon="7.83034">
        <ele>1128.56</ele>
        <time>2026-05-04T05:28:08.3010000+00:00</time>
      </trkpt>
      <trkpt lat="46.6339" lon="7.83038">
        <ele>1128.08</ele>
        <time>2026-05-04T05:28:17.1100000+00:00</time>
      </trkpt>
      <trkpt lat="46.63393" lon="7.83041">
        <ele>1127.73</ele>
        <time>2026-05-04T05:28:23.7200000+00:00</time>
      </trkpt>
      <trkpt lat="46.63397" lon="7.83044">
        <ele>1127.42</ele>
        <time>2026-05-04T05:28:31.8900000+00:00</time>
      </trkpt>
      <trkpt lat="46.634" lon="7.83046">
        <ele>1127.23</ele>
        <time>2026-05-04T05:28:37.8810000+00:00</time>
      </trkpt>
      <trkpt lat="46.63404" lon="7.83048">
        <ele>1127.07</ele>
        <time>2026-05-04T05:28:45.5600000+00:00</time>
      </trkpt>
      <trkpt lat="46.63408" lon="7.8305">
        <ele>1126.92</ele>
        <time>2026-05-04T05:28:53.2390000+00:00</time>
      </trkpt>
      <trkpt lat="46.63412" lon="7.83051">
        <ele>1126.92</ele>
        <time>2026-05-04T05:29:00.6080000+00:00</time>
      </trkpt>
      <trkpt lat="46.63417" lon="7.83051">
        <ele>1127.09</ele>
        <time>2026-05-04T05:29:09.6860000+00:00</time>
      </trkpt>
      <trkpt lat="46.63422" lon="7.83051">
        <ele>1127.26</ele>
        <time>2026-05-04T05:29:18.7650000+00:00</time>
      </trkpt>
      <trkpt lat="46.63428" lon="7.83051">
        <ele>1127.47</ele>
        <time>2026-05-04T05:29:29.6590000+00:00</time>
      </trkpt>
      <trkpt lat="46.63433" lon="7.83051">
        <ele>1127.64</ele>
        <time>2026-05-04T05:29:38.7360000+00:00</time>
      </trkpt>
      <trkpt lat="46.63441" lon="7.83052">
        <ele>1127.79</ele>
        <time>2026-05-04T05:29:53.3140000+00:00</time>
      </trkpt>
      <trkpt lat="46.63448" lon="7.83052">
        <ele>1128.03</ele>
        <time>2026-05-04T05:30:06.0230000+00:00</time>
      </trkpt>
      <trkpt lat="46.63456" lon="7.83054">
        <ele>1128.06</ele>
        <time>2026-05-04T05:30:20.7600000+00:00</time>
      </trkpt>
      <trkpt lat="46.63462" lon="7.83056">
        <ele>1128.01</ele>
        <time>2026-05-04T05:30:31.9350000+00:00</time>
      </trkpt>
      <trkpt lat="46.63467" lon="7.83058">
        <ele>1127.91</ele>
        <time>2026-05-04T05:30:41.3500000+00:00</time>
      </trkpt>
      <trkpt lat="46.63473" lon="7.83062">
        <ele>1127.56</ele>
        <time>2026-05-04T05:30:53.3310000+00:00</time>
      </trkpt>
      <trkpt lat="46.63477" lon="7.83065">
        <ele>1127.28</ele>
        <time>2026-05-04T05:31:01.5010000+00:00</time>
      </trkpt>
      <trkpt lat="46.63482" lon="7.8307">
        <ele>1126.74</ele>
        <time>2026-05-04T05:31:12.5120000+00:00</time>
      </trkpt>
      <trkpt lat="46.63487" lon="7.83076">
        <ele>1126.03</ele>
        <time>2026-05-04T05:31:24.2740000+00:00</time>
      </trkpt>
      <trkpt lat="46.63491" lon="7.8308">
        <ele>1125.58</ele>
        <time>2026-05-04T05:31:33.0840000+00:00</time>
      </trkpt>
      <trkpt lat="46.63496" lon="7.83084">
        <ele>1125.14</ele>
        <time>2026-05-04T05:31:43.4410000+00:00</time>
      </trkpt>
      <trkpt lat="46.635" lon="7.83087">
        <ele>1124.81</ele>
        <time>2026-05-04T05:31:51.6110000+00:00</time>
      </trkpt>
      <trkpt lat="46.63505" lon="7.8309">
        <ele>1124.49</ele>
        <time>2026-05-04T05:32:01.4310000+00:00</time>
      </trkpt>
      <trkpt lat="46.63511" lon="7.83092">
        <ele>1124.35</ele>
        <time>2026-05-04T05:32:12.6060000+00:00</time>
      </trkpt>
      <trkpt lat="46.63519" lon="7.83093">
        <ele>1124.4</ele>
        <time>2026-05-04T05:32:27.1840000+00:00</time>
      </trkpt>
      <trkpt lat="46.63524" lon="7.83092">
        <ele>1124.68</ele>
        <time>2026-05-04T05:32:36.3460000+00:00</time>
      </trkpt>
      <trkpt lat="46.63529" lon="7.83093">
        <ele>1124.65</ele>
        <time>2026-05-04T05:32:45.5090000+00:00</time>
      </trkpt>
      <trkpt lat="46.63538" lon="7.83094">
        <ele>1124.45</ele>
        <time>2026-05-04T05:33:01.8960000+00:00</time>
      </trkpt>
      <trkpt lat="46.63547" lon="7.83096">
        <ele>1124.03</ele>
        <time>2026-05-04T05:33:18.4260000+00:00</time>
      </trkpt>
      <trkpt lat="46.63558" lon="7.83101">
        <ele>1123.27</ele>
        <time>2026-05-04T05:33:39.3470000+00:00</time>
      </trkpt>
      <trkpt lat="46.63564" lon="7.83105">
        <ele>1122.72</ele>
        <time>2026-05-04T05:33:51.3280000+00:00</time>
      </trkpt>
      <trkpt lat="46.63571" lon="7.8311">
        <ele>1122.01</ele>
        <time>2026-05-04T05:34:05.4840000+00:00</time>
      </trkpt>
      <trkpt lat="46.63577" lon="7.83112">
        <ele>1121.65</ele>
        <time>2026-05-04T05:34:16.6600000+00:00</time>
      </trkpt>
      <trkpt lat="46.63587" lon="7.83115">
        <ele>1121.06</ele>
        <time>2026-05-04T05:34:35.1980000+00:00</time>
      </trkpt>
      <trkpt lat="46.63595" lon="7.83117">
        <ele>1120.61</ele>
        <time>2026-05-04T05:34:49.9360000+00:00</time>
      </trkpt>
      <trkpt lat="46.63603" lon="7.83117">
        <ele>1120.43</ele>
        <time>2026-05-04T05:35:04.4610000+00:00</time>
      </trkpt>
      <trkpt lat="46.63618" lon="7.83117">
        <ele>1120.33</ele>
        <time>2026-05-04T05:35:31.6940000+00:00</time>
      </trkpt>
      <trkpt lat="46.6363" lon="7.83116">
        <ele>1120.89</ele>
        <time>2026-05-04T05:35:53.5160000+00:00</time>
      </trkpt>
      <trkpt lat="46.63638" lon="7.83115">
        <ele>1121.33</ele>
        <time>2026-05-04T05:36:08.0940000+00:00</time>
      </trkpt>
      <trkpt lat="46.63639" lon="7.8314">
        <ele>1117.3</ele>
        <time>2026-05-04T05:36:39.3120000+00:00</time>
      </trkpt>
      <trkpt lat="46.63639" lon="7.83158">
        <ele>1114.38</ele>
        <time>2026-05-04T05:37:01.7520000+00:00</time>
      </trkpt>
      <trkpt lat="46.63638" lon="7.83174">
        <ele>1111.79</ele>
        <time>2026-05-04T05:37:21.7800000+00:00</time>
      </trkpt>
      <trkpt lat="46.63636" lon="7.83188">
        <ele>1109.62</ele>
        <time>2026-05-04T05:37:39.6070000+00:00</time>
      </trkpt>
      <trkpt lat="46.63631" lon="7.83211">
        <ele>1106.39</ele>
        <time>2026-05-04T05:38:09.6820000+00:00</time>
      </trkpt>
      <trkpt lat="46.63624" lon="7.83239">
        <ele>1103</ele>
        <time>2026-05-04T05:38:46.8290000+00:00</time>
      </trkpt>
      <trkpt lat="46.63616" lon="7.83271">
        <ele>1100.07</ele>
        <time>2026-05-04T05:39:29.2840000+00:00</time>
      </trkpt>
      <trkpt lat="46.63614" lon="7.83277">
        <ele>1099.85</ele>
        <time>2026-05-04T05:39:37.5980000+00:00</time>
      </trkpt>
      <trkpt lat="46.6361" lon="7.83294">
        <ele>1098.78</ele>
        <time>2026-05-04T05:40:00.0000000+00:00</time>
      </trkpt>
    </trkseg>
  </trk>
</gpx>