<?xml version="1.0" encoding="utf-8"?>
<gpx xmlns:xsd="http://www.w3.org/2001/XMLSchema" xmlns:xsi="http://www.w3.org/2001/XMLSchema-instance" creator="eT4 META" version="1.1" xsi:schemaLocation="http://www.topografix.com/GPX/1/1 http://www.topografix.com/GPX/1/1/gpx.xsd" xmlns="http://www.topografix.com/GPX/1/1">
  <trk>
    <name>Par la Greberegg jusqu'à la cascade de Pochtenfall</name>
    <trkseg>
      <trkpt lat="46.64496" lon="7.72476">
        <ele>1022.23</ele>
        <time>2026-05-04T00:00:00.0000000+00:00</time>
      </trkpt>
      <trkpt lat="46.64497" lon="7.7248">
        <ele>1022.58</ele>
        <time>2026-05-04T00:00:04.3530000+00:00</time>
      </trkpt>
      <trkpt lat="46.64498" lon="7.72484">
        <ele>1022.93</ele>
        <time>2026-05-04T00:00:08.7080000+00:00</time>
      </trkpt>
      <trkpt lat="46.64501" lon="7.72494">
        <ele>1023.79</ele>
        <time>2026-05-04T00:00:19.8700000+00:00</time>
      </trkpt>
      <trkpt lat="46.64504" lon="7.72509">
        <ele>1025.09</ele>
        <time>2026-05-04T00:00:35.8500000+00:00</time>
      </trkpt>
      <trkpt lat="46.64507" lon="7.72527">
        <ele>1026.63</ele>
        <time>2026-05-04T00:00:54.7960000+00:00</time>
      </trkpt>
      <trkpt lat="46.64509" lon="7.72537">
        <ele>1027.47</ele>
        <time>2026-05-04T00:01:05.4500000+00:00</time>
      </trkpt>
      <trkpt lat="46.6451" lon="7.72543">
        <ele>1027.97</ele>
        <time>2026-05-04T00:01:11.7660000+00:00</time>
      </trkpt>
      <trkpt lat="46.64509" lon="7.72559">
        <ele>1029.38</ele>
        <time>2026-05-04T00:01:28.2000000+00:00</time>
      </trkpt>
      <trkpt lat="46.64507" lon="7.72579">
        <ele>1031.23</ele>
        <time>2026-05-04T00:01:48.8730000+00:00</time>
      </trkpt>
      <trkpt lat="46.64504" lon="7.72601">
        <ele>1033.37</ele>
        <time>2026-05-04T00:02:11.8140000+00:00</time>
      </trkpt>
      <trkpt lat="46.64501" lon="7.72615">
        <ele>1034.8</ele>
        <time>2026-05-04T00:02:26.8160000+00:00</time>
      </trkpt>
      <trkpt lat="46.64498" lon="7.72628">
        <ele>1036.11</ele>
        <time>2026-05-04T00:02:40.8440000+00:00</time>
      </trkpt>
      <trkpt lat="46.64494" lon="7.72645">
        <ele>1037.83</ele>
        <time>2026-05-04T00:02:59.2250000+00:00</time>
      </trkpt>
      <trkpt lat="46.64492" lon="7.72658">
        <ele>1039.06</ele>
        <time>2026-05-04T00:03:12.8510000+00:00</time>
      </trkpt>
      <trkpt lat="46.6449" lon="7.72678">
        <ele>1040.89</ele>
        <time>2026-05-04T00:03:33.5240000+00:00</time>
      </trkpt>
      <trkpt lat="46.64489" lon="7.72689">
        <ele>1041.89</ele>
        <time>2026-05-04T00:03:44.8730000+00:00</time>
      </trkpt>
      <trkpt lat="46.64487" lon="7.72699">
        <ele>1043.56</ele>
        <time>2026-05-04T00:03:55.5260000+00:00</time>
      </trkpt>
      <trkpt lat="46.64486" lon="7.72706">
        <ele>1044.72</ele>
        <time>2026-05-04T00:04:02.8380000+00:00</time>
      </trkpt>
      <trkpt lat="46.64481" lon="7.72723">
        <ele>1047.67</ele>
        <time>2026-05-04T00:04:21.7540000+00:00</time>
      </trkpt>
      <trkpt lat="46.64475" lon="7.72744">
        <ele>1051.25</ele>
        <time>2026-05-04T00:04:45.0190000+00:00</time>
      </trkpt>
      <trkpt lat="46.64469" lon="7.72764">
        <ele>1054.6</ele>
        <time>2026-05-04T00:05:07.3440000+00:00</time>
      </trkpt>
      <trkpt lat="46.64466" lon="7.72776">
        <ele>1056.77</ele>
        <time>2026-05-04T00:05:20.4060000+00:00</time>
      </trkpt>
      <trkpt lat="46.64464" lon="7.72788">
        <ele>1059.46</ele>
        <time>2026-05-04T00:05:33.0370000+00:00</time>
      </trkpt>
      <trkpt lat="46.64462" lon="7.72796">
        <ele>1061.28</ele>
        <time>2026-05-04T00:05:41.7450000+00:00</time>
      </trkpt>
      <trkpt lat="46.6446" lon="7.72803">
        <ele>1062.89</ele>
        <time>2026-05-04T00:05:49.4990000+00:00</time>
      </trkpt>
      <trkpt lat="46.64457" lon="7.7281">
        <ele>1064.55</ele>
        <time>2026-05-04T00:05:57.9390000+00:00</time>
      </trkpt>
      <trkpt lat="46.64453" lon="7.7282">
        <ele>1066.91</ele>
        <time>2026-05-04T00:06:09.7760000+00:00</time>
      </trkpt>
      <trkpt lat="46.64449" lon="7.72826">
        <ele>1068.39</ele>
        <time>2026-05-04T00:06:18.3300000+00:00</time>
      </trkpt>
      <trkpt lat="46.64444" lon="7.72835">
        <ele>1070.23</ele>
        <time>2026-05-04T00:06:30.1720000+00:00</time>
      </trkpt>
      <trkpt lat="46.64442" lon="7.72838">
        <ele>1070.66</ele>
        <time>2026-05-04T00:06:34.4500000+00:00</time>
      </trkpt>
      <trkpt lat="46.64441" lon="7.72842">
        <ele>1071.4</ele>
        <time>2026-05-04T00:06:38.8050000+00:00</time>
      </trkpt>
      <trkpt lat="46.6444" lon="7.72849">
        <ele>1072.77</ele>
        <time>2026-05-04T00:06:46.1190000+00:00</time>
      </trkpt>
      <trkpt lat="46.64438" lon="7.72866">
        <ele>1076.04</ele>
        <time>2026-05-04T00:07:03.7610000+00:00</time>
      </trkpt>
      <trkpt lat="46.64436" lon="7.72884">
        <ele>1079.45</ele>
        <time>2026-05-04T00:07:22.4120000+00:00</time>
      </trkpt>
      <trkpt lat="46.64435" lon="7.72895">
        <ele>1081.55</ele>
        <time>2026-05-04T00:07:33.7620000+00:00</time>
      </trkpt>
      <trkpt lat="46.64438" lon="7.72895">
        <ele>1081.93</ele>
        <time>2026-05-04T00:07:38.2310000+00:00</time>
      </trkpt>
      <trkpt lat="46.6444" lon="7.72894">
        <ele>1081.98</ele>
        <time>2026-05-04T00:07:41.3830000+00:00</time>
      </trkpt>
      <trkpt lat="46.64443" lon="7.72895">
        <ele>1082.56</ele>
        <time>2026-05-04T00:07:45.9690000+00:00</time>
      </trkpt>
      <trkpt lat="46.64445" lon="7.72894">
        <ele>1082.61</ele>
        <time>2026-05-04T00:07:49.1190000+00:00</time>
      </trkpt>
      <trkpt lat="46.64452" lon="7.72894">
        <ele>1082.62</ele>
        <time>2026-05-04T00:07:59.5480000+00:00</time>
      </trkpt>
      <trkpt lat="46.64455" lon="7.72895">
        <ele>1082.75</ele>
        <time>2026-05-04T00:08:04.1340000+00:00</time>
      </trkpt>
      <trkpt lat="46.64456" lon="7.72897">
        <ele>1083.14</ele>
        <time>2026-05-04T00:08:06.6650000+00:00</time>
      </trkpt>
      <trkpt lat="46.64458" lon="7.729">
        <ele>1083.73</ele>
        <time>2026-05-04T00:08:10.9410000+00:00</time>
      </trkpt>
      <trkpt lat="46.64456" lon="7.72907">
        <ele>1085.24</ele>
        <time>2026-05-04T00:08:18.6960000+00:00</time>
      </trkpt>
      <trkpt lat="46.64456" lon="7.72912">
        <ele>1086.29</ele>
        <time>2026-05-04T00:08:23.8080000+00:00</time>
      </trkpt>
      <trkpt lat="46.64456" lon="7.72921">
        <ele>1088.18</ele>
        <time>2026-05-04T00:08:33.0120000+00:00</time>
      </trkpt>
      <trkpt lat="46.64457" lon="7.72925">
        <ele>1089.01</ele>
        <time>2026-05-04T00:08:37.3630000+00:00</time>
      </trkpt>
      <trkpt lat="46.64457" lon="7.72928">
        <ele>1089.64</ele>
        <time>2026-05-04T00:08:40.4320000+00:00</time>
      </trkpt>
      <trkpt lat="46.64459" lon="7.72931">
        <ele>1090.26</ele>
        <time>2026-05-04T00:08:44.7080000+00:00</time>
      </trkpt>
      <trkpt lat="46.6446" lon="7.72938">
        <ele>1091.74</ele>
        <time>2026-05-04T00:08:52.0220000+00:00</time>
      </trkpt>
      <trkpt lat="46.64461" lon="7.72947">
        <ele>1093.15</ele>
        <time>2026-05-04T00:09:01.3470000+00:00</time>
      </trkpt>
      <trkpt lat="46.64464" lon="7.72954">
        <ele>1094.21</ele>
        <time>2026-05-04T00:09:09.7860000+00:00</time>
      </trkpt>
      <trkpt lat="46.64465" lon="7.72955">
        <ele>1094.36</ele>
        <time>2026-05-04T00:09:11.5940000+00:00</time>
      </trkpt>
      <trkpt lat="46.64468" lon="7.7296">
        <ele>1095.13</ele>
        <time>2026-05-04T00:09:18.3870000+00:00</time>
      </trkpt>
      <trkpt lat="46.6447" lon="7.72962">
        <ele>1095.44</ele>
        <time>2026-05-04T00:09:22.0010000+00:00</time>
      </trkpt>
      <trkpt lat="46.64474" lon="7.72967">
        <ele>1096.23</ele>
        <time>2026-05-04T00:09:29.8540000+00:00</time>
      </trkpt>
      <trkpt lat="46.64479" lon="7.72971">
        <ele>1096.88</ele>
        <time>2026-05-04T00:09:38.3530000+00:00</time>
      </trkpt>
      <trkpt lat="46.64483" lon="7.72975">
        <ele>1097.54</ele>
        <time>2026-05-04T00:09:45.5800000+00:00</time>
      </trkpt>
      <trkpt lat="46.64487" lon="7.72979">
        <ele>1098.2</ele>
        <time>2026-05-04T00:09:52.8090000+00:00</time>
      </trkpt>
      <trkpt lat="46.64491" lon="7.72984">
        <ele>1099.03</ele>
        <time>2026-05-04T00:10:00.6620000+00:00</time>
      </trkpt>
      <trkpt lat="46.64494" lon="7.72986">
        <ele>1099.39</ele>
        <time>2026-05-04T00:10:05.5750000+00:00</time>
      </trkpt>
      <trkpt lat="46.64497" lon="7.7299">
        <ele>1100.06</ele>
        <time>2026-05-04T00:10:11.6330000+00:00</time>
      </trkpt>
      <trkpt lat="46.64502" lon="7.72991">
        <ele>1100.3</ele>
        <time>2026-05-04T00:10:19.1530000+00:00</time>
      </trkpt>
      <trkpt lat="46.64507" lon="7.72989">
        <ele>1100.05</ele>
        <time>2026-05-04T00:10:26.8790000+00:00</time>
      </trkpt>
      <trkpt lat="46.64512" lon="7.72987">
        <ele>1099.79</ele>
        <time>2026-05-04T00:10:34.6040000+00:00</time>
      </trkpt>
      <trkpt lat="46.64514" lon="7.72986">
        <ele>1099.66</ele>
        <time>2026-05-04T00:10:37.7560000+00:00</time>
      </trkpt>
      <trkpt lat="46.6452" lon="7.72984">
        <ele>1099.41</ele>
        <time>2026-05-04T00:10:46.9260000+00:00</time>
      </trkpt>
      <trkpt lat="46.64523" lon="7.72985">
        <ele>1099.61</ele>
        <time>2026-05-04T00:10:51.5120000+00:00</time>
      </trkpt>
      <trkpt lat="46.64526" lon="7.72984">
        <ele>1099.48</ele>
        <time>2026-05-04T00:10:56.0990000+00:00</time>
      </trkpt>
      <trkpt lat="46.64531" lon="7.72988">
        <ele>1099.82</ele>
        <time>2026-05-04T00:11:04.5980000+00:00</time>
      </trkpt>
      <trkpt lat="46.64534" lon="7.72991">
        <ele>1099.5</ele>
        <time>2026-05-04T00:11:10.0180000+00:00</time>
      </trkpt>
      <trkpt lat="46.64534" lon="7.72994">
        <ele>1099.99</ele>
        <time>2026-05-04T00:11:13.0870000+00:00</time>
      </trkpt>
      <trkpt lat="46.64537" lon="7.73001">
        <ele>1100.27</ele>
        <time>2026-05-04T00:11:21.5270000+00:00</time>
      </trkpt>
      <trkpt lat="46.6454" lon="7.73006">
        <ele>1100.19</ele>
        <time>2026-05-04T00:11:28.3190000+00:00</time>
      </trkpt>
      <trkpt lat="46.64544" lon="7.73016">
        <ele>1100.52</ele>
        <time>2026-05-04T00:11:40.1570000+00:00</time>
      </trkpt>
      <trkpt lat="46.64547" lon="7.73024">
        <ele>1100.66</ele>
        <time>2026-05-04T00:11:49.4820000+00:00</time>
      </trkpt>
      <trkpt lat="46.6455" lon="7.73036">
        <ele>1100.55</ele>
        <time>2026-05-04T00:12:02.5440000+00:00</time>
      </trkpt>
      <trkpt lat="46.64556" lon="7.73048">
        <ele>1099.48</ele>
        <time>2026-05-04T00:12:17.7290000+00:00</time>
      </trkpt>
      <trkpt lat="46.64564" lon="7.73064">
        <ele>1098.03</ele>
        <time>2026-05-04T00:12:37.9750000+00:00</time>
      </trkpt>
      <trkpt lat="46.64566" lon="7.73075">
        <ele>1098.13</ele>
        <time>2026-05-04T00:12:49.6140000+00:00</time>
      </trkpt>
      <trkpt lat="46.6457" lon="7.73088">
        <ele>1097.71</ele>
        <time>2026-05-04T00:13:04.1850000+00:00</time>
      </trkpt>
      <trkpt lat="46.64572" lon="7.73094">
        <ele>1097.46</ele>
        <time>2026-05-04T00:13:11.0070000+00:00</time>
      </trkpt>
      <trkpt lat="46.64574" lon="7.7311">
        <ele>1097.38</ele>
        <time>2026-05-04T00:13:27.6410000+00:00</time>
      </trkpt>
      <trkpt lat="46.64574" lon="7.73123">
        <ele>1096.75</ele>
        <time>2026-05-04T00:13:40.9370000+00:00</time>
      </trkpt>
      <trkpt lat="46.64573" lon="7.73134">
        <ele>1096.54</ele>
        <time>2026-05-04T00:13:52.2870000+00:00</time>
      </trkpt>
      <trkpt lat="46.64573" lon="7.73139">
        <ele>1096.3</ele>
        <time>2026-05-04T00:13:57.4020000+00:00</time>
      </trkpt>
      <trkpt lat="46.64572" lon="7.73152">
        <ele>1096</ele>
        <time>2026-05-04T00:14:10.7820000+00:00</time>
      </trkpt>
      <trkpt lat="46.64569" lon="7.73169">
        <ele>1096.21</ele>
        <time>2026-05-04T00:14:28.7350000+00:00</time>
      </trkpt>
      <trkpt lat="46.64567" lon="7.73183">
        <ele>1096.24</ele>
        <time>2026-05-04T00:14:43.3620000+00:00</time>
      </trkpt>
      <trkpt lat="46.64565" lon="7.73201">
        <ele>1095.83</ele>
        <time>2026-05-04T00:15:02.0130000+00:00</time>
      </trkpt>
      <trkpt lat="46.64563" lon="7.73224">
        <ele>1095</ele>
        <time>2026-05-04T00:15:25.7260000+00:00</time>
      </trkpt>
      <trkpt lat="46.6456" lon="7.73246">
        <ele>1094.66</ele>
        <time>2026-05-04T00:15:48.6680000+00:00</time>
      </trkpt>
      <trkpt lat="46.64557" lon="7.73264">
        <ele>1094.65</ele>
        <time>2026-05-04T00:16:07.6130000+00:00</time>
      </trkpt>
      <trkpt lat="46.64554" lon="7.73276">
        <ele>1094.96</ele>
        <time>2026-05-04T00:16:20.6750000+00:00</time>
      </trkpt>
      <trkpt lat="46.64554" lon="7.73286">
        <ele>1094.01</ele>
        <time>2026-05-04T00:16:30.9030000+00:00</time>
      </trkpt>
      <trkpt lat="46.6455" lon="7.73301">
        <ele>1094.23</ele>
        <time>2026-05-04T00:16:47.3620000+00:00</time>
      </trkpt>
      <trkpt lat="46.64547" lon="7.73319">
        <ele>1093.81</ele>
        <time>2026-05-04T00:17:06.3080000+00:00</time>
      </trkpt>
      <trkpt lat="46.64544" lon="7.73324">
        <ele>1094.6</ele>
        <time>2026-05-04T00:17:13.1010000+00:00</time>
      </trkpt>
      <trkpt lat="46.64538" lon="7.7333">
        <ele>1096.59</ele>
        <time>2026-05-04T00:17:23.9450000+00:00</time>
      </trkpt>
      <trkpt lat="46.64531" lon="7.73335">
        <ele>1099.12</ele>
        <time>2026-05-04T00:17:35.5610000+00:00</time>
      </trkpt>
      <trkpt lat="46.64528" lon="7.73336">
        <ele>1100.28</ele>
        <time>2026-05-04T00:17:40.1470000+00:00</time>
      </trkpt>
      <trkpt lat="46.6452" lon="7.73334">
        <ele>1103.67</ele>
        <time>2026-05-04T00:17:52.2410000+00:00</time>
      </trkpt>
      <trkpt lat="46.64513" lon="7.73335">
        <ele>1106.45</ele>
        <time>2026-05-04T00:18:02.7190000+00:00</time>
      </trkpt>
      <trkpt lat="46.64509" lon="7.73337">
        <ele>1107.98</ele>
        <time>2026-05-04T00:18:09.0210000+00:00</time>
      </trkpt>
      <trkpt lat="46.64502" lon="7.73337">
        <ele>1110.85</ele>
        <time>2026-05-04T00:18:19.4510000+00:00</time>
      </trkpt>
      <trkpt lat="46.64497" lon="7.7334">
        <ele>1112.83</ele>
        <time>2026-05-04T00:18:27.5090000+00:00</time>
      </trkpt>
      <trkpt lat="46.64491" lon="7.73347">
        <ele>1115.23</ele>
        <time>2026-05-04T00:18:38.9610000+00:00</time>
      </trkpt>
      <trkpt lat="46.64486" lon="7.73352">
        <ele>1117.36</ele>
        <time>2026-05-04T00:18:47.9970000+00:00</time>
      </trkpt>
      <trkpt lat="46.64479" lon="7.73367">
        <ele>1119.07</ele>
        <time>2026-05-04T00:19:06.5490000+00:00</time>
      </trkpt>
      <trkpt lat="46.6447" lon="7.73384">
        <ele>1121.29</ele>
        <time>2026-05-04T00:19:28.5070000+00:00</time>
      </trkpt>
      <trkpt lat="46.64464" lon="7.73395">
        <ele>1123.01</ele>
        <time>2026-05-04T00:19:42.8770000+00:00</time>
      </trkpt>
      <trkpt lat="46.6446" lon="7.73401">
        <ele>1124.37</ele>
        <time>2026-05-04T00:19:51.4310000+00:00</time>
      </trkpt>
      <trkpt lat="46.64457" lon="7.73404">
        <ele>1125.57</ele>
        <time>2026-05-04T00:19:56.8520000+00:00</time>
      </trkpt>
      <trkpt lat="46.64454" lon="7.73407">
        <ele>1126.79</ele>
        <time>2026-05-04T00:20:02.2730000+00:00</time>
      </trkpt>
      <trkpt lat="46.64449" lon="7.7341">
        <ele>1129.05</ele>
        <time>2026-05-04T00:20:10.3290000+00:00</time>
      </trkpt>
      <trkpt lat="46.64445" lon="7.73412">
        <ele>1130.59</ele>
        <time>2026-05-04T00:20:16.6290000+00:00</time>
      </trkpt>
      <trkpt lat="46.64437" lon="7.73414">
        <ele>1132.53</ele>
        <time>2026-05-04T00:20:28.7220000+00:00</time>
      </trkpt>
      <trkpt lat="46.6443" lon="7.73416">
        <ele>1134.29</ele>
        <time>2026-05-04T00:20:39.3510000+00:00</time>
      </trkpt>
      <trkpt lat="46.64427" lon="7.73418">
        <ele>1135.02</ele>
        <time>2026-05-04T00:20:44.2670000+00:00</time>
      </trkpt>
      <trkpt lat="46.64424" lon="7.73422">
        <ele>1135.72</ele>
        <time>2026-05-04T00:20:50.3280000+00:00</time>
      </trkpt>
      <trkpt lat="46.6442" lon="7.73428">
        <ele>1136.74</ele>
        <time>2026-05-04T00:20:58.8840000+00:00</time>
      </trkpt>
      <trkpt lat="46.64417" lon="7.73432">
        <ele>1137.58</ele>
        <time>2026-05-04T00:21:04.9440000+00:00</time>
      </trkpt>
      <trkpt lat="46.64419" lon="7.73435">
        <ele>1136.92</ele>
        <time>2026-05-04T00:21:09.2200000+00:00</time>
      </trkpt>
      <trkpt lat="46.6442" lon="7.73439">
        <ele>1136.51</ele>
        <time>2026-05-04T00:21:13.5750000+00:00</time>
      </trkpt>
      <trkpt lat="46.64419" lon="7.73443">
        <ele>1136.58</ele>
        <time>2026-05-04T00:21:17.9300000+00:00</time>
      </trkpt>
      <trkpt lat="46.64417" lon="7.73447">
        <ele>1136.98</ele>
        <time>2026-05-04T00:21:22.9910000+00:00</time>
      </trkpt>
      <trkpt lat="46.64415" lon="7.7345">
        <ele>1137.44</ele>
        <time>2026-05-04T00:21:27.2690000+00:00</time>
      </trkpt>
      <trkpt lat="46.64412" lon="7.73451">
        <ele>1138.36</ele>
        <time>2026-05-04T00:21:31.8550000+00:00</time>
      </trkpt>
      <trkpt lat="46.64408" lon="7.73452">
        <ele>1139.61</ele>
        <time>2026-05-04T00:21:37.9020000+00:00</time>
      </trkpt>
      <trkpt lat="46.64404" lon="7.73452">
        <ele>1140.92</ele>
        <time>2026-05-04T00:21:43.8620000+00:00</time>
      </trkpt>
      <trkpt lat="46.64402" lon="7.73455">
        <ele>1141.4</ele>
        <time>2026-05-04T00:21:48.1380000+00:00</time>
      </trkpt>
      <trkpt lat="46.644" lon="7.73457">
        <ele>1141.94</ele>
        <time>2026-05-04T00:21:51.7540000+00:00</time>
      </trkpt>
      <trkpt lat="46.64394" lon="7.73461">
        <ele>1143.69</ele>
        <time>2026-05-04T00:22:01.5850000+00:00</time>
      </trkpt>
      <trkpt lat="46.64386" lon="7.73467">
        <ele>1146.01</ele>
        <time>2026-05-04T00:22:14.9910000+00:00</time>
      </trkpt>
      <trkpt lat="46.64379" lon="7.73472">
        <ele>1148.07</ele>
        <time>2026-05-04T00:22:26.6070000+00:00</time>
      </trkpt>
      <trkpt lat="46.64375" lon="7.73478">
        <ele>1149.1</ele>
        <time>2026-05-04T00:22:35.1630000+00:00</time>
      </trkpt>
      <trkpt lat="46.6437" lon="7.73487">
        <ele>1150.33</ele>
        <time>2026-05-04T00:22:47.0060000+00:00</time>
      </trkpt>
      <trkpt lat="46.64366" lon="7.73496">
        <ele>1151.24</ele>
        <time>2026-05-04T00:22:57.9720000+00:00</time>
      </trkpt>
      <trkpt lat="46.64364" lon="7.73507">
        <ele>1151.39</ele>
        <time>2026-05-04T00:23:09.6120000+00:00</time>
      </trkpt>
      <trkpt lat="46.64362" lon="7.73519">
        <ele>1151.45</ele>
        <time>2026-05-04T00:23:22.2420000+00:00</time>
      </trkpt>
      <trkpt lat="46.6436" lon="7.73528">
        <ele>1151.43</ele>
        <time>2026-05-04T00:23:31.9180000+00:00</time>
      </trkpt>
      <trkpt lat="46.64357" lon="7.73533">
        <ele>1151.98</ele>
        <time>2026-05-04T00:23:38.7110000+00:00</time>
      </trkpt>
      <trkpt lat="46.64353" lon="7.7354">
        <ele>1152.74</ele>
        <time>2026-05-04T00:23:48.0270000+00:00</time>
      </trkpt>
      <trkpt lat="46.64344" lon="7.7355">
        <ele>1155.06</ele>
        <time>2026-05-04T00:24:04.8930000+00:00</time>
      </trkpt>
      <trkpt lat="46.64333" lon="7.73563">
        <ele>1158.17</ele>
        <time>2026-05-04T00:24:25.9980000+00:00</time>
      </trkpt>
      <trkpt lat="46.64329" lon="7.73569">
        <ele>1159.35</ele>
        <time>2026-05-04T00:24:34.5530000+00:00</time>
      </trkpt>
      <trkpt lat="46.64323" lon="7.73578">
        <ele>1161.22</ele>
        <time>2026-05-04T00:24:47.3850000+00:00</time>
      </trkpt>
      <trkpt lat="46.64317" lon="7.73587">
        <ele>1163.24</ele>
        <time>2026-05-04T00:25:00.2180000+00:00</time>
      </trkpt>
      <trkpt lat="46.64309" lon="7.73599">
        <ele>1166.15</ele>
        <time>2026-05-04T00:25:17.3270000+00:00</time>
      </trkpt>
      <trkpt lat="46.643" lon="7.73613">
        <ele>1169.05</ele>
        <time>2026-05-04T00:25:36.9460000+00:00</time>
      </trkpt>
      <trkpt lat="46.64293" lon="7.73626">
        <ele>1170.78</ele>
        <time>2026-05-04T00:25:53.8450000+00:00</time>
      </trkpt>
      <trkpt lat="46.64286" lon="7.7364">
        <ele>1172.48</ele>
        <time>2026-05-04T00:26:11.5610000+00:00</time>
      </trkpt>
      <trkpt lat="46.64279" lon="7.73656">
        <ele>1174.04</ele>
        <time>2026-05-04T00:26:30.9680000+00:00</time>
      </trkpt>
      <trkpt lat="46.64272" lon="7.7367">
        <ele>1175.95</ele>
        <time>2026-05-04T00:26:48.6830000+00:00</time>
      </trkpt>
      <trkpt lat="46.64265" lon="7.73686">
        <ele>1178.37</ele>
        <time>2026-05-04T00:27:08.0900000+00:00</time>
      </trkpt>
      <trkpt lat="46.6426" lon="7.73696">
        <ele>1180.12</ele>
        <time>2026-05-04T00:27:20.7440000+00:00</time>
      </trkpt>
      <trkpt lat="46.64258" lon="7.737">
        <ele>1180.75</ele>
        <time>2026-05-04T00:27:25.8070000+00:00</time>
      </trkpt>
      <trkpt lat="46.64254" lon="7.73704">
        <ele>1182.35</ele>
        <time>2026-05-04T00:27:33.0350000+00:00</time>
      </trkpt>
      <trkpt lat="46.64247" lon="7.73711">
        <ele>1185.1</ele>
        <time>2026-05-04T00:27:45.6850000+00:00</time>
      </trkpt>
      <trkpt lat="46.64242" lon="7.73717">
        <ele>1186.93</ele>
        <time>2026-05-04T00:27:55.3370000+00:00</time>
      </trkpt>
      <trkpt lat="46.64237" lon="7.73724">
        <ele>1188.63</ele>
        <time>2026-05-04T00:28:05.6700000+00:00</time>
      </trkpt>
      <trkpt lat="46.64232" lon="7.73729">
        <ele>1190.5</ele>
        <time>2026-05-04T00:28:14.7060000+00:00</time>
      </trkpt>
      <trkpt lat="46.64226" lon="7.73735">
        <ele>1192.69</ele>
        <time>2026-05-04T00:28:25.5500000+00:00</time>
      </trkpt>
      <trkpt lat="46.64214" lon="7.73745">
        <ele>1197.18</ele>
        <time>2026-05-04T00:28:46.1480000+00:00</time>
      </trkpt>
      <trkpt lat="46.64206" lon="7.73753">
        <ele>1199.94</ele>
        <time>2026-05-04T00:29:00.6050000+00:00</time>
      </trkpt>
      <trkpt lat="46.64195" lon="7.73766">
        <ele>1203.32</ele>
        <time>2026-05-04T00:29:21.7110000+00:00</time>
      </trkpt>
      <trkpt lat="46.64184" lon="7.7378">
        <ele>1206.76</ele>
        <time>2026-05-04T00:29:43.4750000+00:00</time>
      </trkpt>
      <trkpt lat="46.64178" lon="7.73788">
        <ele>1208.84</ele>
        <time>2026-05-04T00:29:55.5940000+00:00</time>
      </trkpt>
      <trkpt lat="46.64174" lon="7.73794">
        <ele>1210.25</ele>
        <time>2026-05-04T00:30:04.1490000+00:00</time>
      </trkpt>
      <trkpt lat="46.64171" lon="7.73802">
        <ele>1211.13</ele>
        <time>2026-05-04T00:30:13.4730000+00:00</time>
      </trkpt>
      <trkpt lat="46.64168" lon="7.73809">
        <ele>1212.13</ele>
        <time>2026-05-04T00:30:21.9130000+00:00</time>
      </trkpt>
      <trkpt lat="46.64163" lon="7.73816">
        <ele>1214.16</ele>
        <time>2026-05-04T00:30:32.2450000+00:00</time>
      </trkpt>
      <trkpt lat="46.64155" lon="7.73826">
        <ele>1217.66</ele>
        <time>2026-05-04T00:30:47.9530000+00:00</time>
      </trkpt>
      <trkpt lat="46.64146" lon="7.73838">
        <ele>1221.82</ele>
        <time>2026-05-04T00:31:06.1320000+00:00</time>
      </trkpt>
      <trkpt lat="46.64139" lon="7.73845">
        <ele>1225.29</ele>
        <time>2026-05-04T00:31:18.7830000+00:00</time>
      </trkpt>
      <trkpt lat="46.64134" lon="7.7385">
        <ele>1227.86</ele>
        <time>2026-05-04T00:31:27.8200000+00:00</time>
      </trkpt>
      <trkpt lat="46.64129" lon="7.73856">
        <ele>1230.61</ele>
        <time>2026-05-04T00:31:37.4720000+00:00</time>
      </trkpt>
      <trkpt lat="46.64122" lon="7.73865">
        <ele>1235.75</ele>
        <time>2026-05-04T00:31:51.3830000+00:00</time>
      </trkpt>
      <trkpt lat="46.64116" lon="7.73871">
        <ele>1239.96</ele>
        <time>2026-05-04T00:32:02.2270000+00:00</time>
      </trkpt>
      <trkpt lat="46.64112" lon="7.73876">
        <ele>1242.68</ele>
        <time>2026-05-04T00:32:10.0810000+00:00</time>
      </trkpt>
      <trkpt lat="46.64109" lon="7.7388">
        <ele>1244.32</ele>
        <time>2026-05-04T00:32:16.1410000+00:00</time>
      </trkpt>
      <trkpt lat="46.64106" lon="7.73886">
        <ele>1246.3</ele>
        <time>2026-05-04T00:32:23.7340000+00:00</time>
      </trkpt>
      <trkpt lat="46.64103" lon="7.7389">
        <ele>1247.97</ele>
        <time>2026-05-04T00:32:29.7930000+00:00</time>
      </trkpt>
      <trkpt lat="46.641" lon="7.73892">
        <ele>1249.33</ele>
        <time>2026-05-04T00:32:34.7100000+00:00</time>
      </trkpt>
      <trkpt lat="46.64099" lon="7.73894">
        <ele>1250.01</ele>
        <time>2026-05-04T00:32:37.2410000+00:00</time>
      </trkpt>
      <trkpt lat="46.64099" lon="7.73896">
        <ele>1250.34</ele>
        <time>2026-05-04T00:32:39.2850000+00:00</time>
      </trkpt>
      <trkpt lat="46.64098" lon="7.73899">
        <ele>1251.18</ele>
        <time>2026-05-04T00:32:42.6950000+00:00</time>
      </trkpt>
      <trkpt lat="46.641" lon="7.739">
        <ele>1250.64</ele>
        <time>2026-05-04T00:32:45.8470000+00:00</time>
      </trkpt>
      <trkpt lat="46.64102" lon="7.73902">
        <ele>1250.27</ele>
        <time>2026-05-04T00:32:49.4630000+00:00</time>
      </trkpt>
      <trkpt lat="46.64104" lon="7.73904">
        <ele>1249.89</ele>
        <time>2026-05-04T00:32:53.0790000+00:00</time>
      </trkpt>
      <trkpt lat="46.64105" lon="7.73906">
        <ele>1249.86</ele>
        <time>2026-05-04T00:32:55.6100000+00:00</time>
      </trkpt>
      <trkpt lat="46.64105" lon="7.73909">
        <ele>1250.34</ele>
        <time>2026-05-04T00:32:58.6790000+00:00</time>
      </trkpt>
      <trkpt lat="46.64104" lon="7.73912">
        <ele>1251.18</ele>
        <time>2026-05-04T00:33:02.0900000+00:00</time>
      </trkpt>
      <trkpt lat="46.64103" lon="7.73915">
        <ele>1252.02</ele>
        <time>2026-05-04T00:33:05.5030000+00:00</time>
      </trkpt>
      <trkpt lat="46.64102" lon="7.73918">
        <ele>1252.87</ele>
        <time>2026-05-04T00:33:08.9160000+00:00</time>
      </trkpt>
      <trkpt lat="46.64102" lon="7.73921">
        <ele>1253.36</ele>
        <time>2026-05-04T00:33:11.9880000+00:00</time>
      </trkpt>
      <trkpt lat="46.64102" lon="7.73927">
        <ele>1254.33</ele>
        <time>2026-05-04T00:33:18.1270000+00:00</time>
      </trkpt>
      <trkpt lat="46.641" lon="7.73934">
        <ele>1256.21</ele>
        <time>2026-05-04T00:33:25.8830000+00:00</time>
      </trkpt>
      <trkpt lat="46.64096" lon="7.73942">
        <ele>1258.89</ele>
        <time>2026-05-04T00:33:36.0060000+00:00</time>
      </trkpt>
      <trkpt lat="46.64093" lon="7.73945">
        <ele>1260.39</ele>
        <time>2026-05-04T00:33:41.4290000+00:00</time>
      </trkpt>
      <trkpt lat="46.64086" lon="7.7396">
        <ele>1264.91</ele>
        <time>2026-05-04T00:33:59.9810000+00:00</time>
      </trkpt>
      <trkpt lat="46.64083" lon="7.7397">
        <ele>1267.3</ele>
        <time>2026-05-04T00:34:11.1450000+00:00</time>
      </trkpt>
      <trkpt lat="46.6408" lon="7.73982">
        <ele>1269.93</ele>
        <time>2026-05-04T00:34:24.2090000+00:00</time>
      </trkpt>
      <trkpt lat="46.64076" lon="7.73996">
        <ele>1273.17</ele>
        <time>2026-05-04T00:34:39.7200000+00:00</time>
      </trkpt>
      <trkpt lat="46.64072" lon="7.74012">
        <ele>1276.64</ele>
        <time>2026-05-04T00:34:57.1380000+00:00</time>
      </trkpt>
      <trkpt lat="46.64072" lon="7.74021">
        <ele>1277.78</ele>
        <time>2026-05-04T00:35:06.3430000+00:00</time>
      </trkpt>
      <trkpt lat="46.6407" lon="7.74034">
        <ele>1277.94</ele>
        <time>2026-05-04T00:35:19.9710000+00:00</time>
      </trkpt>
      <trkpt lat="46.64068" lon="7.74044">
        <ele>1278.2</ele>
        <time>2026-05-04T00:35:30.6250000+00:00</time>
      </trkpt>
      <trkpt lat="46.64067" lon="7.7405">
        <ele>1278.3</ele>
        <time>2026-05-04T00:35:36.9420000+00:00</time>
      </trkpt>
      <trkpt lat="46.64063" lon="7.74062">
        <ele>1279.37</ele>
        <time>2026-05-04T00:35:50.5870000+00:00</time>
      </trkpt>
      <trkpt lat="46.64062" lon="7.74063">
        <ele>1279.74</ele>
        <time>2026-05-04T00:35:52.3950000+00:00</time>
      </trkpt>
      <trkpt lat="46.64062" lon="7.74071">
        <ele>1279.41</ele>
        <time>2026-05-04T00:36:00.5800000+00:00</time>
      </trkpt>
      <trkpt lat="46.6406" lon="7.74084">
        <ele>1279.75</ele>
        <time>2026-05-04T00:36:14.2080000+00:00</time>
      </trkpt>
      <trkpt lat="46.64058" lon="7.74087">
        <ele>1280.53</ele>
        <time>2026-05-04T00:36:18.4860000+00:00</time>
      </trkpt>
      <trkpt lat="46.64056" lon="7.74093">
        <ele>1281.21</ele>
        <time>2026-05-04T00:36:25.3090000+00:00</time>
      </trkpt>
      <trkpt lat="46.64048" lon="7.74106">
        <ele>1284.55</ele>
        <time>2026-05-04T00:36:43.1670000+00:00</time>
      </trkpt>
      <trkpt lat="46.64046" lon="7.7411">
        <ele>1285.46</ele>
        <time>2026-05-04T00:36:48.2290000+00:00</time>
      </trkpt>
      <trkpt lat="46.64042" lon="7.74113">
        <ele>1287.33</ele>
        <time>2026-05-04T00:36:54.9340000+00:00</time>
      </trkpt>
      <trkpt lat="46.64037" lon="7.74116">
        <ele>1289.68</ele>
        <time>2026-05-04T00:37:02.9910000+00:00</time>
      </trkpt>
      <trkpt lat="46.64033" lon="7.7412">
        <ele>1291.56</ele>
        <time>2026-05-04T00:37:10.2180000+00:00</time>
      </trkpt>
      <trkpt lat="46.64028" lon="7.74125">
        <ele>1293.83</ele>
        <time>2026-05-04T00:37:19.2550000+00:00</time>
      </trkpt>
      <trkpt lat="46.64024" lon="7.74132">
        <ele>1295.62</ele>
        <time>2026-05-04T00:37:28.5710000+00:00</time>
      </trkpt>
      <trkpt lat="46.64017" lon="7.74144">
        <ele>1299.07</ele>
        <time>2026-05-04T00:37:44.6780000+00:00</time>
      </trkpt>
      <trkpt lat="46.64012" lon="7.74155">
        <ele>1301.9</ele>
        <time>2026-05-04T00:37:58.1730000+00:00</time>
      </trkpt>
      <trkpt lat="46.64005" lon="7.7417">
        <ele>1306.28</ele>
        <time>2026-05-04T00:38:16.7250000+00:00</time>
      </trkpt>
      <trkpt lat="46.63999" lon="7.74183">
        <ele>1310.46</ele>
        <time>2026-05-04T00:38:32.7480000+00:00</time>
      </trkpt>
      <trkpt lat="46.63994" lon="7.74193">
        <ele>1313.95</ele>
        <time>2026-05-04T00:38:45.4020000+00:00</time>
      </trkpt>
      <trkpt lat="46.63989" lon="7.74201">
        <ele>1317.16</ele>
        <time>2026-05-04T00:38:56.4680000+00:00</time>
      </trkpt>
      <trkpt lat="46.63981" lon="7.74212">
        <ele>1322.21</ele>
        <time>2026-05-04T00:39:12.8590000+00:00</time>
      </trkpt>
      <trkpt lat="46.63974" lon="7.7422">
        <ele>1326.54</ele>
        <time>2026-05-04T00:39:26.1160000+00:00</time>
      </trkpt>
      <trkpt lat="46.63964" lon="7.74231">
        <ele>1332.68</ele>
        <time>2026-05-04T00:39:44.7870000+00:00</time>
      </trkpt>
      <trkpt lat="46.63956" lon="7.74237">
        <ele>1337.47</ele>
        <time>2026-05-04T00:39:58.1930000+00:00</time>
      </trkpt>
      <trkpt lat="46.63949" lon="7.74243">
        <ele>1341.67</ele>
        <time>2026-05-04T00:40:10.2940000+00:00</time>
      </trkpt>
      <trkpt lat="46.6394" lon="7.74251">
        <ele>1345.2</ele>
        <time>2026-05-04T00:40:26.0040000+00:00</time>
      </trkpt>
      <trkpt lat="46.63936" lon="7.74254">
        <ele>1346.54</ele>
        <time>2026-05-04T00:40:32.7080000+00:00</time>
      </trkpt>
      <trkpt lat="46.63933" lon="7.74259">
        <ele>1347.77</ele>
        <time>2026-05-04T00:40:39.5010000+00:00</time>
      </trkpt>
      <trkpt lat="46.6393" lon="7.74265">
        <ele>1349.14</ele>
        <time>2026-05-04T00:40:47.0940000+00:00</time>
      </trkpt>
      <trkpt lat="46.63926" lon="7.74274">
        <ele>1350.99</ele>
        <time>2026-05-04T00:40:58.0610000+00:00</time>
      </trkpt>
      <trkpt lat="46.63923" lon="7.74283">
        <ele>1352.17</ele>
        <time>2026-05-04T00:41:08.2960000+00:00</time>
      </trkpt>
      <trkpt lat="46.63921" lon="7.7429">
        <ele>1353.03</ele>
        <time>2026-05-04T00:41:16.0520000+00:00</time>
      </trkpt>
      <trkpt lat="46.6392" lon="7.74301">
        <ele>1353.64</ele>
        <time>2026-05-04T00:41:27.4030000+00:00</time>
      </trkpt>
      <trkpt lat="46.63918" lon="7.74307">
        <ele>1354.57</ele>
        <time>2026-05-04T00:41:34.2240000+00:00</time>
      </trkpt>
      <trkpt lat="46.63917" lon="7.74311">
        <ele>1355.08</ele>
        <time>2026-05-04T00:41:38.5790000+00:00</time>
      </trkpt>
      <trkpt lat="46.63913" lon="7.7432">
        <ele>1357</ele>
        <time>2026-05-04T00:41:49.5470000+00:00</time>
      </trkpt>
      <trkpt lat="46.63909" lon="7.74329">
        <ele>1359.06</ele>
        <time>2026-05-04T00:42:00.5140000+00:00</time>
      </trkpt>
      <trkpt lat="46.63908" lon="7.74335">
        <ele>1359.75</ele>
        <time>2026-05-04T00:42:06.8300000+00:00</time>
      </trkpt>
      <trkpt lat="46.63907" lon="7.74341">
        <ele>1360.46</ele>
        <time>2026-05-04T00:42:13.1460000+00:00</time>
      </trkpt>
      <trkpt lat="46.63906" lon="7.7435">
        <ele>1361.34</ele>
        <time>2026-05-04T00:42:22.4730000+00:00</time>
      </trkpt>
      <trkpt lat="46.63906" lon="7.7436">
        <ele>1361.78</ele>
        <time>2026-05-04T00:42:32.7030000+00:00</time>
      </trkpt>
      <trkpt lat="46.63904" lon="7.74371">
        <ele>1363.22</ele>
        <time>2026-05-04T00:42:44.3440000+00:00</time>
      </trkpt>
      <trkpt lat="46.63902" lon="7.74383">
        <ele>1364.73</ele>
        <time>2026-05-04T00:42:56.9750000+00:00</time>
      </trkpt>
      <trkpt lat="46.63899" lon="7.74392">
        <ele>1366.65</ele>
        <time>2026-05-04T00:43:07.2090000+00:00</time>
      </trkpt>
      <trkpt lat="46.63895" lon="7.74404">
        <ele>1369.27</ele>
        <time>2026-05-04T00:43:20.8550000+00:00</time>
      </trkpt>
      <trkpt lat="46.63891" lon="7.74418">
        <ele>1372.07</ele>
        <time>2026-05-04T00:43:36.3670000+00:00</time>
      </trkpt>
      <trkpt lat="46.63888" lon="7.74428">
        <ele>1374.19</ele>
        <time>2026-05-04T00:43:47.5300000+00:00</time>
      </trkpt>
      <trkpt lat="46.63886" lon="7.74439">
        <ele>1375.75</ele>
        <time>2026-05-04T00:43:59.1700000+00:00</time>
      </trkpt>
      <trkpt lat="46.63884" lon="7.74455">
        <ele>1375.82</ele>
        <time>2026-05-04T00:44:15.8060000+00:00</time>
      </trkpt>
      <trkpt lat="46.63883" lon="7.74466">
        <ele>1375.65</ele>
        <time>2026-05-04T00:44:27.1570000+00:00</time>
      </trkpt>
      <trkpt lat="46.63881" lon="7.74473">
        <ele>1376.26</ele>
        <time>2026-05-04T00:44:34.9140000+00:00</time>
      </trkpt>
      <trkpt lat="46.63874" lon="7.74489">
        <ele>1378.85</ele>
        <time>2026-05-04T00:44:54.3210000+00:00</time>
      </trkpt>
      <trkpt lat="46.6387" lon="7.74498">
        <ele>1380.3</ele>
        <time>2026-05-04T00:45:05.2890000+00:00</time>
      </trkpt>
      <trkpt lat="46.63867" lon="7.74504">
        <ele>1381.42</ele>
        <time>2026-05-04T00:45:12.8810000+00:00</time>
      </trkpt>
      <trkpt lat="46.63865" lon="7.74509">
        <ele>1382.09</ele>
        <time>2026-05-04T00:45:18.7990000+00:00</time>
      </trkpt>
      <trkpt lat="46.63864" lon="7.74518">
        <ele>1381.95</ele>
        <time>2026-05-04T00:45:28.1260000+00:00</time>
      </trkpt>
      <trkpt lat="46.63866" lon="7.74525">
        <ele>1380.17</ele>
        <time>2026-05-04T00:45:35.8820000+00:00</time>
      </trkpt>
      <trkpt lat="46.63867" lon="7.74539">
        <ele>1377.67</ele>
        <time>2026-05-04T00:45:50.2820000+00:00</time>
      </trkpt>
      <trkpt lat="46.63866" lon="7.74547">
        <ele>1377.03</ele>
        <time>2026-05-04T00:45:58.6000000+00:00</time>
      </trkpt>
      <trkpt lat="46.63862" lon="7.74554">
        <ele>1377.71</ele>
        <time>2026-05-04T00:46:07.9160000+00:00</time>
      </trkpt>
      <trkpt lat="46.63856" lon="7.74562">
        <ele>1378.36</ele>
        <time>2026-05-04T00:46:20.0350000+00:00</time>
      </trkpt>
      <trkpt lat="46.6385" lon="7.74567">
        <ele>1379.44</ele>
        <time>2026-05-04T00:46:30.3350000+00:00</time>
      </trkpt>
      <trkpt lat="46.63846" lon="7.74571">
        <ele>1380.07</ele>
        <time>2026-05-04T00:46:37.5640000+00:00</time>
      </trkpt>
      <trkpt lat="46.63842" lon="7.74574">
        <ele>1380.83</ele>
        <time>2026-05-04T00:46:44.2660000+00:00</time>
      </trkpt>
      <trkpt lat="46.63837" lon="7.74576">
        <ele>1382.05</ele>
        <time>2026-05-04T00:46:51.9910000+00:00</time>
      </trkpt>
      <trkpt lat="46.63831" lon="7.7458">
        <ele>1383.27</ele>
        <time>2026-05-04T00:47:01.8220000+00:00</time>
      </trkpt>
      <trkpt lat="46.63826" lon="7.74582">
        <ele>1384.49</ele>
        <time>2026-05-04T00:47:09.5470000+00:00</time>
      </trkpt>
      <trkpt lat="46.63822" lon="7.74586">
        <ele>1385.11</ele>
        <time>2026-05-04T00:47:16.7760000+00:00</time>
      </trkpt>
      <trkpt lat="46.63819" lon="7.7459">
        <ele>1385.43</ele>
        <time>2026-05-04T00:47:22.8350000+00:00</time>
      </trkpt>
      <trkpt lat="46.63815" lon="7.74596">
        <ele>1385.77</ele>
        <time>2026-05-04T00:47:31.3910000+00:00</time>
      </trkpt>
      <trkpt lat="46.63809" lon="7.74603">
        <ele>1386.56</ele>
        <time>2026-05-04T00:47:42.8450000+00:00</time>
      </trkpt>
      <trkpt lat="46.63804" lon="7.74608">
        <ele>1386.79</ele>
        <time>2026-05-04T00:47:51.8830000+00:00</time>
      </trkpt>
      <trkpt lat="46.63799" lon="7.74611">
        <ele>1387.34</ele>
        <time>2026-05-04T00:47:59.9400000+00:00</time>
      </trkpt>
      <trkpt lat="46.63794" lon="7.74613">
        <ele>1388.16</ele>
        <time>2026-05-04T00:48:07.6660000+00:00</time>
      </trkpt>
      <trkpt lat="46.63789" lon="7.74616">
        <ele>1388.63</ele>
        <time>2026-05-04T00:48:15.7230000+00:00</time>
      </trkpt>
      <trkpt lat="46.63785" lon="7.74619">
        <ele>1388.78</ele>
        <time>2026-05-04T00:48:22.4280000+00:00</time>
      </trkpt>
      <trkpt lat="46.63781" lon="7.74624">
        <ele>1388.22</ele>
        <time>2026-05-04T00:48:30.2810000+00:00</time>
      </trkpt>
      <trkpt lat="46.63777" lon="7.7463">
        <ele>1387.06</ele>
        <time>2026-05-04T00:48:38.8370000+00:00</time>
      </trkpt>
      <trkpt lat="46.63773" lon="7.74637">
        <ele>1385.6</ele>
        <time>2026-05-04T00:48:48.1530000+00:00</time>
      </trkpt>
      <trkpt lat="46.63769" lon="7.74645">
        <ele>1383.91</ele>
        <time>2026-05-04T00:48:58.2770000+00:00</time>
      </trkpt>
      <trkpt lat="46.63766" lon="7.74649">
        <ele>1383.34</ele>
        <time>2026-05-04T00:49:04.3380000+00:00</time>
      </trkpt>
      <trkpt lat="46.63762" lon="7.74658">
        <ele>1381.53</ele>
        <time>2026-05-04T00:49:15.3050000+00:00</time>
      </trkpt>
      <trkpt lat="46.63759" lon="7.74664">
        <ele>1380.48</ele>
        <time>2026-05-04T00:49:22.8990000+00:00</time>
      </trkpt>
      <trkpt lat="46.63756" lon="7.74667">
        <ele>1380.37</ele>
        <time>2026-05-04T00:49:28.3200000+00:00</time>
      </trkpt>
      <trkpt lat="46.63752" lon="7.74669">
        <ele>1380.86</ele>
        <time>2026-05-04T00:49:34.6210000+00:00</time>
      </trkpt>
      <trkpt lat="46.63747" lon="7.74672">
        <ele>1381.36</ele>
        <time>2026-05-04T00:49:42.6780000+00:00</time>
      </trkpt>
      <trkpt lat="46.63739" lon="7.74677">
        <ele>1382.22</ele>
        <time>2026-05-04T00:49:55.6490000+00:00</time>
      </trkpt>
      <trkpt lat="46.63735" lon="7.74682">
        <ele>1382.05</ele>
        <time>2026-05-04T00:50:03.5020000+00:00</time>
      </trkpt>
      <trkpt lat="46.63731" lon="7.74687">
        <ele>1381.96</ele>
        <time>2026-05-04T00:50:11.3560000+00:00</time>
      </trkpt>
      <trkpt lat="46.63729" lon="7.74692">
        <ele>1381.35</ele>
        <time>2026-05-04T00:50:17.2760000+00:00</time>
      </trkpt>
      <trkpt lat="46.63727" lon="7.74699">
        <ele>1380.25</ele>
        <time>2026-05-04T00:50:25.0300000+00:00</time>
      </trkpt>
      <trkpt lat="46.63726" lon="7.74705">
        <ele>1379.08</ele>
        <time>2026-05-04T00:50:31.3460000+00:00</time>
      </trkpt>
      <trkpt lat="46.63724" lon="7.74708">
        <ele>1378.91</ele>
        <time>2026-05-04T00:50:35.6220000+00:00</time>
      </trkpt>
      <trkpt lat="46.63721" lon="7.74712">
        <ele>1378.75</ele>
        <time>2026-05-04T00:50:41.6810000+00:00</time>
      </trkpt>
      <trkpt lat="46.63716" lon="7.74716">
        <ele>1379.09</ele>
        <time>2026-05-04T00:50:50.1800000+00:00</time>
      </trkpt>
      <trkpt lat="46.63711" lon="7.74722">
        <ele>1378.87</ele>
        <time>2026-05-04T00:50:59.8320000+00:00</time>
      </trkpt>
      <trkpt lat="46.63709" lon="7.74723">
        <ele>1379.13</ele>
        <time>2026-05-04T00:51:02.9840000+00:00</time>
      </trkpt>
      <trkpt lat="46.63702" lon="7.74725">
        <ele>1380.41</ele>
        <time>2026-05-04T00:51:13.6130000+00:00</time>
      </trkpt>
      <trkpt lat="46.63697" lon="7.74728">
        <ele>1380.86</ele>
        <time>2026-05-04T00:51:21.6700000+00:00</time>
      </trkpt>
      <trkpt lat="46.63691" lon="7.74733">
        <ele>1381.41</ele>
        <time>2026-05-04T00:51:31.9690000+00:00</time>
      </trkpt>
      <trkpt lat="46.63687" lon="7.74738">
        <ele>1381.47</ele>
        <time>2026-05-04T00:51:39.8230000+00:00</time>
      </trkpt>
      <trkpt lat="46.63684" lon="7.74744">
        <ele>1381.04</ele>
        <time>2026-05-04T00:51:47.4160000+00:00</time>
      </trkpt>
      <trkpt lat="46.63681" lon="7.74752">
        <ele>1380.26</ele>
        <time>2026-05-04T00:51:56.7410000+00:00</time>
      </trkpt>
      <trkpt lat="46.63677" lon="7.74757">
        <ele>1380.68</ele>
        <time>2026-05-04T00:52:04.5930000+00:00</time>
      </trkpt>
      <trkpt lat="46.63668" lon="7.7477">
        <ele>1381.7</ele>
        <time>2026-05-04T00:52:23.4790000+00:00</time>
      </trkpt>
      <trkpt lat="46.63664" lon="7.74779">
        <ele>1382.66</ele>
        <time>2026-05-04T00:52:34.4460000+00:00</time>
      </trkpt>
      <trkpt lat="46.6366" lon="7.74787">
        <ele>1383.81</ele>
        <time>2026-05-04T00:52:44.5700000+00:00</time>
      </trkpt>
      <trkpt lat="46.63656" lon="7.74798">
        <ele>1384.75</ele>
        <time>2026-05-04T00:52:57.3030000+00:00</time>
      </trkpt>
      <trkpt lat="46.63651" lon="7.7481">
        <ele>1386.05</ele>
        <time>2026-05-04T00:53:11.6620000+00:00</time>
      </trkpt>
      <trkpt lat="46.63649" lon="7.74814">
        <ele>1386.62</ele>
        <time>2026-05-04T00:53:16.7250000+00:00</time>
      </trkpt>
      <trkpt lat="46.63649" lon="7.74816">
        <ele>1386.48</ele>
        <time>2026-05-04T00:53:18.7680000+00:00</time>
      </trkpt>
      <trkpt lat="46.63649" lon="7.74819">
        <ele>1386.26</ele>
        <time>2026-05-04T00:53:21.8370000+00:00</time>
      </trkpt>
      <trkpt lat="46.63647" lon="7.74822">
        <ele>1386.91</ele>
        <time>2026-05-04T00:53:26.1130000+00:00</time>
      </trkpt>
      <trkpt lat="46.63644" lon="7.74827">
        <ele>1387.85</ele>
        <time>2026-05-04T00:53:32.9060000+00:00</time>
      </trkpt>
      <trkpt lat="46.6364" lon="7.7484">
        <ele>1388.64</ele>
        <time>2026-05-04T00:53:47.4790000+00:00</time>
      </trkpt>
      <trkpt lat="46.63637" lon="7.74858">
        <ele>1388.56</ele>
        <time>2026-05-04T00:54:06.4280000+00:00</time>
      </trkpt>
      <trkpt lat="46.6363" lon="7.74871">
        <ele>1390.37</ele>
        <time>2026-05-04T00:54:23.3280000+00:00</time>
      </trkpt>
      <trkpt lat="46.63626" lon="7.74883">
        <ele>1390.96</ele>
        <time>2026-05-04T00:54:36.9740000+00:00</time>
      </trkpt>
      <trkpt lat="46.63623" lon="7.74894">
        <ele>1391.2</ele>
        <time>2026-05-04T00:54:49.0820000+00:00</time>
      </trkpt>
      <trkpt lat="46.63619" lon="7.74907">
        <ele>1391.67</ele>
        <time>2026-05-04T00:55:03.6570000+00:00</time>
      </trkpt>
      <trkpt lat="46.63615" lon="7.74918">
        <ele>1392.31</ele>
        <time>2026-05-04T00:55:16.3910000+00:00</time>
      </trkpt>
      <trkpt lat="46.63613" lon="7.74923">
        <ele>1392.56</ele>
        <time>2026-05-04T00:55:22.3110000+00:00</time>
      </trkpt>
      <trkpt lat="46.63609" lon="7.7494">
        <ele>1391.94</ele>
        <time>2026-05-04T00:55:40.6950000+00:00</time>
      </trkpt>
      <trkpt lat="46.63604" lon="7.74955">
        <ele>1391</ele>
        <time>2026-05-04T00:55:57.7530000+00:00</time>
      </trkpt>
      <trkpt lat="46.63599" lon="7.7497">
        <ele>1390.18</ele>
        <time>2026-05-04T00:56:14.8120000+00:00</time>
      </trkpt>
      <trkpt lat="46.63595" lon="7.7498">
        <ele>1389.93</ele>
        <time>2026-05-04T00:56:26.6520000+00:00</time>
      </trkpt>
      <trkpt lat="46.63587" lon="7.74997">
        <ele>1390.06</ele>
        <time>2026-05-04T00:56:47.7360000+00:00</time>
      </trkpt>
      <trkpt lat="46.63576" lon="7.75015">
        <ele>1391.36</ele>
        <time>2026-05-04T00:57:12.3870000+00:00</time>
      </trkpt>
      <trkpt lat="46.63569" lon="7.75026">
        <ele>1391.25</ele>
        <time>2026-05-04T00:57:27.7300000+00:00</time>
      </trkpt>
      <trkpt lat="46.63556" lon="7.75041">
        <ele>1390.48</ele>
        <time>2026-05-04T00:57:52.4410000+00:00</time>
      </trkpt>
      <trkpt lat="46.63546" lon="7.7505">
        <ele>1390.71</ele>
        <time>2026-05-04T00:58:09.9550000+00:00</time>
      </trkpt>
      <trkpt lat="46.63536" lon="7.75064">
        <ele>1389.01</ele>
        <time>2026-05-04T00:58:30.6220000+00:00</time>
      </trkpt>
      <trkpt lat="46.63521" lon="7.75083">
        <ele>1386.91</ele>
        <time>2026-05-04T00:59:00.2400000+00:00</time>
      </trkpt>
      <trkpt lat="46.63508" lon="7.751">
        <ele>1386.31</ele>
        <time>2026-05-04T00:59:26.2700000+00:00</time>
      </trkpt>
      <trkpt lat="46.63494" lon="7.75118">
        <ele>1387.86</ele>
        <time>2026-05-04T00:59:54.0950000+00:00</time>
      </trkpt>
      <trkpt lat="46.63485" lon="7.7513">
        <ele>1389.19</ele>
        <time>2026-05-04T01:00:12.2750000+00:00</time>
      </trkpt>
      <trkpt lat="46.63474" lon="7.75143">
        <ele>1391.43</ele>
        <time>2026-05-04T01:00:33.3820000+00:00</time>
      </trkpt>
      <trkpt lat="46.63466" lon="7.75156">
        <ele>1392.57</ele>
        <time>2026-05-04T01:00:51.2410000+00:00</time>
      </trkpt>
      <trkpt lat="46.63459" lon="7.75164">
        <ele>1394.36</ele>
        <time>2026-05-04T01:01:04.4980000+00:00</time>
      </trkpt>
      <trkpt lat="46.63452" lon="7.75177">
        <ele>1395.39</ele>
        <time>2026-05-04T01:01:21.3990000+00:00</time>
      </trkpt>
      <trkpt lat="46.63445" lon="7.7519">
        <ele>1396.23</ele>
        <time>2026-05-04T01:01:38.3010000+00:00</time>
      </trkpt>
      <trkpt lat="46.63439" lon="7.75204">
        <ele>1396.01</ele>
        <time>2026-05-04T01:01:55.1850000+00:00</time>
      </trkpt>
      <trkpt lat="46.63433" lon="7.75219">
        <ele>1395.99</ele>
        <time>2026-05-04T01:02:12.9440000+00:00</time>
      </trkpt>
      <trkpt lat="46.6343" lon="7.75235">
        <ele>1394.98</ele>
        <time>2026-05-04T01:02:29.9120000+00:00</time>
      </trkpt>
      <trkpt lat="46.63425" lon="7.75255">
        <ele>1394.56</ele>
        <time>2026-05-04T01:02:51.6870000+00:00</time>
      </trkpt>
      <trkpt lat="46.63422" lon="7.75273">
        <ele>1393.87</ele>
        <time>2026-05-04T01:03:10.6360000+00:00</time>
      </trkpt>
      <trkpt lat="46.63419" lon="7.7529">
        <ele>1393.97</ele>
        <time>2026-05-04T01:03:28.5930000+00:00</time>
      </trkpt>
      <trkpt lat="46.63417" lon="7.75306">
        <ele>1393.72</ele>
        <time>2026-05-04T01:03:45.2310000+00:00</time>
      </trkpt>
      <trkpt lat="46.63411" lon="7.75327">
        <ele>1395.32</ele>
        <time>2026-05-04T01:04:08.5010000+00:00</time>
      </trkpt>
      <trkpt lat="46.63407" lon="7.75342">
        <ele>1396.45</ele>
        <time>2026-05-04T01:04:24.9630000+00:00</time>
      </trkpt>
      <trkpt lat="46.63402" lon="7.75358">
        <ele>1398.67</ele>
        <time>2026-05-04T01:04:42.9480000+00:00</time>
      </trkpt>
      <trkpt lat="46.63399" lon="7.75368">
        <ele>1400.85</ele>
        <time>2026-05-04T01:04:54.1120000+00:00</time>
      </trkpt>
      <trkpt lat="46.63398" lon="7.75378">
        <ele>1401.89</ele>
        <time>2026-05-04T01:05:04.4500000+00:00</time>
      </trkpt>
      <trkpt lat="46.63395" lon="7.75392">
        <ele>1404.26</ele>
        <time>2026-05-04T01:05:19.4540000+00:00</time>
      </trkpt>
      <trkpt lat="46.63394" lon="7.75412">
        <ele>1405.78</ele>
        <time>2026-05-04T01:05:39.9690000+00:00</time>
      </trkpt>
      <trkpt lat="46.63395" lon="7.75424">
        <ele>1405.79</ele>
        <time>2026-05-04T01:05:52.3360000+00:00</time>
      </trkpt>
      <trkpt lat="46.63396" lon="7.75433">
        <ele>1405.66</ele>
        <time>2026-05-04T01:06:01.6650000+00:00</time>
      </trkpt>
      <trkpt lat="46.63393" lon="7.75439">
        <ele>1407.69</ele>
        <time>2026-05-04T01:06:09.2580000+00:00</time>
      </trkpt>
      <trkpt lat="46.63393" lon="7.75451">
        <ele>1408.54</ele>
        <time>2026-05-04T01:06:21.5340000+00:00</time>
      </trkpt>
      <trkpt lat="46.63393" lon="7.7546">
        <ele>1409.19</ele>
        <time>2026-05-04T01:06:30.7420000+00:00</time>
      </trkpt>
      <trkpt lat="46.63391" lon="7.75476">
        <ele>1411.49</ele>
        <time>2026-05-04T01:06:47.3800000+00:00</time>
      </trkpt>
      <trkpt lat="46.63388" lon="7.75486">
        <ele>1413.97</ele>
        <time>2026-05-04T01:06:58.5440000+00:00</time>
      </trkpt>
      <trkpt lat="46.63382" lon="7.75496">
        <ele>1418.25</ele>
        <time>2026-05-04T01:07:12.1300000+00:00</time>
      </trkpt>
      <trkpt lat="46.63379" lon="7.75502">
        <ele>1420.48</ele>
        <time>2026-05-04T01:07:19.7240000+00:00</time>
      </trkpt>
      <trkpt lat="46.63377" lon="7.75521">
        <ele>1423.16</ele>
        <time>2026-05-04T01:07:39.3890000+00:00</time>
      </trkpt>
      <trkpt lat="46.63375" lon="7.75535">
        <ele>1425.4</ele>
        <time>2026-05-04T01:07:54.0180000+00:00</time>
      </trkpt>
      <trkpt lat="46.63373" lon="7.75549">
        <ele>1427.69</ele>
        <time>2026-05-04T01:08:08.6470000+00:00</time>
      </trkpt>
      <trkpt lat="46.63372" lon="7.75564">
        <ele>1429.47</ele>
        <time>2026-05-04T01:08:24.0650000+00:00</time>
      </trkpt>
      <trkpt lat="46.6337" lon="7.75579">
        <ele>1431.93</ele>
        <time>2026-05-04T01:08:39.6980000+00:00</time>
      </trkpt>
      <trkpt lat="46.63368" lon="7.75599">
        <ele>1434.84</ele>
        <time>2026-05-04T01:09:00.3750000+00:00</time>
      </trkpt>
      <trkpt lat="46.63367" lon="7.7562">
        <ele>1437.49</ele>
        <time>2026-05-04T01:09:21.9110000+00:00</time>
      </trkpt>
      <trkpt lat="46.63367" lon="7.75638">
        <ele>1439.25</ele>
        <time>2026-05-04T01:09:40.3260000+00:00</time>
      </trkpt>
      <trkpt lat="46.63367" lon="7.7565">
        <ele>1440.43</ele>
        <time>2026-05-04T01:09:52.6040000+00:00</time>
      </trkpt>
      <trkpt lat="46.63364" lon="7.75665">
        <ele>1443.81</ele>
        <time>2026-05-04T01:10:08.5880000+00:00</time>
      </trkpt>
      <trkpt lat="46.63358" lon="7.7567">
        <ele>1446.95</ele>
        <time>2026-05-04T01:10:18.8870000+00:00</time>
      </trkpt>
      <trkpt lat="46.63355" lon="7.75679">
        <ele>1449.27</ele>
        <time>2026-05-04T01:10:29.1220000+00:00</time>
      </trkpt>
      <trkpt lat="46.63358" lon="7.75689">
        <ele>1448.96</ele>
        <time>2026-05-04T01:10:40.2860000+00:00</time>
      </trkpt>
      <trkpt lat="46.63359" lon="7.75697">
        <ele>1449.31</ele>
        <time>2026-05-04T01:10:48.6050000+00:00</time>
      </trkpt>
      <trkpt lat="46.63354" lon="7.75708">
        <ele>1452.91</ele>
        <time>2026-05-04T01:11:02.1020000+00:00</time>
      </trkpt>
      <trkpt lat="46.63351" lon="7.7572">
        <ele>1455.75</ele>
        <time>2026-05-04T01:11:15.1680000+00:00</time>
      </trkpt>
      <trkpt lat="46.63345" lon="7.75732">
        <ele>1460.27</ele>
        <time>2026-05-04T01:11:30.3540000+00:00</time>
      </trkpt>
      <trkpt lat="46.63342" lon="7.7574">
        <ele>1462.85</ele>
        <time>2026-05-04T01:11:39.6810000+00:00</time>
      </trkpt>
      <trkpt lat="46.63336" lon="7.75746">
        <ele>1466.86</ele>
        <time>2026-05-04T01:11:50.5260000+00:00</time>
      </trkpt>
      <trkpt lat="46.63327" lon="7.75752">
        <ele>1472.63</ele>
        <time>2026-05-04T01:12:05.2730000+00:00</time>
      </trkpt>
      <trkpt lat="46.6332" lon="7.75766">
        <ele>1478.65</ele>
        <time>2026-05-04T01:12:22.9910000+00:00</time>
      </trkpt>
      <trkpt lat="46.63318" lon="7.75778">
        <ele>1481.58</ele>
        <time>2026-05-04T01:12:35.6240000+00:00</time>
      </trkpt>
      <trkpt lat="46.63314" lon="7.75789">
        <ele>1485.55</ele>
        <time>2026-05-04T01:12:48.3580000+00:00</time>
      </trkpt>
      <trkpt lat="46.63312" lon="7.75798">
        <ele>1488.07</ele>
        <time>2026-05-04T01:12:58.0360000+00:00</time>
      </trkpt>
      <trkpt lat="46.63311" lon="7.75811">
        <ele>1490.62</ele>
        <time>2026-05-04T01:13:11.4180000+00:00</time>
      </trkpt>
      <trkpt lat="46.63311" lon="7.75824">
        <ele>1492.58</ele>
        <time>2026-05-04T01:13:24.7170000+00:00</time>
      </trkpt>
      <trkpt lat="46.63313" lon="7.75829">
        <ele>1492.11</ele>
        <time>2026-05-04T01:13:30.6360000+00:00</time>
      </trkpt>
      <trkpt lat="46.63316" lon="7.7583">
        <ele>1490.43</ele>
        <time>2026-05-04T01:13:35.2190000+00:00</time>
      </trkpt>
      <trkpt lat="46.6332" lon="7.75831">
        <ele>1488.13</ele>
        <time>2026-05-04T01:13:41.2660000+00:00</time>
      </trkpt>
      <trkpt lat="46.63327" lon="7.75836">
        <ele>1484.55</ele>
        <time>2026-05-04T01:13:52.8830000+00:00</time>
      </trkpt>
      <trkpt lat="46.63333" lon="7.75842">
        <ele>1481.7</ele>
        <time>2026-05-04T01:14:03.7260000+00:00</time>
      </trkpt>
      <trkpt lat="46.63335" lon="7.75852">
        <ele>1481.83</ele>
        <time>2026-05-04T01:14:14.3820000+00:00</time>
      </trkpt>
      <trkpt lat="46.63336" lon="7.75861">
        <ele>1482.76</ele>
        <time>2026-05-04T01:14:23.7100000+00:00</time>
      </trkpt>
      <trkpt lat="46.63337" lon="7.75872">
        <ele>1484.12</ele>
        <time>2026-05-04T01:14:35.0620000+00:00</time>
      </trkpt>
      <trkpt lat="46.63332" lon="7.75878">
        <ele>1488.32</ele>
        <time>2026-05-04T01:14:44.7150000+00:00</time>
      </trkpt>
      <trkpt lat="46.63328" lon="7.75877">
        <ele>1490.64</ele>
        <time>2026-05-04T01:14:50.7600000+00:00</time>
      </trkpt>
      <trkpt lat="46.63325" lon="7.75882">
        <ele>1493.41</ele>
        <time>2026-05-04T01:14:57.5540000+00:00</time>
      </trkpt>
      <trkpt lat="46.63324" lon="7.75889">
        <ele>1495.3</ele>
        <time>2026-05-04T01:15:04.8680000+00:00</time>
      </trkpt>
      <trkpt lat="46.63319" lon="7.75897">
        <ele>1499.86</ele>
        <time>2026-05-04T01:15:15.9350000+00:00</time>
      </trkpt>
      <trkpt lat="46.63312" lon="7.75915">
        <ele>1507.48</ele>
        <time>2026-05-04T01:15:37.0980000+00:00</time>
      </trkpt>
      <trkpt lat="46.6331" lon="7.75925">
        <ele>1510.53</ele>
        <time>2026-05-04T01:15:47.7540000+00:00</time>
      </trkpt>
      <trkpt lat="46.63307" lon="7.75934">
        <ele>1514.02</ele>
        <time>2026-05-04T01:15:57.9890000+00:00</time>
      </trkpt>
      <trkpt lat="46.63306" lon="7.75943">
        <ele>1515.52</ele>
        <time>2026-05-04T01:16:07.3160000+00:00</time>
      </trkpt>
      <trkpt lat="46.63305" lon="7.75954">
        <ele>1516.81</ele>
        <time>2026-05-04T01:16:18.6680000+00:00</time>
      </trkpt>
      <trkpt lat="46.63306" lon="7.75964">
        <ele>1516.82</ele>
        <time>2026-05-04T01:16:29.0070000+00:00</time>
      </trkpt>
      <trkpt lat="46.6331" lon="7.75973">
        <ele>1515.02</ele>
        <time>2026-05-04T01:16:39.9740000+00:00</time>
      </trkpt>
      <trkpt lat="46.63314" lon="7.75981">
        <ele>1513.23</ele>
        <time>2026-05-04T01:16:50.1000000+00:00</time>
      </trkpt>
      <trkpt lat="46.63317" lon="7.75989">
        <ele>1512.07</ele>
        <time>2026-05-04T01:16:59.4250000+00:00</time>
      </trkpt>
      <trkpt lat="46.63321" lon="7.75998">
        <ele>1510.48</ele>
        <time>2026-05-04T01:17:10.3930000+00:00</time>
      </trkpt>
      <trkpt lat="46.63322" lon="7.7601">
        <ele>1510.85</ele>
        <time>2026-05-04T01:17:22.7600000+00:00</time>
      </trkpt>
      <trkpt lat="46.63322" lon="7.76018">
        <ele>1511.47</ele>
        <time>2026-05-04T01:17:30.9440000+00:00</time>
      </trkpt>
      <trkpt lat="46.63321" lon="7.76031">
        <ele>1511.11</ele>
        <time>2026-05-04T01:17:44.3280000+00:00</time>
      </trkpt>
      <trkpt lat="46.63317" lon="7.76042">
        <ele>1512.28</ele>
        <time>2026-05-04T01:17:57.0620000+00:00</time>
      </trkpt>
      <trkpt lat="46.6331" lon="7.76062">
        <ele>1514.37</ele>
        <time>2026-05-04T01:18:20.0290000+00:00</time>
      </trkpt>
      <trkpt lat="46.63298" lon="7.76095">
        <ele>1518.44</ele>
        <time>2026-05-04T01:18:58.2320000+00:00</time>
      </trkpt>
      <trkpt lat="46.63288" lon="7.76116">
        <ele>1522.86</ele>
        <time>2026-05-04T01:19:24.3760000+00:00</time>
      </trkpt>
      <trkpt lat="46.63284" lon="7.76128">
        <ele>1524.65</ele>
        <time>2026-05-04T01:19:38.0230000+00:00</time>
      </trkpt>
      <trkpt lat="46.6328" lon="7.76136">
        <ele>1526.65</ele>
        <time>2026-05-04T01:19:48.1480000+00:00</time>
      </trkpt>
      <trkpt lat="46.63269" lon="7.76153">
        <ele>1530.07</ele>
        <time>2026-05-04T01:20:12.0460000+00:00</time>
      </trkpt>
      <trkpt lat="46.63259" lon="7.76166">
        <ele>1533.49</ele>
        <time>2026-05-04T01:20:32.0170000+00:00</time>
      </trkpt>
      <trkpt lat="46.63253" lon="7.76174">
        <ele>1535.62</ele>
        <time>2026-05-04T01:20:44.1370000+00:00</time>
      </trkpt>
      <trkpt lat="46.63251" lon="7.76183">
        <ele>1536.18</ele>
        <time>2026-05-04T01:20:53.8150000+00:00</time>
      </trkpt>
      <trkpt lat="46.63249" lon="7.7619">
        <ele>1536.43</ele>
        <time>2026-05-04T01:21:01.5710000+00:00</time>
      </trkpt>
      <trkpt lat="46.63239" lon="7.76205">
        <ele>1538.65</ele>
        <time>2026-05-04T01:21:22.9600000+00:00</time>
      </trkpt>
      <trkpt lat="46.63231" lon="7.76216">
        <ele>1540.77</ele>
        <time>2026-05-04T01:21:39.3530000+00:00</time>
      </trkpt>
      <trkpt lat="46.63219" lon="7.76238">
        <ele>1543.7</ele>
        <time>2026-05-04T01:22:08.0980000+00:00</time>
      </trkpt>
      <trkpt lat="46.6321" lon="7.76252">
        <ele>1546.49</ele>
        <time>2026-05-04T01:22:27.7180000+00:00</time>
      </trkpt>
      <trkpt lat="46.63202" lon="7.76265">
        <ele>1549.13</ele>
        <time>2026-05-04T01:22:45.5770000+00:00</time>
      </trkpt>
      <trkpt lat="46.63194" lon="7.7628">
        <ele>1550.85</ele>
        <time>2026-05-04T01:23:05.0090000+00:00</time>
      </trkpt>
      <trkpt lat="46.6319" lon="7.76296">
        <ele>1550.59</ele>
        <time>2026-05-04T01:23:22.4290000+00:00</time>
      </trkpt>
      <trkpt lat="46.63189" lon="7.76313">
        <ele>1549.7</ele>
        <time>2026-05-04T01:23:39.8860000+00:00</time>
      </trkpt>
      <trkpt lat="46.63187" lon="7.76322">
        <ele>1549.69</ele>
        <time>2026-05-04T01:23:49.5630000+00:00</time>
      </trkpt>
      <trkpt lat="46.63183" lon="7.76335">
        <ele>1550.16</ele>
        <time>2026-05-04T01:24:04.1380000+00:00</time>
      </trkpt>
      <trkpt lat="46.63183" lon="7.76344">
        <ele>1549.66</ele>
        <time>2026-05-04T01:24:13.3450000+00:00</time>
      </trkpt>
      <trkpt lat="46.63183" lon="7.76356">
        <ele>1549.35</ele>
        <time>2026-05-04T01:24:25.6210000+00:00</time>
      </trkpt>
      <trkpt lat="46.63183" lon="7.76364">
        <ele>1549.85</ele>
        <time>2026-05-04T01:24:33.8060000+00:00</time>
      </trkpt>
      <trkpt lat="46.6318" lon="7.76375">
        <ele>1551.62</ele>
        <time>2026-05-04T01:24:45.9150000+00:00</time>
      </trkpt>
      <trkpt lat="46.6318" lon="7.76381">
        <ele>1551.99</ele>
        <time>2026-05-04T01:24:52.0540000+00:00</time>
      </trkpt>
      <trkpt lat="46.63181" lon="7.76387">
        <ele>1552.01</ele>
        <time>2026-05-04T01:24:58.3700000+00:00</time>
      </trkpt>
      <trkpt lat="46.63183" lon="7.76393">
        <ele>1551.65</ele>
        <time>2026-05-04T01:25:05.1940000+00:00</time>
      </trkpt>
      <trkpt lat="46.63185" lon="7.76416">
        <ele>1552.34</ele>
        <time>2026-05-04T01:25:28.9140000+00:00</time>
      </trkpt>
      <trkpt lat="46.63187" lon="7.76438">
        <ele>1552.97</ele>
        <time>2026-05-04T01:25:51.6180000+00:00</time>
      </trkpt>
      <trkpt lat="46.63186" lon="7.76449">
        <ele>1554.1</ele>
        <time>2026-05-04T01:26:02.9700000+00:00</time>
      </trkpt>
      <trkpt lat="46.63185" lon="7.76459">
        <ele>1555.14</ele>
        <time>2026-05-04T01:26:13.3090000+00:00</time>
      </trkpt>
      <trkpt lat="46.63189" lon="7.76477">
        <ele>1555.08</ele>
        <time>2026-05-04T01:26:32.6650000+00:00</time>
      </trkpt>
      <trkpt lat="46.63192" lon="7.76496">
        <ele>1555.59</ele>
        <time>2026-05-04T01:26:52.6110000+00:00</time>
      </trkpt>
      <trkpt lat="46.63192" lon="7.76513">
        <ele>1556.9</ele>
        <time>2026-05-04T01:27:10.0040000+00:00</time>
      </trkpt>
      <trkpt lat="46.63191" lon="7.76529">
        <ele>1555.9</ele>
        <time>2026-05-04T01:27:26.4410000+00:00</time>
      </trkpt>
      <trkpt lat="46.63186" lon="7.76547">
        <ele>1553.9</ele>
        <time>2026-05-04T01:27:46.3070000+00:00</time>
      </trkpt>
      <trkpt lat="46.63177" lon="7.76568">
        <ele>1552.63</ele>
        <time>2026-05-04T01:28:11.6330000+00:00</time>
      </trkpt>
      <trkpt lat="46.63172" lon="7.76578">
        <ele>1552.32</ele>
        <time>2026-05-04T01:28:24.2880000+00:00</time>
      </trkpt>
      <trkpt lat="46.6317" lon="7.76591">
        <ele>1550.62</ele>
        <time>2026-05-04T01:28:37.9180000+00:00</time>
      </trkpt>
      <trkpt lat="46.63168" lon="7.76613">
        <ele>1547.06</ele>
        <time>2026-05-04T01:29:00.6220000+00:00</time>
      </trkpt>
      <trkpt lat="46.63168" lon="7.76629">
        <ele>1543.76</ele>
        <time>2026-05-04T01:29:16.9910000+00:00</time>
      </trkpt>
      <trkpt lat="46.63166" lon="7.76647">
        <ele>1540.77</ele>
        <time>2026-05-04T01:29:35.6460000+00:00</time>
      </trkpt>
      <trkpt lat="46.63163" lon="7.76654">
        <ele>1540.46</ele>
        <time>2026-05-04T01:29:44.0880000+00:00</time>
      </trkpt>
      <trkpt lat="46.63162" lon="7.76671">
        <ele>1537.44</ele>
        <time>2026-05-04T01:30:01.5440000+00:00</time>
      </trkpt>
      <trkpt lat="46.63162" lon="7.76685">
        <ele>1534.65</ele>
        <time>2026-05-04T01:30:15.8670000+00:00</time>
      </trkpt>
      <trkpt lat="46.63167" lon="7.76702">
        <ele>1530.13</ele>
        <time>2026-05-04T01:30:34.7880000+00:00</time>
      </trkpt>
      <trkpt lat="46.63166" lon="7.76715">
        <ele>1528.72</ele>
        <time>2026-05-04T01:30:48.1710000+00:00</time>
      </trkpt>
      <trkpt lat="46.63166" lon="7.76726">
        <ele>1527.17</ele>
        <time>2026-05-04T01:30:59.4260000+00:00</time>
      </trkpt>
      <trkpt lat="46.63163" lon="7.76734">
        <ele>1527.39</ele>
        <time>2026-05-04T01:31:08.7510000+00:00</time>
      </trkpt>
      <trkpt lat="46.63161" lon="7.76745">
        <ele>1526.79</ele>
        <time>2026-05-04T01:31:20.3930000+00:00</time>
      </trkpt>
      <trkpt lat="46.63161" lon="7.76759">
        <ele>1524.87</ele>
        <time>2026-05-04T01:31:34.7160000+00:00</time>
      </trkpt>
      <trkpt lat="46.63159" lon="7.76776">
        <ele>1524.25</ele>
        <time>2026-05-04T01:31:52.3620000+00:00</time>
      </trkpt>
      <trkpt lat="46.63159" lon="7.76786">
        <ele>1524</ele>
        <time>2026-05-04T01:32:02.5940000+00:00</time>
      </trkpt>
      <trkpt lat="46.6316" lon="7.76796">
        <ele>1523.26</ele>
        <time>2026-05-04T01:32:12.9340000+00:00</time>
      </trkpt>
      <trkpt lat="46.63161" lon="7.76808">
        <ele>1522.47</ele>
        <time>2026-05-04T01:32:25.3010000+00:00</time>
      </trkpt>
      <trkpt lat="46.63163" lon="7.76825">
        <ele>1521.04</ele>
        <time>2026-05-04T01:32:42.9470000+00:00</time>
      </trkpt>
      <trkpt lat="46.63164" lon="7.76842">
        <ele>1520.1</ele>
        <time>2026-05-04T01:33:00.4030000+00:00</time>
      </trkpt>
      <trkpt lat="46.63164" lon="7.76857">
        <ele>1519.24</ele>
        <time>2026-05-04T01:33:15.7490000+00:00</time>
      </trkpt>
      <trkpt lat="46.63164" lon="7.76876">
        <ele>1516.73</ele>
        <time>2026-05-04T01:33:35.1870000+00:00</time>
      </trkpt>
      <trkpt lat="46.63165" lon="7.76891">
        <ele>1514.19</ele>
        <time>2026-05-04T01:33:50.6060000+00:00</time>
      </trkpt>
      <trkpt lat="46.63166" lon="7.769">
        <ele>1512.41</ele>
        <time>2026-05-04T01:33:59.9320000+00:00</time>
      </trkpt>
      <trkpt lat="46.63165" lon="7.76908">
        <ele>1511.92</ele>
        <time>2026-05-04T01:34:08.2510000+00:00</time>
      </trkpt>
      <trkpt lat="46.63163" lon="7.76929">
        <ele>1510.34</ele>
        <time>2026-05-04T01:34:29.9420000+00:00</time>
      </trkpt>
      <trkpt lat="46.63162" lon="7.76935">
        <ele>1510.18</ele>
        <time>2026-05-04T01:34:36.2580000+00:00</time>
      </trkpt>
      <trkpt lat="46.63162" lon="7.76952">
        <ele>1506.5</ele>
        <time>2026-05-04T01:34:53.6510000+00:00</time>
      </trkpt>
      <trkpt lat="46.6316" lon="7.76961">
        <ele>1505.79</ele>
        <time>2026-05-04T01:35:03.3280000+00:00</time>
      </trkpt>
      <trkpt lat="46.63156" lon="7.76975">
        <ele>1505.35</ele>
        <time>2026-05-04T01:35:18.8420000+00:00</time>
      </trkpt>
      <trkpt lat="46.63153" lon="7.76987">
        <ele>1504.76</ele>
        <time>2026-05-04T01:35:31.9070000+00:00</time>
      </trkpt>
      <trkpt lat="46.63148" lon="7.76999">
        <ele>1505.59</ele>
        <time>2026-05-04T01:35:46.2670000+00:00</time>
      </trkpt>
      <trkpt lat="46.63146" lon="7.77008">
        <ele>1505.08</ele>
        <time>2026-05-04T01:35:55.9450000+00:00</time>
      </trkpt>
      <trkpt lat="46.63144" lon="7.77019">
        <ele>1504.18</ele>
        <time>2026-05-04T01:36:07.5870000+00:00</time>
      </trkpt>
      <trkpt lat="46.63142" lon="7.7703">
        <ele>1503.46</ele>
        <time>2026-05-04T01:36:19.2280000+00:00</time>
      </trkpt>
      <trkpt lat="46.63138" lon="7.77045">
        <ele>1503.32</ele>
        <time>2026-05-04T01:36:35.6910000+00:00</time>
      </trkpt>
      <trkpt lat="46.63135" lon="7.77055">
        <ele>1503.43</ele>
        <time>2026-05-04T01:36:46.8560000+00:00</time>
      </trkpt>
      <trkpt lat="46.63132" lon="7.77067">
        <ele>1503.11</ele>
        <time>2026-05-04T01:36:59.9220000+00:00</time>
      </trkpt>
      <trkpt lat="46.6313" lon="7.77076">
        <ele>1502.69</ele>
        <time>2026-05-04T01:37:09.5990000+00:00</time>
      </trkpt>
      <trkpt lat="46.63127" lon="7.77083">
        <ele>1503.32</ele>
        <time>2026-05-04T01:37:18.0410000+00:00</time>
      </trkpt>
      <trkpt lat="46.63124" lon="7.77092">
        <ele>1503.52</ele>
        <time>2026-05-04T01:37:28.2760000+00:00</time>
      </trkpt>
      <trkpt lat="46.6312" lon="7.771">
        <ele>1504.57</ele>
        <time>2026-05-04T01:37:38.4000000+00:00</time>
      </trkpt>
      <trkpt lat="46.63115" lon="7.77106">
        <ele>1506.61</ele>
        <time>2026-05-04T01:37:48.0520000+00:00</time>
      </trkpt>
      <trkpt lat="46.6311" lon="7.77108">
        <ele>1508.01</ele>
        <time>2026-05-04T01:37:55.7770000+00:00</time>
      </trkpt>
      <trkpt lat="46.63102" lon="7.77114">
        <ele>1509.08</ele>
        <time>2026-05-04T01:38:09.1850000+00:00</time>
      </trkpt>
      <trkpt lat="46.631" lon="7.77115">
        <ele>1509.45</ele>
        <time>2026-05-04T01:38:12.3370000+00:00</time>
      </trkpt>
      <trkpt lat="46.63084" lon="7.77127">
        <ele>1511.5</ele>
        <time>2026-05-04T01:38:39.1510000+00:00</time>
      </trkpt>
      <trkpt lat="46.63076" lon="7.77135">
        <ele>1512.03</ele>
        <time>2026-05-04T01:38:53.6100000+00:00</time>
      </trkpt>
      <trkpt lat="46.63074" lon="7.77143">
        <ele>1510.79</ele>
        <time>2026-05-04T01:39:02.3190000+00:00</time>
      </trkpt>
      <trkpt lat="46.63059" lon="7.77162">
        <ele>1510.71</ele>
        <time>2026-05-04T01:39:31.9390000+00:00</time>
      </trkpt>
      <trkpt lat="46.6305" lon="7.77173">
        <ele>1510.67</ele>
        <time>2026-05-04T01:39:49.4450000+00:00</time>
      </trkpt>
      <trkpt lat="46.63043" lon="7.77189">
        <ele>1509.1</ele>
        <time>2026-05-04T01:40:08.8550000+00:00</time>
      </trkpt>
      <trkpt lat="46.63038" lon="7.77216">
        <ele>1506.22</ele>
        <time>2026-05-04T01:40:37.4660000+00:00</time>
      </trkpt>
      <trkpt lat="46.63035" lon="7.77233">
        <ele>1504.4</ele>
        <time>2026-05-04T01:40:55.4240000+00:00</time>
      </trkpt>
      <trkpt lat="46.63027" lon="7.7727">
        <ele>1500.76</ele>
        <time>2026-05-04T01:41:35.1120000+00:00</time>
      </trkpt>
      <trkpt lat="46.6302" lon="7.77296">
        <ele>1498.88</ele>
        <time>2026-05-04T01:42:03.6840000+00:00</time>
      </trkpt>
      <trkpt lat="46.63014" lon="7.77309">
        <ele>1498.95</ele>
        <time>2026-05-04T01:42:19.7090000+00:00</time>
      </trkpt>
      <trkpt lat="46.63009" lon="7.77317">
        <ele>1499.55</ele>
        <time>2026-05-04T01:42:30.7770000+00:00</time>
      </trkpt>
      <trkpt lat="46.63004" lon="7.77322">
        <ele>1500.62</ele>
        <time>2026-05-04T01:42:39.8140000+00:00</time>
      </trkpt>
      <trkpt lat="46.63001" lon="7.77334">
        <ele>1500.36</ele>
        <time>2026-05-04T01:42:52.8810000+00:00</time>
      </trkpt>
      <trkpt lat="46.63" lon="7.77343">
        <ele>1499.79</ele>
        <time>2026-05-04T01:43:02.2100000+00:00</time>
      </trkpt>
      <trkpt lat="46.63" lon="7.77353">
        <ele>1498.67</ele>
        <time>2026-05-04T01:43:12.4410000+00:00</time>
      </trkpt>
      <trkpt lat="46.62998" lon="7.77368">
        <ele>1496.22</ele>
        <time>2026-05-04T01:43:28.0740000+00:00</time>
      </trkpt>
      <trkpt lat="46.62996" lon="7.77381">
        <ele>1494.27</ele>
        <time>2026-05-04T01:43:41.7050000+00:00</time>
      </trkpt>
      <trkpt lat="46.62994" lon="7.77392">
        <ele>1492.8</ele>
        <time>2026-05-04T01:43:53.3480000+00:00</time>
      </trkpt>
      <trkpt lat="46.62994" lon="7.77401">
        <ele>1490.91</ele>
        <time>2026-05-04T01:44:02.5560000+00:00</time>
      </trkpt>
      <trkpt lat="46.62995" lon="7.77411">
        <ele>1488.36</ele>
        <time>2026-05-04T01:44:12.8950000+00:00</time>
      </trkpt>
      <trkpt lat="46.62997" lon="7.77423">
        <ele>1484.9</ele>
        <time>2026-05-04T01:44:25.5290000+00:00</time>
      </trkpt>
      <trkpt lat="46.62997" lon="7.77438">
        <ele>1481.51</ele>
        <time>2026-05-04T01:44:40.8760000+00:00</time>
      </trkpt>
      <trkpt lat="46.62996" lon="7.77446">
        <ele>1479.69</ele>
        <time>2026-05-04T01:44:49.1960000+00:00</time>
      </trkpt>
      <trkpt lat="46.62993" lon="7.77452">
        <ele>1479.4</ele>
        <time>2026-05-04T01:44:56.7900000+00:00</time>
      </trkpt>
      <trkpt lat="46.62992" lon="7.77466">
        <ele>1475.84</ele>
        <time>2026-05-04T01:45:11.1910000+00:00</time>
      </trkpt>
      <trkpt lat="46.62988" lon="7.77476">
        <ele>1474.88</ele>
        <time>2026-05-04T01:45:23.0310000+00:00</time>
      </trkpt>
      <trkpt lat="46.62978" lon="7.77493">
        <ele>1474.79</ele>
        <time>2026-05-04T01:45:45.9330000+00:00</time>
      </trkpt>
      <trkpt lat="46.62972" lon="7.77507">
        <ele>1473.63</ele>
        <time>2026-05-04T01:46:02.8170000+00:00</time>
      </trkpt>
      <trkpt lat="46.62966" lon="7.77522">
        <ele>1472.57</ele>
        <time>2026-05-04T01:46:20.5780000+00:00</time>
      </trkpt>
      <trkpt lat="46.62965" lon="7.77533">
        <ele>1471.15</ele>
        <time>2026-05-04T01:46:31.9300000+00:00</time>
      </trkpt>
      <trkpt lat="46.62958" lon="7.77545">
        <ele>1472.36</ele>
        <time>2026-05-04T01:46:48.0390000+00:00</time>
      </trkpt>
      <trkpt lat="46.62952" lon="7.7755">
        <ele>1474.29</ele>
        <time>2026-05-04T01:46:58.3400000+00:00</time>
      </trkpt>
      <trkpt lat="46.62937" lon="7.77563">
        <ele>1480.58</ele>
        <time>2026-05-04T01:47:24.3470000+00:00</time>
      </trkpt>
      <trkpt lat="46.62923" lon="7.77584">
        <ele>1486.18</ele>
        <time>2026-05-04T01:47:54.2920000+00:00</time>
      </trkpt>
      <trkpt lat="46.6291" lon="7.776">
        <ele>1492.51</ele>
        <time>2026-05-04T01:48:19.6530000+00:00</time>
      </trkpt>
      <trkpt lat="46.62895" lon="7.7761">
        <ele>1502.8</ele>
        <time>2026-05-04T01:48:44.2310000+00:00</time>
      </trkpt>
      <trkpt lat="46.62883" lon="7.77621">
        <ele>1511.7</ele>
        <time>2026-05-04T01:49:05.3580000+00:00</time>
      </trkpt>
      <trkpt lat="46.62878" lon="7.77631">
        <ele>1515.87</ele>
        <time>2026-05-04T01:49:18.0140000+00:00</time>
      </trkpt>
      <trkpt lat="46.62868" lon="7.77643">
        <ele>1523.81</ele>
        <time>2026-05-04T01:49:37.3210000+00:00</time>
      </trkpt>
      <trkpt lat="46.62862" lon="7.7766">
        <ele>1528.99</ele>
        <time>2026-05-04T01:49:56.8770000+00:00</time>
      </trkpt>
      <trkpt lat="46.6286" lon="7.77673">
        <ele>1531.2</ele>
        <time>2026-05-04T01:50:10.5070000+00:00</time>
      </trkpt>
      <trkpt lat="46.62854" lon="7.77682">
        <ele>1535.32</ele>
        <time>2026-05-04T01:50:23.3400000+00:00</time>
      </trkpt>
      <trkpt lat="46.62843" lon="7.77711">
        <ele>1545.17</ele>
        <time>2026-05-04T01:50:57.2370000+00:00</time>
      </trkpt>
      <trkpt lat="46.62831" lon="7.77747">
        <ele>1557.43</ele>
        <time>2026-05-04T01:51:38.1800000+00:00</time>
      </trkpt>
      <trkpt lat="46.62824" lon="7.7777">
        <ele>1565.36</ele>
        <time>2026-05-04T01:52:03.9200000+00:00</time>
      </trkpt>
      <trkpt lat="46.62821" lon="7.77784">
        <ele>1569.6</ele>
        <time>2026-05-04T01:52:18.9260000+00:00</time>
      </trkpt>
      <trkpt lat="46.62821" lon="7.77791">
        <ele>1570.75</ele>
        <time>2026-05-04T01:52:26.0880000+00:00</time>
      </trkpt>
      <trkpt lat="46.62818" lon="7.778">
        <ele>1574.26</ele>
        <time>2026-05-04T01:52:36.3240000+00:00</time>
      </trkpt>
      <trkpt lat="46.62806" lon="7.77804">
        <ele>1583.14</ele>
        <time>2026-05-04T01:52:54.6650000+00:00</time>
      </trkpt>
      <trkpt lat="46.62791" lon="7.7781">
        <ele>1594.57</ele>
        <time>2026-05-04T01:53:17.8410000+00:00</time>
      </trkpt>
      <trkpt lat="46.62775" lon="7.77825">
        <ele>1605.32</ele>
        <time>2026-05-04T01:53:46.1930000+00:00</time>
      </trkpt>
      <trkpt lat="46.6276" lon="7.77836">
        <ele>1610.16</ele>
        <time>2026-05-04T01:54:11.2150000+00:00</time>
      </trkpt>
      <trkpt lat="46.6275" lon="7.77842">
        <ele>1613.5</ele>
        <time>2026-05-04T01:54:27.3300000+00:00</time>
      </trkpt>
      <trkpt lat="46.62733" lon="7.77845">
        <ele>1617.52</ele>
        <time>2026-05-04T01:54:52.8430000+00:00</time>
      </trkpt>
      <trkpt lat="46.62716" lon="7.7785">
        <ele>1622.59</ele>
        <time>2026-05-04T01:55:18.6830000+00:00</time>
      </trkpt>
      <trkpt lat="46.62706" lon="7.7785">
        <ele>1624.58</ele>
        <time>2026-05-04T01:55:33.5820000+00:00</time>
      </trkpt>
      <trkpt lat="46.62694" lon="7.77857">
        <ele>1626.54</ele>
        <time>2026-05-04T01:55:52.8420000+00:00</time>
      </trkpt>
      <trkpt lat="46.62689" lon="7.77874">
        <ele>1628.37</ele>
        <time>2026-05-04T01:56:11.7640000+00:00</time>
      </trkpt>
      <trkpt lat="46.62688" lon="7.77903">
        <ele>1634.92</ele>
        <time>2026-05-04T01:56:41.4730000+00:00</time>
      </trkpt>
      <trkpt lat="46.62688" lon="7.77939">
        <ele>1642.22</ele>
        <time>2026-05-04T01:57:18.3080000+00:00</time>
      </trkpt>
      <trkpt lat="46.62689" lon="7.77947">
        <ele>1641.69</ele>
        <time>2026-05-04T01:57:26.6280000+00:00</time>
      </trkpt>
      <trkpt lat="46.62687" lon="7.77965">
        <ele>1639</ele>
        <time>2026-05-04T01:57:45.2850000+00:00</time>
      </trkpt>
      <trkpt lat="46.62687" lon="7.77975">
        <ele>1637.92</ele>
        <time>2026-05-04T01:57:55.5170000+00:00</time>
      </trkpt>
      <trkpt lat="46.62685" lon="7.77984">
        <ele>1636.61</ele>
        <time>2026-05-04T01:58:05.1950000+00:00</time>
      </trkpt>
      <trkpt lat="46.62686" lon="7.77992">
        <ele>1635.97</ele>
        <time>2026-05-04T01:58:13.5150000+00:00</time>
      </trkpt>
      <trkpt lat="46.6268" lon="7.78011">
        <ele>1633.93</ele>
        <time>2026-05-04T01:58:34.9120000+00:00</time>
      </trkpt>
      <trkpt lat="46.62674" lon="7.78027">
        <ele>1630.75</ele>
        <time>2026-05-04T01:58:53.5650000+00:00</time>
      </trkpt>
      <trkpt lat="46.62659" lon="7.78054">
        <ele>1625.06</ele>
        <time>2026-05-04T01:59:29.0980000+00:00</time>
      </trkpt>
      <trkpt lat="46.62648" lon="7.7808">
        <ele>1622.28</ele>
        <time>2026-05-04T02:00:00.3440000+00:00</time>
      </trkpt>
      <trkpt lat="46.6264" lon="7.78093">
        <ele>1622.97</ele>
        <time>2026-05-04T02:00:18.2040000+00:00</time>
      </trkpt>
      <trkpt lat="46.62636" lon="7.78101">
        <ele>1623.52</ele>
        <time>2026-05-04T02:00:28.3290000+00:00</time>
      </trkpt>
      <trkpt lat="46.62626" lon="7.78108">
        <ele>1626.11</ele>
        <time>2026-05-04T02:00:44.8610000+00:00</time>
      </trkpt>
      <trkpt lat="46.6261" lon="7.78128">
        <ele>1627.17</ele>
        <time>2026-05-04T02:01:16.2780000+00:00</time>
      </trkpt>
      <trkpt lat="46.62596" lon="7.78152">
        <ele>1624.79</ele>
        <time>2026-05-04T02:01:48.4980000+00:00</time>
      </trkpt>
      <trkpt lat="46.62591" lon="7.78159">
        <ele>1624.65</ele>
        <time>2026-05-04T02:01:58.8320000+00:00</time>
      </trkpt>
      <trkpt lat="46.62589" lon="7.78164">
        <ele>1624.22</ele>
        <time>2026-05-04T02:02:04.7530000+00:00</time>
      </trkpt>
      <trkpt lat="46.62579" lon="7.78164">
        <ele>1626.95</ele>
        <time>2026-05-04T02:02:19.6530000+00:00</time>
      </trkpt>
      <trkpt lat="46.62578" lon="7.78162">
        <ele>1627.55</ele>
        <time>2026-05-04T02:02:22.1870000+00:00</time>
      </trkpt>
      <trkpt lat="46.62576" lon="7.7816">
        <ele>1628.4</ele>
        <time>2026-05-04T02:02:25.8010000+00:00</time>
      </trkpt>
      <trkpt lat="46.62575" lon="7.78159">
        <ele>1628.82</ele>
        <time>2026-05-04T02:02:27.6040000+00:00</time>
      </trkpt>
      <trkpt lat="46.6257" lon="7.78155">
        <ele>1630.7</ele>
        <time>2026-05-04T02:02:36.1050000+00:00</time>
      </trkpt>
      <trkpt lat="46.62567" lon="7.7815">
        <ele>1632.13</ele>
        <time>2026-05-04T02:02:42.9000000+00:00</time>
      </trkpt>
      <trkpt lat="46.62563" lon="7.78147">
        <ele>1633.46</ele>
        <time>2026-05-04T02:02:49.6050000+00:00</time>
      </trkpt>
      <trkpt lat="46.62556" lon="7.78144">
        <ele>1635.41</ele>
        <time>2026-05-04T02:03:00.4760000+00:00</time>
      </trkpt>
      <trkpt lat="46.62548" lon="7.78141">
        <ele>1637.47</ele>
        <time>2026-05-04T02:03:12.7840000+00:00</time>
      </trkpt>
      <trkpt lat="46.62544" lon="7.78138">
        <ele>1638.58</ele>
        <time>2026-05-04T02:03:19.4880000+00:00</time>
      </trkpt>
      <trkpt lat="46.62541" lon="7.78136">
        <ele>1639.35</ele>
        <time>2026-05-04T02:03:24.4040000+00:00</time>
      </trkpt>
      <trkpt lat="46.62535" lon="7.78131">
        <ele>1640.86</ele>
        <time>2026-05-04T02:03:34.7030000+00:00</time>
      </trkpt>
      <trkpt lat="46.62531" lon="7.78127">
        <ele>1641.84</ele>
        <time>2026-05-04T02:03:41.9320000+00:00</time>
      </trkpt>
      <trkpt lat="46.62526" lon="7.78125">
        <ele>1643.27</ele>
        <time>2026-05-04T02:03:49.6570000+00:00</time>
      </trkpt>
      <trkpt lat="46.6252" lon="7.7812">
        <ele>1644.99</ele>
        <time>2026-05-04T02:03:59.9570000+00:00</time>
      </trkpt>
      <trkpt lat="46.62516" lon="7.78119">
        <ele>1646.03</ele>
        <time>2026-05-04T02:04:06.0030000+00:00</time>
      </trkpt>
      <trkpt lat="46.62513" lon="7.78116">
        <ele>1646.82</ele>
        <time>2026-05-04T02:04:11.4270000+00:00</time>
      </trkpt>
      <trkpt lat="46.62509" lon="7.78115">
        <ele>1647.8</ele>
        <time>2026-05-04T02:04:17.4720000+00:00</time>
      </trkpt>
      <trkpt lat="46.62506" lon="7.78112">
        <ele>1648.52</ele>
        <time>2026-05-04T02:04:22.8950000+00:00</time>
      </trkpt>
      <trkpt lat="46.62501" lon="7.78112">
        <ele>1649.71</ele>
        <time>2026-05-04T02:04:30.3440000+00:00</time>
      </trkpt>
      <trkpt lat="46.6249" lon="7.78112">
        <ele>1652.34</ele>
        <time>2026-05-04T02:04:46.7330000+00:00</time>
      </trkpt>
      <trkpt lat="46.62481" lon="7.78112">
        <ele>1654.49</ele>
        <time>2026-05-04T02:05:00.1420000+00:00</time>
      </trkpt>
      <trkpt lat="46.62476" lon="7.7811">
        <ele>1655.54</ele>
        <time>2026-05-04T02:05:07.8670000+00:00</time>
      </trkpt>
      <trkpt lat="46.62467" lon="7.78108">
        <ele>1657.47</ele>
        <time>2026-05-04T02:05:21.4320000+00:00</time>
      </trkpt>
      <trkpt lat="46.62453" lon="7.78106">
        <ele>1660.45</ele>
        <time>2026-05-04T02:05:42.3910000+00:00</time>
      </trkpt>
      <trkpt lat="46.6245" lon="7.78105">
        <ele>1661</ele>
        <time>2026-05-04T02:05:46.9770000+00:00</time>
      </trkpt>
      <trkpt lat="46.62442" lon="7.78103">
        <ele>1661.72</ele>
        <time>2026-05-04T02:05:59.0720000+00:00</time>
      </trkpt>
      <trkpt lat="46.62437" lon="7.781">
        <ele>1661.17</ele>
        <time>2026-05-04T02:06:07.1300000+00:00</time>
      </trkpt>
      <trkpt lat="46.6243" lon="7.78097">
        <ele>1660.3</ele>
        <time>2026-05-04T02:06:18.0010000+00:00</time>
      </trkpt>
      <trkpt lat="46.62425" lon="7.78094">
        <ele>1659.25</ele>
        <time>2026-05-04T02:06:26.0580000+00:00</time>
      </trkpt>
      <trkpt lat="46.62421" lon="7.78093">
        <ele>1659.08</ele>
        <time>2026-05-04T02:06:32.1060000+00:00</time>
      </trkpt>
      <trkpt lat="46.62416" lon="7.78091">
        <ele>1658.49</ele>
        <time>2026-05-04T02:06:39.8330000+00:00</time>
      </trkpt>
      <trkpt lat="46.62412" lon="7.7809">
        <ele>1658.3</ele>
        <time>2026-05-04T02:06:45.8800000+00:00</time>
      </trkpt>
      <trkpt lat="46.62409" lon="7.78092">
        <ele>1659.52</ele>
        <time>2026-05-04T02:06:50.7950000+00:00</time>
      </trkpt>
      <trkpt lat="46.62406" lon="7.78094">
        <ele>1660.75</ele>
        <time>2026-05-04T02:06:55.7120000+00:00</time>
      </trkpt>
      <trkpt lat="46.62404" lon="7.78096">
        <ele>1661.9</ele>
        <time>2026-05-04T02:06:59.3270000+00:00</time>
      </trkpt>
      <trkpt lat="46.624" lon="7.78096">
        <ele>1662.22</ele>
        <time>2026-05-04T02:07:05.2880000+00:00</time>
      </trkpt>
      <trkpt lat="46.62398" lon="7.78096">
        <ele>1662.38</ele>
        <time>2026-05-04T02:07:08.2660000+00:00</time>
      </trkpt>
      <trkpt lat="46.62394" lon="7.78095">
        <ele>1662.2</ele>
        <time>2026-05-04T02:07:14.3130000+00:00</time>
      </trkpt>
      <trkpt lat="46.62392" lon="7.78096">
        <ele>1662.86</ele>
        <time>2026-05-04T02:07:17.4650000+00:00</time>
      </trkpt>
      <trkpt lat="46.6239" lon="7.78094">
        <ele>1662</ele>
        <time>2026-05-04T02:07:21.0810000+00:00</time>
      </trkpt>
      <trkpt lat="46.62384" lon="7.78091">
        <ele>1660.93</ele>
        <time>2026-05-04T02:07:30.5330000+00:00</time>
      </trkpt>
      <trkpt lat="46.6238" lon="7.78089">
        <ele>1660.2</ele>
        <time>2026-05-04T02:07:36.8340000+00:00</time>
      </trkpt>
      <trkpt lat="46.62374" lon="7.78087">
        <ele>1659.61</ele>
        <time>2026-05-04T02:07:46.0050000+00:00</time>
      </trkpt>
      <trkpt lat="46.62371" lon="7.78086">
        <ele>1659.31</ele>
        <time>2026-05-04T02:07:50.5880000+00:00</time>
      </trkpt>
      <trkpt lat="46.62364" lon="7.78083">
        <ele>1658.34</ele>
        <time>2026-05-04T02:08:01.4590000+00:00</time>
      </trkpt>
      <trkpt lat="46.6236" lon="7.78081">
        <ele>1658.18</ele>
        <time>2026-05-04T02:08:07.7610000+00:00</time>
      </trkpt>
      <trkpt lat="46.62357" lon="7.78079">
        <ele>1657.8</ele>
        <time>2026-05-04T02:08:12.6770000+00:00</time>
      </trkpt>
      <trkpt lat="46.62354" lon="7.78079">
        <ele>1658.47</ele>
        <time>2026-05-04T02:08:17.1460000+00:00</time>
      </trkpt>
      <trkpt lat="46.6235" lon="7.78076">
        <ele>1657.78</ele>
        <time>2026-05-04T02:08:23.8500000+00:00</time>
      </trkpt>
      <trkpt lat="46.62345" lon="7.78071">
        <ele>1656.25</ele>
        <time>2026-05-04T02:08:32.8880000+00:00</time>
      </trkpt>
      <trkpt lat="46.6234" lon="7.78068">
        <ele>1655.77</ele>
        <time>2026-05-04T02:08:40.9450000+00:00</time>
      </trkpt>
      <trkpt lat="46.62337" lon="7.78066">
        <ele>1655.37</ele>
        <time>2026-05-04T02:08:45.8620000+00:00</time>
      </trkpt>
      <trkpt lat="46.62332" lon="7.78063">
        <ele>1654.89</ele>
        <time>2026-05-04T02:08:53.9190000+00:00</time>
      </trkpt>
      <trkpt lat="46.62329" lon="7.78059">
        <ele>1653.42</ele>
        <time>2026-05-04T02:08:59.9810000+00:00</time>
      </trkpt>
      <trkpt lat="46.62326" lon="7.78056">
        <ele>1652.49</ele>
        <time>2026-05-04T02:09:05.4040000+00:00</time>
      </trkpt>
      <trkpt lat="46.62321" lon="7.78053">
        <ele>1651.99</ele>
        <time>2026-05-04T02:09:13.4630000+00:00</time>
      </trkpt>
      <trkpt lat="46.62316" lon="7.7805">
        <ele>1651.49</ele>
        <time>2026-05-04T02:09:21.5200000+00:00</time>
      </trkpt>
      <trkpt lat="46.62311" lon="7.78049">
        <ele>1652.06</ele>
        <time>2026-05-04T02:09:29.0390000+00:00</time>
      </trkpt>
      <trkpt lat="46.62307" lon="7.78049">
        <ele>1652.94</ele>
        <time>2026-05-04T02:09:34.9980000+00:00</time>
      </trkpt>
      <trkpt lat="46.62303" lon="7.78048">
        <ele>1653.29</ele>
        <time>2026-05-04T02:09:41.0450000+00:00</time>
      </trkpt>
      <trkpt lat="46.62299" lon="7.78048">
        <ele>1654.17</ele>
        <time>2026-05-04T02:09:47.0050000+00:00</time>
      </trkpt>
      <trkpt lat="46.62293" lon="7.7805">
        <ele>1656.57</ele>
        <time>2026-05-04T02:09:56.1760000+00:00</time>
      </trkpt>
      <trkpt lat="46.62292" lon="7.78049">
        <ele>1656.25</ele>
        <time>2026-05-04T02:09:57.9750000+00:00</time>
      </trkpt>
      <trkpt lat="46.62288" lon="7.78047">
        <ele>1656.05</ele>
        <time>2026-05-04T02:10:04.2760000+00:00</time>
      </trkpt>
      <trkpt lat="46.62284" lon="7.78045">
        <ele>1655.86</ele>
        <time>2026-05-04T02:10:10.5780000+00:00</time>
      </trkpt>
      <trkpt lat="46.62282" lon="7.78044">
        <ele>1655.75</ele>
        <time>2026-05-04T02:10:13.7250000+00:00</time>
      </trkpt>
      <trkpt lat="46.62278" lon="7.78043">
        <ele>1657.22</ele>
        <time>2026-05-04T02:10:19.7720000+00:00</time>
      </trkpt>
      <trkpt lat="46.62274" lon="7.78042">
        <ele>1658.88</ele>
        <time>2026-05-04T02:10:25.8190000+00:00</time>
      </trkpt>
      <trkpt lat="46.62271" lon="7.78039">
        <ele>1658.94</ele>
        <time>2026-05-04T02:10:31.2430000+00:00</time>
      </trkpt>
      <trkpt lat="46.62264" lon="7.7803">
        <ele>1658.13</ele>
        <time>2026-05-04T02:10:45.1560000+00:00</time>
      </trkpt>
      <trkpt lat="46.62264" lon="7.78028">
        <ele>1657.09</ele>
        <time>2026-05-04T02:10:47.2070000+00:00</time>
      </trkpt>
      <trkpt lat="46.62259" lon="7.78022">
        <ele>1656.83</ele>
        <time>2026-05-04T02:10:56.8610000+00:00</time>
      </trkpt>
      <trkpt lat="46.62257" lon="7.78018">
        <ele>1655.95</ele>
        <time>2026-05-04T02:11:01.9270000+00:00</time>
      </trkpt>
      <trkpt lat="46.62254" lon="7.78012">
        <ele>1655.08</ele>
        <time>2026-05-04T02:11:09.5220000+00:00</time>
      </trkpt>
      <trkpt lat="46.6225" lon="7.78006">
        <ele>1654.75</ele>
        <time>2026-05-04T02:11:18.0790000+00:00</time>
      </trkpt>
      <trkpt lat="46.62246" lon="7.77998">
        <ele>1653.51</ele>
        <time>2026-05-04T02:11:28.2040000+00:00</time>
      </trkpt>
      <trkpt lat="46.62243" lon="7.77989">
        <ele>1651.21</ele>
        <time>2026-05-04T02:11:38.4410000+00:00</time>
      </trkpt>
      <trkpt lat="46.62241" lon="7.77985">
        <ele>1650.54</ele>
        <time>2026-05-04T02:11:43.5030000+00:00</time>
      </trkpt>
      <trkpt lat="46.62237" lon="7.77977">
        <ele>1649.15</ele>
        <time>2026-05-04T02:11:53.6290000+00:00</time>
      </trkpt>
      <trkpt lat="46.62234" lon="7.77971">
        <ele>1648.08</ele>
        <time>2026-05-04T02:12:01.2230000+00:00</time>
      </trkpt>
      <trkpt lat="46.62231" lon="7.77961">
        <ele>1645.17</ele>
        <time>2026-05-04T02:12:12.3900000+00:00</time>
      </trkpt>
      <trkpt lat="46.6223" lon="7.77957">
        <ele>1643.88</ele>
        <time>2026-05-04T02:12:16.7470000+00:00</time>
      </trkpt>
      <trkpt lat="46.6223" lon="7.7795">
        <ele>1640.71</ele>
        <time>2026-05-04T02:12:23.9100000+00:00</time>
      </trkpt>
      <trkpt lat="46.62229" lon="7.77947">
        <ele>1639.87</ele>
        <time>2026-05-04T02:12:27.3230000+00:00</time>
      </trkpt>
      <trkpt lat="46.62227" lon="7.77944">
        <ele>1639.53</ele>
        <time>2026-05-04T02:12:31.6030000+00:00</time>
      </trkpt>
      <trkpt lat="46.62226" lon="7.77941">
        <ele>1638.67</ele>
        <time>2026-05-04T02:12:35.0160000+00:00</time>
      </trkpt>
      <trkpt lat="46.62224" lon="7.77937">
        <ele>1637.86</ele>
        <time>2026-05-04T02:12:40.0790000+00:00</time>
      </trkpt>
      <trkpt lat="46.62222" lon="7.77936">
        <ele>1638.41</ele>
        <time>2026-05-04T02:12:43.2280000+00:00</time>
      </trkpt>
      <trkpt lat="46.62219" lon="7.77933">
        <ele>1638.86</ele>
        <time>2026-05-04T02:12:48.6490000+00:00</time>
      </trkpt>
      <trkpt lat="46.62217" lon="7.77932">
        <ele>1639.57</ele>
        <time>2026-05-04T02:12:51.7980000+00:00</time>
      </trkpt>
      <trkpt lat="46.62216" lon="7.77931">
        <ele>1639.77</ele>
        <time>2026-05-04T02:12:53.6020000+00:00</time>
      </trkpt>
      <trkpt lat="46.62212" lon="7.7793">
        <ele>1641.51</ele>
        <time>2026-05-04T02:12:59.6480000+00:00</time>
      </trkpt>
      <trkpt lat="46.62208" lon="7.77931">
        <ele>1643.84</ele>
        <time>2026-05-04T02:13:05.6940000+00:00</time>
      </trkpt>
      <trkpt lat="46.62205" lon="7.77932">
        <ele>1645.66</ele>
        <time>2026-05-04T02:13:10.2800000+00:00</time>
      </trkpt>
      <trkpt lat="46.62202" lon="7.77932">
        <ele>1647.18</ele>
        <time>2026-05-04T02:13:14.7520000+00:00</time>
      </trkpt>
      <trkpt lat="46.62199" lon="7.7793">
        <ele>1648.12</ele>
        <time>2026-05-04T02:13:19.6690000+00:00</time>
      </trkpt>
      <trkpt lat="46.62197" lon="7.7793">
        <ele>1648.95</ele>
        <time>2026-05-04T02:13:22.6490000+00:00</time>
      </trkpt>
      <trkpt lat="46.62194" lon="7.77931">
        <ele>1650.3</ele>
        <time>2026-05-04T02:13:27.2360000+00:00</time>
      </trkpt>
      <trkpt lat="46.6219" lon="7.77932">
        <ele>1652.02</ele>
        <time>2026-05-04T02:13:33.2830000+00:00</time>
      </trkpt>
      <trkpt lat="46.62187" lon="7.77933">
        <ele>1653.39</ele>
        <time>2026-05-04T02:13:37.8690000+00:00</time>
      </trkpt>
      <trkpt lat="46.62185" lon="7.77934">
        <ele>1654.42</ele>
        <time>2026-05-04T02:13:41.0210000+00:00</time>
      </trkpt>
      <trkpt lat="46.62182" lon="7.77933">
        <ele>1655.18</ele>
        <time>2026-05-04T02:13:45.6080000+00:00</time>
      </trkpt>
      <trkpt lat="46.62179" lon="7.77932">
        <ele>1655.92</ele>
        <time>2026-05-04T02:13:50.1920000+00:00</time>
      </trkpt>
      <trkpt lat="46.62176" lon="7.77933">
        <ele>1657.32</ele>
        <time>2026-05-04T02:13:54.7770000+00:00</time>
      </trkpt>
      <trkpt lat="46.62173" lon="7.77934">
        <ele>1658.72</ele>
        <time>2026-05-04T02:13:59.3610000+00:00</time>
      </trkpt>
      <trkpt lat="46.62171" lon="7.77935">
        <ele>1659.77</ele>
        <time>2026-05-04T02:14:02.5110000+00:00</time>
      </trkpt>
      <trkpt lat="46.62169" lon="7.77935">
        <ele>1660.49</ele>
        <time>2026-05-04T02:14:05.4910000+00:00</time>
      </trkpt>
      <trkpt lat="46.62168" lon="7.77932">
        <ele>1659.83</ele>
        <time>2026-05-04T02:14:08.9050000+00:00</time>
      </trkpt>
      <trkpt lat="46.62166" lon="7.77927">
        <ele>1658.82</ele>
        <time>2026-05-04T02:14:14.8250000+00:00</time>
      </trkpt>
      <trkpt lat="46.62163" lon="7.77916">
        <ele>1656.02</ele>
        <time>2026-05-04T02:14:26.9350000+00:00</time>
      </trkpt>
      <trkpt lat="46.62161" lon="7.77912">
        <ele>1655.26</ele>
        <time>2026-05-04T02:14:31.9990000+00:00</time>
      </trkpt>
      <trkpt lat="46.62157" lon="7.77909">
        <ele>1655.47</ele>
        <time>2026-05-04T02:14:38.7040000+00:00</time>
      </trkpt>
      <trkpt lat="46.62153" lon="7.77906">
        <ele>1655.63</ele>
        <time>2026-05-04T02:14:45.4070000+00:00</time>
      </trkpt>
      <trkpt lat="46.62151" lon="7.77906">
        <ele>1656.25</ele>
        <time>2026-05-04T02:14:48.3850000+00:00</time>
      </trkpt>
      <trkpt lat="46.62146" lon="7.77902">
        <ele>1656.28</ele>
        <time>2026-05-04T02:14:56.8850000+00:00</time>
      </trkpt>
      <trkpt lat="46.62144" lon="7.77898">
        <ele>1655.36</ele>
        <time>2026-05-04T02:15:01.9490000+00:00</time>
      </trkpt>
      <trkpt lat="46.62142" lon="7.77896">
        <ele>1655.18</ele>
        <time>2026-05-04T02:15:05.5650000+00:00</time>
      </trkpt>
      <trkpt lat="46.62139" lon="7.77895">
        <ele>1655.67</ele>
        <time>2026-05-04T02:15:10.1510000+00:00</time>
      </trkpt>
      <trkpt lat="46.62135" lon="7.77895">
        <ele>1656.83</ele>
        <time>2026-05-04T02:15:16.1120000+00:00</time>
      </trkpt>
      <trkpt lat="46.6213" lon="7.77894">
        <ele>1657.88</ele>
        <time>2026-05-04T02:15:23.6320000+00:00</time>
      </trkpt>
      <trkpt lat="46.62127" lon="7.77894">
        <ele>1658.75</ele>
        <time>2026-05-04T02:15:28.1000000+00:00</time>
      </trkpt>
      <trkpt lat="46.62124" lon="7.77892">
        <ele>1658.79</ele>
        <time>2026-05-04T02:15:33.0170000+00:00</time>
      </trkpt>
      <trkpt lat="46.6212" lon="7.77894">
        <ele>1660.78</ele>
        <time>2026-05-04T02:15:39.3190000+00:00</time>
      </trkpt>
      <trkpt lat="46.62117" lon="7.77894">
        <ele>1661.64</ele>
        <time>2026-05-04T02:15:43.7870000+00:00</time>
      </trkpt>
      <trkpt lat="46.62112" lon="7.77894">
        <ele>1661.72</ele>
        <time>2026-05-04T02:15:51.2360000+00:00</time>
      </trkpt>
      <trkpt lat="46.62108" lon="7.77891">
        <ele>1659.77</ele>
        <time>2026-05-04T02:15:57.9390000+00:00</time>
      </trkpt>
      <trkpt lat="46.62104" lon="7.77889">
        <ele>1658.29</ele>
        <time>2026-05-04T02:16:04.2400000+00:00</time>
      </trkpt>
      <trkpt lat="46.62099" lon="7.77889">
        <ele>1657.47</ele>
        <time>2026-05-04T02:16:11.6900000+00:00</time>
      </trkpt>
      <trkpt lat="46.62093" lon="7.77889">
        <ele>1656.48</ele>
        <time>2026-05-04T02:16:20.6310000+00:00</time>
      </trkpt>
      <trkpt lat="46.62089" lon="7.77889">
        <ele>1655.82</ele>
        <time>2026-05-04T02:16:26.5900000+00:00</time>
      </trkpt>
      <trkpt lat="46.62085" lon="7.77888">
        <ele>1654.83</ele>
        <time>2026-05-04T02:16:32.6380000+00:00</time>
      </trkpt>
      <trkpt lat="46.62078" lon="7.77885">
        <ele>1652.79</ele>
        <time>2026-05-04T02:16:43.5100000+00:00</time>
      </trkpt>
      <trkpt lat="46.6207" lon="7.77882">
        <ele>1650.75</ele>
        <time>2026-05-04T02:16:55.8170000+00:00</time>
      </trkpt>
      <trkpt lat="46.62064" lon="7.7788">
        <ele>1649.39</ele>
        <time>2026-05-04T02:17:04.9880000+00:00</time>
      </trkpt>
      <trkpt lat="46.62056" lon="7.77878">
        <ele>1647.87</ele>
        <time>2026-05-04T02:17:17.0810000+00:00</time>
      </trkpt>
      <trkpt lat="46.6205" lon="7.77876">
        <ele>1646.69</ele>
        <time>2026-05-04T02:17:26.2520000+00:00</time>
      </trkpt>
      <trkpt lat="46.62042" lon="7.77876">
        <ele>1645.73</ele>
        <time>2026-05-04T02:17:38.1710000+00:00</time>
      </trkpt>
      <trkpt lat="46.62035" lon="7.77876">
        <ele>1644.89</ele>
        <time>2026-05-04T02:17:48.6000000+00:00</time>
      </trkpt>
      <trkpt lat="46.6203" lon="7.77877">
        <ele>1643.94</ele>
        <time>2026-05-04T02:17:56.1190000+00:00</time>
      </trkpt>
      <trkpt lat="46.62025" lon="7.77877">
        <ele>1641.82</ele>
        <time>2026-05-04T02:18:03.5680000+00:00</time>
      </trkpt>
      <trkpt lat="46.62021" lon="7.77877">
        <ele>1640.12</ele>
        <time>2026-05-04T02:18:09.5290000+00:00</time>
      </trkpt>
      <trkpt lat="46.62018" lon="7.77875">
        <ele>1638.6</ele>
        <time>2026-05-04T02:18:14.4450000+00:00</time>
      </trkpt>
      <trkpt lat="46.62015" lon="7.77873">
        <ele>1637.1</ele>
        <time>2026-05-04T02:18:19.3620000+00:00</time>
      </trkpt>
      <trkpt lat="46.62012" lon="7.77874">
        <ele>1635.96</ele>
        <time>2026-05-04T02:18:23.9480000+00:00</time>
      </trkpt>
      <trkpt lat="46.62009" lon="7.77876">
        <ele>1634.92</ele>
        <time>2026-05-04T02:18:28.8650000+00:00</time>
      </trkpt>
      <trkpt lat="46.62006" lon="7.77877">
        <ele>1633.75</ele>
        <time>2026-05-04T02:18:33.4500000+00:00</time>
      </trkpt>
      <trkpt lat="46.62004" lon="7.77878">
        <ele>1633.01</ele>
        <time>2026-05-04T02:18:36.6020000+00:00</time>
      </trkpt>
      <trkpt lat="46.62001" lon="7.7788">
        <ele>1631.92</ele>
        <time>2026-05-04T02:18:41.5180000+00:00</time>
      </trkpt>
      <trkpt lat="46.61997" lon="7.77884">
        <ele>1630.56</ele>
        <time>2026-05-04T02:18:48.7490000+00:00</time>
      </trkpt>
      <trkpt lat="46.61992" lon="7.77888">
        <ele>1628.71</ele>
        <time>2026-05-04T02:18:57.2490000+00:00</time>
      </trkpt>
      <trkpt lat="46.6199" lon="7.77894">
        <ele>1628.29</ele>
        <time>2026-05-04T02:19:04.0740000+00:00</time>
      </trkpt>
      <trkpt lat="46.61986" lon="7.77906">
        <ele>1627.35</ele>
        <time>2026-05-04T02:19:17.7230000+00:00</time>
      </trkpt>
      <trkpt lat="46.61984" lon="7.77907">
        <ele>1626.47</ele>
        <time>2026-05-04T02:19:20.8730000+00:00</time>
      </trkpt>
      <trkpt lat="46.61982" lon="7.77905">
        <ele>1625.4</ele>
        <time>2026-05-04T02:19:24.4890000+00:00</time>
      </trkpt>
      <trkpt lat="46.61981" lon="7.77906">
        <ele>1624.99</ele>
        <time>2026-05-04T02:19:26.2960000+00:00</time>
      </trkpt>
      <trkpt lat="46.6198" lon="7.7791">
        <ele>1624.77</ele>
        <time>2026-05-04T02:19:30.6530000+00:00</time>
      </trkpt>
      <trkpt lat="46.61979" lon="7.77915">
        <ele>1624.6</ele>
        <time>2026-05-04T02:19:35.9830000+00:00</time>
      </trkpt>
      <trkpt lat="46.61977" lon="7.77922">
        <ele>1624.03</ele>
        <time>2026-05-04T02:19:43.7420000+00:00</time>
      </trkpt>
      <trkpt lat="46.61976" lon="7.77924">
        <ele>1623.65</ele>
        <time>2026-05-04T02:19:46.2730000+00:00</time>
      </trkpt>
      <trkpt lat="46.61975" lon="7.7793">
        <ele>1623.48</ele>
        <time>2026-05-04T02:19:52.5920000+00:00</time>
      </trkpt>
      <trkpt lat="46.61973" lon="7.77932">
        <ele>1622.56</ele>
        <time>2026-05-04T02:19:56.2080000+00:00</time>
      </trkpt>
      <trkpt lat="46.61971" lon="7.77932">
        <ele>1621.54</ele>
        <time>2026-05-04T02:19:59.1860000+00:00</time>
      </trkpt>
      <trkpt lat="46.61969" lon="7.77935">
        <ele>1620.65</ele>
        <time>2026-05-04T02:20:03.4660000+00:00</time>
      </trkpt>
      <trkpt lat="46.61968" lon="7.77939">
        <ele>1620.37</ele>
        <time>2026-05-04T02:20:07.8210000+00:00</time>
      </trkpt>
      <trkpt lat="46.61967" lon="7.7794">
        <ele>1619.9</ele>
        <time>2026-05-04T02:20:09.6240000+00:00</time>
      </trkpt>
      <trkpt lat="46.61966" lon="7.77942">
        <ele>1619.49</ele>
        <time>2026-05-04T02:20:12.1550000+00:00</time>
      </trkpt>
      <trkpt lat="46.61965" lon="7.77945">
        <ele>1619.13</ele>
        <time>2026-05-04T02:20:15.5690000+00:00</time>
      </trkpt>
      <trkpt lat="46.61963" lon="7.7795">
        <ele>1618.34</ele>
        <time>2026-05-04T02:20:21.4890000+00:00</time>
      </trkpt>
      <trkpt lat="46.6196" lon="7.77956">
        <ele>1617.04</ele>
        <time>2026-05-04T02:20:29.0830000+00:00</time>
      </trkpt>
      <trkpt lat="46.61958" lon="7.77958">
        <ele>1616.05</ele>
        <time>2026-05-04T02:20:32.6980000+00:00</time>
      </trkpt>
      <trkpt lat="46.61951" lon="7.77947">
        <ele>1611.82</ele>
        <time>2026-05-04T02:20:48.0430000+00:00</time>
      </trkpt>
      <trkpt lat="46.61953" lon="7.77942">
        <ele>1612.68</ele>
        <time>2026-05-04T02:20:53.9630000+00:00</time>
      </trkpt>
      <trkpt lat="46.61951" lon="7.7794">
        <ele>1611.55</ele>
        <time>2026-05-04T02:20:57.5790000+00:00</time>
      </trkpt>
      <trkpt lat="46.6195" lon="7.77936">
        <ele>1610.87</ele>
        <time>2026-05-04T02:21:01.9360000+00:00</time>
      </trkpt>
      <trkpt lat="46.61949" lon="7.77936">
        <ele>1610.36</ele>
        <time>2026-05-04T02:21:03.4250000+00:00</time>
      </trkpt>
      <trkpt lat="46.61948" lon="7.77938">
        <ele>1609.85</ele>
        <time>2026-05-04T02:21:05.9560000+00:00</time>
      </trkpt>
      <trkpt lat="46.61946" lon="7.77935">
        <ele>1608.37</ele>
        <time>2026-05-04T02:21:10.2360000+00:00</time>
      </trkpt>
      <trkpt lat="46.61943" lon="7.7794">
        <ele>1606.47</ele>
        <time>2026-05-04T02:21:17.0290000+00:00</time>
      </trkpt>
      <trkpt lat="46.6194" lon="7.77935">
        <ele>1604.27</ele>
        <time>2026-05-04T02:21:23.8220000+00:00</time>
      </trkpt>
      <trkpt lat="46.61937" lon="7.77932">
        <ele>1602.19</ele>
        <time>2026-05-04T02:21:29.2440000+00:00</time>
      </trkpt>
      <trkpt lat="46.61936" lon="7.77932">
        <ele>1601.5</ele>
        <time>2026-05-04T02:21:30.7330000+00:00</time>
      </trkpt>
      <trkpt lat="46.61935" lon="7.77934">
        <ele>1600.83</ele>
        <time>2026-05-04T02:21:33.2640000+00:00</time>
      </trkpt>
      <trkpt lat="46.61934" lon="7.77932">
        <ele>1600.13</ele>
        <time>2026-05-04T02:21:35.7990000+00:00</time>
      </trkpt>
      <trkpt lat="46.61934" lon="7.7793">
        <ele>1600.12</ele>
        <time>2026-05-04T02:21:37.8500000+00:00</time>
      </trkpt>
      <trkpt lat="46.61932" lon="7.77926">
        <ele>1598.72</ele>
        <time>2026-05-04T02:21:42.9140000+00:00</time>
      </trkpt>
      <trkpt lat="46.61932" lon="7.77919">
        <ele>1598.67</ele>
        <time>2026-05-04T02:21:50.0780000+00:00</time>
      </trkpt>
      <trkpt lat="46.61931" lon="7.77912">
        <ele>1597.94</ele>
        <time>2026-05-04T02:21:57.3960000+00:00</time>
      </trkpt>
      <trkpt lat="46.61923" lon="7.7792">
        <ele>1592.56</ele>
        <time>2026-05-04T02:22:11.8560000+00:00</time>
      </trkpt>
      <trkpt lat="46.61923" lon="7.77917">
        <ele>1592.54</ele>
        <time>2026-05-04T02:22:14.9270000+00:00</time>
      </trkpt>
      <trkpt lat="46.6192" lon="7.77913">
        <ele>1590.49</ele>
        <time>2026-05-04T02:22:20.9870000+00:00</time>
      </trkpt>
      <trkpt lat="46.61915" lon="7.77917">
        <ele>1587.11</ele>
        <time>2026-05-04T02:22:29.4880000+00:00</time>
      </trkpt>
      <trkpt lat="46.61916" lon="7.77911">
        <ele>1587.77</ele>
        <time>2026-05-04T02:22:35.8080000+00:00</time>
      </trkpt>
      <trkpt lat="46.61917" lon="7.77906">
        <ele>1588.43</ele>
        <time>2026-05-04T02:22:41.1380000+00:00</time>
      </trkpt>
      <trkpt lat="46.61919" lon="7.77891">
        <ele>1589.73</ele>
        <time>2026-05-04T02:22:56.7750000+00:00</time>
      </trkpt>
      <trkpt lat="46.61921" lon="7.77878">
        <ele>1591.02</ele>
        <time>2026-05-04T02:23:10.4070000+00:00</time>
      </trkpt>
      <trkpt lat="46.61926" lon="7.77864">
        <ele>1594.29</ele>
        <time>2026-05-04T02:23:26.5550000+00:00</time>
      </trkpt>
      <trkpt lat="46.61928" lon="7.77855">
        <ele>1595.56</ele>
        <time>2026-05-04T02:23:36.2340000+00:00</time>
      </trkpt>
      <trkpt lat="46.6193" lon="7.77848">
        <ele>1595.92</ele>
        <time>2026-05-04T02:23:43.9920000+00:00</time>
      </trkpt>
      <trkpt lat="46.61931" lon="7.77837">
        <ele>1593.85</ele>
        <time>2026-05-04T02:23:55.3470000+00:00</time>
      </trkpt>
      <trkpt lat="46.61929" lon="7.77835">
        <ele>1591.99</ele>
        <time>2026-05-04T02:23:58.9630000+00:00</time>
      </trkpt>
      <trkpt lat="46.61926" lon="7.77835">
        <ele>1589.95</ele>
        <time>2026-05-04T02:24:03.4310000+00:00</time>
      </trkpt>
      <trkpt lat="46.61918" lon="7.7784">
        <ele>1585.83</ele>
        <time>2026-05-04T02:24:16.4020000+00:00</time>
      </trkpt>
      <trkpt lat="46.61914" lon="7.77843">
        <ele>1583.94</ele>
        <time>2026-05-04T02:24:23.1050000+00:00</time>
      </trkpt>
      <trkpt lat="46.6191" lon="7.77846">
        <ele>1582.07</ele>
        <time>2026-05-04T02:24:29.8090000+00:00</time>
      </trkpt>
      <trkpt lat="46.61907" lon="7.77849">
        <ele>1580.9</ele>
        <time>2026-05-04T02:24:35.2320000+00:00</time>
      </trkpt>
      <trkpt lat="46.61905" lon="7.77852">
        <ele>1580.35</ele>
        <time>2026-05-04T02:24:39.5110000+00:00</time>
      </trkpt>
      <trkpt lat="46.61898" lon="7.77856">
        <ele>1575.71</ele>
        <time>2026-05-04T02:24:50.7150000+00:00</time>
      </trkpt>
      <trkpt lat="46.61891" lon="7.77858">
        <ele>1571.07</ele>
        <time>2026-05-04T02:25:01.3440000+00:00</time>
      </trkpt>
      <trkpt lat="46.61883" lon="7.7786">
        <ele>1565.76</ele>
        <time>2026-05-04T02:25:13.4370000+00:00</time>
      </trkpt>
      <trkpt lat="46.61882" lon="7.77853">
        <ele>1565.15</ele>
        <time>2026-05-04T02:25:20.7520000+00:00</time>
      </trkpt>
      <trkpt lat="46.61881" lon="7.77848">
        <ele>1563.33</ele>
        <time>2026-05-04T02:25:26.0830000+00:00</time>
      </trkpt>
      <trkpt lat="46.61878" lon="7.77846">
        <ele>1560.72</ele>
        <time>2026-05-04T02:25:30.9990000+00:00</time>
      </trkpt>
      <trkpt lat="46.61874" lon="7.77845">
        <ele>1557.74</ele>
        <time>2026-05-04T02:25:37.0450000+00:00</time>
      </trkpt>
      <trkpt lat="46.61871" lon="7.77848">
        <ele>1556.69</ele>
        <time>2026-05-04T02:25:42.4690000+00:00</time>
      </trkpt>
      <trkpt lat="46.61867" lon="7.77848">
        <ele>1554.03</ele>
        <time>2026-05-04T02:25:48.4300000+00:00</time>
      </trkpt>
      <trkpt lat="46.61863" lon="7.77852">
        <ele>1552.35</ele>
        <time>2026-05-04T02:25:55.6600000+00:00</time>
      </trkpt>
      <trkpt lat="46.61857" lon="7.77855">
        <ele>1547.6</ele>
        <time>2026-05-04T02:26:05.1130000+00:00</time>
      </trkpt>
      <trkpt lat="46.61852" lon="7.7786">
        <ele>1543.54</ele>
        <time>2026-05-04T02:26:14.1510000+00:00</time>
      </trkpt>
      <trkpt lat="46.61847" lon="7.77862">
        <ele>1539.52</ele>
        <time>2026-05-04T02:26:21.8780000+00:00</time>
      </trkpt>
      <trkpt lat="46.6184" lon="7.77864">
        <ele>1533.9</ele>
        <time>2026-05-04T02:26:32.5060000+00:00</time>
      </trkpt>
      <trkpt lat="46.61838" lon="7.77861">
        <ele>1532.44</ele>
        <time>2026-05-04T02:26:36.7860000+00:00</time>
      </trkpt>
      <trkpt lat="46.61834" lon="7.77855">
        <ele>1529.56</ele>
        <time>2026-05-04T02:26:45.3430000+00:00</time>
      </trkpt>
      <trkpt lat="46.61832" lon="7.77858">
        <ele>1527.84</ele>
        <time>2026-05-04T02:26:49.6190000+00:00</time>
      </trkpt>
      <trkpt lat="46.61828" lon="7.77865">
        <ele>1524.3</ele>
        <time>2026-05-04T02:26:58.9370000+00:00</time>
      </trkpt>
      <trkpt lat="46.61825" lon="7.77873">
        <ele>1521.45</ele>
        <time>2026-05-04T02:27:08.2660000+00:00</time>
      </trkpt>
      <trkpt lat="46.61824" lon="7.77876">
        <ele>1520.47</ele>
        <time>2026-05-04T02:27:11.6790000+00:00</time>
      </trkpt>
      <trkpt lat="46.61823" lon="7.77872">
        <ele>1519.9</ele>
        <time>2026-05-04T02:27:16.0340000+00:00</time>
      </trkpt>
      <trkpt lat="46.61821" lon="7.77875">
        <ele>1518.1</ele>
        <time>2026-05-04T02:27:20.3100000+00:00</time>
      </trkpt>
      <trkpt lat="46.61819" lon="7.77882">
        <ele>1516.03</ele>
        <time>2026-05-04T02:27:28.0680000+00:00</time>
      </trkpt>
      <trkpt lat="46.61816" lon="7.77888">
        <ele>1513.17</ele>
        <time>2026-05-04T02:27:35.6640000+00:00</time>
      </trkpt>
      <trkpt lat="46.61815" lon="7.77886">
        <ele>1512.49</ele>
        <time>2026-05-04T02:27:38.2020000+00:00</time>
      </trkpt>
      <trkpt lat="46.61815" lon="7.77881">
        <ele>1512.84</ele>
        <time>2026-05-04T02:27:43.3190000+00:00</time>
      </trkpt>
      <trkpt lat="46.61811" lon="7.77877">
        <ele>1509.88</ele>
        <time>2026-05-04T02:27:50.5490000+00:00</time>
      </trkpt>
      <trkpt lat="46.6181" lon="7.77874">
        <ele>1509.3</ele>
        <time>2026-05-04T02:27:53.9620000+00:00</time>
      </trkpt>
      <trkpt lat="46.61809" lon="7.77871">
        <ele>1508.72</ele>
        <time>2026-05-04T02:27:57.3760000+00:00</time>
      </trkpt>
      <trkpt lat="46.61808" lon="7.77864">
        <ele>1508.46</ele>
        <time>2026-05-04T02:28:04.6920000+00:00</time>
      </trkpt>
      <trkpt lat="46.61806" lon="7.77862">
        <ele>1507.03</ele>
        <time>2026-05-04T02:28:08.3080000+00:00</time>
      </trkpt>
      <trkpt lat="46.61805" lon="7.77864">
        <ele>1506.08</ele>
        <time>2026-05-04T02:28:10.8390000+00:00</time>
      </trkpt>
      <trkpt lat="46.61804" lon="7.77868">
        <ele>1504.95</ele>
        <time>2026-05-04T02:28:15.1940000+00:00</time>
      </trkpt>
      <trkpt lat="46.61802" lon="7.77875">
        <ele>1502.76</ele>
        <time>2026-05-04T02:28:22.9520000+00:00</time>
      </trkpt>
      <trkpt lat="46.618" lon="7.77881">
        <ele>1500.62</ele>
        <time>2026-05-04T02:28:29.7780000+00:00</time>
      </trkpt>
      <trkpt lat="46.61796" lon="7.77884">
        <ele>1497.09</ele>
        <time>2026-05-04T02:28:36.4830000+00:00</time>
      </trkpt>
      <trkpt lat="46.61795" lon="7.77888">
        <ele>1495.9</ele>
        <time>2026-05-04T02:28:40.8380000+00:00</time>
      </trkpt>
      <trkpt lat="46.61795" lon="7.77894">
        <ele>1495.34</ele>
        <time>2026-05-04T02:28:46.9780000+00:00</time>
      </trkpt>
      <trkpt lat="46.61796" lon="7.77904">
        <ele>1495.26</ele>
        <time>2026-05-04T02:28:57.3200000+00:00</time>
      </trkpt>
      <trkpt lat="46.61797" lon="7.77914">
        <ele>1495.19</ele>
        <time>2026-05-04T02:29:07.6620000+00:00</time>
      </trkpt>
      <trkpt lat="46.618" lon="7.77922">
        <ele>1497.05</ele>
        <time>2026-05-04T02:29:16.9900000+00:00</time>
      </trkpt>
      <trkpt lat="46.61804" lon="7.77932">
        <ele>1499.67</ele>
        <time>2026-05-04T02:29:28.8330000+00:00</time>
      </trkpt>
      <trkpt lat="46.61806" lon="7.77938">
        <ele>1501.26</ele>
        <time>2026-05-04T02:29:35.6570000+00:00</time>
      </trkpt>
      <trkpt lat="46.61807" lon="7.77944">
        <ele>1502.3</ele>
        <time>2026-05-04T02:29:41.9750000+00:00</time>
      </trkpt>
      <trkpt lat="46.61806" lon="7.77949">
        <ele>1501.57</ele>
        <time>2026-05-04T02:29:47.3040000+00:00</time>
      </trkpt>
      <trkpt lat="46.61807" lon="7.77964">
        <ele>1502.84</ele>
        <time>2026-05-04T02:30:02.7270000+00:00</time>
      </trkpt>
      <trkpt lat="46.61808" lon="7.77972">
        <ele>1503.89</ele>
        <time>2026-05-04T02:30:11.0480000+00:00</time>
      </trkpt>
      <trkpt lat="46.61806" lon="7.77977">
        <ele>1502.38</ele>
        <time>2026-05-04T02:30:16.9690000+00:00</time>
      </trkpt>
      <trkpt lat="46.61805" lon="7.77984">
        <ele>1501.77</ele>
        <time>2026-05-04T02:30:24.2850000+00:00</time>
      </trkpt>
      <trkpt lat="46.61804" lon="7.77988">
        <ele>1501.08</ele>
        <time>2026-05-04T02:30:28.6390000+00:00</time>
      </trkpt>
      <trkpt lat="46.61803" lon="7.77994">
        <ele>1500.47</ele>
        <time>2026-05-04T02:30:34.9590000+00:00</time>
      </trkpt>
      <trkpt lat="46.61803" lon="7.78001">
        <ele>1500.69</ele>
        <time>2026-05-04T02:30:42.1230000+00:00</time>
      </trkpt>
      <trkpt lat="46.61801" lon="7.77996">
        <ele>1498.94</ele>
        <time>2026-05-04T02:30:48.0440000+00:00</time>
      </trkpt>
      <trkpt lat="46.61799" lon="7.77991">
        <ele>1497.15</ele>
        <time>2026-05-04T02:30:53.9660000+00:00</time>
      </trkpt>
      <trkpt lat="46.61798" lon="7.77984">
        <ele>1496.07</ele>
        <time>2026-05-04T02:31:01.2820000+00:00</time>
      </trkpt>
      <trkpt lat="46.61795" lon="7.77978">
        <ele>1493.38</ele>
        <time>2026-05-04T02:31:08.8760000+00:00</time>
      </trkpt>
      <trkpt lat="46.61791" lon="7.77974">
        <ele>1489.9</ele>
        <time>2026-05-04T02:31:16.1050000+00:00</time>
      </trkpt>
      <trkpt lat="46.61788" lon="7.77966">
        <ele>1487</ele>
        <time>2026-05-04T02:31:25.4320000+00:00</time>
      </trkpt>
      <trkpt lat="46.61786" lon="7.77964">
        <ele>1485.22</ele>
        <time>2026-05-04T02:31:29.0480000+00:00</time>
      </trkpt>
      <trkpt lat="46.61783" lon="7.77959">
        <ele>1482.41</ele>
        <time>2026-05-04T02:31:35.8430000+00:00</time>
      </trkpt>
      <trkpt lat="46.61781" lon="7.77953">
        <ele>1480.54</ele>
        <time>2026-05-04T02:31:42.6690000+00:00</time>
      </trkpt>
      <trkpt lat="46.6178" lon="7.77953">
        <ele>1479.91</ele>
        <time>2026-05-04T02:31:44.1570000+00:00</time>
      </trkpt>
      <trkpt lat="46.61779" lon="7.77955">
        <ele>1479.41</ele>
        <time>2026-05-04T02:31:46.6890000+00:00</time>
      </trkpt>
      <trkpt lat="46.6178" lon="7.77958">
        <ele>1480.23</ele>
        <time>2026-05-04T02:31:50.1020000+00:00</time>
      </trkpt>
      <trkpt lat="46.61778" lon="7.77967">
        <ele>1479.61</ele>
        <time>2026-05-04T02:31:59.7820000+00:00</time>
      </trkpt>
      <trkpt lat="46.61777" lon="7.77968">
        <ele>1479.09</ele>
        <time>2026-05-04T02:32:01.5900000+00:00</time>
      </trkpt>
      <trkpt lat="46.61776" lon="7.77966">
        <ele>1478.34</ele>
        <time>2026-05-04T02:32:04.1210000+00:00</time>
      </trkpt>
      <trkpt lat="46.61776" lon="7.77962">
        <ele>1478.05</ele>
        <time>2026-05-04T02:32:08.2120000+00:00</time>
      </trkpt>
      <trkpt lat="46.61773" lon="7.77961">
        <ele>1476.14</ele>
        <time>2026-05-04T02:32:12.7940000+00:00</time>
      </trkpt>
      <trkpt lat="46.61771" lon="7.77957">
        <ele>1474.57</ele>
        <time>2026-05-04T02:32:17.8570000+00:00</time>
      </trkpt>
      <trkpt lat="46.61769" lon="7.77952">
        <ele>1472.88</ele>
        <time>2026-05-04T02:32:23.7790000+00:00</time>
      </trkpt>
      <trkpt lat="46.61767" lon="7.77952">
        <ele>1471.61</ele>
        <time>2026-05-04T02:32:26.7560000+00:00</time>
      </trkpt>
      <trkpt lat="46.61764" lon="7.77946">
        <ele>1469.1</ele>
        <time>2026-05-04T02:32:34.3500000+00:00</time>
      </trkpt>
      <trkpt lat="46.6176" lon="7.77943">
        <ele>1466.18</ele>
        <time>2026-05-04T02:32:41.0540000+00:00</time>
      </trkpt>
      <trkpt lat="46.61757" lon="7.7794">
        <ele>1463.87</ele>
        <time>2026-05-04T02:32:46.4770000+00:00</time>
      </trkpt>
      <trkpt lat="46.61756" lon="7.77937">
        <ele>1462.85</ele>
        <time>2026-05-04T02:32:49.8900000+00:00</time>
      </trkpt>
      <trkpt lat="46.61752" lon="7.77936">
        <ele>1460.05</ele>
        <time>2026-05-04T02:32:55.9380000+00:00</time>
      </trkpt>
      <trkpt lat="46.61751" lon="7.77934">
        <ele>1459.31</ele>
        <time>2026-05-04T02:32:58.4690000+00:00</time>
      </trkpt>
      <trkpt lat="46.6175" lon="7.77931">
        <ele>1458.79</ele>
        <time>2026-05-04T02:33:01.8800000+00:00</time>
      </trkpt>
      <trkpt lat="46.61748" lon="7.77926">
        <ele>1457.68</ele>
        <time>2026-05-04T02:33:07.8000000+00:00</time>
      </trkpt>
      <trkpt lat="46.61747" lon="7.77924">
        <ele>1457.09</ele>
        <time>2026-05-04T02:33:10.3310000+00:00</time>
      </trkpt>
      <trkpt lat="46.61746" lon="7.77928">
        <ele>1456.21</ele>
        <time>2026-05-04T02:33:14.6880000+00:00</time>
      </trkpt>
      <trkpt lat="46.61746" lon="7.77935">
        <ele>1455.89</ele>
        <time>2026-05-04T02:33:21.8510000+00:00</time>
      </trkpt>
      <trkpt lat="46.61746" lon="7.77937">
        <ele>1456.17</ele>
        <time>2026-05-04T02:33:23.8940000+00:00</time>
      </trkpt>
      <trkpt lat="46.61743" lon="7.77934">
        <ele>1453.92</ele>
        <time>2026-05-04T02:33:29.3160000+00:00</time>
      </trkpt>
      <trkpt lat="46.61741" lon="7.77931">
        <ele>1452.68</ele>
        <time>2026-05-04T02:33:33.5940000+00:00</time>
      </trkpt>
      <trkpt lat="46.61741" lon="7.77928">
        <ele>1452.79</ele>
        <time>2026-05-04T02:33:36.6630000+00:00</time>
      </trkpt>
      <trkpt lat="46.6174" lon="7.77925">
        <ele>1452.21</ele>
        <time>2026-05-04T02:33:40.0760000+00:00</time>
      </trkpt>
      <trkpt lat="46.61738" lon="7.77927">
        <ele>1450.77</ele>
        <time>2026-05-04T02:33:43.6920000+00:00</time>
      </trkpt>
      <trkpt lat="46.61738" lon="7.77929">
        <ele>1450.7</ele>
        <time>2026-05-04T02:33:45.7350000+00:00</time>
      </trkpt>
      <trkpt lat="46.61737" lon="7.77928">
        <ele>1450.05</ele>
        <time>2026-05-04T02:33:47.5430000+00:00</time>
      </trkpt>
      <trkpt lat="46.61734" lon="7.77925">
        <ele>1448.07</ele>
        <time>2026-05-04T02:33:52.9670000+00:00</time>
      </trkpt>
      <trkpt lat="46.61733" lon="7.77922">
        <ele>1447.45</ele>
        <time>2026-05-04T02:33:56.3780000+00:00</time>
      </trkpt>
      <trkpt lat="46.61731" lon="7.77922">
        <ele>1446.06</ele>
        <time>2026-05-04T02:33:59.3550000+00:00</time>
      </trkpt>
      <trkpt lat="46.6173" lon="7.77923">
        <ele>1445.35</ele>
        <time>2026-05-04T02:34:01.1590000+00:00</time>
      </trkpt>
      <trkpt lat="46.6173" lon="7.77926">
        <ele>1445.29</ele>
        <time>2026-05-04T02:34:04.2280000+00:00</time>
      </trkpt>
      <trkpt lat="46.61728" lon="7.77926">
        <ele>1443.92</ele>
        <time>2026-05-04T02:34:07.2080000+00:00</time>
      </trkpt>
      <trkpt lat="46.61726" lon="7.7792">
        <ele>1442.61</ele>
        <time>2026-05-04T02:34:14.0320000+00:00</time>
      </trkpt>
      <trkpt lat="46.61725" lon="7.7792">
        <ele>1441.91</ele>
        <time>2026-05-04T02:34:15.5210000+00:00</time>
      </trkpt>
      <trkpt lat="46.61724" lon="7.77922">
        <ele>1441.2</ele>
        <time>2026-05-04T02:34:18.0550000+00:00</time>
      </trkpt>
      <trkpt lat="46.61724" lon="7.77923">
        <ele>1441.19</ele>
        <time>2026-05-04T02:34:19.0890000+00:00</time>
      </trkpt>
      <trkpt lat="46.61724" lon="7.77925">
        <ele>1441.17</ele>
        <time>2026-05-04T02:34:21.1400000+00:00</time>
      </trkpt>
      <trkpt lat="46.61721" lon="7.77922">
        <ele>1439.11</ele>
        <time>2026-05-04T02:34:26.5620000+00:00</time>
      </trkpt>
      <trkpt lat="46.61718" lon="7.77921">
        <ele>1437.02</ele>
        <time>2026-05-04T02:34:31.1490000+00:00</time>
      </trkpt>
      <trkpt lat="46.61716" lon="7.77922">
        <ele>1435.64</ele>
        <time>2026-05-04T02:34:34.2950000+00:00</time>
      </trkpt>
      <trkpt lat="46.61715" lon="7.7792">
        <ele>1434.93</ele>
        <time>2026-05-04T02:34:36.8270000+00:00</time>
      </trkpt>
      <trkpt lat="46.61714" lon="7.77919">
        <ele>1434.22</ele>
        <time>2026-05-04T02:34:38.6350000+00:00</time>
      </trkpt>
      <trkpt lat="46.61714" lon="7.77921">
        <ele>1434.24</ele>
        <time>2026-05-04T02:34:40.6780000+00:00</time>
      </trkpt>
      <trkpt lat="46.61712" lon="7.77922">
        <ele>1432.86</ele>
        <time>2026-05-04T02:34:43.8270000+00:00</time>
      </trkpt>
      <trkpt lat="46.61712" lon="7.77924">
        <ele>1432.88</ele>
        <time>2026-05-04T02:34:45.8700000+00:00</time>
      </trkpt>
      <trkpt lat="46.61713" lon="7.77927">
        <ele>1433.61</ele>
        <time>2026-05-04T02:34:49.2840000+00:00</time>
      </trkpt>
      <trkpt lat="46.61712" lon="7.77928">
        <ele>1432.93</ele>
        <time>2026-05-04T02:34:51.0920000+00:00</time>
      </trkpt>
      <trkpt lat="46.6171" lon="7.77924">
        <ele>1431.5</ele>
        <time>2026-05-04T02:34:56.1540000+00:00</time>
      </trkpt>
      <trkpt lat="46.61709" lon="7.77927">
        <ele>1430.86</ele>
        <time>2026-05-04T02:34:59.5670000+00:00</time>
      </trkpt>
      <trkpt lat="46.61707" lon="7.77926">
        <ele>1429.47</ele>
        <time>2026-05-04T02:35:02.7190000+00:00</time>
      </trkpt>
      <trkpt lat="46.61705" lon="7.77925">
        <ele>1428.06</ele>
        <time>2026-05-04T02:35:05.8710000+00:00</time>
      </trkpt>
      <trkpt lat="46.61704" lon="7.77921">
        <ele>1427.27</ele>
        <time>2026-05-04T02:35:10.2300000+00:00</time>
      </trkpt>
      <trkpt lat="46.61704" lon="7.77919">
        <ele>1427.21</ele>
        <time>2026-05-04T02:35:12.2810000+00:00</time>
      </trkpt>
      <trkpt lat="46.61705" lon="7.77915">
        <ele>1427.81</ele>
        <time>2026-05-04T02:35:16.6390000+00:00</time>
      </trkpt>
      <trkpt lat="46.61704" lon="7.77914">
        <ele>1427.08</ele>
        <time>2026-05-04T02:35:18.4470000+00:00</time>
      </trkpt>
      <trkpt lat="46.61703" lon="7.77915">
        <ele>1426.4</ele>
        <time>2026-05-04T02:35:20.2550000+00:00</time>
      </trkpt>
      <trkpt lat="46.61702" lon="7.77912">
        <ele>1425.6</ele>
        <time>2026-05-04T02:35:23.6680000+00:00</time>
      </trkpt>
      <trkpt lat="46.61702" lon="7.77908">
        <ele>1425.48</ele>
        <time>2026-05-04T02:35:27.7630000+00:00</time>
      </trkpt>
      <trkpt lat="46.61701" lon="7.77907">
        <ele>1424.73</ele>
        <time>2026-05-04T02:35:29.5710000+00:00</time>
      </trkpt>
      <trkpt lat="46.617" lon="7.7791">
        <ele>1424.11</ele>
        <time>2026-05-04T02:35:32.9840000+00:00</time>
      </trkpt>
      <trkpt lat="46.61699" lon="7.77912">
        <ele>1423.47</ele>
        <time>2026-05-04T02:35:35.5150000+00:00</time>
      </trkpt>
      <trkpt lat="46.61698" lon="7.77915">
        <ele>1423.04</ele>
        <time>2026-05-04T02:35:38.9280000+00:00</time>
      </trkpt>
      <trkpt lat="46.61696" lon="7.77914">
        <ele>1422.21</ele>
        <time>2026-05-04T02:35:42.0800000+00:00</time>
      </trkpt>
      <trkpt lat="46.61697" lon="7.77911">
        <ele>1422.49</ele>
        <time>2026-05-04T02:35:45.4940000+00:00</time>
      </trkpt>
      <trkpt lat="46.61695" lon="7.77911">
        <ele>1421.68</ele>
        <time>2026-05-04T02:35:48.4710000+00:00</time>
      </trkpt>
      <trkpt lat="46.61695" lon="7.77915">
        <ele>1421.85</ele>
        <time>2026-05-04T02:35:52.5640000+00:00</time>
      </trkpt>
      <trkpt lat="46.61692" lon="7.77915">
        <ele>1420.66</ele>
        <time>2026-05-04T02:35:57.0320000+00:00</time>
      </trkpt>
      <trkpt lat="46.61692" lon="7.77908">
        <ele>1420.32</ele>
        <time>2026-05-04T02:36:04.1960000+00:00</time>
      </trkpt>
      <trkpt lat="46.61691" lon="7.77905">
        <ele>1419.76</ele>
        <time>2026-05-04T02:36:07.6100000+00:00</time>
      </trkpt>
      <trkpt lat="46.61692" lon="7.77898">
        <ele>1419.84</ele>
        <time>2026-05-04T02:36:14.9260000+00:00</time>
      </trkpt>
      <trkpt lat="46.61689" lon="7.779">
        <ele>1418.65</ele>
        <time>2026-05-04T02:36:19.8420000+00:00</time>
      </trkpt>
      <trkpt lat="46.61687" lon="7.77903">
        <ele>1417.97</ele>
        <time>2026-05-04T02:36:24.1220000+00:00</time>
      </trkpt>
      <trkpt lat="46.61685" lon="7.77901">
        <ele>1417.01</ele>
        <time>2026-05-04T02:36:27.7380000+00:00</time>
      </trkpt>
      <trkpt lat="46.61684" lon="7.77899">
        <ele>1416.46</ele>
        <time>2026-05-04T02:36:30.2690000+00:00</time>
      </trkpt>
      <trkpt lat="46.61685" lon="7.77887">
        <ele>1416.15</ele>
        <time>2026-05-04T02:36:42.6400000+00:00</time>
      </trkpt>
      <trkpt lat="46.61684" lon="7.77886">
        <ele>1415.64</ele>
        <time>2026-05-04T02:36:44.4480000+00:00</time>
      </trkpt>
      <trkpt lat="46.61683" lon="7.77882">
        <ele>1414.92</ele>
        <time>2026-05-04T02:36:48.8030000+00:00</time>
      </trkpt>
      <trkpt lat="46.61681" lon="7.77881">
        <ele>1413.93</ele>
        <time>2026-05-04T02:36:51.9520000+00:00</time>
      </trkpt>
      <trkpt lat="46.61681" lon="7.77878">
        <ele>1413.73</ele>
        <time>2026-05-04T02:36:55.0210000+00:00</time>
      </trkpt>
      <trkpt lat="46.61683" lon="7.77875">
        <ele>1414.47</ele>
        <time>2026-05-04T02:36:59.2990000+00:00</time>
      </trkpt>
      <trkpt lat="46.61682" lon="7.77873">
        <ele>1413.86</ele>
        <time>2026-05-04T02:37:01.8300000+00:00</time>
      </trkpt>
      <trkpt lat="46.6168" lon="7.77874">
        <ele>1412.98</ele>
        <time>2026-05-04T02:37:04.9820000+00:00</time>
      </trkpt>
      <trkpt lat="46.61681" lon="7.77868">
        <ele>1413.04</ele>
        <time>2026-05-04T02:37:11.2990000+00:00</time>
      </trkpt>
      <trkpt lat="46.61679" lon="7.77865">
        <ele>1411.85</ele>
        <time>2026-05-04T02:37:15.5790000+00:00</time>
      </trkpt>
      <trkpt lat="46.61679" lon="7.77865">
        <ele>1411.85</ele>
        <time>2026-05-04T02:37:15.5790000+00:00</time>
      </trkpt>
      <trkpt lat="46.61679" lon="7.77863">
        <ele>1411.7</ele>
        <time>2026-05-04T02:37:17.6300000+00:00</time>
      </trkpt>
      <trkpt lat="46.61677" lon="7.77854">
        <ele>1410.02</ele>
        <time>2026-05-04T02:37:27.3100000+00:00</time>
      </trkpt>
      <trkpt lat="46.61676" lon="7.77853">
        <ele>1409.43</ele>
        <time>2026-05-04T02:37:29.1180000+00:00</time>
      </trkpt>
      <trkpt lat="46.61677" lon="7.77854">
        <ele>1410.02</ele>
        <time>2026-05-04T02:37:30.9260000+00:00</time>
      </trkpt>
      <trkpt lat="46.6168" lon="7.77854">
        <ele>1411.56</ele>
        <time>2026-05-04T02:37:35.3940000+00:00</time>
      </trkpt>
      <trkpt lat="46.61683" lon="7.77849">
        <ele>1412.86</ele>
        <time>2026-05-04T02:37:42.1870000+00:00</time>
      </trkpt>
      <trkpt lat="46.61683" lon="7.77845">
        <ele>1412.73</ele>
        <time>2026-05-04T02:37:46.2790000+00:00</time>
      </trkpt>
      <trkpt lat="46.61683" lon="7.77841">
        <ele>1412.6</ele>
        <time>2026-05-04T02:37:50.3720000+00:00</time>
      </trkpt>
      <trkpt lat="46.61684" lon="7.77836">
        <ele>1412.98</ele>
        <time>2026-05-04T02:37:55.7020000+00:00</time>
      </trkpt>
      <trkpt lat="46.61684" lon="7.77828">
        <ele>1412.73</ele>
        <time>2026-05-04T02:38:03.8900000+00:00</time>
      </trkpt>
      <trkpt lat="46.61684" lon="7.77825">
        <ele>1412.64</ele>
        <time>2026-05-04T02:38:06.9610000+00:00</time>
      </trkpt>
      <trkpt lat="46.61686" lon="7.77821">
        <ele>1413.63</ele>
        <time>2026-05-04T02:38:12.0250000+00:00</time>
      </trkpt>
      <trkpt lat="46.61686" lon="7.77813">
        <ele>1413.4</ele>
        <time>2026-05-04T02:38:20.2130000+00:00</time>
      </trkpt>
      <trkpt lat="46.61686" lon="7.77802">
        <ele>1413.09</ele>
        <time>2026-05-04T02:38:31.4700000+00:00</time>
      </trkpt>
      <trkpt lat="46.61688" lon="7.77798">
        <ele>1414.15</ele>
        <time>2026-05-04T02:38:36.5330000+00:00</time>
      </trkpt>
      <trkpt lat="46.6169" lon="7.77791">
        <ele>1415.16</ele>
        <time>2026-05-04T02:38:44.2910000+00:00</time>
      </trkpt>
      <trkpt lat="46.61692" lon="7.77786">
        <ele>1416.25</ele>
        <time>2026-05-04T02:38:50.2140000+00:00</time>
      </trkpt>
      <trkpt lat="46.61695" lon="7.77778">
        <ele>1417.92</ele>
        <time>2026-05-04T02:38:59.5420000+00:00</time>
      </trkpt>
      <trkpt lat="46.61696" lon="7.77773">
        <ele>1418.45</ele>
        <time>2026-05-04T02:39:04.8720000+00:00</time>
      </trkpt>
      <trkpt lat="46.61699" lon="7.77767">
        <ele>1419.71</ele>
        <time>2026-05-04T02:39:12.4660000+00:00</time>
      </trkpt>
      <trkpt lat="46.61704" lon="7.77762">
        <ele>1421.35</ele>
        <time>2026-05-04T02:39:21.5040000+00:00</time>
      </trkpt>
      <trkpt lat="46.61708" lon="7.77758">
        <ele>1422.62</ele>
        <time>2026-05-04T02:39:28.7340000+00:00</time>
      </trkpt>
      <trkpt lat="46.61713" lon="7.77755">
        <ele>1424.96</ele>
        <time>2026-05-04T02:39:36.7930000+00:00</time>
      </trkpt>
      <trkpt lat="46.6172" lon="7.7775">
        <ele>1427.85</ele>
        <time>2026-05-04T02:39:48.4100000+00:00</time>
      </trkpt>
      <trkpt lat="46.61725" lon="7.77741">
        <ele>1427.62</ele>
        <time>2026-05-04T02:40:00.2560000+00:00</time>
      </trkpt>
      <trkpt lat="46.61732" lon="7.77729">
        <ele>1427.36</ele>
        <time>2026-05-04T02:40:16.3680000+00:00</time>
      </trkpt>
      <trkpt lat="46.6174" lon="7.77723">
        <ele>1430.17</ele>
        <time>2026-05-04T02:40:29.7760000+00:00</time>
      </trkpt>
      <trkpt lat="46.61745" lon="7.77717">
        <ele>1430.88</ele>
        <time>2026-05-04T02:40:39.4300000+00:00</time>
      </trkpt>
      <trkpt lat="46.61749" lon="7.77714">
        <ele>1432.2</ele>
        <time>2026-05-04T02:40:46.1320000+00:00</time>
      </trkpt>
      <trkpt lat="46.61756" lon="7.77709">
        <ele>1434.55</ele>
        <time>2026-05-04T02:40:57.7490000+00:00</time>
      </trkpt>
      <trkpt lat="46.6176" lon="7.77709">
        <ele>1437.16</ele>
        <time>2026-05-04T02:41:03.7080000+00:00</time>
      </trkpt>
      <trkpt lat="46.61764" lon="7.77708">
        <ele>1439.31</ele>
        <time>2026-05-04T02:41:09.7540000+00:00</time>
      </trkpt>
      <trkpt lat="46.61773" lon="7.77705">
        <ele>1443.75</ele>
        <time>2026-05-04T02:41:23.5100000+00:00</time>
      </trkpt>
      <trkpt lat="46.6178" lon="7.777">
        <ele>1445.89</ele>
        <time>2026-05-04T02:41:35.1260000+00:00</time>
      </trkpt>
      <trkpt lat="46.61786" lon="7.77694">
        <ele>1446.67</ele>
        <time>2026-05-04T02:41:45.9700000+00:00</time>
      </trkpt>
      <trkpt lat="46.6179" lon="7.77687">
        <ele>1445.72</ele>
        <time>2026-05-04T02:41:55.2880000+00:00</time>
      </trkpt>
      <trkpt lat="46.61792" lon="7.77682">
        <ele>1444.46</ele>
        <time>2026-05-04T02:42:01.2100000+00:00</time>
      </trkpt>
      <trkpt lat="46.61794" lon="7.77678">
        <ele>1443.67</ele>
        <time>2026-05-04T02:42:06.2720000+00:00</time>
      </trkpt>
      <trkpt lat="46.61798" lon="7.77676">
        <ele>1445.09</ele>
        <time>2026-05-04T02:42:12.5740000+00:00</time>
      </trkpt>
      <trkpt lat="46.61801" lon="7.77674">
        <ele>1445.91</ele>
        <time>2026-05-04T02:42:17.4900000+00:00</time>
      </trkpt>
      <trkpt lat="46.61808" lon="7.77668">
        <ele>1447.19</ele>
        <time>2026-05-04T02:42:29.5930000+00:00</time>
      </trkpt>
      <trkpt lat="46.61809" lon="7.77666">
        <ele>1446.81</ele>
        <time>2026-05-04T02:42:32.1240000+00:00</time>
      </trkpt>
      <trkpt lat="46.61815" lon="7.77654">
        <ele>1444.59</ele>
        <time>2026-05-04T02:42:47.3130000+00:00</time>
      </trkpt>
      <trkpt lat="46.61821" lon="7.77641">
        <ele>1441.93</ele>
        <time>2026-05-04T02:43:03.3410000+00:00</time>
      </trkpt>
      <trkpt lat="46.61827" lon="7.77632">
        <ele>1441.29</ele>
        <time>2026-05-04T02:43:16.1750000+00:00</time>
      </trkpt>
      <trkpt lat="46.61834" lon="7.77623">
        <ele>1441.32</ele>
        <time>2026-05-04T02:43:30.0890000+00:00</time>
      </trkpt>
      <trkpt lat="46.61842" lon="7.77614">
        <ele>1442.03</ele>
        <time>2026-05-04T02:43:45.1520000+00:00</time>
      </trkpt>
      <trkpt lat="46.6185" lon="7.77607">
        <ele>1443.76</ele>
        <time>2026-05-04T02:43:59.0580000+00:00</time>
      </trkpt>
      <trkpt lat="46.61856" lon="7.77601">
        <ele>1444.68</ele>
        <time>2026-05-04T02:44:09.9030000+00:00</time>
      </trkpt>
      <trkpt lat="46.6186" lon="7.77596">
        <ele>1444.64</ele>
        <time>2026-05-04T02:44:17.7590000+00:00</time>
      </trkpt>
      <trkpt lat="46.61865" lon="7.77589">
        <ele>1444.22</ele>
        <time>2026-05-04T02:44:28.0930000+00:00</time>
      </trkpt>
      <trkpt lat="46.61872" lon="7.77572">
        <ele>1439.8</ele>
        <time>2026-05-04T02:44:48.3770000+00:00</time>
      </trkpt>
      <trkpt lat="46.61876" lon="7.77563">
        <ele>1437.61</ele>
        <time>2026-05-04T02:44:59.3460000+00:00</time>
      </trkpt>
      <trkpt lat="46.61886" lon="7.77524">
        <ele>1423.31</ele>
        <time>2026-05-04T02:45:41.9470000+00:00</time>
      </trkpt>
      <trkpt lat="46.618899999999996" lon="7.77511">
        <ele>1419.14</ele>
        <time>2026-05-04T02:45:56.5240000+00:00</time>
      </trkpt>
      <trkpt lat="46.61894" lon="7.77498">
        <ele>1415.14</ele>
        <time>2026-05-04T02:46:11.1010000+00:00</time>
      </trkpt>
      <trkpt lat="46.61897" lon="7.77488">
        <ele>1412.01</ele>
        <time>2026-05-04T02:46:22.2680000+00:00</time>
      </trkpt>
      <trkpt lat="46.61903" lon="7.77478">
        <ele>1410.69</ele>
        <time>2026-05-04T02:46:35.8560000+00:00</time>
      </trkpt>
      <trkpt lat="46.6191" lon="7.77462">
        <ele>1407.02</ele>
        <time>2026-05-04T02:46:55.2680000+00:00</time>
      </trkpt>
      <trkpt lat="46.61914" lon="7.77451">
        <ele>1404</ele>
        <time>2026-05-04T02:47:08.0050000+00:00</time>
      </trkpt>
      <trkpt lat="46.61916" lon="7.77441">
        <ele>1400.28</ele>
        <time>2026-05-04T02:47:18.6640000+00:00</time>
      </trkpt>
      <trkpt lat="46.61918" lon="7.77422">
        <ele>1393.23</ele>
        <time>2026-05-04T02:47:38.3340000+00:00</time>
      </trkpt>
      <trkpt lat="46.61921" lon="7.77409">
        <ele>1389.64</ele>
        <time>2026-05-04T02:47:52.3680000+00:00</time>
      </trkpt>
      <trkpt lat="46.61926" lon="7.77393">
        <ele>1385.89</ele>
        <time>2026-05-04T02:48:10.3560000+00:00</time>
      </trkpt>
      <trkpt lat="46.6193" lon="7.77379">
        <ele>1382.3</ele>
        <time>2026-05-04T02:48:25.8730000+00:00</time>
      </trkpt>
      <trkpt lat="46.61934" lon="7.7737">
        <ele>1380.74</ele>
        <time>2026-05-04T02:48:36.8430000+00:00</time>
      </trkpt>
      <trkpt lat="46.61939" lon="7.7736">
        <ele>1379.25</ele>
        <time>2026-05-04T02:48:49.5010000+00:00</time>
      </trkpt>
      <trkpt lat="46.61947" lon="7.77349">
        <ele>1377.75</ele>
        <time>2026-05-04T02:49:05.8950000+00:00</time>
      </trkpt>
      <trkpt lat="46.61953" lon="7.77341">
        <ele>1369.02</ele>
        <time>2026-05-04T02:49:18.0170000+00:00</time>
      </trkpt>
      <trkpt lat="46.61958" lon="7.77335">
        <ele>1361.12</ele>
        <time>2026-05-04T02:49:27.6700000+00:00</time>
      </trkpt>
      <trkpt lat="46.61963" lon="7.77322">
        <ele>1348.22</ele>
        <time>2026-05-04T02:49:42.9160000+00:00</time>
      </trkpt>
      <trkpt lat="46.61965" lon="7.77311">
        <ele>1338.93</ele>
        <time>2026-05-04T02:49:54.5610000+00:00</time>
      </trkpt>
      <trkpt lat="46.61965" lon="7.77301">
        <ele>1331.58</ele>
        <time>2026-05-04T02:50:04.7940000+00:00</time>
      </trkpt>
      <trkpt lat="46.61965" lon="7.77294">
        <ele>1326.43</ele>
        <time>2026-05-04T02:50:11.9560000+00:00</time>
      </trkpt>
      <trkpt lat="46.61966" lon="7.77286">
        <ele>1320.07</ele>
        <time>2026-05-04T02:50:20.2770000+00:00</time>
      </trkpt>
      <trkpt lat="46.61968" lon="7.77273">
        <ele>1309.69</ele>
        <time>2026-05-04T02:50:33.9100000+00:00</time>
      </trkpt>
      <trkpt lat="46.6197" lon="7.77261">
        <ele>1303.33</ele>
        <time>2026-05-04T02:50:46.5460000+00:00</time>
      </trkpt>
      <trkpt lat="46.61976" lon="7.77258">
        <ele>1299.84</ele>
        <time>2026-05-04T02:50:55.9960000+00:00</time>
      </trkpt>
      <trkpt lat="46.61982" lon="7.7726">
        <ele>1297.97</ele>
        <time>2026-05-04T02:51:05.1670000+00:00</time>
      </trkpt>
      <trkpt lat="46.61991" lon="7.77264">
        <ele>1295.48</ele>
        <time>2026-05-04T02:51:19.1880000+00:00</time>
      </trkpt>
      <trkpt lat="46.61995" lon="7.77268">
        <ele>1295.1</ele>
        <time>2026-05-04T02:51:26.4170000+00:00</time>
      </trkpt>
      <trkpt lat="46.62" lon="7.77277">
        <ele>1298.25</ele>
        <time>2026-05-04T02:51:38.2620000+00:00</time>
      </trkpt>
      <trkpt lat="46.62006" lon="7.77284">
        <ele>1299.71</ele>
        <time>2026-05-04T02:51:49.7170000+00:00</time>
      </trkpt>
      <trkpt lat="46.62011" lon="7.7729">
        <ele>1300.8</ele>
        <time>2026-05-04T02:51:59.3710000+00:00</time>
      </trkpt>
      <trkpt lat="46.62018" lon="7.77296">
        <ele>1300.66</ele>
        <time>2026-05-04T02:52:11.4730000+00:00</time>
      </trkpt>
      <trkpt lat="46.62024" lon="7.77299">
        <ele>1299.17</ele>
        <time>2026-05-04T02:52:20.9250000+00:00</time>
      </trkpt>
      <trkpt lat="46.62028" lon="7.773">
        <ele>1297.59</ele>
        <time>2026-05-04T02:52:26.9730000+00:00</time>
      </trkpt>
      <trkpt lat="46.62032" lon="7.77299">
        <ele>1295.19</ele>
        <time>2026-05-04T02:52:33.0200000+00:00</time>
      </trkpt>
      <trkpt lat="46.62035" lon="7.77296">
        <ele>1293.86</ele>
        <time>2026-05-04T02:52:38.4440000+00:00</time>
      </trkpt>
      <trkpt lat="46.62037" lon="7.77292">
        <ele>1291.96</ele>
        <time>2026-05-04T02:52:43.5060000+00:00</time>
      </trkpt>
      <trkpt lat="46.62038" lon="7.77286">
        <ele>1288.97</ele>
        <time>2026-05-04T02:52:49.8250000+00:00</time>
      </trkpt>
      <trkpt lat="46.62039" lon="7.7728">
        <ele>1285.98</ele>
        <time>2026-05-04T02:52:56.1450000+00:00</time>
      </trkpt>
      <trkpt lat="46.6204" lon="7.77279">
        <ele>1285.52</ele>
        <time>2026-05-04T02:52:57.9570000+00:00</time>
      </trkpt>
      <trkpt lat="46.62043" lon="7.77276">
        <ele>1284.15</ele>
        <time>2026-05-04T02:53:03.3810000+00:00</time>
      </trkpt>
      <trkpt lat="46.62048" lon="7.77272">
        <ele>1282.36</ele>
        <time>2026-05-04T02:53:11.8820000+00:00</time>
      </trkpt>
      <trkpt lat="46.62052" lon="7.77269">
        <ele>1281.01</ele>
        <time>2026-05-04T02:53:18.5860000+00:00</time>
      </trkpt>
      <trkpt lat="46.62055" lon="7.77265">
        <ele>1279.58</ele>
        <time>2026-05-04T02:53:24.6480000+00:00</time>
      </trkpt>
      <trkpt lat="46.62058" lon="7.77257">
        <ele>1276.49</ele>
        <time>2026-05-04T02:53:33.9760000+00:00</time>
      </trkpt>
      <trkpt lat="46.62062" lon="7.77253">
        <ele>1274.89</ele>
        <time>2026-05-04T02:53:41.2060000+00:00</time>
      </trkpt>
      <trkpt lat="46.62066" lon="7.77251">
        <ele>1274.05</ele>
        <time>2026-05-04T02:53:47.5070000+00:00</time>
      </trkpt>
      <trkpt lat="46.62074" lon="7.77254">
        <ele>1275.36</ele>
        <time>2026-05-04T02:53:59.8150000+00:00</time>
      </trkpt>
      <trkpt lat="46.62079" lon="7.77258">
        <ele>1277.23</ele>
        <time>2026-05-04T02:54:08.3150000+00:00</time>
      </trkpt>
      <trkpt lat="46.62085" lon="7.77261">
        <ele>1278.77</ele>
        <time>2026-05-04T02:54:17.7670000+00:00</time>
      </trkpt>
      <trkpt lat="46.62087" lon="7.77262">
        <ele>1279.3</ele>
        <time>2026-05-04T02:54:20.9160000+00:00</time>
      </trkpt>
      <trkpt lat="46.6209" lon="7.7726">
        <ele>1278.4</ele>
        <time>2026-05-04T02:54:25.8310000+00:00</time>
      </trkpt>
      <trkpt lat="46.62092" lon="7.77256">
        <ele>1276.45</ele>
        <time>2026-05-04T02:54:30.8940000+00:00</time>
      </trkpt>
      <trkpt lat="46.62094" lon="7.77253">
        <ele>1274.96</ele>
        <time>2026-05-04T02:54:35.1700000+00:00</time>
      </trkpt>
      <trkpt lat="46.621" lon="7.77257">
        <ele>1277.06</ele>
        <time>2026-05-04T02:54:45.0020000+00:00</time>
      </trkpt>
      <trkpt lat="46.6211" lon="7.77264">
        <ele>1281.04</ele>
        <time>2026-05-04T02:55:01.5340000+00:00</time>
      </trkpt>
      <trkpt lat="46.62113" lon="7.77269">
        <ele>1283.94</ele>
        <time>2026-05-04T02:55:08.3280000+00:00</time>
      </trkpt>
      <trkpt lat="46.62114" lon="7.77273">
        <ele>1286.2</ele>
        <time>2026-05-04T02:55:12.6870000+00:00</time>
      </trkpt>
      <trkpt lat="46.62118" lon="7.77276">
        <ele>1287.64</ele>
        <time>2026-05-04T02:55:19.3910000+00:00</time>
      </trkpt>
      <trkpt lat="46.62122" lon="7.77274">
        <ele>1286.17</ele>
        <time>2026-05-04T02:55:25.6920000+00:00</time>
      </trkpt>
      <trkpt lat="46.62128" lon="7.77267">
        <ele>1281.69</ele>
        <time>2026-05-04T02:55:37.1480000+00:00</time>
      </trkpt>
      <trkpt lat="46.62129" lon="7.77264">
        <ele>1279.98</ele>
        <time>2026-05-04T02:55:40.5610000+00:00</time>
      </trkpt>
      <trkpt lat="46.62132" lon="7.77257">
        <ele>1275.97</ele>
        <time>2026-05-04T02:55:49.0050000+00:00</time>
      </trkpt>
      <trkpt lat="46.62135" lon="7.77251">
        <ele>1272.57</ele>
        <time>2026-05-04T02:55:56.6000000+00:00</time>
      </trkpt>
      <trkpt lat="46.62139" lon="7.77246">
        <ele>1269.69</ele>
        <time>2026-05-04T02:56:04.4550000+00:00</time>
      </trkpt>
      <trkpt lat="46.62142" lon="7.77242">
        <ele>1267.45</ele>
        <time>2026-05-04T02:56:10.5160000+00:00</time>
      </trkpt>
      <trkpt lat="46.62146" lon="7.7724">
        <ele>1266.23</ele>
        <time>2026-05-04T02:56:16.8170000+00:00</time>
      </trkpt>
      <trkpt lat="46.62149" lon="7.77236">
        <ele>1264.07</ele>
        <time>2026-05-04T02:56:22.8780000+00:00</time>
      </trkpt>
      <trkpt lat="46.62151" lon="7.77229">
        <ele>1260.48</ele>
        <time>2026-05-04T02:56:30.6360000+00:00</time>
      </trkpt>
      <trkpt lat="46.62152" lon="7.77214">
        <ele>1252.95</ele>
        <time>2026-05-04T02:56:46.0570000+00:00</time>
      </trkpt>
      <trkpt lat="46.6215" lon="7.7721">
        <ele>1250.94</ele>
        <time>2026-05-04T02:56:51.1190000+00:00</time>
      </trkpt>
      <trkpt lat="46.62148" lon="7.77207">
        <ele>1249.4</ele>
        <time>2026-05-04T02:56:55.3990000+00:00</time>
      </trkpt>
      <trkpt lat="46.62148" lon="7.77201">
        <ele>1246.36</ele>
        <time>2026-05-04T02:57:01.5390000+00:00</time>
      </trkpt>
      <trkpt lat="46.62147" lon="7.77194">
        <ele>1242.78</ele>
        <time>2026-05-04T02:57:08.8550000+00:00</time>
      </trkpt>
      <trkpt lat="46.62147" lon="7.77189">
        <ele>1240.23</ele>
        <time>2026-05-04T02:57:13.9720000+00:00</time>
      </trkpt>
      <trkpt lat="46.62151" lon="7.77186">
        <ele>1238.9</ele>
        <time>2026-05-04T02:57:20.6750000+00:00</time>
      </trkpt>
      <trkpt lat="46.62156" lon="7.77182">
        <ele>1237.65</ele>
        <time>2026-05-04T02:57:29.1750000+00:00</time>
      </trkpt>
      <trkpt lat="46.62162" lon="7.77178">
        <ele>1236.57</ele>
        <time>2026-05-04T02:57:39.0070000+00:00</time>
      </trkpt>
      <trkpt lat="46.62164" lon="7.77175">
        <ele>1235.65</ele>
        <time>2026-05-04T02:57:43.2850000+00:00</time>
      </trkpt>
      <trkpt lat="46.62163" lon="7.77171">
        <ele>1234.19</ele>
        <time>2026-05-04T02:57:47.6400000+00:00</time>
      </trkpt>
      <trkpt lat="46.62162" lon="7.77169">
        <ele>1233.41</ele>
        <time>2026-05-04T02:57:50.1710000+00:00</time>
      </trkpt>
      <trkpt lat="46.62161" lon="7.77166">
        <ele>1232.28</ele>
        <time>2026-05-04T02:57:53.5840000+00:00</time>
      </trkpt>
      <trkpt lat="46.62164" lon="7.77159">
        <ele>1230.09</ele>
        <time>2026-05-04T02:58:02.0270000+00:00</time>
      </trkpt>
      <trkpt lat="46.62164" lon="7.77156">
        <ele>1229.05</ele>
        <time>2026-05-04T02:58:05.0950000+00:00</time>
      </trkpt>
      <trkpt lat="46.6216" lon="7.77148">
        <ele>1225.82</ele>
        <time>2026-05-04T02:58:15.2210000+00:00</time>
      </trkpt>
      <trkpt lat="46.62156" lon="7.77144">
        <ele>1223.92</ele>
        <time>2026-05-04T02:58:22.4510000+00:00</time>
      </trkpt>
      <trkpt lat="46.62156" lon="7.77142">
        <ele>1223.2</ele>
        <time>2026-05-04T02:58:24.5020000+00:00</time>
      </trkpt>
      <trkpt lat="46.62159" lon="7.77138">
        <ele>1222.14</ele>
        <time>2026-05-04T02:58:30.5630000+00:00</time>
      </trkpt>
      <trkpt lat="46.62162" lon="7.77136">
        <ele>1221.83</ele>
        <time>2026-05-04T02:58:35.4800000+00:00</time>
      </trkpt>
      <trkpt lat="46.62165" lon="7.77134">
        <ele>1221.54</ele>
        <time>2026-05-04T02:58:40.3960000+00:00</time>
      </trkpt>
      <trkpt lat="46.62167" lon="7.77131">
        <ele>1220.79</ele>
        <time>2026-05-04T02:58:44.6720000+00:00</time>
      </trkpt>
      <trkpt lat="46.6217" lon="7.77122">
        <ele>1218.19</ele>
        <time>2026-05-04T02:58:54.9090000+00:00</time>
      </trkpt>
      <trkpt lat="46.62172" lon="7.77118">
        <ele>1217.17</ele>
        <time>2026-05-04T02:58:59.9710000+00:00</time>
      </trkpt>
      <trkpt lat="46.62174" lon="7.77116">
        <ele>1216.84</ele>
        <time>2026-05-04T02:59:03.5870000+00:00</time>
      </trkpt>
      <trkpt lat="46.62178" lon="7.77114">
        <ele>1216.87</ele>
        <time>2026-05-04T02:59:09.8890000+00:00</time>
      </trkpt>
      <trkpt lat="46.62182" lon="7.77112">
        <ele>1216.92</ele>
        <time>2026-05-04T02:59:16.1900000+00:00</time>
      </trkpt>
      <trkpt lat="46.62185" lon="7.7711">
        <ele>1216.83</ele>
        <time>2026-05-04T02:59:21.1070000+00:00</time>
      </trkpt>
      <trkpt lat="46.62187" lon="7.77107">
        <ele>1216.26</ele>
        <time>2026-05-04T02:59:25.3860000+00:00</time>
      </trkpt>
      <trkpt lat="46.62187" lon="7.77105">
        <ele>1215.65</ele>
        <time>2026-05-04T02:59:27.4380000+00:00</time>
      </trkpt>
      <trkpt lat="46.62187" lon="7.77102">
        <ele>1214.76</ele>
        <time>2026-05-04T02:59:30.5090000+00:00</time>
      </trkpt>
      <trkpt lat="46.62185" lon="7.77096">
        <ele>1213.03</ele>
        <time>2026-05-04T02:59:37.3340000+00:00</time>
      </trkpt>
      <trkpt lat="46.62183" lon="7.7709">
        <ele>1211.24</ele>
        <time>2026-05-04T02:59:44.1580000+00:00</time>
      </trkpt>
      <trkpt lat="46.6218" lon="7.77075">
        <ele>1207.02</ele>
        <time>2026-05-04T03:00:00.1450000+00:00</time>
      </trkpt>
      <trkpt lat="46.62175" lon="7.77065">
        <ele>1203.23</ele>
        <time>2026-05-04T03:00:12.8030000+00:00</time>
      </trkpt>
      <trkpt lat="46.62173" lon="7.77058">
        <ele>1200.89</ele>
        <time>2026-05-04T03:00:20.5620000+00:00</time>
      </trkpt>
      <trkpt lat="46.62169" lon="7.77036">
        <ele>1193.88</ele>
        <time>2026-05-04T03:00:43.8490000+00:00</time>
      </trkpt>
      <trkpt lat="46.62164" lon="7.77022">
        <ele>1188.24</ele>
        <time>2026-05-04T03:00:59.9970000+00:00</time>
      </trkpt>
      <trkpt lat="46.62158" lon="7.77012">
        <ele>1184</ele>
        <time>2026-05-04T03:01:13.5840000+00:00</time>
      </trkpt>
      <trkpt lat="46.62151" lon="7.76996">
        <ele>1178.96</ele>
        <time>2026-05-04T03:01:32.9960000+00:00</time>
      </trkpt>
      <trkpt lat="46.62146" lon="7.76982">
        <ele>1175.14</ele>
        <time>2026-05-04T03:01:49.1430000+00:00</time>
      </trkpt>
      <trkpt lat="46.62144" lon="7.76967">
        <ele>1172.36</ele>
        <time>2026-05-04T03:02:04.7800000+00:00</time>
      </trkpt>
      <trkpt lat="46.62143" lon="7.76956">
        <ele>1170.52</ele>
        <time>2026-05-04T03:02:16.1340000+00:00</time>
      </trkpt>
      <trkpt lat="46.62143" lon="7.76946">
        <ele>1169.15</ele>
        <time>2026-05-04T03:02:26.3680000+00:00</time>
      </trkpt>
      <trkpt lat="46.62144" lon="7.76935">
        <ele>1167.87</ele>
        <time>2026-05-04T03:02:37.7230000+00:00</time>
      </trkpt>
      <trkpt lat="46.62148" lon="7.76918">
        <ele>1164.96</ele>
        <time>2026-05-04T03:02:56.1110000+00:00</time>
      </trkpt>
      <trkpt lat="46.62153" lon="7.76899">
        <ele>1161.71</ele>
        <time>2026-05-04T03:03:16.9310000+00:00</time>
      </trkpt>
      <trkpt lat="46.62158" lon="7.76882">
        <ele>1158.8</ele>
        <time>2026-05-04T03:03:35.8550000+00:00</time>
      </trkpt>
      <trkpt lat="46.62162" lon="7.76871">
        <ele>1157.03</ele>
        <time>2026-05-04T03:03:48.5920000+00:00</time>
      </trkpt>
      <trkpt lat="46.62165" lon="7.76866">
        <ele>1156.5</ele>
        <time>2026-05-04T03:03:55.3850000+00:00</time>
      </trkpt>
      <trkpt lat="46.62173" lon="7.76857">
        <ele>1156.12</ele>
        <time>2026-05-04T03:04:10.4470000+00:00</time>
      </trkpt>
      <trkpt lat="46.62177" lon="7.76851">
        <ele>1155.56</ele>
        <time>2026-05-04T03:04:19.0040000+00:00</time>
      </trkpt>
      <trkpt lat="46.62177" lon="7.76847">
        <ele>1154.68</ele>
        <time>2026-05-04T03:04:23.1000000+00:00</time>
      </trkpt>
      <trkpt lat="46.62176" lon="7.76841">
        <ele>1153.12</ele>
        <time>2026-05-04T03:04:29.4200000+00:00</time>
      </trkpt>
      <trkpt lat="46.62176" lon="7.76832">
        <ele>1151.13</ele>
        <time>2026-05-04T03:04:38.6290000+00:00</time>
      </trkpt>
      <trkpt lat="46.62181" lon="7.76828">
        <ele>1151.54</ele>
        <time>2026-05-04T03:04:47.1300000+00:00</time>
      </trkpt>
      <trkpt lat="46.62185" lon="7.76823">
        <ele>1151.51</ele>
        <time>2026-05-04T03:04:54.9850000+00:00</time>
      </trkpt>
      <trkpt lat="46.62186" lon="7.76818">
        <ele>1150.7</ele>
        <time>2026-05-04T03:05:00.3150000+00:00</time>
      </trkpt>
      <trkpt lat="46.62186" lon="7.76813">
        <ele>1149.64</ele>
        <time>2026-05-04T03:05:05.4320000+00:00</time>
      </trkpt>
      <trkpt lat="46.62184" lon="7.76808">
        <ele>1148.03</ele>
        <time>2026-05-04T03:05:11.3520000+00:00</time>
      </trkpt>
      <trkpt lat="46.62179" lon="7.76799">
        <ele>1144.71</ele>
        <time>2026-05-04T03:05:23.1970000+00:00</time>
      </trkpt>
      <trkpt lat="46.62175" lon="7.76788">
        <ele>1141.16</ele>
        <time>2026-05-04T03:05:35.9330000+00:00</time>
      </trkpt>
      <trkpt lat="46.62175" lon="7.7677">
        <ele>1137.19</ele>
        <time>2026-05-04T03:05:54.3520000+00:00</time>
      </trkpt>
      <trkpt lat="46.62177" lon="7.76759">
        <ele>1136.96</ele>
        <time>2026-05-04T03:06:05.9960000+00:00</time>
      </trkpt>
      <trkpt lat="46.62183" lon="7.76741">
        <ele>1137.62</ele>
        <time>2026-05-04T03:06:26.4700000+00:00</time>
      </trkpt>
      <trkpt lat="46.62186" lon="7.76729">
        <ele>1137.78</ele>
        <time>2026-05-04T03:06:39.5380000+00:00</time>
      </trkpt>
      <trkpt lat="46.62186" lon="7.76718">
        <ele>1137.08</ele>
        <time>2026-05-04T03:06:50.7940000+00:00</time>
      </trkpt>
      <trkpt lat="46.62186" lon="7.76702">
        <ele>1136.07</ele>
        <time>2026-05-04T03:07:07.1660000+00:00</time>
      </trkpt>
      <trkpt lat="46.62186" lon="7.76683">
        <ele>1134.05</ele>
        <time>2026-05-04T03:07:26.6090000+00:00</time>
      </trkpt>
      <trkpt lat="46.62188" lon="7.76676">
        <ele>1132.36</ele>
        <time>2026-05-04T03:07:34.3670000+00:00</time>
      </trkpt>
      <trkpt lat="46.62191" lon="7.76666">
        <ele>1129.78</ele>
        <time>2026-05-04T03:07:45.5340000+00:00</time>
      </trkpt>
      <trkpt lat="46.62196" lon="7.7666">
        <ele>1128.81</ele>
        <time>2026-05-04T03:07:55.1880000+00:00</time>
      </trkpt>
      <trkpt lat="46.62201" lon="7.76653">
        <ele>1127.52</ele>
        <time>2026-05-04T03:08:05.5220000+00:00</time>
      </trkpt>
      <trkpt lat="46.62206" lon="7.76646">
        <ele>1126.38</ele>
        <time>2026-05-04T03:08:15.8560000+00:00</time>
      </trkpt>
      <trkpt lat="46.62212" lon="7.76644">
        <ele>1127.4</ele>
        <time>2026-05-04T03:08:25.0270000+00:00</time>
      </trkpt>
      <trkpt lat="46.62216" lon="7.76644">
        <ele>1128.57</ele>
        <time>2026-05-04T03:08:30.9850000+00:00</time>
      </trkpt>
      <trkpt lat="46.62223" lon="7.76643">
        <ele>1130.26</ele>
        <time>2026-05-04T03:08:41.4650000+00:00</time>
      </trkpt>
      <trkpt lat="46.6223" lon="7.76643">
        <ele>1132.31</ele>
        <time>2026-05-04T03:08:51.8940000+00:00</time>
      </trkpt>
      <trkpt lat="46.62238" lon="7.76626">
        <ele>1128.24</ele>
        <time>2026-05-04T03:09:12.9810000+00:00</time>
      </trkpt>
      <trkpt lat="46.6224" lon="7.76623">
        <ele>1127.69</ele>
        <time>2026-05-04T03:09:17.2610000+00:00</time>
      </trkpt>
      <trkpt lat="46.62242" lon="7.76621">
        <ele>1127.51</ele>
        <time>2026-05-04T03:09:20.8770000+00:00</time>
      </trkpt>
      <trkpt lat="46.62247" lon="7.76618">
        <ele>1127.83</ele>
        <time>2026-05-04T03:09:28.9340000+00:00</time>
      </trkpt>
      <trkpt lat="46.62255" lon="7.76614">
        <ele>1128.63</ele>
        <time>2026-05-04T03:09:41.5360000+00:00</time>
      </trkpt>
      <trkpt lat="46.6226" lon="7.7661">
        <ele>1128.56</ele>
        <time>2026-05-04T03:09:50.0370000+00:00</time>
      </trkpt>
      <trkpt lat="46.62263" lon="7.76605">
        <ele>1127.51</ele>
        <time>2026-05-04T03:09:56.8300000+00:00</time>
      </trkpt>
      <trkpt lat="46.62264" lon="7.76597">
        <ele>1125.15</ele>
        <time>2026-05-04T03:10:05.1510000+00:00</time>
      </trkpt>
      <trkpt lat="46.62261" lon="7.76584">
        <ele>1120.28</ele>
        <time>2026-05-04T03:10:19.1840000+00:00</time>
      </trkpt>
      <trkpt lat="46.62257" lon="7.76572">
        <ele>1115.57</ele>
        <time>2026-05-04T03:10:32.8330000+00:00</time>
      </trkpt>
      <trkpt lat="46.6225" lon="7.76554">
        <ele>1108.51</ele>
        <time>2026-05-04T03:10:54.0010000+00:00</time>
      </trkpt>
      <trkpt lat="46.62246" lon="7.76545">
        <ele>1105</ele>
        <time>2026-05-04T03:11:04.9700000+00:00</time>
      </trkpt>
      <trkpt lat="46.6224" lon="7.76534">
        <ele>1100.61</ele>
        <time>2026-05-04T03:11:19.3440000+00:00</time>
      </trkpt>
      <trkpt lat="46.62237" lon="7.76528">
        <ele>1098.34</ele>
        <time>2026-05-04T03:11:26.9390000+00:00</time>
      </trkpt>
      <trkpt lat="46.62232" lon="7.76516">
        <ele>1094.72</ele>
        <time>2026-05-04T03:11:41.3010000+00:00</time>
      </trkpt>
      <trkpt lat="46.62225" lon="7.76507">
        <ele>1092.53</ele>
        <time>2026-05-04T03:11:55.2140000+00:00</time>
      </trkpt>
      <trkpt lat="46.62218" lon="7.76497">
        <ele>1090.28</ele>
        <time>2026-05-04T03:12:09.8260000+00:00</time>
      </trkpt>
      <trkpt lat="46.62214" lon="7.76492">
        <ele>1089.08</ele>
        <time>2026-05-04T03:12:17.6810000+00:00</time>
      </trkpt>
      <trkpt lat="46.62211" lon="7.76485">
        <ele>1087.86</ele>
        <time>2026-05-04T03:12:26.1250000+00:00</time>
      </trkpt>
      <trkpt lat="46.62207" lon="7.76474">
        <ele>1086.1</ele>
        <time>2026-05-04T03:12:38.8620000+00:00</time>
      </trkpt>
      <trkpt lat="46.62202" lon="7.7646">
        <ele>1083.9</ele>
        <time>2026-05-04T03:12:55.0090000+00:00</time>
      </trkpt>
      <trkpt lat="46.62198" lon="7.76455">
        <ele>1082.81</ele>
        <time>2026-05-04T03:13:02.8650000+00:00</time>
      </trkpt>
      <trkpt lat="46.62195" lon="7.76449">
        <ele>1082.51</ele>
        <time>2026-05-04T03:13:10.4590000+00:00</time>
      </trkpt>
      <trkpt lat="46.62191" lon="7.7644">
        <ele>1081.91</ele>
        <time>2026-05-04T03:13:21.4290000+00:00</time>
      </trkpt>
      <trkpt lat="46.62189" lon="7.76436">
        <ele>1081.65</ele>
        <time>2026-05-04T03:13:26.4930000+00:00</time>
      </trkpt>
      <trkpt lat="46.62185" lon="7.76429">
        <ele>1081.63</ele>
        <time>2026-05-04T03:13:35.8110000+00:00</time>
      </trkpt>
      <trkpt lat="46.62181" lon="7.76425">
        <ele>1081.72</ele>
        <time>2026-05-04T03:13:43.0410000+00:00</time>
      </trkpt>
      <trkpt lat="46.62176" lon="7.76419">
        <ele>1081.75</ele>
        <time>2026-05-04T03:13:52.6950000+00:00</time>
      </trkpt>
      <trkpt lat="46.62171" lon="7.76414">
        <ele>1081.8</ele>
        <time>2026-05-04T03:14:01.7330000+00:00</time>
      </trkpt>
      <trkpt lat="46.62168" lon="7.76409">
        <ele>1081.71</ele>
        <time>2026-05-04T03:14:08.5280000+00:00</time>
      </trkpt>
      <trkpt lat="46.62166" lon="7.76401">
        <ele>1081.39</ele>
        <time>2026-05-04T03:14:17.2400000+00:00</time>
      </trkpt>
      <trkpt lat="46.62163" lon="7.76397">
        <ele>1081.32</ele>
        <time>2026-05-04T03:14:23.3000000+00:00</time>
      </trkpt>
      <trkpt lat="46.6216" lon="7.76394">
        <ele>1081.29</ele>
        <time>2026-05-04T03:14:28.7240000+00:00</time>
      </trkpt>
      <trkpt lat="46.62159" lon="7.76388">
        <ele>1080.99</ele>
        <time>2026-05-04T03:14:35.0430000+00:00</time>
      </trkpt>
      <trkpt lat="46.62155" lon="7.76368">
        <ele>1079.95</ele>
        <time>2026-05-04T03:14:56.3590000+00:00</time>
      </trkpt>
      <trkpt lat="46.62152" lon="7.76356">
        <ele>1079.29</ele>
        <time>2026-05-04T03:15:09.4250000+00:00</time>
      </trkpt>
      <trkpt lat="46.62148" lon="7.76341">
        <ele>1078.77</ele>
        <time>2026-05-04T03:15:25.8900000+00:00</time>
      </trkpt>
      <trkpt lat="46.62146" lon="7.76334">
        <ele>1078.6</ele>
        <time>2026-05-04T03:15:33.6490000+00:00</time>
      </trkpt>
      <trkpt lat="46.62146" lon="7.76328">
        <ele>1078.39</ele>
        <time>2026-05-04T03:15:39.7890000+00:00</time>
      </trkpt>
      <trkpt lat="46.62147" lon="7.76323">
        <ele>1078.17</ele>
        <time>2026-05-04T03:15:45.1190000+00:00</time>
      </trkpt>
      <trkpt lat="46.62149" lon="7.76315">
        <ele>1077.79</ele>
        <time>2026-05-04T03:15:53.8310000+00:00</time>
      </trkpt>
      <trkpt lat="46.62153" lon="7.76308">
        <ele>1077.31</ele>
        <time>2026-05-04T03:16:03.1490000+00:00</time>
      </trkpt>
      <trkpt lat="46.62159" lon="7.763">
        <ele>1076.62</ele>
        <time>2026-05-04T03:16:15.2700000+00:00</time>
      </trkpt>
      <trkpt lat="46.62166" lon="7.76295">
        <ele>1075.94</ele>
        <time>2026-05-04T03:16:26.8860000+00:00</time>
      </trkpt>
      <trkpt lat="46.6217" lon="7.76289">
        <ele>1075.36</ele>
        <time>2026-05-04T03:16:35.4420000+00:00</time>
      </trkpt>
      <trkpt lat="46.62176" lon="7.7628">
        <ele>1074.44</ele>
        <time>2026-05-04T03:16:48.2770000+00:00</time>
      </trkpt>
      <trkpt lat="46.62182" lon="7.76271">
        <ele>1073.43</ele>
        <time>2026-05-04T03:17:01.1110000+00:00</time>
      </trkpt>
      <trkpt lat="46.62194" lon="7.76253">
        <ele>1072.76</ele>
        <time>2026-05-04T03:17:26.7810000+00:00</time>
      </trkpt>
      <trkpt lat="46.62201" lon="7.76243">
        <ele>1072.86</ele>
        <time>2026-05-04T03:17:41.3920000+00:00</time>
      </trkpt>
      <trkpt lat="46.62204" lon="7.76236">
        <ele>1073.18</ele>
        <time>2026-05-04T03:17:49.8350000+00:00</time>
      </trkpt>
      <trkpt lat="46.62205" lon="7.7623">
        <ele>1073.31</ele>
        <time>2026-05-04T03:17:56.1550000+00:00</time>
      </trkpt>
      <trkpt lat="46.62206" lon="7.76224">
        <ele>1073.41</ele>
        <time>2026-05-04T03:18:02.4720000+00:00</time>
      </trkpt>
      <trkpt lat="46.62206" lon="7.7622">
        <ele>1073.44</ele>
        <time>2026-05-04T03:18:06.5640000+00:00</time>
      </trkpt>
      <trkpt lat="46.62204" lon="7.76212">
        <ele>1073.48</ele>
        <time>2026-05-04T03:18:15.2760000+00:00</time>
      </trkpt>
      <trkpt lat="46.62202" lon="7.76201">
        <ele>1073.63</ele>
        <time>2026-05-04T03:18:26.9210000+00:00</time>
      </trkpt>
      <trkpt lat="46.62202" lon="7.76195">
        <ele>1073.72</ele>
        <time>2026-05-04T03:18:33.0610000+00:00</time>
      </trkpt>
      <trkpt lat="46.62202" lon="7.7619">
        <ele>1073.81</ele>
        <time>2026-05-04T03:18:38.1770000+00:00</time>
      </trkpt>
      <trkpt lat="46.62203" lon="7.76184">
        <ele>1073.85</ele>
        <time>2026-05-04T03:18:44.4940000+00:00</time>
      </trkpt>
      <trkpt lat="46.62204" lon="7.76178">
        <ele>1073.86</ele>
        <time>2026-05-04T03:18:50.8120000+00:00</time>
      </trkpt>
      <trkpt lat="46.62206" lon="7.76174">
        <ele>1073.8</ele>
        <time>2026-05-04T03:18:55.8770000+00:00</time>
      </trkpt>
      <trkpt lat="46.62209" lon="7.7617">
        <ele>1073.68</ele>
        <time>2026-05-04T03:19:01.9370000+00:00</time>
      </trkpt>
      <trkpt lat="46.62213" lon="7.76166">
        <ele>1073.49</ele>
        <time>2026-05-04T03:19:09.1660000+00:00</time>
      </trkpt>
      <trkpt lat="46.62216" lon="7.76162">
        <ele>1073.34</ele>
        <time>2026-05-04T03:19:15.2270000+00:00</time>
      </trkpt>
      <trkpt lat="46.62223" lon="7.76158">
        <ele>1072.94</ele>
        <time>2026-05-04T03:19:26.4310000+00:00</time>
      </trkpt>
      <trkpt lat="46.62227" lon="7.76154">
        <ele>1072.68</ele>
        <time>2026-05-04T03:19:33.6630000+00:00</time>
      </trkpt>
      <trkpt lat="46.62231" lon="7.76148">
        <ele>1072.37</ele>
        <time>2026-05-04T03:19:42.2190000+00:00</time>
      </trkpt>
      <trkpt lat="46.62234" lon="7.76143">
        <ele>1072.11</ele>
        <time>2026-05-04T03:19:49.0150000+00:00</time>
      </trkpt>
      <trkpt lat="46.62238" lon="7.76136">
        <ele>1071.72</ele>
        <time>2026-05-04T03:19:58.3330000+00:00</time>
      </trkpt>
      <trkpt lat="46.62242" lon="7.76127">
        <ele>1071.25</ele>
        <time>2026-05-04T03:20:09.3020000+00:00</time>
      </trkpt>
      <trkpt lat="46.62246" lon="7.76115">
        <ele>1070.67</ele>
        <time>2026-05-04T03:20:22.9510000+00:00</time>
      </trkpt>
      <trkpt lat="46.62254" lon="7.76092">
        <ele>1069.19</ele>
        <time>2026-05-04T03:20:49.3330000+00:00</time>
      </trkpt>
      <trkpt lat="46.6226" lon="7.7607">
        <ele>1067.76</ele>
        <time>2026-05-04T03:21:13.5540000+00:00</time>
      </trkpt>
      <trkpt lat="46.62269" lon="7.76041">
        <ele>1065.84</ele>
        <time>2026-05-04T03:21:46.1180000+00:00</time>
      </trkpt>
      <trkpt lat="46.62276" lon="7.76014">
        <ele>1064.24</ele>
        <time>2026-05-04T03:22:15.6490000+00:00</time>
      </trkpt>
      <trkpt lat="46.62282" lon="7.75994">
        <ele>1063.19</ele>
        <time>2026-05-04T03:22:37.9810000+00:00</time>
      </trkpt>
      <trkpt lat="46.62286" lon="7.75981">
        <ele>1063.47</ele>
        <time>2026-05-04T03:22:52.5570000+00:00</time>
      </trkpt>
      <trkpt lat="46.62288" lon="7.75973">
        <ele>1063.46</ele>
        <time>2026-05-04T03:23:01.2690000+00:00</time>
      </trkpt>
      <trkpt lat="46.62291" lon="7.75966">
        <ele>1063.61</ele>
        <time>2026-05-04T03:23:09.7120000+00:00</time>
      </trkpt>
      <trkpt lat="46.62293" lon="7.75962">
        <ele>1063.71</ele>
        <time>2026-05-04T03:23:14.7750000+00:00</time>
      </trkpt>
      <trkpt lat="46.62294" lon="7.75959">
        <ele>1063.69</ele>
        <time>2026-05-04T03:23:18.1830000+00:00</time>
      </trkpt>
      <trkpt lat="46.62298" lon="7.75958">
        <ele>1064.22</ele>
        <time>2026-05-04T03:23:24.2300000+00:00</time>
      </trkpt>
      <trkpt lat="46.623" lon="7.75957">
        <ele>1064.44</ele>
        <time>2026-05-04T03:23:27.3800000+00:00</time>
      </trkpt>
      <trkpt lat="46.62302" lon="7.75957">
        <ele>1064.74</ele>
        <time>2026-05-04T03:23:30.3600000+00:00</time>
      </trkpt>
      <trkpt lat="46.62306" lon="7.75958">
        <ele>1065.4</ele>
        <time>2026-05-04T03:23:36.4050000+00:00</time>
      </trkpt>
      <trkpt lat="46.62309" lon="7.7596">
        <ele>1066.02</ele>
        <time>2026-05-04T03:23:41.3220000+00:00</time>
      </trkpt>
      <trkpt lat="46.62311" lon="7.75955">
        <ele>1065.87</ele>
        <time>2026-05-04T03:23:47.2440000+00:00</time>
      </trkpt>
      <trkpt lat="46.62313" lon="7.75948">
        <ele>1065.49</ele>
        <time>2026-05-04T03:23:55.0030000+00:00</time>
      </trkpt>
      <trkpt lat="46.62318" lon="7.75938">
        <ele>1065.09</ele>
        <time>2026-05-04T03:24:07.6600000+00:00</time>
      </trkpt>
      <trkpt lat="46.62324" lon="7.75924">
        <ele>1065.05</ele>
        <time>2026-05-04T03:24:24.5460000+00:00</time>
      </trkpt>
      <trkpt lat="46.62328" lon="7.75912">
        <ele>1064.87</ele>
        <time>2026-05-04T03:24:38.1940000+00:00</time>
      </trkpt>
      <trkpt lat="46.62332" lon="7.75898">
        <ele>1064.49</ele>
        <time>2026-05-04T03:24:53.7090000+00:00</time>
      </trkpt>
      <trkpt lat="46.62335" lon="7.7589">
        <ele>1064.26</ele>
        <time>2026-05-04T03:25:03.0360000+00:00</time>
      </trkpt>
      <trkpt lat="46.62337" lon="7.75884">
        <ele>1064.05</ele>
        <time>2026-05-04T03:25:09.8600000+00:00</time>
      </trkpt>
      <trkpt lat="46.62341" lon="7.75879">
        <ele>1063.97</ele>
        <time>2026-05-04T03:25:17.7150000+00:00</time>
      </trkpt>
      <trkpt lat="46.62346" lon="7.75868">
        <ele>1063.5</ele>
        <time>2026-05-04T03:25:31.2130000+00:00</time>
      </trkpt>
      <trkpt lat="46.62348" lon="7.7586">
        <ele>1063.04</ele>
        <time>2026-05-04T03:25:39.9250000+00:00</time>
      </trkpt>
      <trkpt lat="46.6235" lon="7.75854">
        <ele>1062.68</ele>
        <time>2026-05-04T03:25:46.7490000+00:00</time>
      </trkpt>
      <trkpt lat="46.62351" lon="7.75851">
        <ele>1062.56</ele>
        <time>2026-05-04T03:25:50.1620000+00:00</time>
      </trkpt>
      <trkpt lat="46.62354" lon="7.75849">
        <ele>1062.52</ele>
        <time>2026-05-04T03:25:55.0790000+00:00</time>
      </trkpt>
      <trkpt lat="46.62359" lon="7.75845">
        <ele>1062.4</ele>
        <time>2026-05-04T03:26:03.5790000+00:00</time>
      </trkpt>
      <trkpt lat="46.62364" lon="7.75841">
        <ele>1062.24</ele>
        <time>2026-05-04T03:26:12.0780000+00:00</time>
      </trkpt>
      <trkpt lat="46.62376" lon="7.75829">
        <ele>1065.48</ele>
        <time>2026-05-04T03:26:33.7670000+00:00</time>
      </trkpt>
      <trkpt lat="46.6238" lon="7.75825">
        <ele>1066.54</ele>
        <time>2026-05-04T03:26:40.9970000+00:00</time>
      </trkpt>
      <trkpt lat="46.62382" lon="7.75822">
        <ele>1066.98</ele>
        <time>2026-05-04T03:26:45.2750000+00:00</time>
      </trkpt>
      <trkpt lat="46.62385" lon="7.7582">
        <ele>1067.81</ele>
        <time>2026-05-04T03:26:50.1910000+00:00</time>
      </trkpt>
      <trkpt lat="46.62389" lon="7.75818">
        <ele>1068.97</ele>
        <time>2026-05-04T03:26:56.4930000+00:00</time>
      </trkpt>
      <trkpt lat="46.62395" lon="7.75816">
        <ele>1070.76</ele>
        <time>2026-05-04T03:27:05.6640000+00:00</time>
      </trkpt>
      <trkpt lat="46.62399" lon="7.75814">
        <ele>1071.86</ele>
        <time>2026-05-04T03:27:11.9660000+00:00</time>
      </trkpt>
      <trkpt lat="46.62402" lon="7.75813">
        <ele>1072.73</ele>
        <time>2026-05-04T03:27:16.5510000+00:00</time>
      </trkpt>
      <trkpt lat="46.62404" lon="7.7581">
        <ele>1073.03</ele>
        <time>2026-05-04T03:27:20.8310000+00:00</time>
      </trkpt>
      <trkpt lat="46.62405" lon="7.75805">
        <ele>1072.76</ele>
        <time>2026-05-04T03:27:26.1610000+00:00</time>
      </trkpt>
      <trkpt lat="46.62408" lon="7.75799">
        <ele>1072.97</ele>
        <time>2026-05-04T03:27:33.7550000+00:00</time>
      </trkpt>
      <trkpt lat="46.62411" lon="7.75792">
        <ele>1073</ele>
        <time>2026-05-04T03:27:42.1980000+00:00</time>
      </trkpt>
      <trkpt lat="46.62415" lon="7.75786">
        <ele>1073.39</ele>
        <time>2026-05-04T03:27:50.7540000+00:00</time>
      </trkpt>
      <trkpt lat="46.62418" lon="7.75781">
        <ele>1073.56</ele>
        <time>2026-05-04T03:27:57.5490000+00:00</time>
      </trkpt>
      <trkpt lat="46.62422" lon="7.75776">
        <ele>1073.97</ele>
        <time>2026-05-04T03:28:05.4040000+00:00</time>
      </trkpt>
      <trkpt lat="46.62424" lon="7.75771">
        <ele>1073.79</ele>
        <time>2026-05-04T03:28:11.3240000+00:00</time>
      </trkpt>
      <trkpt lat="46.62427" lon="7.75759">
        <ele>1073.12</ele>
        <time>2026-05-04T03:28:24.3900000+00:00</time>
      </trkpt>
      <trkpt lat="46.62429" lon="7.75744">
        <ele>1071.76</ele>
        <time>2026-05-04T03:28:40.0260000+00:00</time>
      </trkpt>
      <trkpt lat="46.62431" lon="7.7573">
        <ele>1070.42</ele>
        <time>2026-05-04T03:28:54.6580000+00:00</time>
      </trkpt>
      <trkpt lat="46.62431" lon="7.7572">
        <ele>1069.16</ele>
        <time>2026-05-04T03:29:04.8900000+00:00</time>
      </trkpt>
      <trkpt lat="46.62431" lon="7.75707">
        <ele>1067.51</ele>
        <time>2026-05-04T03:29:18.1910000+00:00</time>
      </trkpt>
      <trkpt lat="46.62431" lon="7.75699">
        <ele>1066.49</ele>
        <time>2026-05-04T03:29:26.3750000+00:00</time>
      </trkpt>
      <trkpt lat="46.62433" lon="7.75691">
        <ele>1065.73</ele>
        <time>2026-05-04T03:29:35.0860000+00:00</time>
      </trkpt>
      <trkpt lat="46.62434" lon="7.75682">
        <ele>1064.72</ele>
        <time>2026-05-04T03:29:44.4140000+00:00</time>
      </trkpt>
      <trkpt lat="46.62436" lon="7.75676">
        <ele>1064.18</ele>
        <time>2026-05-04T03:29:51.2380000+00:00</time>
      </trkpt>
      <trkpt lat="46.62436" lon="7.75666">
        <ele>1062.91</ele>
        <time>2026-05-04T03:30:01.4710000+00:00</time>
      </trkpt>
      <trkpt lat="46.62437" lon="7.75661">
        <ele>1062.33</ele>
        <time>2026-05-04T03:30:06.8010000+00:00</time>
      </trkpt>
      <trkpt lat="46.62437" lon="7.75658">
        <ele>1061.94</ele>
        <time>2026-05-04T03:30:09.8750000+00:00</time>
      </trkpt>
      <trkpt lat="46.62441" lon="7.7565">
        <ele>1061.03</ele>
        <time>2026-05-04T03:30:20.0010000+00:00</time>
      </trkpt>
      <trkpt lat="46.62443" lon="7.75644">
        <ele>1060.22</ele>
        <time>2026-05-04T03:30:26.8250000+00:00</time>
      </trkpt>
      <trkpt lat="46.62446" lon="7.75629">
        <ele>1058</ele>
        <time>2026-05-04T03:30:42.8110000+00:00</time>
      </trkpt>
      <trkpt lat="46.62449" lon="7.75613">
        <ele>1055.72</ele>
        <time>2026-05-04T03:30:59.7820000+00:00</time>
      </trkpt>
      <trkpt lat="46.62452" lon="7.75599">
        <ele>1054.34</ele>
        <time>2026-05-04T03:31:14.7880000+00:00</time>
      </trkpt>
      <trkpt lat="46.62452" lon="7.75593">
        <ele>1053.52</ele>
        <time>2026-05-04T03:31:20.9270000+00:00</time>
      </trkpt>
      <trkpt lat="46.62455" lon="7.75586">
        <ele>1053.23</ele>
        <time>2026-05-04T03:31:29.3690000+00:00</time>
      </trkpt>
      <trkpt lat="46.62458" lon="7.75581">
        <ele>1053.19</ele>
        <time>2026-05-04T03:31:36.1620000+00:00</time>
      </trkpt>
      <trkpt lat="46.62461" lon="7.75577">
        <ele>1053.26</ele>
        <time>2026-05-04T03:31:42.2220000+00:00</time>
      </trkpt>
      <trkpt lat="46.62466" lon="7.75573">
        <ele>1053.72</ele>
        <time>2026-05-04T03:31:50.7220000+00:00</time>
      </trkpt>
      <trkpt lat="46.62474" lon="7.75567">
        <ele>1054.45</ele>
        <time>2026-05-04T03:32:04.1290000+00:00</time>
      </trkpt>
      <trkpt lat="46.62484" lon="7.75563">
        <ele>1055.81</ele>
        <time>2026-05-04T03:32:19.5800000+00:00</time>
      </trkpt>
      <trkpt lat="46.62492" lon="7.75559">
        <ele>1056.69</ele>
        <time>2026-05-04T03:32:32.1830000+00:00</time>
      </trkpt>
      <trkpt lat="46.625" lon="7.75554">
        <ele>1057.33</ele>
        <time>2026-05-04T03:32:45.1540000+00:00</time>
      </trkpt>
      <trkpt lat="46.62506" lon="7.75548">
        <ele>1057.33</ele>
        <time>2026-05-04T03:32:55.9980000+00:00</time>
      </trkpt>
      <trkpt lat="46.62511" lon="7.75542">
        <ele>1057.07</ele>
        <time>2026-05-04T03:33:05.6520000+00:00</time>
      </trkpt>
      <trkpt lat="46.62518" lon="7.75534">
        <ele>1056.69</ele>
        <time>2026-05-04T03:33:18.9090000+00:00</time>
      </trkpt>
      <trkpt lat="46.62526" lon="7.75523">
        <ele>1055.73</ele>
        <time>2026-05-04T03:33:35.3030000+00:00</time>
      </trkpt>
      <trkpt lat="46.62535" lon="7.75513">
        <ele>1056.1</ele>
        <time>2026-05-04T03:33:52.1700000+00:00</time>
      </trkpt>
      <trkpt lat="46.62539" lon="7.75508">
        <ele>1056.68</ele>
        <time>2026-05-04T03:34:00.0240000+00:00</time>
      </trkpt>
      <trkpt lat="46.62543" lon="7.75502">
        <ele>1057.06</ele>
        <time>2026-05-04T03:34:08.5820000+00:00</time>
      </trkpt>
      <trkpt lat="46.62545" lon="7.75496">
        <ele>1056.72</ele>
        <time>2026-05-04T03:34:15.4060000+00:00</time>
      </trkpt>
      <trkpt lat="46.62547" lon="7.75492">
        <ele>1056.72</ele>
        <time>2026-05-04T03:34:20.4680000+00:00</time>
      </trkpt>
      <trkpt lat="46.62549" lon="7.7549">
        <ele>1057.06</ele>
        <time>2026-05-04T03:34:24.0820000+00:00</time>
      </trkpt>
      <trkpt lat="46.62552" lon="7.75488">
        <ele>1057.75</ele>
        <time>2026-05-04T03:34:28.9990000+00:00</time>
      </trkpt>
      <trkpt lat="46.62556" lon="7.75486">
        <ele>1058.77</ele>
        <time>2026-05-04T03:34:35.3000000+00:00</time>
      </trkpt>
      <trkpt lat="46.62561" lon="7.75482">
        <ele>1059.78</ele>
        <time>2026-05-04T03:34:43.7990000+00:00</time>
      </trkpt>
      <trkpt lat="46.62568" lon="7.75476">
        <ele>1061.08</ele>
        <time>2026-05-04T03:34:55.9010000+00:00</time>
      </trkpt>
      <trkpt lat="46.62576" lon="7.7547">
        <ele>1062.68</ele>
        <time>2026-05-04T03:35:09.3080000+00:00</time>
      </trkpt>
      <trkpt lat="46.62586" lon="7.75464">
        <ele>1064.92</ele>
        <time>2026-05-04T03:35:25.4230000+00:00</time>
      </trkpt>
      <trkpt lat="46.62592" lon="7.75457">
        <ele>1065.57</ele>
        <time>2026-05-04T03:35:36.8770000+00:00</time>
      </trkpt>
      <trkpt lat="46.62598" lon="7.75447">
        <ele>1065.6</ele>
        <time>2026-05-04T03:35:50.4640000+00:00</time>
      </trkpt>
      <trkpt lat="46.62606" lon="7.75431">
        <ele>1064.92</ele>
        <time>2026-05-04T03:36:10.7150000+00:00</time>
      </trkpt>
      <trkpt lat="46.62611" lon="7.75422">
        <ele>1064.38</ele>
        <time>2026-05-04T03:36:22.5590000+00:00</time>
      </trkpt>
      <trkpt lat="46.62616" lon="7.75412">
        <ele>1063.52</ele>
        <time>2026-05-04T03:36:35.2160000+00:00</time>
      </trkpt>
      <trkpt lat="46.62618" lon="7.754">
        <ele>1061.42</ele>
        <time>2026-05-04T03:36:47.8510000+00:00</time>
      </trkpt>
      <trkpt lat="46.62618" lon="7.75389">
        <ele>1058.81</ele>
        <time>2026-05-04T03:36:59.1050000+00:00</time>
      </trkpt>
      <trkpt lat="46.62618" lon="7.75377">
        <ele>1055.96</ele>
        <time>2026-05-04T03:37:11.3830000+00:00</time>
      </trkpt>
      <trkpt lat="46.62618" lon="7.75367">
        <ele>1053.59</ele>
        <time>2026-05-04T03:37:21.6140000+00:00</time>
      </trkpt>
      <trkpt lat="46.62619" lon="7.75358">
        <ele>1051.87</ele>
        <time>2026-05-04T03:37:30.9430000+00:00</time>
      </trkpt>
      <trkpt lat="46.62622" lon="7.75345">
        <ele>1050.76</ele>
        <time>2026-05-04T03:37:44.9750000+00:00</time>
      </trkpt>
      <trkpt lat="46.62626" lon="7.75332">
        <ele>1050.39</ele>
        <time>2026-05-04T03:37:59.5510000+00:00</time>
      </trkpt>
      <trkpt lat="46.62628" lon="7.75327">
        <ele>1050.43</ele>
        <time>2026-05-04T03:38:05.4710000+00:00</time>
      </trkpt>
      <trkpt lat="46.62629" lon="7.75321">
        <ele>1049.9</ele>
        <time>2026-05-04T03:38:11.7880000+00:00</time>
      </trkpt>
      <trkpt lat="46.62628" lon="7.75316">
        <ele>1048.69</ele>
        <time>2026-05-04T03:38:17.1150000+00:00</time>
      </trkpt>
      <trkpt lat="46.62626" lon="7.75308">
        <ele>1046.6</ele>
        <time>2026-05-04T03:38:25.8260000+00:00</time>
      </trkpt>
      <trkpt lat="46.62626" lon="7.753">
        <ele>1045.34</ele>
        <time>2026-05-04T03:38:34.0130000+00:00</time>
      </trkpt>
      <trkpt lat="46.62626" lon="7.7529">
        <ele>1043.76</ele>
        <time>2026-05-04T03:38:44.2460000+00:00</time>
      </trkpt>
      <trkpt lat="46.62626" lon="7.75276">
        <ele>1041.55</ele>
        <time>2026-05-04T03:38:58.5710000+00:00</time>
      </trkpt>
      <trkpt lat="46.62627" lon="7.75266">
        <ele>1040.73</ele>
        <time>2026-05-04T03:39:08.9110000+00:00</time>
      </trkpt>
      <trkpt lat="46.6263" lon="7.75258">
        <ele>1041.24</ele>
        <time>2026-05-04T03:39:18.2380000+00:00</time>
      </trkpt>
      <trkpt lat="46.62636" lon="7.75248">
        <ele>1042.58</ele>
        <time>2026-05-04T03:39:31.8250000+00:00</time>
      </trkpt>
      <trkpt lat="46.62647" lon="7.75234">
        <ele>1045.02</ele>
        <time>2026-05-04T03:39:53.5920000+00:00</time>
      </trkpt>
      <trkpt lat="46.62662" lon="7.75216">
        <ele>1047.63</ele>
        <time>2026-05-04T03:40:22.5510000+00:00</time>
      </trkpt>
      <trkpt lat="46.6267" lon="7.75204">
        <ele>1048.27</ele>
        <time>2026-05-04T03:40:39.6630000+00:00</time>
      </trkpt>
      <trkpt lat="46.62678" lon="7.75192">
        <ele>1048.57</ele>
        <time>2026-05-04T03:40:56.7760000+00:00</time>
      </trkpt>
      <trkpt lat="46.62684" lon="7.75181">
        <ele>1048.72</ele>
        <time>2026-05-04T03:41:11.1490000+00:00</time>
      </trkpt>
      <trkpt lat="46.6269" lon="7.7517">
        <ele>1048.95</ele>
        <time>2026-05-04T03:41:25.5230000+00:00</time>
      </trkpt>
      <trkpt lat="46.62694" lon="7.75161">
        <ele>1048.74</ele>
        <time>2026-05-04T03:41:36.4920000+00:00</time>
      </trkpt>
      <trkpt lat="46.62696" lon="7.75152">
        <ele>1048</ele>
        <time>2026-05-04T03:41:46.1700000+00:00</time>
      </trkpt>
      <trkpt lat="46.62697" lon="7.75143">
        <ele>1047.02</ele>
        <time>2026-05-04T03:41:55.4990000+00:00</time>
      </trkpt>
      <trkpt lat="46.62697" lon="7.75126">
        <ele>1044.8</ele>
        <time>2026-05-04T03:42:12.8930000+00:00</time>
      </trkpt>
      <trkpt lat="46.62698" lon="7.75103">
        <ele>1041.95</ele>
        <time>2026-05-04T03:42:36.4740000+00:00</time>
      </trkpt>
      <trkpt lat="46.62698" lon="7.75073">
        <ele>1037.97</ele>
        <time>2026-05-04T03:43:07.1690000+00:00</time>
      </trkpt>
      <trkpt lat="46.627" lon="7.75062">
        <ele>1037.1</ele>
        <time>2026-05-04T03:43:18.8110000+00:00</time>
      </trkpt>
      <trkpt lat="46.62701" lon="7.75054">
        <ele>1036.3</ele>
        <time>2026-05-04T03:43:27.1310000+00:00</time>
      </trkpt>
      <trkpt lat="46.62703" lon="7.75043">
        <ele>1035.31</ele>
        <time>2026-05-04T03:43:38.7750000+00:00</time>
      </trkpt>
      <trkpt lat="46.62706" lon="7.75034">
        <ele>1034.8</ele>
        <time>2026-05-04T03:43:49.0110000+00:00</time>
      </trkpt>
      <trkpt lat="46.6271" lon="7.75028">
        <ele>1034.88</ele>
        <time>2026-05-04T03:43:57.5680000+00:00</time>
      </trkpt>
      <trkpt lat="46.62713" lon="7.75022">
        <ele>1034.66</ele>
        <time>2026-05-04T03:44:05.1620000+00:00</time>
      </trkpt>
      <trkpt lat="46.62722" lon="7.75013">
        <ele>1035.34</ele>
        <time>2026-05-04T03:44:21.4280000+00:00</time>
      </trkpt>
      <trkpt lat="46.62729" lon="7.75007">
        <ele>1035.81</ele>
        <time>2026-05-04T03:44:33.5300000+00:00</time>
      </trkpt>
      <trkpt lat="46.62734" lon="7.75004">
        <ele>1036.25</ele>
        <time>2026-05-04T03:44:41.5870000+00:00</time>
      </trkpt>
      <trkpt lat="46.62741" lon="7.75001">
        <ele>1036.99</ele>
        <time>2026-05-04T03:44:52.4600000+00:00</time>
      </trkpt>
      <trkpt lat="46.62747" lon="7.75002">
        <ele>1038.29</ele>
        <time>2026-05-04T03:45:01.4580000+00:00</time>
      </trkpt>
      <trkpt lat="46.62752" lon="7.75001">
        <ele>1038.99</ele>
        <time>2026-05-04T03:45:08.9770000+00:00</time>
      </trkpt>
      <trkpt lat="46.62755" lon="7.75001">
        <ele>1039.54</ele>
        <time>2026-05-04T03:45:13.4460000+00:00</time>
      </trkpt>
      <trkpt lat="46.62759" lon="7.74999">
        <ele>1039.8</ele>
        <time>2026-05-04T03:45:19.7470000+00:00</time>
      </trkpt>
      <trkpt lat="46.62763" lon="7.74996">
        <ele>1039.77</ele>
        <time>2026-05-04T03:45:26.4520000+00:00</time>
      </trkpt>
      <trkpt lat="46.62772" lon="7.7499">
        <ele>1039.7</ele>
        <time>2026-05-04T03:45:41.2000000+00:00</time>
      </trkpt>
      <trkpt lat="46.62783" lon="7.74981">
        <ele>1039.41</ele>
        <time>2026-05-04T03:45:59.9980000+00:00</time>
      </trkpt>
      <trkpt lat="46.62792" lon="7.74974">
        <ele>1041.39</ele>
        <time>2026-05-04T03:46:15.2000000+00:00</time>
      </trkpt>
      <trkpt lat="46.62798" lon="7.74968">
        <ele>1042.32</ele>
        <time>2026-05-04T03:46:26.0440000+00:00</time>
      </trkpt>
      <trkpt lat="46.62801" lon="7.74965">
        <ele>1042.79</ele>
        <time>2026-05-04T03:46:31.4670000+00:00</time>
      </trkpt>
      <trkpt lat="46.62802" lon="7.74962">
        <ele>1042.37</ele>
        <time>2026-05-04T03:46:34.8800000+00:00</time>
      </trkpt>
      <trkpt lat="46.62803" lon="7.74957">
        <ele>1041.37</ele>
        <time>2026-05-04T03:46:40.2100000+00:00</time>
      </trkpt>
      <trkpt lat="46.62805" lon="7.74951">
        <ele>1040.53</ele>
        <time>2026-05-04T03:46:47.0340000+00:00</time>
      </trkpt>
      <trkpt lat="46.62809" lon="7.74945">
        <ele>1040.58</ele>
        <time>2026-05-04T03:46:55.5890000+00:00</time>
      </trkpt>
      <trkpt lat="46.62813" lon="7.74938">
        <ele>1040.34</ele>
        <time>2026-05-04T03:47:04.9060000+00:00</time>
      </trkpt>
      <trkpt lat="46.62818" lon="7.74933">
        <ele>1041.66</ele>
        <time>2026-05-04T03:47:13.9440000+00:00</time>
      </trkpt>
      <trkpt lat="46.62823" lon="7.74928">
        <ele>1042.93</ele>
        <time>2026-05-04T03:47:22.9810000+00:00</time>
      </trkpt>
      <trkpt lat="46.62829" lon="7.74921">
        <ele>1044.13</ele>
        <time>2026-05-04T03:47:34.4350000+00:00</time>
      </trkpt>
      <trkpt lat="46.62846" lon="7.74906">
        <ele>1047.71</ele>
        <time>2026-05-04T03:48:04.0500000+00:00</time>
      </trkpt>
      <trkpt lat="46.62848" lon="7.74903">
        <ele>1047.77</ele>
        <time>2026-05-04T03:48:08.3300000+00:00</time>
      </trkpt>
      <trkpt lat="46.6285" lon="7.749">
        <ele>1047.82</ele>
        <time>2026-05-04T03:48:12.6080000+00:00</time>
      </trkpt>
      <trkpt lat="46.62846" lon="7.74893">
        <ele>1044.75</ele>
        <time>2026-05-04T03:48:21.9250000+00:00</time>
      </trkpt>
      <trkpt lat="46.62842" lon="7.7488">
        <ele>1040.48</ele>
        <time>2026-05-04T03:48:36.5010000+00:00</time>
      </trkpt>
      <trkpt lat="46.62838" lon="7.74868">
        <ele>1036.64</ele>
        <time>2026-05-04T03:48:50.1490000+00:00</time>
      </trkpt>
      <trkpt lat="46.62836" lon="7.74862">
        <ele>1034.79</ele>
        <time>2026-05-04T03:48:56.9730000+00:00</time>
      </trkpt>
      <trkpt lat="46.62836" lon="7.74854">
        <ele>1033.13</ele>
        <time>2026-05-04T03:49:05.1580000+00:00</time>
      </trkpt>
      <trkpt lat="46.62839" lon="7.74845">
        <ele>1032.05</ele>
        <time>2026-05-04T03:49:15.3940000+00:00</time>
      </trkpt>
      <trkpt lat="46.62847" lon="7.74827">
        <ele>1029.79</ele>
        <time>2026-05-04T03:49:37.3320000+00:00</time>
      </trkpt>
      <trkpt lat="46.62852" lon="7.74819">
        <ele>1028.75</ele>
        <time>2026-05-04T03:49:48.3990000+00:00</time>
      </trkpt>
      <trkpt lat="46.62863" lon="7.74807">
        <ele>1027.2</ele>
        <time>2026-05-04T03:50:08.8770000+00:00</time>
      </trkpt>
      <trkpt lat="46.62872" lon="7.74794">
        <ele>1028.22</ele>
        <time>2026-05-04T03:50:27.7640000+00:00</time>
      </trkpt>
      <trkpt lat="46.62878" lon="7.74782">
        <ele>1028.28</ele>
        <time>2026-05-04T03:50:42.9520000+00:00</time>
      </trkpt>
      <trkpt lat="46.62882" lon="7.74772">
        <ele>1027.71</ele>
        <time>2026-05-04T03:50:54.7920000+00:00</time>
      </trkpt>
      <trkpt lat="46.62887" lon="7.74757">
        <ele>1028.23</ele>
        <time>2026-05-04T03:51:11.8520000+00:00</time>
      </trkpt>
      <trkpt lat="46.62887" lon="7.74745">
        <ele>1026.39</ele>
        <time>2026-05-04T03:51:24.1300000+00:00</time>
      </trkpt>
      <trkpt lat="46.6289" lon="7.74739">
        <ele>1026.95</ele>
        <time>2026-05-04T03:51:31.7240000+00:00</time>
      </trkpt>
      <trkpt lat="46.62894" lon="7.74727">
        <ele>1026.83</ele>
        <time>2026-05-04T03:51:45.3720000+00:00</time>
      </trkpt>
      <trkpt lat="46.62897" lon="7.74719">
        <ele>1026.73</ele>
        <time>2026-05-04T03:51:54.6990000+00:00</time>
      </trkpt>
      <trkpt lat="46.629" lon="7.74709">
        <ele>1026.1</ele>
        <time>2026-05-04T03:52:05.8650000+00:00</time>
      </trkpt>
      <trkpt lat="46.62903" lon="7.74702">
        <ele>1025.89</ele>
        <time>2026-05-04T03:52:14.3080000+00:00</time>
      </trkpt>
      <trkpt lat="46.62908" lon="7.74695">
        <ele>1026.27</ele>
        <time>2026-05-04T03:52:24.6420000+00:00</time>
      </trkpt>
      <trkpt lat="46.62915" lon="7.74688">
        <ele>1027.11</ele>
        <time>2026-05-04T03:52:37.2940000+00:00</time>
      </trkpt>
      <trkpt lat="46.62918" lon="7.74686">
        <ele>1027.73</ele>
        <time>2026-05-04T03:52:42.2110000+00:00</time>
      </trkpt>
      <trkpt lat="46.62921" lon="7.74685">
        <ele>1028.52</ele>
        <time>2026-05-04T03:52:46.7970000+00:00</time>
      </trkpt>
      <trkpt lat="46.62927" lon="7.74685">
        <ele>1030.48</ele>
        <time>2026-05-04T03:52:55.7360000+00:00</time>
      </trkpt>
      <trkpt lat="46.62932" lon="7.74686">
        <ele>1032.36</ele>
        <time>2026-05-04T03:53:03.2550000+00:00</time>
      </trkpt>
      <trkpt lat="46.62939" lon="7.74688">
        <ele>1035.2</ele>
        <time>2026-05-04T03:53:13.8840000+00:00</time>
      </trkpt>
      <trkpt lat="46.62944" lon="7.74687">
        <ele>1036.6</ele>
        <time>2026-05-04T03:53:21.4030000+00:00</time>
      </trkpt>
      <trkpt lat="46.62949" lon="7.74684">
        <ele>1038</ele>
        <time>2026-05-04T03:53:29.4600000+00:00</time>
      </trkpt>
      <trkpt lat="46.62956" lon="7.74679">
        <ele>1041.73</ele>
        <time>2026-05-04T03:53:41.0750000+00:00</time>
      </trkpt>
      <trkpt lat="46.62964" lon="7.74673">
        <ele>1045.86</ele>
        <time>2026-05-04T03:53:54.4820000+00:00</time>
      </trkpt>
      <trkpt lat="46.62973" lon="7.74665">
        <ele>1050.06</ele>
        <time>2026-05-04T03:54:10.1920000+00:00</time>
      </trkpt>
      <trkpt lat="46.62982" lon="7.74657">
        <ele>1054.18</ele>
        <time>2026-05-04T03:54:25.9020000+00:00</time>
      </trkpt>
      <trkpt lat="46.62989" lon="7.7465">
        <ele>1057.08</ele>
        <time>2026-05-04T03:54:38.5540000+00:00</time>
      </trkpt>
      <trkpt lat="46.62995" lon="7.74642">
        <ele>1058.89</ele>
        <time>2026-05-04T03:54:50.6740000+00:00</time>
      </trkpt>
      <trkpt lat="46.62999" lon="7.74634">
        <ele>1059.22</ele>
        <time>2026-05-04T03:55:00.7980000+00:00</time>
      </trkpt>
      <trkpt lat="46.63004" lon="7.7462">
        <ele>1058.3</ele>
        <time>2026-05-04T03:55:16.9430000+00:00</time>
      </trkpt>
      <trkpt lat="46.63007" lon="7.7461">
        <ele>1057.19</ele>
        <time>2026-05-04T03:55:28.1090000+00:00</time>
      </trkpt>
      <trkpt lat="46.6301" lon="7.74601">
        <ele>1056.48</ele>
        <time>2026-05-04T03:55:38.3450000+00:00</time>
      </trkpt>
      <trkpt lat="46.63012" lon="7.74593">
        <ele>1055.46</ele>
        <time>2026-05-04T03:55:47.0560000+00:00</time>
      </trkpt>
      <trkpt lat="46.63013" lon="7.74588">
        <ele>1054.61</ele>
        <time>2026-05-04T03:55:52.3830000+00:00</time>
      </trkpt>
      <trkpt lat="46.63014" lon="7.74581">
        <ele>1053.13</ele>
        <time>2026-05-04T03:55:59.6980000+00:00</time>
      </trkpt>
      <trkpt lat="46.63014" lon="7.74574">
        <ele>1051</ele>
        <time>2026-05-04T03:56:06.8600000+00:00</time>
      </trkpt>
      <trkpt lat="46.63014" lon="7.74565">
        <ele>1048.26</ele>
        <time>2026-05-04T03:56:16.0680000+00:00</time>
      </trkpt>
      <trkpt lat="46.63016" lon="7.74554">
        <ele>1046.04</ele>
        <time>2026-05-04T03:56:27.7100000+00:00</time>
      </trkpt>
      <trkpt lat="46.63015" lon="7.74546">
        <ele>1043.02</ele>
        <time>2026-05-04T03:56:36.0300000+00:00</time>
      </trkpt>
      <trkpt lat="46.63015" lon="7.74535">
        <ele>1039.64</ele>
        <time>2026-05-04T03:56:47.2840000+00:00</time>
      </trkpt>
      <trkpt lat="46.63016" lon="7.74523">
        <ele>1036.43</ele>
        <time>2026-05-04T03:56:59.6510000+00:00</time>
      </trkpt>
      <trkpt lat="46.63016" lon="7.74512">
        <ele>1033.44</ele>
        <time>2026-05-04T03:57:10.9060000+00:00</time>
      </trkpt>
      <trkpt lat="46.63018" lon="7.745">
        <ele>1031.06</ele>
        <time>2026-05-04T03:57:23.5390000+00:00</time>
      </trkpt>
      <trkpt lat="46.6302" lon="7.74491">
        <ele>1029.32</ele>
        <time>2026-05-04T03:57:33.2170000+00:00</time>
      </trkpt>
      <trkpt lat="46.63023" lon="7.74481">
        <ele>1027.47</ele>
        <time>2026-05-04T03:57:44.3820000+00:00</time>
      </trkpt>
      <trkpt lat="46.63026" lon="7.74473">
        <ele>1025.99</ele>
        <time>2026-05-04T03:57:53.7080000+00:00</time>
      </trkpt>
      <trkpt lat="46.63031" lon="7.74463">
        <ele>1024.25</ele>
        <time>2026-05-04T03:58:06.3630000+00:00</time>
      </trkpt>
      <trkpt lat="46.63036" lon="7.74456">
        <ele>1025.36</ele>
        <time>2026-05-04T03:58:16.6970000+00:00</time>
      </trkpt>
      <trkpt lat="46.63041" lon="7.7445">
        <ele>1026.71</ele>
        <time>2026-05-04T03:58:26.3500000+00:00</time>
      </trkpt>
      <trkpt lat="46.6305" lon="7.7444">
        <ele>1029.17</ele>
        <time>2026-05-04T03:58:43.2170000+00:00</time>
      </trkpt>
      <trkpt lat="46.63057" lon="7.74431">
        <ele>1031.19</ele>
        <time>2026-05-04T03:58:57.1290000+00:00</time>
      </trkpt>
      <trkpt lat="46.63065" lon="7.74423">
        <ele>1034.13</ele>
        <time>2026-05-04T03:59:11.5880000+00:00</time>
      </trkpt>
      <trkpt lat="46.63072" lon="7.74418">
        <ele>1037.09</ele>
        <time>2026-05-04T03:59:23.2040000+00:00</time>
      </trkpt>
      <trkpt lat="46.63078" lon="7.74412">
        <ele>1039.05</ele>
        <time>2026-05-04T03:59:34.0490000+00:00</time>
      </trkpt>
      <trkpt lat="46.63083" lon="7.74408">
        <ele>1040.89</ele>
        <time>2026-05-04T03:59:42.5480000+00:00</time>
      </trkpt>
      <trkpt lat="46.63087" lon="7.74402">
        <ele>1041.46</ele>
        <time>2026-05-04T03:59:51.1050000+00:00</time>
      </trkpt>
      <trkpt lat="46.63091" lon="7.74393">
        <ele>1041.02</ele>
        <time>2026-05-04T04:00:02.0730000+00:00</time>
      </trkpt>
      <trkpt lat="46.63093" lon="7.74385">
        <ele>1039.66</ele>
        <time>2026-05-04T04:00:10.7830000+00:00</time>
      </trkpt>
      <trkpt lat="46.63096" lon="7.74375">
        <ele>1038.15</ele>
        <time>2026-05-04T04:00:21.9480000+00:00</time>
      </trkpt>
      <trkpt lat="46.63098" lon="7.74364">
        <ele>1035.7</ele>
        <time>2026-05-04T04:00:33.5900000+00:00</time>
      </trkpt>
      <trkpt lat="46.631" lon="7.74355">
        <ele>1033.83</ele>
        <time>2026-05-04T04:00:43.2690000+00:00</time>
      </trkpt>
      <trkpt lat="46.63102" lon="7.74346">
        <ele>1032.74</ele>
        <time>2026-05-04T04:00:52.9470000+00:00</time>
      </trkpt>
      <trkpt lat="46.63103" lon="7.74341">
        <ele>1032.06</ele>
        <time>2026-05-04T04:00:58.2750000+00:00</time>
      </trkpt>
      <trkpt lat="46.63105" lon="7.74337">
        <ele>1032.05</ele>
        <time>2026-05-04T04:01:03.3370000+00:00</time>
      </trkpt>
      <trkpt lat="46.63107" lon="7.74333">
        <ele>1032.01</ele>
        <time>2026-05-04T04:01:08.4000000+00:00</time>
      </trkpt>
      <trkpt lat="46.63108" lon="7.74328">
        <ele>1031.23</ele>
        <time>2026-05-04T04:01:13.7270000+00:00</time>
      </trkpt>
      <trkpt lat="46.63108" lon="7.74324">
        <ele>1030.24</ele>
        <time>2026-05-04T04:01:17.8180000+00:00</time>
      </trkpt>
      <trkpt lat="46.63107" lon="7.74316">
        <ele>1027.83</ele>
        <time>2026-05-04T04:01:26.1360000+00:00</time>
      </trkpt>
      <trkpt lat="46.63108" lon="7.74308">
        <ele>1026.26</ele>
        <time>2026-05-04T04:01:34.4540000+00:00</time>
      </trkpt>
      <trkpt lat="46.6311" lon="7.74299">
        <ele>1024.77</ele>
        <time>2026-05-04T04:01:44.1310000+00:00</time>
      </trkpt>
      <trkpt lat="46.63113" lon="7.7429">
        <ele>1023.53</ele>
        <time>2026-05-04T04:01:54.3660000+00:00</time>
      </trkpt>
      <trkpt lat="46.63114" lon="7.74286">
        <ele>1022.82</ele>
        <time>2026-05-04T04:01:58.7210000+00:00</time>
      </trkpt>
      <trkpt lat="46.63113" lon="7.74283">
        <ele>1021.7</ele>
        <time>2026-05-04T04:02:02.1340000+00:00</time>
      </trkpt>
      <trkpt lat="46.63113" lon="7.7428">
        <ele>1020.92</ele>
        <time>2026-05-04T04:02:05.2030000+00:00</time>
      </trkpt>
      <trkpt lat="46.63117" lon="7.74275">
        <ele>1022.1</ele>
        <time>2026-05-04T04:02:13.0560000+00:00</time>
      </trkpt>
      <trkpt lat="46.63122" lon="7.74264">
        <ele>1023.19</ele>
        <time>2026-05-04T04:02:26.5520000+00:00</time>
      </trkpt>
      <trkpt lat="46.63126" lon="7.74252">
        <ele>1023.27</ele>
        <time>2026-05-04T04:02:40.1990000+00:00</time>
      </trkpt>
      <trkpt lat="46.63129" lon="7.74243">
        <ele>1023.12</ele>
        <time>2026-05-04T04:02:50.4340000+00:00</time>
      </trkpt>
      <trkpt lat="46.63134" lon="7.74225">
        <ele>1021.74</ele>
        <time>2026-05-04T04:03:10.2990000+00:00</time>
      </trkpt>
      <trkpt lat="46.63138" lon="7.74214">
        <ele>1021.13</ele>
        <time>2026-05-04T04:03:23.0330000+00:00</time>
      </trkpt>
      <trkpt lat="46.6314" lon="7.74209">
        <ele>1020.86</ele>
        <time>2026-05-04T04:03:28.9530000+00:00</time>
      </trkpt>
      <trkpt lat="46.63141" lon="7.74206">
        <ele>1020.56</ele>
        <time>2026-05-04T04:03:32.3660000+00:00</time>
      </trkpt>
      <trkpt lat="46.63145" lon="7.74202">
        <ele>1021.5</ele>
        <time>2026-05-04T04:03:39.5960000+00:00</time>
      </trkpt>
      <trkpt lat="46.6315" lon="7.74197">
        <ele>1022.53</ele>
        <time>2026-05-04T04:03:48.6340000+00:00</time>
      </trkpt>
      <trkpt lat="46.63156" lon="7.74192">
        <ele>1023.88</ele>
        <time>2026-05-04T04:03:58.9330000+00:00</time>
      </trkpt>
      <trkpt lat="46.63162" lon="7.74186">
        <ele>1024.86</ele>
        <time>2026-05-04T04:04:09.7780000+00:00</time>
      </trkpt>
      <trkpt lat="46.6317" lon="7.74178">
        <ele>1026.3</ele>
        <time>2026-05-04T04:04:24.2360000+00:00</time>
      </trkpt>
      <trkpt lat="46.63178" lon="7.74169">
        <ele>1027.19</ele>
        <time>2026-05-04T04:04:39.2980000+00:00</time>
      </trkpt>
      <trkpt lat="46.63186" lon="7.74159">
        <ele>1027.5</ele>
        <time>2026-05-04T04:04:55.0060000+00:00</time>
      </trkpt>
      <trkpt lat="46.63196" lon="7.74146">
        <ele>1027.3</ele>
        <time>2026-05-04T04:05:14.9780000+00:00</time>
      </trkpt>
      <trkpt lat="46.63199" lon="7.74142">
        <ele>1027.27</ele>
        <time>2026-05-04T04:05:21.0380000+00:00</time>
      </trkpt>
      <trkpt lat="46.63202" lon="7.74136">
        <ele>1026.68</ele>
        <time>2026-05-04T04:05:28.6320000+00:00</time>
      </trkpt>
      <trkpt lat="46.63201" lon="7.74132">
        <ele>1024.85</ele>
        <time>2026-05-04T04:05:32.9870000+00:00</time>
      </trkpt>
      <trkpt lat="46.63198" lon="7.74123">
        <ele>1020.4</ele>
        <time>2026-05-04T04:05:43.2220000+00:00</time>
      </trkpt>
      <trkpt lat="46.63198" lon="7.74112">
        <ele>1016.7</ele>
        <time>2026-05-04T04:05:54.4760000+00:00</time>
      </trkpt>
      <trkpt lat="46.63199" lon="7.74105">
        <ele>1014.81</ele>
        <time>2026-05-04T04:06:01.7910000+00:00</time>
      </trkpt>
      <trkpt lat="46.632" lon="7.74099">
        <ele>1014.38</ele>
        <time>2026-05-04T04:06:08.1080000+00:00</time>
      </trkpt>
      <trkpt lat="46.63203" lon="7.74102">
        <ele>1016.22</ele>
        <time>2026-05-04T04:06:13.5320000+00:00</time>
      </trkpt>
      <trkpt lat="46.63206" lon="7.74104">
        <ele>1017.92</ele>
        <time>2026-05-04T04:06:18.4480000+00:00</time>
      </trkpt>
      <trkpt lat="46.63211" lon="7.74104">
        <ele>1020.26</ele>
        <time>2026-05-04T04:06:25.8980000+00:00</time>
      </trkpt>
      <trkpt lat="46.63214" lon="7.74103">
        <ele>1021.51</ele>
        <time>2026-05-04T04:06:30.4850000+00:00</time>
      </trkpt>
      <trkpt lat="46.63217" lon="7.741">
        <ele>1022.43</ele>
        <time>2026-05-04T04:06:35.9080000+00:00</time>
      </trkpt>
      <trkpt lat="46.63222" lon="7.74093">
        <ele>1023.62</ele>
        <time>2026-05-04T04:06:46.2420000+00:00</time>
      </trkpt>
      <trkpt lat="46.63227" lon="7.74085">
        <ele>1024.6</ele>
        <time>2026-05-04T04:06:57.3090000+00:00</time>
      </trkpt>
      <trkpt lat="46.63231" lon="7.74075">
        <ele>1024.73</ele>
        <time>2026-05-04T04:07:09.1490000+00:00</time>
      </trkpt>
      <trkpt lat="46.63235" lon="7.74067">
        <ele>1025.15</ele>
        <time>2026-05-04T04:07:19.2740000+00:00</time>
      </trkpt>
      <trkpt lat="46.63239" lon="7.74055">
        <ele>1024.82</ele>
        <time>2026-05-04T04:07:32.9210000+00:00</time>
      </trkpt>
      <trkpt lat="46.6324" lon="7.74047">
        <ele>1023.86</ele>
        <time>2026-05-04T04:07:41.2410000+00:00</time>
      </trkpt>
      <trkpt lat="46.63244" lon="7.7404">
        <ele>1024.32</ele>
        <time>2026-05-04T04:07:50.5570000+00:00</time>
      </trkpt>
      <trkpt lat="46.63248" lon="7.74035">
        <ele>1025.1</ele>
        <time>2026-05-04T04:07:58.4110000+00:00</time>
      </trkpt>
      <trkpt lat="46.63254" lon="7.74031">
        <ele>1026.87</ele>
        <time>2026-05-04T04:08:08.2420000+00:00</time>
      </trkpt>
      <trkpt lat="46.63261" lon="7.74028">
        <ele>1029.2</ele>
        <time>2026-05-04T04:08:19.1130000+00:00</time>
      </trkpt>
      <trkpt lat="46.63265" lon="7.74025">
        <ele>1030.28</ele>
        <time>2026-05-04T04:08:25.8170000+00:00</time>
      </trkpt>
      <trkpt lat="46.63267" lon="7.74021">
        <ele>1030.36</ele>
        <time>2026-05-04T04:08:30.8800000+00:00</time>
      </trkpt>
      <trkpt lat="46.63269" lon="7.74016">
        <ele>1030.5</ele>
        <time>2026-05-04T04:08:36.8000000+00:00</time>
      </trkpt>
      <trkpt lat="46.63272" lon="7.74007">
        <ele>1030.47</ele>
        <time>2026-05-04T04:08:47.0350000+00:00</time>
      </trkpt>
      <trkpt lat="46.63275" lon="7.73992">
        <ele>1029.56</ele>
        <time>2026-05-04T04:09:03.0190000+00:00</time>
      </trkpt>
      <trkpt lat="46.63279" lon="7.73981">
        <ele>1029.54</ele>
        <time>2026-05-04T04:09:15.7540000+00:00</time>
      </trkpt>
      <trkpt lat="46.63282" lon="7.73974">
        <ele>1029.69</ele>
        <time>2026-05-04T04:09:24.1950000+00:00</time>
      </trkpt>
      <trkpt lat="46.63285" lon="7.73968">
        <ele>1030.01</ele>
        <time>2026-05-04T04:09:31.7890000+00:00</time>
      </trkpt>
      <trkpt lat="46.63291" lon="7.73963">
        <ele>1031.67</ele>
        <time>2026-05-04T04:09:42.0890000+00:00</time>
      </trkpt>
      <trkpt lat="46.63298" lon="7.73958">
        <ele>1033.72</ele>
        <time>2026-05-04T04:09:53.7050000+00:00</time>
      </trkpt>
      <trkpt lat="46.63308" lon="7.73955">
        <ele>1037.25</ele>
        <time>2026-05-04T04:10:08.9180000+00:00</time>
      </trkpt>
      <trkpt lat="46.63314" lon="7.73952">
        <ele>1039.2</ele>
        <time>2026-05-04T04:10:18.3690000+00:00</time>
      </trkpt>
      <trkpt lat="46.63325" lon="7.73945">
        <ele>1042.55</ele>
        <time>2026-05-04T04:10:36.2540000+00:00</time>
      </trkpt>
      <trkpt lat="46.63332" lon="7.7394">
        <ele>1044.6</ele>
        <time>2026-05-04T04:10:47.8710000+00:00</time>
      </trkpt>
      <trkpt lat="46.63338" lon="7.73934">
        <ele>1045.99</ele>
        <time>2026-05-04T04:10:58.7150000+00:00</time>
      </trkpt>
      <trkpt lat="46.63344" lon="7.73925">
        <ele>1046.75</ele>
        <time>2026-05-04T04:11:11.5480000+00:00</time>
      </trkpt>
      <trkpt lat="46.63353" lon="7.73911">
        <ele>1047.65</ele>
        <time>2026-05-04T04:11:31.1680000+00:00</time>
      </trkpt>
      <trkpt lat="46.63364" lon="7.73897">
        <ele>1049.08</ele>
        <time>2026-05-04T04:11:52.9340000+00:00</time>
      </trkpt>
      <trkpt lat="46.63373" lon="7.73888">
        <ele>1049.73</ele>
        <time>2026-05-04T04:12:09.2000000+00:00</time>
      </trkpt>
      <trkpt lat="46.63383" lon="7.73882">
        <ele>1051.13</ele>
        <time>2026-05-04T04:12:25.3140000+00:00</time>
      </trkpt>
      <trkpt lat="46.63393" lon="7.73877">
        <ele>1052.66</ele>
        <time>2026-05-04T04:12:41.0670000+00:00</time>
      </trkpt>
      <trkpt lat="46.63403" lon="7.73873">
        <ele>1054.34</ele>
        <time>2026-05-04T04:12:56.5180000+00:00</time>
      </trkpt>
      <trkpt lat="46.63409" lon="7.73871">
        <ele>1055.41</ele>
        <time>2026-05-04T04:13:05.6890000+00:00</time>
      </trkpt>
      <trkpt lat="46.63413" lon="7.73867">
        <ele>1055.51</ele>
        <time>2026-05-04T04:13:12.9180000+00:00</time>
      </trkpt>
      <trkpt lat="46.63416" lon="7.73863">
        <ele>1055.33</ele>
        <time>2026-05-04T04:13:18.9780000+00:00</time>
      </trkpt>
      <trkpt lat="46.6342" lon="7.73855">
        <ele>1054.46</ele>
        <time>2026-05-04T04:13:29.1030000+00:00</time>
      </trkpt>
      <trkpt lat="46.63425" lon="7.73848">
        <ele>1054.36</ele>
        <time>2026-05-04T04:13:39.4370000+00:00</time>
      </trkpt>
      <trkpt lat="46.63433" lon="7.73838">
        <ele>1054.39</ele>
        <time>2026-05-04T04:13:55.1440000+00:00</time>
      </trkpt>
      <trkpt lat="46.63438" lon="7.73831">
        <ele>1054.24</ele>
        <time>2026-05-04T04:14:05.4780000+00:00</time>
      </trkpt>
      <trkpt lat="46.63446" lon="7.73822">
        <ele>1054.38</ele>
        <time>2026-05-04T04:14:20.5390000+00:00</time>
      </trkpt>
      <trkpt lat="46.63456" lon="7.7381">
        <ele>1053.9</ele>
        <time>2026-05-04T04:14:39.8440000+00:00</time>
      </trkpt>
      <trkpt lat="46.6346" lon="7.73804">
        <ele>1053.39</ele>
        <time>2026-05-04T04:14:48.3990000+00:00</time>
      </trkpt>
      <trkpt lat="46.63462" lon="7.73802">
        <ele>1053.32</ele>
        <time>2026-05-04T04:14:52.0130000+00:00</time>
      </trkpt>
      <trkpt lat="46.63466" lon="7.73802">
        <ele>1054</ele>
        <time>2026-05-04T04:14:57.9710000+00:00</time>
      </trkpt>
      <trkpt lat="46.63469" lon="7.73802">
        <ele>1054.52</ele>
        <time>2026-05-04T04:15:02.4400000+00:00</time>
      </trkpt>
      <trkpt lat="46.63473" lon="7.73802">
        <ele>1055.2</ele>
        <time>2026-05-04T04:15:08.3990000+00:00</time>
      </trkpt>
      <trkpt lat="46.6348" lon="7.73804">
        <ele>1056.83</ele>
        <time>2026-05-04T04:15:19.0270000+00:00</time>
      </trkpt>
      <trkpt lat="46.63486" lon="7.73804">
        <ele>1057.86</ele>
        <time>2026-05-04T04:15:27.9660000+00:00</time>
      </trkpt>
      <trkpt lat="46.63489" lon="7.73803">
        <ele>1058.15</ele>
        <time>2026-05-04T04:15:32.5530000+00:00</time>
      </trkpt>
      <trkpt lat="46.63496" lon="7.73799">
        <ele>1058.41</ele>
        <time>2026-05-04T04:15:43.7570000+00:00</time>
      </trkpt>
      <trkpt lat="46.63503" lon="7.73794">
        <ele>1058.38</ele>
        <time>2026-05-04T04:15:55.3730000+00:00</time>
      </trkpt>
      <trkpt lat="46.6351" lon="7.73789">
        <ele>1058.29</ele>
        <time>2026-05-04T04:16:06.9900000+00:00</time>
      </trkpt>
      <trkpt lat="46.63517" lon="7.73783">
        <ele>1057.89</ele>
        <time>2026-05-04T04:16:19.0910000+00:00</time>
      </trkpt>
      <trkpt lat="46.63523" lon="7.73779">
        <ele>1057.78</ele>
        <time>2026-05-04T04:16:28.9230000+00:00</time>
      </trkpt>
      <trkpt lat="46.63527" lon="7.73777">
        <ele>1057.86</ele>
        <time>2026-05-04T04:16:35.2240000+00:00</time>
      </trkpt>
      <trkpt lat="46.6353" lon="7.73776">
        <ele>1058.04</ele>
        <time>2026-05-04T04:16:39.8100000+00:00</time>
      </trkpt>
      <trkpt lat="46.63537" lon="7.73776">
        <ele>1060.42</ele>
        <time>2026-05-04T04:16:50.2400000+00:00</time>
      </trkpt>
      <trkpt lat="46.63546" lon="7.73775">
        <ele>1063.32</ele>
        <time>2026-05-04T04:17:03.6880000+00:00</time>
      </trkpt>
      <trkpt lat="46.6355" lon="7.73775">
        <ele>1064.72</ele>
        <time>2026-05-04T04:17:09.6490000+00:00</time>
      </trkpt>
      <trkpt lat="46.63555" lon="7.73772">
        <ele>1065.61</ele>
        <time>2026-05-04T04:17:17.7070000+00:00</time>
      </trkpt>
      <trkpt lat="46.63562" lon="7.73762">
        <ele>1065.58</ele>
        <time>2026-05-04T04:17:32.3160000+00:00</time>
      </trkpt>
      <trkpt lat="46.63569" lon="7.73754">
        <ele>1065.97</ele>
        <time>2026-05-04T04:17:45.5740000+00:00</time>
      </trkpt>
      <trkpt lat="46.63574" lon="7.73746">
        <ele>1065.64</ele>
        <time>2026-05-04T04:17:56.6400000+00:00</time>
      </trkpt>
      <trkpt lat="46.63577" lon="7.73741">
        <ele>1065.36</ele>
        <time>2026-05-04T04:18:03.4340000+00:00</time>
      </trkpt>
      <trkpt lat="46.63579" lon="7.73733">
        <ele>1063.97</ele>
        <time>2026-05-04T04:18:12.1430000+00:00</time>
      </trkpt>
      <trkpt lat="46.63582" lon="7.73715">
        <ele>1060.31</ele>
        <time>2026-05-04T04:18:31.0920000+00:00</time>
      </trkpt>
      <trkpt lat="46.63583" lon="7.73702">
        <ele>1057.26</ele>
        <time>2026-05-04T04:18:44.4750000+00:00</time>
      </trkpt>
      <trkpt lat="46.63585" lon="7.73695">
        <ele>1056.06</ele>
        <time>2026-05-04T04:18:52.2310000+00:00</time>
      </trkpt>
      <trkpt lat="46.63588" lon="7.73688">
        <ele>1055.17</ele>
        <time>2026-05-04T04:19:00.6730000+00:00</time>
      </trkpt>
      <trkpt lat="46.63592" lon="7.73681">
        <ele>1054.81</ele>
        <time>2026-05-04T04:19:09.9890000+00:00</time>
      </trkpt>
      <trkpt lat="46.63596" lon="7.73674">
        <ele>1054.44</ele>
        <time>2026-05-04T04:19:19.3050000+00:00</time>
      </trkpt>
      <trkpt lat="46.63603" lon="7.73666">
        <ele>1054.71</ele>
        <time>2026-05-04T04:19:32.5620000+00:00</time>
      </trkpt>
      <trkpt lat="46.63609" lon="7.73659">
        <ele>1054.89</ele>
        <time>2026-05-04T04:19:44.0160000+00:00</time>
      </trkpt>
      <trkpt lat="46.63619" lon="7.73646">
        <ele>1055.04</ele>
        <time>2026-05-04T04:20:03.9880000+00:00</time>
      </trkpt>
      <trkpt lat="46.63624" lon="7.73637">
        <ele>1054.51</ele>
        <time>2026-05-04T04:20:15.8320000+00:00</time>
      </trkpt>
      <trkpt lat="46.63628" lon="7.7363">
        <ele>1054.05</ele>
        <time>2026-05-04T04:20:25.1480000+00:00</time>
      </trkpt>
      <trkpt lat="46.63632" lon="7.73624">
        <ele>1053.77</ele>
        <time>2026-05-04T04:20:33.7040000+00:00</time>
      </trkpt>
      <trkpt lat="46.63638" lon="7.73609">
        <ele>1051.68</ele>
        <time>2026-05-04T04:20:51.4630000+00:00</time>
      </trkpt>
      <trkpt lat="46.63644" lon="7.73594">
        <ele>1050.13</ele>
        <time>2026-05-04T04:21:09.2230000+00:00</time>
      </trkpt>
      <trkpt lat="46.63651" lon="7.7358">
        <ele>1049.1</ele>
        <time>2026-05-04T04:21:26.9400000+00:00</time>
      </trkpt>
      <trkpt lat="46.63657" lon="7.73567">
        <ele>1047.85</ele>
        <time>2026-05-04T04:21:42.9640000+00:00</time>
      </trkpt>
      <trkpt lat="46.63662" lon="7.73558">
        <ele>1047.09</ele>
        <time>2026-05-04T04:21:54.8090000+00:00</time>
      </trkpt>
      <trkpt lat="46.63664" lon="7.73554">
        <ele>1046.67</ele>
        <time>2026-05-04T04:21:59.8710000+00:00</time>
      </trkpt>
      <trkpt lat="46.63671" lon="7.73543">
        <ele>1045.75</ele>
        <time>2026-05-04T04:22:15.2140000+00:00</time>
      </trkpt>
      <trkpt lat="46.63678" lon="7.73534">
        <ele>1045.15</ele>
        <time>2026-05-04T04:22:29.1250000+00:00</time>
      </trkpt>
      <trkpt lat="46.63686" lon="7.73525">
        <ele>1044.61</ele>
        <time>2026-05-04T04:22:44.1860000+00:00</time>
      </trkpt>
      <trkpt lat="46.63698" lon="7.73512">
        <ele>1044.63</ele>
        <time>2026-05-04T04:23:06.4690000+00:00</time>
      </trkpt>
      <trkpt lat="46.63713" lon="7.735">
        <ele>1046.95</ele>
        <time>2026-05-04T04:23:31.9670000+00:00</time>
      </trkpt>
      <trkpt lat="46.63729" lon="7.73486">
        <ele>1048.79</ele>
        <time>2026-05-04T04:23:59.7760000+00:00</time>
      </trkpt>
      <trkpt lat="46.63745" lon="7.7347">
        <ele>1049.73</ele>
        <time>2026-05-04T04:24:28.6930000+00:00</time>
      </trkpt>
      <trkpt lat="46.63757" lon="7.73458">
        <ele>1050.1</ele>
        <time>2026-05-04T04:24:50.3800000+00:00</time>
      </trkpt>
      <trkpt lat="46.6377" lon="7.73445">
        <ele>1050.18</ele>
        <time>2026-05-04T04:25:13.8750000+00:00</time>
      </trkpt>
      <trkpt lat="46.63782" lon="7.73434">
        <ele>1050.85</ele>
        <time>2026-05-04T04:25:35.0010000+00:00</time>
      </trkpt>
      <trkpt lat="46.63793" lon="7.73423">
        <ele>1052.61</ele>
        <time>2026-05-04T04:25:54.8810000+00:00</time>
      </trkpt>
      <trkpt lat="46.63802" lon="7.73414">
        <ele>1053.84</ele>
        <time>2026-05-04T04:26:11.1460000+00:00</time>
      </trkpt>
      <trkpt lat="46.63814" lon="7.73405">
        <ele>1055.78</ele>
        <time>2026-05-04T04:26:31.2560000+00:00</time>
      </trkpt>
      <trkpt lat="46.63829" lon="7.73394">
        <ele>1057.9</ele>
        <time>2026-05-04T04:26:56.2770000+00:00</time>
      </trkpt>
      <trkpt lat="46.6384" lon="7.73386">
        <ele>1059.23</ele>
        <time>2026-05-04T04:27:14.5950000+00:00</time>
      </trkpt>
      <trkpt lat="46.63857" lon="7.73371">
        <ele>1060.24</ele>
        <time>2026-05-04T04:27:44.2090000+00:00</time>
      </trkpt>
      <trkpt lat="46.63869" lon="7.73361">
        <ele>1060.79</ele>
        <time>2026-05-04T04:28:04.8070000+00:00</time>
      </trkpt>
      <trkpt lat="46.63879" lon="7.7335">
        <ele>1060.89</ele>
        <time>2026-05-04T04:28:23.4780000+00:00</time>
      </trkpt>
      <trkpt lat="46.63886" lon="7.73342">
        <ele>1061.12</ele>
        <time>2026-05-04T04:28:36.7340000+00:00</time>
      </trkpt>
      <trkpt lat="46.63894" lon="7.7333">
        <ele>1060.77</ele>
        <time>2026-05-04T04:28:53.8430000+00:00</time>
      </trkpt>
      <trkpt lat="46.63905" lon="7.73314">
        <ele>1060.25</ele>
        <time>2026-05-04T04:29:17.0050000+00:00</time>
      </trkpt>
      <trkpt lat="46.63913" lon="7.73301">
        <ele>1059.5</ele>
        <time>2026-05-04T04:29:34.8630000+00:00</time>
      </trkpt>
      <trkpt lat="46.63922" lon="7.73289">
        <ele>1059.1</ele>
        <time>2026-05-04T04:29:53.0420000+00:00</time>
      </trkpt>
      <trkpt lat="46.63934" lon="7.73274">
        <ele>1058.62</ele>
        <time>2026-05-04T04:30:16.6020000+00:00</time>
      </trkpt>
      <trkpt lat="46.63948" lon="7.73258">
        <ele>1059.42</ele>
        <time>2026-05-04T04:30:43.1160000+00:00</time>
      </trkpt>
      <trkpt lat="46.63963" lon="7.7324">
        <ele>1060.31</ele>
        <time>2026-05-04T04:31:12.0730000+00:00</time>
      </trkpt>
      <trkpt lat="46.63971" lon="7.73231">
        <ele>1060.66</ele>
        <time>2026-05-04T04:31:27.1330000+00:00</time>
      </trkpt>
      <trkpt lat="46.63976" lon="7.73225">
        <ele>1060.74</ele>
        <time>2026-05-04T04:31:36.7860000+00:00</time>
      </trkpt>
      <trkpt lat="46.6398" lon="7.73217">
        <ele>1060.24</ele>
        <time>2026-05-04T04:31:46.9100000+00:00</time>
      </trkpt>
      <trkpt lat="46.63985" lon="7.73208">
        <ele>1059.68</ele>
        <time>2026-05-04T04:31:58.7520000+00:00</time>
      </trkpt>
      <trkpt lat="46.63992" lon="7.73188">
        <ele>1057.5</ele>
        <time>2026-05-04T04:32:21.7160000+00:00</time>
      </trkpt>
      <trkpt lat="46.63997" lon="7.73176">
        <ele>1056.89</ele>
        <time>2026-05-04T04:32:36.0750000+00:00</time>
      </trkpt>
      <trkpt lat="46.64001" lon="7.73167">
        <ele>1056.42</ele>
        <time>2026-05-04T04:32:47.0420000+00:00</time>
      </trkpt>
      <trkpt lat="46.64006" lon="7.73158">
        <ele>1056.04</ele>
        <time>2026-05-04T04:32:58.8850000+00:00</time>
      </trkpt>
      <trkpt lat="46.64024" lon="7.73131">
        <ele>1054.89</ele>
        <time>2026-05-04T04:33:37.3820000+00:00</time>
      </trkpt>
      <trkpt lat="46.64045" lon="7.73098">
        <ele>1054.12</ele>
        <time>2026-05-04T04:34:23.4080000+00:00</time>
      </trkpt>
      <trkpt lat="46.64059" lon="7.73076">
        <ele>1054.57</ele>
        <time>2026-05-04T04:34:54.0930000+00:00</time>
      </trkpt>
      <trkpt lat="46.64066" lon="7.73065">
        <ele>1054.56</ele>
        <time>2026-05-04T04:35:09.4350000+00:00</time>
      </trkpt>
      <trkpt lat="46.64076" lon="7.73051">
        <ele>1054.46</ele>
        <time>2026-05-04T04:35:30.1010000+00:00</time>
      </trkpt>
      <trkpt lat="46.64086" lon="7.7304">
        <ele>1054.43</ele>
        <time>2026-05-04T04:35:48.7710000+00:00</time>
      </trkpt>
      <trkpt lat="46.64094" lon="7.73032">
        <ele>1054.34</ele>
        <time>2026-05-04T04:36:03.2300000+00:00</time>
      </trkpt>
      <trkpt lat="46.64104" lon="7.73024">
        <ele>1054.32</ele>
        <time>2026-05-04T04:36:20.2280000+00:00</time>
      </trkpt>
      <trkpt lat="46.64117" lon="7.73014">
        <ele>1054.79</ele>
        <time>2026-05-04T04:36:42.1320000+00:00</time>
      </trkpt>
      <trkpt lat="46.6413" lon="7.73004">
        <ele>1055.77</ele>
        <time>2026-05-04T04:37:04.0360000+00:00</time>
      </trkpt>
      <trkpt lat="46.64139" lon="7.72996">
        <ele>1056.2</ele>
        <time>2026-05-04T04:37:19.7440000+00:00</time>
      </trkpt>
      <trkpt lat="46.6415" lon="7.72985">
        <ele>1056.39</ele>
        <time>2026-05-04T04:37:39.6240000+00:00</time>
      </trkpt>
      <trkpt lat="46.64169" lon="7.7296">
        <ele>1055.36</ele>
        <time>2026-05-04T04:38:17.7720000+00:00</time>
      </trkpt>
      <trkpt lat="46.64189" lon="7.72935">
        <ele>1053.84</ele>
        <time>2026-05-04T04:38:57.0390000+00:00</time>
      </trkpt>
      <trkpt lat="46.64195" lon="7.72926">
        <ele>1053.44</ele>
        <time>2026-05-04T04:39:09.8710000+00:00</time>
      </trkpt>
      <trkpt lat="46.64217" lon="7.72898">
        <ele>1053.75</ele>
        <time>2026-05-04T04:39:53.3990000+00:00</time>
      </trkpt>
      <trkpt lat="46.64219" lon="7.72894">
        <ele>1053.56</ele>
        <time>2026-05-04T04:39:58.4590000+00:00</time>
      </trkpt>
      <trkpt lat="46.6423" lon="7.7288">
        <ele>1053.32</ele>
        <time>2026-05-04T04:40:20.2230000+00:00</time>
      </trkpt>
      <trkpt lat="46.64236" lon="7.72871">
        <ele>1052.88</ele>
        <time>2026-05-04T04:40:33.0550000+00:00</time>
      </trkpt>
      <trkpt lat="46.6424" lon="7.72862">
        <ele>1052.11</ele>
        <time>2026-05-04T04:40:44.0220000+00:00</time>
      </trkpt>
      <trkpt lat="46.64248" lon="7.72845">
        <ele>1050.94</ele>
        <time>2026-05-04T04:41:05.1040000+00:00</time>
      </trkpt>
      <trkpt lat="46.64257" lon="7.72825">
        <ele>1049.58</ele>
        <time>2026-05-04T04:41:29.5640000+00:00</time>
      </trkpt>
      <trkpt lat="46.64264" lon="7.72811">
        <ele>1048.58</ele>
        <time>2026-05-04T04:41:47.2800000+00:00</time>
      </trkpt>
      <trkpt lat="46.64269" lon="7.72802">
        <ele>1047.91</ele>
        <time>2026-05-04T04:41:59.1230000+00:00</time>
      </trkpt>
      <trkpt lat="46.64273" lon="7.72796">
        <ele>1047.5</ele>
        <time>2026-05-04T04:42:07.6790000+00:00</time>
      </trkpt>
      <trkpt lat="46.64287" lon="7.72778">
        <ele>1046.32</ele>
        <time>2026-05-04T04:42:35.5010000+00:00</time>
      </trkpt>
      <trkpt lat="46.64303" lon="7.72757">
        <ele>1045.2</ele>
        <time>2026-05-04T04:43:07.5890000+00:00</time>
      </trkpt>
      <trkpt lat="46.64315" lon="7.7274">
        <ele>1044.26</ele>
        <time>2026-05-04T04:43:32.5300000+00:00</time>
      </trkpt>
      <trkpt lat="46.64327" lon="7.72723">
        <ele>1043.26</ele>
        <time>2026-05-04T04:43:57.4700000+00:00</time>
      </trkpt>
      <trkpt lat="46.64338" lon="7.72708">
        <ele>1042.36</ele>
        <time>2026-05-04T04:44:19.9200000+00:00</time>
      </trkpt>
      <trkpt lat="46.6435" lon="7.72689">
        <ele>1041.03</ele>
        <time>2026-05-04T04:44:46.3280000+00:00</time>
      </trkpt>
      <trkpt lat="46.64367" lon="7.72664">
        <ele>1040.01</ele>
        <time>2026-05-04T04:45:22.3200000+00:00</time>
      </trkpt>
      <trkpt lat="46.64374" lon="7.72652">
        <ele>1039.25</ele>
        <time>2026-05-04T04:45:38.4270000+00:00</time>
      </trkpt>
      <trkpt lat="46.64385" lon="7.72635">
        <ele>1038.22</ele>
        <time>2026-05-04T04:46:02.3220000+00:00</time>
      </trkpt>
      <trkpt lat="46.64396" lon="7.72617">
        <ele>1037.1</ele>
        <time>2026-05-04T04:46:26.9710000+00:00</time>
      </trkpt>
      <trkpt lat="46.64403" lon="7.72604">
        <ele>1036.17</ele>
        <time>2026-05-04T04:46:43.8700000+00:00</time>
      </trkpt>
      <trkpt lat="46.64408" lon="7.72595">
        <ele>1035.21</ele>
        <time>2026-05-04T04:46:55.7130000+00:00</time>
      </trkpt>
      <trkpt lat="46.64414" lon="7.72586">
        <ele>1034.27</ele>
        <time>2026-05-04T04:47:08.5450000+00:00</time>
      </trkpt>
      <trkpt lat="46.6442" lon="7.72579">
        <ele>1033.57</ele>
        <time>2026-05-04T04:47:19.9990000+00:00</time>
      </trkpt>
      <trkpt lat="46.64427" lon="7.7257">
        <ele>1032.63</ele>
        <time>2026-05-04T04:47:33.9100000+00:00</time>
      </trkpt>
      <trkpt lat="46.64442" lon="7.72555">
        <ele>1031.12</ele>
        <time>2026-05-04T04:48:01.0180000+00:00</time>
      </trkpt>
      <trkpt lat="46.64454" lon="7.72544">
        <ele>1029.58</ele>
        <time>2026-05-04T04:48:22.1420000+00:00</time>
      </trkpt>
      <trkpt lat="46.64466" lon="7.72532">
        <ele>1027.84</ele>
        <time>2026-05-04T04:48:43.8290000+00:00</time>
      </trkpt>
      <trkpt lat="46.64474" lon="7.72524">
        <ele>1026.79</ele>
        <time>2026-05-04T04:48:58.2870000+00:00</time>
      </trkpt>
      <trkpt lat="46.64481" lon="7.72514">
        <ele>1025.77</ele>
        <time>2026-05-04T04:49:12.8950000+00:00</time>
      </trkpt>
      <trkpt lat="46.64488" lon="7.72501">
        <ele>1024.53</ele>
        <time>2026-05-04T04:49:29.7940000+00:00</time>
      </trkpt>
      <trkpt lat="46.64491" lon="7.72491">
        <ele>1023.6</ele>
        <time>2026-05-04T04:49:40.9570000+00:00</time>
      </trkpt>
      <trkpt lat="46.64493" lon="7.72483">
        <ele>1022.87</ele>
        <time>2026-05-04T04:49:49.6640000+00:00</time>
      </trkpt>
      <trkpt lat="46.64494" lon="7.72473">
        <ele>1021.98</ele>
        <time>2026-05-04T04:50:00.0000000+00:00</time>
      </trkpt>
    </trkseg>
  </trk>
</gpx>