<?xml version="1.0" encoding="utf-8"?>
<gpx xmlns:xsd="http://www.w3.org/2001/XMLSchema" xmlns:xsi="http://www.w3.org/2001/XMLSchema-instance" creator="eT4 META" version="1.1" xsi:schemaLocation="http://www.topografix.com/GPX/1/1 http://www.topografix.com/GPX/1/1/gpx.xsd" xmlns="http://www.topografix.com/GPX/1/1">
  <trk>
    <name>Par des chemins peu connus en direction du Stockhorn</name>
    <trkseg>
      <trkpt lat="46.65926" lon="7.47548">
        <ele>809.03</ele>
        <time>2026-05-04T00:00:00.0000000+00:00</time>
      </trkpt>
      <trkpt lat="46.6593" lon="7.47542">
        <ele>810.98</ele>
        <time>2026-05-04T00:00:10.5500000+00:00</time>
      </trkpt>
      <trkpt lat="46.65933" lon="7.47539">
        <ele>812.45</ele>
        <time>2026-05-04T00:00:17.2370000+00:00</time>
      </trkpt>
      <trkpt lat="46.65936" lon="7.47534">
        <ele>813.99</ele>
        <time>2026-05-04T00:00:25.6150000+00:00</time>
      </trkpt>
      <trkpt lat="46.65939" lon="7.47522">
        <ele>815.76</ele>
        <time>2026-05-04T00:00:41.7250000+00:00</time>
      </trkpt>
      <trkpt lat="46.6594" lon="7.47511">
        <ele>816.58</ele>
        <time>2026-05-04T00:00:55.7240000+00:00</time>
      </trkpt>
      <trkpt lat="46.65942" lon="7.47499">
        <ele>817.99</ele>
        <time>2026-05-04T00:01:11.3020000+00:00</time>
      </trkpt>
      <trkpt lat="46.65943" lon="7.47488">
        <ele>818.88</ele>
        <time>2026-05-04T00:01:25.3000000+00:00</time>
      </trkpt>
      <trkpt lat="46.65946" lon="7.47474">
        <ele>821.12</ele>
        <time>2026-05-04T00:01:43.8020000+00:00</time>
      </trkpt>
      <trkpt lat="46.65948" lon="7.47461">
        <ele>822.83</ele>
        <time>2026-05-04T00:02:00.6080000+00:00</time>
      </trkpt>
      <trkpt lat="46.65951" lon="7.47448">
        <ele>823.74</ele>
        <time>2026-05-04T00:02:17.9100000+00:00</time>
      </trkpt>
      <trkpt lat="46.65955" lon="7.47436">
        <ele>825.17</ele>
        <time>2026-05-04T00:02:34.7380000+00:00</time>
      </trkpt>
      <trkpt lat="46.65957" lon="7.47429">
        <ele>825.77</ele>
        <time>2026-05-04T00:02:44.3040000+00:00</time>
      </trkpt>
      <trkpt lat="46.6596" lon="7.47423">
        <ele>826.99</ele>
        <time>2026-05-04T00:02:53.6670000+00:00</time>
      </trkpt>
      <trkpt lat="46.65966" lon="7.47469">
        <ele>833.93</ele>
        <time>2026-05-04T00:03:52.7340000+00:00</time>
      </trkpt>
      <trkpt lat="46.65969" lon="7.47471">
        <ele>835.8</ele>
        <time>2026-05-04T00:03:58.7970000+00:00</time>
      </trkpt>
      <trkpt lat="46.65974" lon="7.47472">
        <ele>838.96</ele>
        <time>2026-05-04T00:04:08.0730000+00:00</time>
      </trkpt>
      <trkpt lat="46.65979" lon="7.47457">
        <ele>841.82</ele>
        <time>2026-05-04T00:04:29.1080000+00:00</time>
      </trkpt>
      <trkpt lat="46.65989" lon="7.4744">
        <ele>845.94</ele>
        <time>2026-05-04T00:04:57.3530000+00:00</time>
      </trkpt>
      <trkpt lat="46.66004" lon="7.47428">
        <ele>853.27</ele>
        <time>2026-05-04T00:05:28.8050000+00:00</time>
      </trkpt>
      <trkpt lat="46.66009" lon="7.47417">
        <ele>854.6</ele>
        <time>2026-05-04T00:05:45.4490000+00:00</time>
      </trkpt>
      <trkpt lat="46.66022" lon="7.47403">
        <ele>859.82</ele>
        <time>2026-05-04T00:06:15.1610000+00:00</time>
      </trkpt>
      <trkpt lat="46.66026" lon="7.47398">
        <ele>861.22</ele>
        <time>2026-05-04T00:06:24.8470000+00:00</time>
      </trkpt>
      <trkpt lat="46.66047" lon="7.47384">
        <ele>867.8</ele>
        <time>2026-05-04T00:07:07.2940000+00:00</time>
      </trkpt>
      <trkpt lat="46.66048" lon="7.47388">
        <ele>868.89</ele>
        <time>2026-05-04T00:07:12.6640000+00:00</time>
      </trkpt>
      <trkpt lat="46.66052" lon="7.47405">
        <ele>873.45</ele>
        <time>2026-05-04T00:07:35.3340000+00:00</time>
      </trkpt>
      <trkpt lat="46.66069" lon="7.47392">
        <ele>878.19</ele>
        <time>2026-05-04T00:08:10.6220000+00:00</time>
      </trkpt>
      <trkpt lat="46.66068" lon="7.47418">
        <ele>882.3</ele>
        <time>2026-05-04T00:08:43.4720000+00:00</time>
      </trkpt>
      <trkpt lat="46.66078" lon="7.47411">
        <ele>885.22</ele>
        <time>2026-05-04T00:09:03.8640000+00:00</time>
      </trkpt>
      <trkpt lat="46.66075" lon="7.47449">
        <ele>890.62</ele>
        <time>2026-05-04T00:09:52.1150000+00:00</time>
      </trkpt>
      <trkpt lat="46.66076" lon="7.47483">
        <ele>894.63</ele>
        <time>2026-05-04T00:10:35.0440000+00:00</time>
      </trkpt>
      <trkpt lat="46.66078" lon="7.47497">
        <ele>896.51</ele>
        <time>2026-05-04T00:10:53.0840000+00:00</time>
      </trkpt>
      <trkpt lat="46.66079" lon="7.47505">
        <ele>897.54</ele>
        <time>2026-05-04T00:11:03.3430000+00:00</time>
      </trkpt>
      <trkpt lat="46.66083" lon="7.47516">
        <ele>900.18</ele>
        <time>2026-05-04T00:11:19.0460000+00:00</time>
      </trkpt>
      <trkpt lat="46.66084" lon="7.47518">
        <ele>900.79</ele>
        <time>2026-05-04T00:11:22.1690000+00:00</time>
      </trkpt>
      <trkpt lat="46.66085" lon="7.47518">
        <ele>901.26</ele>
        <time>2026-05-04T00:11:24.0050000+00:00</time>
      </trkpt>
      <trkpt lat="46.66087" lon="7.47515">
        <ele>901.94</ele>
        <time>2026-05-04T00:11:29.2810000+00:00</time>
      </trkpt>
      <trkpt lat="46.6609" lon="7.47511">
        <ele>903</ele>
        <time>2026-05-04T00:11:36.7540000+00:00</time>
      </trkpt>
      <trkpt lat="46.66091" lon="7.47509">
        <ele>903.3</ele>
        <time>2026-05-04T00:11:39.8770000+00:00</time>
      </trkpt>
      <trkpt lat="46.66093" lon="7.47507">
        <ele>904.04</ele>
        <time>2026-05-04T00:11:44.3370000+00:00</time>
      </trkpt>
      <trkpt lat="46.66099" lon="7.47503">
        <ele>906.42</ele>
        <time>2026-05-04T00:11:56.4640000+00:00</time>
      </trkpt>
      <trkpt lat="46.66105" lon="7.47498">
        <ele>908.67</ele>
        <time>2026-05-04T00:12:09.1680000+00:00</time>
      </trkpt>
      <trkpt lat="46.66112" lon="7.47492">
        <ele>911.2</ele>
        <time>2026-05-04T00:12:24.0950000+00:00</time>
      </trkpt>
      <trkpt lat="46.66121" lon="7.47484">
        <ele>913.95</ele>
        <time>2026-05-04T00:12:43.4720000+00:00</time>
      </trkpt>
      <trkpt lat="46.66123" lon="7.47481">
        <ele>914.43</ele>
        <time>2026-05-04T00:12:48.7470000+00:00</time>
      </trkpt>
      <trkpt lat="46.66128" lon="7.47476">
        <ele>915.88</ele>
        <time>2026-05-04T00:12:59.8920000+00:00</time>
      </trkpt>
      <trkpt lat="46.66136" lon="7.47465">
        <ele>917.86</ele>
        <time>2026-05-04T00:13:20.1110000+00:00</time>
      </trkpt>
      <trkpt lat="46.6614" lon="7.4746">
        <ele>918.83</ele>
        <time>2026-05-04T00:13:29.7970000+00:00</time>
      </trkpt>
      <trkpt lat="46.66143" lon="7.47456">
        <ele>919.18</ele>
        <time>2026-05-04T00:13:37.2700000+00:00</time>
      </trkpt>
      <trkpt lat="46.66147" lon="7.47451">
        <ele>919.67</ele>
        <time>2026-05-04T00:13:46.9560000+00:00</time>
      </trkpt>
      <trkpt lat="46.66148" lon="7.4745">
        <ele>919.84</ele>
        <time>2026-05-04T00:13:49.1870000+00:00</time>
      </trkpt>
      <trkpt lat="46.6615" lon="7.47448">
        <ele>920.18</ele>
        <time>2026-05-04T00:13:53.6470000+00:00</time>
      </trkpt>
      <trkpt lat="46.66154" lon="7.47449">
        <ele>921.89</ele>
        <time>2026-05-04T00:14:01.1070000+00:00</time>
      </trkpt>
      <trkpt lat="46.66155" lon="7.47452">
        <ele>922.9</ele>
        <time>2026-05-04T00:14:05.3150000+00:00</time>
      </trkpt>
      <trkpt lat="46.66156" lon="7.47452">
        <ele>923.28</ele>
        <time>2026-05-04T00:14:07.1450000+00:00</time>
      </trkpt>
      <trkpt lat="46.66156" lon="7.47455">
        <ele>923.92</ele>
        <time>2026-05-04T00:14:10.9240000+00:00</time>
      </trkpt>
      <trkpt lat="46.66157" lon="7.47462">
        <ele>925.63</ele>
        <time>2026-05-04T00:14:19.9420000+00:00</time>
      </trkpt>
      <trkpt lat="46.66157" lon="7.47467">
        <ele>926.17</ele>
        <time>2026-05-04T00:14:26.2460000+00:00</time>
      </trkpt>
      <trkpt lat="46.6616" lon="7.47483">
        <ele>929.09</ele>
        <time>2026-05-04T00:14:47.1680000+00:00</time>
      </trkpt>
      <trkpt lat="46.66164" lon="7.47505">
        <ele>933.1</ele>
        <time>2026-05-04T00:15:15.8770000+00:00</time>
      </trkpt>
      <trkpt lat="46.66168" lon="7.47521">
        <ele>936.49</ele>
        <time>2026-05-04T00:15:37.3580000+00:00</time>
      </trkpt>
      <trkpt lat="46.6617" lon="7.47531">
        <ele>938.42</ele>
        <time>2026-05-04T00:15:50.4960000+00:00</time>
      </trkpt>
      <trkpt lat="46.66176" lon="7.47572">
        <ele>943.44</ele>
        <time>2026-05-04T00:16:43.3770000+00:00</time>
      </trkpt>
      <trkpt lat="46.6618" lon="7.47561">
        <ele>944.66</ele>
        <time>2026-05-04T00:16:59.0810000+00:00</time>
      </trkpt>
      <trkpt lat="46.66184" lon="7.47553">
        <ele>945.98</ele>
        <time>2026-05-04T00:17:11.5660000+00:00</time>
      </trkpt>
      <trkpt lat="46.66187" lon="7.4755">
        <ele>947.08</ele>
        <time>2026-05-04T00:17:18.2530000+00:00</time>
      </trkpt>
      <trkpt lat="46.66189" lon="7.4755">
        <ele>947.9</ele>
        <time>2026-05-04T00:17:21.9270000+00:00</time>
      </trkpt>
      <trkpt lat="46.6619" lon="7.47552">
        <ele>948.41</ele>
        <time>2026-05-04T00:17:25.0490000+00:00</time>
      </trkpt>
      <trkpt lat="46.66192" lon="7.47558">
        <ele>949.51</ele>
        <time>2026-05-04T00:17:33.4620000+00:00</time>
      </trkpt>
      <trkpt lat="46.66193" lon="7.47568">
        <ele>950.4</ele>
        <time>2026-05-04T00:17:46.2100000+00:00</time>
      </trkpt>
      <trkpt lat="46.66195" lon="7.47582">
        <ele>951.89</ele>
        <time>2026-05-04T00:18:04.2480000+00:00</time>
      </trkpt>
      <trkpt lat="46.66198" lon="7.47607">
        <ele>954.05</ele>
        <time>2026-05-04T00:18:36.2630000+00:00</time>
      </trkpt>
      <trkpt lat="46.66202" lon="7.47621">
        <ele>956.02</ele>
        <time>2026-05-04T00:18:55.3920000+00:00</time>
      </trkpt>
      <trkpt lat="46.66207" lon="7.47639">
        <ele>957.51</ele>
        <time>2026-05-04T00:19:19.8870000+00:00</time>
      </trkpt>
      <trkpt lat="46.66208" lon="7.47644">
        <ele>957.65</ele>
        <time>2026-05-04T00:19:26.4550000+00:00</time>
      </trkpt>
      <trkpt lat="46.66211" lon="7.47654">
        <ele>958.27</ele>
        <time>2026-05-04T00:19:40.2210000+00:00</time>
      </trkpt>
      <trkpt lat="46.66217" lon="7.47667">
        <ele>959.74</ele>
        <time>2026-05-04T00:19:59.9830000+00:00</time>
      </trkpt>
      <trkpt lat="46.66225" lon="7.4768">
        <ele>961.87</ele>
        <time>2026-05-04T00:20:22.0090000+00:00</time>
      </trkpt>
      <trkpt lat="46.66227" lon="7.47685">
        <ele>962.34</ele>
        <time>2026-05-04T00:20:29.3090000+00:00</time>
      </trkpt>
      <trkpt lat="46.66232" lon="7.4771">
        <ele>963.06</ele>
        <time>2026-05-04T00:21:02.1560000+00:00</time>
      </trkpt>
      <trkpt lat="46.66238" lon="7.47727">
        <ele>964.18</ele>
        <time>2026-05-04T00:21:26.2700000+00:00</time>
      </trkpt>
      <trkpt lat="46.66241" lon="7.47735">
        <ele>964.75</ele>
        <time>2026-05-04T00:21:37.7700000+00:00</time>
      </trkpt>
      <trkpt lat="46.66244" lon="7.47743">
        <ele>965.3</ele>
        <time>2026-05-04T00:21:49.2690000+00:00</time>
      </trkpt>
      <trkpt lat="46.66254" lon="7.47758">
        <ele>967.65</ele>
        <time>2026-05-04T00:22:15.6480000+00:00</time>
      </trkpt>
      <trkpt lat="46.66263" lon="7.47769">
        <ele>969.83</ele>
        <time>2026-05-04T00:22:37.2390000+00:00</time>
      </trkpt>
      <trkpt lat="46.66269" lon="7.4778">
        <ele>971.04</ele>
        <time>2026-05-04T00:22:54.9640000+00:00</time>
      </trkpt>
      <trkpt lat="46.66272" lon="7.47785">
        <ele>971.66</ele>
        <time>2026-05-04T00:23:03.3410000+00:00</time>
      </trkpt>
      <trkpt lat="46.66278" lon="7.47789">
        <ele>973.24</ele>
        <time>2026-05-04T00:23:15.4680000+00:00</time>
      </trkpt>
      <trkpt lat="46.66287" lon="7.47795">
        <ele>973.5</ele>
        <time>2026-05-04T00:23:33.6590000+00:00</time>
      </trkpt>
      <trkpt lat="46.66292" lon="7.47799">
        <ele>973.46</ele>
        <time>2026-05-04T00:23:44.1430000+00:00</time>
      </trkpt>
      <trkpt lat="46.66296" lon="7.47801">
        <ele>973.55</ele>
        <time>2026-05-04T00:23:51.9150000+00:00</time>
      </trkpt>
      <trkpt lat="46.66302" lon="7.47802">
        <ele>973.88</ele>
        <time>2026-05-04T00:24:03.0150000+00:00</time>
      </trkpt>
      <trkpt lat="46.66305" lon="7.47801">
        <ele>974.19</ele>
        <time>2026-05-04T00:24:08.6690000+00:00</time>
      </trkpt>
      <trkpt lat="46.66308" lon="7.47799">
        <ele>974.6</ele>
        <time>2026-05-04T00:24:14.7350000+00:00</time>
      </trkpt>
      <trkpt lat="46.66318" lon="7.47795">
        <ele>975.72</ele>
        <time>2026-05-04T00:24:33.7950000+00:00</time>
      </trkpt>
      <trkpt lat="46.66327" lon="7.47791">
        <ele>976.78</ele>
        <time>2026-05-04T00:24:51.0910000+00:00</time>
      </trkpt>
      <trkpt lat="46.66334" lon="7.4779">
        <ele>977.41</ele>
        <time>2026-05-04T00:25:04.0190000+00:00</time>
      </trkpt>
      <trkpt lat="46.66339" lon="7.47789">
        <ele>977.9</ele>
        <time>2026-05-04T00:25:13.2940000+00:00</time>
      </trkpt>
      <trkpt lat="46.66346" lon="7.47789">
        <ele>978.43</ele>
        <time>2026-05-04T00:25:26.1600000+00:00</time>
      </trkpt>
      <trkpt lat="46.66351" lon="7.47791">
        <ele>978.56</ele>
        <time>2026-05-04T00:25:35.6900000+00:00</time>
      </trkpt>
      <trkpt lat="46.66356" lon="7.47794">
        <ele>978.56</ele>
        <time>2026-05-04T00:25:45.6280000+00:00</time>
      </trkpt>
      <trkpt lat="46.66362" lon="7.47798">
        <ele>978.62</ele>
        <time>2026-05-04T00:25:57.7570000+00:00</time>
      </trkpt>
      <trkpt lat="46.66371" lon="7.47809">
        <ele>979.09</ele>
        <time>2026-05-04T00:26:19.3490000+00:00</time>
      </trkpt>
      <trkpt lat="46.66374" lon="7.47805">
        <ele>979.98</ele>
        <time>2026-05-04T00:26:26.8230000+00:00</time>
      </trkpt>
      <trkpt lat="46.6638" lon="7.478">
        <ele>981.42</ele>
        <time>2026-05-04T00:26:39.5280000+00:00</time>
      </trkpt>
      <trkpt lat="46.66385" lon="7.47796">
        <ele>982.52</ele>
        <time>2026-05-04T00:26:50.0100000+00:00</time>
      </trkpt>
      <trkpt lat="46.66394" lon="7.47791">
        <ele>984.31</ele>
        <time>2026-05-04T00:27:07.7130000+00:00</time>
      </trkpt>
      <trkpt lat="46.66402" lon="7.47789">
        <ele>985.68</ele>
        <time>2026-05-04T00:27:22.6320000+00:00</time>
      </trkpt>
      <trkpt lat="46.66404" lon="7.4779">
        <ele>985.9</ele>
        <time>2026-05-04T00:27:26.5140000+00:00</time>
      </trkpt>
      <trkpt lat="46.66407" lon="7.4779">
        <ele>986.36</ele>
        <time>2026-05-04T00:27:32.0260000+00:00</time>
      </trkpt>
      <trkpt lat="46.66412" lon="7.47793">
        <ele>986.94</ele>
        <time>2026-05-04T00:27:41.9630000+00:00</time>
      </trkpt>
      <trkpt lat="46.66418" lon="7.478">
        <ele>987.78</ele>
        <time>2026-05-04T00:27:56.0910000+00:00</time>
      </trkpt>
      <trkpt lat="46.66426" lon="7.47808">
        <ele>989.15</ele>
        <time>2026-05-04T00:28:13.9240000+00:00</time>
      </trkpt>
      <trkpt lat="46.66429" lon="7.47813">
        <ele>989.73</ele>
        <time>2026-05-04T00:28:22.3020000+00:00</time>
      </trkpt>
      <trkpt lat="46.66433" lon="7.47815">
        <ele>990.53</ele>
        <time>2026-05-04T00:28:30.0720000+00:00</time>
      </trkpt>
      <trkpt lat="46.66439" lon="7.47816">
        <ele>991.71</ele>
        <time>2026-05-04T00:28:41.1710000+00:00</time>
      </trkpt>
      <trkpt lat="46.66444" lon="7.47816">
        <ele>992.69</ele>
        <time>2026-05-04T00:28:50.3610000+00:00</time>
      </trkpt>
      <trkpt lat="46.66448" lon="7.47815">
        <ele>994.12</ele>
        <time>2026-05-04T00:28:57.8210000+00:00</time>
      </trkpt>
      <trkpt lat="46.6645" lon="7.47813">
        <ele>994.86</ele>
        <time>2026-05-04T00:29:02.2790000+00:00</time>
      </trkpt>
      <trkpt lat="46.66453" lon="7.4781">
        <ele>995.99</ele>
        <time>2026-05-04T00:29:08.9680000+00:00</time>
      </trkpt>
      <trkpt lat="46.66456" lon="7.47806">
        <ele>997.14</ele>
        <time>2026-05-04T00:29:16.4430000+00:00</time>
      </trkpt>
      <trkpt lat="46.66457" lon="7.47799">
        <ele>997.44</ele>
        <time>2026-05-04T00:29:25.4630000+00:00</time>
      </trkpt>
      <trkpt lat="46.66461" lon="7.47784">
        <ele>999.24</ele>
        <time>2026-05-04T00:29:45.7620000+00:00</time>
      </trkpt>
      <trkpt lat="46.66466" lon="7.47766">
        <ele>1001.74</ele>
        <time>2026-05-04T00:30:10.2560000+00:00</time>
      </trkpt>
      <trkpt lat="46.66473" lon="7.47752">
        <ele>1005.1</ele>
        <time>2026-05-04T00:30:32.1050000+00:00</time>
      </trkpt>
      <trkpt lat="46.66478" lon="7.47744">
        <ele>1007.5</ele>
        <time>2026-05-04T00:30:45.7540000+00:00</time>
      </trkpt>
      <trkpt lat="46.66484" lon="7.47734">
        <ele>1010.41</ele>
        <time>2026-05-04T00:31:02.5090000+00:00</time>
      </trkpt>
      <trkpt lat="46.66492" lon="7.47731">
        <ele>1014.09</ele>
        <time>2026-05-04T00:31:17.6920000+00:00</time>
      </trkpt>
      <trkpt lat="46.66498" lon="7.47732">
        <ele>1016.76</ele>
        <time>2026-05-04T00:31:28.7910000+00:00</time>
      </trkpt>
      <trkpt lat="46.66497" lon="7.47718">
        <ele>1016.69</ele>
        <time>2026-05-04T00:31:46.5450000+00:00</time>
      </trkpt>
      <trkpt lat="46.66495" lon="7.47707">
        <ele>1016.08</ele>
        <time>2026-05-04T00:32:00.8980000+00:00</time>
      </trkpt>
      <trkpt lat="46.66496" lon="7.47703">
        <ele>1016.64</ele>
        <time>2026-05-04T00:32:06.2700000+00:00</time>
      </trkpt>
      <trkpt lat="46.66497" lon="7.47686">
        <ele>1017.55</ele>
        <time>2026-05-04T00:32:27.7910000+00:00</time>
      </trkpt>
      <trkpt lat="46.665" lon="7.47666">
        <ele>1019.34</ele>
        <time>2026-05-04T00:32:53.6140000+00:00</time>
      </trkpt>
      <trkpt lat="46.66501" lon="7.47657">
        <ele>1019.97</ele>
        <time>2026-05-04T00:33:05.1150000+00:00</time>
      </trkpt>
      <trkpt lat="46.66503" lon="7.47651">
        <ele>1020.92</ele>
        <time>2026-05-04T00:33:13.5290000+00:00</time>
      </trkpt>
      <trkpt lat="46.66506" lon="7.47644">
        <ele>1022.26</ele>
        <time>2026-05-04T00:33:23.9410000+00:00</time>
      </trkpt>
      <trkpt lat="46.66508" lon="7.47643">
        <ele>1023.08</ele>
        <time>2026-05-04T00:33:27.8290000+00:00</time>
      </trkpt>
      <trkpt lat="46.66514" lon="7.47633">
        <ele>1025.59</ele>
        <time>2026-05-04T00:33:44.5830000+00:00</time>
      </trkpt>
      <trkpt lat="46.66522" lon="7.47623">
        <ele>1028.61</ele>
        <time>2026-05-04T00:34:03.9550000+00:00</time>
      </trkpt>
      <trkpt lat="46.66529" lon="7.47612">
        <ele>1030.82</ele>
        <time>2026-05-04T00:34:22.8770000+00:00</time>
      </trkpt>
      <trkpt lat="46.66537" lon="7.47598">
        <ele>1032.79</ele>
        <time>2026-05-04T00:34:45.8570000+00:00</time>
      </trkpt>
      <trkpt lat="46.66545" lon="7.47587">
        <ele>1034.72</ele>
        <time>2026-05-04T00:35:06.0740000+00:00</time>
      </trkpt>
      <trkpt lat="46.66554" lon="7.47578">
        <ele>1036.91</ele>
        <time>2026-05-04T00:35:26.1360000+00:00</time>
      </trkpt>
      <trkpt lat="46.66556" lon="7.47582">
        <ele>1037.74</ele>
        <time>2026-05-04T00:35:32.3800000+00:00</time>
      </trkpt>
      <trkpt lat="46.66558" lon="7.47589">
        <ele>1038.77</ele>
        <time>2026-05-04T00:35:41.9450000+00:00</time>
      </trkpt>
      <trkpt lat="46.66558" lon="7.47602">
        <ele>1039.57</ele>
        <time>2026-05-04T00:35:58.3430000+00:00</time>
      </trkpt>
      <trkpt lat="46.66559" lon="7.47617">
        <ele>1040.83</ele>
        <time>2026-05-04T00:36:17.3520000+00:00</time>
      </trkpt>
      <trkpt lat="46.66562" lon="7.47624">
        <ele>1042.27</ele>
        <time>2026-05-04T00:36:27.7610000+00:00</time>
      </trkpt>
      <trkpt lat="46.66568" lon="7.4763">
        <ele>1044.47</ele>
        <time>2026-05-04T00:36:41.1360000+00:00</time>
      </trkpt>
      <trkpt lat="46.66572" lon="7.4763">
        <ele>1045.81</ele>
        <time>2026-05-04T00:36:48.4860000+00:00</time>
      </trkpt>
      <trkpt lat="46.66579" lon="7.47617">
        <ele>1047.39</ele>
        <time>2026-05-04T00:37:09.3290000+00:00</time>
      </trkpt>
      <trkpt lat="46.66584" lon="7.47605">
        <ele>1048.01</ele>
        <time>2026-05-04T00:37:27.0370000+00:00</time>
      </trkpt>
      <trkpt lat="46.66587" lon="7.47609">
        <ele>1049.31</ele>
        <time>2026-05-04T00:37:34.5100000+00:00</time>
      </trkpt>
      <trkpt lat="46.6659" lon="7.47599">
        <ele>1049.37</ele>
        <time>2026-05-04T00:37:48.2770000+00:00</time>
      </trkpt>
      <trkpt lat="46.66596" lon="7.47585">
        <ele>1049.92</ele>
        <time>2026-05-04T00:38:09.0960000+00:00</time>
      </trkpt>
      <trkpt lat="46.66603" lon="7.47566">
        <ele>1050.1</ele>
        <time>2026-05-04T00:38:36.2960000+00:00</time>
      </trkpt>
      <trkpt lat="46.66608" lon="7.47553">
        <ele>1050.14</ele>
        <time>2026-05-04T00:38:55.0920000+00:00</time>
      </trkpt>
      <trkpt lat="46.66614" lon="7.47542">
        <ele>1050.52</ele>
        <time>2026-05-04T00:39:12.8160000+00:00</time>
      </trkpt>
      <trkpt lat="46.66628" lon="7.47524">
        <ele>1052.37</ele>
        <time>2026-05-04T00:39:47.1320000+00:00</time>
      </trkpt>
      <trkpt lat="46.66638" lon="7.47511">
        <ele>1053.64</ele>
        <time>2026-05-04T00:40:11.7630000+00:00</time>
      </trkpt>
      <trkpt lat="46.66646" lon="7.475">
        <ele>1054.58</ele>
        <time>2026-05-04T00:40:31.9800000+00:00</time>
      </trkpt>
      <trkpt lat="46.66652" lon="7.4749">
        <ele>1055.13</ele>
        <time>2026-05-04T00:40:48.7340000+00:00</time>
      </trkpt>
      <trkpt lat="46.66658" lon="7.4748">
        <ele>1055.67</ele>
        <time>2026-05-04T00:41:05.4890000+00:00</time>
      </trkpt>
      <trkpt lat="46.66665" lon="7.47466">
        <ele>1056.08</ele>
        <time>2026-05-04T00:41:27.3380000+00:00</time>
      </trkpt>
      <trkpt lat="46.66675" lon="7.47445">
        <ele>1056.25</ele>
        <time>2026-05-04T00:41:59.5780000+00:00</time>
      </trkpt>
      <trkpt lat="46.66682" lon="7.47428">
        <ele>1055.82</ele>
        <time>2026-05-04T00:42:24.5840000+00:00</time>
      </trkpt>
      <trkpt lat="46.66686" lon="7.47418">
        <ele>1055.44</ele>
        <time>2026-05-04T00:42:39.1840000+00:00</time>
      </trkpt>
      <trkpt lat="46.66698" lon="7.47414">
        <ele>1056.44</ele>
        <time>2026-05-04T00:43:01.8090000+00:00</time>
      </trkpt>
      <trkpt lat="46.66708" lon="7.47411">
        <ele>1056.13</ele>
        <time>2026-05-04T00:43:20.5750000+00:00</time>
      </trkpt>
      <trkpt lat="46.66729" lon="7.47404">
        <ele>1055.35</ele>
        <time>2026-05-04T00:44:00.1690000+00:00</time>
      </trkpt>
      <trkpt lat="46.66743" lon="7.47399">
        <ele>1054.77</ele>
        <time>2026-05-04T00:44:26.6630000+00:00</time>
      </trkpt>
      <trkpt lat="46.66752" lon="7.47397">
        <ele>1054.54</ele>
        <time>2026-05-04T00:44:43.3960000+00:00</time>
      </trkpt>
      <trkpt lat="46.66759" lon="7.47396">
        <ele>1054.43</ele>
        <time>2026-05-04T00:44:56.3230000+00:00</time>
      </trkpt>
      <trkpt lat="46.66768" lon="7.47396">
        <ele>1054.46</ele>
        <time>2026-05-04T00:45:12.8650000+00:00</time>
      </trkpt>
      <trkpt lat="46.66774" lon="7.47398">
        <ele>1054.74</ele>
        <time>2026-05-04T00:45:24.1780000+00:00</time>
      </trkpt>
      <trkpt lat="46.66782" lon="7.47401">
        <ele>1055.88</ele>
        <time>2026-05-04T00:45:39.3610000+00:00</time>
      </trkpt>
      <trkpt lat="46.6679" lon="7.47408">
        <ele>1057.95</ele>
        <time>2026-05-04T00:45:56.5120000+00:00</time>
      </trkpt>
      <trkpt lat="46.66802" lon="7.47419">
        <ele>1060.58</ele>
        <time>2026-05-04T00:46:22.5690000+00:00</time>
      </trkpt>
      <trkpt lat="46.66813" lon="7.4743">
        <ele>1062.46</ele>
        <time>2026-05-04T00:46:47.0890000+00:00</time>
      </trkpt>
      <trkpt lat="46.66821" lon="7.47441">
        <ele>1063.54</ele>
        <time>2026-05-04T00:47:07.3060000+00:00</time>
      </trkpt>
      <trkpt lat="46.66829" lon="7.47452">
        <ele>1064.18</ele>
        <time>2026-05-04T00:47:27.5220000+00:00</time>
      </trkpt>
      <trkpt lat="46.66839" lon="7.47466">
        <ele>1064.48</ele>
        <time>2026-05-04T00:47:53.0100000+00:00</time>
      </trkpt>
      <trkpt lat="46.66849" lon="7.47486">
        <ele>1064.45</ele>
        <time>2026-05-04T00:48:24.2210000+00:00</time>
      </trkpt>
      <trkpt lat="46.66853" lon="7.47496">
        <ele>1064.28</ele>
        <time>2026-05-04T00:48:38.8210000+00:00</time>
      </trkpt>
      <trkpt lat="46.66858" lon="7.47516">
        <ele>1063.78</ele>
        <time>2026-05-04T00:49:05.6690000+00:00</time>
      </trkpt>
      <trkpt lat="46.66862" lon="7.47533">
        <ele>1063.82</ele>
        <time>2026-05-04T00:49:28.3350000+00:00</time>
      </trkpt>
      <trkpt lat="46.66866" lon="7.47559">
        <ele>1066.34</ele>
        <time>2026-05-04T00:50:01.9430000+00:00</time>
      </trkpt>
      <trkpt lat="46.66867" lon="7.47573">
        <ele>1067.45</ele>
        <time>2026-05-04T00:50:19.6950000+00:00</time>
      </trkpt>
      <trkpt lat="46.66866" lon="7.47592">
        <ele>1067.78</ele>
        <time>2026-05-04T00:50:43.7290000+00:00</time>
      </trkpt>
      <trkpt lat="46.66866" lon="7.47632">
        <ele>1069.78</ele>
        <time>2026-05-04T00:51:34.1800000+00:00</time>
      </trkpt>
      <trkpt lat="46.66865" lon="7.47658">
        <ele>1071.79</ele>
        <time>2026-05-04T00:52:07.0250000+00:00</time>
      </trkpt>
      <trkpt lat="46.66864" lon="7.47672">
        <ele>1072.68</ele>
        <time>2026-05-04T00:52:24.7780000+00:00</time>
      </trkpt>
      <trkpt lat="46.66865" lon="7.47683">
        <ele>1074.17</ele>
        <time>2026-05-04T00:52:38.7730000+00:00</time>
      </trkpt>
      <trkpt lat="46.66867" lon="7.47694">
        <ele>1076.08</ele>
        <time>2026-05-04T00:52:53.1260000+00:00</time>
      </trkpt>
      <trkpt lat="46.66871" lon="7.47704">
        <ele>1078.76</ele>
        <time>2026-05-04T00:53:07.7250000+00:00</time>
      </trkpt>
      <trkpt lat="46.66875" lon="7.47712">
        <ele>1081.27</ele>
        <time>2026-05-04T00:53:20.2100000+00:00</time>
      </trkpt>
      <trkpt lat="46.66877" lon="7.47717">
        <ele>1082.7</ele>
        <time>2026-05-04T00:53:27.5100000+00:00</time>
      </trkpt>
      <trkpt lat="46.66879" lon="7.47725">
        <ele>1084.48</ele>
        <time>2026-05-04T00:53:38.2500000+00:00</time>
      </trkpt>
      <trkpt lat="46.6688" lon="7.47736">
        <ele>1086.16</ele>
        <time>2026-05-04T00:53:52.2460000+00:00</time>
      </trkpt>
      <trkpt lat="46.6688" lon="7.47753">
        <ele>1088.09</ele>
        <time>2026-05-04T00:54:13.6870000+00:00</time>
      </trkpt>
      <trkpt lat="46.66881" lon="7.47767">
        <ele>1090.13</ele>
        <time>2026-05-04T00:54:31.4410000+00:00</time>
      </trkpt>
      <trkpt lat="46.66883" lon="7.47781">
        <ele>1092.63</ele>
        <time>2026-05-04T00:54:49.4770000+00:00</time>
      </trkpt>
      <trkpt lat="46.66893" lon="7.47835">
        <ele>1105.91</ele>
        <time>2026-05-04T00:56:00.0220000+00:00</time>
      </trkpt>
      <trkpt lat="46.66894" lon="7.47843">
        <ele>1107.86</ele>
        <time>2026-05-04T00:56:10.2790000+00:00</time>
      </trkpt>
      <trkpt lat="46.66895" lon="7.47854">
        <ele>1110.37</ele>
        <time>2026-05-04T00:56:24.2740000+00:00</time>
      </trkpt>
      <trkpt lat="46.66895" lon="7.47868">
        <ele>1112.88</ele>
        <time>2026-05-04T00:56:41.9320000+00:00</time>
      </trkpt>
      <trkpt lat="46.66894" lon="7.47893">
        <ele>1115.99</ele>
        <time>2026-05-04T00:57:13.5170000+00:00</time>
      </trkpt>
      <trkpt lat="46.66892" lon="7.4792">
        <ele>1118.22</ele>
        <time>2026-05-04T00:57:47.7690000+00:00</time>
      </trkpt>
      <trkpt lat="46.6689" lon="7.4793">
        <ele>1118.15</ele>
        <time>2026-05-04T00:58:00.9060000+00:00</time>
      </trkpt>
      <trkpt lat="46.66886" lon="7.47944">
        <ele>1117.12</ele>
        <time>2026-05-04T00:58:20.0330000+00:00</time>
      </trkpt>
      <trkpt lat="46.66882" lon="7.47962">
        <ele>1116.26</ele>
        <time>2026-05-04T00:58:43.8970000+00:00</time>
      </trkpt>
      <trkpt lat="46.66879" lon="7.47975">
        <ele>1114.74</ele>
        <time>2026-05-04T00:59:01.1960000+00:00</time>
      </trkpt>
      <trkpt lat="46.66877" lon="7.47986">
        <ele>1113.9</ele>
        <time>2026-05-04T00:59:15.5490000+00:00</time>
      </trkpt>
      <trkpt lat="46.66875" lon="7.48004">
        <ele>1113.49</ele>
        <time>2026-05-04T00:59:38.5480000+00:00</time>
      </trkpt>
      <trkpt lat="46.66872" lon="7.48027">
        <ele>1112.83</ele>
        <time>2026-05-04T01:00:08.0770000+00:00</time>
      </trkpt>
      <trkpt lat="46.6687" lon="7.48051">
        <ele>1112.86</ele>
        <time>2026-05-04T01:00:38.5690000+00:00</time>
      </trkpt>
      <trkpt lat="46.66868" lon="7.48081">
        <ele>1113.01</ele>
        <time>2026-05-04T01:01:16.5850000+00:00</time>
      </trkpt>
      <trkpt lat="46.66866" lon="7.48116">
        <ele>1113.66</ele>
        <time>2026-05-04T01:02:00.8820000+00:00</time>
      </trkpt>
      <trkpt lat="46.66865" lon="7.48138">
        <ele>1114.42</ele>
        <time>2026-05-04T01:02:28.6910000+00:00</time>
      </trkpt>
      <trkpt lat="46.66865" lon="7.48159">
        <ele>1115.64</ele>
        <time>2026-05-04T01:02:55.1780000+00:00</time>
      </trkpt>
      <trkpt lat="46.66866" lon="7.48175">
        <ele>1116.99</ele>
        <time>2026-05-04T01:03:15.4420000+00:00</time>
      </trkpt>
      <trkpt lat="46.66868" lon="7.48193">
        <ele>1118.84</ele>
        <time>2026-05-04T01:03:38.4400000+00:00</time>
      </trkpt>
      <trkpt lat="46.66872" lon="7.48221">
        <ele>1122.28</ele>
        <time>2026-05-04T01:04:14.5130000+00:00</time>
      </trkpt>
      <trkpt lat="46.66877" lon="7.48262">
        <ele>1127.51</ele>
        <time>2026-05-04T01:05:07.0350000+00:00</time>
      </trkpt>
      <trkpt lat="46.66883" lon="7.48305">
        <ele>1133.21</ele>
        <time>2026-05-04T01:06:02.3790000+00:00</time>
      </trkpt>
      <trkpt lat="46.66888" lon="7.48354">
        <ele>1139.19</ele>
        <time>2026-05-04T01:07:04.8610000+00:00</time>
      </trkpt>
      <trkpt lat="46.66891" lon="7.48373">
        <ele>1141.91</ele>
        <time>2026-05-04T01:07:29.4520000+00:00</time>
      </trkpt>
      <trkpt lat="46.66891" lon="7.48376">
        <ele>1142.16</ele>
        <time>2026-05-04T01:07:33.2380000+00:00</time>
      </trkpt>
      <trkpt lat="46.66894" lon="7.48396">
        <ele>1145.14</ele>
        <time>2026-05-04T01:07:59.0590000+00:00</time>
      </trkpt>
      <trkpt lat="46.66896" lon="7.4841">
        <ele>1147.22</ele>
        <time>2026-05-04T01:08:17.0950000+00:00</time>
      </trkpt>
      <trkpt lat="46.66898" lon="7.48424">
        <ele>1149.31</ele>
        <time>2026-05-04T01:08:35.1320000+00:00</time>
      </trkpt>
      <trkpt lat="46.66901" lon="7.48437">
        <ele>1151.71</ele>
        <time>2026-05-04T01:08:52.4310000+00:00</time>
      </trkpt>
      <trkpt lat="46.66904" lon="7.48446">
        <ele>1153.75</ele>
        <time>2026-05-04T01:09:05.0500000+00:00</time>
      </trkpt>
      <trkpt lat="46.66907" lon="7.48454">
        <ele>1155.7</ele>
        <time>2026-05-04T01:09:16.5500000+00:00</time>
      </trkpt>
      <trkpt lat="46.66912" lon="7.48473">
        <ele>1159.56</ele>
        <time>2026-05-04T01:09:42.2150000+00:00</time>
      </trkpt>
      <trkpt lat="46.66917" lon="7.48467">
        <ele>1160.95</ele>
        <time>2026-05-04T01:09:54.1210000+00:00</time>
      </trkpt>
      <trkpt lat="46.66921" lon="7.48462">
        <ele>1162.04</ele>
        <time>2026-05-04T01:10:03.8070000+00:00</time>
      </trkpt>
      <trkpt lat="46.66922" lon="7.48455">
        <ele>1161.73</ele>
        <time>2026-05-04T01:10:12.8270000+00:00</time>
      </trkpt>
      <trkpt lat="46.66924" lon="7.48445">
        <ele>1161.49</ele>
        <time>2026-05-04T01:10:25.9660000+00:00</time>
      </trkpt>
      <trkpt lat="46.66929" lon="7.48428">
        <ele>1161.69</ele>
        <time>2026-05-04T01:10:49.2930000+00:00</time>
      </trkpt>
      <trkpt lat="46.66932" lon="7.48425">
        <ele>1162.54</ele>
        <time>2026-05-04T01:10:55.9790000+00:00</time>
      </trkpt>
      <trkpt lat="46.66937" lon="7.48418">
        <ele>1163.73</ele>
        <time>2026-05-04T01:11:08.7230000+00:00</time>
      </trkpt>
      <trkpt lat="46.66939" lon="7.48414">
        <ele>1164.07</ele>
        <time>2026-05-04T01:11:14.9650000+00:00</time>
      </trkpt>
      <trkpt lat="46.66942" lon="7.48406">
        <ele>1164.36</ele>
        <time>2026-05-04T01:11:26.4640000+00:00</time>
      </trkpt>
      <trkpt lat="46.66947" lon="7.48394">
        <ele>1165.35</ele>
        <time>2026-05-04T01:11:44.1710000+00:00</time>
      </trkpt>
      <trkpt lat="46.66954" lon="7.48384">
        <ele>1167.96</ele>
        <time>2026-05-04T01:12:02.1880000+00:00</time>
      </trkpt>
      <trkpt lat="46.66969" lon="7.48362">
        <ele>1174.46</ele>
        <time>2026-05-04T01:12:41.3040000+00:00</time>
      </trkpt>
      <trkpt lat="46.6698" lon="7.48346">
        <ele>1180.08</ele>
        <time>2026-05-04T01:13:09.8690000+00:00</time>
      </trkpt>
      <trkpt lat="46.66988" lon="7.48338">
        <ele>1184.58</ele>
        <time>2026-05-04T01:13:27.7020000+00:00</time>
      </trkpt>
      <trkpt lat="46.66994" lon="7.48329">
        <ele>1188.07</ele>
        <time>2026-05-04T01:13:43.5280000+00:00</time>
      </trkpt>
      <trkpt lat="46.66999" lon="7.48316">
        <ele>1191.12</ele>
        <time>2026-05-04T01:14:02.3230000+00:00</time>
      </trkpt>
      <trkpt lat="46.6701" lon="7.48286">
        <ele>1198.03</ele>
        <time>2026-05-04T01:14:45.2230000+00:00</time>
      </trkpt>
      <trkpt lat="46.67023" lon="7.48255">
        <ele>1204.76</ele>
        <time>2026-05-04T01:15:31.0450000+00:00</time>
      </trkpt>
      <trkpt lat="46.67028" lon="7.4824">
        <ele>1207.06</ele>
        <time>2026-05-04T01:15:52.0770000+00:00</time>
      </trkpt>
      <trkpt lat="46.67032" lon="7.48228">
        <ele>1208.33</ele>
        <time>2026-05-04T01:16:08.9030000+00:00</time>
      </trkpt>
      <trkpt lat="46.67036" lon="7.48208">
        <ele>1209.16</ele>
        <time>2026-05-04T01:16:35.1780000+00:00</time>
      </trkpt>
      <trkpt lat="46.67039" lon="7.48199">
        <ele>1209.59</ele>
        <time>2026-05-04T01:16:47.7960000+00:00</time>
      </trkpt>
      <trkpt lat="46.67043" lon="7.48194">
        <ele>1211.13</ele>
        <time>2026-05-04T01:16:57.4820000+00:00</time>
      </trkpt>
      <trkpt lat="46.67052" lon="7.48178">
        <ele>1214.32</ele>
        <time>2026-05-04T01:17:23.5760000+00:00</time>
      </trkpt>
      <trkpt lat="46.67057" lon="7.48167">
        <ele>1216.08</ele>
        <time>2026-05-04T01:17:40.2170000+00:00</time>
      </trkpt>
      <trkpt lat="46.67061" lon="7.48162">
        <ele>1217.96</ele>
        <time>2026-05-04T01:17:49.9030000+00:00</time>
      </trkpt>
      <trkpt lat="46.6707" lon="7.48155">
        <ele>1222.76</ele>
        <time>2026-05-04T01:18:08.6540000+00:00</time>
      </trkpt>
      <trkpt lat="46.67073" lon="7.48153">
        <ele>1224.42</ele>
        <time>2026-05-04T01:18:14.7190000+00:00</time>
      </trkpt>
      <trkpt lat="46.67076" lon="7.4815">
        <ele>1226.04</ele>
        <time>2026-05-04T01:18:21.4060000+00:00</time>
      </trkpt>
      <trkpt lat="46.67077" lon="7.48147">
        <ele>1226.46</ele>
        <time>2026-05-04T01:18:25.6140000+00:00</time>
      </trkpt>
      <trkpt lat="46.6708" lon="7.48146">
        <ele>1228.24</ele>
        <time>2026-05-04T01:18:31.2700000+00:00</time>
      </trkpt>
      <trkpt lat="46.67082" lon="7.48145">
        <ele>1229.42</ele>
        <time>2026-05-04T01:18:35.1550000+00:00</time>
      </trkpt>
      <trkpt lat="46.67084" lon="7.48145">
        <ele>1230.66</ele>
        <time>2026-05-04T01:18:38.8290000+00:00</time>
      </trkpt>
      <trkpt lat="46.67086" lon="7.48147">
        <ele>1232</ele>
        <time>2026-05-04T01:18:43.2840000+00:00</time>
      </trkpt>
      <trkpt lat="46.67088" lon="7.4815">
        <ele>1233.38</ele>
        <time>2026-05-04T01:18:48.5590000+00:00</time>
      </trkpt>
      <trkpt lat="46.67095" lon="7.4817">
        <ele>1238.4</ele>
        <time>2026-05-04T01:19:16.8750000+00:00</time>
      </trkpt>
      <trkpt lat="46.67104" lon="7.48189">
        <ele>1244.05</ele>
        <time>2026-05-04T01:19:45.9930000+00:00</time>
      </trkpt>
      <trkpt lat="46.67109" lon="7.482">
        <ele>1246.96</ele>
        <time>2026-05-04T01:20:02.6350000+00:00</time>
      </trkpt>
      <trkpt lat="46.67111" lon="7.48204">
        <ele>1248.19</ele>
        <time>2026-05-04T01:20:08.8760000+00:00</time>
      </trkpt>
      <trkpt lat="46.67113" lon="7.48204">
        <ele>1250.17</ele>
        <time>2026-05-04T01:20:12.5500000+00:00</time>
      </trkpt>
      <trkpt lat="46.67116" lon="7.48202">
        <ele>1253.13</ele>
        <time>2026-05-04T01:20:18.6130000+00:00</time>
      </trkpt>
      <trkpt lat="46.67119" lon="7.48198">
        <ele>1256.1</ele>
        <time>2026-05-04T01:20:26.0870000+00:00</time>
      </trkpt>
      <trkpt lat="46.67123" lon="7.48186">
        <ele>1260.12</ele>
        <time>2026-05-04T01:20:42.9120000+00:00</time>
      </trkpt>
      <trkpt lat="46.67127" lon="7.48173">
        <ele>1264.26</ele>
        <time>2026-05-04T01:21:00.8810000+00:00</time>
      </trkpt>
      <trkpt lat="46.67131" lon="7.48152">
        <ele>1268.61</ele>
        <time>2026-05-04T01:21:28.3680000+00:00</time>
      </trkpt>
      <trkpt lat="46.67133" lon="7.4814">
        <ele>1270.88</ele>
        <time>2026-05-04T01:21:43.9420000+00:00</time>
      </trkpt>
      <trkpt lat="46.67135" lon="7.48124">
        <ele>1273.19</ele>
        <time>2026-05-04T01:22:04.4540000+00:00</time>
      </trkpt>
      <trkpt lat="46.67136" lon="7.48107">
        <ele>1274.01</ele>
        <time>2026-05-04T01:22:25.9730000+00:00</time>
      </trkpt>
      <trkpt lat="46.67136" lon="7.48101">
        <ele>1273.92</ele>
        <time>2026-05-04T01:22:33.5410000+00:00</time>
      </trkpt>
      <trkpt lat="46.67138" lon="7.48091">
        <ele>1275.79</ele>
        <time>2026-05-04T01:22:46.6780000+00:00</time>
      </trkpt>
      <trkpt lat="46.67142" lon="7.48078">
        <ele>1279.47</ele>
        <time>2026-05-04T01:23:04.6450000+00:00</time>
      </trkpt>
      <trkpt lat="46.67144" lon="7.48059">
        <ele>1280.85</ele>
        <time>2026-05-04T01:23:28.8880000+00:00</time>
      </trkpt>
      <trkpt lat="46.67146" lon="7.48046">
        <ele>1282.28</ele>
        <time>2026-05-04T01:23:45.6910000+00:00</time>
      </trkpt>
      <trkpt lat="46.67147" lon="7.48035">
        <ele>1283.49</ele>
        <time>2026-05-04T01:23:59.6860000+00:00</time>
      </trkpt>
      <trkpt lat="46.67148" lon="7.48017">
        <ele>1285.23</ele>
        <time>2026-05-04T01:24:22.4620000+00:00</time>
      </trkpt>
      <trkpt lat="46.6715" lon="7.47999">
        <ele>1287.8</ele>
        <time>2026-05-04T01:24:45.4600000+00:00</time>
      </trkpt>
      <trkpt lat="46.67151" lon="7.47985">
        <ele>1289.28</ele>
        <time>2026-05-04T01:25:03.2120000+00:00</time>
      </trkpt>
      <trkpt lat="46.67152" lon="7.47976">
        <ele>1290.51</ele>
        <time>2026-05-04T01:25:14.7110000+00:00</time>
      </trkpt>
      <trkpt lat="46.67153" lon="7.4797">
        <ele>1291.61</ele>
        <time>2026-05-04T01:25:22.4970000+00:00</time>
      </trkpt>
      <trkpt lat="46.67155" lon="7.47965">
        <ele>1293.48</ele>
        <time>2026-05-04T01:25:29.7970000+00:00</time>
      </trkpt>
      <trkpt lat="46.67158" lon="7.47964">
        <ele>1296.02</ele>
        <time>2026-05-04T01:25:35.4510000+00:00</time>
      </trkpt>
      <trkpt lat="46.6716" lon="7.47964">
        <ele>1297.68</ele>
        <time>2026-05-04T01:25:39.1240000+00:00</time>
      </trkpt>
      <trkpt lat="46.67162" lon="7.47965">
        <ele>1299.32</ele>
        <time>2026-05-04T01:25:43.0060000+00:00</time>
      </trkpt>
      <trkpt lat="46.67165" lon="7.47969">
        <ele>1301.7</ele>
        <time>2026-05-04T01:25:50.4800000+00:00</time>
      </trkpt>
      <trkpt lat="46.67168" lon="7.4798">
        <ele>1303.93</ele>
        <time>2026-05-04T01:26:05.4080000+00:00</time>
      </trkpt>
      <trkpt lat="46.67174" lon="7.47997">
        <ele>1308.68</ele>
        <time>2026-05-04T01:26:29.5180000+00:00</time>
      </trkpt>
      <trkpt lat="46.67177" lon="7.4801">
        <ele>1311.05</ele>
        <time>2026-05-04T01:26:46.8170000+00:00</time>
      </trkpt>
      <trkpt lat="46.6718" lon="7.48015">
        <ele>1313.62</ele>
        <time>2026-05-04T01:26:55.1940000+00:00</time>
      </trkpt>
      <trkpt lat="46.67186" lon="7.48028">
        <ele>1318.82</ele>
        <time>2026-05-04T01:27:14.9540000+00:00</time>
      </trkpt>
      <trkpt lat="46.67189" lon="7.48032">
        <ele>1321.49</ele>
        <time>2026-05-04T01:27:22.4290000+00:00</time>
      </trkpt>
      <trkpt lat="46.67191" lon="7.48038">
        <ele>1323.27</ele>
        <time>2026-05-04T01:27:30.8420000+00:00</time>
      </trkpt>
      <trkpt lat="46.67193" lon="7.48046">
        <ele>1325.43</ele>
        <time>2026-05-04T01:27:41.5800000+00:00</time>
      </trkpt>
      <trkpt lat="46.67195" lon="7.48051">
        <ele>1327.89</ele>
        <time>2026-05-04T01:27:48.8790000+00:00</time>
      </trkpt>
      <trkpt lat="46.67198" lon="7.48052">
        <ele>1330.64</ele>
        <time>2026-05-04T01:27:54.5330000+00:00</time>
      </trkpt>
      <trkpt lat="46.67199" lon="7.48051">
        <ele>1331.38</ele>
        <time>2026-05-04T01:27:56.7580000+00:00</time>
      </trkpt>
      <trkpt lat="46.67201" lon="7.4805">
        <ele>1333.01</ele>
        <time>2026-05-04T01:28:00.6400000+00:00</time>
      </trkpt>
      <trkpt lat="46.67202" lon="7.48047">
        <ele>1333.54</ele>
        <time>2026-05-04T01:28:04.8510000+00:00</time>
      </trkpt>
      <trkpt lat="46.672" lon="7.48042">
        <ele>1331.32</ele>
        <time>2026-05-04T01:28:12.1510000+00:00</time>
      </trkpt>
      <trkpt lat="46.67199" lon="7.48031">
        <ele>1330.39</ele>
        <time>2026-05-04T01:28:26.1440000+00:00</time>
      </trkpt>
      <trkpt lat="46.67201" lon="7.48014">
        <ele>1332.07</ele>
        <time>2026-05-04T01:28:47.8970000+00:00</time>
      </trkpt>
      <trkpt lat="46.67203" lon="7.48">
        <ele>1333.71</ele>
        <time>2026-05-04T01:29:05.9330000+00:00</time>
      </trkpt>
      <trkpt lat="46.67208" lon="7.47986">
        <ele>1337.86</ele>
        <time>2026-05-04T01:29:25.8380000+00:00</time>
      </trkpt>
      <trkpt lat="46.67213" lon="7.47975">
        <ele>1341.95</ele>
        <time>2026-05-04T01:29:42.4790000+00:00</time>
      </trkpt>
      <trkpt lat="46.67221" lon="7.47965">
        <ele>1348.47</ele>
        <time>2026-05-04T01:30:01.8510000+00:00</time>
      </trkpt>
      <trkpt lat="46.67242" lon="7.47946">
        <ele>1363.55</ele>
        <time>2026-05-04T01:30:47.2830000+00:00</time>
      </trkpt>
      <trkpt lat="46.67246" lon="7.47933">
        <ele>1364.67</ele>
        <time>2026-05-04T01:31:05.2520000+00:00</time>
      </trkpt>
      <trkpt lat="46.67246" lon="7.4792">
        <ele>1362.54</ele>
        <time>2026-05-04T01:31:21.6470000+00:00</time>
      </trkpt>
      <trkpt lat="46.67245" lon="7.47902">
        <ele>1358.84</ele>
        <time>2026-05-04T01:31:44.4230000+00:00</time>
      </trkpt>
      <trkpt lat="46.67246" lon="7.47887">
        <ele>1357.14</ele>
        <time>2026-05-04T01:32:03.4310000+00:00</time>
      </trkpt>
      <trkpt lat="46.67249" lon="7.47859">
        <ele>1355.94</ele>
        <time>2026-05-04T01:32:39.1710000+00:00</time>
      </trkpt>
      <trkpt lat="46.67254" lon="7.47835">
        <ele>1356.81</ele>
        <time>2026-05-04T01:33:10.8040000+00:00</time>
      </trkpt>
      <trkpt lat="46.6726" lon="7.47807">
        <ele>1357.27</ele>
        <time>2026-05-04T01:33:47.7990000+00:00</time>
      </trkpt>
      <trkpt lat="46.67264" lon="7.47788">
        <ele>1357.39</ele>
        <time>2026-05-04T01:34:12.8630000+00:00</time>
      </trkpt>
      <trkpt lat="46.67268" lon="7.47775">
        <ele>1358.36</ele>
        <time>2026-05-04T01:34:30.8320000+00:00</time>
      </trkpt>
      <trkpt lat="46.67269" lon="7.47758">
        <ele>1357.33</ele>
        <time>2026-05-04T01:34:52.3510000+00:00</time>
      </trkpt>
      <trkpt lat="46.6727" lon="7.47731">
        <ele>1355.3</ele>
        <time>2026-05-04T01:35:26.4530000+00:00</time>
      </trkpt>
      <trkpt lat="46.67269" lon="7.47701">
        <ele>1351.9</ele>
        <time>2026-05-04T01:36:04.3330000+00:00</time>
      </trkpt>
      <trkpt lat="46.6727" lon="7.47683">
        <ele>1350</ele>
        <time>2026-05-04T01:36:27.1090000+00:00</time>
      </trkpt>
      <trkpt lat="46.67271" lon="7.47675">
        <ele>1349.27</ele>
        <time>2026-05-04T01:36:37.3660000+00:00</time>
      </trkpt>
      <trkpt lat="46.67273" lon="7.47672">
        <ele>1349.4</ele>
        <time>2026-05-04T01:36:42.6430000+00:00</time>
      </trkpt>
      <trkpt lat="46.67274" lon="7.47668">
        <ele>1349.11</ele>
        <time>2026-05-04T01:36:48.0110000+00:00</time>
      </trkpt>
      <trkpt lat="46.67276" lon="7.47667">
        <ele>1349.46</ele>
        <time>2026-05-04T01:36:51.8960000+00:00</time>
      </trkpt>
      <trkpt lat="46.67283" lon="7.47666">
        <ele>1346.45</ele>
        <time>2026-05-04T01:37:04.8230000+00:00</time>
      </trkpt>
      <trkpt lat="46.67289" lon="7.47669">
        <ele>1343.58</ele>
        <time>2026-05-04T01:37:16.4820000+00:00</time>
      </trkpt>
      <trkpt lat="46.67294" lon="7.47673">
        <ele>1341.41</ele>
        <time>2026-05-04T01:37:26.9640000+00:00</time>
      </trkpt>
      <trkpt lat="46.673" lon="7.47681">
        <ele>1339.31</ele>
        <time>2026-05-04T01:37:41.9110000+00:00</time>
      </trkpt>
      <trkpt lat="46.67306" lon="7.47694">
        <ele>1338</ele>
        <time>2026-05-04T01:38:01.6700000+00:00</time>
      </trkpt>
      <trkpt lat="46.67313" lon="7.47714">
        <ele>1337.15</ele>
        <time>2026-05-04T01:38:29.9860000+00:00</time>
      </trkpt>
      <trkpt lat="46.67322" lon="7.47737">
        <ele>1335.24</ele>
        <time>2026-05-04T01:39:03.3780000+00:00</time>
      </trkpt>
      <trkpt lat="46.67324" lon="7.47742">
        <ele>1334.82</ele>
        <time>2026-05-04T01:39:10.6760000+00:00</time>
      </trkpt>
      <trkpt lat="46.67326" lon="7.47754">
        <ele>1335.32</ele>
        <time>2026-05-04T01:39:26.2500000+00:00</time>
      </trkpt>
      <trkpt lat="46.67326" lon="7.47759">
        <ele>1335.96</ele>
        <time>2026-05-04T01:39:32.5550000+00:00</time>
      </trkpt>
      <trkpt lat="46.67326" lon="7.47771">
        <ele>1337.51</ele>
        <time>2026-05-04T01:39:47.6880000+00:00</time>
      </trkpt>
      <trkpt lat="46.67322" lon="7.47781">
        <ele>1340.84</ele>
        <time>2026-05-04T01:40:02.2860000+00:00</time>
      </trkpt>
      <trkpt lat="46.6732" lon="7.47787">
        <ele>1342.62</ele>
        <time>2026-05-04T01:40:10.6990000+00:00</time>
      </trkpt>
      <trkpt lat="46.6732" lon="7.47795">
        <ele>1343.73</ele>
        <time>2026-05-04T01:40:20.7860000+00:00</time>
      </trkpt>
      <trkpt lat="46.67331" lon="7.47833">
        <ele>1345.59</ele>
        <time>2026-05-04T01:41:12.8000000+00:00</time>
      </trkpt>
      <trkpt lat="46.67332" lon="7.47838">
        <ele>1346.1</ele>
        <time>2026-05-04T01:41:19.3700000+00:00</time>
      </trkpt>
      <trkpt lat="46.67337" lon="7.47858">
        <ele>1347.72</ele>
        <time>2026-05-04T01:41:46.2160000+00:00</time>
      </trkpt>
      <trkpt lat="46.67336" lon="7.47878">
        <ele>1352.24</ele>
        <time>2026-05-04T01:42:11.5050000+00:00</time>
      </trkpt>
      <trkpt lat="46.67324" lon="7.47898">
        <ele>1362.71</ele>
        <time>2026-05-04T01:42:45.0120000+00:00</time>
      </trkpt>
      <trkpt lat="46.67322" lon="7.47912">
        <ele>1367.13</ele>
        <time>2026-05-04T01:43:03.0460000+00:00</time>
      </trkpt>
      <trkpt lat="46.67334" lon="7.47931">
        <ele>1367.41</ele>
        <time>2026-05-04T01:43:35.6140000+00:00</time>
      </trkpt>
      <trkpt lat="46.67335" lon="7.47961">
        <ele>1375.05</ele>
        <time>2026-05-04T01:44:13.4940000+00:00</time>
      </trkpt>
      <trkpt lat="46.67339" lon="7.47972">
        <ele>1375.5</ele>
        <time>2026-05-04T01:44:29.1950000+00:00</time>
      </trkpt>
      <trkpt lat="46.67341" lon="7.4798">
        <ele>1376.2</ele>
        <time>2026-05-04T01:44:39.9330000+00:00</time>
      </trkpt>
      <trkpt lat="46.67342" lon="7.47986">
        <ele>1376.92</ele>
        <time>2026-05-04T01:44:47.7210000+00:00</time>
      </trkpt>
      <trkpt lat="46.67344" lon="7.47996">
        <ele>1378.07</ele>
        <time>2026-05-04T01:45:00.8580000+00:00</time>
      </trkpt>
      <trkpt lat="46.67349" lon="7.48032">
        <ele>1383.27</ele>
        <time>2026-05-04T01:45:47.1810000+00:00</time>
      </trkpt>
      <trkpt lat="46.67349" lon="7.48076">
        <ele>1389.64</ele>
        <time>2026-05-04T01:46:42.6720000+00:00</time>
      </trkpt>
      <trkpt lat="46.67349" lon="7.4812">
        <ele>1395.42</ele>
        <time>2026-05-04T01:47:38.1630000+00:00</time>
      </trkpt>
      <trkpt lat="46.67349" lon="7.48157">
        <ele>1399.54</ele>
        <time>2026-05-04T01:48:24.8260000+00:00</time>
      </trkpt>
      <trkpt lat="46.6736" lon="7.48188">
        <ele>1404.06</ele>
        <time>2026-05-04T01:49:08.8400000+00:00</time>
      </trkpt>
      <trkpt lat="46.67359" lon="7.48223">
        <ele>1406.71</ele>
        <time>2026-05-04T01:49:53.0190000+00:00</time>
      </trkpt>
      <trkpt lat="46.67363" lon="7.4825">
        <ele>1405.16</ele>
        <time>2026-05-04T01:50:27.8540000+00:00</time>
      </trkpt>
      <trkpt lat="46.67382" lon="7.48281">
        <ele>1392.11</ele>
        <time>2026-05-04T01:51:20.2760000+00:00</time>
      </trkpt>
      <trkpt lat="46.67387" lon="7.48291">
        <ele>1389.1</ele>
        <time>2026-05-04T01:51:35.8810000+00:00</time>
      </trkpt>
      <trkpt lat="46.6739" lon="7.48298">
        <ele>1387.86</ele>
        <time>2026-05-04T01:51:46.2900000+00:00</time>
      </trkpt>
      <trkpt lat="46.67394" lon="7.48308">
        <ele>1386.76</ele>
        <time>2026-05-04T01:52:00.8880000+00:00</time>
      </trkpt>
      <trkpt lat="46.67402" lon="7.48331">
        <ele>1385.92</ele>
        <time>2026-05-04T01:52:33.4080000+00:00</time>
      </trkpt>
      <trkpt lat="46.67416" lon="7.48356">
        <ele>1384.04</ele>
        <time>2026-05-04T01:53:14.1050000+00:00</time>
      </trkpt>
      <trkpt lat="46.67418" lon="7.48361">
        <ele>1384.31</ele>
        <time>2026-05-04T01:53:21.4050000+00:00</time>
      </trkpt>
      <trkpt lat="46.67419" lon="7.48366">
        <ele>1385.06</ele>
        <time>2026-05-04T01:53:27.9730000+00:00</time>
      </trkpt>
      <trkpt lat="46.67419" lon="7.48369">
        <ele>1385.78</ele>
        <time>2026-05-04T01:53:31.7590000+00:00</time>
      </trkpt>
      <trkpt lat="46.67418" lon="7.48382">
        <ele>1389.17</ele>
        <time>2026-05-04T01:53:48.2570000+00:00</time>
      </trkpt>
      <trkpt lat="46.67419" lon="7.48392">
        <ele>1391.07</ele>
        <time>2026-05-04T01:54:01.0020000+00:00</time>
      </trkpt>
      <trkpt lat="46.67419" lon="7.48398">
        <ele>1392.43</ele>
        <time>2026-05-04T01:54:08.5700000+00:00</time>
      </trkpt>
      <trkpt lat="46.67419" lon="7.48402">
        <ele>1393.34</ele>
        <time>2026-05-04T01:54:13.6160000+00:00</time>
      </trkpt>
      <trkpt lat="46.67418" lon="7.4841">
        <ele>1395.42</ele>
        <time>2026-05-04T01:54:23.8710000+00:00</time>
      </trkpt>
      <trkpt lat="46.67416" lon="7.48422">
        <ele>1398.54</ele>
        <time>2026-05-04T01:54:39.4450000+00:00</time>
      </trkpt>
      <trkpt lat="46.67414" lon="7.48432">
        <ele>1401.09</ele>
        <time>2026-05-04T01:54:52.5810000+00:00</time>
      </trkpt>
      <trkpt lat="46.67414" lon="7.48446">
        <ele>1404.02</ele>
        <time>2026-05-04T01:55:10.2370000+00:00</time>
      </trkpt>
      <trkpt lat="46.67414" lon="7.48458">
        <ele>1406.52</ele>
        <time>2026-05-04T01:55:25.3710000+00:00</time>
      </trkpt>
      <trkpt lat="46.67416" lon="7.48469">
        <ele>1408.66</ele>
        <time>2026-05-04T01:55:39.7220000+00:00</time>
      </trkpt>
      <trkpt lat="46.67418" lon="7.48479">
        <ele>1410.78</ele>
        <time>2026-05-04T01:55:52.8590000+00:00</time>
      </trkpt>
      <trkpt lat="46.6742" lon="7.48487">
        <ele>1412.63</ele>
        <time>2026-05-04T01:56:03.5960000+00:00</time>
      </trkpt>
      <trkpt lat="46.67423" lon="7.48496">
        <ele>1414.96</ele>
        <time>2026-05-04T01:56:16.2150000+00:00</time>
      </trkpt>
      <trkpt lat="46.6743" lon="7.48497">
        <ele>1415.82</ele>
        <time>2026-05-04T01:56:29.1420000+00:00</time>
      </trkpt>
      <trkpt lat="46.67435" lon="7.48497">
        <ele>1416.25</ele>
        <time>2026-05-04T01:56:38.3320000+00:00</time>
      </trkpt>
      <trkpt lat="46.67438" lon="7.48499">
        <ele>1417.15</ele>
        <time>2026-05-04T01:56:44.3960000+00:00</time>
      </trkpt>
      <trkpt lat="46.6744" lon="7.48501">
        <ele>1418.01</ele>
        <time>2026-05-04T01:56:48.8560000+00:00</time>
      </trkpt>
      <trkpt lat="46.67444" lon="7.48506">
        <ele>1420.03</ele>
        <time>2026-05-04T01:56:58.5410000+00:00</time>
      </trkpt>
      <trkpt lat="46.67446" lon="7.48511">
        <ele>1420.51</ele>
        <time>2026-05-04T01:57:05.8390000+00:00</time>
      </trkpt>
      <trkpt lat="46.6745" lon="7.48523">
        <ele>1422.16</ele>
        <time>2026-05-04T01:57:22.6650000+00:00</time>
      </trkpt>
      <trkpt lat="46.67454" lon="7.48534">
        <ele>1423.44</ele>
        <time>2026-05-04T01:57:38.3650000+00:00</time>
      </trkpt>
      <trkpt lat="46.67457" lon="7.48543">
        <ele>1424.64</ele>
        <time>2026-05-04T01:57:50.9830000+00:00</time>
      </trkpt>
      <trkpt lat="46.67459" lon="7.4855">
        <ele>1425.94</ele>
        <time>2026-05-04T01:58:00.5450000+00:00</time>
      </trkpt>
      <trkpt lat="46.67463" lon="7.48568">
        <ele>1430.31</ele>
        <time>2026-05-04T01:58:24.4050000+00:00</time>
      </trkpt>
      <trkpt lat="46.67465" lon="7.48578">
        <ele>1433.04</ele>
        <time>2026-05-04T01:58:37.5420000+00:00</time>
      </trkpt>
      <trkpt lat="46.67469" lon="7.48586">
        <ele>1434.07</ele>
        <time>2026-05-04T01:58:50.0250000+00:00</time>
      </trkpt>
      <trkpt lat="46.67474" lon="7.48595">
        <ele>1435.22</ele>
        <time>2026-05-04T01:59:04.6300000+00:00</time>
      </trkpt>
      <trkpt lat="46.67478" lon="7.48602">
        <ele>1436.23</ele>
        <time>2026-05-04T01:59:16.1190000+00:00</time>
      </trkpt>
      <trkpt lat="46.6748" lon="7.48606">
        <ele>1437.02</ele>
        <time>2026-05-04T01:59:22.3640000+00:00</time>
      </trkpt>
      <trkpt lat="46.67482" lon="7.48614">
        <ele>1439.58</ele>
        <time>2026-05-04T01:59:33.1020000+00:00</time>
      </trkpt>
      <trkpt lat="46.67484" lon="7.48628">
        <ele>1444.49</ele>
        <time>2026-05-04T01:59:51.1370000+00:00</time>
      </trkpt>
      <trkpt lat="46.67484" lon="7.4864">
        <ele>1447.22</ele>
        <time>2026-05-04T02:00:06.2700000+00:00</time>
      </trkpt>
      <trkpt lat="46.67484" lon="7.4865">
        <ele>1449.5</ele>
        <time>2026-05-04T02:00:18.8800000+00:00</time>
      </trkpt>
      <trkpt lat="46.67487" lon="7.48659">
        <ele>1450.8</ele>
        <time>2026-05-04T02:00:31.4990000+00:00</time>
      </trkpt>
      <trkpt lat="46.6749" lon="7.4867">
        <ele>1452.86</ele>
        <time>2026-05-04T02:00:46.4260000+00:00</time>
      </trkpt>
      <trkpt lat="46.67498" lon="7.48712">
        <ele>1463.02</ele>
        <time>2026-05-04T02:01:41.3960000+00:00</time>
      </trkpt>
      <trkpt lat="46.67501" lon="7.48719">
        <ele>1463.89</ele>
        <time>2026-05-04T02:01:51.8040000+00:00</time>
      </trkpt>
      <trkpt lat="46.67504" lon="7.4873">
        <ele>1465.37</ele>
        <time>2026-05-04T02:02:06.7320000+00:00</time>
      </trkpt>
      <trkpt lat="46.6751" lon="7.48745">
        <ele>1467.68</ele>
        <time>2026-05-04T02:02:28.6290000+00:00</time>
      </trkpt>
      <trkpt lat="46.67518" lon="7.48759">
        <ele>1470.31</ele>
        <time>2026-05-04T02:02:51.6050000+00:00</time>
      </trkpt>
      <trkpt lat="46.67525" lon="7.48768">
        <ele>1472.38</ele>
        <time>2026-05-04T02:03:08.7620000+00:00</time>
      </trkpt>
      <trkpt lat="46.67533" lon="7.48774">
        <ele>1471.22</ele>
        <time>2026-05-04T02:03:25.3000000+00:00</time>
      </trkpt>
      <trkpt lat="46.67539" lon="7.48778">
        <ele>1469.63</ele>
        <time>2026-05-04T02:03:37.4270000+00:00</time>
      </trkpt>
      <trkpt lat="46.67543" lon="7.48778">
        <ele>1468.04</ele>
        <time>2026-05-04T02:03:44.7770000+00:00</time>
      </trkpt>
      <trkpt lat="46.67547" lon="7.4878">
        <ele>1466.91</ele>
        <time>2026-05-04T02:03:52.5510000+00:00</time>
      </trkpt>
      <trkpt lat="46.6755" lon="7.48785">
        <ele>1466.92</ele>
        <time>2026-05-04T02:04:00.9280000+00:00</time>
      </trkpt>
      <trkpt lat="46.67552" lon="7.48793">
        <ele>1468.11</ele>
        <time>2026-05-04T02:04:11.6660000+00:00</time>
      </trkpt>
      <trkpt lat="46.67553" lon="7.48801">
        <ele>1469.97</ele>
        <time>2026-05-04T02:04:21.9210000+00:00</time>
      </trkpt>
      <trkpt lat="46.67555" lon="7.48807">
        <ele>1470.95</ele>
        <time>2026-05-04T02:04:30.3340000+00:00</time>
      </trkpt>
      <trkpt lat="46.67557" lon="7.48813">
        <ele>1471.95</ele>
        <time>2026-05-04T02:04:38.7470000+00:00</time>
      </trkpt>
      <trkpt lat="46.67558" lon="7.4882">
        <ele>1473.6</ele>
        <time>2026-05-04T02:04:47.7640000+00:00</time>
      </trkpt>
      <trkpt lat="46.67558" lon="7.48828">
        <ele>1475.87</ele>
        <time>2026-05-04T02:04:57.8510000+00:00</time>
      </trkpt>
      <trkpt lat="46.67558" lon="7.48835">
        <ele>1477.85</ele>
        <time>2026-05-04T02:05:06.6780000+00:00</time>
      </trkpt>
      <trkpt lat="46.67558" lon="7.48843">
        <ele>1480.12</ele>
        <time>2026-05-04T02:05:16.7650000+00:00</time>
      </trkpt>
      <trkpt lat="46.67557" lon="7.48848">
        <ele>1481.84</ele>
        <time>2026-05-04T02:05:23.3340000+00:00</time>
      </trkpt>
      <trkpt lat="46.67558" lon="7.48854">
        <ele>1483.24</ele>
        <time>2026-05-04T02:05:31.1200000+00:00</time>
      </trkpt>
      <trkpt lat="46.67559" lon="7.48861">
        <ele>1484.93</ele>
        <time>2026-05-04T02:05:40.1370000+00:00</time>
      </trkpt>
      <trkpt lat="46.6756" lon="7.48869">
        <ele>1486.92</ele>
        <time>2026-05-04T02:05:50.3930000+00:00</time>
      </trkpt>
      <trkpt lat="46.67562" lon="7.48878">
        <ele>1488.97</ele>
        <time>2026-05-04T02:06:02.3220000+00:00</time>
      </trkpt>
      <trkpt lat="46.67565" lon="7.4889">
        <ele>1491.77</ele>
        <time>2026-05-04T02:06:18.4280000+00:00</time>
      </trkpt>
      <trkpt lat="46.67569" lon="7.48901">
        <ele>1494.1</ele>
        <time>2026-05-04T02:06:34.1280000+00:00</time>
      </trkpt>
      <trkpt lat="46.67575" lon="7.48922">
        <ele>1499.16</ele>
        <time>2026-05-04T02:07:02.8160000+00:00</time>
      </trkpt>
      <trkpt lat="46.67589" lon="7.48949">
        <ele>1504.76</ele>
        <time>2026-05-04T02:07:45.4950000+00:00</time>
      </trkpt>
      <trkpt lat="46.67606" lon="7.48976">
        <ele>1511.52</ele>
        <time>2026-05-04T02:08:31.7090000+00:00</time>
      </trkpt>
      <trkpt lat="46.67613" lon="7.49017">
        <ele>1525.88</ele>
        <time>2026-05-04T02:09:24.9900000+00:00</time>
      </trkpt>
      <trkpt lat="46.67619" lon="7.49044">
        <ele>1534.71</ele>
        <time>2026-05-04T02:10:00.7810000+00:00</time>
      </trkpt>
      <trkpt lat="46.67626" lon="7.49065">
        <ele>1542.55</ele>
        <time>2026-05-04T02:10:30.2240000+00:00</time>
      </trkpt>
      <trkpt lat="46.67638" lon="7.49086">
        <ele>1549.32</ele>
        <time>2026-05-04T02:11:04.6890000+00:00</time>
      </trkpt>
      <trkpt lat="46.67649" lon="7.49103">
        <ele>1554.92</ele>
        <time>2026-05-04T02:11:34.1570000+00:00</time>
      </trkpt>
      <trkpt lat="46.6766" lon="7.49128">
        <ele>1565.14</ele>
        <time>2026-05-04T02:12:11.6100000+00:00</time>
      </trkpt>
      <trkpt lat="46.67668" lon="7.49173">
        <ele>1584.24</ele>
        <time>2026-05-04T02:13:10.2330000+00:00</time>
      </trkpt>
      <trkpt lat="46.67671" lon="7.49182">
        <ele>1587.66</ele>
        <time>2026-05-04T02:13:22.8520000+00:00</time>
      </trkpt>
      <trkpt lat="46.67682" lon="7.49214">
        <ele>1598.29</ele>
        <time>2026-05-04T02:14:07.9870000+00:00</time>
      </trkpt>
      <trkpt lat="46.67688" lon="7.49233">
        <ele>1600.45</ele>
        <time>2026-05-04T02:14:34.3640000+00:00</time>
      </trkpt>
      <trkpt lat="46.67711" lon="7.49257">
        <ele>1589.79</ele>
        <time>2026-05-04T02:15:26.3560000+00:00</time>
      </trkpt>
      <trkpt lat="46.67714" lon="7.49265">
        <ele>1589.08</ele>
        <time>2026-05-04T02:15:37.8530000+00:00</time>
      </trkpt>
      <trkpt lat="46.67723" lon="7.49295">
        <ele>1588.63</ele>
        <time>2026-05-04T02:16:19.1440000+00:00</time>
      </trkpt>
      <trkpt lat="46.67733" lon="7.49325">
        <ele>1591.44</ele>
        <time>2026-05-04T02:17:01.2040000+00:00</time>
      </trkpt>
      <trkpt lat="46.67736" lon="7.49376">
        <ele>1607.27</ele>
        <time>2026-05-04T02:18:05.7540000+00:00</time>
      </trkpt>
      <trkpt lat="46.67737" lon="7.49422">
        <ele>1629</ele>
        <time>2026-05-04T02:19:03.7920000+00:00</time>
      </trkpt>
      <trkpt lat="46.67745" lon="7.49479">
        <ele>1648.7</ele>
        <time>2026-05-04T02:20:17.1610000+00:00</time>
      </trkpt>
      <trkpt lat="46.67752" lon="7.49536">
        <ele>1664.01</ele>
        <time>2026-05-04T02:21:30.1840000+00:00</time>
      </trkpt>
      <trkpt lat="46.67752" lon="7.49558">
        <ele>1671.68</ele>
        <time>2026-05-04T02:21:57.9280000+00:00</time>
      </trkpt>
      <trkpt lat="46.67762" lon="7.49573">
        <ele>1670.86</ele>
        <time>2026-05-04T02:22:24.3030000+00:00</time>
      </trkpt>
      <trkpt lat="46.6776" lon="7.49579">
        <ele>1674.23</ele>
        <time>2026-05-04T02:22:32.7160000+00:00</time>
      </trkpt>
      <trkpt lat="46.67769" lon="7.49582">
        <ele>1669.99</ele>
        <time>2026-05-04T02:22:49.6850000+00:00</time>
      </trkpt>
      <trkpt lat="46.67775" lon="7.49614">
        <ele>1678.66</ele>
        <time>2026-05-04T02:23:31.5190000+00:00</time>
      </trkpt>
      <trkpt lat="46.67772" lon="7.49664">
        <ele>1705.06</ele>
        <time>2026-05-04T02:24:34.8130000+00:00</time>
      </trkpt>
      <trkpt lat="46.67772" lon="7.49672">
        <ele>1709.3</ele>
        <time>2026-05-04T02:24:44.9000000+00:00</time>
      </trkpt>
      <trkpt lat="46.67771" lon="7.49675">
        <ele>1711.43</ele>
        <time>2026-05-04T02:24:49.1050000+00:00</time>
      </trkpt>
      <trkpt lat="46.67768" lon="7.49674">
        <ele>1712.53</ele>
        <time>2026-05-04T02:24:54.7580000+00:00</time>
      </trkpt>
      <trkpt lat="46.67766" lon="7.49673">
        <ele>1713.08</ele>
        <time>2026-05-04T02:24:58.6400000+00:00</time>
      </trkpt>
      <trkpt lat="46.67764" lon="7.49672">
        <ele>1713.64</ele>
        <time>2026-05-04T02:25:02.5230000+00:00</time>
      </trkpt>
      <trkpt lat="46.67762" lon="7.49673">
        <ele>1715.25</ele>
        <time>2026-05-04T02:25:06.4110000+00:00</time>
      </trkpt>
      <trkpt lat="46.6776" lon="7.4968">
        <ele>1720.07</ele>
        <time>2026-05-04T02:25:15.9740000+00:00</time>
      </trkpt>
      <trkpt lat="46.67758" lon="7.49695">
        <ele>1729.17</ele>
        <time>2026-05-04T02:25:35.2440000+00:00</time>
      </trkpt>
      <trkpt lat="46.67758" lon="7.49701">
        <ele>1732.37</ele>
        <time>2026-05-04T02:25:42.8090000+00:00</time>
      </trkpt>
      <trkpt lat="46.67756" lon="7.49714">
        <ele>1740.48</ele>
        <time>2026-05-04T02:25:59.6110000+00:00</time>
      </trkpt>
      <trkpt lat="46.67759" lon="7.49736">
        <ele>1750.97</ele>
        <time>2026-05-04T02:26:27.8970000+00:00</time>
      </trkpt>
      <trkpt lat="46.67766" lon="7.49771">
        <ele>1767</ele>
        <time>2026-05-04T02:27:13.8720000+00:00</time>
      </trkpt>
      <trkpt lat="46.67771" lon="7.49794">
        <ele>1777.26</ele>
        <time>2026-05-04T02:27:44.2970000+00:00</time>
      </trkpt>
      <trkpt lat="46.67773" lon="7.49798">
        <ele>1777.84</ele>
        <time>2026-05-04T02:27:50.5390000+00:00</time>
      </trkpt>
      <trkpt lat="46.67774" lon="7.49802">
        <ele>1778.9</ele>
        <time>2026-05-04T02:27:55.9060000+00:00</time>
      </trkpt>
      <trkpt lat="46.67774" lon="7.49809">
        <ele>1781.43</ele>
        <time>2026-05-04T02:28:04.7330000+00:00</time>
      </trkpt>
      <trkpt lat="46.67773" lon="7.4981">
        <ele>1782.07</ele>
        <time>2026-05-04T02:28:06.9580000+00:00</time>
      </trkpt>
      <trkpt lat="46.6777" lon="7.4981">
        <ele>1782.92</ele>
        <time>2026-05-04T02:28:12.4730000+00:00</time>
      </trkpt>
      <trkpt lat="46.67769" lon="7.49813">
        <ele>1784.16</ele>
        <time>2026-05-04T02:28:16.6780000+00:00</time>
      </trkpt>
      <trkpt lat="46.6777" lon="7.49817">
        <ele>1785.21</ele>
        <time>2026-05-04T02:28:22.0450000+00:00</time>
      </trkpt>
      <trkpt lat="46.67771" lon="7.4982">
        <ele>1786</ele>
        <time>2026-05-04T02:28:26.2500000+00:00</time>
      </trkpt>
      <trkpt lat="46.67772" lon="7.49826">
        <ele>1787.86</ele>
        <time>2026-05-04T02:28:34.0360000+00:00</time>
      </trkpt>
      <trkpt lat="46.67772" lon="7.49829">
        <ele>1788.9</ele>
        <time>2026-05-04T02:28:37.8190000+00:00</time>
      </trkpt>
      <trkpt lat="46.67769" lon="7.4983">
        <ele>1789.6</ele>
        <time>2026-05-04T02:28:43.4770000+00:00</time>
      </trkpt>
      <trkpt lat="46.67769" lon="7.49834">
        <ele>1790.88</ele>
        <time>2026-05-04T02:28:48.5230000+00:00</time>
      </trkpt>
      <trkpt lat="46.67768" lon="7.49836">
        <ele>1791.58</ele>
        <time>2026-05-04T02:28:51.6460000+00:00</time>
      </trkpt>
      <trkpt lat="46.67765" lon="7.49845">
        <ele>1794.37</ele>
        <time>2026-05-04T02:29:04.2620000+00:00</time>
      </trkpt>
      <trkpt lat="46.6776" lon="7.49856">
        <ele>1797.05</ele>
        <time>2026-05-04T02:29:20.9020000+00:00</time>
      </trkpt>
      <trkpt lat="46.67758" lon="7.49867">
        <ele>1799.39</ele>
        <time>2026-05-04T02:29:35.2530000+00:00</time>
      </trkpt>
      <trkpt lat="46.67758" lon="7.49872">
        <ele>1800.53</ele>
        <time>2026-05-04T02:29:41.5570000+00:00</time>
      </trkpt>
      <trkpt lat="46.67759" lon="7.49876">
        <ele>1801.27</ele>
        <time>2026-05-04T02:29:46.9270000+00:00</time>
      </trkpt>
      <trkpt lat="46.67761" lon="7.49879">
        <ele>1801</ele>
        <time>2026-05-04T02:29:52.2040000+00:00</time>
      </trkpt>
      <trkpt lat="46.6776" lon="7.49884">
        <ele>1799.47</ele>
        <time>2026-05-04T02:29:58.7730000+00:00</time>
      </trkpt>
      <trkpt lat="46.67761" lon="7.4989">
        <ele>1798.16</ele>
        <time>2026-05-04T02:30:06.5590000+00:00</time>
      </trkpt>
      <trkpt lat="46.67761" lon="7.49894">
        <ele>1797.13</ele>
        <time>2026-05-04T02:30:11.6050000+00:00</time>
      </trkpt>
      <trkpt lat="46.67759" lon="7.49894">
        <ele>1796.67</ele>
        <time>2026-05-04T02:30:15.2850000+00:00</time>
      </trkpt>
      <trkpt lat="46.67758" lon="7.49897">
        <ele>1795.67</ele>
        <time>2026-05-04T02:30:19.4930000+00:00</time>
      </trkpt>
      <trkpt lat="46.67759" lon="7.49905">
        <ele>1793.86</ele>
        <time>2026-05-04T02:30:29.7470000+00:00</time>
      </trkpt>
      <trkpt lat="46.6776" lon="7.49912">
        <ele>1792.28</ele>
        <time>2026-05-04T02:30:38.7650000+00:00</time>
      </trkpt>
      <trkpt lat="46.6776" lon="7.49929">
        <ele>1787.91</ele>
        <time>2026-05-04T02:31:00.2030000+00:00</time>
      </trkpt>
      <trkpt lat="46.67762" lon="7.49944">
        <ele>1784.4</ele>
        <time>2026-05-04T02:31:19.4720000+00:00</time>
      </trkpt>
      <trkpt lat="46.67763" lon="7.49961">
        <ele>1779.77</ele>
        <time>2026-05-04T02:31:40.9890000+00:00</time>
      </trkpt>
      <trkpt lat="46.67764" lon="7.49969">
        <ele>1776.65</ele>
        <time>2026-05-04T02:31:51.2430000+00:00</time>
      </trkpt>
      <trkpt lat="46.67762" lon="7.49974">
        <ele>1774.42</ele>
        <time>2026-05-04T02:31:58.5430000+00:00</time>
      </trkpt>
      <trkpt lat="46.67762" lon="7.49981">
        <ele>1771.61</ele>
        <time>2026-05-04T02:32:07.3720000+00:00</time>
      </trkpt>
      <trkpt lat="46.6776" lon="7.49987">
        <ele>1769.11</ele>
        <time>2026-05-04T02:32:15.7840000+00:00</time>
      </trkpt>
      <trkpt lat="46.67758" lon="7.49991">
        <ele>1767.47</ele>
        <time>2026-05-04T02:32:22.0260000+00:00</time>
      </trkpt>
      <trkpt lat="46.67758" lon="7.49995">
        <ele>1765.93</ele>
        <time>2026-05-04T02:32:27.0670000+00:00</time>
      </trkpt>
      <trkpt lat="46.67759" lon="7.5">
        <ele>1764</ele>
        <time>2026-05-04T02:32:33.6350000+00:00</time>
      </trkpt>
      <trkpt lat="46.67761" lon="7.50007">
        <ele>1761.22</ele>
        <time>2026-05-04T02:32:43.1990000+00:00</time>
      </trkpt>
      <trkpt lat="46.67761" lon="7.50014">
        <ele>1758.44</ele>
        <time>2026-05-04T02:32:52.0270000+00:00</time>
      </trkpt>
      <trkpt lat="46.6776" lon="7.50017">
        <ele>1757.32</ele>
        <time>2026-05-04T02:32:56.2350000+00:00</time>
      </trkpt>
      <trkpt lat="46.67757" lon="7.50022">
        <ele>1755.6</ele>
        <time>2026-05-04T02:33:04.6110000+00:00</time>
      </trkpt>
      <trkpt lat="46.67753" lon="7.50029">
        <ele>1753.36</ele>
        <time>2026-05-04T02:33:16.1000000+00:00</time>
      </trkpt>
      <trkpt lat="46.67755" lon="7.50044">
        <ele>1748.24</ele>
        <time>2026-05-04T02:33:35.3690000+00:00</time>
      </trkpt>
      <trkpt lat="46.67758" lon="7.50058">
        <ele>1746.55</ele>
        <time>2026-05-04T02:33:53.8650000+00:00</time>
      </trkpt>
      <trkpt lat="46.67764" lon="7.50075">
        <ele>1743.41</ele>
        <time>2026-05-04T02:34:17.9730000+00:00</time>
      </trkpt>
      <trkpt lat="46.67764" lon="7.50088">
        <ele>1742</ele>
        <time>2026-05-04T02:34:34.3670000+00:00</time>
      </trkpt>
      <trkpt lat="46.67768" lon="7.50095">
        <ele>1739.82</ele>
        <time>2026-05-04T02:34:45.8540000+00:00</time>
      </trkpt>
      <trkpt lat="46.6777" lon="7.50099">
        <ele>1738.59</ele>
        <time>2026-05-04T02:34:52.0950000+00:00</time>
      </trkpt>
      <trkpt lat="46.67773" lon="7.50105">
        <ele>1736.62</ele>
        <time>2026-05-04T02:35:01.4580000+00:00</time>
      </trkpt>
      <trkpt lat="46.67776" lon="7.50111">
        <ele>1734.52</ele>
        <time>2026-05-04T02:35:10.8210000+00:00</time>
      </trkpt>
      <trkpt lat="46.67777" lon="7.50115">
        <ele>1733.45</ele>
        <time>2026-05-04T02:35:16.1930000+00:00</time>
      </trkpt>
      <trkpt lat="46.67777" lon="7.50119">
        <ele>1732.83</ele>
        <time>2026-05-04T02:35:21.2420000+00:00</time>
      </trkpt>
      <trkpt lat="46.67776" lon="7.50125">
        <ele>1732.42</ele>
        <time>2026-05-04T02:35:29.0300000+00:00</time>
      </trkpt>
      <trkpt lat="46.67776" lon="7.5013">
        <ele>1733.56</ele>
        <time>2026-05-04T02:35:35.3340000+00:00</time>
      </trkpt>
      <trkpt lat="46.67774" lon="7.50142">
        <ele>1737.24</ele>
        <time>2026-05-04T02:35:50.9070000+00:00</time>
      </trkpt>
      <trkpt lat="46.67773" lon="7.50155">
        <ele>1740.67</ele>
        <time>2026-05-04T02:36:07.4030000+00:00</time>
      </trkpt>
      <trkpt lat="46.67773" lon="7.50165">
        <ele>1742.96</ele>
        <time>2026-05-04T02:36:20.0120000+00:00</time>
      </trkpt>
      <trkpt lat="46.67774" lon="7.50176">
        <ele>1745</ele>
        <time>2026-05-04T02:36:34.0040000+00:00</time>
      </trkpt>
      <trkpt lat="46.67775" lon="7.50183">
        <ele>1746.13</ele>
        <time>2026-05-04T02:36:43.0220000+00:00</time>
      </trkpt>
      <trkpt lat="46.6778" lon="7.50195">
        <ele>1746.78</ele>
        <time>2026-05-04T02:37:00.7270000+00:00</time>
      </trkpt>
      <trkpt lat="46.67783" lon="7.50206">
        <ele>1748.33</ele>
        <time>2026-05-04T02:37:15.6540000+00:00</time>
      </trkpt>
      <trkpt lat="46.67783" lon="7.50209">
        <ele>1749.06</ele>
        <time>2026-05-04T02:37:19.4400000+00:00</time>
      </trkpt>
      <trkpt lat="46.67783" lon="7.50214">
        <ele>1750.27</ele>
        <time>2026-05-04T02:37:25.7450000+00:00</time>
      </trkpt>
      <trkpt lat="46.67784" lon="7.50219">
        <ele>1751.18</ele>
        <time>2026-05-04T02:37:32.3130000+00:00</time>
      </trkpt>
      <trkpt lat="46.67786" lon="7.50225">
        <ele>1752.1</ele>
        <time>2026-05-04T02:37:40.7240000+00:00</time>
      </trkpt>
      <trkpt lat="46.67787" lon="7.50237">
        <ele>1754.92</ele>
        <time>2026-05-04T02:37:55.9680000+00:00</time>
      </trkpt>
      <trkpt lat="46.67788" lon="7.50245">
        <ele>1756.8</ele>
        <time>2026-05-04T02:38:06.2220000+00:00</time>
      </trkpt>
      <trkpt lat="46.67788" lon="7.50248">
        <ele>1757.59</ele>
        <time>2026-05-04T02:38:10.0040000+00:00</time>
      </trkpt>
      <trkpt lat="46.67791" lon="7.50258">
        <ele>1759.8</ele>
        <time>2026-05-04T02:38:23.7680000+00:00</time>
      </trkpt>
      <trkpt lat="46.67793" lon="7.50263">
        <ele>1760.94</ele>
        <time>2026-05-04T02:38:31.0660000+00:00</time>
      </trkpt>
      <trkpt lat="46.67793" lon="7.50266">
        <ele>1761.79</ele>
        <time>2026-05-04T02:38:34.8520000+00:00</time>
      </trkpt>
      <trkpt lat="46.67794" lon="7.5027">
        <ele>1762.83</ele>
        <time>2026-05-04T02:38:40.2220000+00:00</time>
      </trkpt>
      <trkpt lat="46.67796" lon="7.50274">
        <ele>1763.84</ele>
        <time>2026-05-04T02:38:46.4660000+00:00</time>
      </trkpt>
      <trkpt lat="46.67796" lon="7.50277">
        <ele>1764.73</ele>
        <time>2026-05-04T02:38:50.2510000+00:00</time>
      </trkpt>
      <trkpt lat="46.67796" lon="7.5028">
        <ele>1765.62</ele>
        <time>2026-05-04T02:38:54.0370000+00:00</time>
      </trkpt>
      <trkpt lat="46.67798" lon="7.50283">
        <ele>1766.43</ele>
        <time>2026-05-04T02:38:59.3120000+00:00</time>
      </trkpt>
      <trkpt lat="46.67799" lon="7.50289">
        <ele>1768.25</ele>
        <time>2026-05-04T02:39:07.0980000+00:00</time>
      </trkpt>
      <trkpt lat="46.67802" lon="7.50293">
        <ele>1768.67</ele>
        <time>2026-05-04T02:39:14.5720000+00:00</time>
      </trkpt>
      <trkpt lat="46.67804" lon="7.50298">
        <ele>1767.69</ele>
        <time>2026-05-04T02:39:21.8720000+00:00</time>
      </trkpt>
      <trkpt lat="46.67806" lon="7.50304">
        <ele>1766.64</ele>
        <time>2026-05-04T02:39:30.2840000+00:00</time>
      </trkpt>
      <trkpt lat="46.67806" lon="7.50306">
        <ele>1766.26</ele>
        <time>2026-05-04T02:39:32.8100000+00:00</time>
      </trkpt>
      <trkpt lat="46.67805" lon="7.50308">
        <ele>1765.79</ele>
        <time>2026-05-04T02:39:35.9330000+00:00</time>
      </trkpt>
      <trkpt lat="46.67808" lon="7.50309">
        <ele>1765.9</ele>
        <time>2026-05-04T02:39:41.5860000+00:00</time>
      </trkpt>
      <trkpt lat="46.67811" lon="7.50311">
        <ele>1765.9</ele>
        <time>2026-05-04T02:39:47.6500000+00:00</time>
      </trkpt>
      <trkpt lat="46.67819" lon="7.50318">
        <ele>1766.05</ele>
        <time>2026-05-04T02:40:04.8000000+00:00</time>
      </trkpt>
      <trkpt lat="46.67828" lon="7.50323">
        <ele>1767.17</ele>
        <time>2026-05-04T02:40:22.5040000+00:00</time>
      </trkpt>
      <trkpt lat="46.67852" lon="7.50335">
        <ele>1772.67</ele>
        <time>2026-05-04T02:41:09.1390000+00:00</time>
      </trkpt>
      <trkpt lat="46.67866" lon="7.50343">
        <ele>1774.52</ele>
        <time>2026-05-04T02:41:36.7790000+00:00</time>
      </trkpt>
      <trkpt lat="46.67873" lon="7.50346">
        <ele>1773.57</ele>
        <time>2026-05-04T02:41:50.1900000+00:00</time>
      </trkpt>
      <trkpt lat="46.67885" lon="7.50351">
        <ele>1772.4</ele>
        <time>2026-05-04T02:42:13.1300000+00:00</time>
      </trkpt>
      <trkpt lat="46.6789" lon="7.50356">
        <ele>1772.92</ele>
        <time>2026-05-04T02:42:24.2750000+00:00</time>
      </trkpt>
      <trkpt lat="46.67893" lon="7.50361">
        <ele>1773.94</ele>
        <time>2026-05-04T02:42:32.6490000+00:00</time>
      </trkpt>
      <trkpt lat="46.67897" lon="7.50367">
        <ele>1775.34</ele>
        <time>2026-05-04T02:42:43.1990000+00:00</time>
      </trkpt>
      <trkpt lat="46.679" lon="7.50373">
        <ele>1777.04</ele>
        <time>2026-05-04T02:42:52.5620000+00:00</time>
      </trkpt>
      <trkpt lat="46.67903" lon="7.50379">
        <ele>1778.16</ele>
        <time>2026-05-04T02:43:01.9250000+00:00</time>
      </trkpt>
      <trkpt lat="46.67904" lon="7.50382">
        <ele>1778.66</ele>
        <time>2026-05-04T02:43:06.1330000+00:00</time>
      </trkpt>
      <trkpt lat="46.67907" lon="7.50383">
        <ele>1778.82</ele>
        <time>2026-05-04T02:43:11.7910000+00:00</time>
      </trkpt>
      <trkpt lat="46.6791" lon="7.50381">
        <ele>1778.37</ele>
        <time>2026-05-04T02:43:17.8570000+00:00</time>
      </trkpt>
      <trkpt lat="46.67914" lon="7.50382">
        <ele>1778.53</ele>
        <time>2026-05-04T02:43:25.3170000+00:00</time>
      </trkpt>
      <trkpt lat="46.67916" lon="7.50384">
        <ele>1779.02</ele>
        <time>2026-05-04T02:43:29.7720000+00:00</time>
      </trkpt>
      <trkpt lat="46.6792" lon="7.50388">
        <ele>1780.14</ele>
        <time>2026-05-04T02:43:38.6870000+00:00</time>
      </trkpt>
      <trkpt lat="46.67922" lon="7.5039">
        <ele>1780.78</ele>
        <time>2026-05-04T02:43:43.1480000+00:00</time>
      </trkpt>
      <trkpt lat="46.67927" lon="7.50397">
        <ele>1783.26</ele>
        <time>2026-05-04T02:43:55.8910000+00:00</time>
      </trkpt>
      <trkpt lat="46.67929" lon="7.504">
        <ele>1784.44</ele>
        <time>2026-05-04T02:44:01.1660000+00:00</time>
      </trkpt>
      <trkpt lat="46.67931" lon="7.504">
        <ele>1784.65</ele>
        <time>2026-05-04T02:44:04.8390000+00:00</time>
      </trkpt>
      <trkpt lat="46.67933" lon="7.504">
        <ele>1784.86</ele>
        <time>2026-05-04T02:44:08.5130000+00:00</time>
      </trkpt>
      <trkpt lat="46.67934" lon="7.50404">
        <ele>1786.45</ele>
        <time>2026-05-04T02:44:13.8810000+00:00</time>
      </trkpt>
      <trkpt lat="46.67936" lon="7.50408">
        <ele>1788.25</ele>
        <time>2026-05-04T02:44:20.1220000+00:00</time>
      </trkpt>
      <trkpt lat="46.67937" lon="7.50414">
        <ele>1790.75</ele>
        <time>2026-05-04T02:44:27.9090000+00:00</time>
      </trkpt>
      <trkpt lat="46.6794" lon="7.50418">
        <ele>1792.98</ele>
        <time>2026-05-04T02:44:35.3800000+00:00</time>
      </trkpt>
      <trkpt lat="46.67942" lon="7.50421">
        <ele>1794.69</ele>
        <time>2026-05-04T02:44:40.6580000+00:00</time>
      </trkpt>
      <trkpt lat="46.67945" lon="7.50422">
        <ele>1794.85</ele>
        <time>2026-05-04T02:44:46.3160000+00:00</time>
      </trkpt>
      <trkpt lat="46.67947" lon="7.50424">
        <ele>1794.97</ele>
        <time>2026-05-04T02:44:50.7730000+00:00</time>
      </trkpt>
      <trkpt lat="46.6795" lon="7.50432">
        <ele>1797.39</ele>
        <time>2026-05-04T02:45:02.2690000+00:00</time>
      </trkpt>
      <trkpt lat="46.67953" lon="7.5044">
        <ele>1799.87</ele>
        <time>2026-05-04T02:45:13.7660000+00:00</time>
      </trkpt>
      <trkpt lat="46.67955" lon="7.50444">
        <ele>1800.97</ele>
        <time>2026-05-04T02:45:20.0070000+00:00</time>
      </trkpt>
      <trkpt lat="46.67957" lon="7.50447">
        <ele>1801.63</ele>
        <time>2026-05-04T02:45:25.2850000+00:00</time>
      </trkpt>
      <trkpt lat="46.67958" lon="7.5045">
        <ele>1802.65</ele>
        <time>2026-05-04T02:45:29.4900000+00:00</time>
      </trkpt>
      <trkpt lat="46.67959" lon="7.50455">
        <ele>1804.59</ele>
        <time>2026-05-04T02:45:36.0560000+00:00</time>
      </trkpt>
      <trkpt lat="46.67961" lon="7.50458">
        <ele>1805.3</ele>
        <time>2026-05-04T02:45:41.3310000+00:00</time>
      </trkpt>
      <trkpt lat="46.67964" lon="7.50462">
        <ele>1805.18</ele>
        <time>2026-05-04T02:45:48.8030000+00:00</time>
      </trkpt>
      <trkpt lat="46.67965" lon="7.50466">
        <ele>1805.76</ele>
        <time>2026-05-04T02:45:54.1710000+00:00</time>
      </trkpt>
      <trkpt lat="46.67968" lon="7.5047">
        <ele>1805.86</ele>
        <time>2026-05-04T02:46:01.6440000+00:00</time>
      </trkpt>
      <trkpt lat="46.67973" lon="7.50481">
        <ele>1807.43</ele>
        <time>2026-05-04T02:46:18.2840000+00:00</time>
      </trkpt>
      <trkpt lat="46.67976" lon="7.50484">
        <ele>1807.65</ele>
        <time>2026-05-04T02:46:24.9710000+00:00</time>
      </trkpt>
      <trkpt lat="46.6798" lon="7.50485">
        <ele>1807.19</ele>
        <time>2026-05-04T02:46:32.4290000+00:00</time>
      </trkpt>
      <trkpt lat="46.67982" lon="7.50489">
        <ele>1808.06</ele>
        <time>2026-05-04T02:46:38.6710000+00:00</time>
      </trkpt>
      <trkpt lat="46.67984" lon="7.50494">
        <ele>1809.33</ele>
        <time>2026-05-04T02:46:45.9690000+00:00</time>
      </trkpt>
      <trkpt lat="46.67985" lon="7.50498">
        <ele>1810.49</ele>
        <time>2026-05-04T02:46:51.3370000+00:00</time>
      </trkpt>
      <trkpt lat="46.67988" lon="7.50501">
        <ele>1811.16</ele>
        <time>2026-05-04T02:46:58.0240000+00:00</time>
      </trkpt>
      <trkpt lat="46.6799" lon="7.50506">
        <ele>1812.71</ele>
        <time>2026-05-04T02:47:05.3210000+00:00</time>
      </trkpt>
      <trkpt lat="46.67992" lon="7.5051">
        <ele>1814</ele>
        <time>2026-05-04T02:47:11.5620000+00:00</time>
      </trkpt>
      <trkpt lat="46.67994" lon="7.5051">
        <ele>1813.89</ele>
        <time>2026-05-04T02:47:15.2360000+00:00</time>
      </trkpt>
      <trkpt lat="46.68024" lon="7.50557">
        <ele>1834.55</ele>
        <time>2026-05-04T02:48:36.1870000+00:00</time>
      </trkpt>
      <trkpt lat="46.68027" lon="7.5056">
        <ele>1836.05</ele>
        <time>2026-05-04T02:48:42.8740000+00:00</time>
      </trkpt>
      <trkpt lat="46.68031" lon="7.50564">
        <ele>1835.69</ele>
        <time>2026-05-04T02:48:51.7900000+00:00</time>
      </trkpt>
      <trkpt lat="46.68032" lon="7.50566">
        <ele>1836.01</ele>
        <time>2026-05-04T02:48:54.9120000+00:00</time>
      </trkpt>
      <trkpt lat="46.68033" lon="7.50571">
        <ele>1837.52</ele>
        <time>2026-05-04T02:49:01.4810000+00:00</time>
      </trkpt>
      <trkpt lat="46.68036" lon="7.50579">
        <ele>1839.35</ele>
        <time>2026-05-04T02:49:12.9780000+00:00</time>
      </trkpt>
      <trkpt lat="46.68041" lon="7.50585">
        <ele>1839.59</ele>
        <time>2026-05-04T02:49:24.8820000+00:00</time>
      </trkpt>
      <trkpt lat="46.68045" lon="7.50596">
        <ele>1842.46</ele>
        <time>2026-05-04T02:49:40.5800000+00:00</time>
      </trkpt>
      <trkpt lat="46.68047" lon="7.50602">
        <ele>1844.17</ele>
        <time>2026-05-04T02:49:48.9930000+00:00</time>
      </trkpt>
      <trkpt lat="46.6805" lon="7.50607">
        <ele>1845.1</ele>
        <time>2026-05-04T02:49:57.3700000+00:00</time>
      </trkpt>
      <trkpt lat="46.68051" lon="7.50612">
        <ele>1846.86</ele>
        <time>2026-05-04T02:50:03.9390000+00:00</time>
      </trkpt>
      <trkpt lat="46.68054" lon="7.50619">
        <ele>1848.76</ele>
        <time>2026-05-04T02:50:14.3460000+00:00</time>
      </trkpt>
      <trkpt lat="46.68057" lon="7.50625">
        <ele>1850.21</ele>
        <time>2026-05-04T02:50:23.7070000+00:00</time>
      </trkpt>
      <trkpt lat="46.6806" lon="7.5063">
        <ele>1850.61</ele>
        <time>2026-05-04T02:50:32.0830000+00:00</time>
      </trkpt>
      <trkpt lat="46.68063" lon="7.50635">
        <ele>1851.14</ele>
        <time>2026-05-04T02:50:40.4590000+00:00</time>
      </trkpt>
      <trkpt lat="46.68065" lon="7.50637">
        <ele>1851.14</ele>
        <time>2026-05-04T02:50:44.9140000+00:00</time>
      </trkpt>
      <trkpt lat="46.68068" lon="7.5064">
        <ele>1851.21</ele>
        <time>2026-05-04T02:50:51.6020000+00:00</time>
      </trkpt>
      <trkpt lat="46.6807" lon="7.50646">
        <ele>1852.64</ele>
        <time>2026-05-04T02:51:00.0140000+00:00</time>
      </trkpt>
      <trkpt lat="46.68073" lon="7.5065">
        <ele>1853.23</ele>
        <time>2026-05-04T02:51:07.4870000+00:00</time>
      </trkpt>
      <trkpt lat="46.68075" lon="7.50655">
        <ele>1854.52</ele>
        <time>2026-05-04T02:51:14.7840000+00:00</time>
      </trkpt>
      <trkpt lat="46.68078" lon="7.5066">
        <ele>1855.67</ele>
        <time>2026-05-04T02:51:23.1620000+00:00</time>
      </trkpt>
      <trkpt lat="46.68078" lon="7.50664">
        <ele>1857.16</ele>
        <time>2026-05-04T02:51:28.2080000+00:00</time>
      </trkpt>
      <trkpt lat="46.6808" lon="7.50669">
        <ele>1858.66</ele>
        <time>2026-05-04T02:51:35.5070000+00:00</time>
      </trkpt>
      <trkpt lat="46.68084" lon="7.50673">
        <ele>1859.55</ele>
        <time>2026-05-04T02:51:44.4230000+00:00</time>
      </trkpt>
      <trkpt lat="46.68088" lon="7.50678">
        <ele>1860.99</ele>
        <time>2026-05-04T02:51:54.1090000+00:00</time>
      </trkpt>
      <trkpt lat="46.68091" lon="7.50683">
        <ele>1862.7</ele>
        <time>2026-05-04T02:52:02.4870000+00:00</time>
      </trkpt>
      <trkpt lat="46.68095" lon="7.50691">
        <ele>1865.78</ele>
        <time>2026-05-04T02:52:14.9700000+00:00</time>
      </trkpt>
      <trkpt lat="46.68098" lon="7.50694">
        <ele>1866.9</ele>
        <time>2026-05-04T02:52:21.6570000+00:00</time>
      </trkpt>
      <trkpt lat="46.68101" lon="7.50701">
        <ele>1869.96</ele>
        <time>2026-05-04T02:52:32.0640000+00:00</time>
      </trkpt>
      <trkpt lat="46.68103" lon="7.50704">
        <ele>1871.3</ele>
        <time>2026-05-04T02:52:37.3390000+00:00</time>
      </trkpt>
      <trkpt lat="46.68106" lon="7.50715">
        <ele>1875.22</ele>
        <time>2026-05-04T02:52:52.2660000+00:00</time>
      </trkpt>
      <trkpt lat="46.68112" lon="7.5073">
        <ele>1879.38</ele>
        <time>2026-05-04T02:53:14.1610000+00:00</time>
      </trkpt>
      <trkpt lat="46.68119" lon="7.50745">
        <ele>1881.76</ele>
        <time>2026-05-04T02:53:37.0360000+00:00</time>
      </trkpt>
      <trkpt lat="46.68124" lon="7.50754">
        <ele>1883.17</ele>
        <time>2026-05-04T02:53:51.6390000+00:00</time>
      </trkpt>
      <trkpt lat="46.68127" lon="7.50761">
        <ele>1884.7</ele>
        <time>2026-05-04T02:54:02.0470000+00:00</time>
      </trkpt>
      <trkpt lat="46.6813" lon="7.50772">
        <ele>1887.83</ele>
        <time>2026-05-04T02:54:16.9730000+00:00</time>
      </trkpt>
      <trkpt lat="46.68134" lon="7.50783">
        <ele>1890.85</ele>
        <time>2026-05-04T02:54:32.6720000+00:00</time>
      </trkpt>
      <trkpt lat="46.681399999999996" lon="7.50791">
        <ele>1892.41</ele>
        <time>2026-05-04T02:54:47.6180000+00:00</time>
      </trkpt>
      <trkpt lat="46.68145" lon="7.50802">
        <ele>1893.7</ele>
        <time>2026-05-04T02:55:04.2580000+00:00</time>
      </trkpt>
      <trkpt lat="46.68149" lon="7.5081">
        <ele>1894.92</ele>
        <time>2026-05-04T02:55:16.7410000+00:00</time>
      </trkpt>
      <trkpt lat="46.68155" lon="7.50818">
        <ele>1896.22</ele>
        <time>2026-05-04T02:55:31.6870000+00:00</time>
      </trkpt>
      <trkpt lat="46.6816" lon="7.50827">
        <ele>1898.37</ele>
        <time>2026-05-04T02:55:46.2900000+00:00</time>
      </trkpt>
      <trkpt lat="46.68162" lon="7.50832">
        <ele>1899.8</ele>
        <time>2026-05-04T02:55:53.5900000+00:00</time>
      </trkpt>
      <trkpt lat="46.68166" lon="7.50843">
        <ele>1903.28</ele>
        <time>2026-05-04T02:56:09.2890000+00:00</time>
      </trkpt>
      <trkpt lat="46.68169" lon="7.50851">
        <ele>1906.08</ele>
        <time>2026-05-04T02:56:20.7860000+00:00</time>
      </trkpt>
      <trkpt lat="46.68174" lon="7.50862">
        <ele>1910.41</ele>
        <time>2026-05-04T02:56:37.4250000+00:00</time>
      </trkpt>
      <trkpt lat="46.68176" lon="7.50868">
        <ele>1912.91</ele>
        <time>2026-05-04T02:56:45.8380000+00:00</time>
      </trkpt>
      <trkpt lat="46.6818" lon="7.50877">
        <ele>1915.83</ele>
        <time>2026-05-04T02:56:59.3590000+00:00</time>
      </trkpt>
      <trkpt lat="46.68183" lon="7.50887">
        <ele>1915.86</ele>
        <time>2026-05-04T02:57:13.1210000+00:00</time>
      </trkpt>
      <trkpt lat="46.68188" lon="7.50898">
        <ele>1916.11</ele>
        <time>2026-05-04T02:57:29.7600000+00:00</time>
      </trkpt>
      <trkpt lat="46.68192" lon="7.5091">
        <ele>1916.12</ele>
        <time>2026-05-04T02:57:46.5820000+00:00</time>
      </trkpt>
      <trkpt lat="46.68193" lon="7.50914">
        <ele>1916.07</ele>
        <time>2026-05-04T02:57:51.9500000+00:00</time>
      </trkpt>
      <trkpt lat="46.68198" lon="7.50926">
        <ele>1915.25</ele>
        <time>2026-05-04T02:58:09.6530000+00:00</time>
      </trkpt>
      <trkpt lat="46.68202" lon="7.5094">
        <ele>1914.3</ele>
        <time>2026-05-04T02:58:28.7760000+00:00</time>
      </trkpt>
      <trkpt lat="46.68205" lon="7.50951">
        <ele>1913.51</ele>
        <time>2026-05-04T02:58:43.7020000+00:00</time>
      </trkpt>
      <trkpt lat="46.68207" lon="7.50951">
        <ele>1913.37</ele>
        <time>2026-05-04T02:58:47.3760000+00:00</time>
      </trkpt>
      <trkpt lat="46.68206" lon="7.50957">
        <ele>1913.11</ele>
        <time>2026-05-04T02:58:55.1610000+00:00</time>
      </trkpt>
      <trkpt lat="46.68204" lon="7.50961">
        <ele>1912.21</ele>
        <time>2026-05-04T02:59:01.4000000+00:00</time>
      </trkpt>
      <trkpt lat="46.68201" lon="7.50963">
        <ele>1911.85</ele>
        <time>2026-05-04T02:59:07.4640000+00:00</time>
      </trkpt>
      <trkpt lat="46.68199" lon="7.50966">
        <ele>1911.13</ele>
        <time>2026-05-04T02:59:12.7390000+00:00</time>
      </trkpt>
      <trkpt lat="46.68199" lon="7.50969">
        <ele>1910.26</ele>
        <time>2026-05-04T02:59:16.5240000+00:00</time>
      </trkpt>
      <trkpt lat="46.68199" lon="7.50972">
        <ele>1909.39</ele>
        <time>2026-05-04T02:59:20.3100000+00:00</time>
      </trkpt>
      <trkpt lat="46.68199" lon="7.50976">
        <ele>1908.23</ele>
        <time>2026-05-04T02:59:25.3540000+00:00</time>
      </trkpt>
      <trkpt lat="46.68197" lon="7.50982">
        <ele>1906.65</ele>
        <time>2026-05-04T02:59:33.7660000+00:00</time>
      </trkpt>
      <trkpt lat="46.68191" lon="7.50997">
        <ele>1902.56</ele>
        <time>2026-05-04T02:59:55.6610000+00:00</time>
      </trkpt>
      <trkpt lat="46.6819" lon="7.51004">
        <ele>1900.57</ele>
        <time>2026-05-04T03:00:04.6770000+00:00</time>
      </trkpt>
      <trkpt lat="46.68187" lon="7.5101">
        <ele>1898.88</ele>
        <time>2026-05-04T03:00:14.0370000+00:00</time>
      </trkpt>
      <trkpt lat="46.68185" lon="7.51018">
        <ele>1896.73</ele>
        <time>2026-05-04T03:00:24.7740000+00:00</time>
      </trkpt>
      <trkpt lat="46.68184" lon="7.51023">
        <ele>1895.41</ele>
        <time>2026-05-04T03:00:31.3420000+00:00</time>
      </trkpt>
      <trkpt lat="46.68182" lon="7.51026">
        <ele>1894.69</ele>
        <time>2026-05-04T03:00:36.6200000+00:00</time>
      </trkpt>
      <trkpt lat="46.68182" lon="7.5103">
        <ele>1893.64</ele>
        <time>2026-05-04T03:00:41.6660000+00:00</time>
      </trkpt>
      <trkpt lat="46.68181" lon="7.51034">
        <ele>1892.65</ele>
        <time>2026-05-04T03:00:47.0330000+00:00</time>
      </trkpt>
      <trkpt lat="46.68179" lon="7.51038">
        <ele>1891.74</ele>
        <time>2026-05-04T03:00:53.2750000+00:00</time>
      </trkpt>
      <trkpt lat="46.68175" lon="7.51045">
        <ele>1890.49</ele>
        <time>2026-05-04T03:01:04.7610000+00:00</time>
      </trkpt>
      <trkpt lat="46.68174" lon="7.5105">
        <ele>1889.6</ele>
        <time>2026-05-04T03:01:11.3300000+00:00</time>
      </trkpt>
      <trkpt lat="46.68174" lon="7.51055">
        <ele>1888.63</ele>
        <time>2026-05-04T03:01:17.6380000+00:00</time>
      </trkpt>
      <trkpt lat="46.68174" lon="7.5106">
        <ele>1887.66</ele>
        <time>2026-05-04T03:01:23.9460000+00:00</time>
      </trkpt>
      <trkpt lat="46.68174" lon="7.51065">
        <ele>1886.69</ele>
        <time>2026-05-04T03:01:30.2550000+00:00</time>
      </trkpt>
      <trkpt lat="46.68173" lon="7.51072">
        <ele>1885.43</ele>
        <time>2026-05-04T03:01:39.2720000+00:00</time>
      </trkpt>
      <trkpt lat="46.68171" lon="7.51077">
        <ele>1884.7</ele>
        <time>2026-05-04T03:01:46.5720000+00:00</time>
      </trkpt>
      <trkpt lat="46.68168" lon="7.51083">
        <ele>1883.92</ele>
        <time>2026-05-04T03:01:55.9350000+00:00</time>
      </trkpt>
      <trkpt lat="46.68166" lon="7.51088">
        <ele>1883.23</ele>
        <time>2026-05-04T03:02:03.2330000+00:00</time>
      </trkpt>
      <trkpt lat="46.68165" lon="7.51095">
        <ele>1882.07</ele>
        <time>2026-05-04T03:02:12.2500000+00:00</time>
      </trkpt>
      <trkpt lat="46.68164" lon="7.51102">
        <ele>1880.93</ele>
        <time>2026-05-04T03:02:21.2680000+00:00</time>
      </trkpt>
      <trkpt lat="46.68163" lon="7.51111">
        <ele>1879.44</ele>
        <time>2026-05-04T03:02:32.7630000+00:00</time>
      </trkpt>
      <trkpt lat="46.68162" lon="7.51123">
        <ele>1877.43</ele>
        <time>2026-05-04T03:02:48.0060000+00:00</time>
      </trkpt>
      <trkpt lat="46.68162" lon="7.51131">
        <ele>1876.91</ele>
        <time>2026-05-04T03:02:58.0940000+00:00</time>
      </trkpt>
      <trkpt lat="46.6816" lon="7.51138">
        <ele>1876.91</ele>
        <time>2026-05-04T03:03:07.6560000+00:00</time>
      </trkpt>
      <trkpt lat="46.68159" lon="7.51145">
        <ele>1876.74</ele>
        <time>2026-05-04T03:03:16.6730000+00:00</time>
      </trkpt>
      <trkpt lat="46.68158" lon="7.51155">
        <ele>1876.43</ele>
        <time>2026-05-04T03:03:29.4160000+00:00</time>
      </trkpt>
      <trkpt lat="46.68158" lon="7.51163">
        <ele>1876.04</ele>
        <time>2026-05-04T03:03:39.5020000+00:00</time>
      </trkpt>
      <trkpt lat="46.68158" lon="7.51171">
        <ele>1875.66</ele>
        <time>2026-05-04T03:03:49.5880000+00:00</time>
      </trkpt>
      <trkpt lat="46.68158" lon="7.51179">
        <ele>1875.27</ele>
        <time>2026-05-04T03:03:59.6740000+00:00</time>
      </trkpt>
      <trkpt lat="46.68157" lon="7.51186">
        <ele>1875.11</ele>
        <time>2026-05-04T03:04:08.6890000+00:00</time>
      </trkpt>
      <trkpt lat="46.68156" lon="7.51193">
        <ele>1874.94</ele>
        <time>2026-05-04T03:04:17.7060000+00:00</time>
      </trkpt>
      <trkpt lat="46.68154" lon="7.512">
        <ele>1874.94</ele>
        <time>2026-05-04T03:04:27.2690000+00:00</time>
      </trkpt>
      <trkpt lat="46.68152" lon="7.51199">
        <ele>1875.32</ele>
        <time>2026-05-04T03:04:31.1580000+00:00</time>
      </trkpt>
      <trkpt lat="46.68149" lon="7.51198">
        <ele>1875.88</ele>
        <time>2026-05-04T03:04:36.8160000+00:00</time>
      </trkpt>
      <trkpt lat="46.68145" lon="7.51195">
        <ele>1876.69</ele>
        <time>2026-05-04T03:04:45.0850000+00:00</time>
      </trkpt>
      <trkpt lat="46.68142" lon="7.51193">
        <ele>1877.29</ele>
        <time>2026-05-04T03:04:51.1510000+00:00</time>
      </trkpt>
      <trkpt lat="46.68137" lon="7.51192">
        <ele>1878.18</ele>
        <time>2026-05-04T03:05:00.4290000+00:00</time>
      </trkpt>
      <trkpt lat="46.68134" lon="7.51197">
        <ele>1878.45</ele>
        <time>2026-05-04T03:05:08.8070000+00:00</time>
      </trkpt>
      <trkpt lat="46.68132" lon="7.51204">
        <ele>1878.45</ele>
        <time>2026-05-04T03:05:18.3690000+00:00</time>
      </trkpt>
      <trkpt lat="46.68132" lon="7.51213">
        <ele>1878.74</ele>
        <time>2026-05-04T03:05:29.7170000+00:00</time>
      </trkpt>
      <trkpt lat="46.68133" lon="7.51223">
        <ele>1879.36</ele>
        <time>2026-05-04T03:05:42.4600000+00:00</time>
      </trkpt>
      <trkpt lat="46.68133" lon="7.51236">
        <ele>1880.39</ele>
        <time>2026-05-04T03:05:58.8540000+00:00</time>
      </trkpt>
      <trkpt lat="46.68139" lon="7.51259">
        <ele>1880.99</ele>
        <time>2026-05-04T03:06:29.8820000+00:00</time>
      </trkpt>
      <trkpt lat="46.68149" lon="7.51299">
        <ele>1882.09</ele>
        <time>2026-05-04T03:07:23.5650000+00:00</time>
      </trkpt>
      <trkpt lat="46.68157" lon="7.51325">
        <ele>1883.39</ele>
        <time>2026-05-04T03:07:59.4970000+00:00</time>
      </trkpt>
      <trkpt lat="46.68162" lon="7.51339">
        <ele>1883.93</ele>
        <time>2026-05-04T03:08:19.4000000+00:00</time>
      </trkpt>
      <trkpt lat="46.68165" lon="7.51348">
        <ele>1884.32</ele>
        <time>2026-05-04T03:08:32.0180000+00:00</time>
      </trkpt>
      <trkpt lat="46.68169" lon="7.51361">
        <ele>1884.97</ele>
        <time>2026-05-04T03:08:49.9840000+00:00</time>
      </trkpt>
      <trkpt lat="46.68175" lon="7.51375">
        <ele>1885.23</ele>
        <time>2026-05-04T03:09:10.7990000+00:00</time>
      </trkpt>
      <trkpt lat="46.68181" lon="7.51396">
        <ele>1885.44</ele>
        <time>2026-05-04T03:09:39.4830000+00:00</time>
      </trkpt>
      <trkpt lat="46.68185" lon="7.51411">
        <ele>1885.77</ele>
        <time>2026-05-04T03:09:59.7750000+00:00</time>
      </trkpt>
      <trkpt lat="46.68192" lon="7.51451">
        <ele>1887.69</ele>
        <time>2026-05-04T03:10:51.8290000+00:00</time>
      </trkpt>
      <trkpt lat="46.68198" lon="7.51467">
        <ele>1884.44</ele>
        <time>2026-05-04T03:11:14.8210000+00:00</time>
      </trkpt>
      <trkpt lat="46.68204" lon="7.51487">
        <ele>1879.38</ele>
        <time>2026-05-04T03:11:42.3460000+00:00</time>
      </trkpt>
      <trkpt lat="46.68211" lon="7.51518">
        <ele>1872.82</ele>
        <time>2026-05-04T03:12:23.4990000+00:00</time>
      </trkpt>
      <trkpt lat="46.68215" lon="7.51524">
        <ele>1870.06</ele>
        <time>2026-05-04T03:12:34.0490000+00:00</time>
      </trkpt>
      <trkpt lat="46.68221" lon="7.5153">
        <ele>1866.17</ele>
        <time>2026-05-04T03:12:47.4220000+00:00</time>
      </trkpt>
      <trkpt lat="46.6823" lon="7.51533">
        <ele>1860.83</ele>
        <time>2026-05-04T03:13:04.3920000+00:00</time>
      </trkpt>
      <trkpt lat="46.68234" lon="7.51547">
        <ele>1856.4</ele>
        <time>2026-05-04T03:13:23.5150000+00:00</time>
      </trkpt>
      <trkpt lat="46.68225" lon="7.51548">
        <ele>1861.13</ele>
        <time>2026-05-04T03:13:40.1050000+00:00</time>
      </trkpt>
      <trkpt lat="46.68215" lon="7.51552">
        <ele>1865.59</ele>
        <time>2026-05-04T03:13:59.1650000+00:00</time>
      </trkpt>
      <trkpt lat="46.68209" lon="7.51556">
        <ele>1867.77</ele>
        <time>2026-05-04T03:14:11.2920000+00:00</time>
      </trkpt>
      <trkpt lat="46.68204" lon="7.51559">
        <ele>1869.62</ele>
        <time>2026-05-04T03:14:21.2310000+00:00</time>
      </trkpt>
      <trkpt lat="46.682" lon="7.51565">
        <ele>1870.02</ele>
        <time>2026-05-04T03:14:31.7800000+00:00</time>
      </trkpt>
      <trkpt lat="46.68196" lon="7.51567">
        <ele>1871.53</ele>
        <time>2026-05-04T03:14:39.5540000+00:00</time>
      </trkpt>
      <trkpt lat="46.68192" lon="7.51568">
        <ele>1872.73</ele>
        <time>2026-05-04T03:14:47.0140000+00:00</time>
      </trkpt>
      <trkpt lat="46.68192" lon="7.51578">
        <ele>1869.73</ele>
        <time>2026-05-04T03:14:59.6230000+00:00</time>
      </trkpt>
      <trkpt lat="46.6819" lon="7.51583">
        <ele>1868.28</ele>
        <time>2026-05-04T03:15:06.9210000+00:00</time>
      </trkpt>
      <trkpt lat="46.6819" lon="7.51593">
        <ele>1865.29</ele>
        <time>2026-05-04T03:15:19.5300000+00:00</time>
      </trkpt>
      <trkpt lat="46.68185" lon="7.51594">
        <ele>1865.13</ele>
        <time>2026-05-04T03:15:28.8060000+00:00</time>
      </trkpt>
      <trkpt lat="46.68177" lon="7.51593">
        <ele>1865.64</ele>
        <time>2026-05-04T03:15:43.5640000+00:00</time>
      </trkpt>
      <trkpt lat="46.68176" lon="7.51602">
        <ele>1863.01</ele>
        <time>2026-05-04T03:15:55.0610000+00:00</time>
      </trkpt>
      <trkpt lat="46.6817" lon="7.51625">
        <ele>1856.4</ele>
        <time>2026-05-04T03:16:26.0900000+00:00</time>
      </trkpt>
      <trkpt lat="46.68163" lon="7.5165">
        <ele>1848.71</ele>
        <time>2026-05-04T03:17:00.1380000+00:00</time>
      </trkpt>
      <trkpt lat="46.68155" lon="7.51673">
        <ele>1842.09</ele>
        <time>2026-05-04T03:17:32.6550000+00:00</time>
      </trkpt>
      <trkpt lat="46.6815" lon="7.51685">
        <ele>1838.86</ele>
        <time>2026-05-04T03:17:50.3590000+00:00</time>
      </trkpt>
      <trkpt lat="46.68149" lon="7.51692">
        <ele>1836.83</ele>
        <time>2026-05-04T03:17:59.3750000+00:00</time>
      </trkpt>
      <trkpt lat="46.68146" lon="7.517">
        <ele>1834.74</ele>
        <time>2026-05-04T03:18:10.8710000+00:00</time>
      </trkpt>
      <trkpt lat="46.68142" lon="7.51707">
        <ele>1833.11</ele>
        <time>2026-05-04T03:18:22.3580000+00:00</time>
      </trkpt>
      <trkpt lat="46.68137" lon="7.51709">
        <ele>1833.01</ele>
        <time>2026-05-04T03:18:31.8900000+00:00</time>
      </trkpt>
      <trkpt lat="46.68135" lon="7.5171">
        <ele>1832.89</ele>
        <time>2026-05-04T03:18:35.7780000+00:00</time>
      </trkpt>
      <trkpt lat="46.68133" lon="7.51714">
        <ele>1831.69</ele>
        <time>2026-05-04T03:18:42.0220000+00:00</time>
      </trkpt>
      <trkpt lat="46.68129" lon="7.51725">
        <ele>1828.15</ele>
        <time>2026-05-04T03:18:57.7210000+00:00</time>
      </trkpt>
      <trkpt lat="46.68121" lon="7.51738">
        <ele>1824.12</ele>
        <time>2026-05-04T03:19:19.7430000+00:00</time>
      </trkpt>
      <trkpt lat="46.68115" lon="7.51748">
        <ele>1820.84</ele>
        <time>2026-05-04T03:19:36.4960000+00:00</time>
      </trkpt>
      <trkpt lat="46.68109" lon="7.51758">
        <ele>1817.56</ele>
        <time>2026-05-04T03:19:53.2480000+00:00</time>
      </trkpt>
      <trkpt lat="46.68102" lon="7.51765">
        <ele>1816.39</ele>
        <time>2026-05-04T03:20:08.8520000+00:00</time>
      </trkpt>
      <trkpt lat="46.68098" lon="7.51772">
        <ele>1814.61</ele>
        <time>2026-05-04T03:20:20.3390000+00:00</time>
      </trkpt>
      <trkpt lat="46.68094" lon="7.51779">
        <ele>1812.85</ele>
        <time>2026-05-04T03:20:31.8260000+00:00</time>
      </trkpt>
      <trkpt lat="46.68089" lon="7.51786">
        <ele>1811.34</ele>
        <time>2026-05-04T03:20:44.5690000+00:00</time>
      </trkpt>
      <trkpt lat="46.68088" lon="7.51789">
        <ele>1810.44</ele>
        <time>2026-05-04T03:20:48.7770000+00:00</time>
      </trkpt>
      <trkpt lat="46.68089" lon="7.51792">
        <ele>1809.43</ele>
        <time>2026-05-04T03:20:52.9840000+00:00</time>
      </trkpt>
      <trkpt lat="46.68086" lon="7.51795">
        <ele>1809.53</ele>
        <time>2026-05-04T03:20:59.6720000+00:00</time>
      </trkpt>
      <trkpt lat="46.68085" lon="7.51798">
        <ele>1809.17</ele>
        <time>2026-05-04T03:21:03.8770000+00:00</time>
      </trkpt>
      <trkpt lat="46.68084" lon="7.51801">
        <ele>1808.81</ele>
        <time>2026-05-04T03:21:08.0810000+00:00</time>
      </trkpt>
      <trkpt lat="46.68083" lon="7.51804">
        <ele>1808.44</ele>
        <time>2026-05-04T03:21:12.2860000+00:00</time>
      </trkpt>
      <trkpt lat="46.68081" lon="7.51806">
        <ele>1808.47</ele>
        <time>2026-05-04T03:21:16.7470000+00:00</time>
      </trkpt>
      <trkpt lat="46.68079" lon="7.51812">
        <ele>1807.7</ele>
        <time>2026-05-04T03:21:25.1600000+00:00</time>
      </trkpt>
      <trkpt lat="46.68078" lon="7.51815">
        <ele>1807.31</ele>
        <time>2026-05-04T03:21:29.3670000+00:00</time>
      </trkpt>
      <trkpt lat="46.68076" lon="7.5182">
        <ele>1806.7</ele>
        <time>2026-05-04T03:21:36.6660000+00:00</time>
      </trkpt>
      <trkpt lat="46.68073" lon="7.51826">
        <ele>1806.06</ele>
        <time>2026-05-04T03:21:46.0270000+00:00</time>
      </trkpt>
      <trkpt lat="46.68072" lon="7.5183">
        <ele>1805.43</ele>
        <time>2026-05-04T03:21:51.3950000+00:00</time>
      </trkpt>
      <trkpt lat="46.68072" lon="7.51835">
        <ele>1804.4</ele>
        <time>2026-05-04T03:21:57.7010000+00:00</time>
      </trkpt>
      <trkpt lat="46.68073" lon="7.51837">
        <ele>1803.8</ele>
        <time>2026-05-04T03:22:00.8200000+00:00</time>
      </trkpt>
      <trkpt lat="46.68074" lon="7.51841">
        <ele>1802.81</ele>
        <time>2026-05-04T03:22:06.1880000+00:00</time>
      </trkpt>
      <trkpt lat="46.68075" lon="7.51844">
        <ele>1802.02</ele>
        <time>2026-05-04T03:22:10.3920000+00:00</time>
      </trkpt>
      <trkpt lat="46.68074" lon="7.51846">
        <ele>1801.78</ele>
        <time>2026-05-04T03:22:13.5110000+00:00</time>
      </trkpt>
      <trkpt lat="46.68072" lon="7.51848">
        <ele>1801.71</ele>
        <time>2026-05-04T03:22:17.9720000+00:00</time>
      </trkpt>
      <trkpt lat="46.68072" lon="7.51852">
        <ele>1800.89</ele>
        <time>2026-05-04T03:22:23.0180000+00:00</time>
      </trkpt>
      <trkpt lat="46.68074" lon="7.51855">
        <ele>1799.94</ele>
        <time>2026-05-04T03:22:28.2930000+00:00</time>
      </trkpt>
      <trkpt lat="46.68075" lon="7.51859">
        <ele>1798.97</ele>
        <time>2026-05-04T03:22:33.6610000+00:00</time>
      </trkpt>
      <trkpt lat="46.68077" lon="7.51858">
        <ele>1798.85</ele>
        <time>2026-05-04T03:22:37.5460000+00:00</time>
      </trkpt>
      <trkpt lat="46.68082" lon="7.51856">
        <ele>1798.45</ele>
        <time>2026-05-04T03:22:47.0760000+00:00</time>
      </trkpt>
      <trkpt lat="46.68084" lon="7.51856">
        <ele>1798.12</ele>
        <time>2026-05-04T03:22:50.7490000+00:00</time>
      </trkpt>
      <trkpt lat="46.68086" lon="7.51858">
        <ele>1797.41</ele>
        <time>2026-05-04T03:22:55.2040000+00:00</time>
      </trkpt>
      <trkpt lat="46.68087" lon="7.51856">
        <ele>1797.64</ele>
        <time>2026-05-04T03:22:58.3230000+00:00</time>
      </trkpt>
      <trkpt lat="46.6809" lon="7.51855">
        <ele>1797.34</ele>
        <time>2026-05-04T03:23:03.9810000+00:00</time>
      </trkpt>
      <trkpt lat="46.68092" lon="7.51855">
        <ele>1797.01</ele>
        <time>2026-05-04T03:23:07.6580000+00:00</time>
      </trkpt>
      <trkpt lat="46.68093" lon="7.51858">
        <ele>1796.3</ele>
        <time>2026-05-04T03:23:11.8660000+00:00</time>
      </trkpt>
      <trkpt lat="46.68092" lon="7.51863">
        <ele>1795.52</ele>
        <time>2026-05-04T03:23:18.4340000+00:00</time>
      </trkpt>
      <trkpt lat="46.68091" lon="7.51868">
        <ele>1794.74</ele>
        <time>2026-05-04T03:23:25.0030000+00:00</time>
      </trkpt>
      <trkpt lat="46.68093" lon="7.51868">
        <ele>1794.44</ele>
        <time>2026-05-04T03:23:28.6760000+00:00</time>
      </trkpt>
      <trkpt lat="46.68096" lon="7.51869">
        <ele>1793.81</ele>
        <time>2026-05-04T03:23:34.3320000+00:00</time>
      </trkpt>
      <trkpt lat="46.68098" lon="7.5187">
        <ele>1793.34</ele>
        <time>2026-05-04T03:23:38.2140000+00:00</time>
      </trkpt>
      <trkpt lat="46.681" lon="7.51869">
        <ele>1793.22</ele>
        <time>2026-05-04T03:23:42.0990000+00:00</time>
      </trkpt>
      <trkpt lat="46.68102" lon="7.51867">
        <ele>1793.27</ele>
        <time>2026-05-04T03:23:46.5600000+00:00</time>
      </trkpt>
      <trkpt lat="46.68104" lon="7.51868">
        <ele>1792.8</ele>
        <time>2026-05-04T03:23:50.4480000+00:00</time>
      </trkpt>
      <trkpt lat="46.68103" lon="7.51869">
        <ele>1792.77</ele>
        <time>2026-05-04T03:23:52.6790000+00:00</time>
      </trkpt>
      <trkpt lat="46.68103" lon="7.51871">
        <ele>1792.42</ele>
        <time>2026-05-04T03:23:55.1990000+00:00</time>
      </trkpt>
      <trkpt lat="46.68104" lon="7.51871">
        <ele>1792.28</ele>
        <time>2026-05-04T03:23:57.0430000+00:00</time>
      </trkpt>
      <trkpt lat="46.68106" lon="7.51871">
        <ele>1791.98</ele>
        <time>2026-05-04T03:24:00.7230000+00:00</time>
      </trkpt>
      <trkpt lat="46.68109" lon="7.51871">
        <ele>1791.54</ele>
        <time>2026-05-04T03:24:06.2370000+00:00</time>
      </trkpt>
      <trkpt lat="46.68108" lon="7.51873">
        <ele>1791.35</ele>
        <time>2026-05-04T03:24:09.3600000+00:00</time>
      </trkpt>
      <trkpt lat="46.68106" lon="7.51878">
        <ele>1791.33</ele>
        <time>2026-05-04T03:24:16.6600000+00:00</time>
      </trkpt>
      <trkpt lat="46.68106" lon="7.51882">
        <ele>1791.13</ele>
        <time>2026-05-04T03:24:21.7060000+00:00</time>
      </trkpt>
      <trkpt lat="46.68107" lon="7.51886">
        <ele>1790.79</ele>
        <time>2026-05-04T03:24:27.0760000+00:00</time>
      </trkpt>
      <trkpt lat="46.68111" lon="7.51891">
        <ele>1790.2</ele>
        <time>2026-05-04T03:24:36.7620000+00:00</time>
      </trkpt>
      <trkpt lat="46.68118" lon="7.51902">
        <ele>1789.99</ele>
        <time>2026-05-04T03:24:55.6820000+00:00</time>
      </trkpt>
      <trkpt lat="46.68132" lon="7.51937">
        <ele>1789.15</ele>
        <time>2026-05-04T03:25:46.7700000+00:00</time>
      </trkpt>
      <trkpt lat="46.68146" lon="7.51973">
        <ele>1788.72</ele>
        <time>2026-05-04T03:26:38.9510000+00:00</time>
      </trkpt>
      <trkpt lat="46.68155" lon="7.52028">
        <ele>1788.14</ele>
        <time>2026-05-04T03:27:50.2500000+00:00</time>
      </trkpt>
      <trkpt lat="46.68164" lon="7.52082">
        <ele>1791.77</ele>
        <time>2026-05-04T03:29:00.3230000+00:00</time>
      </trkpt>
      <trkpt lat="46.68165" lon="7.52091">
        <ele>1792.6</ele>
        <time>2026-05-04T03:29:11.8200000+00:00</time>
      </trkpt>
      <trkpt lat="46.68165" lon="7.52098">
        <ele>1793.09</ele>
        <time>2026-05-04T03:29:20.6470000+00:00</time>
      </trkpt>
      <trkpt lat="46.68164" lon="7.52108">
        <ele>1793.58</ele>
        <time>2026-05-04T03:29:33.3900000+00:00</time>
      </trkpt>
      <trkpt lat="46.68163" lon="7.52117">
        <ele>1793.97</ele>
        <time>2026-05-04T03:29:44.8850000+00:00</time>
      </trkpt>
      <trkpt lat="46.68162" lon="7.52122">
        <ele>1794.06</ele>
        <time>2026-05-04T03:29:51.4530000+00:00</time>
      </trkpt>
      <trkpt lat="46.68163" lon="7.52131">
        <ele>1795.53</ele>
        <time>2026-05-04T03:30:02.9490000+00:00</time>
      </trkpt>
      <trkpt lat="46.68164" lon="7.5214">
        <ele>1797.14</ele>
        <time>2026-05-04T03:30:14.4440000+00:00</time>
      </trkpt>
      <trkpt lat="46.68165" lon="7.52151">
        <ele>1799.09</ele>
        <time>2026-05-04T03:30:28.4360000+00:00</time>
      </trkpt>
      <trkpt lat="46.68166" lon="7.52156">
        <ele>1800.18</ele>
        <time>2026-05-04T03:30:35.0050000+00:00</time>
      </trkpt>
      <trkpt lat="46.68166" lon="7.52174">
        <ele>1802.94</ele>
        <time>2026-05-04T03:30:57.7020000+00:00</time>
      </trkpt>
      <trkpt lat="46.68166" lon="7.52193">
        <ele>1805.85</ele>
        <time>2026-05-04T03:31:21.6610000+00:00</time>
      </trkpt>
      <trkpt lat="46.68165" lon="7.5222">
        <ele>1809.58</ele>
        <time>2026-05-04T03:31:55.7570000+00:00</time>
      </trkpt>
      <trkpt lat="46.68164" lon="7.52232">
        <ele>1810.99</ele>
        <time>2026-05-04T03:32:11.0010000+00:00</time>
      </trkpt>
      <trkpt lat="46.68162" lon="7.5224">
        <ele>1811.28</ele>
        <time>2026-05-04T03:32:21.7380000+00:00</time>
      </trkpt>
      <trkpt lat="46.6816" lon="7.52247">
        <ele>1811.39</ele>
        <time>2026-05-04T03:32:31.3000000+00:00</time>
      </trkpt>
      <trkpt lat="46.68159" lon="7.52253">
        <ele>1811.82</ele>
        <time>2026-05-04T03:32:39.0870000+00:00</time>
      </trkpt>
      <trkpt lat="46.68158" lon="7.5226">
        <ele>1812.38</ele>
        <time>2026-05-04T03:32:48.1030000+00:00</time>
      </trkpt>
      <trkpt lat="46.68155" lon="7.52272">
        <ele>1812.67</ele>
        <time>2026-05-04T03:33:04.2070000+00:00</time>
      </trkpt>
      <trkpt lat="46.6815" lon="7.5229">
        <ele>1812.72</ele>
        <time>2026-05-04T03:33:28.6950000+00:00</time>
      </trkpt>
      <trkpt lat="46.68147" lon="7.52302">
        <ele>1812.09</ele>
        <time>2026-05-04T03:33:44.8000000+00:00</time>
      </trkpt>
      <trkpt lat="46.68142" lon="7.52316">
        <ele>1810.68</ele>
        <time>2026-05-04T03:34:04.7020000+00:00</time>
      </trkpt>
      <trkpt lat="46.681399999999996" lon="7.52326">
        <ele>1810.51</ele>
        <time>2026-05-04T03:34:17.8380000+00:00</time>
      </trkpt>
      <trkpt lat="46.68137" lon="7.5233">
        <ele>1809.4</ele>
        <time>2026-05-04T03:34:25.3110000+00:00</time>
      </trkpt>
      <trkpt lat="46.68134" lon="7.52336">
        <ele>1808.48</ele>
        <time>2026-05-04T03:34:34.6740000+00:00</time>
      </trkpt>
      <trkpt lat="46.68133" lon="7.52339">
        <ele>1808.26</ele>
        <time>2026-05-04T03:34:38.8820000+00:00</time>
      </trkpt>
      <trkpt lat="46.68134" lon="7.52343">
        <ele>1809.09</ele>
        <time>2026-05-04T03:34:44.2500000+00:00</time>
      </trkpt>
      <trkpt lat="46.68134" lon="7.52348">
        <ele>1809.52</ele>
        <time>2026-05-04T03:34:50.5540000+00:00</time>
      </trkpt>
      <trkpt lat="46.68132" lon="7.52353">
        <ele>1809.04</ele>
        <time>2026-05-04T03:34:57.8540000+00:00</time>
      </trkpt>
      <trkpt lat="46.6813" lon="7.52355">
        <ele>1808.29</ele>
        <time>2026-05-04T03:35:02.3150000+00:00</time>
      </trkpt>
      <trkpt lat="46.68123" lon="7.52362">
        <ele>1805.75</ele>
        <time>2026-05-04T03:35:17.9180000+00:00</time>
      </trkpt>
      <trkpt lat="46.68115" lon="7.52372">
        <ele>1803.16</ele>
        <time>2026-05-04T03:35:37.2880000+00:00</time>
      </trkpt>
      <trkpt lat="46.68111" lon="7.52378">
        <ele>1801.96</ele>
        <time>2026-05-04T03:35:47.8380000+00:00</time>
      </trkpt>
      <trkpt lat="46.68106" lon="7.52389">
        <ele>1800.98</ele>
        <time>2026-05-04T03:36:04.4770000+00:00</time>
      </trkpt>
      <trkpt lat="46.68103" lon="7.52397">
        <ele>1800.54</ele>
        <time>2026-05-04T03:36:15.9740000+00:00</time>
      </trkpt>
      <trkpt lat="46.68101" lon="7.52408">
        <ele>1800.79</ele>
        <time>2026-05-04T03:36:30.3230000+00:00</time>
      </trkpt>
      <trkpt lat="46.68098" lon="7.52419">
        <ele>1800.62</ele>
        <time>2026-05-04T03:36:45.2500000+00:00</time>
      </trkpt>
      <trkpt lat="46.68096" lon="7.52428">
        <ele>1800.66</ele>
        <time>2026-05-04T03:36:57.1780000+00:00</time>
      </trkpt>
      <trkpt lat="46.68092" lon="7.52436">
        <ele>1799.79</ele>
        <time>2026-05-04T03:37:09.6610000+00:00</time>
      </trkpt>
      <trkpt lat="46.68089" lon="7.5244">
        <ele>1798.95</ele>
        <time>2026-05-04T03:37:17.1340000+00:00</time>
      </trkpt>
      <trkpt lat="46.68087" lon="7.5245">
        <ele>1799.06</ele>
        <time>2026-05-04T03:37:30.2690000+00:00</time>
      </trkpt>
      <trkpt lat="46.68084" lon="7.52468">
        <ele>1798.42</ele>
        <time>2026-05-04T03:37:53.6260000+00:00</time>
      </trkpt>
      <trkpt lat="46.68084" lon="7.52473">
        <ele>1798.42</ele>
        <time>2026-05-04T03:37:59.9300000+00:00</time>
      </trkpt>
      <trkpt lat="46.68083" lon="7.52477">
        <ele>1798.01</ele>
        <time>2026-05-04T03:38:05.2960000+00:00</time>
      </trkpt>
      <trkpt lat="46.68082" lon="7.52483">
        <ele>1797.6</ele>
        <time>2026-05-04T03:38:13.0820000+00:00</time>
      </trkpt>
      <trkpt lat="46.68079" lon="7.52491">
        <ele>1796.38</ele>
        <time>2026-05-04T03:38:24.5780000+00:00</time>
      </trkpt>
      <trkpt lat="46.68076" lon="7.52503">
        <ele>1795.15</ele>
        <time>2026-05-04T03:38:40.6840000+00:00</time>
      </trkpt>
      <trkpt lat="46.68074" lon="7.52514">
        <ele>1794.34</ele>
        <time>2026-05-04T03:38:55.0330000+00:00</time>
      </trkpt>
      <trkpt lat="46.68074" lon="7.52526">
        <ele>1794.34</ele>
        <time>2026-05-04T03:39:10.1650000+00:00</time>
      </trkpt>
      <trkpt lat="46.68074" lon="7.52541">
        <ele>1794.08</ele>
        <time>2026-05-04T03:39:29.0790000+00:00</time>
      </trkpt>
      <trkpt lat="46.68074" lon="7.52553">
        <ele>1791.92</ele>
        <time>2026-05-04T03:39:44.2110000+00:00</time>
      </trkpt>
      <trkpt lat="46.68075" lon="7.52563">
        <ele>1790.5</ele>
        <time>2026-05-04T03:39:56.9540000+00:00</time>
      </trkpt>
      <trkpt lat="46.68076" lon="7.52574">
        <ele>1788.89</ele>
        <time>2026-05-04T03:40:10.9460000+00:00</time>
      </trkpt>
      <trkpt lat="46.68078" lon="7.52585">
        <ele>1787.61</ele>
        <time>2026-05-04T03:40:25.2950000+00:00</time>
      </trkpt>
      <trkpt lat="46.6808" lon="7.52593">
        <ele>1786.85</ele>
        <time>2026-05-04T03:40:36.0330000+00:00</time>
      </trkpt>
      <trkpt lat="46.68082" lon="7.52602">
        <ele>1785.86</ele>
        <time>2026-05-04T03:40:47.9610000+00:00</time>
      </trkpt>
      <trkpt lat="46.68084" lon="7.5261">
        <ele>1785.03</ele>
        <time>2026-05-04T03:40:58.6960000+00:00</time>
      </trkpt>
      <trkpt lat="46.68085" lon="7.52622">
        <ele>1783.08</ele>
        <time>2026-05-04T03:41:13.9380000+00:00</time>
      </trkpt>
      <trkpt lat="46.68087" lon="7.52635">
        <ele>1780.7</ele>
        <time>2026-05-04T03:41:30.7370000+00:00</time>
      </trkpt>
      <trkpt lat="46.6809" lon="7.52645">
        <ele>1779.27</ele>
        <time>2026-05-04T03:41:44.5000000+00:00</time>
      </trkpt>
      <trkpt lat="46.68092" lon="7.52648">
        <ele>1779.17</ele>
        <time>2026-05-04T03:41:49.7750000+00:00</time>
      </trkpt>
      <trkpt lat="46.68093" lon="7.52653">
        <ele>1778.27</ele>
        <time>2026-05-04T03:41:56.3440000+00:00</time>
      </trkpt>
      <trkpt lat="46.68094" lon="7.52657">
        <ele>1777.61</ele>
        <time>2026-05-04T03:42:01.7110000+00:00</time>
      </trkpt>
      <trkpt lat="46.68097" lon="7.52661">
        <ele>1777.54</ele>
        <time>2026-05-04T03:42:09.1840000+00:00</time>
      </trkpt>
      <trkpt lat="46.68099" lon="7.52666">
        <ele>1776.91</ele>
        <time>2026-05-04T03:42:16.4840000+00:00</time>
      </trkpt>
      <trkpt lat="46.68102" lon="7.5267">
        <ele>1776.8</ele>
        <time>2026-05-04T03:42:23.9580000+00:00</time>
      </trkpt>
      <trkpt lat="46.68105" lon="7.52677">
        <ele>1775.93</ele>
        <time>2026-05-04T03:42:34.3660000+00:00</time>
      </trkpt>
      <trkpt lat="46.68107" lon="7.52684">
        <ele>1774.75</ele>
        <time>2026-05-04T03:42:43.9290000+00:00</time>
      </trkpt>
      <trkpt lat="46.68108" lon="7.5269">
        <ele>1773.53</ele>
        <time>2026-05-04T03:42:51.7150000+00:00</time>
      </trkpt>
      <trkpt lat="46.68111" lon="7.52694">
        <ele>1773.74</ele>
        <time>2026-05-04T03:42:59.1890000+00:00</time>
      </trkpt>
      <trkpt lat="46.68115" lon="7.52697">
        <ele>1775.55</ele>
        <time>2026-05-04T03:43:07.4580000+00:00</time>
      </trkpt>
      <trkpt lat="46.68119" lon="7.52697">
        <ele>1778.11</ele>
        <time>2026-05-04T03:43:14.8100000+00:00</time>
      </trkpt>
      <trkpt lat="46.68122" lon="7.52697">
        <ele>1780.04</ele>
        <time>2026-05-04T03:43:20.3250000+00:00</time>
      </trkpt>
      <trkpt lat="46.68126" lon="7.52702">
        <ele>1781.41</ele>
        <time>2026-05-04T03:43:30.0110000+00:00</time>
      </trkpt>
      <trkpt lat="46.68129" lon="7.52706">
        <ele>1782.4</ele>
        <time>2026-05-04T03:43:37.4840000+00:00</time>
      </trkpt>
      <trkpt lat="46.68133" lon="7.5271">
        <ele>1784.16</ele>
        <time>2026-05-04T03:43:46.4010000+00:00</time>
      </trkpt>
      <trkpt lat="46.68138" lon="7.52714">
        <ele>1786.6</ele>
        <time>2026-05-04T03:43:56.8850000+00:00</time>
      </trkpt>
      <trkpt lat="46.68141" lon="7.52719">
        <ele>1787.56</ele>
        <time>2026-05-04T03:44:05.2590000+00:00</time>
      </trkpt>
      <trkpt lat="46.68145" lon="7.52724">
        <ele>1789.21</ele>
        <time>2026-05-04T03:44:14.9460000+00:00</time>
      </trkpt>
      <trkpt lat="46.68147" lon="7.5273">
        <ele>1789.36</ele>
        <time>2026-05-04T03:44:23.3580000+00:00</time>
      </trkpt>
      <trkpt lat="46.6815" lon="7.52734">
        <ele>1790.6</ele>
        <time>2026-05-04T03:44:30.8300000+00:00</time>
      </trkpt>
      <trkpt lat="46.68153" lon="7.52738">
        <ele>1791.85</ele>
        <time>2026-05-04T03:44:38.3030000+00:00</time>
      </trkpt>
      <trkpt lat="46.68154" lon="7.52741">
        <ele>1791.96</ele>
        <time>2026-05-04T03:44:42.5140000+00:00</time>
      </trkpt>
      <trkpt lat="46.68155" lon="7.5275">
        <ele>1790.94</ele>
        <time>2026-05-04T03:44:54.0110000+00:00</time>
      </trkpt>
      <trkpt lat="46.68157" lon="7.5276">
        <ele>1790.43</ele>
        <time>2026-05-04T03:45:07.1460000+00:00</time>
      </trkpt>
      <trkpt lat="46.6816" lon="7.5277">
        <ele>1790.67</ele>
        <time>2026-05-04T03:45:20.9080000+00:00</time>
      </trkpt>
      <trkpt lat="46.68162" lon="7.52774">
        <ele>1791.35</ele>
        <time>2026-05-04T03:45:27.1500000+00:00</time>
      </trkpt>
      <trkpt lat="46.68165" lon="7.52779">
        <ele>1792.57</ele>
        <time>2026-05-04T03:45:35.5270000+00:00</time>
      </trkpt>
      <trkpt lat="46.6817" lon="7.52786">
        <ele>1794.89</ele>
        <time>2026-05-04T03:45:48.2700000+00:00</time>
      </trkpt>
      <trkpt lat="46.68172" lon="7.52792">
        <ele>1795.42</ele>
        <time>2026-05-04T03:45:56.6810000+00:00</time>
      </trkpt>
      <trkpt lat="46.68175" lon="7.52802">
        <ele>1796.35</ele>
        <time>2026-05-04T03:46:10.4430000+00:00</time>
      </trkpt>
      <trkpt lat="46.68178" lon="7.52812">
        <ele>1797.3</ele>
        <time>2026-05-04T03:46:24.2040000+00:00</time>
      </trkpt>
      <trkpt lat="46.68181" lon="7.52823">
        <ele>1798.13</ele>
        <time>2026-05-04T03:46:39.1290000+00:00</time>
      </trkpt>
      <trkpt lat="46.68184" lon="7.52834">
        <ele>1798.97</ele>
        <time>2026-05-04T03:46:54.0560000+00:00</time>
      </trkpt>
      <trkpt lat="46.68187" lon="7.52845">
        <ele>1799.82</ele>
        <time>2026-05-04T03:47:08.9820000+00:00</time>
      </trkpt>
      <trkpt lat="46.6819" lon="7.52852">
        <ele>1801.16</ele>
        <time>2026-05-04T03:47:19.3890000+00:00</time>
      </trkpt>
      <trkpt lat="46.68193" lon="7.52857">
        <ele>1802.75</ele>
        <time>2026-05-04T03:47:27.7660000+00:00</time>
      </trkpt>
      <trkpt lat="46.68195" lon="7.52863">
        <ele>1803.45</ele>
        <time>2026-05-04T03:47:36.1790000+00:00</time>
      </trkpt>
      <trkpt lat="46.68197" lon="7.52869">
        <ele>1804.15</ele>
        <time>2026-05-04T03:47:44.5890000+00:00</time>
      </trkpt>
      <trkpt lat="46.68198" lon="7.52874">
        <ele>1804.32</ele>
        <time>2026-05-04T03:47:51.1570000+00:00</time>
      </trkpt>
      <trkpt lat="46.682" lon="7.52879">
        <ele>1805.37</ele>
        <time>2026-05-04T03:47:58.4550000+00:00</time>
      </trkpt>
      <trkpt lat="46.682" lon="7.52884">
        <ele>1805</ele>
        <time>2026-05-04T03:48:04.7600000+00:00</time>
      </trkpt>
      <trkpt lat="46.68198" lon="7.52887">
        <ele>1803.42</ele>
        <time>2026-05-04T03:48:10.0350000+00:00</time>
      </trkpt>
      <trkpt lat="46.68198" lon="7.52892">
        <ele>1803.07</ele>
        <time>2026-05-04T03:48:16.3410000+00:00</time>
      </trkpt>
      <trkpt lat="46.682" lon="7.52899">
        <ele>1803.89</ele>
        <time>2026-05-04T03:48:25.9020000+00:00</time>
      </trkpt>
      <trkpt lat="46.68203" lon="7.52904">
        <ele>1805.46</ele>
        <time>2026-05-04T03:48:34.2790000+00:00</time>
      </trkpt>
      <trkpt lat="46.68202" lon="7.5291">
        <ele>1804.34</ele>
        <time>2026-05-04T03:48:42.0640000+00:00</time>
      </trkpt>
      <trkpt lat="46.68204" lon="7.52917">
        <ele>1805.04</ele>
        <time>2026-05-04T03:48:51.6260000+00:00</time>
      </trkpt>
      <trkpt lat="46.68206" lon="7.52924">
        <ele>1805.67</ele>
        <time>2026-05-04T03:49:01.1870000+00:00</time>
      </trkpt>
      <trkpt lat="46.68206" lon="7.52931">
        <ele>1805.07</ele>
        <time>2026-05-04T03:49:10.0140000+00:00</time>
      </trkpt>
      <trkpt lat="46.68206" lon="7.52936">
        <ele>1804.64</ele>
        <time>2026-05-04T03:49:16.3180000+00:00</time>
      </trkpt>
      <trkpt lat="46.68208" lon="7.52947">
        <ele>1804.81</ele>
        <time>2026-05-04T03:49:30.6670000+00:00</time>
      </trkpt>
      <trkpt lat="46.68209" lon="7.52961">
        <ele>1804.09</ele>
        <time>2026-05-04T03:49:48.4150000+00:00</time>
      </trkpt>
      <trkpt lat="46.6821" lon="7.5297">
        <ele>1803.76</ele>
        <time>2026-05-04T03:49:59.9120000+00:00</time>
      </trkpt>
      <trkpt lat="46.6821" lon="7.52978">
        <ele>1803.01</ele>
        <time>2026-05-04T03:50:09.9990000+00:00</time>
      </trkpt>
      <trkpt lat="46.68211" lon="7.52983">
        <ele>1803.01</ele>
        <time>2026-05-04T03:50:16.5670000+00:00</time>
      </trkpt>
      <trkpt lat="46.68212" lon="7.5299">
        <ele>1802.77</ele>
        <time>2026-05-04T03:50:25.5830000+00:00</time>
      </trkpt>
      <trkpt lat="46.68211" lon="7.5301">
        <ele>1800.39</ele>
        <time>2026-05-04T03:50:50.8690000+00:00</time>
      </trkpt>
      <trkpt lat="46.6821" lon="7.53024">
        <ele>1798.68</ele>
        <time>2026-05-04T03:51:08.6170000+00:00</time>
      </trkpt>
      <trkpt lat="46.68206" lon="7.53051">
        <ele>1793.64</ele>
        <time>2026-05-04T03:51:43.4480000+00:00</time>
      </trkpt>
      <trkpt lat="46.68206" lon="7.53062">
        <ele>1791.44</ele>
        <time>2026-05-04T03:51:57.3190000+00:00</time>
      </trkpt>
      <trkpt lat="46.68206" lon="7.53075">
        <ele>1788.85</ele>
        <time>2026-05-04T03:52:13.7110000+00:00</time>
      </trkpt>
      <trkpt lat="46.68208" lon="7.53087">
        <ele>1786.84</ele>
        <time>2026-05-04T03:52:29.2820000+00:00</time>
      </trkpt>
      <trkpt lat="46.68208" lon="7.53098">
        <ele>1784.59</ele>
        <time>2026-05-04T03:52:43.1510000+00:00</time>
      </trkpt>
      <trkpt lat="46.6821" lon="7.5311">
        <ele>1782.42</ele>
        <time>2026-05-04T03:52:58.7220000+00:00</time>
      </trkpt>
      <trkpt lat="46.6821" lon="7.53125">
        <ele>1779.08</ele>
        <time>2026-05-04T03:53:17.6370000+00:00</time>
      </trkpt>
      <trkpt lat="46.68213" lon="7.5314">
        <ele>1775.05</ele>
        <time>2026-05-04T03:53:37.3380000+00:00</time>
      </trkpt>
      <trkpt lat="46.68215" lon="7.53144">
        <ele>1774.03</ele>
        <time>2026-05-04T03:53:43.5800000+00:00</time>
      </trkpt>
      <trkpt lat="46.68215" lon="7.5315">
        <ele>1772.27</ele>
        <time>2026-05-04T03:53:51.1460000+00:00</time>
      </trkpt>
      <trkpt lat="46.68215" lon="7.53158">
        <ele>1769.92</ele>
        <time>2026-05-04T03:54:01.2350000+00:00</time>
      </trkpt>
      <trkpt lat="46.68215" lon="7.53166">
        <ele>1767.58</ele>
        <time>2026-05-04T03:54:11.3230000+00:00</time>
      </trkpt>
      <trkpt lat="46.68213" lon="7.53175">
        <ele>1764.92</ele>
        <time>2026-05-04T03:54:23.2520000+00:00</time>
      </trkpt>
      <trkpt lat="46.68213" lon="7.53182">
        <ele>1762.89</ele>
        <time>2026-05-04T03:54:32.0790000+00:00</time>
      </trkpt>
      <trkpt lat="46.68204" lon="7.532">
        <ele>1758.02</ele>
        <time>2026-05-04T03:55:00.1650000+00:00</time>
      </trkpt>
      <trkpt lat="46.68204" lon="7.53212">
        <ele>1754.39</ele>
        <time>2026-05-04T03:55:15.2960000+00:00</time>
      </trkpt>
      <trkpt lat="46.68204" lon="7.53213">
        <ele>1754.07</ele>
        <time>2026-05-04T03:55:16.5520000+00:00</time>
      </trkpt>
      <trkpt lat="46.682" lon="7.53239">
        <ele>1745.76</ele>
        <time>2026-05-04T03:55:50.1510000+00:00</time>
      </trkpt>
      <trkpt lat="46.68199" lon="7.53252">
        <ele>1741.58</ele>
        <time>2026-05-04T03:56:06.6460000+00:00</time>
      </trkpt>
      <trkpt lat="46.68203" lon="7.53249">
        <ele>1742.29</ele>
        <time>2026-05-04T03:56:14.9140000+00:00</time>
      </trkpt>
      <trkpt lat="46.68208" lon="7.53247">
        <ele>1742.62</ele>
        <time>2026-05-04T03:56:24.4440000+00:00</time>
      </trkpt>
      <trkpt lat="46.68214" lon="7.53251">
        <ele>1740.89</ele>
        <time>2026-05-04T03:56:36.5700000+00:00</time>
      </trkpt>
      <trkpt lat="46.68221" lon="7.53254">
        <ele>1739.41</ele>
        <time>2026-05-04T03:56:49.9810000+00:00</time>
      </trkpt>
      <trkpt lat="46.68228" lon="7.53265">
        <ele>1735.19</ele>
        <time>2026-05-04T03:57:08.9000000+00:00</time>
      </trkpt>
      <trkpt lat="46.68232" lon="7.53273">
        <ele>1732.17</ele>
        <time>2026-05-04T03:57:21.3810000+00:00</time>
      </trkpt>
      <trkpt lat="46.68239" lon="7.53278">
        <ele>1729.91</ele>
        <time>2026-05-04T03:57:35.7080000+00:00</time>
      </trkpt>
      <trkpt lat="46.68244" lon="7.53283">
        <ele>1727.78</ele>
        <time>2026-05-04T03:57:46.8530000+00:00</time>
      </trkpt>
      <trkpt lat="46.68247" lon="7.53288">
        <ele>1725.8</ele>
        <time>2026-05-04T03:57:55.2310000+00:00</time>
      </trkpt>
      <trkpt lat="46.68251" lon="7.53296">
        <ele>1723.2</ele>
        <time>2026-05-04T03:58:07.7140000+00:00</time>
      </trkpt>
      <trkpt lat="46.68255" lon="7.53301">
        <ele>1721.44</ele>
        <time>2026-05-04T03:58:17.3990000+00:00</time>
      </trkpt>
      <trkpt lat="46.68259" lon="7.53303">
        <ele>1720.49</ele>
        <time>2026-05-04T03:58:25.1720000+00:00</time>
      </trkpt>
      <trkpt lat="46.6827" lon="7.53307">
        <ele>1718.23</ele>
        <time>2026-05-04T03:58:46.0110000+00:00</time>
      </trkpt>
      <trkpt lat="46.68273" lon="7.53308">
        <ele>1717.63</ele>
        <time>2026-05-04T03:58:51.6650000+00:00</time>
      </trkpt>
      <trkpt lat="46.68275" lon="7.53312">
        <ele>1716.23</ele>
        <time>2026-05-04T03:58:57.9060000+00:00</time>
      </trkpt>
      <trkpt lat="46.68278" lon="7.53314">
        <ele>1714.84</ele>
        <time>2026-05-04T03:59:03.9720000+00:00</time>
      </trkpt>
      <trkpt lat="46.6828" lon="7.53318">
        <ele>1712.85</ele>
        <time>2026-05-04T03:59:10.2130000+00:00</time>
      </trkpt>
      <trkpt lat="46.68279" lon="7.5332">
        <ele>1712.65</ele>
        <time>2026-05-04T03:59:13.3320000+00:00</time>
      </trkpt>
      <trkpt lat="46.68273" lon="7.53325">
        <ele>1712.58</ele>
        <time>2026-05-04T03:59:26.0340000+00:00</time>
      </trkpt>
      <trkpt lat="46.68271" lon="7.53331">
        <ele>1711.06</ele>
        <time>2026-05-04T03:59:34.4450000+00:00</time>
      </trkpt>
      <trkpt lat="46.68273" lon="7.53333">
        <ele>1710.21</ele>
        <time>2026-05-04T03:59:38.9030000+00:00</time>
      </trkpt>
      <trkpt lat="46.6828" lon="7.53332">
        <ele>1708.7</ele>
        <time>2026-05-04T03:59:51.8300000+00:00</time>
      </trkpt>
      <trkpt lat="46.68283" lon="7.53334">
        <ele>1706.97</ele>
        <time>2026-05-04T03:59:57.8940000+00:00</time>
      </trkpt>
      <trkpt lat="46.68285" lon="7.53338">
        <ele>1705.05</ele>
        <time>2026-05-04T04:00:04.1350000+00:00</time>
      </trkpt>
      <trkpt lat="46.68293" lon="7.53343">
        <ele>1700.64</ele>
        <time>2026-05-04T04:00:20.1340000+00:00</time>
      </trkpt>
      <trkpt lat="46.68298" lon="7.53354">
        <ele>1695.76</ele>
        <time>2026-05-04T04:00:36.7730000+00:00</time>
      </trkpt>
      <trkpt lat="46.68303" lon="7.5336">
        <ele>1692.35</ele>
        <time>2026-05-04T04:00:48.6760000+00:00</time>
      </trkpt>
      <trkpt lat="46.68324" lon="7.53377">
        <ele>1681.01</ele>
        <time>2026-05-04T04:01:32.8270000+00:00</time>
      </trkpt>
      <trkpt lat="46.68327" lon="7.53382">
        <ele>1679.06</ele>
        <time>2026-05-04T04:01:41.2030000+00:00</time>
      </trkpt>
      <trkpt lat="46.68333" lon="7.53387">
        <ele>1676.29</ele>
        <time>2026-05-04T04:01:53.9070000+00:00</time>
      </trkpt>
      <trkpt lat="46.68336" lon="7.53387">
        <ele>1675.41</ele>
        <time>2026-05-04T04:01:59.4240000+00:00</time>
      </trkpt>
      <trkpt lat="46.68338" lon="7.53389">
        <ele>1674.48</ele>
        <time>2026-05-04T04:02:03.8820000+00:00</time>
      </trkpt>
      <trkpt lat="46.68336" lon="7.53394">
        <ele>1674.2</ele>
        <time>2026-05-04T04:02:11.1800000+00:00</time>
      </trkpt>
      <trkpt lat="46.68337" lon="7.53397">
        <ele>1673.41</ele>
        <time>2026-05-04T04:02:15.3850000+00:00</time>
      </trkpt>
      <trkpt lat="46.68336" lon="7.53399">
        <ele>1673.33</ele>
        <time>2026-05-04T04:02:18.5080000+00:00</time>
      </trkpt>
      <trkpt lat="46.68337" lon="7.53402">
        <ele>1672.56</ele>
        <time>2026-05-04T04:02:22.7130000+00:00</time>
      </trkpt>
      <trkpt lat="46.68339" lon="7.53401">
        <ele>1672.21</ele>
        <time>2026-05-04T04:02:26.6010000+00:00</time>
      </trkpt>
      <trkpt lat="46.68341" lon="7.53397">
        <ele>1672.34</ele>
        <time>2026-05-04T04:02:32.8430000+00:00</time>
      </trkpt>
      <trkpt lat="46.68344" lon="7.53394">
        <ele>1671.98</ele>
        <time>2026-05-04T04:02:39.5300000+00:00</time>
      </trkpt>
      <trkpt lat="46.68346" lon="7.53391">
        <ele>1671.87</ele>
        <time>2026-05-04T04:02:44.8030000+00:00</time>
      </trkpt>
      <trkpt lat="46.6835" lon="7.53382">
        <ele>1671.94</ele>
        <time>2026-05-04T04:02:58.3240000+00:00</time>
      </trkpt>
      <trkpt lat="46.68357" lon="7.53377">
        <ele>1670.35</ele>
        <time>2026-05-04T04:03:12.6510000+00:00</time>
      </trkpt>
      <trkpt lat="46.6836" lon="7.53392">
        <ele>1667.79</ele>
        <time>2026-05-04T04:03:32.3520000+00:00</time>
      </trkpt>
      <trkpt lat="46.68365" lon="7.53409">
        <ele>1664.71</ele>
        <time>2026-05-04T04:03:55.6740000+00:00</time>
      </trkpt>
      <trkpt lat="46.68369" lon="7.53422">
        <ele>1662.2</ele>
        <time>2026-05-04T04:04:13.6410000+00:00</time>
      </trkpt>
      <trkpt lat="46.68374" lon="7.53435">
        <ele>1659.34</ele>
        <time>2026-05-04T04:04:32.4340000+00:00</time>
      </trkpt>
      <trkpt lat="46.68377" lon="7.53444">
        <ele>1657.42</ele>
        <time>2026-05-04T04:04:45.0500000+00:00</time>
      </trkpt>
      <trkpt lat="46.68378" lon="7.5345">
        <ele>1656.4</ele>
        <time>2026-05-04T04:04:52.8350000+00:00</time>
      </trkpt>
      <trkpt lat="46.68381" lon="7.53476">
        <ele>1650.68</ele>
        <time>2026-05-04T04:05:26.0790000+00:00</time>
      </trkpt>
      <trkpt lat="46.68383" lon="7.53484">
        <ele>1648.58</ele>
        <time>2026-05-04T04:05:36.8160000+00:00</time>
      </trkpt>
      <trkpt lat="46.68384" lon="7.53492">
        <ele>1646.75</ele>
        <time>2026-05-04T04:05:47.0700000+00:00</time>
      </trkpt>
      <trkpt lat="46.68387" lon="7.53495">
        <ele>1645.5</ele>
        <time>2026-05-04T04:05:53.7570000+00:00</time>
      </trkpt>
      <trkpt lat="46.68391" lon="7.53498">
        <ele>1644.06</ele>
        <time>2026-05-04T04:06:02.0250000+00:00</time>
      </trkpt>
      <trkpt lat="46.68389" lon="7.53503">
        <ele>1643.55</ele>
        <time>2026-05-04T04:06:09.3250000+00:00</time>
      </trkpt>
      <trkpt lat="46.68388" lon="7.53507">
        <ele>1642.99</ele>
        <time>2026-05-04T04:06:14.6930000+00:00</time>
      </trkpt>
      <trkpt lat="46.6839" lon="7.53514">
        <ele>1641.27</ele>
        <time>2026-05-04T04:06:24.2530000+00:00</time>
      </trkpt>
      <trkpt lat="46.68394" lon="7.53516">
        <ele>1640.16</ele>
        <time>2026-05-04T04:06:32.0270000+00:00</time>
      </trkpt>
      <trkpt lat="46.68394" lon="7.5352">
        <ele>1639.44</ele>
        <time>2026-05-04T04:06:37.0730000+00:00</time>
      </trkpt>
      <trkpt lat="46.68396" lon="7.53523">
        <ele>1638.56</ele>
        <time>2026-05-04T04:06:42.3480000+00:00</time>
      </trkpt>
      <trkpt lat="46.68399" lon="7.53522">
        <ele>1638.21</ele>
        <time>2026-05-04T04:06:48.0020000+00:00</time>
      </trkpt>
      <trkpt lat="46.68402" lon="7.53519">
        <ele>1638.2</ele>
        <time>2026-05-04T04:06:54.6890000+00:00</time>
      </trkpt>
      <trkpt lat="46.68405" lon="7.53515">
        <ele>1638.31</ele>
        <time>2026-05-04T04:07:02.1620000+00:00</time>
      </trkpt>
      <trkpt lat="46.68408" lon="7.53511">
        <ele>1638.38</ele>
        <time>2026-05-04T04:07:09.6360000+00:00</time>
      </trkpt>
      <trkpt lat="46.6841" lon="7.53507">
        <ele>1638.61</ele>
        <time>2026-05-04T04:07:15.8770000+00:00</time>
      </trkpt>
      <trkpt lat="46.68412" lon="7.53505">
        <ele>1638.51</ele>
        <time>2026-05-04T04:07:20.3350000+00:00</time>
      </trkpt>
      <trkpt lat="46.68413" lon="7.53507">
        <ele>1638.01</ele>
        <time>2026-05-04T04:07:23.4540000+00:00</time>
      </trkpt>
      <trkpt lat="46.68414" lon="7.53514">
        <ele>1636.79</ele>
        <time>2026-05-04T04:07:32.4690000+00:00</time>
      </trkpt>
      <trkpt lat="46.68414" lon="7.5352">
        <ele>1635.91</ele>
        <time>2026-05-04T04:07:40.0330000+00:00</time>
      </trkpt>
      <trkpt lat="46.68417" lon="7.53526">
        <ele>1634.54</ele>
        <time>2026-05-04T04:07:49.3950000+00:00</time>
      </trkpt>
      <trkpt lat="46.68418" lon="7.53531">
        <ele>1633.67</ele>
        <time>2026-05-04T04:07:55.9640000+00:00</time>
      </trkpt>
      <trkpt lat="46.68422" lon="7.53538">
        <ele>1632.12</ele>
        <time>2026-05-04T04:08:07.4510000+00:00</time>
      </trkpt>
      <trkpt lat="46.68426" lon="7.53545">
        <ele>1630.52</ele>
        <time>2026-05-04T04:08:18.9380000+00:00</time>
      </trkpt>
      <trkpt lat="46.68436" lon="7.5356">
        <ele>1627.36</ele>
        <time>2026-05-04T04:08:45.3110000+00:00</time>
      </trkpt>
      <trkpt lat="46.68441" lon="7.53566">
        <ele>1626.21</ele>
        <time>2026-05-04T04:08:57.2150000+00:00</time>
      </trkpt>
      <trkpt lat="46.68445" lon="7.53566">
        <ele>1625.87</ele>
        <time>2026-05-04T04:09:04.5670000+00:00</time>
      </trkpt>
      <trkpt lat="46.68447" lon="7.53568">
        <ele>1625.48</ele>
        <time>2026-05-04T04:09:09.0280000+00:00</time>
      </trkpt>
      <trkpt lat="46.6845" lon="7.53574">
        <ele>1624.58</ele>
        <time>2026-05-04T04:09:18.3910000+00:00</time>
      </trkpt>
      <trkpt lat="46.68451" lon="7.53579">
        <ele>1623.97</ele>
        <time>2026-05-04T04:09:24.9590000+00:00</time>
      </trkpt>
      <trkpt lat="46.6845" lon="7.53583">
        <ele>1623.63</ele>
        <time>2026-05-04T04:09:30.3290000+00:00</time>
      </trkpt>
      <trkpt lat="46.68447" lon="7.53586">
        <ele>1623.56</ele>
        <time>2026-05-04T04:09:37.0170000+00:00</time>
      </trkpt>
      <trkpt lat="46.68444" lon="7.53588">
        <ele>1623.59</ele>
        <time>2026-05-04T04:09:43.0820000+00:00</time>
      </trkpt>
      <trkpt lat="46.68444" lon="7.53595">
        <ele>1622.83</ele>
        <time>2026-05-04T04:09:51.9090000+00:00</time>
      </trkpt>
      <trkpt lat="46.68449" lon="7.53608">
        <ele>1621.05</ele>
        <time>2026-05-04T04:10:10.7020000+00:00</time>
      </trkpt>
      <trkpt lat="46.68448" lon="7.53613">
        <ele>1620.59</ele>
        <time>2026-05-04T04:10:17.2700000+00:00</time>
      </trkpt>
      <trkpt lat="46.68435" lon="7.53593">
        <ele>1623.28</ele>
        <time>2026-05-04T04:10:52.0100000+00:00</time>
      </trkpt>
      <trkpt lat="46.68431" lon="7.53588">
        <ele>1624.04</ele>
        <time>2026-05-04T04:11:01.6970000+00:00</time>
      </trkpt>
      <trkpt lat="46.68423" lon="7.5358">
        <ele>1625.51</ele>
        <time>2026-05-04T04:11:19.5280000+00:00</time>
      </trkpt>
      <trkpt lat="46.68415" lon="7.53574">
        <ele>1626.94</ele>
        <time>2026-05-04T04:11:36.0640000+00:00</time>
      </trkpt>
      <trkpt lat="46.68409" lon="7.53568">
        <ele>1628.43</ele>
        <time>2026-05-04T04:11:49.4390000+00:00</time>
      </trkpt>
      <trkpt lat="46.68402" lon="7.53562">
        <ele>1630.19</ele>
        <time>2026-05-04T04:12:04.3640000+00:00</time>
      </trkpt>
      <trkpt lat="46.68389" lon="7.53559">
        <ele>1632.06</ele>
        <time>2026-05-04T04:12:28.5560000+00:00</time>
      </trkpt>
      <trkpt lat="46.68382" lon="7.53558">
        <ele>1632.99</ele>
        <time>2026-05-04T04:12:41.4840000+00:00</time>
      </trkpt>
      <trkpt lat="46.68376" lon="7.53553">
        <ele>1634.9</ele>
        <time>2026-05-04T04:12:54.1870000+00:00</time>
      </trkpt>
      <trkpt lat="46.68369" lon="7.53552">
        <ele>1635.96</ele>
        <time>2026-05-04T04:13:07.1160000+00:00</time>
      </trkpt>
      <trkpt lat="46.68366" lon="7.5356">
        <ele>1634.01</ele>
        <time>2026-05-04T04:13:18.6110000+00:00</time>
      </trkpt>
      <trkpt lat="46.68363" lon="7.53565">
        <ele>1632.83</ele>
        <time>2026-05-04T04:13:26.9860000+00:00</time>
      </trkpt>
      <trkpt lat="46.68361" lon="7.53571">
        <ele>1631.22</ele>
        <time>2026-05-04T04:13:35.3990000+00:00</time>
      </trkpt>
      <trkpt lat="46.68358" lon="7.53574">
        <ele>1630.83</ele>
        <time>2026-05-04T04:13:42.0860000+00:00</time>
      </trkpt>
      <trkpt lat="46.68351" lon="7.53574">
        <ele>1632.59</ele>
        <time>2026-05-04T04:13:54.9520000+00:00</time>
      </trkpt>
      <trkpt lat="46.68348" lon="7.53575">
        <ele>1633.08</ele>
        <time>2026-05-04T04:14:00.6100000+00:00</time>
      </trkpt>
      <trkpt lat="46.68346" lon="7.53579">
        <ele>1632.55</ele>
        <time>2026-05-04T04:14:06.8510000+00:00</time>
      </trkpt>
      <trkpt lat="46.68346" lon="7.53592">
        <ele>1629.19</ele>
        <time>2026-05-04T04:14:23.2430000+00:00</time>
      </trkpt>
      <trkpt lat="46.68347" lon="7.53602">
        <ele>1626.26</ele>
        <time>2026-05-04T04:14:35.9850000+00:00</time>
      </trkpt>
      <trkpt lat="46.68346" lon="7.53612">
        <ele>1624.01</ele>
        <time>2026-05-04T04:14:48.7260000+00:00</time>
      </trkpt>
      <trkpt lat="46.68343" lon="7.53625">
        <ele>1622.45</ele>
        <time>2026-05-04T04:15:06.0210000+00:00</time>
      </trkpt>
      <trkpt lat="46.68339" lon="7.53637">
        <ele>1623.61</ele>
        <time>2026-05-04T04:15:22.8440000+00:00</time>
      </trkpt>
      <trkpt lat="46.68337" lon="7.53644">
        <ele>1624.32</ele>
        <time>2026-05-04T04:15:32.4050000+00:00</time>
      </trkpt>
      <trkpt lat="46.68337" lon="7.5365">
        <ele>1624.14</ele>
        <time>2026-05-04T04:15:39.9700000+00:00</time>
      </trkpt>
      <trkpt lat="46.68339" lon="7.53661">
        <ele>1622.66</ele>
        <time>2026-05-04T04:15:54.3200000+00:00</time>
      </trkpt>
      <trkpt lat="46.68338" lon="7.53669">
        <ele>1622.95</ele>
        <time>2026-05-04T04:16:04.5740000+00:00</time>
      </trkpt>
      <trkpt lat="46.68339" lon="7.53685">
        <ele>1621.71</ele>
        <time>2026-05-04T04:16:24.8320000+00:00</time>
      </trkpt>
      <trkpt lat="46.6834" lon="7.53699">
        <ele>1620.42</ele>
        <time>2026-05-04T04:16:42.5810000+00:00</time>
      </trkpt>
      <trkpt lat="46.68339" lon="7.53713">
        <ele>1620.86</ele>
        <time>2026-05-04T04:17:00.3290000+00:00</time>
      </trkpt>
      <trkpt lat="46.68337" lon="7.53719">
        <ele>1622.43</ele>
        <time>2026-05-04T04:17:08.7420000+00:00</time>
      </trkpt>
      <trkpt lat="46.68335" lon="7.53725">
        <ele>1624.07</ele>
        <time>2026-05-04T04:17:17.1540000+00:00</time>
      </trkpt>
      <trkpt lat="46.68335" lon="7.5373">
        <ele>1624.09</ele>
        <time>2026-05-04T04:17:23.4610000+00:00</time>
      </trkpt>
      <trkpt lat="46.68337" lon="7.53736">
        <ele>1622.41</ele>
        <time>2026-05-04T04:17:31.8730000+00:00</time>
      </trkpt>
      <trkpt lat="46.68341" lon="7.53743">
        <ele>1618.94</ele>
        <time>2026-05-04T04:17:43.3620000+00:00</time>
      </trkpt>
      <trkpt lat="46.68346" lon="7.53753">
        <ele>1614.36</ele>
        <time>2026-05-04T04:17:58.9650000+00:00</time>
      </trkpt>
      <trkpt lat="46.6835" lon="7.53764">
        <ele>1610.41</ele>
        <time>2026-05-04T04:18:14.6630000+00:00</time>
      </trkpt>
      <trkpt lat="46.6835" lon="7.53773">
        <ele>1610.09</ele>
        <time>2026-05-04T04:18:26.0090000+00:00</time>
      </trkpt>
      <trkpt lat="46.68351" lon="7.53785">
        <ele>1608.7</ele>
        <time>2026-05-04T04:18:41.2510000+00:00</time>
      </trkpt>
      <trkpt lat="46.6835" lon="7.53793">
        <ele>1609.31</ele>
        <time>2026-05-04T04:18:51.5040000+00:00</time>
      </trkpt>
      <trkpt lat="46.68352" lon="7.53802">
        <ele>1606.83</ele>
        <time>2026-05-04T04:19:03.4330000+00:00</time>
      </trkpt>
      <trkpt lat="46.68355" lon="7.53811">
        <ele>1603.34</ele>
        <time>2026-05-04T04:19:16.0500000+00:00</time>
      </trkpt>
      <trkpt lat="46.6836" lon="7.53827">
        <ele>1597.67</ele>
        <time>2026-05-04T04:19:38.2190000+00:00</time>
      </trkpt>
      <trkpt lat="46.68366" lon="7.53875">
        <ele>1594.81</ele>
        <time>2026-05-04T04:20:39.7400000+00:00</time>
      </trkpt>
      <trkpt lat="46.68373" lon="7.53918">
        <ele>1594.99</ele>
        <time>2026-05-04T04:21:35.4650000+00:00</time>
      </trkpt>
      <trkpt lat="46.68379" lon="7.53962">
        <ele>1595.52</ele>
        <time>2026-05-04T04:22:32.0310000+00:00</time>
      </trkpt>
      <trkpt lat="46.68381" lon="7.53973">
        <ele>1596.1</ele>
        <time>2026-05-04T04:22:46.3790000+00:00</time>
      </trkpt>
      <trkpt lat="46.68385" lon="7.53987">
        <ele>1596.66</ele>
        <time>2026-05-04T04:23:05.5020000+00:00</time>
      </trkpt>
      <trkpt lat="46.68386" lon="7.53994">
        <ele>1596.98</ele>
        <time>2026-05-04T04:23:14.5180000+00:00</time>
      </trkpt>
      <trkpt lat="46.68386" lon="7.54002">
        <ele>1597.44</ele>
        <time>2026-05-04T04:23:24.6060000+00:00</time>
      </trkpt>
      <trkpt lat="46.68383" lon="7.54015">
        <ele>1598.51</ele>
        <time>2026-05-04T04:23:41.9000000+00:00</time>
      </trkpt>
      <trkpt lat="46.68382" lon="7.54024">
        <ele>1599.17</ele>
        <time>2026-05-04T04:23:53.3950000+00:00</time>
      </trkpt>
      <trkpt lat="46.6838" lon="7.54032">
        <ele>1599.92</ele>
        <time>2026-05-04T04:24:04.1300000+00:00</time>
      </trkpt>
      <trkpt lat="46.68379" lon="7.54039">
        <ele>1600.49</ele>
        <time>2026-05-04T04:24:13.1450000+00:00</time>
      </trkpt>
      <trkpt lat="46.68377" lon="7.54055">
        <ele>1601.67</ele>
        <time>2026-05-04T04:24:33.6510000+00:00</time>
      </trkpt>
      <trkpt lat="46.68375" lon="7.5407">
        <ele>1602.84</ele>
        <time>2026-05-04T04:24:52.9190000+00:00</time>
      </trkpt>
      <trkpt lat="46.68369" lon="7.54075">
        <ele>1604.12</ele>
        <time>2026-05-04T04:25:05.6240000+00:00</time>
      </trkpt>
      <trkpt lat="46.68361" lon="7.54085">
        <ele>1606.14</ele>
        <time>2026-05-04T04:25:24.9950000+00:00</time>
      </trkpt>
      <trkpt lat="46.68359" lon="7.54094">
        <ele>1607.15</ele>
        <time>2026-05-04T04:25:36.9250000+00:00</time>
      </trkpt>
      <trkpt lat="46.68364" lon="7.5412">
        <ele>1608.02</ele>
        <time>2026-05-04T04:26:10.9730000+00:00</time>
      </trkpt>
      <trkpt lat="46.68362" lon="7.54131">
        <ele>1609.43</ele>
        <time>2026-05-04T04:26:25.3230000+00:00</time>
      </trkpt>
      <trkpt lat="46.68364" lon="7.5414">
        <ele>1609.88</ele>
        <time>2026-05-04T04:26:37.2510000+00:00</time>
      </trkpt>
      <trkpt lat="46.68366" lon="7.54154">
        <ele>1610.8</ele>
        <time>2026-05-04T04:26:55.2830000+00:00</time>
      </trkpt>
      <trkpt lat="46.6837" lon="7.54162">
        <ele>1610.72</ele>
        <time>2026-05-04T04:27:07.7640000+00:00</time>
      </trkpt>
      <trkpt lat="46.68378" lon="7.54174">
        <ele>1610.16</ele>
        <time>2026-05-04T04:27:28.8630000+00:00</time>
      </trkpt>
      <trkpt lat="46.68379" lon="7.54182">
        <ele>1610.7</ele>
        <time>2026-05-04T04:27:39.1160000+00:00</time>
      </trkpt>
      <trkpt lat="46.68378" lon="7.54185">
        <ele>1611.19</ele>
        <time>2026-05-04T04:27:43.3210000+00:00</time>
      </trkpt>
      <trkpt lat="46.68379" lon="7.54191">
        <ele>1611.54</ele>
        <time>2026-05-04T04:27:51.1070000+00:00</time>
      </trkpt>
      <trkpt lat="46.68385" lon="7.54191">
        <ele>1610.25</ele>
        <time>2026-05-04T04:28:02.1340000+00:00</time>
      </trkpt>
      <trkpt lat="46.68387" lon="7.54194">
        <ele>1610.1</ele>
        <time>2026-05-04T04:28:07.4090000+00:00</time>
      </trkpt>
      <trkpt lat="46.68386" lon="7.54197">
        <ele>1610.59</ele>
        <time>2026-05-04T04:28:11.6170000+00:00</time>
      </trkpt>
      <trkpt lat="46.68384" lon="7.54203">
        <ele>1611.58</ele>
        <time>2026-05-04T04:28:20.0280000+00:00</time>
      </trkpt>
      <trkpt lat="46.68384" lon="7.54208">
        <ele>1612.86</ele>
        <time>2026-05-04T04:28:26.3330000+00:00</time>
      </trkpt>
      <trkpt lat="46.68388" lon="7.54203">
        <ele>1610.71</ele>
        <time>2026-05-04T04:28:36.0180000+00:00</time>
      </trkpt>
      <trkpt lat="46.68391" lon="7.54202">
        <ele>1609.97</ele>
        <time>2026-05-04T04:28:41.6710000+00:00</time>
      </trkpt>
      <trkpt lat="46.68394" lon="7.54206">
        <ele>1609.97</ele>
        <time>2026-05-04T04:28:49.1430000+00:00</time>
      </trkpt>
      <trkpt lat="46.68394" lon="7.54214">
        <ele>1612.6</ele>
        <time>2026-05-04T04:28:59.2300000+00:00</time>
      </trkpt>
      <trkpt lat="46.68394" lon="7.54232">
        <ele>1618.53</ele>
        <time>2026-05-04T04:29:21.9270000+00:00</time>
      </trkpt>
      <trkpt lat="46.68392" lon="7.5424">
        <ele>1621.76</ele>
        <time>2026-05-04T04:29:32.6650000+00:00</time>
      </trkpt>
      <trkpt lat="46.68385" lon="7.54252">
        <ele>1628.04</ele>
        <time>2026-05-04T04:29:52.5270000+00:00</time>
      </trkpt>
      <trkpt lat="46.68382" lon="7.54256">
        <ele>1630.44</ele>
        <time>2026-05-04T04:30:00.0000000+00:00</time>
      </trkpt>
    </trkseg>
  </trk>
</gpx>