<?xml version="1.0" encoding="utf-8"?>
<gpx xmlns:xsd="http://www.w3.org/2001/XMLSchema" xmlns:xsi="http://www.w3.org/2001/XMLSchema-instance" creator="eT4 META" version="1.1" xsi:schemaLocation="http://www.topografix.com/GPX/1/1 http://www.topografix.com/GPX/1/1/gpx.xsd" xmlns="http://www.topografix.com/GPX/1/1">
  <trk>
    <name>Par la passerelle suspendue à un câble vers Beatenberg</name>
    <trkseg>
      <trkpt lat="46.68697" lon="7.79628">
        <ele>634.52</ele>
        <time>2026-05-04T00:00:00.0000000+00:00</time>
      </trkpt>
      <trkpt lat="46.68696" lon="7.79631">
        <ele>635.47</ele>
        <time>2026-05-04T00:00:03.8290000+00:00</time>
      </trkpt>
      <trkpt lat="46.68695" lon="7.79637">
        <ele>637.59</ele>
        <time>2026-05-04T00:00:10.9180000+00:00</time>
      </trkpt>
      <trkpt lat="46.68694" lon="7.79642">
        <ele>639.3</ele>
        <time>2026-05-04T00:00:16.8990000+00:00</time>
      </trkpt>
      <trkpt lat="46.68693" lon="7.79646">
        <ele>640.61</ele>
        <time>2026-05-04T00:00:21.7860000+00:00</time>
      </trkpt>
      <trkpt lat="46.68693" lon="7.79653">
        <ele>643.3</ele>
        <time>2026-05-04T00:00:29.8200000+00:00</time>
      </trkpt>
      <trkpt lat="46.68692" lon="7.79665">
        <ele>647.4</ele>
        <time>2026-05-04T00:00:43.6970000+00:00</time>
      </trkpt>
      <trkpt lat="46.68692" lon="7.79669">
        <ele>648.92</ele>
        <time>2026-05-04T00:00:48.2890000+00:00</time>
      </trkpt>
      <trkpt lat="46.68698" lon="7.7967">
        <ele>651.18</ele>
        <time>2026-05-04T00:00:58.3970000+00:00</time>
      </trkpt>
      <trkpt lat="46.68698" lon="7.79675">
        <ele>653.14</ele>
        <time>2026-05-04T00:01:04.1370000+00:00</time>
      </trkpt>
      <trkpt lat="46.68706" lon="7.79675">
        <ele>655.35</ele>
        <time>2026-05-04T00:01:17.5250000+00:00</time>
      </trkpt>
      <trkpt lat="46.6872" lon="7.79679">
        <ele>660.91</ele>
        <time>2026-05-04T00:01:41.4000000+00:00</time>
      </trkpt>
      <trkpt lat="46.68725" lon="7.7968">
        <ele>662.74</ele>
        <time>2026-05-04T00:01:49.8450000+00:00</time>
      </trkpt>
      <trkpt lat="46.68732" lon="7.79677">
        <ele>663.4</ele>
        <time>2026-05-04T00:02:02.0560000+00:00</time>
      </trkpt>
      <trkpt lat="46.68736" lon="7.79676">
        <ele>664.07</ele>
        <time>2026-05-04T00:02:08.8490000+00:00</time>
      </trkpt>
      <trkpt lat="46.68745" lon="7.79678">
        <ele>667.49</ele>
        <time>2026-05-04T00:02:24.0840000+00:00</time>
      </trkpt>
      <trkpt lat="46.68765" lon="7.79681">
        <ele>674.55</ele>
        <time>2026-05-04T00:02:57.7310000+00:00</time>
      </trkpt>
      <trkpt lat="46.68767" lon="7.79684">
        <ele>676.52</ele>
        <time>2026-05-04T00:03:02.5340000+00:00</time>
      </trkpt>
      <trkpt lat="46.68755" lon="7.79694">
        <ele>675.56</ele>
        <time>2026-05-04T00:03:25.6660000+00:00</time>
      </trkpt>
      <trkpt lat="46.68769" lon="7.79698">
        <ele>681.18</ele>
        <time>2026-05-04T00:03:49.5410000+00:00</time>
      </trkpt>
      <trkpt lat="46.68799" lon="7.79699">
        <ele>685.43</ele>
        <time>2026-05-04T00:04:39.7590000+00:00</time>
      </trkpt>
      <trkpt lat="46.68794" lon="7.79709">
        <ele>688.75</ele>
        <time>2026-05-04T00:04:53.9650000+00:00</time>
      </trkpt>
      <trkpt lat="46.68785" lon="7.79722">
        <ele>692.25</ele>
        <time>2026-05-04T00:05:15.1690000+00:00</time>
      </trkpt>
      <trkpt lat="46.68781" lon="7.79726">
        <ele>693</ele>
        <time>2026-05-04T00:05:23.2860000+00:00</time>
      </trkpt>
      <trkpt lat="46.68767" lon="7.79734">
        <ele>690.83</ele>
        <time>2026-05-04T00:05:48.4510000+00:00</time>
      </trkpt>
      <trkpt lat="46.68765" lon="7.79737">
        <ele>690.8</ele>
        <time>2026-05-04T00:05:53.2540000+00:00</time>
      </trkpt>
      <trkpt lat="46.68765" lon="7.7974">
        <ele>691.64</ele>
        <time>2026-05-04T00:05:56.6950000+00:00</time>
      </trkpt>
      <trkpt lat="46.68767" lon="7.79743">
        <ele>693.4</ele>
        <time>2026-05-04T00:06:01.4980000+00:00</time>
      </trkpt>
      <trkpt lat="46.68774" lon="7.7975">
        <ele>698.77</ele>
        <time>2026-05-04T00:06:15.7040000+00:00</time>
      </trkpt>
      <trkpt lat="46.68779" lon="7.79751">
        <ele>700.73</ele>
        <time>2026-05-04T00:06:24.1490000+00:00</time>
      </trkpt>
      <trkpt lat="46.68791" lon="7.79754">
        <ele>704.54</ele>
        <time>2026-05-04T00:06:44.5250000+00:00</time>
      </trkpt>
      <trkpt lat="46.6881" lon="7.79755">
        <ele>709.46</ele>
        <time>2026-05-04T00:07:16.3420000+00:00</time>
      </trkpt>
      <trkpt lat="46.68818" lon="7.7976">
        <ele>713.58</ele>
        <time>2026-05-04T00:07:30.9090000+00:00</time>
      </trkpt>
      <trkpt lat="46.68826" lon="7.79764">
        <ele>717.48</ele>
        <time>2026-05-04T00:07:45.0640000+00:00</time>
      </trkpt>
      <trkpt lat="46.68834" lon="7.79769">
        <ele>721.34</ele>
        <time>2026-05-04T00:07:59.6300000+00:00</time>
      </trkpt>
      <trkpt lat="46.68852" lon="7.7978">
        <ele>728.14</ele>
        <time>2026-05-04T00:08:32.2930000+00:00</time>
      </trkpt>
      <trkpt lat="46.68862" lon="7.79784">
        <ele>731.58</ele>
        <time>2026-05-04T00:08:49.6470000+00:00</time>
      </trkpt>
      <trkpt lat="46.6887" lon="7.79786">
        <ele>734.01</ele>
        <time>2026-05-04T00:09:03.2310000+00:00</time>
      </trkpt>
      <trkpt lat="46.68886" lon="7.7979">
        <ele>739.09</ele>
        <time>2026-05-04T00:09:30.3980000+00:00</time>
      </trkpt>
      <trkpt lat="46.68894" lon="7.79793">
        <ele>741.99</ele>
        <time>2026-05-04T00:09:44.2220000+00:00</time>
      </trkpt>
      <trkpt lat="46.68898" lon="7.79797">
        <ele>744.13</ele>
        <time>2026-05-04T00:09:52.3400000+00:00</time>
      </trkpt>
      <trkpt lat="46.68891" lon="7.79805">
        <ele>744.06</ele>
        <time>2026-05-04T00:10:07.2260000+00:00</time>
      </trkpt>
      <trkpt lat="46.68883" lon="7.79811">
        <ele>742.96</ele>
        <time>2026-05-04T00:10:22.2820000+00:00</time>
      </trkpt>
      <trkpt lat="46.68877" lon="7.79814">
        <ele>741.68</ele>
        <time>2026-05-04T00:10:32.8970000+00:00</time>
      </trkpt>
      <trkpt lat="46.68875" lon="7.79817">
        <ele>741.65</ele>
        <time>2026-05-04T00:10:37.7000000+00:00</time>
      </trkpt>
      <trkpt lat="46.68874" lon="7.79821">
        <ele>742.12</ele>
        <time>2026-05-04T00:10:42.5880000+00:00</time>
      </trkpt>
      <trkpt lat="46.68877" lon="7.79836">
        <ele>746.28</ele>
        <time>2026-05-04T00:11:00.5250000+00:00</time>
      </trkpt>
      <trkpt lat="46.68891" lon="7.79839">
        <ele>752.27</ele>
        <time>2026-05-04T00:11:24.2060000+00:00</time>
      </trkpt>
      <trkpt lat="46.68906" lon="7.79843">
        <ele>759.11</ele>
        <time>2026-05-04T00:11:49.7250000+00:00</time>
      </trkpt>
      <trkpt lat="46.68907" lon="7.79843">
        <ele>759.5</ele>
        <time>2026-05-04T00:11:51.3970000+00:00</time>
      </trkpt>
      <trkpt lat="46.68911" lon="7.79845">
        <ele>761.64</ele>
        <time>2026-05-04T00:11:58.4750000+00:00</time>
      </trkpt>
      <trkpt lat="46.68914" lon="7.79848">
        <ele>763.72</ele>
        <time>2026-05-04T00:12:04.5640000+00:00</time>
      </trkpt>
      <trkpt lat="46.68916" lon="7.7985">
        <ele>765.12</ele>
        <time>2026-05-04T00:12:08.6230000+00:00</time>
      </trkpt>
      <trkpt lat="46.68916" lon="7.79853">
        <ele>765.75</ele>
        <time>2026-05-04T00:12:12.0700000+00:00</time>
      </trkpt>
      <trkpt lat="46.68931" lon="7.79855">
        <ele>772.28</ele>
        <time>2026-05-04T00:12:37.2770000+00:00</time>
      </trkpt>
      <trkpt lat="46.68937" lon="7.79855">
        <ele>774.73</ele>
        <time>2026-05-04T00:12:47.3190000+00:00</time>
      </trkpt>
      <trkpt lat="46.68946" lon="7.79853">
        <ele>776.86</ele>
        <time>2026-05-04T00:13:02.5540000+00:00</time>
      </trkpt>
      <trkpt lat="46.68946" lon="7.7985">
        <ele>776.2</ele>
        <time>2026-05-04T00:13:05.9980000+00:00</time>
      </trkpt>
      <trkpt lat="46.68955" lon="7.79843">
        <ele>774.02</ele>
        <time>2026-05-04T00:13:23.0700000+00:00</time>
      </trkpt>
      <trkpt lat="46.68964" lon="7.79838">
        <ele>772.28</ele>
        <time>2026-05-04T00:13:39.1880000+00:00</time>
      </trkpt>
      <trkpt lat="46.6897" lon="7.79832">
        <ele>769.73</ele>
        <time>2026-05-04T00:13:51.3650000+00:00</time>
      </trkpt>
      <trkpt lat="46.68975" lon="7.79826">
        <ele>766.94</ele>
        <time>2026-05-04T00:14:02.2030000+00:00</time>
      </trkpt>
      <trkpt lat="46.68986" lon="7.7982">
        <ele>763.75</ele>
        <time>2026-05-04T00:14:21.8580000+00:00</time>
      </trkpt>
      <trkpt lat="46.68991" lon="7.79818">
        <ele>762.53</ele>
        <time>2026-05-04T00:14:30.5350000+00:00</time>
      </trkpt>
      <trkpt lat="46.68999" lon="7.79817">
        <ele>761.66</ele>
        <time>2026-05-04T00:14:43.9720000+00:00</time>
      </trkpt>
      <trkpt lat="46.6901" lon="7.79816">
        <ele>760.6</ele>
        <time>2026-05-04T00:15:02.4160000+00:00</time>
      </trkpt>
      <trkpt lat="46.69021" lon="7.79822">
        <ele>763.88</ele>
        <time>2026-05-04T00:15:22.0710000+00:00</time>
      </trkpt>
      <trkpt lat="46.69032" lon="7.79825">
        <ele>764.39</ele>
        <time>2026-05-04T00:15:40.7990000+00:00</time>
      </trkpt>
      <trkpt lat="46.69041" lon="7.79826">
        <ele>763.06</ele>
        <time>2026-05-04T00:15:55.9040000+00:00</time>
      </trkpt>
      <trkpt lat="46.69058" lon="7.7984">
        <ele>766.9</ele>
        <time>2026-05-04T00:16:28.5790000+00:00</time>
      </trkpt>
      <trkpt lat="46.69082" lon="7.79855">
        <ele>767.77</ele>
        <time>2026-05-04T00:17:12.2790000+00:00</time>
      </trkpt>
      <trkpt lat="46.6911" lon="7.7987">
        <ele>769.29</ele>
        <time>2026-05-04T00:18:02.2010000+00:00</time>
      </trkpt>
      <trkpt lat="46.6913" lon="7.7989">
        <ele>777.98</ele>
        <time>2026-05-04T00:18:42.7890000+00:00</time>
      </trkpt>
      <trkpt lat="46.69147" lon="7.79906">
        <ele>783.21</ele>
        <time>2026-05-04T00:19:16.6520000+00:00</time>
      </trkpt>
      <trkpt lat="46.69167" lon="7.79923">
        <ele>786.68</ele>
        <time>2026-05-04T00:19:55.3950000+00:00</time>
      </trkpt>
      <trkpt lat="46.69175" lon="7.79927">
        <ele>786.31</ele>
        <time>2026-05-04T00:20:09.5480000+00:00</time>
      </trkpt>
      <trkpt lat="46.69189" lon="7.79932">
        <ele>784.42</ele>
        <time>2026-05-04T00:20:33.6700000+00:00</time>
      </trkpt>
      <trkpt lat="46.69202" lon="7.79936">
        <ele>784.58</ele>
        <time>2026-05-04T00:20:55.9050000+00:00</time>
      </trkpt>
      <trkpt lat="46.69208" lon="7.7994">
        <ele>786.16</ele>
        <time>2026-05-04T00:21:06.9450000+00:00</time>
      </trkpt>
      <trkpt lat="46.69211" lon="7.79945">
        <ele>788.51</ele>
        <time>2026-05-04T00:21:14.5700000+00:00</time>
      </trkpt>
      <trkpt lat="46.69214" lon="7.79952">
        <ele>791.81</ele>
        <time>2026-05-04T00:21:24.0440000+00:00</time>
      </trkpt>
      <trkpt lat="46.69216" lon="7.79955">
        <ele>793.05</ele>
        <time>2026-05-04T00:21:28.8470000+00:00</time>
      </trkpt>
      <trkpt lat="46.69219" lon="7.79956">
        <ele>793.03</ele>
        <time>2026-05-04T00:21:33.9990000+00:00</time>
      </trkpt>
      <trkpt lat="46.6923" lon="7.79958">
        <ele>791.98</ele>
        <time>2026-05-04T00:21:52.5500000+00:00</time>
      </trkpt>
      <trkpt lat="46.69241" lon="7.79957">
        <ele>789.48</ele>
        <time>2026-05-04T00:22:10.9950000+00:00</time>
      </trkpt>
      <trkpt lat="46.69247" lon="7.79957">
        <ele>788.37</ele>
        <time>2026-05-04T00:22:21.0360000+00:00</time>
      </trkpt>
      <trkpt lat="46.69251" lon="7.79958">
        <ele>788.02</ele>
        <time>2026-05-04T00:22:27.8280000+00:00</time>
      </trkpt>
      <trkpt lat="46.69255" lon="7.79961">
        <ele>788.4</ele>
        <time>2026-05-04T00:22:35.3560000+00:00</time>
      </trkpt>
      <trkpt lat="46.69263" lon="7.79947">
        <ele>781.94</ele>
        <time>2026-05-04T00:22:56.2730000+00:00</time>
      </trkpt>
      <trkpt lat="46.69274" lon="7.79928">
        <ele>776.87</ele>
        <time>2026-05-04T00:23:24.8130000+00:00</time>
      </trkpt>
      <trkpt lat="46.69282" lon="7.79909">
        <ele>782.81</ele>
        <time>2026-05-04T00:23:50.4040000+00:00</time>
      </trkpt>
      <trkpt lat="46.69291" lon="7.7989">
        <ele>791.02</ele>
        <time>2026-05-04T00:24:16.9090000+00:00</time>
      </trkpt>
      <trkpt lat="46.69296" lon="7.79878">
        <ele>796.31</ele>
        <time>2026-05-04T00:24:33.0260000+00:00</time>
      </trkpt>
      <trkpt lat="46.69299" lon="7.79878">
        <ele>798.12</ele>
        <time>2026-05-04T00:24:38.0450000+00:00</time>
      </trkpt>
      <trkpt lat="46.69303" lon="7.79883">
        <ele>799.42</ele>
        <time>2026-05-04T00:24:46.8620000+00:00</time>
      </trkpt>
      <trkpt lat="46.69308" lon="7.79887">
        <ele>801.42</ele>
        <time>2026-05-04T00:24:56.4060000+00:00</time>
      </trkpt>
      <trkpt lat="46.69308" lon="7.79881">
        <ele>802.84</ele>
        <time>2026-05-04T00:25:03.2940000+00:00</time>
      </trkpt>
      <trkpt lat="46.69306" lon="7.79874">
        <ele>803.27</ele>
        <time>2026-05-04T00:25:11.9980000+00:00</time>
      </trkpt>
      <trkpt lat="46.69301" lon="7.79867">
        <ele>801.72</ele>
        <time>2026-05-04T00:25:23.6000000+00:00</time>
      </trkpt>
      <trkpt lat="46.69298" lon="7.79859">
        <ele>801.48</ele>
        <time>2026-05-04T00:25:34.0660000+00:00</time>
      </trkpt>
      <trkpt lat="46.69291" lon="7.79842">
        <ele>801.48</ele>
        <time>2026-05-04T00:25:56.8260000+00:00</time>
      </trkpt>
      <trkpt lat="46.69286" lon="7.79826">
        <ele>804.21</ele>
        <time>2026-05-04T00:26:17.0090000+00:00</time>
      </trkpt>
      <trkpt lat="46.69279" lon="7.79808">
        <ele>807.09</ele>
        <time>2026-05-04T00:26:40.7610000+00:00</time>
      </trkpt>
      <trkpt lat="46.69274" lon="7.79797">
        <ele>808.83</ele>
        <time>2026-05-04T00:26:55.9090000+00:00</time>
      </trkpt>
      <trkpt lat="46.6927" lon="7.79789">
        <ele>809.86</ele>
        <time>2026-05-04T00:27:07.2730000+00:00</time>
      </trkpt>
      <trkpt lat="46.69263" lon="7.79779">
        <ele>809.87</ele>
        <time>2026-05-04T00:27:23.6740000+00:00</time>
      </trkpt>
      <trkpt lat="46.69255" lon="7.79771">
        <ele>808.32</ele>
        <time>2026-05-04T00:27:39.9080000+00:00</time>
      </trkpt>
      <trkpt lat="46.69249" lon="7.79767">
        <ele>806.29</ele>
        <time>2026-05-04T00:27:50.9480000+00:00</time>
      </trkpt>
      <trkpt lat="46.69246" lon="7.79764">
        <ele>805.81</ele>
        <time>2026-05-04T00:27:57.0370000+00:00</time>
      </trkpt>
      <trkpt lat="46.69242" lon="7.79754">
        <ele>807.89</ele>
        <time>2026-05-04T00:28:10.3250000+00:00</time>
      </trkpt>
      <trkpt lat="46.69239" lon="7.79748">
        <ele>808.92</ele>
        <time>2026-05-04T00:28:18.8480000+00:00</time>
      </trkpt>
      <trkpt lat="46.69234" lon="7.79738">
        <ele>810.86</ele>
        <time>2026-05-04T00:28:33.0530000+00:00</time>
      </trkpt>
      <trkpt lat="46.69231" lon="7.79725">
        <ele>815.45</ele>
        <time>2026-05-04T00:28:48.7980000+00:00</time>
      </trkpt>
      <trkpt lat="46.6923" lon="7.7971">
        <ele>822.07</ele>
        <time>2026-05-04T00:29:06.0970000+00:00</time>
      </trkpt>
      <trkpt lat="46.69226" lon="7.79695">
        <ele>827.61</ele>
        <time>2026-05-04T00:29:24.5710000+00:00</time>
      </trkpt>
      <trkpt lat="46.69225" lon="7.79688">
        <ele>830.62</ele>
        <time>2026-05-04T00:29:32.7790000+00:00</time>
      </trkpt>
      <trkpt lat="46.69225" lon="7.79679">
        <ele>834.38</ele>
        <time>2026-05-04T00:29:43.1100000+00:00</time>
      </trkpt>
      <trkpt lat="46.69227" lon="7.7967">
        <ele>838.26</ele>
        <time>2026-05-04T00:29:53.9690000+00:00</time>
      </trkpt>
      <trkpt lat="46.69232" lon="7.7966">
        <ele>843.63</ele>
        <time>2026-05-04T00:30:08.1740000+00:00</time>
      </trkpt>
      <trkpt lat="46.69237" lon="7.79648">
        <ele>849.75</ele>
        <time>2026-05-04T00:30:24.2910000+00:00</time>
      </trkpt>
      <trkpt lat="46.69239" lon="7.79638">
        <ele>854.07</ele>
        <time>2026-05-04T00:30:36.2480000+00:00</time>
      </trkpt>
      <trkpt lat="46.6924" lon="7.79631">
        <ele>856.94</ele>
        <time>2026-05-04T00:30:44.4560000+00:00</time>
      </trkpt>
      <trkpt lat="46.69239" lon="7.79626">
        <ele>858.34</ele>
        <time>2026-05-04T00:30:50.4340000+00:00</time>
      </trkpt>
      <trkpt lat="46.69233" lon="7.79613">
        <ele>860.63</ele>
        <time>2026-05-04T00:31:08.4210000+00:00</time>
      </trkpt>
      <trkpt lat="46.69231" lon="7.79604">
        <ele>863.03</ele>
        <time>2026-05-04T00:31:19.2820000+00:00</time>
      </trkpt>
      <trkpt lat="46.69229" lon="7.79587">
        <ele>866.98</ele>
        <time>2026-05-04T00:31:39.0810000+00:00</time>
      </trkpt>
      <trkpt lat="46.69228" lon="7.79574">
        <ele>869.91</ele>
        <time>2026-05-04T00:31:54.0970000+00:00</time>
      </trkpt>
      <trkpt lat="46.69228" lon="7.79558">
        <ele>874.03</ele>
        <time>2026-05-04T00:32:12.4630000+00:00</time>
      </trkpt>
      <trkpt lat="46.6923" lon="7.79537">
        <ele>880.37</ele>
        <time>2026-05-04T00:32:36.7990000+00:00</time>
      </trkpt>
      <trkpt lat="46.69233" lon="7.79518">
        <ele>886.78</ele>
        <time>2026-05-04T00:32:59.1800000+00:00</time>
      </trkpt>
      <trkpt lat="46.69239" lon="7.795">
        <ele>894.08</ele>
        <time>2026-05-04T00:33:22.1530000+00:00</time>
      </trkpt>
      <trkpt lat="46.69242" lon="7.79488">
        <ele>898.56</ele>
        <time>2026-05-04T00:33:36.8140000+00:00</time>
      </trkpt>
      <trkpt lat="46.69244" lon="7.79481">
        <ele>901.35</ele>
        <time>2026-05-04T00:33:45.5190000+00:00</time>
      </trkpt>
      <trkpt lat="46.6924" lon="7.79474">
        <ele>900.89</ele>
        <time>2026-05-04T00:33:55.9780000+00:00</time>
      </trkpt>
      <trkpt lat="46.69232" lon="7.79465">
        <ele>898.59</ele>
        <time>2026-05-04T00:34:12.8880000+00:00</time>
      </trkpt>
      <trkpt lat="46.69227" lon="7.79455">
        <ele>898.04</ele>
        <time>2026-05-04T00:34:27.0930000+00:00</time>
      </trkpt>
      <trkpt lat="46.69217" lon="7.79429">
        <ele>898.05</ele>
        <time>2026-05-04T00:35:01.3110000+00:00</time>
      </trkpt>
      <trkpt lat="46.69204" lon="7.79408">
        <ele>896.23</ele>
        <time>2026-05-04T00:35:33.7830000+00:00</time>
      </trkpt>
      <trkpt lat="46.69198" lon="7.79393">
        <ele>897.25</ele>
        <time>2026-05-04T00:35:53.7150000+00:00</time>
      </trkpt>
      <trkpt lat="46.69188" lon="7.7936">
        <ele>901.7</ele>
        <time>2026-05-04T00:36:35.1270000+00:00</time>
      </trkpt>
      <trkpt lat="46.69184" lon="7.79332">
        <ele>911.38</ele>
        <time>2026-05-04T00:37:07.9580000+00:00</time>
      </trkpt>
      <trkpt lat="46.69179" lon="7.79313">
        <ele>917.54</ele>
        <time>2026-05-04T00:37:31.3190000+00:00</time>
      </trkpt>
      <trkpt lat="46.69172" lon="7.79294">
        <ele>922.05</ele>
        <time>2026-05-04T00:37:56.0760000+00:00</time>
      </trkpt>
      <trkpt lat="46.69164" lon="7.79256">
        <ele>933.38</ele>
        <time>2026-05-04T00:38:41.7050000+00:00</time>
      </trkpt>
      <trkpt lat="46.69164" lon="7.79245">
        <ele>937.74</ele>
        <time>2026-05-04T00:38:54.3320000+00:00</time>
      </trkpt>
      <trkpt lat="46.69168" lon="7.79238">
        <ele>943.44</ele>
        <time>2026-05-04T00:39:04.7890000+00:00</time>
      </trkpt>
      <trkpt lat="46.69173" lon="7.79222">
        <ele>953.57</ele>
        <time>2026-05-04T00:39:24.9720000+00:00</time>
      </trkpt>
      <trkpt lat="46.69173" lon="7.79218">
        <ele>955.18</ele>
        <time>2026-05-04T00:39:29.5650000+00:00</time>
      </trkpt>
      <trkpt lat="46.69176" lon="7.792">
        <ele>964.75</ele>
        <time>2026-05-04T00:39:50.8280000+00:00</time>
      </trkpt>
      <trkpt lat="46.69179" lon="7.79166">
        <ele>975.83</ele>
        <time>2026-05-04T00:40:30.1790000+00:00</time>
      </trkpt>
      <trkpt lat="46.69182" lon="7.7917">
        <ele>977.7</ele>
        <time>2026-05-04T00:40:36.9830000+00:00</time>
      </trkpt>
      <trkpt lat="46.69187" lon="7.7916">
        <ele>982.93</ele>
        <time>2026-05-04T00:40:51.1880000+00:00</time>
      </trkpt>
      <trkpt lat="46.69195" lon="7.79168">
        <ele>987.87</ele>
        <time>2026-05-04T00:41:07.4230000+00:00</time>
      </trkpt>
      <trkpt lat="46.69196" lon="7.79152">
        <ele>990.61</ele>
        <time>2026-05-04T00:41:25.8660000+00:00</time>
      </trkpt>
      <trkpt lat="46.69194" lon="7.79142">
        <ele>990.62</ele>
        <time>2026-05-04T00:41:37.8230000+00:00</time>
      </trkpt>
      <trkpt lat="46.692" lon="7.79125">
        <ele>996.62</ele>
        <time>2026-05-04T00:41:59.7700000+00:00</time>
      </trkpt>
      <trkpt lat="46.69203" lon="7.79131">
        <ele>997.77</ele>
        <time>2026-05-04T00:42:08.2920000+00:00</time>
      </trkpt>
      <trkpt lat="46.69208" lon="7.79122">
        <ele>1002.02</ele>
        <time>2026-05-04T00:42:21.5860000+00:00</time>
      </trkpt>
      <trkpt lat="46.69212" lon="7.7911">
        <ele>1005.95</ele>
        <time>2026-05-04T00:42:36.9010000+00:00</time>
      </trkpt>
      <trkpt lat="46.69222" lon="7.79123">
        <ele>1010.7</ele>
        <time>2026-05-04T00:42:59.3240000+00:00</time>
      </trkpt>
      <trkpt lat="46.6923" lon="7.79156">
        <ele>1012.27</ele>
        <time>2026-05-04T00:43:39.5010000+00:00</time>
      </trkpt>
      <trkpt lat="46.69234" lon="7.7916">
        <ele>1014.47</ele>
        <time>2026-05-04T00:43:47.6160000+00:00</time>
      </trkpt>
      <trkpt lat="46.69237" lon="7.79159">
        <ele>1016.54</ele>
        <time>2026-05-04T00:43:52.7680000+00:00</time>
      </trkpt>
      <trkpt lat="46.69248" lon="7.79112">
        <ele>1028.06</ele>
        <time>2026-05-04T00:44:49.7720000+00:00</time>
      </trkpt>
      <trkpt lat="46.69252" lon="7.79112">
        <ele>1030.54</ele>
        <time>2026-05-04T00:44:56.4650000+00:00</time>
      </trkpt>
      <trkpt lat="46.69263" lon="7.79134">
        <ele>1035.58</ele>
        <time>2026-05-04T00:45:27.7160000+00:00</time>
      </trkpt>
      <trkpt lat="46.6927" lon="7.79156">
        <ele>1038.36</ele>
        <time>2026-05-04T00:45:55.5540000+00:00</time>
      </trkpt>
      <trkpt lat="46.69273" lon="7.79164">
        <ele>1039.73</ele>
        <time>2026-05-04T00:46:06.0200000+00:00</time>
      </trkpt>
      <trkpt lat="46.69277" lon="7.79165">
        <ele>1041.91</ele>
        <time>2026-05-04T00:46:12.8110000+00:00</time>
      </trkpt>
      <trkpt lat="46.693" lon="7.79122">
        <ele>1054.86</ele>
        <time>2026-05-04T00:47:15.4040000+00:00</time>
      </trkpt>
      <trkpt lat="46.69305" lon="7.79116">
        <ele>1057.58</ele>
        <time>2026-05-04T00:47:26.2410000+00:00</time>
      </trkpt>
      <trkpt lat="46.69312" lon="7.79131">
        <ele>1059.04</ele>
        <time>2026-05-04T00:47:47.0670000+00:00</time>
      </trkpt>
      <trkpt lat="46.69328" lon="7.79106">
        <ele>1068.67</ele>
        <time>2026-05-04T00:48:26.3160000+00:00</time>
      </trkpt>
      <trkpt lat="46.69333" lon="7.79107">
        <ele>1070.74</ele>
        <time>2026-05-04T00:48:34.7610000+00:00</time>
      </trkpt>
      <trkpt lat="46.6934" lon="7.79118">
        <ele>1072.41</ele>
        <time>2026-05-04T00:48:51.9860000+00:00</time>
      </trkpt>
      <trkpt lat="46.69348" lon="7.79122">
        <ele>1075.31</ele>
        <time>2026-05-04T00:49:06.1390000+00:00</time>
      </trkpt>
      <trkpt lat="46.69356" lon="7.79121">
        <ele>1078.86</ele>
        <time>2026-05-04T00:49:19.5750000+00:00</time>
      </trkpt>
      <trkpt lat="46.69366" lon="7.79121">
        <ele>1083.02</ele>
        <time>2026-05-04T00:49:36.3100000+00:00</time>
      </trkpt>
      <trkpt lat="46.6937" lon="7.79121">
        <ele>1084.66</ele>
        <time>2026-05-04T00:49:43.0030000+00:00</time>
      </trkpt>
      <trkpt lat="46.69376" lon="7.79119">
        <ele>1087.44</ele>
        <time>2026-05-04T00:49:53.3030000+00:00</time>
      </trkpt>
      <trkpt lat="46.69381" lon="7.79121">
        <ele>1089.19</ele>
        <time>2026-05-04T00:50:01.9800000+00:00</time>
      </trkpt>
      <trkpt lat="46.69386" lon="7.79121">
        <ele>1091.25</ele>
        <time>2026-05-04T00:50:10.3480000+00:00</time>
      </trkpt>
      <trkpt lat="46.69396" lon="7.79119">
        <ele>1095.69</ele>
        <time>2026-05-04T00:50:27.2390000+00:00</time>
      </trkpt>
      <trkpt lat="46.69404" lon="7.79116">
        <ele>1099.48</ele>
        <time>2026-05-04T00:50:41.0630000+00:00</time>
      </trkpt>
      <trkpt lat="46.69411" lon="7.79114">
        <ele>1102.71</ele>
        <time>2026-05-04T00:50:53.0020000+00:00</time>
      </trkpt>
      <trkpt lat="46.69412" lon="7.79127">
        <ele>1100.95</ele>
        <time>2026-05-04T00:51:08.0170000+00:00</time>
      </trkpt>
      <trkpt lat="46.69414" lon="7.79135">
        <ele>1100.42</ele>
        <time>2026-05-04T00:51:17.7900000+00:00</time>
      </trkpt>
      <trkpt lat="46.69418" lon="7.79143">
        <ele>1100.69</ele>
        <time>2026-05-04T00:51:29.1530000+00:00</time>
      </trkpt>
      <trkpt lat="46.69421" lon="7.79147">
        <ele>1101.21</ele>
        <time>2026-05-04T00:51:35.9570000+00:00</time>
      </trkpt>
      <trkpt lat="46.69425" lon="7.79152">
        <ele>1101.95</ele>
        <time>2026-05-04T00:51:44.7740000+00:00</time>
      </trkpt>
      <trkpt lat="46.69429" lon="7.79158">
        <ele>1102.49</ele>
        <time>2026-05-04T00:51:54.3780000+00:00</time>
      </trkpt>
      <trkpt lat="46.69437" lon="7.79164">
        <ele>1104.59</ele>
        <time>2026-05-04T00:52:09.4340000+00:00</time>
      </trkpt>
      <trkpt lat="46.69443" lon="7.79168">
        <ele>1106.21</ele>
        <time>2026-05-04T00:52:20.4760000+00:00</time>
      </trkpt>
      <trkpt lat="46.6945" lon="7.79173">
        <ele>1108.02</ele>
        <time>2026-05-04T00:52:33.5220000+00:00</time>
      </trkpt>
      <trkpt lat="46.69453" lon="7.79173">
        <ele>1109.17</ele>
        <time>2026-05-04T00:52:38.5450000+00:00</time>
      </trkpt>
      <trkpt lat="46.69455" lon="7.79169">
        <ele>1110.61</ele>
        <time>2026-05-04T00:52:44.2280000+00:00</time>
      </trkpt>
      <trkpt lat="46.69458" lon="7.7917">
        <ele>1111.59</ele>
        <time>2026-05-04T00:52:49.3780000+00:00</time>
      </trkpt>
      <trkpt lat="46.6946" lon="7.79168">
        <ele>1112.68</ele>
        <time>2026-05-04T00:52:53.4340000+00:00</time>
      </trkpt>
      <trkpt lat="46.69463" lon="7.79161">
        <ele>1114.93</ele>
        <time>2026-05-04T00:53:02.9080000+00:00</time>
      </trkpt>
      <trkpt lat="46.6947" lon="7.79163">
        <ele>1117.24</ele>
        <time>2026-05-04T00:53:14.8450000+00:00</time>
      </trkpt>
      <trkpt lat="46.6948" lon="7.79167">
        <ele>1120.42</ele>
        <time>2026-05-04T00:53:32.1990000+00:00</time>
      </trkpt>
      <trkpt lat="46.69495" lon="7.79179">
        <ele>1124.59</ele>
        <time>2026-05-04T00:54:00.8330000+00:00</time>
      </trkpt>
      <trkpt lat="46.69508" lon="7.79189">
        <ele>1128.42</ele>
        <time>2026-05-04T00:54:25.4310000+00:00</time>
      </trkpt>
      <trkpt lat="46.69536" lon="7.7921">
        <ele>1136.2</ele>
        <time>2026-05-04T00:55:18.1260000+00:00</time>
      </trkpt>
      <trkpt lat="46.6955" lon="7.7922">
        <ele>1139.16</ele>
        <time>2026-05-04T00:55:44.2150000+00:00</time>
      </trkpt>
      <trkpt lat="46.69557" lon="7.79223">
        <ele>1140.87</ele>
        <time>2026-05-04T00:55:56.4260000+00:00</time>
      </trkpt>
      <trkpt lat="46.69566" lon="7.79226">
        <ele>1143.17</ele>
        <time>2026-05-04T00:56:11.8760000+00:00</time>
      </trkpt>
      <trkpt lat="46.69571" lon="7.79228">
        <ele>1144.42</ele>
        <time>2026-05-04T00:56:20.5530000+00:00</time>
      </trkpt>
      <trkpt lat="46.6958" lon="7.7923">
        <ele>1146.84</ele>
        <time>2026-05-04T00:56:35.7890000+00:00</time>
      </trkpt>
      <trkpt lat="46.69583" lon="7.79232">
        <ele>1147.52</ele>
        <time>2026-05-04T00:56:41.3120000+00:00</time>
      </trkpt>
      <trkpt lat="46.69586" lon="7.79234">
        <ele>1148.21</ele>
        <time>2026-05-04T00:56:46.8320000+00:00</time>
      </trkpt>
      <trkpt lat="46.69592" lon="7.79236">
        <ele>1149.78</ele>
        <time>2026-05-04T00:56:57.1330000+00:00</time>
      </trkpt>
      <trkpt lat="46.69597" lon="7.79236">
        <ele>1151.23</ele>
        <time>2026-05-04T00:57:05.5010000+00:00</time>
      </trkpt>
      <trkpt lat="46.69602" lon="7.79235">
        <ele>1152.78</ele>
        <time>2026-05-04T00:57:13.9460000+00:00</time>
      </trkpt>
      <trkpt lat="46.69605" lon="7.79232">
        <ele>1153.9</ele>
        <time>2026-05-04T00:57:20.0350000+00:00</time>
      </trkpt>
      <trkpt lat="46.69612" lon="7.79224">
        <ele>1156.65</ele>
        <time>2026-05-04T00:57:34.9190000+00:00</time>
      </trkpt>
      <trkpt lat="46.69623" lon="7.79214">
        <ele>1160.93</ele>
        <time>2026-05-04T00:57:56.6130000+00:00</time>
      </trkpt>
      <trkpt lat="46.69618" lon="7.79204">
        <ele>1160.3</ele>
        <time>2026-05-04T00:58:10.8170000+00:00</time>
      </trkpt>
      <trkpt lat="46.69615" lon="7.79195">
        <ele>1160.15</ele>
        <time>2026-05-04T00:58:22.3010000+00:00</time>
      </trkpt>
      <trkpt lat="46.69611" lon="7.79185">
        <ele>1159.7</ele>
        <time>2026-05-04T00:58:35.5890000+00:00</time>
      </trkpt>
      <trkpt lat="46.69608" lon="7.79173">
        <ele>1160.27</ele>
        <time>2026-05-04T00:58:50.2500000+00:00</time>
      </trkpt>
      <trkpt lat="46.69603" lon="7.79157">
        <ele>1160.94</ele>
        <time>2026-05-04T00:59:10.4310000+00:00</time>
      </trkpt>
      <trkpt lat="46.69603" lon="7.79154">
        <ele>1161.33</ele>
        <time>2026-05-04T00:59:13.8750000+00:00</time>
      </trkpt>
      <trkpt lat="46.69595" lon="7.79125">
        <ele>1162.67</ele>
        <time>2026-05-04T00:59:49.7530000+00:00</time>
      </trkpt>
      <trkpt lat="46.69584" lon="7.79084">
        <ele>1164.36</ele>
        <time>2026-05-04T01:00:40.2850000+00:00</time>
      </trkpt>
      <trkpt lat="46.69578" lon="7.79061">
        <ele>1165.1</ele>
        <time>2026-05-04T01:01:08.5300000+00:00</time>
      </trkpt>
      <trkpt lat="46.69577" lon="7.79057">
        <ele>1165.22</ele>
        <time>2026-05-04T01:01:13.4170000+00:00</time>
      </trkpt>
      <trkpt lat="46.69574" lon="7.79046">
        <ele>1165.43</ele>
        <time>2026-05-04T01:01:27.0050000+00:00</time>
      </trkpt>
      <trkpt lat="46.69573" lon="7.79035">
        <ele>1166.31</ele>
        <time>2026-05-04T01:01:39.7420000+00:00</time>
      </trkpt>
      <trkpt lat="46.69574" lon="7.79028">
        <ele>1167.48</ele>
        <time>2026-05-04T01:01:47.9480000+00:00</time>
      </trkpt>
      <trkpt lat="46.69575" lon="7.79022">
        <ele>1168.54</ele>
        <time>2026-05-04T01:01:55.0350000+00:00</time>
      </trkpt>
      <trkpt lat="46.69577" lon="7.79014">
        <ele>1170.07</ele>
        <time>2026-05-04T01:02:04.8090000+00:00</time>
      </trkpt>
      <trkpt lat="46.6958" lon="7.79007">
        <ele>1171.76</ele>
        <time>2026-05-04T01:02:14.2850000+00:00</time>
      </trkpt>
      <trkpt lat="46.69596" lon="7.78984">
        <ele>1180.7</ele>
        <time>2026-05-04T01:02:51.8870000+00:00</time>
      </trkpt>
      <trkpt lat="46.69602" lon="7.78974">
        <ele>1184.6</ele>
        <time>2026-05-04T01:03:07.1370000+00:00</time>
      </trkpt>
      <trkpt lat="46.69606" lon="7.78966">
        <ele>1187.5</ele>
        <time>2026-05-04T01:03:18.5000000+00:00</time>
      </trkpt>
      <trkpt lat="46.69607" lon="7.78959">
        <ele>1188.89</ele>
        <time>2026-05-04T01:03:26.7060000+00:00</time>
      </trkpt>
      <trkpt lat="46.69608" lon="7.78951">
        <ele>1190.44</ele>
        <time>2026-05-04T01:03:36.0390000+00:00</time>
      </trkpt>
      <trkpt lat="46.69607" lon="7.78945">
        <ele>1190.7</ele>
        <time>2026-05-04T01:03:43.1250000+00:00</time>
      </trkpt>
      <trkpt lat="46.69603" lon="7.78933">
        <ele>1189.78</ele>
        <time>2026-05-04T01:03:58.4390000+00:00</time>
      </trkpt>
      <trkpt lat="46.69599" lon="7.78928">
        <ele>1187.26</ele>
        <time>2026-05-04T01:04:07.2560000+00:00</time>
      </trkpt>
      <trkpt lat="46.69596" lon="7.78926">
        <ele>1185.53</ele>
        <time>2026-05-04T01:04:12.7750000+00:00</time>
      </trkpt>
      <trkpt lat="46.69597" lon="7.78922">
        <ele>1185.82</ele>
        <time>2026-05-04T01:04:17.6630000+00:00</time>
      </trkpt>
      <trkpt lat="46.69596" lon="7.78918">
        <ele>1185.06</ele>
        <time>2026-05-04T01:04:22.5500000+00:00</time>
      </trkpt>
      <trkpt lat="46.69594" lon="7.78916">
        <ele>1183.91</ele>
        <time>2026-05-04T01:04:26.6110000+00:00</time>
      </trkpt>
      <trkpt lat="46.69591" lon="7.78915">
        <ele>1182.31</ele>
        <time>2026-05-04T01:04:31.7630000+00:00</time>
      </trkpt>
      <trkpt lat="46.69584" lon="7.78914">
        <ele>1178.68</ele>
        <time>2026-05-04T01:04:43.5340000+00:00</time>
      </trkpt>
      <trkpt lat="46.69577" lon="7.78914">
        <ele>1175.1</ele>
        <time>2026-05-04T01:04:55.2480000+00:00</time>
      </trkpt>
      <trkpt lat="46.69564" lon="7.78912">
        <ele>1168.46</ele>
        <time>2026-05-04T01:05:17.1250000+00:00</time>
      </trkpt>
      <trkpt lat="46.69552" lon="7.78908">
        <ele>1162.49</ele>
        <time>2026-05-04T01:05:37.7250000+00:00</time>
      </trkpt>
      <trkpt lat="46.69547" lon="7.78906">
        <ele>1160.08</ele>
        <time>2026-05-04T01:05:46.4020000+00:00</time>
      </trkpt>
      <trkpt lat="46.69544" lon="7.78903">
        <ele>1158.73</ele>
        <time>2026-05-04T01:05:52.4910000+00:00</time>
      </trkpt>
      <trkpt lat="46.69541" lon="7.78899">
        <ele>1157.47</ele>
        <time>2026-05-04T01:05:59.2940000+00:00</time>
      </trkpt>
      <trkpt lat="46.69539" lon="7.78893">
        <ele>1156.85</ele>
        <time>2026-05-04T01:06:06.9510000+00:00</time>
      </trkpt>
      <trkpt lat="46.69533" lon="7.78875">
        <ele>1155.27</ele>
        <time>2026-05-04T01:06:29.9220000+00:00</time>
      </trkpt>
      <trkpt lat="46.69528" lon="7.78862">
        <ele>1154.13</ele>
        <time>2026-05-04T01:06:47.0300000+00:00</time>
      </trkpt>
      <trkpt lat="46.69528" lon="7.78855">
        <ele>1154.68</ele>
        <time>2026-05-04T01:06:55.0640000+00:00</time>
      </trkpt>
      <trkpt lat="46.69526" lon="7.78846">
        <ele>1156.25</ele>
        <time>2026-05-04T01:07:05.9240000+00:00</time>
      </trkpt>
      <trkpt lat="46.69524" lon="7.7884">
        <ele>1158.19</ele>
        <time>2026-05-04T01:07:13.5810000+00:00</time>
      </trkpt>
      <trkpt lat="46.69523" lon="7.78836">
        <ele>1159.6</ele>
        <time>2026-05-04T01:07:18.4660000+00:00</time>
      </trkpt>
      <trkpt lat="46.69518" lon="7.7882999999999996">
        <ele>1160.91</ele>
        <time>2026-05-04T01:07:29.3030000+00:00</time>
      </trkpt>
      <trkpt lat="46.69513" lon="7.78824">
        <ele>1162.1</ele>
        <time>2026-05-04T01:07:40.1420000+00:00</time>
      </trkpt>
      <trkpt lat="46.69501" lon="7.78813">
        <ele>1163.23</ele>
        <time>2026-05-04T01:08:03.8630000+00:00</time>
      </trkpt>
      <trkpt lat="46.69494" lon="7.78805">
        <ele>1164.2</ele>
        <time>2026-05-04T01:08:18.7490000+00:00</time>
      </trkpt>
      <trkpt lat="46.69486" lon="7.78793">
        <ele>1165.96</ele>
        <time>2026-05-04T01:08:37.9580000+00:00</time>
      </trkpt>
      <trkpt lat="46.69479" lon="7.78779">
        <ele>1168.28</ele>
        <time>2026-05-04T01:08:57.8440000+00:00</time>
      </trkpt>
      <trkpt lat="46.69473" lon="7.7877">
        <ele>1169.05</ele>
        <time>2026-05-04T01:09:12.2500000+00:00</time>
      </trkpt>
      <trkpt lat="46.69469" lon="7.78765">
        <ele>1169.08</ele>
        <time>2026-05-04T01:09:21.0670000+00:00</time>
      </trkpt>
      <trkpt lat="46.69455" lon="7.78749">
        <ele>1168.7</ele>
        <time>2026-05-04T01:09:50.8360000+00:00</time>
      </trkpt>
      <trkpt lat="46.69432" lon="7.78724">
        <ele>1168.91</ele>
        <time>2026-05-04T01:10:38.8460000+00:00</time>
      </trkpt>
      <trkpt lat="46.69419" lon="7.78708">
        <ele>1169.97</ele>
        <time>2026-05-04T01:11:07.3170000+00:00</time>
      </trkpt>
      <trkpt lat="46.69415" lon="7.78705">
        <ele>1169.74</ele>
        <time>2026-05-04T01:11:14.8470000+00:00</time>
      </trkpt>
      <trkpt lat="46.69412" lon="7.78702">
        <ele>1169.77</ele>
        <time>2026-05-04T01:11:20.9350000+00:00</time>
      </trkpt>
      <trkpt lat="46.69408" lon="7.78701">
        <ele>1168.96</ele>
        <time>2026-05-04T01:11:27.7250000+00:00</time>
      </trkpt>
      <trkpt lat="46.69408" lon="7.78701">
        <ele>1168.96</ele>
        <time>2026-05-04T01:11:27.7250000+00:00</time>
      </trkpt>
      <trkpt lat="46.69397" lon="7.78698">
        <ele>1166.8</ele>
        <time>2026-05-04T01:11:46.4520000+00:00</time>
      </trkpt>
      <trkpt lat="46.69385" lon="7.78695">
        <ele>1164.35</ele>
        <time>2026-05-04T01:12:06.8280000+00:00</time>
      </trkpt>
      <trkpt lat="46.6938" lon="7.78693">
        <ele>1163.52</ele>
        <time>2026-05-04T01:12:15.5050000+00:00</time>
      </trkpt>
      <trkpt lat="46.69374" lon="7.78688">
        <ele>1163.22</ele>
        <time>2026-05-04T01:12:27.0700000+00:00</time>
      </trkpt>
      <trkpt lat="46.69371" lon="7.78691">
        <ele>1161.59</ele>
        <time>2026-05-04T01:12:33.1590000+00:00</time>
      </trkpt>
      <trkpt lat="46.69345" lon="7.7869">
        <ele>1153.94</ele>
        <time>2026-05-04T01:13:16.6850000+00:00</time>
      </trkpt>
      <trkpt lat="46.69337" lon="7.78684">
        <ele>1153.06</ele>
        <time>2026-05-04T01:13:31.7420000+00:00</time>
      </trkpt>
      <trkpt lat="46.69327" lon="7.78674">
        <ele>1153.38</ele>
        <time>2026-05-04T01:13:52.0360000+00:00</time>
      </trkpt>
      <trkpt lat="46.69323" lon="7.78668">
        <ele>1154.29</ele>
        <time>2026-05-04T01:14:01.6390000+00:00</time>
      </trkpt>
      <trkpt lat="46.6932" lon="7.78664">
        <ele>1154.82</ele>
        <time>2026-05-04T01:14:08.4440000+00:00</time>
      </trkpt>
      <trkpt lat="46.69318" lon="7.7866">
        <ele>1155.68</ele>
        <time>2026-05-04T01:14:14.1270000+00:00</time>
      </trkpt>
      <trkpt lat="46.69316" lon="7.78649">
        <ele>1159.12</ele>
        <time>2026-05-04T01:14:27.1910000+00:00</time>
      </trkpt>
      <trkpt lat="46.69312" lon="7.78641">
        <ele>1160.94</ele>
        <time>2026-05-04T01:14:38.5550000+00:00</time>
      </trkpt>
      <trkpt lat="46.69305" lon="7.78631">
        <ele>1162.76</ele>
        <time>2026-05-04T01:14:54.9570000+00:00</time>
      </trkpt>
      <trkpt lat="46.69304" lon="7.78623">
        <ele>1165.53</ele>
        <time>2026-05-04T01:15:04.2900000+00:00</time>
      </trkpt>
      <trkpt lat="46.69295" lon="7.78607">
        <ele>1169.39</ele>
        <time>2026-05-04T01:15:28.0420000+00:00</time>
      </trkpt>
      <trkpt lat="46.69287" lon="7.78594">
        <ele>1171.29</ele>
        <time>2026-05-04T01:15:48.0890000+00:00</time>
      </trkpt>
      <trkpt lat="46.69282" lon="7.78586">
        <ele>1171.74</ele>
        <time>2026-05-04T01:16:00.5130000+00:00</time>
      </trkpt>
      <trkpt lat="46.69278" lon="7.78579">
        <ele>1172.16</ele>
        <time>2026-05-04T01:16:10.9720000+00:00</time>
      </trkpt>
      <trkpt lat="46.69276" lon="7.78575">
        <ele>1172.45</ele>
        <time>2026-05-04T01:16:16.6510000+00:00</time>
      </trkpt>
      <trkpt lat="46.69274" lon="7.7857">
        <ele>1172.87</ele>
        <time>2026-05-04T01:16:23.2950000+00:00</time>
      </trkpt>
      <trkpt lat="46.69264" lon="7.78554">
        <ele>1172.99</ele>
        <time>2026-05-04T01:16:48.1420000+00:00</time>
      </trkpt>
      <trkpt lat="46.69257" lon="7.78544">
        <ele>1172.78</ele>
        <time>2026-05-04T01:17:04.5430000+00:00</time>
      </trkpt>
      <trkpt lat="46.69252" lon="7.78536">
        <ele>1172.77</ele>
        <time>2026-05-04T01:17:16.9660000+00:00</time>
      </trkpt>
      <trkpt lat="46.69245" lon="7.78525">
        <ele>1172.69</ele>
        <time>2026-05-04T01:17:34.1900000+00:00</time>
      </trkpt>
      <trkpt lat="46.6924" lon="7.78519">
        <ele>1172.24</ele>
        <time>2026-05-04T01:17:45.0270000+00:00</time>
      </trkpt>
      <trkpt lat="46.69235" lon="7.78513">
        <ele>1171.51</ele>
        <time>2026-05-04T01:17:55.8640000+00:00</time>
      </trkpt>
      <trkpt lat="46.69228" lon="7.78505">
        <ele>1170.31</ele>
        <time>2026-05-04T01:18:10.7500000+00:00</time>
      </trkpt>
      <trkpt lat="46.69224" lon="7.78498">
        <ele>1169.93</ele>
        <time>2026-05-04T01:18:21.2080000+00:00</time>
      </trkpt>
      <trkpt lat="46.69221" lon="7.78491">
        <ele>1169.86</ele>
        <time>2026-05-04T01:18:30.6830000+00:00</time>
      </trkpt>
      <trkpt lat="46.69216" lon="7.78477">
        <ele>1170</ele>
        <time>2026-05-04T01:18:48.8010000+00:00</time>
      </trkpt>
      <trkpt lat="46.69207" lon="7.7846">
        <ele>1169.08</ele>
        <time>2026-05-04T01:19:13.4520000+00:00</time>
      </trkpt>
      <trkpt lat="46.69196" lon="7.78434">
        <ele>1168.43</ele>
        <time>2026-05-04T01:19:48.5180000+00:00</time>
      </trkpt>
      <trkpt lat="46.69188" lon="7.78416">
        <ele>1168.19</ele>
        <time>2026-05-04T01:20:13.1390000+00:00</time>
      </trkpt>
      <trkpt lat="46.69182" lon="7.784">
        <ele>1168.18</ele>
        <time>2026-05-04T01:20:34.0710000+00:00</time>
      </trkpt>
      <trkpt lat="46.6918" lon="7.78394">
        <ele>1168.28</ele>
        <time>2026-05-04T01:20:41.7280000+00:00</time>
      </trkpt>
      <trkpt lat="46.69179" lon="7.78386">
        <ele>1169.16</ele>
        <time>2026-05-04T01:20:51.0630000+00:00</time>
      </trkpt>
      <trkpt lat="46.69169" lon="7.78347">
        <ele>1171.14</ele>
        <time>2026-05-04T01:21:38.8560000+00:00</time>
      </trkpt>
      <trkpt lat="46.69164" lon="7.78322">
        <ele>1173.35</ele>
        <time>2026-05-04T01:22:08.7490000+00:00</time>
      </trkpt>
      <trkpt lat="46.69158" lon="7.78296">
        <ele>1175.15</ele>
        <time>2026-05-04T01:22:40.2390000+00:00</time>
      </trkpt>
      <trkpt lat="46.69157" lon="7.78283">
        <ele>1176.96</ele>
        <time>2026-05-04T01:22:55.2550000+00:00</time>
      </trkpt>
      <trkpt lat="46.69154" lon="7.7827">
        <ele>1177.79</ele>
        <time>2026-05-04T01:23:11.0010000+00:00</time>
      </trkpt>
      <trkpt lat="46.69151" lon="7.78258">
        <ele>1178.46</ele>
        <time>2026-05-04T01:23:25.6620000+00:00</time>
      </trkpt>
      <trkpt lat="46.69147" lon="7.78245">
        <ele>1178.86</ele>
        <time>2026-05-04T01:23:42.0170000+00:00</time>
      </trkpt>
      <trkpt lat="46.69141" lon="7.78231">
        <ele>1178.51</ele>
        <time>2026-05-04T01:24:00.9670000+00:00</time>
      </trkpt>
      <trkpt lat="46.6913" lon="7.78205">
        <ele>1178.05</ele>
        <time>2026-05-04T01:24:36.0330000+00:00</time>
      </trkpt>
      <trkpt lat="46.69126" lon="7.78192">
        <ele>1178.59</ele>
        <time>2026-05-04T01:24:52.3880000+00:00</time>
      </trkpt>
      <trkpt lat="46.69123" lon="7.78178">
        <ele>1179.58</ele>
        <time>2026-05-04T01:25:09.2250000+00:00</time>
      </trkpt>
      <trkpt lat="46.69119" lon="7.78158">
        <ele>1180.89</ele>
        <time>2026-05-04T01:25:33.1390000+00:00</time>
      </trkpt>
      <trkpt lat="46.69118" lon="7.78151">
        <ele>1181.57</ele>
        <time>2026-05-04T01:25:41.3470000+00:00</time>
      </trkpt>
      <trkpt lat="46.69116" lon="7.78139">
        <ele>1182.63</ele>
        <time>2026-05-04T01:25:55.5230000+00:00</time>
      </trkpt>
      <trkpt lat="46.69115" lon="7.78129">
        <ele>1183.83</ele>
        <time>2026-05-04T01:26:07.1250000+00:00</time>
      </trkpt>
      <trkpt lat="46.69115" lon="7.78119">
        <ele>1185.45</ele>
        <time>2026-05-04T01:26:18.6050000+00:00</time>
      </trkpt>
      <trkpt lat="46.69114" lon="7.78098">
        <ele>1188.11</ele>
        <time>2026-05-04T01:26:42.7700000+00:00</time>
      </trkpt>
      <trkpt lat="46.69116" lon="7.78071">
        <ele>1190.5</ele>
        <time>2026-05-04T01:27:13.9440000+00:00</time>
      </trkpt>
      <trkpt lat="46.69115" lon="7.78055">
        <ele>1191.07</ele>
        <time>2026-05-04T01:27:32.3870000+00:00</time>
      </trkpt>
      <trkpt lat="46.69113" lon="7.78033">
        <ele>1191.63</ele>
        <time>2026-05-04T01:27:57.8620000+00:00</time>
      </trkpt>
      <trkpt lat="46.6911" lon="7.78007">
        <ele>1191.9</ele>
        <time>2026-05-04T01:28:28.1270000+00:00</time>
      </trkpt>
      <trkpt lat="46.69103" lon="7.7797">
        <ele>1190.53</ele>
        <time>2026-05-04T01:29:12.1860000+00:00</time>
      </trkpt>
      <trkpt lat="46.69102" lon="7.7796">
        <ele>1190.58</ele>
        <time>2026-05-04T01:29:23.7870000+00:00</time>
      </trkpt>
      <trkpt lat="46.69101" lon="7.77948">
        <ele>1190.74</ele>
        <time>2026-05-04T01:29:37.6630000+00:00</time>
      </trkpt>
      <trkpt lat="46.69098" lon="7.77914">
        <ele>1190.87</ele>
        <time>2026-05-04T01:30:17.0140000+00:00</time>
      </trkpt>
      <trkpt lat="46.69093" lon="7.77888">
        <ele>1189.66</ele>
        <time>2026-05-04T01:30:48.0110000+00:00</time>
      </trkpt>
      <trkpt lat="46.69093" lon="7.77861">
        <ele>1190.7</ele>
        <time>2026-05-04T01:31:19.0050000+00:00</time>
      </trkpt>
      <trkpt lat="46.69092" lon="7.77851">
        <ele>1190.65</ele>
        <time>2026-05-04T01:31:30.6050000+00:00</time>
      </trkpt>
      <trkpt lat="46.69092" lon="7.77825">
        <ele>1191.58</ele>
        <time>2026-05-04T01:32:00.4510000+00:00</time>
      </trkpt>
      <trkpt lat="46.69093" lon="7.77796">
        <ele>1193.06</ele>
        <time>2026-05-04T01:32:33.7830000+00:00</time>
      </trkpt>
      <trkpt lat="46.69093" lon="7.77779">
        <ele>1193.67</ele>
        <time>2026-05-04T01:32:53.2970000+00:00</time>
      </trkpt>
      <trkpt lat="46.69095" lon="7.77733">
        <ele>1196.19</ele>
        <time>2026-05-04T01:33:46.2070000+00:00</time>
      </trkpt>
      <trkpt lat="46.691" lon="7.77678">
        <ele>1200.09</ele>
        <time>2026-05-04T01:34:49.8950000+00:00</time>
      </trkpt>
      <trkpt lat="46.69102" lon="7.77665">
        <ele>1200.96</ele>
        <time>2026-05-04T01:35:05.1880000+00:00</time>
      </trkpt>
      <trkpt lat="46.69102" lon="7.77659">
        <ele>1200.97</ele>
        <time>2026-05-04T01:35:12.0760000+00:00</time>
      </trkpt>
      <trkpt lat="46.69101" lon="7.77654">
        <ele>1200.54</ele>
        <time>2026-05-04T01:35:18.0560000+00:00</time>
      </trkpt>
      <trkpt lat="46.69099" lon="7.77646">
        <ele>1199.7</ele>
        <time>2026-05-04T01:35:27.8310000+00:00</time>
      </trkpt>
      <trkpt lat="46.69096" lon="7.77635">
        <ele>1198.44</ele>
        <time>2026-05-04T01:35:41.4190000+00:00</time>
      </trkpt>
      <trkpt lat="46.69092" lon="7.77623">
        <ele>1196.77</ele>
        <time>2026-05-04T01:35:56.7330000+00:00</time>
      </trkpt>
      <trkpt lat="46.69088" lon="7.77606">
        <ele>1195.13</ele>
        <time>2026-05-04T01:36:17.3640000+00:00</time>
      </trkpt>
      <trkpt lat="46.69088" lon="7.77598">
        <ele>1194.85</ele>
        <time>2026-05-04T01:36:26.5470000+00:00</time>
      </trkpt>
      <trkpt lat="46.69086" lon="7.7759">
        <ele>1193.45</ele>
        <time>2026-05-04T01:36:36.3220000+00:00</time>
      </trkpt>
      <trkpt lat="46.69084" lon="7.77586">
        <ele>1192.35</ele>
        <time>2026-05-04T01:36:42.0050000+00:00</time>
      </trkpt>
      <trkpt lat="46.69082" lon="7.7758">
        <ele>1191.11</ele>
        <time>2026-05-04T01:36:49.6640000+00:00</time>
      </trkpt>
      <trkpt lat="46.6908" lon="7.77569">
        <ele>1189.56</ele>
        <time>2026-05-04T01:37:02.7270000+00:00</time>
      </trkpt>
      <trkpt lat="46.6908" lon="7.77562">
        <ele>1189.09</ele>
        <time>2026-05-04T01:37:10.7640000+00:00</time>
      </trkpt>
      <trkpt lat="46.69078" lon="7.77551">
        <ele>1187.56</ele>
        <time>2026-05-04T01:37:23.8280000+00:00</time>
      </trkpt>
      <trkpt lat="46.69076" lon="7.77549">
        <ele>1186.65</ele>
        <time>2026-05-04T01:37:27.8900000+00:00</time>
      </trkpt>
      <trkpt lat="46.69074" lon="7.77547">
        <ele>1185.75</ele>
        <time>2026-05-04T01:37:31.9490000+00:00</time>
      </trkpt>
      <trkpt lat="46.69063" lon="7.77547">
        <ele>1181.47</ele>
        <time>2026-05-04T01:37:50.3570000+00:00</time>
      </trkpt>
      <trkpt lat="46.6906" lon="7.77543">
        <ele>1180.08</ele>
        <time>2026-05-04T01:37:57.1610000+00:00</time>
      </trkpt>
      <trkpt lat="46.69058" lon="7.77537">
        <ele>1178.98</ele>
        <time>2026-05-04T01:38:04.8210000+00:00</time>
      </trkpt>
      <trkpt lat="46.69056" lon="7.7753">
        <ele>1177.84</ele>
        <time>2026-05-04T01:38:13.5260000+00:00</time>
      </trkpt>
      <trkpt lat="46.69056" lon="7.77524">
        <ele>1177.52</ele>
        <time>2026-05-04T01:38:20.4160000+00:00</time>
      </trkpt>
      <trkpt lat="46.69057" lon="7.77503">
        <ele>1178.49</ele>
        <time>2026-05-04T01:38:44.5810000+00:00</time>
      </trkpt>
      <trkpt lat="46.69052" lon="7.77499">
        <ele>1176.86</ele>
        <time>2026-05-04T01:38:54.1250000+00:00</time>
      </trkpt>
      <trkpt lat="46.69042" lon="7.77495">
        <ele>1173.4</ele>
        <time>2026-05-04T01:39:11.4790000+00:00</time>
      </trkpt>
      <trkpt lat="46.69039" lon="7.77493">
        <ele>1172.41</ele>
        <time>2026-05-04T01:39:17.0010000+00:00</time>
      </trkpt>
      <trkpt lat="46.69035" lon="7.77486">
        <ele>1171.34</ele>
        <time>2026-05-04T01:39:27.4590000+00:00</time>
      </trkpt>
      <trkpt lat="46.69028" lon="7.77469">
        <ele>1169.79</ele>
        <time>2026-05-04T01:39:50.2200000+00:00</time>
      </trkpt>
      <trkpt lat="46.69024" lon="7.7746">
        <ele>1168.92</ele>
        <time>2026-05-04T01:40:02.5300000+00:00</time>
      </trkpt>
      <trkpt lat="46.69022" lon="7.77452">
        <ele>1168.73</ele>
        <time>2026-05-04T01:40:12.3050000+00:00</time>
      </trkpt>
      <trkpt lat="46.6902" lon="7.77444">
        <ele>1168.53</ele>
        <time>2026-05-04T01:40:22.0790000+00:00</time>
      </trkpt>
      <trkpt lat="46.69015" lon="7.77413">
        <ele>1169.89</ele>
        <time>2026-05-04T01:40:58.6360000+00:00</time>
      </trkpt>
      <trkpt lat="46.69014" lon="7.77396">
        <ele>1171.43</ele>
        <time>2026-05-04T01:41:18.2220000+00:00</time>
      </trkpt>
      <trkpt lat="46.69013" lon="7.77389">
        <ele>1171.84</ele>
        <time>2026-05-04T01:41:26.4300000+00:00</time>
      </trkpt>
      <trkpt lat="46.69012" lon="7.77372">
        <ele>1173.35</ele>
        <time>2026-05-04T01:41:46.0170000+00:00</time>
      </trkpt>
      <trkpt lat="46.69012" lon="7.77365">
        <ele>1174.12</ele>
        <time>2026-05-04T01:41:54.0530000+00:00</time>
      </trkpt>
      <trkpt lat="46.69011" lon="7.77356">
        <ele>1174.71</ele>
        <time>2026-05-04T01:42:04.5200000+00:00</time>
      </trkpt>
      <trkpt lat="46.6901" lon="7.77346">
        <ele>1174.95</ele>
        <time>2026-05-04T01:42:16.1200000+00:00</time>
      </trkpt>
      <trkpt lat="46.69008" lon="7.77334">
        <ele>1174.53</ele>
        <time>2026-05-04T01:42:30.2970000+00:00</time>
      </trkpt>
      <trkpt lat="46.69005" lon="7.7732">
        <ele>1173.72</ele>
        <time>2026-05-04T01:42:47.1330000+00:00</time>
      </trkpt>
      <trkpt lat="46.69" lon="7.77301">
        <ele>1172.09</ele>
        <time>2026-05-04T01:43:10.4940000+00:00</time>
      </trkpt>
      <trkpt lat="46.68994" lon="7.77279">
        <ele>1169.89</ele>
        <time>2026-05-04T01:43:37.6720000+00:00</time>
      </trkpt>
      <trkpt lat="46.6899" lon="7.77267">
        <ele>1168.2</ele>
        <time>2026-05-04T01:43:52.9870000+00:00</time>
      </trkpt>
      <trkpt lat="46.68988" lon="7.77261">
        <ele>1167.19</ele>
        <time>2026-05-04T01:44:00.6450000+00:00</time>
      </trkpt>
      <trkpt lat="46.68986" lon="7.77259">
        <ele>1166.23</ele>
        <time>2026-05-04T01:44:04.7040000+00:00</time>
      </trkpt>
      <trkpt lat="46.68985" lon="7.77259">
        <ele>1165.76</ele>
        <time>2026-05-04T01:44:06.3830000+00:00</time>
      </trkpt>
      <trkpt lat="46.68984" lon="7.77259">
        <ele>1165.3</ele>
        <time>2026-05-04T01:44:08.0490000+00:00</time>
      </trkpt>
      <trkpt lat="46.68983" lon="7.7726">
        <ele>1164.84</ele>
        <time>2026-05-04T01:44:10.0750000+00:00</time>
      </trkpt>
      <trkpt lat="46.68981" lon="7.77262">
        <ele>1163.93</ele>
        <time>2026-05-04T01:44:14.1340000+00:00</time>
      </trkpt>
      <trkpt lat="46.6898" lon="7.77265">
        <ele>1163.49</ele>
        <time>2026-05-04T01:44:17.9600000+00:00</time>
      </trkpt>
      <trkpt lat="46.68979" lon="7.77271">
        <ele>1163.06</ele>
        <time>2026-05-04T01:44:25.0480000+00:00</time>
      </trkpt>
      <trkpt lat="46.68979" lon="7.77278">
        <ele>1163.01</ele>
        <time>2026-05-04T01:44:33.0830000+00:00</time>
      </trkpt>
      <trkpt lat="46.68978" lon="7.77281">
        <ele>1162.53</ele>
        <time>2026-05-04T01:44:36.9120000+00:00</time>
      </trkpt>
      <trkpt lat="46.68977" lon="7.77283">
        <ele>1162.06</ele>
        <time>2026-05-04T01:44:39.7550000+00:00</time>
      </trkpt>
      <trkpt lat="46.68974" lon="7.77269">
        <ele>1160.73</ele>
        <time>2026-05-04T01:44:56.5920000+00:00</time>
      </trkpt>
      <trkpt lat="46.6897" lon="7.77232">
        <ele>1158.41</ele>
        <time>2026-05-04T01:45:39.5900000+00:00</time>
      </trkpt>
      <trkpt lat="46.68968" lon="7.77208">
        <ele>1157.19</ele>
        <time>2026-05-04T01:46:07.3430000+00:00</time>
      </trkpt>
      <trkpt lat="46.68967" lon="7.77179">
        <ele>1156.34</ele>
        <time>2026-05-04T01:46:40.6760000+00:00</time>
      </trkpt>
      <trkpt lat="46.68967" lon="7.77169">
        <ele>1156.16</ele>
        <time>2026-05-04T01:46:52.1540000+00:00</time>
      </trkpt>
      <trkpt lat="46.68968" lon="7.7716">
        <ele>1156.45</ele>
        <time>2026-05-04T01:47:02.6200000+00:00</time>
      </trkpt>
      <trkpt lat="46.68969" lon="7.77149">
        <ele>1156.69</ele>
        <time>2026-05-04T01:47:15.3570000+00:00</time>
      </trkpt>
      <trkpt lat="46.68973" lon="7.77134">
        <ele>1158.13</ele>
        <time>2026-05-04T01:47:33.8310000+00:00</time>
      </trkpt>
      <trkpt lat="46.68976" lon="7.77117">
        <ele>1159.01</ele>
        <time>2026-05-04T01:47:53.9820000+00:00</time>
      </trkpt>
      <trkpt lat="46.68979" lon="7.77097">
        <ele>1159.45</ele>
        <time>2026-05-04T01:48:17.4830000+00:00</time>
      </trkpt>
      <trkpt lat="46.68981" lon="7.77083">
        <ele>1159.1</ele>
        <time>2026-05-04T01:48:33.8990000+00:00</time>
      </trkpt>
      <trkpt lat="46.68981" lon="7.77072">
        <ele>1158.2</ele>
        <time>2026-05-04T01:48:46.5260000+00:00</time>
      </trkpt>
      <trkpt lat="46.68981" lon="7.77054">
        <ele>1156.72</ele>
        <time>2026-05-04T01:49:07.1890000+00:00</time>
      </trkpt>
      <trkpt lat="46.68979" lon="7.77022">
        <ele>1153.36</ele>
        <time>2026-05-04T01:49:44.0750000+00:00</time>
      </trkpt>
      <trkpt lat="46.68976" lon="7.76986">
        <ele>1150.06</ele>
        <time>2026-05-04T01:50:25.7050000+00:00</time>
      </trkpt>
      <trkpt lat="46.68976" lon="7.76984">
        <ele>1149.94</ele>
        <time>2026-05-04T01:50:28.0090000+00:00</time>
      </trkpt>
      <trkpt lat="46.68976" lon="7.76971">
        <ele>1149.16</ele>
        <time>2026-05-04T01:50:42.9330000+00:00</time>
      </trkpt>
      <trkpt lat="46.68976" lon="7.76959">
        <ele>1148.43</ele>
        <time>2026-05-04T01:50:56.7090000+00:00</time>
      </trkpt>
      <trkpt lat="46.68977" lon="7.76943">
        <ele>1147.78</ele>
        <time>2026-05-04T01:51:15.1520000+00:00</time>
      </trkpt>
      <trkpt lat="46.6898" lon="7.76924">
        <ele>1147.55</ele>
        <time>2026-05-04T01:51:37.5330000+00:00</time>
      </trkpt>
      <trkpt lat="46.68981" lon="7.76915">
        <ele>1147.31</ele>
        <time>2026-05-04T01:51:47.9980000+00:00</time>
      </trkpt>
      <trkpt lat="46.68984" lon="7.76903">
        <ele>1147.47</ele>
        <time>2026-05-04T01:52:02.6590000+00:00</time>
      </trkpt>
      <trkpt lat="46.68988" lon="7.76894">
        <ele>1148.09</ele>
        <time>2026-05-04T01:52:14.9680000+00:00</time>
      </trkpt>
      <trkpt lat="46.68996" lon="7.76873">
        <ele>1149.06</ele>
        <time>2026-05-04T01:52:42.5430000+00:00</time>
      </trkpt>
      <trkpt lat="46.69012" lon="7.7684">
        <ele>1151.7</ele>
        <time>2026-05-04T01:53:28.9330000+00:00</time>
      </trkpt>
      <trkpt lat="46.69014" lon="7.76836">
        <ele>1152.11</ele>
        <time>2026-05-04T01:53:34.6160000+00:00</time>
      </trkpt>
      <trkpt lat="46.6902" lon="7.76822">
        <ele>1153.27</ele>
        <time>2026-05-04T01:53:53.5660000+00:00</time>
      </trkpt>
      <trkpt lat="46.69026" lon="7.76809">
        <ele>1154.5</ele>
        <time>2026-05-04T01:54:11.5530000+00:00</time>
      </trkpt>
      <trkpt lat="46.6903" lon="7.76797">
        <ele>1155.71</ele>
        <time>2026-05-04T01:54:26.8680000+00:00</time>
      </trkpt>
      <trkpt lat="46.69035" lon="7.76782">
        <ele>1157.33</ele>
        <time>2026-05-04T01:54:46.0120000+00:00</time>
      </trkpt>
      <trkpt lat="46.69049" lon="7.76742">
        <ele>1161.42</ele>
        <time>2026-05-04T01:55:37.5610000+00:00</time>
      </trkpt>
      <trkpt lat="46.69051" lon="7.76733">
        <ele>1161.8</ele>
        <time>2026-05-04T01:55:48.4200000+00:00</time>
      </trkpt>
      <trkpt lat="46.69052" lon="7.76726">
        <ele>1161.85</ele>
        <time>2026-05-04T01:55:56.6280000+00:00</time>
      </trkpt>
      <trkpt lat="46.69053" lon="7.76719">
        <ele>1161.92</ele>
        <time>2026-05-04T01:56:04.8360000+00:00</time>
      </trkpt>
      <trkpt lat="46.69053" lon="7.76706">
        <ele>1161.18</ele>
        <time>2026-05-04T01:56:19.7590000+00:00</time>
      </trkpt>
      <trkpt lat="46.69053" lon="7.76695">
        <ele>1160.56</ele>
        <time>2026-05-04T01:56:32.3860000+00:00</time>
      </trkpt>
      <trkpt lat="46.69054" lon="7.76689">
        <ele>1160.7</ele>
        <time>2026-05-04T01:56:39.4730000+00:00</time>
      </trkpt>
      <trkpt lat="46.69055" lon="7.76674">
        <ele>1160.21</ele>
        <time>2026-05-04T01:56:56.7720000+00:00</time>
      </trkpt>
      <trkpt lat="46.69058" lon="7.76648">
        <ele>1159.97</ele>
        <time>2026-05-04T01:57:27.0380000+00:00</time>
      </trkpt>
      <trkpt lat="46.69059" lon="7.76644">
        <ele>1160.21</ele>
        <time>2026-05-04T01:57:31.9270000+00:00</time>
      </trkpt>
      <trkpt lat="46.69062" lon="7.76618">
        <ele>1160.08</ele>
        <time>2026-05-04T01:58:02.1930000+00:00</time>
      </trkpt>
      <trkpt lat="46.69062" lon="7.76606">
        <ele>1159.32</ele>
        <time>2026-05-04T01:58:15.9670000+00:00</time>
      </trkpt>
      <trkpt lat="46.69062" lon="7.76597">
        <ele>1158.77</ele>
        <time>2026-05-04T01:58:26.2980000+00:00</time>
      </trkpt>
      <trkpt lat="46.69063" lon="7.76589">
        <ele>1158.82</ele>
        <time>2026-05-04T01:58:35.6330000+00:00</time>
      </trkpt>
      <trkpt lat="46.69064" lon="7.7658">
        <ele>1158.81</ele>
        <time>2026-05-04T01:58:46.0980000+00:00</time>
      </trkpt>
      <trkpt lat="46.69067" lon="7.76567">
        <ele>1159.61</ele>
        <time>2026-05-04T01:59:01.8430000+00:00</time>
      </trkpt>
      <trkpt lat="46.69069" lon="7.76561">
        <ele>1160.31</ele>
        <time>2026-05-04T01:59:09.5030000+00:00</time>
      </trkpt>
      <trkpt lat="46.69073" lon="7.76554">
        <ele>1162</ele>
        <time>2026-05-04T01:59:19.9620000+00:00</time>
      </trkpt>
      <trkpt lat="46.69076" lon="7.76545">
        <ele>1163.05</ele>
        <time>2026-05-04T01:59:31.4490000+00:00</time>
      </trkpt>
      <trkpt lat="46.69079" lon="7.7654">
        <ele>1164.33</ele>
        <time>2026-05-04T01:59:39.0760000+00:00</time>
      </trkpt>
      <trkpt lat="46.6908" lon="7.76535">
        <ele>1164.56</ele>
        <time>2026-05-04T01:59:45.0540000+00:00</time>
      </trkpt>
      <trkpt lat="46.6908" lon="7.76532">
        <ele>1164.38</ele>
        <time>2026-05-04T01:59:48.5010000+00:00</time>
      </trkpt>
      <trkpt lat="46.69079" lon="7.76517">
        <ele>1162.93</ele>
        <time>2026-05-04T02:00:05.8010000+00:00</time>
      </trkpt>
      <trkpt lat="46.69077" lon="7.76518">
        <ele>1161.94</ele>
        <time>2026-05-04T02:00:09.3390000+00:00</time>
      </trkpt>
      <trkpt lat="46.69075" lon="7.76517">
        <ele>1160.82</ele>
        <time>2026-05-04T02:00:12.8790000+00:00</time>
      </trkpt>
      <trkpt lat="46.69069" lon="7.76511">
        <ele>1157.25</ele>
        <time>2026-05-04T02:00:25.0570000+00:00</time>
      </trkpt>
      <trkpt lat="46.69068" lon="7.76513">
        <ele>1156.86</ele>
        <time>2026-05-04T02:00:27.9000000+00:00</time>
      </trkpt>
      <trkpt lat="46.69066" lon="7.76517">
        <ele>1156.07</ele>
        <time>2026-05-04T02:00:33.5830000+00:00</time>
      </trkpt>
      <trkpt lat="46.69066" lon="7.7652">
        <ele>1156.26</ele>
        <time>2026-05-04T02:00:37.0300000+00:00</time>
      </trkpt>
      <trkpt lat="46.69063" lon="7.76525">
        <ele>1154.98</ele>
        <time>2026-05-04T02:00:44.6560000+00:00</time>
      </trkpt>
      <trkpt lat="46.6906" lon="7.76521">
        <ele>1153.15</ele>
        <time>2026-05-04T02:00:51.4610000+00:00</time>
      </trkpt>
      <trkpt lat="46.69055" lon="7.76517">
        <ele>1150.26</ele>
        <time>2026-05-04T02:01:01.0060000+00:00</time>
      </trkpt>
      <trkpt lat="46.69053" lon="7.76516">
        <ele>1149.14</ele>
        <time>2026-05-04T02:01:04.5460000+00:00</time>
      </trkpt>
      <trkpt lat="46.69046" lon="7.76506">
        <ele>1144.81</ele>
        <time>2026-05-04T02:01:20.9470000+00:00</time>
      </trkpt>
      <trkpt lat="46.69033" lon="7.76493">
        <ele>1137.18</ele>
        <time>2026-05-04T02:01:47.3290000+00:00</time>
      </trkpt>
      <trkpt lat="46.69024" lon="7.76481">
        <ele>1131.78</ele>
        <time>2026-05-04T02:02:07.7400000+00:00</time>
      </trkpt>
      <trkpt lat="46.69021" lon="7.76475">
        <ele>1129.92</ele>
        <time>2026-05-04T02:02:16.2660000+00:00</time>
      </trkpt>
      <trkpt lat="46.69016" lon="7.76469">
        <ele>1127.04</ele>
        <time>2026-05-04T02:02:27.1040000+00:00</time>
      </trkpt>
      <trkpt lat="46.69013" lon="7.76466">
        <ele>1125.33</ele>
        <time>2026-05-04T02:02:33.1920000+00:00</time>
      </trkpt>
      <trkpt lat="46.6901" lon="7.76462">
        <ele>1123.55</ele>
        <time>2026-05-04T02:02:39.9970000+00:00</time>
      </trkpt>
      <trkpt lat="46.69009" lon="7.76455">
        <ele>1122.58</ele>
        <time>2026-05-04T02:02:48.2050000+00:00</time>
      </trkpt>
      <trkpt lat="46.69007" lon="7.76439">
        <ele>1120.47</ele>
        <time>2026-05-04T02:03:06.8750000+00:00</time>
      </trkpt>
      <trkpt lat="46.69004" lon="7.76426">
        <ele>1118.37</ele>
        <time>2026-05-04T02:03:22.6200000+00:00</time>
      </trkpt>
      <trkpt lat="46.68999" lon="7.76404">
        <ele>1115.1</ele>
        <time>2026-05-04T02:03:49.2250000+00:00</time>
      </trkpt>
      <trkpt lat="46.68998" lon="7.76401">
        <ele>1114.51</ele>
        <time>2026-05-04T02:03:53.0530000+00:00</time>
      </trkpt>
      <trkpt lat="46.68997" lon="7.76397">
        <ele>1113.89</ele>
        <time>2026-05-04T02:03:57.9430000+00:00</time>
      </trkpt>
      <trkpt lat="46.68996" lon="7.76392">
        <ele>1113.24</ele>
        <time>2026-05-04T02:04:03.9230000+00:00</time>
      </trkpt>
      <trkpt lat="46.68988" lon="7.764">
        <ele>1109.52</ele>
        <time>2026-05-04T02:04:20.1590000+00:00</time>
      </trkpt>
      <trkpt lat="46.68985" lon="7.76402">
        <ele>1108.08</ele>
        <time>2026-05-04T02:04:25.6780000+00:00</time>
      </trkpt>
      <trkpt lat="46.68982" lon="7.76402">
        <ele>1106.59</ele>
        <time>2026-05-04T02:04:30.6990000+00:00</time>
      </trkpt>
      <trkpt lat="46.68984" lon="7.76392">
        <ele>1107.35</ele>
        <time>2026-05-04T02:04:42.6570000+00:00</time>
      </trkpt>
      <trkpt lat="46.68986" lon="7.76383">
        <ele>1108.1</ele>
        <time>2026-05-04T02:04:53.5170000+00:00</time>
      </trkpt>
      <trkpt lat="46.68986" lon="7.76375">
        <ele>1107.9</ele>
        <time>2026-05-04T02:05:02.7020000+00:00</time>
      </trkpt>
      <trkpt lat="46.68987" lon="7.76367">
        <ele>1108.18</ele>
        <time>2026-05-04T02:05:12.0360000+00:00</time>
      </trkpt>
      <trkpt lat="46.68987" lon="7.76361">
        <ele>1108.03</ele>
        <time>2026-05-04T02:05:18.9240000+00:00</time>
      </trkpt>
      <trkpt lat="46.68986" lon="7.76354">
        <ele>1107.38</ele>
        <time>2026-05-04T02:05:27.1320000+00:00</time>
      </trkpt>
      <trkpt lat="46.68984" lon="7.76342">
        <ele>1105.62</ele>
        <time>2026-05-04T02:05:41.3080000+00:00</time>
      </trkpt>
      <trkpt lat="46.68983" lon="7.76334">
        <ele>1104.56</ele>
        <time>2026-05-04T02:05:50.6420000+00:00</time>
      </trkpt>
      <trkpt lat="46.68984" lon="7.76326">
        <ele>1104.46</ele>
        <time>2026-05-04T02:05:59.9770000+00:00</time>
      </trkpt>
      <trkpt lat="46.68985" lon="7.76317">
        <ele>1104.31</ele>
        <time>2026-05-04T02:06:10.4420000+00:00</time>
      </trkpt>
      <trkpt lat="46.68988" lon="7.76298">
        <ele>1104.51</ele>
        <time>2026-05-04T02:06:32.8230000+00:00</time>
      </trkpt>
      <trkpt lat="46.68989" lon="7.76289">
        <ele>1104.41</ele>
        <time>2026-05-04T02:06:43.2890000+00:00</time>
      </trkpt>
      <trkpt lat="46.6899" lon="7.76278">
        <ele>1104.2</ele>
        <time>2026-05-04T02:06:56.0270000+00:00</time>
      </trkpt>
      <trkpt lat="46.68991" lon="7.76256">
        <ele>1103.55</ele>
        <time>2026-05-04T02:07:21.3380000+00:00</time>
      </trkpt>
      <trkpt lat="46.6899" lon="7.76244">
        <ele>1102.45</ele>
        <time>2026-05-04T02:07:35.2140000+00:00</time>
      </trkpt>
      <trkpt lat="46.6899" lon="7.76233">
        <ele>1101.94</ele>
        <time>2026-05-04T02:07:47.8420000+00:00</time>
      </trkpt>
      <trkpt lat="46.68988" lon="7.76222">
        <ele>1100.32</ele>
        <time>2026-05-04T02:08:00.9060000+00:00</time>
      </trkpt>
      <trkpt lat="46.68985" lon="7.76209">
        <ele>1098.04</ele>
        <time>2026-05-04T02:08:16.6510000+00:00</time>
      </trkpt>
      <trkpt lat="46.68982" lon="7.76198">
        <ele>1095.83</ele>
        <time>2026-05-04T02:08:30.2400000+00:00</time>
      </trkpt>
      <trkpt lat="46.68976" lon="7.76178">
        <ele>1092.03</ele>
        <time>2026-05-04T02:08:55.2990000+00:00</time>
      </trkpt>
      <trkpt lat="46.68974" lon="7.76169">
        <ele>1091.04</ele>
        <time>2026-05-04T02:09:06.1600000+00:00</time>
      </trkpt>
      <trkpt lat="46.68973" lon="7.7616">
        <ele>1090.62</ele>
        <time>2026-05-04T02:09:16.6260000+00:00</time>
      </trkpt>
      <trkpt lat="46.68973" lon="7.76136">
        <ele>1091.02</ele>
        <time>2026-05-04T02:09:44.1770000+00:00</time>
      </trkpt>
      <trkpt lat="46.68972" lon="7.76123">
        <ele>1090.66</ele>
        <time>2026-05-04T02:09:59.1950000+00:00</time>
      </trkpt>
      <trkpt lat="46.6897" lon="7.76123">
        <ele>1089.51</ele>
        <time>2026-05-04T02:10:02.5460000+00:00</time>
      </trkpt>
      <trkpt lat="46.68967" lon="7.76125">
        <ele>1087.76</ele>
        <time>2026-05-04T02:10:08.0680000+00:00</time>
      </trkpt>
      <trkpt lat="46.68966" lon="7.76128">
        <ele>1087.14</ele>
        <time>2026-05-04T02:10:11.8970000+00:00</time>
      </trkpt>
      <trkpt lat="46.68965" lon="7.76131">
        <ele>1086.52</ele>
        <time>2026-05-04T02:10:15.7250000+00:00</time>
      </trkpt>
      <trkpt lat="46.68961" lon="7.76162">
        <ele>1083.78</ele>
        <time>2026-05-04T02:10:51.9360000+00:00</time>
      </trkpt>
      <trkpt lat="46.6896" lon="7.76174">
        <ele>1083.03</ele>
        <time>2026-05-04T02:11:05.8120000+00:00</time>
      </trkpt>
      <trkpt lat="46.68959" lon="7.76179">
        <ele>1082.39</ele>
        <time>2026-05-04T02:11:11.7890000+00:00</time>
      </trkpt>
      <trkpt lat="46.68958" lon="7.76181">
        <ele>1081.8</ele>
        <time>2026-05-04T02:11:14.6290000+00:00</time>
      </trkpt>
      <trkpt lat="46.68956" lon="7.76181">
        <ele>1080.67</ele>
        <time>2026-05-04T02:11:17.9740000+00:00</time>
      </trkpt>
      <trkpt lat="46.68955" lon="7.76178">
        <ele>1080.15</ele>
        <time>2026-05-04T02:11:21.8020000+00:00</time>
      </trkpt>
      <trkpt lat="46.68953" lon="7.76171">
        <ele>1079.11</ele>
        <time>2026-05-04T02:11:30.5070000+00:00</time>
      </trkpt>
      <trkpt lat="46.68951" lon="7.76162">
        <ele>1078.1</ele>
        <time>2026-05-04T02:11:41.3670000+00:00</time>
      </trkpt>
      <trkpt lat="46.6895" lon="7.76149">
        <ele>1077.7</ele>
        <time>2026-05-04T02:11:56.3840000+00:00</time>
      </trkpt>
      <trkpt lat="46.68949" lon="7.76144">
        <ele>1077.19</ele>
        <time>2026-05-04T02:12:02.3630000+00:00</time>
      </trkpt>
      <trkpt lat="46.68947" lon="7.7614">
        <ele>1076.1</ele>
        <time>2026-05-04T02:12:08.0460000+00:00</time>
      </trkpt>
      <trkpt lat="46.68945" lon="7.76137">
        <ele>1075</ele>
        <time>2026-05-04T02:12:12.8490000+00:00</time>
      </trkpt>
      <trkpt lat="46.68941" lon="7.76135">
        <ele>1072.86</ele>
        <time>2026-05-04T02:12:19.9270000+00:00</time>
      </trkpt>
      <trkpt lat="46.68923" lon="7.76128">
        <ele>1063.93</ele>
        <time>2026-05-04T02:12:51.1030000+00:00</time>
      </trkpt>
      <trkpt lat="46.68918" lon="7.76126">
        <ele>1061.4</ele>
        <time>2026-05-04T02:12:59.7830000+00:00</time>
      </trkpt>
      <trkpt lat="46.68907" lon="7.76115">
        <ele>1055.56</ele>
        <time>2026-05-04T02:13:22.1070000+00:00</time>
      </trkpt>
      <trkpt lat="46.68904" lon="7.76114">
        <ele>1053.98</ele>
        <time>2026-05-04T02:13:27.2580000+00:00</time>
      </trkpt>
      <trkpt lat="46.68902" lon="7.76115">
        <ele>1052.98</ele>
        <time>2026-05-04T02:13:30.7990000+00:00</time>
      </trkpt>
      <trkpt lat="46.68892" lon="7.76127">
        <ele>1048.39</ele>
        <time>2026-05-04T02:13:52.4740000+00:00</time>
      </trkpt>
      <trkpt lat="46.68888" lon="7.7613">
        <ele>1046.54</ele>
        <time>2026-05-04T02:14:00.0020000+00:00</time>
      </trkpt>
      <trkpt lat="46.68879" lon="7.76136">
        <ele>1042.43</ele>
        <time>2026-05-04T02:14:16.5640000+00:00</time>
      </trkpt>
      <trkpt lat="46.68875" lon="7.76139">
        <ele>1040.66</ele>
        <time>2026-05-04T02:14:24.0920000+00:00</time>
      </trkpt>
      <trkpt lat="46.6887" lon="7.76144">
        <ele>1038.58</ele>
        <time>2026-05-04T02:14:34.2390000+00:00</time>
      </trkpt>
      <trkpt lat="46.68865" lon="7.76148">
        <ele>1036.49</ele>
        <time>2026-05-04T02:14:43.7850000+00:00</time>
      </trkpt>
      <trkpt lat="46.68861" lon="7.76148">
        <ele>1034.58</ele>
        <time>2026-05-04T02:14:50.4790000+00:00</time>
      </trkpt>
      <trkpt lat="46.68855" lon="7.76147">
        <ele>1032.21</ele>
        <time>2026-05-04T02:15:00.5850000+00:00</time>
      </trkpt>
      <trkpt lat="46.68849" lon="7.76145">
        <ele>1029.99</ele>
        <time>2026-05-04T02:15:10.8840000+00:00</time>
      </trkpt>
      <trkpt lat="46.68845" lon="7.76142">
        <ele>1028.37</ele>
        <time>2026-05-04T02:15:18.4120000+00:00</time>
      </trkpt>
      <trkpt lat="46.68841" lon="7.76138">
        <ele>1026.68</ele>
        <time>2026-05-04T02:15:26.5300000+00:00</time>
      </trkpt>
      <trkpt lat="46.68838" lon="7.76133">
        <ele>1025.25</ele>
        <time>2026-05-04T02:15:34.1550000+00:00</time>
      </trkpt>
      <trkpt lat="46.68837" lon="7.76128">
        <ele>1024.51</ele>
        <time>2026-05-04T02:15:40.1320000+00:00</time>
      </trkpt>
      <trkpt lat="46.68837" lon="7.76123">
        <ele>1024.1</ele>
        <time>2026-05-04T02:15:45.8710000+00:00</time>
      </trkpt>
      <trkpt lat="46.68838" lon="7.76117">
        <ele>1023.96</ele>
        <time>2026-05-04T02:15:52.9570000+00:00</time>
      </trkpt>
      <trkpt lat="46.68844" lon="7.7611">
        <ele>1025.41</ele>
        <time>2026-05-04T02:16:05.8180000+00:00</time>
      </trkpt>
      <trkpt lat="46.68847" lon="7.76106">
        <ele>1026.1</ele>
        <time>2026-05-04T02:16:12.6220000+00:00</time>
      </trkpt>
      <trkpt lat="46.68843" lon="7.76106">
        <ele>1024.75</ele>
        <time>2026-05-04T02:16:19.3180000+00:00</time>
      </trkpt>
      <trkpt lat="46.68838" lon="7.76106">
        <ele>1023.07</ele>
        <time>2026-05-04T02:16:27.6860000+00:00</time>
      </trkpt>
      <trkpt lat="46.68824" lon="7.76111">
        <ele>1018.75</ele>
        <time>2026-05-04T02:16:51.8080000+00:00</time>
      </trkpt>
      <trkpt lat="46.6881" lon="7.76116">
        <ele>1014.41</ele>
        <time>2026-05-04T02:17:15.9300000+00:00</time>
      </trkpt>
      <trkpt lat="46.68802" lon="7.7612">
        <ele>1012.01</ele>
        <time>2026-05-04T02:17:30.0840000+00:00</time>
      </trkpt>
      <trkpt lat="46.68792" lon="7.76125">
        <ele>1008.99</ele>
        <time>2026-05-04T02:17:47.7770000+00:00</time>
      </trkpt>
      <trkpt lat="46.68788" lon="7.76128">
        <ele>1007.86</ele>
        <time>2026-05-04T02:17:55.3050000+00:00</time>
      </trkpt>
      <trkpt lat="46.68785" lon="7.76128">
        <ele>1006.84</ele>
        <time>2026-05-04T02:18:00.3280000+00:00</time>
      </trkpt>
      <trkpt lat="46.68782" lon="7.76128">
        <ele>1005.82</ele>
        <time>2026-05-04T02:18:05.3510000+00:00</time>
      </trkpt>
      <trkpt lat="46.68768" lon="7.76129">
        <ele>1001.11</ele>
        <time>2026-05-04T02:18:28.8090000+00:00</time>
      </trkpt>
      <trkpt lat="46.68758" lon="7.7613">
        <ele>997.74</ele>
        <time>2026-05-04T02:18:45.5840000+00:00</time>
      </trkpt>
      <trkpt lat="46.68745" lon="7.76131">
        <ele>993.32</ele>
        <time>2026-05-04T02:19:07.3700000+00:00</time>
      </trkpt>
      <trkpt lat="46.68729" lon="7.76132">
        <ele>987.85</ele>
        <time>2026-05-04T02:19:34.1700000+00:00</time>
      </trkpt>
      <trkpt lat="46.68726" lon="7.76132">
        <ele>986.81</ele>
        <time>2026-05-04T02:19:39.1890000+00:00</time>
      </trkpt>
      <trkpt lat="46.68724" lon="7.76131">
        <ele>986.09</ele>
        <time>2026-05-04T02:19:42.7300000+00:00</time>
      </trkpt>
      <trkpt lat="46.68719" lon="7.76126">
        <ele>984.21</ele>
        <time>2026-05-04T02:19:52.8780000+00:00</time>
      </trkpt>
      <trkpt lat="46.68714" lon="7.76119">
        <ele>982.32</ele>
        <time>2026-05-04T02:20:04.4790000+00:00</time>
      </trkpt>
      <trkpt lat="46.68708" lon="7.7611">
        <ele>980.1</ele>
        <time>2026-05-04T02:20:18.8860000+00:00</time>
      </trkpt>
      <trkpt lat="46.68702" lon="7.76098">
        <ele>977.86</ele>
        <time>2026-05-04T02:20:35.9340000+00:00</time>
      </trkpt>
      <trkpt lat="46.68696" lon="7.76084">
        <ele>975.58</ele>
        <time>2026-05-04T02:20:54.8850000+00:00</time>
      </trkpt>
      <trkpt lat="46.68694" lon="7.76081">
        <ele>974.87</ele>
        <time>2026-05-04T02:20:59.6880000+00:00</time>
      </trkpt>
      <trkpt lat="46.68692" lon="7.7608">
        <ele>974.18</ele>
        <time>2026-05-04T02:21:03.2250000+00:00</time>
      </trkpt>
      <trkpt lat="46.6869" lon="7.76081">
        <ele>973.52</ele>
        <time>2026-05-04T02:21:06.7660000+00:00</time>
      </trkpt>
      <trkpt lat="46.68688" lon="7.76083">
        <ele>972.88</ele>
        <time>2026-05-04T02:21:10.8270000+00:00</time>
      </trkpt>
      <trkpt lat="46.68684" lon="7.76089">
        <ele>971.64</ele>
        <time>2026-05-04T02:21:20.4330000+00:00</time>
      </trkpt>
      <trkpt lat="46.68676" lon="7.76103">
        <ele>969.16</ele>
        <time>2026-05-04T02:21:41.3510000+00:00</time>
      </trkpt>
      <trkpt lat="46.68669" lon="7.76118">
        <ele>966.45</ele>
        <time>2026-05-04T02:22:02.1790000+00:00</time>
      </trkpt>
      <trkpt lat="46.68667" lon="7.76125">
        <ele>965.56</ele>
        <time>2026-05-04T02:22:10.8840000+00:00</time>
      </trkpt>
      <trkpt lat="46.68666" lon="7.76138">
        <ele>964.89</ele>
        <time>2026-05-04T02:22:25.9020000+00:00</time>
      </trkpt>
      <trkpt lat="46.68664" lon="7.76148">
        <ele>963.85</ele>
        <time>2026-05-04T02:22:37.8610000+00:00</time>
      </trkpt>
      <trkpt lat="46.68663" lon="7.7615">
        <ele>963.39</ele>
        <time>2026-05-04T02:22:40.7040000+00:00</time>
      </trkpt>
      <trkpt lat="46.68657" lon="7.76148">
        <ele>961.01</ele>
        <time>2026-05-04T02:22:51.0060000+00:00</time>
      </trkpt>
      <trkpt lat="46.68649" lon="7.76144">
        <ele>957.93</ele>
        <time>2026-05-04T02:23:05.1600000+00:00</time>
      </trkpt>
      <trkpt lat="46.68641" lon="7.76145">
        <ele>954.67</ele>
        <time>2026-05-04T02:23:18.5980000+00:00</time>
      </trkpt>
      <trkpt lat="46.68633" lon="7.76144">
        <ele>951.52</ele>
        <time>2026-05-04T02:23:32.0360000+00:00</time>
      </trkpt>
      <trkpt lat="46.68625" lon="7.76148">
        <ele>948</ele>
        <time>2026-05-04T02:23:46.1910000+00:00</time>
      </trkpt>
      <trkpt lat="46.68623" lon="7.76152">
        <ele>946.88</ele>
        <time>2026-05-04T02:23:51.8740000+00:00</time>
      </trkpt>
      <trkpt lat="46.68619" lon="7.76163">
        <ele>944.31</ele>
        <time>2026-05-04T02:24:06.1660000+00:00</time>
      </trkpt>
      <trkpt lat="46.68617" lon="7.7617">
        <ele>942.85</ele>
        <time>2026-05-04T02:24:14.8710000+00:00</time>
      </trkpt>
      <trkpt lat="46.68614" lon="7.76172">
        <ele>941.37</ele>
        <time>2026-05-04T02:24:20.3940000+00:00</time>
      </trkpt>
      <trkpt lat="46.68611" lon="7.76169">
        <ele>940.34</ele>
        <time>2026-05-04T02:24:26.4820000+00:00</time>
      </trkpt>
      <trkpt lat="46.68609" lon="7.76162">
        <ele>939.86</ele>
        <time>2026-05-04T02:24:35.1880000+00:00</time>
      </trkpt>
      <trkpt lat="46.68606" lon="7.76145">
        <ele>938.94</ele>
        <time>2026-05-04T02:24:55.3400000+00:00</time>
      </trkpt>
      <trkpt lat="46.68604" lon="7.7613">
        <ele>939.32</ele>
        <time>2026-05-04T02:25:12.8820000+00:00</time>
      </trkpt>
      <trkpt lat="46.68603" lon="7.76119">
        <ele>940.21</ele>
        <time>2026-05-04T02:25:25.6210000+00:00</time>
      </trkpt>
      <trkpt lat="46.68599" lon="7.761">
        <ele>940.46</ele>
        <time>2026-05-04T02:25:48.4380000+00:00</time>
      </trkpt>
      <trkpt lat="46.68598" lon="7.76091">
        <ele>939.93</ele>
        <time>2026-05-04T02:25:58.9050000+00:00</time>
      </trkpt>
      <trkpt lat="46.686" lon="7.76079">
        <ele>940.98</ele>
        <time>2026-05-04T02:26:13.0830000+00:00</time>
      </trkpt>
      <trkpt lat="46.68602" lon="7.76063">
        <ele>942.04</ele>
        <time>2026-05-04T02:26:31.7540000+00:00</time>
      </trkpt>
      <trkpt lat="46.68602" lon="7.76054">
        <ele>942.04</ele>
        <time>2026-05-04T02:26:42.0850000+00:00</time>
      </trkpt>
      <trkpt lat="46.68599" lon="7.76045">
        <ele>940.46</ele>
        <time>2026-05-04T02:26:53.5720000+00:00</time>
      </trkpt>
      <trkpt lat="46.68598" lon="7.76038">
        <ele>939.93</ele>
        <time>2026-05-04T02:27:01.7820000+00:00</time>
      </trkpt>
      <trkpt lat="46.68598" lon="7.76029">
        <ele>939.93</ele>
        <time>2026-05-04T02:27:12.1140000+00:00</time>
      </trkpt>
      <trkpt lat="46.68599" lon="7.76019">
        <ele>940.31</ele>
        <time>2026-05-04T02:27:23.7170000+00:00</time>
      </trkpt>
      <trkpt lat="46.686" lon="7.76001">
        <ele>938.12</ele>
        <time>2026-05-04T02:27:44.4490000+00:00</time>
      </trkpt>
      <trkpt lat="46.686" lon="7.75992">
        <ele>936.76</ele>
        <time>2026-05-04T02:27:54.7820000+00:00</time>
      </trkpt>
      <trkpt lat="46.686" lon="7.75983">
        <ele>935.4</ele>
        <time>2026-05-04T02:28:05.1150000+00:00</time>
      </trkpt>
      <trkpt lat="46.686" lon="7.75968">
        <ele>933.14</ele>
        <time>2026-05-04T02:28:22.3360000+00:00</time>
      </trkpt>
      <trkpt lat="46.686" lon="7.7596">
        <ele>931.93</ele>
        <time>2026-05-04T02:28:31.5210000+00:00</time>
      </trkpt>
      <trkpt lat="46.68599" lon="7.75951">
        <ele>929.99</ele>
        <time>2026-05-04T02:28:41.9890000+00:00</time>
      </trkpt>
      <trkpt lat="46.68598" lon="7.75938">
        <ele>927.43</ele>
        <time>2026-05-04T02:28:57.0070000+00:00</time>
      </trkpt>
      <trkpt lat="46.68599" lon="7.75924">
        <ele>925.21</ele>
        <time>2026-05-04T02:29:13.1670000+00:00</time>
      </trkpt>
      <trkpt lat="46.686" lon="7.7591">
        <ele>922.92</ele>
        <time>2026-05-04T02:29:29.3270000+00:00</time>
      </trkpt>
      <trkpt lat="46.68602" lon="7.75896">
        <ele>921.23</ele>
        <time>2026-05-04T02:29:45.7440000+00:00</time>
      </trkpt>
      <trkpt lat="46.68603" lon="7.75889">
        <ele>920.39</ele>
        <time>2026-05-04T02:29:53.9530000+00:00</time>
      </trkpt>
      <trkpt lat="46.68599" lon="7.75864">
        <ele>912.87</ele>
        <time>2026-05-04T02:30:23.4240000+00:00</time>
      </trkpt>
      <trkpt lat="46.68596" lon="7.75864">
        <ele>911.07</ele>
        <time>2026-05-04T02:30:28.4470000+00:00</time>
      </trkpt>
      <trkpt lat="46.68587" lon="7.75874">
        <ele>907.75</ele>
        <time>2026-05-04T02:30:47.3860000+00:00</time>
      </trkpt>
      <trkpt lat="46.68584" lon="7.75879">
        <ele>907</ele>
        <time>2026-05-04T02:30:55.0120000+00:00</time>
      </trkpt>
      <trkpt lat="46.68578" lon="7.75887">
        <ele>905.09</ele>
        <time>2026-05-04T02:31:08.6210000+00:00</time>
      </trkpt>
      <trkpt lat="46.68572" lon="7.75898">
        <ele>903.82</ele>
        <time>2026-05-04T02:31:24.7550000+00:00</time>
      </trkpt>
      <trkpt lat="46.68566" lon="7.75909">
        <ele>902.57</ele>
        <time>2026-05-04T02:31:40.8890000+00:00</time>
      </trkpt>
      <trkpt lat="46.68561" lon="7.75919">
        <ele>901.72</ele>
        <time>2026-05-04T02:31:55.0950000+00:00</time>
      </trkpt>
      <trkpt lat="46.68555" lon="7.75928">
        <ele>900.08</ele>
        <time>2026-05-04T02:32:09.5020000+00:00</time>
      </trkpt>
      <trkpt lat="46.68549" lon="7.75936">
        <ele>898.25</ele>
        <time>2026-05-04T02:32:23.1100000+00:00</time>
      </trkpt>
      <trkpt lat="46.68541" lon="7.75942">
        <ele>894.71</ele>
        <time>2026-05-04T02:32:38.1660000+00:00</time>
      </trkpt>
      <trkpt lat="46.68533" lon="7.75941">
        <ele>889.84</ele>
        <time>2026-05-04T02:32:51.6030000+00:00</time>
      </trkpt>
      <trkpt lat="46.6853" lon="7.75939">
        <ele>887.68</ele>
        <time>2026-05-04T02:32:57.1250000+00:00</time>
      </trkpt>
      <trkpt lat="46.68528" lon="7.75934">
        <ele>885.46</ele>
        <time>2026-05-04T02:33:03.7720000+00:00</time>
      </trkpt>
      <trkpt lat="46.68528" lon="7.75924">
        <ele>883.3</ele>
        <time>2026-05-04T02:33:15.2530000+00:00</time>
      </trkpt>
      <trkpt lat="46.68527" lon="7.75911">
        <ele>879.9</ele>
        <time>2026-05-04T02:33:30.2720000+00:00</time>
      </trkpt>
      <trkpt lat="46.68526" lon="7.75898">
        <ele>876.51</ele>
        <time>2026-05-04T02:33:45.2900000+00:00</time>
      </trkpt>
      <trkpt lat="46.68526" lon="7.75886">
        <ele>873.91</ele>
        <time>2026-05-04T02:33:59.0670000+00:00</time>
      </trkpt>
      <trkpt lat="46.68526" lon="7.75878">
        <ele>872.18</ele>
        <time>2026-05-04T02:34:08.2510000+00:00</time>
      </trkpt>
      <trkpt lat="46.68524" lon="7.75876">
        <ele>870.68</ele>
        <time>2026-05-04T02:34:12.3120000+00:00</time>
      </trkpt>
      <trkpt lat="46.68522" lon="7.75865">
        <ele>867.22</ele>
        <time>2026-05-04T02:34:25.3770000+00:00</time>
      </trkpt>
      <trkpt lat="46.68521" lon="7.75856">
        <ele>864.73</ele>
        <time>2026-05-04T02:34:35.8440000+00:00</time>
      </trkpt>
      <trkpt lat="46.68522" lon="7.75844">
        <ele>862.81</ele>
        <time>2026-05-04T02:34:49.7210000+00:00</time>
      </trkpt>
      <trkpt lat="46.68523" lon="7.75837">
        <ele>861.93</ele>
        <time>2026-05-04T02:34:57.9300000+00:00</time>
      </trkpt>
      <trkpt lat="46.68523" lon="7.75833">
        <ele>861.12</ele>
        <time>2026-05-04T02:35:02.5250000+00:00</time>
      </trkpt>
      <trkpt lat="46.68522" lon="7.75826">
        <ele>859.18</ele>
        <time>2026-05-04T02:35:10.7340000+00:00</time>
      </trkpt>
      <trkpt lat="46.6852" lon="7.75818">
        <ele>856.52</ele>
        <time>2026-05-04T02:35:20.5090000+00:00</time>
      </trkpt>
      <trkpt lat="46.68519" lon="7.7581">
        <ele>854.4</ele>
        <time>2026-05-04T02:35:29.8440000+00:00</time>
      </trkpt>
      <trkpt lat="46.6852" lon="7.758">
        <ele>852.91</ele>
        <time>2026-05-04T02:35:41.4440000+00:00</time>
      </trkpt>
      <trkpt lat="46.68522" lon="7.75792">
        <ele>852.32</ele>
        <time>2026-05-04T02:35:51.2200000+00:00</time>
      </trkpt>
      <trkpt lat="46.68532" lon="7.75772">
        <ele>854.04</ele>
        <time>2026-05-04T02:36:19.6330000+00:00</time>
      </trkpt>
      <trkpt lat="46.68533" lon="7.75764">
        <ele>853.44</ele>
        <time>2026-05-04T02:36:28.9670000+00:00</time>
      </trkpt>
      <trkpt lat="46.68525" lon="7.75737">
        <ele>844.61</ele>
        <time>2026-05-04T02:37:02.7320000+00:00</time>
      </trkpt>
      <trkpt lat="46.68517" lon="7.75706">
        <ele>836.2</ele>
        <time>2026-05-04T02:37:40.7560000+00:00</time>
      </trkpt>
      <trkpt lat="46.68516" lon="7.75696">
        <ele>834.27</ele>
        <time>2026-05-04T02:37:52.3560000+00:00</time>
      </trkpt>
      <trkpt lat="46.68516" lon="7.75684">
        <ele>832.7</ele>
        <time>2026-05-04T02:38:06.1320000+00:00</time>
      </trkpt>
      <trkpt lat="46.68518" lon="7.7567">
        <ele>832.44</ele>
        <time>2026-05-04T02:38:22.5490000+00:00</time>
      </trkpt>
      <trkpt lat="46.68522" lon="7.75658">
        <ele>833.42</ele>
        <time>2026-05-04T02:38:37.8660000+00:00</time>
      </trkpt>
      <trkpt lat="46.68524" lon="7.75651">
        <ele>833.84</ele>
        <time>2026-05-04T02:38:46.5710000+00:00</time>
      </trkpt>
      <trkpt lat="46.68525" lon="7.75644">
        <ele>833.76</ele>
        <time>2026-05-04T02:38:54.7800000+00:00</time>
      </trkpt>
      <trkpt lat="46.68526" lon="7.75632">
        <ele>833.26</ele>
        <time>2026-05-04T02:39:08.6580000+00:00</time>
      </trkpt>
      <trkpt lat="46.68525" lon="7.7562">
        <ele>831.72</ele>
        <time>2026-05-04T02:39:22.5360000+00:00</time>
      </trkpt>
      <trkpt lat="46.68526" lon="7.75604">
        <ele>830.91</ele>
        <time>2026-05-04T02:39:40.9800000+00:00</time>
      </trkpt>
      <trkpt lat="46.68527" lon="7.75589">
        <ele>829.6</ele>
        <time>2026-05-04T02:39:58.2820000+00:00</time>
      </trkpt>
      <trkpt lat="46.68529" lon="7.75573">
        <ele>828.91</ele>
        <time>2026-05-04T02:40:16.9530000+00:00</time>
      </trkpt>
      <trkpt lat="46.6853" lon="7.75562">
        <ele>828.19</ele>
        <time>2026-05-04T02:40:29.6930000+00:00</time>
      </trkpt>
      <trkpt lat="46.6853" lon="7.75545">
        <ele>825.99</ele>
        <time>2026-05-04T02:40:49.2100000+00:00</time>
      </trkpt>
      <trkpt lat="46.68532" lon="7.75528">
        <ele>825.27</ele>
        <time>2026-05-04T02:41:09.0120000+00:00</time>
      </trkpt>
      <trkpt lat="46.68533" lon="7.75522">
        <ele>825.25</ele>
        <time>2026-05-04T02:41:16.1000000+00:00</time>
      </trkpt>
      <trkpt lat="46.68537" lon="7.75516">
        <ele>826.89</ele>
        <time>2026-05-04T02:41:25.7060000+00:00</time>
      </trkpt>
      <trkpt lat="46.68541" lon="7.75509">
        <ele>828.14</ele>
        <time>2026-05-04T02:41:36.1650000+00:00</time>
      </trkpt>
      <trkpt lat="46.68545" lon="7.75504">
        <ele>829.98</ele>
        <time>2026-05-04T02:41:44.9830000+00:00</time>
      </trkpt>
      <trkpt lat="46.68547" lon="7.75501">
        <ele>830.81</ele>
        <time>2026-05-04T02:41:49.7860000+00:00</time>
      </trkpt>
      <trkpt lat="46.68549" lon="7.75499">
        <ele>831.89</ele>
        <time>2026-05-04T02:41:53.8450000+00:00</time>
      </trkpt>
      <trkpt lat="46.68551" lon="7.75498">
        <ele>833.22</ele>
        <time>2026-05-04T02:41:57.3820000+00:00</time>
      </trkpt>
      <trkpt lat="46.68558" lon="7.75496">
        <ele>838.26</ele>
        <time>2026-05-04T02:42:09.3200000+00:00</time>
      </trkpt>
      <trkpt lat="46.6856" lon="7.75489">
        <ele>838.31</ele>
        <time>2026-05-04T02:42:18.0270000+00:00</time>
      </trkpt>
      <trkpt lat="46.68563" lon="7.75482">
        <ele>839.22</ele>
        <time>2026-05-04T02:42:27.5020000+00:00</time>
      </trkpt>
      <trkpt lat="46.68565" lon="7.75477">
        <ele>839.79</ele>
        <time>2026-05-04T02:42:34.1460000+00:00</time>
      </trkpt>
      <trkpt lat="46.6857" lon="7.75466">
        <ele>841.69</ele>
        <time>2026-05-04T02:42:49.2950000+00:00</time>
      </trkpt>
      <trkpt lat="46.68569" lon="7.75465">
        <ele>840.65</ele>
        <time>2026-05-04T02:42:51.3260000+00:00</time>
      </trkpt>
      <trkpt lat="46.68563" lon="7.75468">
        <ele>836.24</ele>
        <time>2026-05-04T02:43:01.9400000+00:00</time>
      </trkpt>
      <trkpt lat="46.68562" lon="7.75467">
        <ele>835.19</ele>
        <time>2026-05-04T02:43:03.9660000+00:00</time>
      </trkpt>
      <trkpt lat="46.68564" lon="7.7546">
        <ele>835.39</ele>
        <time>2026-05-04T02:43:12.6710000+00:00</time>
      </trkpt>
      <trkpt lat="46.68568" lon="7.75451">
        <ele>836.95</ele>
        <time>2026-05-04T02:43:24.9820000+00:00</time>
      </trkpt>
      <trkpt lat="46.68572" lon="7.75438">
        <ele>837.85</ele>
        <time>2026-05-04T02:43:41.3380000+00:00</time>
      </trkpt>
      <trkpt lat="46.68574" lon="7.75429">
        <ele>837.46</ele>
        <time>2026-05-04T02:43:52.1990000+00:00</time>
      </trkpt>
      <trkpt lat="46.68575" lon="7.75416">
        <ele>835.21</ele>
        <time>2026-05-04T02:44:07.2160000+00:00</time>
      </trkpt>
      <trkpt lat="46.68574" lon="7.75412">
        <ele>833.3</ele>
        <time>2026-05-04T02:44:12.1010000+00:00</time>
      </trkpt>
      <trkpt lat="46.68571" lon="7.75411">
        <ele>830.22</ele>
        <time>2026-05-04T02:44:17.2490000+00:00</time>
      </trkpt>
      <trkpt lat="46.68569" lon="7.7541">
        <ele>828.07</ele>
        <time>2026-05-04T02:44:20.7830000+00:00</time>
      </trkpt>
      <trkpt lat="46.68569" lon="7.75405">
        <ele>826.79</ele>
        <time>2026-05-04T02:44:26.5230000+00:00</time>
      </trkpt>
      <trkpt lat="46.68572" lon="7.75394">
        <ele>826.93</ele>
        <time>2026-05-04T02:44:40.1130000+00:00</time>
      </trkpt>
      <trkpt lat="46.68581" lon="7.75372">
        <ele>830.71</ele>
        <time>2026-05-04T02:45:09.5190000+00:00</time>
      </trkpt>
      <trkpt lat="46.68583" lon="7.75366">
        <ele>831.42</ele>
        <time>2026-05-04T02:45:17.1790000+00:00</time>
      </trkpt>
      <trkpt lat="46.68585" lon="7.75358">
        <ele>831.73</ele>
        <time>2026-05-04T02:45:26.9540000+00:00</time>
      </trkpt>
      <trkpt lat="46.68586" lon="7.75347">
        <ele>830.24</ele>
        <time>2026-05-04T02:45:39.6930000+00:00</time>
      </trkpt>
      <trkpt lat="46.68587" lon="7.75329">
        <ele>827.02</ele>
        <time>2026-05-04T02:46:00.4250000+00:00</time>
      </trkpt>
      <trkpt lat="46.68589" lon="7.75306">
        <ele>823.76</ele>
        <time>2026-05-04T02:46:27.0410000+00:00</time>
      </trkpt>
      <trkpt lat="46.68592" lon="7.75285">
        <ele>822.2</ele>
        <time>2026-05-04T02:46:51.6670000+00:00</time>
      </trkpt>
      <trkpt lat="46.68592" lon="7.75267">
        <ele>817.99</ele>
        <time>2026-05-04T02:47:12.3320000+00:00</time>
      </trkpt>
      <trkpt lat="46.68593" lon="7.75248">
        <ele>814.72</ele>
        <time>2026-05-04T02:47:34.2080000+00:00</time>
      </trkpt>
      <trkpt lat="46.68597" lon="7.75227">
        <ele>814.49</ele>
        <time>2026-05-04T02:47:59.2290000+00:00</time>
      </trkpt>
      <trkpt lat="46.68598" lon="7.75211">
        <ele>811.95</ele>
        <time>2026-05-04T02:48:17.6730000+00:00</time>
      </trkpt>
      <trkpt lat="46.686" lon="7.75202">
        <ele>812.21</ele>
        <time>2026-05-04T02:48:28.5340000+00:00</time>
      </trkpt>
      <trkpt lat="46.68604" lon="7.75188">
        <ele>813.69</ele>
        <time>2026-05-04T02:48:45.9450000+00:00</time>
      </trkpt>
      <trkpt lat="46.68607" lon="7.75173">
        <ele>811.1</ele>
        <time>2026-05-04T02:49:03.8820000+00:00</time>
      </trkpt>
      <trkpt lat="46.68609" lon="7.75158">
        <ele>807.11</ele>
        <time>2026-05-04T02:49:21.4250000+00:00</time>
      </trkpt>
      <trkpt lat="46.68608" lon="7.7514">
        <ele>798.48</ele>
        <time>2026-05-04T02:49:42.1570000+00:00</time>
      </trkpt>
      <trkpt lat="46.6861" lon="7.75124">
        <ele>793.93</ele>
        <time>2026-05-04T02:50:00.8270000+00:00</time>
      </trkpt>
      <trkpt lat="46.68616" lon="7.75103">
        <ele>791.8</ele>
        <time>2026-05-04T02:50:26.9440000+00:00</time>
      </trkpt>
      <trkpt lat="46.6863" lon="7.75048">
        <ele>777.55</ele>
        <time>2026-05-04T02:51:34.2910000+00:00</time>
      </trkpt>
      <trkpt lat="46.68632" lon="7.75037">
        <ele>774.04</ele>
        <time>2026-05-04T02:51:47.3550000+00:00</time>
      </trkpt>
      <trkpt lat="46.68637" lon="7.75003">
        <ele>764.49</ele>
        <time>2026-05-04T02:52:27.2740000+00:00</time>
      </trkpt>
      <trkpt lat="46.68638" lon="7.74984">
        <ele>758.01</ele>
        <time>2026-05-04T02:52:49.1500000+00:00</time>
      </trkpt>
      <trkpt lat="46.68641" lon="7.74967">
        <ele>754.53</ele>
        <time>2026-05-04T02:53:09.3010000+00:00</time>
      </trkpt>
      <trkpt lat="46.68649" lon="7.74937">
        <ele>750.57</ele>
        <time>2026-05-04T02:53:46.2530000+00:00</time>
      </trkpt>
      <trkpt lat="46.68654" lon="7.74899">
        <ele>742.82</ele>
        <time>2026-05-04T02:54:30.6720000+00:00</time>
      </trkpt>
      <trkpt lat="46.68657" lon="7.74877">
        <ele>738.03</ele>
        <time>2026-05-04T02:54:56.4230000+00:00</time>
      </trkpt>
      <trkpt lat="46.68664" lon="7.7484">
        <ele>730.11</ele>
        <time>2026-05-04T02:55:40.4860000+00:00</time>
      </trkpt>
      <trkpt lat="46.68669" lon="7.74824">
        <ele>727.26</ele>
        <time>2026-05-04T02:56:00.6700000+00:00</time>
      </trkpt>
      <trkpt lat="46.68681" lon="7.748">
        <ele>725.29</ele>
        <time>2026-05-04T02:56:34.7650000+00:00</time>
      </trkpt>
      <trkpt lat="46.68684" lon="7.74789">
        <ele>722.15</ele>
        <time>2026-05-04T02:56:48.3540000+00:00</time>
      </trkpt>
      <trkpt lat="46.68696" lon="7.74761">
        <ele>717.74</ele>
        <time>2026-05-04T02:57:26.2560000+00:00</time>
      </trkpt>
      <trkpt lat="46.68703" lon="7.74746">
        <ele>717.41</ele>
        <time>2026-05-04T02:57:47.0830000+00:00</time>
      </trkpt>
      <trkpt lat="46.68707" lon="7.74731">
        <ele>713.36</ele>
        <time>2026-05-04T02:58:05.5580000+00:00</time>
      </trkpt>
      <trkpt lat="46.68712" lon="7.74711">
        <ele>706.82</ele>
        <time>2026-05-04T02:58:29.9950000+00:00</time>
      </trkpt>
      <trkpt lat="46.68718" lon="7.74698">
        <ele>704.18</ele>
        <time>2026-05-04T02:58:47.9820000+00:00</time>
      </trkpt>
      <trkpt lat="46.68727" lon="7.74684">
        <ele>702.19</ele>
        <time>2026-05-04T02:59:10.0090000+00:00</time>
      </trkpt>
      <trkpt lat="46.68739" lon="7.74667">
        <ele>698.61</ele>
        <time>2026-05-04T02:59:38.0120000+00:00</time>
      </trkpt>
      <trkpt lat="46.68747" lon="7.74653">
        <ele>693.38</ele>
        <time>2026-05-04T02:59:58.9290000+00:00</time>
      </trkpt>
      <trkpt lat="46.68753" lon="7.7464">
        <ele>686.97</ele>
        <time>2026-05-04T03:00:16.9160000+00:00</time>
      </trkpt>
      <trkpt lat="46.68753" lon="7.7464">
        <ele>686.97</ele>
        <time>2026-05-04T03:00:16.9160000+00:00</time>
      </trkpt>
      <trkpt lat="46.68745" lon="7.74646">
        <ele>687.08</ele>
        <time>2026-05-04T03:00:31.9720000+00:00</time>
      </trkpt>
      <trkpt lat="46.68736" lon="7.74652">
        <ele>686.24</ele>
        <time>2026-05-04T03:00:48.5340000+00:00</time>
      </trkpt>
      <trkpt lat="46.68728" lon="7.74661">
        <ele>687.58</ele>
        <time>2026-05-04T03:01:05.4450000+00:00</time>
      </trkpt>
      <trkpt lat="46.68719" lon="7.74675">
        <ele>690.86</ele>
        <time>2026-05-04T03:01:27.4710000+00:00</time>
      </trkpt>
      <trkpt lat="46.68713" lon="7.74684">
        <ele>692.3</ele>
        <time>2026-05-04T03:01:41.8790000+00:00</time>
      </trkpt>
      <trkpt lat="46.68699" lon="7.74702">
        <ele>691.58</ele>
        <time>2026-05-04T03:02:13.1190000+00:00</time>
      </trkpt>
      <trkpt lat="46.68696" lon="7.7471">
        <ele>693.09</ele>
        <time>2026-05-04T03:02:23.5850000+00:00</time>
      </trkpt>
      <trkpt lat="46.68695" lon="7.74718">
        <ele>696.09</ele>
        <time>2026-05-04T03:02:32.9210000+00:00</time>
      </trkpt>
      <trkpt lat="46.68694" lon="7.74722">
        <ele>697.13</ele>
        <time>2026-05-04T03:02:37.8080000+00:00</time>
      </trkpt>
      <trkpt lat="46.68692" lon="7.74726">
        <ele>697.45</ele>
        <time>2026-05-04T03:02:43.4910000+00:00</time>
      </trkpt>
      <trkpt lat="46.6869" lon="7.7473">
        <ele>698.1</ele>
        <time>2026-05-04T03:02:49.1740000+00:00</time>
      </trkpt>
      <trkpt lat="46.68686" lon="7.74733">
        <ele>697.04</ele>
        <time>2026-05-04T03:02:56.7020000+00:00</time>
      </trkpt>
      <trkpt lat="46.68676" lon="7.74747">
        <ele>697.4</ele>
        <time>2026-05-04T03:03:19.9060000+00:00</time>
      </trkpt>
      <trkpt lat="46.68672" lon="7.74754">
        <ele>698.17</ele>
        <time>2026-05-04T03:03:30.3650000+00:00</time>
      </trkpt>
      <trkpt lat="46.68667" lon="7.74761">
        <ele>698.29</ele>
        <time>2026-05-04T03:03:41.9680000+00:00</time>
      </trkpt>
      <trkpt lat="46.68662" lon="7.74769">
        <ele>698.86</ele>
        <time>2026-05-04T03:03:54.3920000+00:00</time>
      </trkpt>
      <trkpt lat="46.68657" lon="7.74777">
        <ele>699.07</ele>
        <time>2026-05-04T03:04:06.8160000+00:00</time>
      </trkpt>
      <trkpt lat="46.6865" lon="7.74786">
        <ele>698</ele>
        <time>2026-05-04T03:04:22.4370000+00:00</time>
      </trkpt>
      <trkpt lat="46.68642" lon="7.748">
        <ele>697.68</ele>
        <time>2026-05-04T03:04:43.3550000+00:00</time>
      </trkpt>
      <trkpt lat="46.68637" lon="7.74809">
        <ele>697.23</ele>
        <time>2026-05-04T03:04:56.6500000+00:00</time>
      </trkpt>
      <trkpt lat="46.68631" lon="7.74823">
        <ele>697.39</ele>
        <time>2026-05-04T03:05:15.6010000+00:00</time>
      </trkpt>
      <trkpt lat="46.68631" lon="7.74819">
        <ele>696.09</ele>
        <time>2026-05-04T03:05:20.1930000+00:00</time>
      </trkpt>
      <trkpt lat="46.68634" lon="7.7481">
        <ele>695.36</ele>
        <time>2026-05-04T03:05:31.6800000+00:00</time>
      </trkpt>
      <trkpt lat="46.68638" lon="7.74801">
        <ele>695.19</ele>
        <time>2026-05-04T03:05:43.9910000+00:00</time>
      </trkpt>
      <trkpt lat="46.68658" lon="7.74757">
        <ele>690.87</ele>
        <time>2026-05-04T03:06:44.5860000+00:00</time>
      </trkpt>
      <trkpt lat="46.68675" lon="7.74721">
        <ele>684.74</ele>
        <time>2026-05-04T03:07:34.7600000+00:00</time>
      </trkpt>
      <trkpt lat="46.68684" lon="7.74695">
        <ele>678.11</ele>
        <time>2026-05-04T03:08:08.1930000+00:00</time>
      </trkpt>
      <trkpt lat="46.68678" lon="7.747">
        <ele>676.82</ele>
        <time>2026-05-04T03:08:19.7600000+00:00</time>
      </trkpt>
      <trkpt lat="46.68672" lon="7.74706">
        <ele>675.97</ele>
        <time>2026-05-04T03:08:31.9360000+00:00</time>
      </trkpt>
      <trkpt lat="46.68668" lon="7.74708">
        <ele>674.47</ele>
        <time>2026-05-04T03:08:39.0140000+00:00</time>
      </trkpt>
      <trkpt lat="46.68665" lon="7.74708">
        <ele>672.65</ele>
        <time>2026-05-04T03:08:44.0330000+00:00</time>
      </trkpt>
      <trkpt lat="46.68662" lon="7.7471">
        <ele>671.75</ele>
        <time>2026-05-04T03:08:49.5560000+00:00</time>
      </trkpt>
      <trkpt lat="46.68661" lon="7.74713">
        <ele>672.52</ele>
        <time>2026-05-04T03:08:53.3850000+00:00</time>
      </trkpt>
      <trkpt lat="46.68659" lon="7.74721">
        <ele>674.98</ele>
        <time>2026-05-04T03:09:03.1590000+00:00</time>
      </trkpt>
      <trkpt lat="46.68656" lon="7.74727">
        <ele>675.89</ele>
        <time>2026-05-04T03:09:11.6820000+00:00</time>
      </trkpt>
      <trkpt lat="46.68654" lon="7.74732">
        <ele>676.95</ele>
        <time>2026-05-04T03:09:18.3270000+00:00</time>
      </trkpt>
      <trkpt lat="46.68652" lon="7.74734">
        <ele>676.64</ele>
        <time>2026-05-04T03:09:22.3880000+00:00</time>
      </trkpt>
      <trkpt lat="46.6865" lon="7.74733">
        <ele>674.96</ele>
        <time>2026-05-04T03:09:25.9260000+00:00</time>
      </trkpt>
      <trkpt lat="46.68651" lon="7.74727">
        <ele>672.83</ele>
        <time>2026-05-04T03:09:33.0150000+00:00</time>
      </trkpt>
      <trkpt lat="46.68655" lon="7.74714">
        <ele>669.33</ele>
        <time>2026-05-04T03:09:49.3720000+00:00</time>
      </trkpt>
      <trkpt lat="46.68655" lon="7.74706">
        <ele>665.67</ele>
        <time>2026-05-04T03:09:58.5570000+00:00</time>
      </trkpt>
      <trkpt lat="46.68659" lon="7.74698">
        <ele>664.43</ele>
        <time>2026-05-04T03:10:09.9210000+00:00</time>
      </trkpt>
      <trkpt lat="46.68663" lon="7.74692">
        <ele>664.08</ele>
        <time>2026-05-04T03:10:19.5250000+00:00</time>
      </trkpt>
      <trkpt lat="46.68668" lon="7.74687">
        <ele>664.74</ele>
        <time>2026-05-04T03:10:29.6720000+00:00</time>
      </trkpt>
      <trkpt lat="46.68679" lon="7.74667">
        <ele>660.85</ele>
        <time>2026-05-04T03:10:59.1010000+00:00</time>
      </trkpt>
      <trkpt lat="46.6869" lon="7.74653">
        <ele>660</ele>
        <time>2026-05-04T03:11:23.5380000+00:00</time>
      </trkpt>
      <trkpt lat="46.68692" lon="7.74646">
        <ele>657.49</ele>
        <time>2026-05-04T03:11:32.2430000+00:00</time>
      </trkpt>
      <trkpt lat="46.68688" lon="7.74648">
        <ele>656.19</ele>
        <time>2026-05-04T03:11:39.3210000+00:00</time>
      </trkpt>
      <trkpt lat="46.68683" lon="7.74651">
        <ele>654.82</ele>
        <time>2026-05-04T03:11:48.3720000+00:00</time>
      </trkpt>
      <trkpt lat="46.68671" lon="7.74662">
        <ele>653.48</ele>
        <time>2026-05-04T03:12:12.0940000+00:00</time>
      </trkpt>
      <trkpt lat="46.68666" lon="7.74668">
        <ele>653.64</ele>
        <time>2026-05-04T03:12:22.9320000+00:00</time>
      </trkpt>
      <trkpt lat="46.68663" lon="7.74674">
        <ele>654.98</ele>
        <time>2026-05-04T03:12:31.4560000+00:00</time>
      </trkpt>
      <trkpt lat="46.68659" lon="7.74678">
        <ele>654.67</ele>
        <time>2026-05-04T03:12:39.5740000+00:00</time>
      </trkpt>
      <trkpt lat="46.68655" lon="7.74681">
        <ele>653.83</ele>
        <time>2026-05-04T03:12:47.1020000+00:00</time>
      </trkpt>
      <trkpt lat="46.68648" lon="7.74684">
        <ele>651.19</ele>
        <time>2026-05-04T03:12:59.3130000+00:00</time>
      </trkpt>
      <trkpt lat="46.68642" lon="7.74687">
        <ele>649.13</ele>
        <time>2026-05-04T03:13:09.9280000+00:00</time>
      </trkpt>
      <trkpt lat="46.68634" lon="7.74694">
        <ele>647.53</ele>
        <time>2026-05-04T03:13:25.5440000+00:00</time>
      </trkpt>
      <trkpt lat="46.68624" lon="7.74707">
        <ele>647.34</ele>
        <time>2026-05-04T03:13:47.9670000+00:00</time>
      </trkpt>
      <trkpt lat="46.68616" lon="7.74713">
        <ele>645.17</ele>
        <time>2026-05-04T03:14:03.0230000+00:00</time>
      </trkpt>
      <trkpt lat="46.6861" lon="7.74717">
        <ele>643.3</ele>
        <time>2026-05-04T03:14:14.0650000+00:00</time>
      </trkpt>
      <trkpt lat="46.68603" lon="7.74721">
        <ele>640.58</ele>
        <time>2026-05-04T03:14:26.6480000+00:00</time>
      </trkpt>
      <trkpt lat="46.68596" lon="7.74725">
        <ele>637.82</ele>
        <time>2026-05-04T03:14:39.2310000+00:00</time>
      </trkpt>
      <trkpt lat="46.68589" lon="7.74733">
        <ele>636.79</ele>
        <time>2026-05-04T03:14:54.1170000+00:00</time>
      </trkpt>
      <trkpt lat="46.68583" lon="7.74736">
        <ele>634.2</ele>
        <time>2026-05-04T03:15:04.7320000+00:00</time>
      </trkpt>
      <trkpt lat="46.6858" lon="7.74741">
        <ele>634.43</ele>
        <time>2026-05-04T03:15:12.3570000+00:00</time>
      </trkpt>
      <trkpt lat="46.68575" lon="7.74746">
        <ele>633.35</ele>
        <time>2026-05-04T03:15:22.5050000+00:00</time>
      </trkpt>
      <trkpt lat="46.68562" lon="7.7475">
        <ele>626.57</ele>
        <time>2026-05-04T03:15:44.7400000+00:00</time>
      </trkpt>
      <trkpt lat="46.68557" lon="7.7475">
        <ele>623.3</ele>
        <time>2026-05-04T03:15:53.1080000+00:00</time>
      </trkpt>
      <trkpt lat="46.6855" lon="7.74754">
        <ele>620.43</ele>
        <time>2026-05-04T03:16:05.6900000+00:00</time>
      </trkpt>
      <trkpt lat="46.68548" lon="7.74749">
        <ele>616.99</ele>
        <time>2026-05-04T03:16:12.3350000+00:00</time>
      </trkpt>
      <trkpt lat="46.68556" lon="7.74744">
        <ele>620.07</ele>
        <time>2026-05-04T03:16:26.9020000+00:00</time>
      </trkpt>
      <trkpt lat="46.68564" lon="7.74739">
        <ele>623.14</ele>
        <time>2026-05-04T03:16:41.4690000+00:00</time>
      </trkpt>
      <trkpt lat="46.68574" lon="7.74732">
        <ele>626.61</ele>
        <time>2026-05-04T03:17:00.0330000+00:00</time>
      </trkpt>
      <trkpt lat="46.68583" lon="7.74723">
        <ele>628.53</ele>
        <time>2026-05-04T03:17:18.2980000+00:00</time>
      </trkpt>
      <trkpt lat="46.68593" lon="7.74714">
        <ele>631.04</ele>
        <time>2026-05-04T03:17:37.9660000+00:00</time>
      </trkpt>
      <trkpt lat="46.68599" lon="7.74707">
        <ele>631.81</ele>
        <time>2026-05-04T03:17:50.8270000+00:00</time>
      </trkpt>
      <trkpt lat="46.68606" lon="7.74698">
        <ele>632.32</ele>
        <time>2026-05-04T03:18:06.4470000+00:00</time>
      </trkpt>
      <trkpt lat="46.68612" lon="7.7469">
        <ele>632.5</ele>
        <time>2026-05-04T03:18:20.0550000+00:00</time>
      </trkpt>
      <trkpt lat="46.68606" lon="7.74683">
        <ele>625.43</ele>
        <time>2026-05-04T03:18:32.9160000+00:00</time>
      </trkpt>
      <trkpt lat="46.686" lon="7.74689">
        <ele>624.51</ele>
        <time>2026-05-04T03:18:45.0930000+00:00</time>
      </trkpt>
      <trkpt lat="46.68594" lon="7.74695">
        <ele>623.32</ele>
        <time>2026-05-04T03:18:57.2710000+00:00</time>
      </trkpt>
      <trkpt lat="46.68582" lon="7.74703">
        <ele>619.15</ele>
        <time>2026-05-04T03:19:19.3540000+00:00</time>
      </trkpt>
      <trkpt lat="46.6856" lon="7.74718">
        <ele>611.5</ele>
        <time>2026-05-04T03:20:00.0000000+00:00</time>
      </trkpt>
    </trkseg>
  </trk>
</gpx>