<?xml version="1.0" encoding="utf-8"?>
<gpx xmlns:xsd="http://www.w3.org/2001/XMLSchema" xmlns:xsi="http://www.w3.org/2001/XMLSchema-instance" creator="eT4 META" version="1.1" xsi:schemaLocation="http://www.topografix.com/GPX/1/1 http://www.topografix.com/GPX/1/1/gpx.xsd" xmlns="http://www.topografix.com/GPX/1/1">
  <trk>
    <name>Paradis des lacs de montagne au Stockhorn</name>
    <trkseg>
      <trkpt lat="46.68382" lon="7.54262">
        <ele>1632.58</ele>
        <time>2026-05-04T00:00:00.0000000+00:00</time>
      </trkpt>
      <trkpt lat="46.68381" lon="7.54261">
        <ele>1632.57</ele>
        <time>2026-05-04T00:00:01.7710000+00:00</time>
      </trkpt>
      <trkpt lat="46.68381" lon="7.54257">
        <ele>1631.13</ele>
        <time>2026-05-04T00:00:05.7730000+00:00</time>
      </trkpt>
      <trkpt lat="46.68385" lon="7.54252">
        <ele>1628.04</ele>
        <time>2026-05-04T00:00:13.4640000+00:00</time>
      </trkpt>
      <trkpt lat="46.68392" lon="7.5424">
        <ele>1621.76</ele>
        <time>2026-05-04T00:00:29.2340000+00:00</time>
      </trkpt>
      <trkpt lat="46.68394" lon="7.54232">
        <ele>1618.53</ele>
        <time>2026-05-04T00:00:37.7590000+00:00</time>
      </trkpt>
      <trkpt lat="46.68394" lon="7.54214">
        <ele>1612.6</ele>
        <time>2026-05-04T00:00:55.7800000+00:00</time>
      </trkpt>
      <trkpt lat="46.68393" lon="7.54206">
        <ele>1610.19</ele>
        <time>2026-05-04T00:01:03.9200000+00:00</time>
      </trkpt>
      <trkpt lat="46.68391" lon="7.54202">
        <ele>1609.97</ele>
        <time>2026-05-04T00:01:08.8760000+00:00</time>
      </trkpt>
      <trkpt lat="46.68388" lon="7.54202">
        <ele>1610.62</ele>
        <time>2026-05-04T00:01:13.2530000+00:00</time>
      </trkpt>
      <trkpt lat="46.68384" lon="7.54207">
        <ele>1612.51</ele>
        <time>2026-05-04T00:01:20.9420000+00:00</time>
      </trkpt>
      <trkpt lat="46.68384" lon="7.54202">
        <ele>1611.48</ele>
        <time>2026-05-04T00:01:25.9480000+00:00</time>
      </trkpt>
      <trkpt lat="46.68386" lon="7.54197">
        <ele>1610.59</ele>
        <time>2026-05-04T00:01:31.7430000+00:00</time>
      </trkpt>
      <trkpt lat="46.68387" lon="7.54193">
        <ele>1610.01</ele>
        <time>2026-05-04T00:01:36.0060000+00:00</time>
      </trkpt>
      <trkpt lat="46.68385" lon="7.54191">
        <ele>1610.25</ele>
        <time>2026-05-04T00:01:39.5480000+00:00</time>
      </trkpt>
      <trkpt lat="46.68379" lon="7.54191">
        <ele>1611.54</ele>
        <time>2026-05-04T00:01:48.3030000+00:00</time>
      </trkpt>
      <trkpt lat="46.68378" lon="7.54184">
        <ele>1611.1</ele>
        <time>2026-05-04T00:01:55.4600000+00:00</time>
      </trkpt>
      <trkpt lat="46.68379" lon="7.54181">
        <ele>1610.6</ele>
        <time>2026-05-04T00:01:58.7990000+00:00</time>
      </trkpt>
      <trkpt lat="46.68378" lon="7.54174">
        <ele>1610.16</ele>
        <time>2026-05-04T00:02:05.9560000+00:00</time>
      </trkpt>
      <trkpt lat="46.6837" lon="7.54162">
        <ele>1610.72</ele>
        <time>2026-05-04T00:02:22.7080000+00:00</time>
      </trkpt>
      <trkpt lat="46.68366" lon="7.54153">
        <ele>1610.71</ele>
        <time>2026-05-04T00:02:33.4440000+00:00</time>
      </trkpt>
      <trkpt lat="46.68364" lon="7.5414">
        <ele>1609.88</ele>
        <time>2026-05-04T00:02:46.7820000+00:00</time>
      </trkpt>
      <trkpt lat="46.68362" lon="7.5413">
        <ele>1609.34</ele>
        <time>2026-05-04T00:02:57.2100000+00:00</time>
      </trkpt>
      <trkpt lat="46.68364" lon="7.54119">
        <ele>1607.95</ele>
        <time>2026-05-04T00:03:08.6040000+00:00</time>
      </trkpt>
      <trkpt lat="46.68359" lon="7.54094">
        <ele>1607.15</ele>
        <time>2026-05-04T00:03:34.6740000+00:00</time>
      </trkpt>
      <trkpt lat="46.68361" lon="7.54084">
        <ele>1606.07</ele>
        <time>2026-05-04T00:03:45.1030000+00:00</time>
      </trkpt>
      <trkpt lat="46.68369" lon="7.54075">
        <ele>1604.12</ele>
        <time>2026-05-04T00:03:59.8500000+00:00</time>
      </trkpt>
      <trkpt lat="46.68375" lon="7.54069">
        <ele>1602.78</ele>
        <time>2026-05-04T00:04:10.4700000+00:00</time>
      </trkpt>
      <trkpt lat="46.68377" lon="7.54055">
        <ele>1601.67</ele>
        <time>2026-05-04T00:04:24.7870000+00:00</time>
      </trkpt>
      <trkpt lat="46.68378" lon="7.54039">
        <ele>1600.62</ele>
        <time>2026-05-04T00:04:40.8710000+00:00</time>
      </trkpt>
      <trkpt lat="46.6838" lon="7.54032">
        <ele>1599.92</ele>
        <time>2026-05-04T00:04:48.4620000+00:00</time>
      </trkpt>
      <trkpt lat="46.68382" lon="7.54024">
        <ele>1599.17</ele>
        <time>2026-05-04T00:04:56.9850000+00:00</time>
      </trkpt>
      <trkpt lat="46.68383" lon="7.54015">
        <ele>1598.51</ele>
        <time>2026-05-04T00:05:06.1120000+00:00</time>
      </trkpt>
      <trkpt lat="46.68386" lon="7.54002">
        <ele>1597.44</ele>
        <time>2026-05-04T00:05:19.8430000+00:00</time>
      </trkpt>
      <trkpt lat="46.68386" lon="7.53994">
        <ele>1596.98</ele>
        <time>2026-05-04T00:05:27.8520000+00:00</time>
      </trkpt>
      <trkpt lat="46.68385" lon="7.53987">
        <ele>1596.66</ele>
        <time>2026-05-04T00:05:35.0110000+00:00</time>
      </trkpt>
      <trkpt lat="46.6838" lon="7.53972">
        <ele>1596.1</ele>
        <time>2026-05-04T00:05:51.7060000+00:00</time>
      </trkpt>
      <trkpt lat="46.68377" lon="7.53956">
        <ele>1595.23</ele>
        <time>2026-05-04T00:06:08.3110000+00:00</time>
      </trkpt>
      <trkpt lat="46.68375" lon="7.53951">
        <ele>1595.23</ele>
        <time>2026-05-04T00:06:14.1070000+00:00</time>
      </trkpt>
      <trkpt lat="46.68374" lon="7.53944">
        <ele>1595.2</ele>
        <time>2026-05-04T00:06:21.2670000+00:00</time>
      </trkpt>
      <trkpt lat="46.68372" lon="7.53937">
        <ele>1595.22</ele>
        <time>2026-05-04T00:06:28.8600000+00:00</time>
      </trkpt>
      <trkpt lat="46.68371" lon="7.53932">
        <ele>1595.22</ele>
        <time>2026-05-04T00:06:34.0750000+00:00</time>
      </trkpt>
      <trkpt lat="46.68371" lon="7.5393">
        <ele>1595.2</ele>
        <time>2026-05-04T00:06:36.0840000+00:00</time>
      </trkpt>
      <trkpt lat="46.6837" lon="7.53927">
        <ele>1595.21</ele>
        <time>2026-05-04T00:06:39.4220000+00:00</time>
      </trkpt>
      <trkpt lat="46.6837" lon="7.53924">
        <ele>1595.18</ele>
        <time>2026-05-04T00:06:42.4260000+00:00</time>
      </trkpt>
      <trkpt lat="46.68371" lon="7.53918">
        <ele>1595.07</ele>
        <time>2026-05-04T00:06:48.6080000+00:00</time>
      </trkpt>
      <trkpt lat="46.68371" lon="7.5391">
        <ele>1594.99</ele>
        <time>2026-05-04T00:06:56.6180000+00:00</time>
      </trkpt>
      <trkpt lat="46.6837" lon="7.53901">
        <ele>1594.94</ele>
        <time>2026-05-04T00:07:05.7440000+00:00</time>
      </trkpt>
      <trkpt lat="46.6837" lon="7.53894">
        <ele>1594.86</ele>
        <time>2026-05-04T00:07:12.7530000+00:00</time>
      </trkpt>
      <trkpt lat="46.68369" lon="7.53888">
        <ele>1594.84</ele>
        <time>2026-05-04T00:07:18.9350000+00:00</time>
      </trkpt>
      <trkpt lat="46.68369" lon="7.53882">
        <ele>1594.77</ele>
        <time>2026-05-04T00:07:24.9440000+00:00</time>
      </trkpt>
      <trkpt lat="46.68368" lon="7.53876">
        <ele>1594.75</ele>
        <time>2026-05-04T00:07:31.1260000+00:00</time>
      </trkpt>
      <trkpt lat="46.68367" lon="7.5387">
        <ele>1594.84</ele>
        <time>2026-05-04T00:07:37.3080000+00:00</time>
      </trkpt>
      <trkpt lat="46.68366" lon="7.53864">
        <ele>1595.23</ele>
        <time>2026-05-04T00:07:43.4890000+00:00</time>
      </trkpt>
      <trkpt lat="46.68365" lon="7.53858">
        <ele>1595.62</ele>
        <time>2026-05-04T00:07:49.6700000+00:00</time>
      </trkpt>
      <trkpt lat="46.68363" lon="7.53849">
        <ele>1596.23</ele>
        <time>2026-05-04T00:07:59.1410000+00:00</time>
      </trkpt>
      <trkpt lat="46.68362" lon="7.53843">
        <ele>1596.63</ele>
        <time>2026-05-04T00:08:05.3230000+00:00</time>
      </trkpt>
      <trkpt lat="46.6836" lon="7.53826">
        <ele>1597.73</ele>
        <time>2026-05-04T00:08:22.5910000+00:00</time>
      </trkpt>
      <trkpt lat="46.68355" lon="7.53811">
        <ele>1603.34</ele>
        <time>2026-05-04T00:08:39.2860000+00:00</time>
      </trkpt>
      <trkpt lat="46.68352" lon="7.53801">
        <ele>1606.89</ele>
        <time>2026-05-04T00:08:50.2130000+00:00</time>
      </trkpt>
      <trkpt lat="46.6835" lon="7.53793">
        <ele>1609.31</ele>
        <time>2026-05-04T00:08:58.7390000+00:00</time>
      </trkpt>
      <trkpt lat="46.68351" lon="7.53785">
        <ele>1608.7</ele>
        <time>2026-05-04T00:09:06.8790000+00:00</time>
      </trkpt>
      <trkpt lat="46.6835" lon="7.53772">
        <ele>1610.13</ele>
        <time>2026-05-04T00:09:19.9750000+00:00</time>
      </trkpt>
      <trkpt lat="46.6835" lon="7.53764">
        <ele>1610.41</ele>
        <time>2026-05-04T00:09:27.9830000+00:00</time>
      </trkpt>
      <trkpt lat="46.68346" lon="7.53753">
        <ele>1614.36</ele>
        <time>2026-05-04T00:09:40.4470000+00:00</time>
      </trkpt>
      <trkpt lat="46.68341" lon="7.53743">
        <ele>1618.94</ele>
        <time>2026-05-04T00:09:52.8350000+00:00</time>
      </trkpt>
      <trkpt lat="46.68337" lon="7.53736">
        <ele>1622.41</ele>
        <time>2026-05-04T00:10:01.9570000+00:00</time>
      </trkpt>
      <trkpt lat="46.68335" lon="7.5373">
        <ele>1624.09</ele>
        <time>2026-05-04T00:10:08.6360000+00:00</time>
      </trkpt>
      <trkpt lat="46.68335" lon="7.53725">
        <ele>1624.07</ele>
        <time>2026-05-04T00:10:13.6430000+00:00</time>
      </trkpt>
      <trkpt lat="46.68337" lon="7.53719">
        <ele>1622.43</ele>
        <time>2026-05-04T00:10:20.3230000+00:00</time>
      </trkpt>
      <trkpt lat="46.68339" lon="7.53712">
        <ele>1620.87</ele>
        <time>2026-05-04T00:10:27.9140000+00:00</time>
      </trkpt>
      <trkpt lat="46.68339" lon="7.53699">
        <ele>1621.16</ele>
        <time>2026-05-04T00:10:40.9280000+00:00</time>
      </trkpt>
      <trkpt lat="46.68339" lon="7.53684">
        <ele>1621.75</ele>
        <time>2026-05-04T00:10:55.9440000+00:00</time>
      </trkpt>
      <trkpt lat="46.68338" lon="7.53669">
        <ele>1622.95</ele>
        <time>2026-05-04T00:11:11.0320000+00:00</time>
      </trkpt>
      <trkpt lat="46.68339" lon="7.5366">
        <ele>1622.7</ele>
        <time>2026-05-04T00:11:20.1590000+00:00</time>
      </trkpt>
      <trkpt lat="46.68337" lon="7.5365">
        <ele>1624.14</ele>
        <time>2026-05-04T00:11:30.5880000+00:00</time>
      </trkpt>
      <trkpt lat="46.68337" lon="7.53644">
        <ele>1624.32</ele>
        <time>2026-05-04T00:11:36.5940000+00:00</time>
      </trkpt>
      <trkpt lat="46.68339" lon="7.53637">
        <ele>1623.61</ele>
        <time>2026-05-04T00:11:44.1850000+00:00</time>
      </trkpt>
      <trkpt lat="46.68343" lon="7.53625">
        <ele>1622.45</ele>
        <time>2026-05-04T00:11:57.5430000+00:00</time>
      </trkpt>
      <trkpt lat="46.68346" lon="7.53612">
        <ele>1624.01</ele>
        <time>2026-05-04T00:12:11.2740000+00:00</time>
      </trkpt>
      <trkpt lat="46.68347" lon="7.53601">
        <ele>1626.53</ele>
        <time>2026-05-04T00:12:22.3820000+00:00</time>
      </trkpt>
      <trkpt lat="46.68346" lon="7.53592">
        <ele>1629.19</ele>
        <time>2026-05-04T00:12:31.5090000+00:00</time>
      </trkpt>
      <trkpt lat="46.68346" lon="7.53579">
        <ele>1632.55</ele>
        <time>2026-05-04T00:12:44.5240000+00:00</time>
      </trkpt>
      <trkpt lat="46.68348" lon="7.53575">
        <ele>1633.08</ele>
        <time>2026-05-04T00:12:49.4790000+00:00</time>
      </trkpt>
      <trkpt lat="46.68351" lon="7.53574">
        <ele>1632.59</ele>
        <time>2026-05-04T00:12:53.9710000+00:00</time>
      </trkpt>
      <trkpt lat="46.68358" lon="7.53574">
        <ele>1630.83</ele>
        <time>2026-05-04T00:13:04.1870000+00:00</time>
      </trkpt>
      <trkpt lat="46.68361" lon="7.53571">
        <ele>1631.22</ele>
        <time>2026-05-04T00:13:09.4960000+00:00</time>
      </trkpt>
      <trkpt lat="46.68365" lon="7.53562">
        <ele>1633.53</ele>
        <time>2026-05-04T00:13:20.2320000+00:00</time>
      </trkpt>
      <trkpt lat="46.68369" lon="7.53554">
        <ele>1635.4</ele>
        <time>2026-05-04T00:13:30.1430000+00:00</time>
      </trkpt>
      <trkpt lat="46.6837" lon="7.53552">
        <ele>1635.84</ele>
        <time>2026-05-04T00:13:32.6230000+00:00</time>
      </trkpt>
      <trkpt lat="46.68374" lon="7.53553">
        <ele>1635.12</ele>
        <time>2026-05-04T00:13:38.5460000+00:00</time>
      </trkpt>
      <trkpt lat="46.68381" lon="7.53557">
        <ele>1633.34</ele>
        <time>2026-05-04T00:13:49.5180000+00:00</time>
      </trkpt>
      <trkpt lat="46.68388" lon="7.5356">
        <ele>1631.92</ele>
        <time>2026-05-04T00:14:00.1670000+00:00</time>
      </trkpt>
      <trkpt lat="46.68402" lon="7.53562">
        <ele>1630.19</ele>
        <time>2026-05-04T00:14:20.6950000+00:00</time>
      </trkpt>
      <trkpt lat="46.68408" lon="7.53566">
        <ele>1628.89</ele>
        <time>2026-05-04T00:14:30.3240000+00:00</time>
      </trkpt>
      <trkpt lat="46.68414" lon="7.53573">
        <ele>1627.18</ele>
        <time>2026-05-04T00:14:41.5390000+00:00</time>
      </trkpt>
      <trkpt lat="46.68422" lon="7.5358">
        <ele>1625.56</ele>
        <time>2026-05-04T00:14:55.1550000+00:00</time>
      </trkpt>
      <trkpt lat="46.68431" lon="7.53587">
        <ele>1624.17</ele>
        <time>2026-05-04T00:15:10.0410000+00:00</time>
      </trkpt>
      <trkpt lat="46.68435" lon="7.53593">
        <ele>1623.28</ele>
        <time>2026-05-04T00:15:18.4180000+00:00</time>
      </trkpt>
      <trkpt lat="46.68448" lon="7.53613">
        <ele>1620.59</ele>
        <time>2026-05-04T00:15:46.0010000+00:00</time>
      </trkpt>
      <trkpt lat="46.68449" lon="7.53608">
        <ele>1621.05</ele>
        <time>2026-05-04T00:15:51.2160000+00:00</time>
      </trkpt>
      <trkpt lat="46.68444" lon="7.53595">
        <ele>1622.83</ele>
        <time>2026-05-04T00:16:06.1370000+00:00</time>
      </trkpt>
      <trkpt lat="46.68444" lon="7.53588">
        <ele>1623.59</ele>
        <time>2026-05-04T00:16:13.1450000+00:00</time>
      </trkpt>
      <trkpt lat="46.68446" lon="7.53585">
        <ele>1623.75</ele>
        <time>2026-05-04T00:16:17.3330000+00:00</time>
      </trkpt>
      <trkpt lat="46.6845" lon="7.53582">
        <ele>1623.73</ele>
        <time>2026-05-04T00:16:23.8980000+00:00</time>
      </trkpt>
      <trkpt lat="46.68451" lon="7.53579">
        <ele>1623.97</ele>
        <time>2026-05-04T00:16:27.2390000+00:00</time>
      </trkpt>
      <trkpt lat="46.6845" lon="7.53574">
        <ele>1624.58</ele>
        <time>2026-05-04T00:16:32.4540000+00:00</time>
      </trkpt>
      <trkpt lat="46.68447" lon="7.53568">
        <ele>1625.48</ele>
        <time>2026-05-04T00:16:39.8880000+00:00</time>
      </trkpt>
      <trkpt lat="46.68445" lon="7.53566">
        <ele>1625.87</ele>
        <time>2026-05-04T00:16:43.4290000+00:00</time>
      </trkpt>
      <trkpt lat="46.68441" lon="7.53566">
        <ele>1626.21</ele>
        <time>2026-05-04T00:16:49.2670000+00:00</time>
      </trkpt>
      <trkpt lat="46.68436" lon="7.5356">
        <ele>1627.36</ele>
        <time>2026-05-04T00:16:58.7190000+00:00</time>
      </trkpt>
      <trkpt lat="46.68426" lon="7.53545">
        <ele>1630.52</ele>
        <time>2026-05-04T00:17:19.6580000+00:00</time>
      </trkpt>
      <trkpt lat="46.68422" lon="7.53538">
        <ele>1632.12</ele>
        <time>2026-05-04T00:17:28.7780000+00:00</time>
      </trkpt>
      <trkpt lat="46.68418" lon="7.5353">
        <ele>1633.81</ele>
        <time>2026-05-04T00:17:38.6890000+00:00</time>
      </trkpt>
      <trkpt lat="46.68417" lon="7.53526">
        <ele>1634.54</ele>
        <time>2026-05-04T00:17:42.9510000+00:00</time>
      </trkpt>
      <trkpt lat="46.68414" lon="7.5352">
        <ele>1635.91</ele>
        <time>2026-05-04T00:17:50.3840000+00:00</time>
      </trkpt>
      <trkpt lat="46.68414" lon="7.53514">
        <ele>1636.79</ele>
        <time>2026-05-04T00:17:56.3900000+00:00</time>
      </trkpt>
      <trkpt lat="46.68413" lon="7.53507">
        <ele>1638.01</ele>
        <time>2026-05-04T00:18:03.5480000+00:00</time>
      </trkpt>
      <trkpt lat="46.68412" lon="7.53505">
        <ele>1638.51</ele>
        <time>2026-05-04T00:18:06.0240000+00:00</time>
      </trkpt>
      <trkpt lat="46.6841" lon="7.53506">
        <ele>1638.76</ele>
        <time>2026-05-04T00:18:09.1090000+00:00</time>
      </trkpt>
      <trkpt lat="46.68408" lon="7.53511">
        <ele>1638.38</ele>
        <time>2026-05-04T00:18:14.9030000+00:00</time>
      </trkpt>
      <trkpt lat="46.68405" lon="7.53515">
        <ele>1638.31</ele>
        <time>2026-05-04T00:18:20.8370000+00:00</time>
      </trkpt>
      <trkpt lat="46.68402" lon="7.53519">
        <ele>1638.2</ele>
        <time>2026-05-04T00:18:26.7710000+00:00</time>
      </trkpt>
      <trkpt lat="46.68399" lon="7.53522">
        <ele>1638.21</ele>
        <time>2026-05-04T00:18:32.0800000+00:00</time>
      </trkpt>
      <trkpt lat="46.68396" lon="7.53523">
        <ele>1638.56</ele>
        <time>2026-05-04T00:18:36.5690000+00:00</time>
      </trkpt>
      <trkpt lat="46.68393" lon="7.5352">
        <ele>1639.62</ele>
        <time>2026-05-04T00:18:41.8780000+00:00</time>
      </trkpt>
      <trkpt lat="46.68394" lon="7.53516">
        <ele>1640.16</ele>
        <time>2026-05-04T00:18:46.1400000+00:00</time>
      </trkpt>
      <trkpt lat="46.6839" lon="7.53514">
        <ele>1641.27</ele>
        <time>2026-05-04T00:18:52.3120000+00:00</time>
      </trkpt>
      <trkpt lat="46.68388" lon="7.53507">
        <ele>1642.99</ele>
        <time>2026-05-04T00:18:59.9030000+00:00</time>
      </trkpt>
      <trkpt lat="46.68389" lon="7.53503">
        <ele>1643.55</ele>
        <time>2026-05-04T00:19:04.1650000+00:00</time>
      </trkpt>
      <trkpt lat="46.68391" lon="7.53498">
        <ele>1644.06</ele>
        <time>2026-05-04T00:19:09.9610000+00:00</time>
      </trkpt>
      <trkpt lat="46.68387" lon="7.53495">
        <ele>1645.5</ele>
        <time>2026-05-04T00:19:16.5250000+00:00</time>
      </trkpt>
      <trkpt lat="46.68384" lon="7.53492">
        <ele>1646.75</ele>
        <time>2026-05-04T00:19:21.8350000+00:00</time>
      </trkpt>
      <trkpt lat="46.68383" lon="7.53483">
        <ele>1648.78</ele>
        <time>2026-05-04T00:19:30.9630000+00:00</time>
      </trkpt>
      <trkpt lat="46.68381" lon="7.53476">
        <ele>1650.68</ele>
        <time>2026-05-04T00:19:38.5540000+00:00</time>
      </trkpt>
      <trkpt lat="46.68378" lon="7.5345">
        <ele>1656.4</ele>
        <time>2026-05-04T00:20:04.9490000+00:00</time>
      </trkpt>
      <trkpt lat="46.68377" lon="7.53444">
        <ele>1657.42</ele>
        <time>2026-05-04T00:20:11.1290000+00:00</time>
      </trkpt>
      <trkpt lat="46.68374" lon="7.53434">
        <ele>1659.46</ele>
        <time>2026-05-04T00:20:22.0560000+00:00</time>
      </trkpt>
      <trkpt lat="46.68369" lon="7.53422">
        <ele>1662.2</ele>
        <time>2026-05-04T00:20:36.1130000+00:00</time>
      </trkpt>
      <trkpt lat="46.68365" lon="7.53409">
        <ele>1664.71</ele>
        <time>2026-05-04T00:20:50.3770000+00:00</time>
      </trkpt>
      <trkpt lat="46.6836" lon="7.53392">
        <ele>1667.79</ele>
        <time>2026-05-04T00:21:08.8940000+00:00</time>
      </trkpt>
      <trkpt lat="46.68357" lon="7.53377">
        <ele>1670.35</ele>
        <time>2026-05-04T00:21:24.5370000+00:00</time>
      </trkpt>
      <trkpt lat="46.6835" lon="7.53382">
        <ele>1671.94</ele>
        <time>2026-05-04T00:21:35.9120000+00:00</time>
      </trkpt>
      <trkpt lat="46.68346" lon="7.53391">
        <ele>1671.87</ele>
        <time>2026-05-04T00:21:46.6470000+00:00</time>
      </trkpt>
      <trkpt lat="46.68344" lon="7.53393">
        <ele>1672.13</ele>
        <time>2026-05-04T00:21:50.1850000+00:00</time>
      </trkpt>
      <trkpt lat="46.68341" lon="7.53397">
        <ele>1672.34</ele>
        <time>2026-05-04T00:21:56.1180000+00:00</time>
      </trkpt>
      <trkpt lat="46.68339" lon="7.53401">
        <ele>1672.21</ele>
        <time>2026-05-04T00:22:01.0740000+00:00</time>
      </trkpt>
      <trkpt lat="46.68337" lon="7.53402">
        <ele>1672.56</ele>
        <time>2026-05-04T00:22:04.1610000+00:00</time>
      </trkpt>
      <trkpt lat="46.68336" lon="7.53399">
        <ele>1673.33</ele>
        <time>2026-05-04T00:22:07.5000000+00:00</time>
      </trkpt>
      <trkpt lat="46.68337" lon="7.53396">
        <ele>1673.58</ele>
        <time>2026-05-04T00:22:10.8380000+00:00</time>
      </trkpt>
      <trkpt lat="46.68336" lon="7.53393">
        <ele>1674.37</ele>
        <time>2026-05-04T00:22:14.1770000+00:00</time>
      </trkpt>
      <trkpt lat="46.68338" lon="7.53389">
        <ele>1674.48</ele>
        <time>2026-05-04T00:22:19.1320000+00:00</time>
      </trkpt>
      <trkpt lat="46.68336" lon="7.53386">
        <ele>1675.58</ele>
        <time>2026-05-04T00:22:23.3210000+00:00</time>
      </trkpt>
      <trkpt lat="46.68333" lon="7.53387">
        <ele>1676.29</ele>
        <time>2026-05-04T00:22:27.8130000+00:00</time>
      </trkpt>
      <trkpt lat="46.68327" lon="7.53382">
        <ele>1679.06</ele>
        <time>2026-05-04T00:22:37.9000000+00:00</time>
      </trkpt>
      <trkpt lat="46.68324" lon="7.53377">
        <ele>1681.01</ele>
        <time>2026-05-04T00:22:44.5500000+00:00</time>
      </trkpt>
      <trkpt lat="46.68303" lon="7.5336">
        <ele>1692.35</ele>
        <time>2026-05-04T00:23:19.6040000+00:00</time>
      </trkpt>
      <trkpt lat="46.68298" lon="7.53354">
        <ele>1695.76</ele>
        <time>2026-05-04T00:23:29.0550000+00:00</time>
      </trkpt>
      <trkpt lat="46.68293" lon="7.53343">
        <ele>1700.64</ele>
        <time>2026-05-04T00:23:42.2660000+00:00</time>
      </trkpt>
      <trkpt lat="46.68284" lon="7.53337">
        <ele>1705.72</ele>
        <time>2026-05-04T00:23:56.7090000+00:00</time>
      </trkpt>
      <trkpt lat="46.68283" lon="7.53334">
        <ele>1706.97</ele>
        <time>2026-05-04T00:24:00.0480000+00:00</time>
      </trkpt>
      <trkpt lat="46.6828" lon="7.53331">
        <ele>1709</ele>
        <time>2026-05-04T00:24:05.3570000+00:00</time>
      </trkpt>
      <trkpt lat="46.68273" lon="7.53332">
        <ele>1710.51</ele>
        <time>2026-05-04T00:24:15.6210000+00:00</time>
      </trkpt>
      <trkpt lat="46.68271" lon="7.5333">
        <ele>1711.35</ele>
        <time>2026-05-04T00:24:19.1600000+00:00</time>
      </trkpt>
      <trkpt lat="46.68273" lon="7.53325">
        <ele>1712.58</ele>
        <time>2026-05-04T00:24:24.9550000+00:00</time>
      </trkpt>
      <trkpt lat="46.68279" lon="7.5332">
        <ele>1712.65</ele>
        <time>2026-05-04T00:24:35.0400000+00:00</time>
      </trkpt>
      <trkpt lat="46.6828" lon="7.53318">
        <ele>1712.85</ele>
        <time>2026-05-04T00:24:37.5160000+00:00</time>
      </trkpt>
      <trkpt lat="46.68278" lon="7.53314">
        <ele>1714.84</ele>
        <time>2026-05-04T00:24:42.4720000+00:00</time>
      </trkpt>
      <trkpt lat="46.68275" lon="7.53312">
        <ele>1716.23</ele>
        <time>2026-05-04T00:24:47.2880000+00:00</time>
      </trkpt>
      <trkpt lat="46.68273" lon="7.53308">
        <ele>1717.63</ele>
        <time>2026-05-04T00:24:52.2430000+00:00</time>
      </trkpt>
      <trkpt lat="46.6827" lon="7.53306">
        <ele>1718.53</ele>
        <time>2026-05-04T00:24:57.0560000+00:00</time>
      </trkpt>
      <trkpt lat="46.68259" lon="7.53302">
        <ele>1720.77</ele>
        <time>2026-05-04T00:25:13.6010000+00:00</time>
      </trkpt>
      <trkpt lat="46.68255" lon="7.53301">
        <ele>1721.44</ele>
        <time>2026-05-04T00:25:19.5240000+00:00</time>
      </trkpt>
      <trkpt lat="46.68251" lon="7.53296">
        <ele>1723.2</ele>
        <time>2026-05-04T00:25:27.2140000+00:00</time>
      </trkpt>
      <trkpt lat="46.68247" lon="7.53288">
        <ele>1725.8</ele>
        <time>2026-05-04T00:25:37.1250000+00:00</time>
      </trkpt>
      <trkpt lat="46.68243" lon="7.53282">
        <ele>1728.21</ele>
        <time>2026-05-04T00:25:45.5010000+00:00</time>
      </trkpt>
      <trkpt lat="46.68239" lon="7.53278">
        <ele>1729.91</ele>
        <time>2026-05-04T00:25:52.5800000+00:00</time>
      </trkpt>
      <trkpt lat="46.68232" lon="7.53272">
        <ele>1732.51</ele>
        <time>2026-05-04T00:26:04.4300000+00:00</time>
      </trkpt>
      <trkpt lat="46.68228" lon="7.53265">
        <ele>1735.19</ele>
        <time>2026-05-04T00:26:13.5500000+00:00</time>
      </trkpt>
      <trkpt lat="46.68221" lon="7.53253">
        <ele>1739.74</ele>
        <time>2026-05-04T00:26:29.3200000+00:00</time>
      </trkpt>
      <trkpt lat="46.68214" lon="7.53251">
        <ele>1740.89</ele>
        <time>2026-05-04T00:26:39.7290000+00:00</time>
      </trkpt>
      <trkpt lat="46.68208" lon="7.53246">
        <ele>1742.95</ele>
        <time>2026-05-04T00:26:49.8150000+00:00</time>
      </trkpt>
      <trkpt lat="46.68203" lon="7.53249">
        <ele>1742.29</ele>
        <time>2026-05-04T00:26:57.7050000+00:00</time>
      </trkpt>
      <trkpt lat="46.68199" lon="7.53251">
        <ele>1741.9</ele>
        <time>2026-05-04T00:27:03.8770000+00:00</time>
      </trkpt>
      <trkpt lat="46.682" lon="7.53238">
        <ele>1746.09</ele>
        <time>2026-05-04T00:27:16.9750000+00:00</time>
      </trkpt>
      <trkpt lat="46.68204" lon="7.53211">
        <ele>1754.72</ele>
        <time>2026-05-04T00:27:44.6290000+00:00</time>
      </trkpt>
      <trkpt lat="46.68204" lon="7.532">
        <ele>1758.02</ele>
        <time>2026-05-04T00:27:55.6410000+00:00</time>
      </trkpt>
      <trkpt lat="46.68213" lon="7.53182">
        <ele>1762.89</ele>
        <time>2026-05-04T00:28:17.9400000+00:00</time>
      </trkpt>
      <trkpt lat="46.68213" lon="7.53175">
        <ele>1764.92</ele>
        <time>2026-05-04T00:28:24.9490000+00:00</time>
      </trkpt>
      <trkpt lat="46.68215" lon="7.53166">
        <ele>1767.58</ele>
        <time>2026-05-04T00:28:34.4200000+00:00</time>
      </trkpt>
      <trkpt lat="46.68215" lon="7.53158">
        <ele>1769.92</ele>
        <time>2026-05-04T00:28:42.4300000+00:00</time>
      </trkpt>
      <trkpt lat="46.68215" lon="7.5315">
        <ele>1772.27</ele>
        <time>2026-05-04T00:28:50.4400000+00:00</time>
      </trkpt>
      <trkpt lat="46.68215" lon="7.53144">
        <ele>1774.03</ele>
        <time>2026-05-04T00:28:56.4480000+00:00</time>
      </trkpt>
      <trkpt lat="46.68213" lon="7.5314">
        <ele>1775.05</ele>
        <time>2026-05-04T00:29:01.4030000+00:00</time>
      </trkpt>
      <trkpt lat="46.6821" lon="7.53125">
        <ele>1779.08</ele>
        <time>2026-05-04T00:29:17.0460000+00:00</time>
      </trkpt>
      <trkpt lat="46.6821" lon="7.5311">
        <ele>1782.42</ele>
        <time>2026-05-04T00:29:32.0630000+00:00</time>
      </trkpt>
      <trkpt lat="46.68208" lon="7.53098">
        <ele>1784.59</ele>
        <time>2026-05-04T00:29:44.4260000+00:00</time>
      </trkpt>
      <trkpt lat="46.68208" lon="7.53087">
        <ele>1786.84</ele>
        <time>2026-05-04T00:29:55.4380000+00:00</time>
      </trkpt>
      <trkpt lat="46.68206" lon="7.53074">
        <ele>1789.05</ele>
        <time>2026-05-04T00:30:08.7760000+00:00</time>
      </trkpt>
      <trkpt lat="46.68206" lon="7.53062">
        <ele>1791.44</ele>
        <time>2026-05-04T00:30:20.7900000+00:00</time>
      </trkpt>
      <trkpt lat="46.68206" lon="7.53051">
        <ele>1793.64</ele>
        <time>2026-05-04T00:30:31.8030000+00:00</time>
      </trkpt>
      <trkpt lat="46.6821" lon="7.53024">
        <ele>1798.68</ele>
        <time>2026-05-04T00:30:59.4570000+00:00</time>
      </trkpt>
      <trkpt lat="46.68211" lon="7.5301">
        <ele>1800.39</ele>
        <time>2026-05-04T00:31:13.5490000+00:00</time>
      </trkpt>
      <trkpt lat="46.68212" lon="7.5299">
        <ele>1802.77</ele>
        <time>2026-05-04T00:31:33.6250000+00:00</time>
      </trkpt>
      <trkpt lat="46.68211" lon="7.52983">
        <ele>1803.01</ele>
        <time>2026-05-04T00:31:40.7840000+00:00</time>
      </trkpt>
      <trkpt lat="46.6821" lon="7.52978">
        <ele>1803.01</ele>
        <time>2026-05-04T00:31:45.9990000+00:00</time>
      </trkpt>
      <trkpt lat="46.6821" lon="7.5297">
        <ele>1803.76</ele>
        <time>2026-05-04T00:31:54.0080000+00:00</time>
      </trkpt>
      <trkpt lat="46.68209" lon="7.52961">
        <ele>1804.09</ele>
        <time>2026-05-04T00:32:03.1350000+00:00</time>
      </trkpt>
      <trkpt lat="46.68208" lon="7.52947">
        <ele>1804.81</ele>
        <time>2026-05-04T00:32:17.2270000+00:00</time>
      </trkpt>
      <trkpt lat="46.68206" lon="7.52936">
        <ele>1804.64</ele>
        <time>2026-05-04T00:32:28.6200000+00:00</time>
      </trkpt>
      <trkpt lat="46.68206" lon="7.52931">
        <ele>1805.07</ele>
        <time>2026-05-04T00:32:33.6250000+00:00</time>
      </trkpt>
      <trkpt lat="46.68206" lon="7.52923">
        <ele>1805.76</ele>
        <time>2026-05-04T00:32:41.6340000+00:00</time>
      </trkpt>
      <trkpt lat="46.68204" lon="7.52917">
        <ele>1805.04</ele>
        <time>2026-05-04T00:32:48.3110000+00:00</time>
      </trkpt>
      <trkpt lat="46.68202" lon="7.5291">
        <ele>1804.34</ele>
        <time>2026-05-04T00:32:55.9030000+00:00</time>
      </trkpt>
      <trkpt lat="46.68202" lon="7.52904">
        <ele>1804.81</ele>
        <time>2026-05-04T00:33:01.9100000+00:00</time>
      </trkpt>
      <trkpt lat="46.682" lon="7.52899">
        <ele>1803.89</ele>
        <time>2026-05-04T00:33:07.7050000+00:00</time>
      </trkpt>
      <trkpt lat="46.68198" lon="7.52892">
        <ele>1803.07</ele>
        <time>2026-05-04T00:33:15.2960000+00:00</time>
      </trkpt>
      <trkpt lat="46.68198" lon="7.52886">
        <ele>1803.49</ele>
        <time>2026-05-04T00:33:21.3040000+00:00</time>
      </trkpt>
      <trkpt lat="46.682" lon="7.52884">
        <ele>1805</ele>
        <time>2026-05-04T00:33:24.8440000+00:00</time>
      </trkpt>
      <trkpt lat="46.682" lon="7.52879">
        <ele>1805.37</ele>
        <time>2026-05-04T00:33:29.8490000+00:00</time>
      </trkpt>
      <trkpt lat="46.68198" lon="7.52874">
        <ele>1804.32</ele>
        <time>2026-05-04T00:33:35.6440000+00:00</time>
      </trkpt>
      <trkpt lat="46.68197" lon="7.52869">
        <ele>1804.15</ele>
        <time>2026-05-04T00:33:40.8590000+00:00</time>
      </trkpt>
      <trkpt lat="46.68195" lon="7.52863">
        <ele>1803.45</ele>
        <time>2026-05-04T00:33:47.5360000+00:00</time>
      </trkpt>
      <trkpt lat="46.68193" lon="7.52856">
        <ele>1802.87</ele>
        <time>2026-05-04T00:33:55.1280000+00:00</time>
      </trkpt>
      <trkpt lat="46.6819" lon="7.52851">
        <ele>1801.28</ele>
        <time>2026-05-04T00:34:01.7790000+00:00</time>
      </trkpt>
      <trkpt lat="46.68187" lon="7.52845">
        <ele>1799.82</ele>
        <time>2026-05-04T00:34:09.2110000+00:00</time>
      </trkpt>
      <trkpt lat="46.68184" lon="7.52834">
        <ele>1798.97</ele>
        <time>2026-05-04T00:34:21.0620000+00:00</time>
      </trkpt>
      <trkpt lat="46.68181" lon="7.52823">
        <ele>1798.13</ele>
        <time>2026-05-04T00:34:32.9130000+00:00</time>
      </trkpt>
      <trkpt lat="46.68178" lon="7.52812">
        <ele>1797.3</ele>
        <time>2026-05-04T00:34:44.7640000+00:00</time>
      </trkpt>
      <trkpt lat="46.68175" lon="7.52802">
        <ele>1796.35</ele>
        <time>2026-05-04T00:34:55.6890000+00:00</time>
      </trkpt>
      <trkpt lat="46.68172" lon="7.52792">
        <ele>1795.42</ele>
        <time>2026-05-04T00:35:06.6160000+00:00</time>
      </trkpt>
      <trkpt lat="46.6817" lon="7.52785">
        <ele>1795.07</ele>
        <time>2026-05-04T00:35:14.2070000+00:00</time>
      </trkpt>
      <trkpt lat="46.68165" lon="7.52779">
        <ele>1792.57</ele>
        <time>2026-05-04T00:35:23.6580000+00:00</time>
      </trkpt>
      <trkpt lat="46.68162" lon="7.52774">
        <ele>1791.35</ele>
        <time>2026-05-04T00:35:30.3100000+00:00</time>
      </trkpt>
      <trkpt lat="46.6816" lon="7.5277">
        <ele>1790.67</ele>
        <time>2026-05-04T00:35:35.2650000+00:00</time>
      </trkpt>
      <trkpt lat="46.68157" lon="7.5276">
        <ele>1790.43</ele>
        <time>2026-05-04T00:35:46.1920000+00:00</time>
      </trkpt>
      <trkpt lat="46.68154" lon="7.5275">
        <ele>1790.25</ele>
        <time>2026-05-04T00:35:57.1190000+00:00</time>
      </trkpt>
      <trkpt lat="46.68154" lon="7.52741">
        <ele>1791.96</ele>
        <time>2026-05-04T00:36:06.1300000+00:00</time>
      </trkpt>
      <trkpt lat="46.68153" lon="7.52737">
        <ele>1792.04</ele>
        <time>2026-05-04T00:36:10.3940000+00:00</time>
      </trkpt>
      <trkpt lat="46.6815" lon="7.52734">
        <ele>1790.6</ele>
        <time>2026-05-04T00:36:15.7040000+00:00</time>
      </trkpt>
      <trkpt lat="46.68147" lon="7.5273">
        <ele>1789.36</ele>
        <time>2026-05-04T00:36:21.6360000+00:00</time>
      </trkpt>
      <trkpt lat="46.68145" lon="7.52724">
        <ele>1789.21</ele>
        <time>2026-05-04T00:36:28.3150000+00:00</time>
      </trkpt>
      <trkpt lat="46.68141" lon="7.52719">
        <ele>1787.56</ele>
        <time>2026-05-04T00:36:36.0060000+00:00</time>
      </trkpt>
      <trkpt lat="46.68138" lon="7.52714">
        <ele>1786.6</ele>
        <time>2026-05-04T00:36:42.6550000+00:00</time>
      </trkpt>
      <trkpt lat="46.68133" lon="7.5271">
        <ele>1784.16</ele>
        <time>2026-05-04T00:36:50.9780000+00:00</time>
      </trkpt>
      <trkpt lat="46.68129" lon="7.52706">
        <ele>1782.4</ele>
        <time>2026-05-04T00:36:58.0580000+00:00</time>
      </trkpt>
      <trkpt lat="46.68126" lon="7.52702">
        <ele>1781.41</ele>
        <time>2026-05-04T00:37:03.9920000+00:00</time>
      </trkpt>
      <trkpt lat="46.68122" lon="7.52697">
        <ele>1780.04</ele>
        <time>2026-05-04T00:37:11.6830000+00:00</time>
      </trkpt>
      <trkpt lat="46.68119" lon="7.52697">
        <ele>1778.11</ele>
        <time>2026-05-04T00:37:16.0610000+00:00</time>
      </trkpt>
      <trkpt lat="46.68115" lon="7.52697">
        <ele>1775.55</ele>
        <time>2026-05-04T00:37:21.8980000+00:00</time>
      </trkpt>
      <trkpt lat="46.68111" lon="7.52694">
        <ele>1773.74</ele>
        <time>2026-05-04T00:37:28.4640000+00:00</time>
      </trkpt>
      <trkpt lat="46.68108" lon="7.5269">
        <ele>1773.53</ele>
        <time>2026-05-04T00:37:34.3980000+00:00</time>
      </trkpt>
      <trkpt lat="46.68107" lon="7.52684">
        <ele>1774.75</ele>
        <time>2026-05-04T00:37:40.5800000+00:00</time>
      </trkpt>
      <trkpt lat="46.68105" lon="7.52677">
        <ele>1775.93</ele>
        <time>2026-05-04T00:37:48.1730000+00:00</time>
      </trkpt>
      <trkpt lat="46.68102" lon="7.5267">
        <ele>1776.8</ele>
        <time>2026-05-04T00:37:56.4360000+00:00</time>
      </trkpt>
      <trkpt lat="46.68099" lon="7.52666">
        <ele>1776.91</ele>
        <time>2026-05-04T00:38:02.3700000+00:00</time>
      </trkpt>
      <trkpt lat="46.68097" lon="7.52661">
        <ele>1777.54</ele>
        <time>2026-05-04T00:38:08.1660000+00:00</time>
      </trkpt>
      <trkpt lat="46.68094" lon="7.52657">
        <ele>1777.61</ele>
        <time>2026-05-04T00:38:14.1000000+00:00</time>
      </trkpt>
      <trkpt lat="46.68093" lon="7.52653">
        <ele>1778.27</ele>
        <time>2026-05-04T00:38:18.3610000+00:00</time>
      </trkpt>
      <trkpt lat="46.68092" lon="7.52648">
        <ele>1779.17</ele>
        <time>2026-05-04T00:38:23.5760000+00:00</time>
      </trkpt>
      <trkpt lat="46.6809" lon="7.52644">
        <ele>1779.51</ele>
        <time>2026-05-04T00:38:28.5320000+00:00</time>
      </trkpt>
      <trkpt lat="46.68087" lon="7.52635">
        <ele>1780.7</ele>
        <time>2026-05-04T00:38:38.5500000+00:00</time>
      </trkpt>
      <trkpt lat="46.68085" lon="7.52622">
        <ele>1783.08</ele>
        <time>2026-05-04T00:38:51.8880000+00:00</time>
      </trkpt>
      <trkpt lat="46.68084" lon="7.5261">
        <ele>1785.03</ele>
        <time>2026-05-04T00:39:03.9890000+00:00</time>
      </trkpt>
      <trkpt lat="46.68082" lon="7.52601">
        <ele>1786.05</ele>
        <time>2026-05-04T00:39:13.4600000+00:00</time>
      </trkpt>
      <trkpt lat="46.6808" lon="7.52593">
        <ele>1786.85</ele>
        <time>2026-05-04T00:39:21.9850000+00:00</time>
      </trkpt>
      <trkpt lat="46.68078" lon="7.52585">
        <ele>1787.61</ele>
        <time>2026-05-04T00:39:30.5100000+00:00</time>
      </trkpt>
      <trkpt lat="46.68076" lon="7.52574">
        <ele>1788.89</ele>
        <time>2026-05-04T00:39:41.9030000+00:00</time>
      </trkpt>
      <trkpt lat="46.68075" lon="7.52562">
        <ele>1790.68</ele>
        <time>2026-05-04T00:39:54.0050000+00:00</time>
      </trkpt>
      <trkpt lat="46.68074" lon="7.52553">
        <ele>1791.92</ele>
        <time>2026-05-04T00:40:03.1320000+00:00</time>
      </trkpt>
      <trkpt lat="46.68074" lon="7.5254">
        <ele>1794.26</ele>
        <time>2026-05-04T00:40:16.1470000+00:00</time>
      </trkpt>
      <trkpt lat="46.68074" lon="7.52526">
        <ele>1794.34</ele>
        <time>2026-05-04T00:40:30.1640000+00:00</time>
      </trkpt>
      <trkpt lat="46.68074" lon="7.52514">
        <ele>1794.34</ele>
        <time>2026-05-04T00:40:42.1780000+00:00</time>
      </trkpt>
      <trkpt lat="46.68076" lon="7.52503">
        <ele>1795.15</ele>
        <time>2026-05-04T00:40:53.5710000+00:00</time>
      </trkpt>
      <trkpt lat="46.68079" lon="7.5249">
        <ele>1796.38</ele>
        <time>2026-05-04T00:41:07.3040000+00:00</time>
      </trkpt>
      <trkpt lat="46.68082" lon="7.52483">
        <ele>1797.6</ele>
        <time>2026-05-04T00:41:15.5670000+00:00</time>
      </trkpt>
      <trkpt lat="46.68083" lon="7.52477">
        <ele>1798.01</ele>
        <time>2026-05-04T00:41:21.7490000+00:00</time>
      </trkpt>
      <trkpt lat="46.68084" lon="7.52473">
        <ele>1798.42</ele>
        <time>2026-05-04T00:41:26.0090000+00:00</time>
      </trkpt>
      <trkpt lat="46.68084" lon="7.52467">
        <ele>1798.42</ele>
        <time>2026-05-04T00:41:32.0150000+00:00</time>
      </trkpt>
      <trkpt lat="46.68087" lon="7.5245">
        <ele>1799.06</ele>
        <time>2026-05-04T00:41:49.5880000+00:00</time>
      </trkpt>
      <trkpt lat="46.68089" lon="7.5244">
        <ele>1798.95</ele>
        <time>2026-05-04T00:42:00.0170000+00:00</time>
      </trkpt>
      <trkpt lat="46.68092" lon="7.52435">
        <ele>1799.7</ele>
        <time>2026-05-04T00:42:06.6670000+00:00</time>
      </trkpt>
      <trkpt lat="46.68096" lon="7.52428">
        <ele>1800.66</ele>
        <time>2026-05-04T00:42:15.7870000+00:00</time>
      </trkpt>
      <trkpt lat="46.68098" lon="7.52419">
        <ele>1800.62</ele>
        <time>2026-05-04T00:42:25.2580000+00:00</time>
      </trkpt>
      <trkpt lat="46.68101" lon="7.52408">
        <ele>1800.79</ele>
        <time>2026-05-04T00:42:37.1100000+00:00</time>
      </trkpt>
      <trkpt lat="46.68103" lon="7.52397">
        <ele>1800.54</ele>
        <time>2026-05-04T00:42:48.5030000+00:00</time>
      </trkpt>
      <trkpt lat="46.68106" lon="7.52389">
        <ele>1800.98</ele>
        <time>2026-05-04T00:42:57.6310000+00:00</time>
      </trkpt>
      <trkpt lat="46.68111" lon="7.52378">
        <ele>1801.96</ele>
        <time>2026-05-04T00:43:10.8420000+00:00</time>
      </trkpt>
      <trkpt lat="46.68115" lon="7.52372">
        <ele>1803.16</ele>
        <time>2026-05-04T00:43:19.2180000+00:00</time>
      </trkpt>
      <trkpt lat="46.68122" lon="7.52362">
        <ele>1805.3</ele>
        <time>2026-05-04T00:43:33.5220000+00:00</time>
      </trkpt>
      <trkpt lat="46.6813" lon="7.52355">
        <ele>1808.29</ele>
        <time>2026-05-04T00:43:47.1390000+00:00</time>
      </trkpt>
      <trkpt lat="46.68132" lon="7.52353">
        <ele>1809.04</ele>
        <time>2026-05-04T00:43:50.6800000+00:00</time>
      </trkpt>
      <trkpt lat="46.68134" lon="7.52348">
        <ele>1809.52</ele>
        <time>2026-05-04T00:43:56.4760000+00:00</time>
      </trkpt>
      <trkpt lat="46.68134" lon="7.52343">
        <ele>1809.09</ele>
        <time>2026-05-04T00:44:01.4820000+00:00</time>
      </trkpt>
      <trkpt lat="46.68133" lon="7.52339">
        <ele>1808.26</ele>
        <time>2026-05-04T00:44:05.7430000+00:00</time>
      </trkpt>
      <trkpt lat="46.68134" lon="7.52336">
        <ele>1808.48</ele>
        <time>2026-05-04T00:44:09.0840000+00:00</time>
      </trkpt>
      <trkpt lat="46.68137" lon="7.5233">
        <ele>1809.4</ele>
        <time>2026-05-04T00:44:16.5180000+00:00</time>
      </trkpt>
      <trkpt lat="46.68139" lon="7.52326">
        <ele>1810.03</ele>
        <time>2026-05-04T00:44:21.4740000+00:00</time>
      </trkpt>
      <trkpt lat="46.68142" lon="7.52316">
        <ele>1810.68</ele>
        <time>2026-05-04T00:44:32.4010000+00:00</time>
      </trkpt>
      <trkpt lat="46.68147" lon="7.52302">
        <ele>1812.09</ele>
        <time>2026-05-04T00:44:48.2030000+00:00</time>
      </trkpt>
      <trkpt lat="46.6815" lon="7.52289">
        <ele>1812.6</ele>
        <time>2026-05-04T00:45:01.9350000+00:00</time>
      </trkpt>
      <trkpt lat="46.68155" lon="7.52272">
        <ele>1812.67</ele>
        <time>2026-05-04T00:45:20.4530000+00:00</time>
      </trkpt>
      <trkpt lat="46.68158" lon="7.5226">
        <ele>1812.38</ele>
        <time>2026-05-04T00:45:33.2400000+00:00</time>
      </trkpt>
      <trkpt lat="46.68159" lon="7.52253">
        <ele>1811.82</ele>
        <time>2026-05-04T00:45:40.3980000+00:00</time>
      </trkpt>
      <trkpt lat="46.6816" lon="7.52247">
        <ele>1811.39</ele>
        <time>2026-05-04T00:45:46.5800000+00:00</time>
      </trkpt>
      <trkpt lat="46.68162" lon="7.5224">
        <ele>1811.28</ele>
        <time>2026-05-04T00:45:54.1720000+00:00</time>
      </trkpt>
      <trkpt lat="46.68164" lon="7.52232">
        <ele>1810.99</ele>
        <time>2026-05-04T00:46:02.6970000+00:00</time>
      </trkpt>
      <trkpt lat="46.68165" lon="7.5222">
        <ele>1809.58</ele>
        <time>2026-05-04T00:46:14.8000000+00:00</time>
      </trkpt>
      <trkpt lat="46.68166" lon="7.52193">
        <ele>1805.85</ele>
        <time>2026-05-04T00:46:41.8720000+00:00</time>
      </trkpt>
      <trkpt lat="46.68166" lon="7.52174">
        <ele>1802.94</ele>
        <time>2026-05-04T00:47:00.8940000+00:00</time>
      </trkpt>
      <trkpt lat="46.68166" lon="7.52155">
        <ele>1800.02</ele>
        <time>2026-05-04T00:47:19.9170000+00:00</time>
      </trkpt>
      <trkpt lat="46.68165" lon="7.52151">
        <ele>1799.09</ele>
        <time>2026-05-04T00:47:24.1800000+00:00</time>
      </trkpt>
      <trkpt lat="46.68164" lon="7.5214">
        <ele>1797.14</ele>
        <time>2026-05-04T00:47:35.2890000+00:00</time>
      </trkpt>
      <trkpt lat="46.68163" lon="7.52131">
        <ele>1795.53</ele>
        <time>2026-05-04T00:47:44.4160000+00:00</time>
      </trkpt>
      <trkpt lat="46.68162" lon="7.52122">
        <ele>1794.06</ele>
        <time>2026-05-04T00:47:53.5440000+00:00</time>
      </trkpt>
      <trkpt lat="46.68163" lon="7.52117">
        <ele>1793.97</ele>
        <time>2026-05-04T00:47:58.7590000+00:00</time>
      </trkpt>
      <trkpt lat="46.68164" lon="7.5211">
        <ele>1793.72</ele>
        <time>2026-05-04T00:48:05.9160000+00:00</time>
      </trkpt>
      <trkpt lat="46.68164" lon="7.52107">
        <ele>1793.51</ele>
        <time>2026-05-04T00:48:08.9220000+00:00</time>
      </trkpt>
      <trkpt lat="46.68165" lon="7.52098">
        <ele>1793.09</ele>
        <time>2026-05-04T00:48:18.0510000+00:00</time>
      </trkpt>
      <trkpt lat="46.68165" lon="7.5209">
        <ele>1792.52</ele>
        <time>2026-05-04T00:48:26.0600000+00:00</time>
      </trkpt>
      <trkpt lat="46.68164" lon="7.52082">
        <ele>1791.77</ele>
        <time>2026-05-04T00:48:34.2020000+00:00</time>
      </trkpt>
      <trkpt lat="46.68171" lon="7.52077">
        <ele>1792.63</ele>
        <time>2026-05-04T00:48:45.5780000+00:00</time>
      </trkpt>
      <trkpt lat="46.68184" lon="7.52072">
        <ele>1794.35</ele>
        <time>2026-05-04T00:49:05.1990000+00:00</time>
      </trkpt>
      <trkpt lat="46.68191" lon="7.52069">
        <ele>1795.14</ele>
        <time>2026-05-04T00:49:15.8470000+00:00</time>
      </trkpt>
      <trkpt lat="46.68197" lon="7.52069">
        <ele>1795.32</ele>
        <time>2026-05-04T00:49:24.6030000+00:00</time>
      </trkpt>
      <trkpt lat="46.68209" lon="7.52072">
        <ele>1795.16</ele>
        <time>2026-05-04T00:49:42.3710000+00:00</time>
      </trkpt>
      <trkpt lat="46.68217" lon="7.52076">
        <ele>1795.31</ele>
        <time>2026-05-04T00:49:54.7130000+00:00</time>
      </trkpt>
      <trkpt lat="46.68227" lon="7.52075">
        <ele>1794.75</ele>
        <time>2026-05-04T00:50:09.3410000+00:00</time>
      </trkpt>
      <trkpt lat="46.68238" lon="7.52076">
        <ele>1794.41</ele>
        <time>2026-05-04T00:50:25.4250000+00:00</time>
      </trkpt>
      <trkpt lat="46.68245" lon="7.52079">
        <ele>1794.49</ele>
        <time>2026-05-04T00:50:36.0730000+00:00</time>
      </trkpt>
      <trkpt lat="46.68253" lon="7.5208">
        <ele>1794.28</ele>
        <time>2026-05-04T00:50:47.7900000+00:00</time>
      </trkpt>
      <trkpt lat="46.68262" lon="7.52078">
        <ele>1793.64</ele>
        <time>2026-05-04T00:51:01.0760000+00:00</time>
      </trkpt>
      <trkpt lat="46.68274" lon="7.52073">
        <ele>1792.47</ele>
        <time>2026-05-04T00:51:19.2900000+00:00</time>
      </trkpt>
      <trkpt lat="46.6828" lon="7.52069">
        <ele>1790.51</ele>
        <time>2026-05-04T00:51:28.9180000+00:00</time>
      </trkpt>
      <trkpt lat="46.68288" lon="7.52056">
        <ele>1785.81</ele>
        <time>2026-05-04T00:51:46.4020000+00:00</time>
      </trkpt>
      <trkpt lat="46.68289" lon="7.52048">
        <ele>1784.38</ele>
        <time>2026-05-04T00:51:54.5440000+00:00</time>
      </trkpt>
      <trkpt lat="46.68292" lon="7.52045">
        <ele>1782.87</ele>
        <time>2026-05-04T00:51:59.8520000+00:00</time>
      </trkpt>
      <trkpt lat="46.68297" lon="7.52044">
        <ele>1780.88</ele>
        <time>2026-05-04T00:52:07.2170000+00:00</time>
      </trkpt>
      <trkpt lat="46.6831" lon="7.52054">
        <ele>1777.36</ele>
        <time>2026-05-04T00:52:28.6670000+00:00</time>
      </trkpt>
      <trkpt lat="46.68316" lon="7.52059">
        <ele>1775.78</ele>
        <time>2026-05-04T00:52:38.7540000+00:00</time>
      </trkpt>
      <trkpt lat="46.6832" lon="7.52068">
        <ele>1775.48</ele>
        <time>2026-05-04T00:52:49.4910000+00:00</time>
      </trkpt>
      <trkpt lat="46.68322" lon="7.52076">
        <ele>1775.8</ele>
        <time>2026-05-04T00:52:58.0140000+00:00</time>
      </trkpt>
      <trkpt lat="46.68325" lon="7.52089">
        <ele>1776.4</ele>
        <time>2026-05-04T00:53:11.7460000+00:00</time>
      </trkpt>
      <trkpt lat="46.68329" lon="7.52095">
        <ele>1775.7</ele>
        <time>2026-05-04T00:53:20.1220000+00:00</time>
      </trkpt>
      <trkpt lat="46.68336" lon="7.52104">
        <ele>1774.28</ele>
        <time>2026-05-04T00:53:33.7430000+00:00</time>
      </trkpt>
      <trkpt lat="46.6834" lon="7.52106">
        <ele>1773.06</ele>
        <time>2026-05-04T00:53:39.9150000+00:00</time>
      </trkpt>
      <trkpt lat="46.68343" lon="7.52104">
        <ele>1771.68</ele>
        <time>2026-05-04T00:53:44.7310000+00:00</time>
      </trkpt>
      <trkpt lat="46.68347" lon="7.52094">
        <ele>1768.87</ele>
        <time>2026-05-04T00:53:56.3200000+00:00</time>
      </trkpt>
      <trkpt lat="46.68351" lon="7.52087">
        <ele>1766.45</ele>
        <time>2026-05-04T00:54:05.4400000+00:00</time>
      </trkpt>
      <trkpt lat="46.68355" lon="7.52083">
        <ele>1764.44</ele>
        <time>2026-05-04T00:54:12.5190000+00:00</time>
      </trkpt>
      <trkpt lat="46.68359" lon="7.52083">
        <ele>1762.95</ele>
        <time>2026-05-04T00:54:18.3580000+00:00</time>
      </trkpt>
      <trkpt lat="46.6837" lon="7.52091">
        <ele>1759.92</ele>
        <time>2026-05-04T00:54:36.2980000+00:00</time>
      </trkpt>
      <trkpt lat="46.68381" lon="7.52098">
        <ele>1756.98</ele>
        <time>2026-05-04T00:54:53.8130000+00:00</time>
      </trkpt>
      <trkpt lat="46.68382" lon="7.52087">
        <ele>1754.82</ele>
        <time>2026-05-04T00:55:04.9220000+00:00</time>
      </trkpt>
      <trkpt lat="46.68381" lon="7.52081">
        <ele>1754.22</ele>
        <time>2026-05-04T00:55:11.1040000+00:00</time>
      </trkpt>
      <trkpt lat="46.68382" lon="7.52076">
        <ele>1753.01</ele>
        <time>2026-05-04T00:55:16.3190000+00:00</time>
      </trkpt>
      <trkpt lat="46.68384" lon="7.52064">
        <ele>1750.22</ele>
        <time>2026-05-04T00:55:28.6820000+00:00</time>
      </trkpt>
      <trkpt lat="46.68389" lon="7.5205">
        <ele>1745.73</ele>
        <time>2026-05-04T00:55:44.4840000+00:00</time>
      </trkpt>
      <trkpt lat="46.6839" lon="7.52027">
        <ele>1741.7</ele>
        <time>2026-05-04T00:56:07.5560000+00:00</time>
      </trkpt>
      <trkpt lat="46.68392" lon="7.52016">
        <ele>1739.21</ele>
        <time>2026-05-04T00:56:18.9490000+00:00</time>
      </trkpt>
      <trkpt lat="46.68392" lon="7.51994">
        <ele>1736.06</ele>
        <time>2026-05-04T00:56:40.9750000+00:00</time>
      </trkpt>
      <trkpt lat="46.68395" lon="7.5198">
        <ele>1732.59</ele>
        <time>2026-05-04T00:56:55.6590000+00:00</time>
      </trkpt>
      <trkpt lat="46.68393" lon="7.51972">
        <ele>1732.41</ele>
        <time>2026-05-04T00:57:04.1820000+00:00</time>
      </trkpt>
      <trkpt lat="46.68394" lon="7.51954">
        <ele>1729.39</ele>
        <time>2026-05-04T00:57:22.2610000+00:00</time>
      </trkpt>
      <trkpt lat="46.68392" lon="7.51946">
        <ele>1729.47</ele>
        <time>2026-05-04T00:57:30.7870000+00:00</time>
      </trkpt>
      <trkpt lat="46.68394" lon="7.5193">
        <ele>1726.62</ele>
        <time>2026-05-04T00:57:47.0690000+00:00</time>
      </trkpt>
      <trkpt lat="46.68398" lon="7.51916">
        <ele>1723.02</ele>
        <time>2026-05-04T00:58:02.2520000+00:00</time>
      </trkpt>
      <trkpt lat="46.68404" lon="7.51896">
        <ele>1717.75</ele>
        <time>2026-05-04T00:58:24.1060000+00:00</time>
      </trkpt>
      <trkpt lat="46.68411" lon="7.51882">
        <ele>1712.7</ele>
        <time>2026-05-04T00:58:41.4500000+00:00</time>
      </trkpt>
      <trkpt lat="46.68426" lon="7.51855">
        <ele>1705.82</ele>
        <time>2026-05-04T00:59:16.2320000+00:00</time>
      </trkpt>
      <trkpt lat="46.68432" lon="7.51849">
        <ele>1703.28</ele>
        <time>2026-05-04T00:59:26.8510000+00:00</time>
      </trkpt>
      <trkpt lat="46.68441" lon="7.51846">
        <ele>1698.97</ele>
        <time>2026-05-04T00:59:40.3240000+00:00</time>
      </trkpt>
      <trkpt lat="46.68449" lon="7.51842">
        <ele>1696.09</ele>
        <time>2026-05-04T00:59:52.6670000+00:00</time>
      </trkpt>
      <trkpt lat="46.68458" lon="7.51842">
        <ele>1692.85</ele>
        <time>2026-05-04T01:00:05.8010000+00:00</time>
      </trkpt>
      <trkpt lat="46.68464" lon="7.51832">
        <ele>1691.41</ele>
        <time>2026-05-04T01:00:19.1000000+00:00</time>
      </trkpt>
      <trkpt lat="46.68465" lon="7.51827">
        <ele>1691.41</ele>
        <time>2026-05-04T01:00:24.3150000+00:00</time>
      </trkpt>
      <trkpt lat="46.68465" lon="7.51818">
        <ele>1692.06</ele>
        <time>2026-05-04T01:00:33.3260000+00:00</time>
      </trkpt>
      <trkpt lat="46.68467" lon="7.51807">
        <ele>1692.13</ele>
        <time>2026-05-04T01:00:44.7190000+00:00</time>
      </trkpt>
      <trkpt lat="46.68472" lon="7.51796">
        <ele>1691.12</ele>
        <time>2026-05-04T01:00:57.9300000+00:00</time>
      </trkpt>
      <trkpt lat="46.68476" lon="7.51789">
        <ele>1690.25</ele>
        <time>2026-05-04T01:01:07.0500000+00:00</time>
      </trkpt>
      <trkpt lat="46.68483" lon="7.51782">
        <ele>1688.74</ele>
        <time>2026-05-04T01:01:19.4380000+00:00</time>
      </trkpt>
      <trkpt lat="46.68489" lon="7.51771">
        <ele>1688.27</ele>
        <time>2026-05-04T01:01:33.5060000+00:00</time>
      </trkpt>
      <trkpt lat="46.68497" lon="7.51766">
        <ele>1686.36</ele>
        <time>2026-05-04T01:01:46.2090000+00:00</time>
      </trkpt>
      <trkpt lat="46.68501" lon="7.5176">
        <ele>1686.01</ele>
        <time>2026-05-04T01:01:54.5850000+00:00</time>
      </trkpt>
      <trkpt lat="46.68511" lon="7.51747">
        <ele>1685.02</ele>
        <time>2026-05-04T01:02:14.1390000+00:00</time>
      </trkpt>
      <trkpt lat="46.68513" lon="7.51738">
        <ele>1686</ele>
        <time>2026-05-04T01:02:23.6100000+00:00</time>
      </trkpt>
      <trkpt lat="46.68512" lon="7.51724">
        <ele>1688.76</ele>
        <time>2026-05-04T01:02:37.7000000+00:00</time>
      </trkpt>
      <trkpt lat="46.68514" lon="7.51719">
        <ele>1689.08</ele>
        <time>2026-05-04T01:02:43.4930000+00:00</time>
      </trkpt>
      <trkpt lat="46.68517" lon="7.51717">
        <ele>1688.61</ele>
        <time>2026-05-04T01:02:48.3090000+00:00</time>
      </trkpt>
      <trkpt lat="46.6852" lon="7.51717">
        <ele>1687.78</ele>
        <time>2026-05-04T01:02:52.6860000+00:00</time>
      </trkpt>
      <trkpt lat="46.68523" lon="7.51721">
        <ele>1686.2</ele>
        <time>2026-05-04T01:02:58.6200000+00:00</time>
      </trkpt>
      <trkpt lat="46.68526" lon="7.51723">
        <ele>1684.97</ele>
        <time>2026-05-04T01:03:03.4340000+00:00</time>
      </trkpt>
      <trkpt lat="46.68531" lon="7.51722">
        <ele>1684.32</ele>
        <time>2026-05-04T01:03:10.7980000+00:00</time>
      </trkpt>
      <trkpt lat="46.68534" lon="7.51724">
        <ele>1683.47</ele>
        <time>2026-05-04T01:03:15.6130000+00:00</time>
      </trkpt>
      <trkpt lat="46.68562" lon="7.51724">
        <ele>1678.98</ele>
        <time>2026-05-04T01:03:56.4740000+00:00</time>
      </trkpt>
      <trkpt lat="46.68567" lon="7.51726">
        <ele>1677.88</ele>
        <time>2026-05-04T01:04:04.0400000+00:00</time>
      </trkpt>
      <trkpt lat="46.68568" lon="7.5173">
        <ele>1677.15</ele>
        <time>2026-05-04T01:04:08.3020000+00:00</time>
      </trkpt>
      <trkpt lat="46.68568" lon="7.51733">
        <ele>1676.72</ele>
        <time>2026-05-04T01:04:11.3020000+00:00</time>
      </trkpt>
      <trkpt lat="46.68565" lon="7.51743">
        <ele>1675.69</ele>
        <time>2026-05-04T01:04:22.2290000+00:00</time>
      </trkpt>
      <trkpt lat="46.68561" lon="7.51761">
        <ele>1673.51</ele>
        <time>2026-05-04T01:04:41.1700000+00:00</time>
      </trkpt>
      <trkpt lat="46.68554" lon="7.51794">
        <ele>1669.48</ele>
        <time>2026-05-04T01:05:15.7500000+00:00</time>
      </trkpt>
      <trkpt lat="46.68554" lon="7.51798">
        <ele>1669.29</ele>
        <time>2026-05-04T01:05:19.7530000+00:00</time>
      </trkpt>
      <trkpt lat="46.68553" lon="7.51809">
        <ele>1668.83</ele>
        <time>2026-05-04T01:05:30.8610000+00:00</time>
      </trkpt>
      <trkpt lat="46.68555" lon="7.51818">
        <ele>1668.27</ele>
        <time>2026-05-04T01:05:40.3320000+00:00</time>
      </trkpt>
      <trkpt lat="46.68557" lon="7.51822">
        <ele>1667.97</ele>
        <time>2026-05-04T01:05:45.2870000+00:00</time>
      </trkpt>
      <trkpt lat="46.68562" lon="7.51826">
        <ele>1667.52</ele>
        <time>2026-05-04T01:05:53.6100000+00:00</time>
      </trkpt>
      <trkpt lat="46.68567" lon="7.51828">
        <ele>1667.18</ele>
        <time>2026-05-04T01:06:01.1760000+00:00</time>
      </trkpt>
      <trkpt lat="46.68571" lon="7.51828">
        <ele>1666.98</ele>
        <time>2026-05-04T01:06:07.0120000+00:00</time>
      </trkpt>
      <trkpt lat="46.68573" lon="7.5183">
        <ele>1666.81</ele>
        <time>2026-05-04T01:06:10.5500000+00:00</time>
      </trkpt>
      <trkpt lat="46.68572" lon="7.51835">
        <ele>1666.7</ele>
        <time>2026-05-04T01:06:15.7650000+00:00</time>
      </trkpt>
      <trkpt lat="46.68577" lon="7.51831">
        <ele>1666.58</ele>
        <time>2026-05-04T01:06:24.0870000+00:00</time>
      </trkpt>
      <trkpt lat="46.68582" lon="7.51824">
        <ele>1666.51</ele>
        <time>2026-05-04T01:06:34.2050000+00:00</time>
      </trkpt>
      <trkpt lat="46.68589" lon="7.51809">
        <ele>1666.39</ele>
        <time>2026-05-04T01:06:52.3660000+00:00</time>
      </trkpt>
      <trkpt lat="46.68594" lon="7.51804">
        <ele>1666.12</ele>
        <time>2026-05-04T01:07:01.2150000+00:00</time>
      </trkpt>
      <trkpt lat="46.68598" lon="7.51801">
        <ele>1665.86</ele>
        <time>2026-05-04T01:07:07.7810000+00:00</time>
      </trkpt>
      <trkpt lat="46.68606" lon="7.518">
        <ele>1665.26</ele>
        <time>2026-05-04T01:07:19.4980000+00:00</time>
      </trkpt>
      <trkpt lat="46.6861" lon="7.51798">
        <ele>1665.01</ele>
        <time>2026-05-04T01:07:25.6710000+00:00</time>
      </trkpt>
      <trkpt lat="46.68612" lon="7.51793">
        <ele>1665.03</ele>
        <time>2026-05-04T01:07:31.4640000+00:00</time>
      </trkpt>
      <trkpt lat="46.68613" lon="7.5179">
        <ele>1665.06</ele>
        <time>2026-05-04T01:07:34.8020000+00:00</time>
      </trkpt>
      <trkpt lat="46.68615" lon="7.51787">
        <ele>1665.38</ele>
        <time>2026-05-04T01:07:38.9910000+00:00</time>
      </trkpt>
      <trkpt lat="46.68622" lon="7.51784">
        <ele>1665.77</ele>
        <time>2026-05-04T01:07:49.6390000+00:00</time>
      </trkpt>
      <trkpt lat="46.6863" lon="7.51783">
        <ele>1665.98</ele>
        <time>2026-05-04T01:08:01.3560000+00:00</time>
      </trkpt>
      <trkpt lat="46.68634" lon="7.5178">
        <ele>1666.34</ele>
        <time>2026-05-04T01:08:07.9200000+00:00</time>
      </trkpt>
      <trkpt lat="46.68636" lon="7.51774">
        <ele>1667</ele>
        <time>2026-05-04T01:08:14.5970000+00:00</time>
      </trkpt>
      <trkpt lat="46.68643" lon="7.51762">
        <ele>1668.38</ele>
        <time>2026-05-04T01:08:30.3660000+00:00</time>
      </trkpt>
      <trkpt lat="46.6865" lon="7.5175">
        <ele>1669.82</ele>
        <time>2026-05-04T01:08:46.1360000+00:00</time>
      </trkpt>
      <trkpt lat="46.68652" lon="7.51748">
        <ele>1670.08</ele>
        <time>2026-05-04T01:08:49.6750000+00:00</time>
      </trkpt>
      <trkpt lat="46.68654" lon="7.51747">
        <ele>1670.24</ele>
        <time>2026-05-04T01:08:52.7620000+00:00</time>
      </trkpt>
      <trkpt lat="46.6866" lon="7.51746">
        <ele>1670.49</ele>
        <time>2026-05-04T01:09:01.5760000+00:00</time>
      </trkpt>
      <trkpt lat="46.68668" lon="7.51741">
        <ele>1671.26</ele>
        <time>2026-05-04T01:09:14.2780000+00:00</time>
      </trkpt>
      <trkpt lat="46.68675" lon="7.51735">
        <ele>1672.13</ele>
        <time>2026-05-04T01:09:26.1280000+00:00</time>
      </trkpt>
      <trkpt lat="46.68681" lon="7.51728">
        <ele>1673.12</ele>
        <time>2026-05-04T01:09:37.3430000+00:00</time>
      </trkpt>
      <trkpt lat="46.68687" lon="7.51723">
        <ele>1673.89</ele>
        <time>2026-05-04T01:09:47.4280000+00:00</time>
      </trkpt>
      <trkpt lat="46.68694" lon="7.5172">
        <ele>1675.17</ele>
        <time>2026-05-04T01:09:58.0770000+00:00</time>
      </trkpt>
      <trkpt lat="46.68702" lon="7.51717">
        <ele>1680.38</ele>
        <time>2026-05-04T01:10:10.1310000+00:00</time>
      </trkpt>
      <trkpt lat="46.6871" lon="7.51711">
        <ele>1686.26</ele>
        <time>2026-05-04T01:10:23.2600000+00:00</time>
      </trkpt>
      <trkpt lat="46.68712" lon="7.5171">
        <ele>1687.69</ele>
        <time>2026-05-04T01:10:26.3450000+00:00</time>
      </trkpt>
      <trkpt lat="46.68714" lon="7.5171">
        <ele>1688.94</ele>
        <time>2026-05-04T01:10:29.2620000+00:00</time>
      </trkpt>
      <trkpt lat="46.6872" lon="7.51713">
        <ele>1692.08</ele>
        <time>2026-05-04T01:10:38.5180000+00:00</time>
      </trkpt>
      <trkpt lat="46.68727" lon="7.5172">
        <ele>1694.8</ele>
        <time>2026-05-04T01:10:50.9050000+00:00</time>
      </trkpt>
      <trkpt lat="46.68732" lon="7.51728">
        <ele>1695.82</ele>
        <time>2026-05-04T01:11:01.7400000+00:00</time>
      </trkpt>
      <trkpt lat="46.68738" lon="7.51735">
        <ele>1697.39</ele>
        <time>2026-05-04T01:11:12.9550000+00:00</time>
      </trkpt>
      <trkpt lat="46.68743" lon="7.51743">
        <ele>1697.89</ele>
        <time>2026-05-04T01:11:23.7880000+00:00</time>
      </trkpt>
      <trkpt lat="46.68747" lon="7.51746">
        <ele>1699.1</ele>
        <time>2026-05-04T01:11:30.3530000+00:00</time>
      </trkpt>
      <trkpt lat="46.68757" lon="7.51759">
        <ele>1700.02</ele>
        <time>2026-05-04T01:11:49.9050000+00:00</time>
      </trkpt>
      <trkpt lat="46.68763" lon="7.51766">
        <ele>1700.44</ele>
        <time>2026-05-04T01:12:01.1200000+00:00</time>
      </trkpt>
      <trkpt lat="46.68767" lon="7.51769">
        <ele>1701.17</ele>
        <time>2026-05-04T01:12:07.6830000+00:00</time>
      </trkpt>
      <trkpt lat="46.6877" lon="7.51775">
        <ele>1700.3</ele>
        <time>2026-05-04T01:12:15.1160000+00:00</time>
      </trkpt>
      <trkpt lat="46.68776" lon="7.51779">
        <ele>1701.29</ele>
        <time>2026-05-04T01:12:24.7450000+00:00</time>
      </trkpt>
      <trkpt lat="46.68781" lon="7.51788">
        <ele>1699.07</ele>
        <time>2026-05-04T01:12:36.3390000+00:00</time>
      </trkpt>
      <trkpt lat="46.68784" lon="7.51797">
        <ele>1697.08</ele>
        <time>2026-05-04T01:12:46.3550000+00:00</time>
      </trkpt>
      <trkpt lat="46.68789" lon="7.51805">
        <ele>1696.14</ele>
        <time>2026-05-04T01:12:57.1880000+00:00</time>
      </trkpt>
      <trkpt lat="46.6879" lon="7.51812">
        <ele>1694.46</ele>
        <time>2026-05-04T01:13:04.3460000+00:00</time>
      </trkpt>
      <trkpt lat="46.68794" lon="7.51821">
        <ele>1693.05</ele>
        <time>2026-05-04T01:13:15.0810000+00:00</time>
      </trkpt>
      <trkpt lat="46.68799" lon="7.51838">
        <ele>1689.8</ele>
        <time>2026-05-04T01:13:33.5970000+00:00</time>
      </trkpt>
      <trkpt lat="46.68802" lon="7.51843">
        <ele>1689.32</ele>
        <time>2026-05-04T01:13:40.2460000+00:00</time>
      </trkpt>
      <trkpt lat="46.68805" lon="7.51856">
        <ele>1686.71</ele>
        <time>2026-05-04T01:13:53.9770000+00:00</time>
      </trkpt>
      <trkpt lat="46.68809" lon="7.51872">
        <ele>1683.68</ele>
        <time>2026-05-04T01:14:11.0240000+00:00</time>
      </trkpt>
      <trkpt lat="46.68812" lon="7.51882">
        <ele>1682.83</ele>
        <time>2026-05-04T01:14:21.9500000+00:00</time>
      </trkpt>
      <trkpt lat="46.68821" lon="7.51901">
        <ele>1682.07</ele>
        <time>2026-05-04T01:14:45.0640000+00:00</time>
      </trkpt>
      <trkpt lat="46.68826" lon="7.51911">
        <ele>1681.48</ele>
        <time>2026-05-04T01:14:57.4530000+00:00</time>
      </trkpt>
      <trkpt lat="46.68835" lon="7.51921">
        <ele>1681.59</ele>
        <time>2026-05-04T01:15:13.9670000+00:00</time>
      </trkpt>
      <trkpt lat="46.68845" lon="7.51934">
        <ele>1680.89</ele>
        <time>2026-05-04T01:15:33.5190000+00:00</time>
      </trkpt>
      <trkpt lat="46.68852" lon="7.51946">
        <ele>1679.42</ele>
        <time>2026-05-04T01:15:49.2880000+00:00</time>
      </trkpt>
      <trkpt lat="46.68855" lon="7.51954">
        <ele>1677.99</ele>
        <time>2026-05-04T01:15:58.4150000+00:00</time>
      </trkpt>
      <trkpt lat="46.68859" lon="7.51966">
        <ele>1677.73</ele>
        <time>2026-05-04T01:16:11.7700000+00:00</time>
      </trkpt>
      <trkpt lat="46.68862" lon="7.51974">
        <ele>1678.23</ele>
        <time>2026-05-04T01:16:20.8970000+00:00</time>
      </trkpt>
      <trkpt lat="46.68867" lon="7.51981">
        <ele>1679.37</ele>
        <time>2026-05-04T01:16:31.0130000+00:00</time>
      </trkpt>
      <trkpt lat="46.68876" lon="7.5199">
        <ele>1681.74</ele>
        <time>2026-05-04T01:16:46.9400000+00:00</time>
      </trkpt>
      <trkpt lat="46.68882" lon="7.51998">
        <ele>1683.54</ele>
        <time>2026-05-04T01:16:58.8060000+00:00</time>
      </trkpt>
      <trkpt lat="46.68885" lon="7.52002">
        <ele>1684.51</ele>
        <time>2026-05-04T01:17:04.7380000+00:00</time>
      </trkpt>
      <trkpt lat="46.68894" lon="7.52005">
        <ele>1687.31</ele>
        <time>2026-05-04T01:17:18.2100000+00:00</time>
      </trkpt>
      <trkpt lat="46.68902" lon="7.52009">
        <ele>1689.98</ele>
        <time>2026-05-04T01:17:30.5520000+00:00</time>
      </trkpt>
      <trkpt lat="46.68908" lon="7.52013">
        <ele>1692.13</ele>
        <time>2026-05-04T01:17:40.1800000+00:00</time>
      </trkpt>
      <trkpt lat="46.68914" lon="7.52021">
        <ele>1694.73</ele>
        <time>2026-05-04T01:17:52.0460000+00:00</time>
      </trkpt>
      <trkpt lat="46.6892" lon="7.5203">
        <ele>1697.62</ele>
        <time>2026-05-04T01:18:04.6100000+00:00</time>
      </trkpt>
      <trkpt lat="46.68922" lon="7.52035">
        <ele>1698.84</ele>
        <time>2026-05-04T01:18:10.4040000+00:00</time>
      </trkpt>
      <trkpt lat="46.68924" lon="7.52039">
        <ele>1699.99</ele>
        <time>2026-05-04T01:18:15.3600000+00:00</time>
      </trkpt>
      <trkpt lat="46.68925" lon="7.52048">
        <ele>1702.14</ele>
        <time>2026-05-04T01:18:24.4870000+00:00</time>
      </trkpt>
      <trkpt lat="46.68924" lon="7.52058">
        <ele>1703.85</ele>
        <time>2026-05-04T01:18:34.6030000+00:00</time>
      </trkpt>
      <trkpt lat="46.68921" lon="7.52066">
        <ele>1704.36</ele>
        <time>2026-05-04T01:18:43.7320000+00:00</time>
      </trkpt>
      <trkpt lat="46.68915" lon="7.52074">
        <ele>1703.7</ele>
        <time>2026-05-04T01:18:55.5980000+00:00</time>
      </trkpt>
      <trkpt lat="46.68908" lon="7.52081">
        <ele>1702.39</ele>
        <time>2026-05-04T01:19:07.9840000+00:00</time>
      </trkpt>
      <trkpt lat="46.68908" lon="7.52087">
        <ele>1703.6</ele>
        <time>2026-05-04T01:19:13.9910000+00:00</time>
      </trkpt>
      <trkpt lat="46.6891" lon="7.52093">
        <ele>1705.6</ele>
        <time>2026-05-04T01:19:20.6680000+00:00</time>
      </trkpt>
      <trkpt lat="46.68915" lon="7.52099">
        <ele>1708.8</ele>
        <time>2026-05-04T01:19:30.1190000+00:00</time>
      </trkpt>
      <trkpt lat="46.68916" lon="7.52112">
        <ele>1711.86</ele>
        <time>2026-05-04T01:19:43.2140000+00:00</time>
      </trkpt>
      <trkpt lat="46.68915" lon="7.52121">
        <ele>1713.3</ele>
        <time>2026-05-04T01:19:52.3410000+00:00</time>
      </trkpt>
      <trkpt lat="46.68911" lon="7.52138">
        <ele>1714.17</ele>
        <time>2026-05-04T01:20:10.3310000+00:00</time>
      </trkpt>
      <trkpt lat="46.68909" lon="7.52144">
        <ele>1714.14</ele>
        <time>2026-05-04T01:20:17.0100000+00:00</time>
      </trkpt>
      <trkpt lat="46.68905" lon="7.5215">
        <ele>1713.19</ele>
        <time>2026-05-04T01:20:25.3850000+00:00</time>
      </trkpt>
      <trkpt lat="46.68902" lon="7.52159">
        <ele>1713</ele>
        <time>2026-05-04T01:20:35.4010000+00:00</time>
      </trkpt>
      <trkpt lat="46.689" lon="7.52171">
        <ele>1713.59</ele>
        <time>2026-05-04T01:20:47.7630000+00:00</time>
      </trkpt>
      <trkpt lat="46.689" lon="7.52183">
        <ele>1715.09</ele>
        <time>2026-05-04T01:20:59.7750000+00:00</time>
      </trkpt>
      <trkpt lat="46.68903" lon="7.52197">
        <ele>1718.35</ele>
        <time>2026-05-04T01:21:14.4570000+00:00</time>
      </trkpt>
      <trkpt lat="46.68904" lon="7.52206">
        <ele>1720.03</ele>
        <time>2026-05-04T01:21:23.5840000+00:00</time>
      </trkpt>
      <trkpt lat="46.68907" lon="7.52216">
        <ele>1722.93</ele>
        <time>2026-05-04T01:21:34.5110000+00:00</time>
      </trkpt>
      <trkpt lat="46.68911" lon="7.52228">
        <ele>1726.67</ele>
        <time>2026-05-04T01:21:47.8660000+00:00</time>
      </trkpt>
      <trkpt lat="46.68914" lon="7.52239">
        <ele>1729.8</ele>
        <time>2026-05-04T01:21:59.7160000+00:00</time>
      </trkpt>
      <trkpt lat="46.68915" lon="7.52252">
        <ele>1732.15</ele>
        <time>2026-05-04T01:22:12.8110000+00:00</time>
      </trkpt>
      <trkpt lat="46.68916" lon="7.52262">
        <ele>1734.11</ele>
        <time>2026-05-04T01:22:22.9270000+00:00</time>
      </trkpt>
      <trkpt lat="46.68915" lon="7.52272">
        <ele>1734.96</ele>
        <time>2026-05-04T01:22:33.0430000+00:00</time>
      </trkpt>
      <trkpt lat="46.68916" lon="7.52291">
        <ele>1738.12</ele>
        <time>2026-05-04T01:22:52.1180000+00:00</time>
      </trkpt>
      <trkpt lat="46.68916" lon="7.52303">
        <ele>1739.17</ele>
        <time>2026-05-04T01:23:04.1310000+00:00</time>
      </trkpt>
      <trkpt lat="46.68915" lon="7.52321">
        <ele>1740.2</ele>
        <time>2026-05-04T01:23:22.2080000+00:00</time>
      </trkpt>
      <trkpt lat="46.68919" lon="7.5233">
        <ele>1743.15</ele>
        <time>2026-05-04T01:23:32.9430000+00:00</time>
      </trkpt>
      <trkpt lat="46.68921" lon="7.5234">
        <ele>1745.08</ele>
        <time>2026-05-04T01:23:43.3710000+00:00</time>
      </trkpt>
      <trkpt lat="46.68919" lon="7.52355">
        <ele>1745.3</ele>
        <time>2026-05-04T01:23:58.6680000+00:00</time>
      </trkpt>
      <trkpt lat="46.68917" lon="7.52364">
        <ele>1745.02</ele>
        <time>2026-05-04T01:24:08.1380000+00:00</time>
      </trkpt>
      <trkpt lat="46.68917" lon="7.52372">
        <ele>1745.72</ele>
        <time>2026-05-04T01:24:16.1460000+00:00</time>
      </trkpt>
      <trkpt lat="46.68915" lon="7.52384">
        <ele>1745.78</ele>
        <time>2026-05-04T01:24:28.5070000+00:00</time>
      </trkpt>
      <trkpt lat="46.68916" lon="7.52394">
        <ele>1747.19</ele>
        <time>2026-05-04T01:24:38.6230000+00:00</time>
      </trkpt>
      <trkpt lat="46.68915" lon="7.52402">
        <ele>1747.43</ele>
        <time>2026-05-04T01:24:46.7630000+00:00</time>
      </trkpt>
      <trkpt lat="46.68914" lon="7.52408">
        <ele>1747.51</ele>
        <time>2026-05-04T01:24:52.9420000+00:00</time>
      </trkpt>
      <trkpt lat="46.68916" lon="7.52423">
        <ele>1749.82</ele>
        <time>2026-05-04T01:25:08.2380000+00:00</time>
      </trkpt>
      <trkpt lat="46.68918" lon="7.52434">
        <ele>1751.71</ele>
        <time>2026-05-04T01:25:19.6300000+00:00</time>
      </trkpt>
      <trkpt lat="46.6892" lon="7.52442">
        <ele>1753.29</ele>
        <time>2026-05-04T01:25:28.1540000+00:00</time>
      </trkpt>
      <trkpt lat="46.6892" lon="7.52447">
        <ele>1753.72</ele>
        <time>2026-05-04T01:25:33.1590000+00:00</time>
      </trkpt>
      <trkpt lat="46.68917" lon="7.52457">
        <ele>1753.35</ele>
        <time>2026-05-04T01:25:44.0850000+00:00</time>
      </trkpt>
      <trkpt lat="46.68916" lon="7.52468">
        <ele>1754.38</ele>
        <time>2026-05-04T01:25:55.1930000+00:00</time>
      </trkpt>
      <trkpt lat="46.68912" lon="7.52477">
        <ele>1753.95</ele>
        <time>2026-05-04T01:26:05.9280000+00:00</time>
      </trkpt>
      <trkpt lat="46.68907" lon="7.52486">
        <ele>1753.18</ele>
        <time>2026-05-04T01:26:17.5210000+00:00</time>
      </trkpt>
      <trkpt lat="46.68901" lon="7.52495">
        <ele>1752.11</ele>
        <time>2026-05-04T01:26:30.0840000+00:00</time>
      </trkpt>
      <trkpt lat="46.68899" lon="7.52501">
        <ele>1752.21</ele>
        <time>2026-05-04T01:26:36.7620000+00:00</time>
      </trkpt>
      <trkpt lat="46.68893" lon="7.52524">
        <ele>1753.4</ele>
        <time>2026-05-04T01:27:01.3950000+00:00</time>
      </trkpt>
      <trkpt lat="46.68892" lon="7.52536">
        <ele>1754.86</ele>
        <time>2026-05-04T01:27:13.4950000+00:00</time>
      </trkpt>
      <trkpt lat="46.68892" lon="7.52548">
        <ele>1756.23</ele>
        <time>2026-05-04T01:27:25.5080000+00:00</time>
      </trkpt>
      <trkpt lat="46.6889" lon="7.52554">
        <ele>1756.13</ele>
        <time>2026-05-04T01:27:32.1860000+00:00</time>
      </trkpt>
      <trkpt lat="46.68888" lon="7.5256">
        <ele>1756.04</ele>
        <time>2026-05-04T01:27:38.8640000+00:00</time>
      </trkpt>
      <trkpt lat="46.68888" lon="7.52571">
        <ele>1757.14</ele>
        <time>2026-05-04T01:27:49.8750000+00:00</time>
      </trkpt>
      <trkpt lat="46.68889" lon="7.52578">
        <ele>1758.18</ele>
        <time>2026-05-04T01:27:57.0320000+00:00</time>
      </trkpt>
      <trkpt lat="46.68892" lon="7.52593">
        <ele>1760.67</ele>
        <time>2026-05-04T01:28:12.6730000+00:00</time>
      </trkpt>
      <trkpt lat="46.68896" lon="7.52603">
        <ele>1762.97</ele>
        <time>2026-05-04T01:28:24.2620000+00:00</time>
      </trkpt>
      <trkpt lat="46.689" lon="7.52614">
        <ele>1765.35</ele>
        <time>2026-05-04T01:28:36.7250000+00:00</time>
      </trkpt>
      <trkpt lat="46.689" lon="7.52625">
        <ele>1766.43</ele>
        <time>2026-05-04T01:28:47.7360000+00:00</time>
      </trkpt>
      <trkpt lat="46.68901" lon="7.52637">
        <ele>1767.97</ele>
        <time>2026-05-04T01:28:59.8360000+00:00</time>
      </trkpt>
      <trkpt lat="46.68899" lon="7.52663">
        <ele>1770.06</ele>
        <time>2026-05-04T01:29:26.0260000+00:00</time>
      </trkpt>
      <trkpt lat="46.68899" lon="7.52685">
        <ele>1772.35</ele>
        <time>2026-05-04T01:29:48.0490000+00:00</time>
      </trkpt>
      <trkpt lat="46.689" lon="7.52692">
        <ele>1773.33</ele>
        <time>2026-05-04T01:29:55.2070000+00:00</time>
      </trkpt>
      <trkpt lat="46.68902" lon="7.527">
        <ele>1774.65</ele>
        <time>2026-05-04T01:30:03.7300000+00:00</time>
      </trkpt>
      <trkpt lat="46.6891" lon="7.52713">
        <ele>1777.78</ele>
        <time>2026-05-04T01:30:21.2130000+00:00</time>
      </trkpt>
      <trkpt lat="46.68913" lon="7.52724">
        <ele>1779.42</ele>
        <time>2026-05-04T01:30:33.0630000+00:00</time>
      </trkpt>
      <trkpt lat="46.68916" lon="7.5274">
        <ele>1781.46</ele>
        <time>2026-05-04T01:30:49.6670000+00:00</time>
      </trkpt>
      <trkpt lat="46.68918" lon="7.52759">
        <ele>1783.48</ele>
        <time>2026-05-04T01:31:08.9090000+00:00</time>
      </trkpt>
      <trkpt lat="46.68918" lon="7.52769">
        <ele>1784.31</ele>
        <time>2026-05-04T01:31:18.9210000+00:00</time>
      </trkpt>
      <trkpt lat="46.68915" lon="7.52781">
        <ele>1784.67</ele>
        <time>2026-05-04T01:31:31.7060000+00:00</time>
      </trkpt>
      <trkpt lat="46.68916" lon="7.52791">
        <ele>1785.54</ele>
        <time>2026-05-04T01:31:41.8220000+00:00</time>
      </trkpt>
      <trkpt lat="46.68919" lon="7.528">
        <ele>1785.93</ele>
        <time>2026-05-04T01:31:51.8390000+00:00</time>
      </trkpt>
      <trkpt lat="46.68923" lon="7.52804">
        <ele>1786.59</ele>
        <time>2026-05-04T01:31:58.9180000+00:00</time>
      </trkpt>
      <trkpt lat="46.68927" lon="7.52812">
        <ele>1787.09</ele>
        <time>2026-05-04T01:32:08.8290000+00:00</time>
      </trkpt>
      <trkpt lat="46.68927" lon="7.52823">
        <ele>1786.74</ele>
        <time>2026-05-04T01:32:19.8400000+00:00</time>
      </trkpt>
      <trkpt lat="46.68927" lon="7.52829">
        <ele>1786.54</ele>
        <time>2026-05-04T01:32:25.8470000+00:00</time>
      </trkpt>
      <trkpt lat="46.68924" lon="7.52834">
        <ele>1785.9</ele>
        <time>2026-05-04T01:32:32.4980000+00:00</time>
      </trkpt>
      <trkpt lat="46.68919" lon="7.52838">
        <ele>1785.01</ele>
        <time>2026-05-04T01:32:40.8220000+00:00</time>
      </trkpt>
      <trkpt lat="46.68916" lon="7.52843">
        <ele>1784.44</ele>
        <time>2026-05-04T01:32:47.4740000+00:00</time>
      </trkpt>
      <trkpt lat="46.68914" lon="7.52851">
        <ele>1783.99</ele>
        <time>2026-05-04T01:32:55.9970000+00:00</time>
      </trkpt>
      <trkpt lat="46.68912" lon="7.52857">
        <ele>1783.6</ele>
        <time>2026-05-04T01:33:02.6740000+00:00</time>
      </trkpt>
      <trkpt lat="46.68912" lon="7.52885">
        <ele>1782.98</ele>
        <time>2026-05-04T01:33:30.7040000+00:00</time>
      </trkpt>
      <trkpt lat="46.68913" lon="7.52897">
        <ele>1782.76</ele>
        <time>2026-05-04T01:33:42.8040000+00:00</time>
      </trkpt>
      <trkpt lat="46.68917" lon="7.52905">
        <ele>1783.03</ele>
        <time>2026-05-04T01:33:52.7140000+00:00</time>
      </trkpt>
      <trkpt lat="46.68924" lon="7.52914">
        <ele>1783.67</ele>
        <time>2026-05-04T01:34:06.3340000+00:00</time>
      </trkpt>
      <trkpt lat="46.68925" lon="7.5292">
        <ele>1783.63</ele>
        <time>2026-05-04T01:34:12.5160000+00:00</time>
      </trkpt>
      <trkpt lat="46.68928" lon="7.5294">
        <ele>1783.49</ele>
        <time>2026-05-04T01:34:33.0090000+00:00</time>
      </trkpt>
      <trkpt lat="46.68931" lon="7.52956">
        <ele>1783.48</ele>
        <time>2026-05-04T01:34:49.6140000+00:00</time>
      </trkpt>
      <trkpt lat="46.68932" lon="7.52966">
        <ele>1783.83</ele>
        <time>2026-05-04T01:34:59.7290000+00:00</time>
      </trkpt>
      <trkpt lat="46.68938" lon="7.52979">
        <ele>1784.94</ele>
        <time>2026-05-04T01:35:15.4140000+00:00</time>
      </trkpt>
      <trkpt lat="46.68941" lon="7.52983">
        <ele>1785.44</ele>
        <time>2026-05-04T01:35:21.3470000+00:00</time>
      </trkpt>
      <trkpt lat="46.68942" lon="7.52993">
        <ele>1785.82</ele>
        <time>2026-05-04T01:35:31.4630000+00:00</time>
      </trkpt>
      <trkpt lat="46.68942" lon="7.53005">
        <ele>1786.1</ele>
        <time>2026-05-04T01:35:43.4750000+00:00</time>
      </trkpt>
      <trkpt lat="46.68938" lon="7.53016">
        <ele>1785.8</ele>
        <time>2026-05-04T01:35:55.9380000+00:00</time>
      </trkpt>
      <trkpt lat="46.68934" lon="7.53025">
        <ele>1785.45</ele>
        <time>2026-05-04T01:36:06.6720000+00:00</time>
      </trkpt>
      <trkpt lat="46.6893" lon="7.53028">
        <ele>1784.94</ele>
        <time>2026-05-04T01:36:13.2370000+00:00</time>
      </trkpt>
      <trkpt lat="46.68922" lon="7.53026">
        <ele>1783.76</ele>
        <time>2026-05-04T01:36:25.0820000+00:00</time>
      </trkpt>
      <trkpt lat="46.68908" lon="7.53049">
        <ele>1783.31</ele>
        <time>2026-05-04T01:36:55.8630000+00:00</time>
      </trkpt>
      <trkpt lat="46.68905" lon="7.5306">
        <ele>1784.22</ele>
        <time>2026-05-04T01:37:07.7140000+00:00</time>
      </trkpt>
      <trkpt lat="46.68901" lon="7.53068">
        <ele>1784.48</ele>
        <time>2026-05-04T01:37:17.6230000+00:00</time>
      </trkpt>
      <trkpt lat="46.689" lon="7.53074">
        <ele>1785.01</ele>
        <time>2026-05-04T01:37:23.8040000+00:00</time>
      </trkpt>
      <trkpt lat="46.689" lon="7.53075">
        <ele>1785.13</ele>
        <time>2026-05-04T01:37:24.8010000+00:00</time>
      </trkpt>
      <trkpt lat="46.68899" lon="7.53083">
        <ele>1785.87</ele>
        <time>2026-05-04T01:37:32.9410000+00:00</time>
      </trkpt>
      <trkpt lat="46.68898" lon="7.53096">
        <ele>1787.17</ele>
        <time>2026-05-04T01:37:46.0360000+00:00</time>
      </trkpt>
      <trkpt lat="46.689" lon="7.531">
        <ele>1788.1</ele>
        <time>2026-05-04T01:37:50.9920000+00:00</time>
      </trkpt>
      <trkpt lat="46.68895" lon="7.5311">
        <ele>1788.05</ele>
        <time>2026-05-04T01:38:03.3790000+00:00</time>
      </trkpt>
      <trkpt lat="46.68893" lon="7.5312">
        <ele>1788.65</ele>
        <time>2026-05-04T01:38:13.8060000+00:00</time>
      </trkpt>
      <trkpt lat="46.68891" lon="7.53137">
        <ele>1790.87</ele>
        <time>2026-05-04T01:38:31.0720000+00:00</time>
      </trkpt>
      <trkpt lat="46.68889" lon="7.53149">
        <ele>1792.3</ele>
        <time>2026-05-04T01:38:43.4340000+00:00</time>
      </trkpt>
      <trkpt lat="46.68887" lon="7.53154">
        <ele>1792.51</ele>
        <time>2026-05-04T01:38:49.2270000+00:00</time>
      </trkpt>
      <trkpt lat="46.68886" lon="7.53171">
        <ele>1794.96</ele>
        <time>2026-05-04T01:39:06.3070000+00:00</time>
      </trkpt>
      <trkpt lat="46.68884" lon="7.53181">
        <ele>1795.87</ele>
        <time>2026-05-04T01:39:16.7340000+00:00</time>
      </trkpt>
      <trkpt lat="46.68881" lon="7.5319">
        <ele>1796.19</ele>
        <time>2026-05-04T01:39:26.7510000+00:00</time>
      </trkpt>
      <trkpt lat="46.68879" lon="7.53179">
        <ele>1793.78</ele>
        <time>2026-05-04T01:39:38.1430000+00:00</time>
      </trkpt>
      <trkpt lat="46.68876" lon="7.53187">
        <ele>1793.89</ele>
        <time>2026-05-04T01:39:47.2700000+00:00</time>
      </trkpt>
      <trkpt lat="46.68871" lon="7.53202">
        <ele>1794.14</ele>
        <time>2026-05-04T01:40:03.9650000+00:00</time>
      </trkpt>
      <trkpt lat="46.68869" lon="7.5321">
        <ele>1794.52</ele>
        <time>2026-05-04T01:40:12.4890000+00:00</time>
      </trkpt>
      <trkpt lat="46.68862" lon="7.5322">
        <ele>1793.19</ele>
        <time>2026-05-04T01:40:26.7920000+00:00</time>
      </trkpt>
      <trkpt lat="46.68858" lon="7.53235">
        <ele>1793.28</ele>
        <time>2026-05-04T01:40:42.9030000+00:00</time>
      </trkpt>
      <trkpt lat="46.68853" lon="7.53242">
        <ele>1790.56</ele>
        <time>2026-05-04T01:40:53.0180000+00:00</time>
      </trkpt>
      <trkpt lat="46.6885" lon="7.53254">
        <ele>1789.92</ele>
        <time>2026-05-04T01:41:05.8040000+00:00</time>
      </trkpt>
      <trkpt lat="46.68846" lon="7.53267">
        <ele>1788.53</ele>
        <time>2026-05-04T01:41:20.0660000+00:00</time>
      </trkpt>
      <trkpt lat="46.68845" lon="7.53287">
        <ele>1790.26</ele>
        <time>2026-05-04T01:41:40.1410000+00:00</time>
      </trkpt>
      <trkpt lat="46.68839" lon="7.53298">
        <ele>1786.28</ele>
        <time>2026-05-04T01:41:54.2090000+00:00</time>
      </trkpt>
      <trkpt lat="46.68834" lon="7.53312">
        <ele>1783.21</ele>
        <time>2026-05-04T01:42:10.0100000+00:00</time>
      </trkpt>
      <trkpt lat="46.68832" lon="7.53322">
        <ele>1782.29</ele>
        <time>2026-05-04T01:42:20.4370000+00:00</time>
      </trkpt>
      <trkpt lat="46.68829" lon="7.53335">
        <ele>1780.8</ele>
        <time>2026-05-04T01:42:34.1670000+00:00</time>
      </trkpt>
      <trkpt lat="46.68827" lon="7.53346">
        <ele>1779.98</ele>
        <time>2026-05-04T01:42:45.5590000+00:00</time>
      </trkpt>
      <trkpt lat="46.68827" lon="7.5336">
        <ele>1780.95</ele>
        <time>2026-05-04T01:42:59.5740000+00:00</time>
      </trkpt>
      <trkpt lat="46.68827" lon="7.53374">
        <ele>1781.87</ele>
        <time>2026-05-04T01:43:13.5890000+00:00</time>
      </trkpt>
      <trkpt lat="46.68825" lon="7.53383">
        <ele>1780.72</ele>
        <time>2026-05-04T01:43:23.0600000+00:00</time>
      </trkpt>
      <trkpt lat="46.68823" lon="7.53394">
        <ele>1779.7</ele>
        <time>2026-05-04T01:43:34.4520000+00:00</time>
      </trkpt>
      <trkpt lat="46.68823" lon="7.53411">
        <ele>1780.5</ele>
        <time>2026-05-04T01:43:51.4690000+00:00</time>
      </trkpt>
      <trkpt lat="46.68821" lon="7.53424">
        <ele>1779.69</ele>
        <time>2026-05-04T01:44:04.8070000+00:00</time>
      </trkpt>
      <trkpt lat="46.6882" lon="7.53432">
        <ele>1779.38</ele>
        <time>2026-05-04T01:44:12.9480000+00:00</time>
      </trkpt>
      <trkpt lat="46.68816" lon="7.5344">
        <ele>1777.02</ele>
        <time>2026-05-04T01:44:22.8590000+00:00</time>
      </trkpt>
      <trkpt lat="46.68809" lon="7.53444">
        <ele>1772.43</ele>
        <time>2026-05-04T01:44:33.8310000+00:00</time>
      </trkpt>
      <trkpt lat="46.688" lon="7.53446">
        <ele>1766.4</ele>
        <time>2026-05-04T01:44:47.1160000+00:00</time>
      </trkpt>
      <trkpt lat="46.68794" lon="7.53451">
        <ele>1762.72</ele>
        <time>2026-05-04T01:44:57.2020000+00:00</time>
      </trkpt>
      <trkpt lat="46.68782" lon="7.53471">
        <ele>1754.95</ele>
        <time>2026-05-04T01:45:23.8010000+00:00</time>
      </trkpt>
      <trkpt lat="46.68778" lon="7.53473">
        <ele>1752.31</ele>
        <time>2026-05-04T01:45:29.9740000+00:00</time>
      </trkpt>
      <trkpt lat="46.68771" lon="7.53475">
        <ele>1748.66</ele>
        <time>2026-05-04T01:45:40.3840000+00:00</time>
      </trkpt>
      <trkpt lat="46.68767" lon="7.53478">
        <ele>1746.76</ele>
        <time>2026-05-04T01:45:46.9480000+00:00</time>
      </trkpt>
      <trkpt lat="46.68765" lon="7.53485">
        <ele>1745.73</ele>
        <time>2026-05-04T01:45:54.5390000+00:00</time>
      </trkpt>
      <trkpt lat="46.68763" lon="7.53489">
        <ele>1744.71</ele>
        <time>2026-05-04T01:45:59.4930000+00:00</time>
      </trkpt>
      <trkpt lat="46.68763" lon="7.53492">
        <ele>1744.67</ele>
        <time>2026-05-04T01:46:02.4940000+00:00</time>
      </trkpt>
      <trkpt lat="46.68756" lon="7.53492">
        <ele>1741.26</ele>
        <time>2026-05-04T01:46:12.7090000+00:00</time>
      </trkpt>
      <trkpt lat="46.68745" lon="7.5349">
        <ele>1735.98</ele>
        <time>2026-05-04T01:46:28.8860000+00:00</time>
      </trkpt>
      <trkpt lat="46.68739" lon="7.53486">
        <ele>1733.24</ele>
        <time>2026-05-04T01:46:38.5140000+00:00</time>
      </trkpt>
      <trkpt lat="46.68736" lon="7.53478">
        <ele>1732.18</ele>
        <time>2026-05-04T01:46:47.6420000+00:00</time>
      </trkpt>
      <trkpt lat="46.68728" lon="7.5347">
        <ele>1728.86</ele>
        <time>2026-05-04T01:47:01.8000000+00:00</time>
      </trkpt>
      <trkpt lat="46.68727" lon="7.53456">
        <ele>1729.19</ele>
        <time>2026-05-04T01:47:15.8900000+00:00</time>
      </trkpt>
      <trkpt lat="46.68721" lon="7.53458">
        <ele>1726.39</ele>
        <time>2026-05-04T01:47:24.8730000+00:00</time>
      </trkpt>
      <trkpt lat="46.68717" lon="7.53463">
        <ele>1724.26</ele>
        <time>2026-05-04T01:47:32.5620000+00:00</time>
      </trkpt>
      <trkpt lat="46.68715" lon="7.53469">
        <ele>1722.93</ele>
        <time>2026-05-04T01:47:39.2410000+00:00</time>
      </trkpt>
      <trkpt lat="46.68715" lon="7.53478">
        <ele>1722.3</ele>
        <time>2026-05-04T01:47:48.2520000+00:00</time>
      </trkpt>
      <trkpt lat="46.68716" lon="7.53487">
        <ele>1722.14</ele>
        <time>2026-05-04T01:47:57.3790000+00:00</time>
      </trkpt>
      <trkpt lat="46.6872" lon="7.53498">
        <ele>1723.36</ele>
        <time>2026-05-04T01:48:09.8420000+00:00</time>
      </trkpt>
      <trkpt lat="46.68722" lon="7.53505">
        <ele>1723.91</ele>
        <time>2026-05-04T01:48:17.4330000+00:00</time>
      </trkpt>
      <trkpt lat="46.68724" lon="7.53523">
        <ele>1723.83</ele>
        <time>2026-05-04T01:48:35.6870000+00:00</time>
      </trkpt>
      <trkpt lat="46.68716" lon="7.53513">
        <ele>1720.34</ele>
        <time>2026-05-04T01:48:51.0670000+00:00</time>
      </trkpt>
      <trkpt lat="46.68707" lon="7.53512">
        <ele>1715.83</ele>
        <time>2026-05-04T01:49:04.2390000+00:00</time>
      </trkpt>
      <trkpt lat="46.68709" lon="7.53539">
        <ele>1714.76</ele>
        <time>2026-05-04T01:49:31.4250000+00:00</time>
      </trkpt>
      <trkpt lat="46.68713" lon="7.53549">
        <ele>1716.13</ele>
        <time>2026-05-04T01:49:43.0140000+00:00</time>
      </trkpt>
      <trkpt lat="46.68718" lon="7.53561">
        <ele>1718.05</ele>
        <time>2026-05-04T01:49:57.0690000+00:00</time>
      </trkpt>
      <trkpt lat="46.68721" lon="7.53566">
        <ele>1719.43</ele>
        <time>2026-05-04T01:50:03.7180000+00:00</time>
      </trkpt>
      <trkpt lat="46.68723" lon="7.53574">
        <ele>1720.07</ele>
        <time>2026-05-04T01:50:12.2420000+00:00</time>
      </trkpt>
      <trkpt lat="46.68724" lon="7.53585">
        <ele>1719.97</ele>
        <time>2026-05-04T01:50:23.3500000+00:00</time>
      </trkpt>
      <trkpt lat="46.68725" lon="7.53599">
        <ele>1719.71</ele>
        <time>2026-05-04T01:50:37.4400000+00:00</time>
      </trkpt>
      <trkpt lat="46.68722" lon="7.53606">
        <ele>1717.37</ele>
        <time>2026-05-04T01:50:45.7030000+00:00</time>
      </trkpt>
      <trkpt lat="46.68722" lon="7.53613">
        <ele>1716.91</ele>
        <time>2026-05-04T01:50:52.7090000+00:00</time>
      </trkpt>
      <trkpt lat="46.6872" lon="7.53617">
        <ele>1715.34</ele>
        <time>2026-05-04T01:50:57.6650000+00:00</time>
      </trkpt>
      <trkpt lat="46.68716" lon="7.53611">
        <ele>1713.17</ele>
        <time>2026-05-04T01:51:06.0400000+00:00</time>
      </trkpt>
      <trkpt lat="46.68714" lon="7.53607">
        <ele>1712.19</ele>
        <time>2026-05-04T01:51:10.9960000+00:00</time>
      </trkpt>
      <trkpt lat="46.6871" lon="7.53605">
        <ele>1709.8</ele>
        <time>2026-05-04T01:51:17.1670000+00:00</time>
      </trkpt>
      <trkpt lat="46.68705" lon="7.53601">
        <ele>1706.99</ele>
        <time>2026-05-04T01:51:25.4890000+00:00</time>
      </trkpt>
      <trkpt lat="46.68704" lon="7.53608">
        <ele>1705.71</ele>
        <time>2026-05-04T01:51:32.6480000+00:00</time>
      </trkpt>
      <trkpt lat="46.68706" lon="7.53617">
        <ele>1706.19</ele>
        <time>2026-05-04T01:51:42.1190000+00:00</time>
      </trkpt>
      <trkpt lat="46.68708" lon="7.53622">
        <ele>1707.07</ele>
        <time>2026-05-04T01:51:47.9130000+00:00</time>
      </trkpt>
      <trkpt lat="46.6871" lon="7.53634">
        <ele>1706.7</ele>
        <time>2026-05-04T01:52:00.2760000+00:00</time>
      </trkpt>
      <trkpt lat="46.68706" lon="7.53648">
        <ele>1701.86</ele>
        <time>2026-05-04T01:52:15.4580000+00:00</time>
      </trkpt>
      <trkpt lat="46.68707" lon="7.53656">
        <ele>1701.4</ele>
        <time>2026-05-04T01:52:23.5990000+00:00</time>
      </trkpt>
      <trkpt lat="46.68712" lon="7.53678">
        <ele>1702.11</ele>
        <time>2026-05-04T01:52:46.7990000+00:00</time>
      </trkpt>
      <trkpt lat="46.68716" lon="7.53696">
        <ele>1702.99</ele>
        <time>2026-05-04T01:53:05.7410000+00:00</time>
      </trkpt>
      <trkpt lat="46.68716" lon="7.53701">
        <ele>1702.36</ele>
        <time>2026-05-04T01:53:10.7480000+00:00</time>
      </trkpt>
      <trkpt lat="46.68716" lon="7.53707">
        <ele>1701.44</ele>
        <time>2026-05-04T01:53:16.7550000+00:00</time>
      </trkpt>
      <trkpt lat="46.68717" lon="7.53714">
        <ele>1700.78</ele>
        <time>2026-05-04T01:53:23.9150000+00:00</time>
      </trkpt>
      <trkpt lat="46.68719" lon="7.53724">
        <ele>1700.37</ele>
        <time>2026-05-04T01:53:34.3430000+00:00</time>
      </trkpt>
      <trkpt lat="46.68718" lon="7.5373">
        <ele>1698.21</ele>
        <time>2026-05-04T01:53:40.5250000+00:00</time>
      </trkpt>
      <trkpt lat="46.68716" lon="7.53721">
        <ele>1698.41</ele>
        <time>2026-05-04T01:53:49.9960000+00:00</time>
      </trkpt>
      <trkpt lat="46.68711" lon="7.53712">
        <ele>1696.06</ele>
        <time>2026-05-04T01:54:01.5890000+00:00</time>
      </trkpt>
      <trkpt lat="46.68706" lon="7.53706">
        <ele>1693.12</ele>
        <time>2026-05-04T01:54:11.0400000+00:00</time>
      </trkpt>
      <trkpt lat="46.68693" lon="7.53688">
        <ele>1685.31</ele>
        <time>2026-05-04T01:54:37.2050000+00:00</time>
      </trkpt>
      <trkpt lat="46.6869" lon="7.53685">
        <ele>1683.76</ele>
        <time>2026-05-04T01:54:42.5140000+00:00</time>
      </trkpt>
      <trkpt lat="46.68683" lon="7.53681">
        <ele>1679.67</ele>
        <time>2026-05-04T01:54:53.4870000+00:00</time>
      </trkpt>
      <trkpt lat="46.68676" lon="7.53676">
        <ele>1675.72</ele>
        <time>2026-05-04T01:55:04.8630000+00:00</time>
      </trkpt>
      <trkpt lat="46.68671" lon="7.53674">
        <ele>1672.6</ele>
        <time>2026-05-04T01:55:12.4290000+00:00</time>
      </trkpt>
      <trkpt lat="46.68664" lon="7.53672">
        <ele>1668.1</ele>
        <time>2026-05-04T01:55:22.8380000+00:00</time>
      </trkpt>
      <trkpt lat="46.68659" lon="7.5367">
        <ele>1664.96</ele>
        <time>2026-05-04T01:55:30.4050000+00:00</time>
      </trkpt>
      <trkpt lat="46.68649" lon="7.53659">
        <ele>1659.74</ele>
        <time>2026-05-04T01:55:48.6870000+00:00</time>
      </trkpt>
      <trkpt lat="46.68644" lon="7.5365">
        <ele>1657.61</ele>
        <time>2026-05-04T01:56:00.2800000+00:00</time>
      </trkpt>
      <trkpt lat="46.6864" lon="7.53645">
        <ele>1655.54</ele>
        <time>2026-05-04T01:56:07.9700000+00:00</time>
      </trkpt>
      <trkpt lat="46.68638" lon="7.53645">
        <ele>1654.12</ele>
        <time>2026-05-04T01:56:10.8870000+00:00</time>
      </trkpt>
      <trkpt lat="46.68636" lon="7.53648">
        <ele>1652.27</ele>
        <time>2026-05-04T01:56:15.0750000+00:00</time>
      </trkpt>
      <trkpt lat="46.68635" lon="7.53652">
        <ele>1650.97</ele>
        <time>2026-05-04T01:56:19.3370000+00:00</time>
      </trkpt>
      <trkpt lat="46.68629" lon="7.53666">
        <ele>1644.75</ele>
        <time>2026-05-04T01:56:35.8620000+00:00</time>
      </trkpt>
      <trkpt lat="46.68621" lon="7.53692">
        <ele>1635.58</ele>
        <time>2026-05-04T01:57:04.3890000+00:00</time>
      </trkpt>
      <trkpt lat="46.68614" lon="7.53721">
        <ele>1627.04</ele>
        <time>2026-05-04T01:57:35.1650000+00:00</time>
      </trkpt>
      <trkpt lat="46.68616" lon="7.53734">
        <ele>1626.65</ele>
        <time>2026-05-04T01:57:48.5030000+00:00</time>
      </trkpt>
      <trkpt lat="46.68619" lon="7.53744">
        <ele>1627.21</ele>
        <time>2026-05-04T01:57:59.4290000+00:00</time>
      </trkpt>
      <trkpt lat="46.68624" lon="7.53754">
        <ele>1628.88</ele>
        <time>2026-05-04T01:58:11.8170000+00:00</time>
      </trkpt>
      <trkpt lat="46.68629" lon="7.53765">
        <ele>1630.26</ele>
        <time>2026-05-04T01:58:25.0270000+00:00</time>
      </trkpt>
      <trkpt lat="46.68631" lon="7.53772">
        <ele>1630.38</ele>
        <time>2026-05-04T01:58:32.6180000+00:00</time>
      </trkpt>
      <trkpt lat="46.68631" lon="7.53772">
        <ele>1630.38</ele>
        <time>2026-05-04T01:58:32.6180000+00:00</time>
      </trkpt>
      <trkpt lat="46.68635" lon="7.53781">
        <ele>1631.27</ele>
        <time>2026-05-04T01:58:43.3530000+00:00</time>
      </trkpt>
      <trkpt lat="46.68643" lon="7.53791">
        <ele>1634.1</ele>
        <time>2026-05-04T01:58:58.7330000+00:00</time>
      </trkpt>
      <trkpt lat="46.68649" lon="7.53799">
        <ele>1635.98</ele>
        <time>2026-05-04T01:59:10.5980000+00:00</time>
      </trkpt>
      <trkpt lat="46.68654" lon="7.53809">
        <ele>1636.78</ele>
        <time>2026-05-04T01:59:22.9870000+00:00</time>
      </trkpt>
      <trkpt lat="46.68656" lon="7.53817">
        <ele>1636.28</ele>
        <time>2026-05-04T01:59:31.5100000+00:00</time>
      </trkpt>
      <trkpt lat="46.68658" lon="7.53836">
        <ele>1633.58</ele>
        <time>2026-05-04T01:59:50.7530000+00:00</time>
      </trkpt>
      <trkpt lat="46.68657" lon="7.53844">
        <ele>1631.59</ele>
        <time>2026-05-04T01:59:58.8950000+00:00</time>
      </trkpt>
      <trkpt lat="46.68655" lon="7.53852">
        <ele>1629.21</ele>
        <time>2026-05-04T02:00:07.4180000+00:00</time>
      </trkpt>
      <trkpt lat="46.68654" lon="7.53862">
        <ele>1626.92</ele>
        <time>2026-05-04T02:00:17.5360000+00:00</time>
      </trkpt>
      <trkpt lat="46.68655" lon="7.53878">
        <ele>1624.55</ele>
        <time>2026-05-04T02:00:33.6190000+00:00</time>
      </trkpt>
      <trkpt lat="46.68657" lon="7.53893">
        <ele>1623.05</ele>
        <time>2026-05-04T02:00:48.9160000+00:00</time>
      </trkpt>
      <trkpt lat="46.68657" lon="7.53902">
        <ele>1621.69</ele>
        <time>2026-05-04T02:00:57.9270000+00:00</time>
      </trkpt>
      <trkpt lat="46.68658" lon="7.53909">
        <ele>1621.02</ele>
        <time>2026-05-04T02:01:05.0850000+00:00</time>
      </trkpt>
      <trkpt lat="46.68663" lon="7.53922">
        <ele>1620.94</ele>
        <time>2026-05-04T02:01:20.0050000+00:00</time>
      </trkpt>
      <trkpt lat="46.68665" lon="7.53929">
        <ele>1620.63</ele>
        <time>2026-05-04T02:01:27.5960000+00:00</time>
      </trkpt>
      <trkpt lat="46.68665" lon="7.53937">
        <ele>1619.41</ele>
        <time>2026-05-04T02:01:35.6030000+00:00</time>
      </trkpt>
      <trkpt lat="46.68668" lon="7.53951">
        <ele>1618.4</ele>
        <time>2026-05-04T02:01:50.2860000+00:00</time>
      </trkpt>
      <trkpt lat="46.6867" lon="7.53963">
        <ele>1618.01</ele>
        <time>2026-05-04T02:02:02.6490000+00:00</time>
      </trkpt>
      <trkpt lat="46.68673" lon="7.53971">
        <ele>1618.59</ele>
        <time>2026-05-04T02:02:11.7760000+00:00</time>
      </trkpt>
      <trkpt lat="46.68677" lon="7.53983">
        <ele>1619.25</ele>
        <time>2026-05-04T02:02:25.1310000+00:00</time>
      </trkpt>
      <trkpt lat="46.68682" lon="7.53994">
        <ele>1620.31</ele>
        <time>2026-05-04T02:02:38.3410000+00:00</time>
      </trkpt>
      <trkpt lat="46.68686" lon="7.54004">
        <ele>1621.05</ele>
        <time>2026-05-04T02:02:49.9300000+00:00</time>
      </trkpt>
      <trkpt lat="46.68691" lon="7.54016">
        <ele>1621.98</ele>
        <time>2026-05-04T02:03:03.9860000+00:00</time>
      </trkpt>
      <trkpt lat="46.68695" lon="7.54026">
        <ele>1623.55</ele>
        <time>2026-05-04T02:03:15.5740000+00:00</time>
      </trkpt>
      <trkpt lat="46.68699" lon="7.54032">
        <ele>1626.02</ele>
        <time>2026-05-04T02:03:23.9510000+00:00</time>
      </trkpt>
      <trkpt lat="46.68701" lon="7.5404">
        <ele>1626.96</ele>
        <time>2026-05-04T02:03:32.4750000+00:00</time>
      </trkpt>
      <trkpt lat="46.68702" lon="7.5405">
        <ele>1627.77</ele>
        <time>2026-05-04T02:03:42.5930000+00:00</time>
      </trkpt>
      <trkpt lat="46.68702" lon="7.54064">
        <ele>1627.9</ele>
        <time>2026-05-04T02:03:56.6080000+00:00</time>
      </trkpt>
      <trkpt lat="46.68702" lon="7.54074">
        <ele>1628</ele>
        <time>2026-05-04T02:04:06.6200000+00:00</time>
      </trkpt>
      <trkpt lat="46.68703" lon="7.54084">
        <ele>1628.74</ele>
        <time>2026-05-04T02:04:16.7370000+00:00</time>
      </trkpt>
      <trkpt lat="46.68703" lon="7.54091">
        <ele>1628.79</ele>
        <time>2026-05-04T02:04:23.7460000+00:00</time>
      </trkpt>
      <trkpt lat="46.68701" lon="7.54097">
        <ele>1627.58</ele>
        <time>2026-05-04T02:04:30.4230000+00:00</time>
      </trkpt>
      <trkpt lat="46.68701" lon="7.54106">
        <ele>1627.68</ele>
        <time>2026-05-04T02:04:39.4320000+00:00</time>
      </trkpt>
      <trkpt lat="46.68701" lon="7.54118">
        <ele>1627.81</ele>
        <time>2026-05-04T02:04:51.4450000+00:00</time>
      </trkpt>
      <trkpt lat="46.68701" lon="7.54129">
        <ele>1629</ele>
        <time>2026-05-04T02:05:02.4570000+00:00</time>
      </trkpt>
      <trkpt lat="46.68703" lon="7.54142">
        <ele>1632.13</ele>
        <time>2026-05-04T02:05:15.7940000+00:00</time>
      </trkpt>
      <trkpt lat="46.68704" lon="7.54153">
        <ele>1634.34</ele>
        <time>2026-05-04T02:05:26.9030000+00:00</time>
      </trkpt>
      <trkpt lat="46.68705" lon="7.54171">
        <ele>1637.56</ele>
        <time>2026-05-04T02:05:44.9820000+00:00</time>
      </trkpt>
      <trkpt lat="46.68704" lon="7.54179">
        <ele>1638.25</ele>
        <time>2026-05-04T02:05:53.1230000+00:00</time>
      </trkpt>
      <trkpt lat="46.68702" lon="7.54186">
        <ele>1638.33</ele>
        <time>2026-05-04T02:06:00.7140000+00:00</time>
      </trkpt>
      <trkpt lat="46.68699" lon="7.54194">
        <ele>1638.14</ele>
        <time>2026-05-04T02:06:09.8410000+00:00</time>
      </trkpt>
      <trkpt lat="46.68694" lon="7.54202">
        <ele>1637.1</ele>
        <time>2026-05-04T02:06:20.6760000+00:00</time>
      </trkpt>
      <trkpt lat="46.68686" lon="7.5421">
        <ele>1634.74</ele>
        <time>2026-05-04T02:06:34.8330000+00:00</time>
      </trkpt>
      <trkpt lat="46.68681" lon="7.54215">
        <ele>1633.26</ele>
        <time>2026-05-04T02:06:43.6820000+00:00</time>
      </trkpt>
      <trkpt lat="46.68674" lon="7.54222">
        <ele>1631.34</ele>
        <time>2026-05-04T02:06:56.0700000+00:00</time>
      </trkpt>
      <trkpt lat="46.68668" lon="7.54227">
        <ele>1629.71</ele>
        <time>2026-05-04T02:07:06.1560000+00:00</time>
      </trkpt>
      <trkpt lat="46.68662" lon="7.5423">
        <ele>1627.9</ele>
        <time>2026-05-04T02:07:15.4130000+00:00</time>
      </trkpt>
      <trkpt lat="46.68652" lon="7.54233">
        <ele>1624.71</ele>
        <time>2026-05-04T02:07:30.3120000+00:00</time>
      </trkpt>
      <trkpt lat="46.68649" lon="7.54235">
        <ele>1623.95</ele>
        <time>2026-05-04T02:07:35.1260000+00:00</time>
      </trkpt>
      <trkpt lat="46.68643" lon="7.54242">
        <ele>1623.01</ele>
        <time>2026-05-04T02:07:46.3410000+00:00</time>
      </trkpt>
      <trkpt lat="46.6864" lon="7.54245">
        <ele>1622.5</ele>
        <time>2026-05-04T02:07:51.6510000+00:00</time>
      </trkpt>
      <trkpt lat="46.68636" lon="7.54245">
        <ele>1621.15</ele>
        <time>2026-05-04T02:07:57.4890000+00:00</time>
      </trkpt>
      <trkpt lat="46.6863" lon="7.54242">
        <ele>1618.54</ele>
        <time>2026-05-04T02:08:06.7450000+00:00</time>
      </trkpt>
      <trkpt lat="46.68625" lon="7.54241">
        <ele>1616.62</ele>
        <time>2026-05-04T02:08:14.1100000+00:00</time>
      </trkpt>
      <trkpt lat="46.68618" lon="7.54243">
        <ele>1614.62</ele>
        <time>2026-05-04T02:08:24.5200000+00:00</time>
      </trkpt>
      <trkpt lat="46.68612" lon="7.54244">
        <ele>1612.79</ele>
        <time>2026-05-04T02:08:33.3340000+00:00</time>
      </trkpt>
      <trkpt lat="46.68605" lon="7.54245">
        <ele>1611.95</ele>
        <time>2026-05-04T02:08:43.5980000+00:00</time>
      </trkpt>
      <trkpt lat="46.68598" lon="7.54247">
        <ele>1612.07</ele>
        <time>2026-05-04T02:08:54.0070000+00:00</time>
      </trkpt>
      <trkpt lat="46.6859" lon="7.54251">
        <ele>1612.6</ele>
        <time>2026-05-04T02:09:06.3500000+00:00</time>
      </trkpt>
      <trkpt lat="46.68585" lon="7.54256">
        <ele>1613.5</ele>
        <time>2026-05-04T02:09:15.1990000+00:00</time>
      </trkpt>
      <trkpt lat="46.68582" lon="7.54258">
        <ele>1613.81</ele>
        <time>2026-05-04T02:09:20.0150000+00:00</time>
      </trkpt>
      <trkpt lat="46.68575" lon="7.54261">
        <ele>1614.16</ele>
        <time>2026-05-04T02:09:30.6620000+00:00</time>
      </trkpt>
      <trkpt lat="46.6857" lon="7.54264">
        <ele>1614.6</ele>
        <time>2026-05-04T02:09:38.5530000+00:00</time>
      </trkpt>
      <trkpt lat="46.68566" lon="7.54269">
        <ele>1615.55</ele>
        <time>2026-05-04T02:09:46.2430000+00:00</time>
      </trkpt>
      <trkpt lat="46.68553" lon="7.54287">
        <ele>1619.04</ele>
        <time>2026-05-04T02:10:12.4080000+00:00</time>
      </trkpt>
      <trkpt lat="46.6855" lon="7.54294">
        <ele>1620.33</ele>
        <time>2026-05-04T02:10:20.6710000+00:00</time>
      </trkpt>
      <trkpt lat="46.68548" lon="7.54302">
        <ele>1621.84</ele>
        <time>2026-05-04T02:10:29.1950000+00:00</time>
      </trkpt>
      <trkpt lat="46.68547" lon="7.54306">
        <ele>1622.6</ele>
        <time>2026-05-04T02:10:33.4590000+00:00</time>
      </trkpt>
      <trkpt lat="46.68544" lon="7.54309">
        <ele>1623.07</ele>
        <time>2026-05-04T02:10:38.7680000+00:00</time>
      </trkpt>
      <trkpt lat="46.68541" lon="7.54308">
        <ele>1622.73</ele>
        <time>2026-05-04T02:10:43.2570000+00:00</time>
      </trkpt>
      <trkpt lat="46.68536" lon="7.54304">
        <ele>1621.69</ele>
        <time>2026-05-04T02:10:51.5800000+00:00</time>
      </trkpt>
      <trkpt lat="46.68532" lon="7.54302">
        <ele>1621.11</ele>
        <time>2026-05-04T02:10:57.7520000+00:00</time>
      </trkpt>
      <trkpt lat="46.68526" lon="7.54301">
        <ele>1620.64</ele>
        <time>2026-05-04T02:11:06.5640000+00:00</time>
      </trkpt>
      <trkpt lat="46.6852" lon="7.54303">
        <ele>1621.06</ele>
        <time>2026-05-04T02:11:15.5460000+00:00</time>
      </trkpt>
      <trkpt lat="46.68513" lon="7.54308">
        <ele>1622.17</ele>
        <time>2026-05-04T02:11:26.9220000+00:00</time>
      </trkpt>
      <trkpt lat="46.68509" lon="7.54311">
        <ele>1622.87</ele>
        <time>2026-05-04T02:11:33.4860000+00:00</time>
      </trkpt>
      <trkpt lat="46.68507" lon="7.54312">
        <ele>1623.11</ele>
        <time>2026-05-04T02:11:36.5710000+00:00</time>
      </trkpt>
      <trkpt lat="46.68506" lon="7.54311">
        <ele>1622.9</ele>
        <time>2026-05-04T02:11:38.3420000+00:00</time>
      </trkpt>
      <trkpt lat="46.68493" lon="7.54308">
        <ele>1622.33</ele>
        <time>2026-05-04T02:11:57.5500000+00:00</time>
      </trkpt>
      <trkpt lat="46.68486" lon="7.54306">
        <ele>1621.9</ele>
        <time>2026-05-04T02:12:07.9590000+00:00</time>
      </trkpt>
      <trkpt lat="46.68478" lon="7.54307">
        <ele>1622.2</ele>
        <time>2026-05-04T02:12:19.6760000+00:00</time>
      </trkpt>
      <trkpt lat="46.6847" lon="7.54307">
        <ele>1622.26</ele>
        <time>2026-05-04T02:12:31.3510000+00:00</time>
      </trkpt>
      <trkpt lat="46.68464" lon="7.54306">
        <ele>1622.03</ele>
        <time>2026-05-04T02:12:40.1620000+00:00</time>
      </trkpt>
      <trkpt lat="46.68463" lon="7.54306">
        <ele>1622.04</ele>
        <time>2026-05-04T02:12:41.6210000+00:00</time>
      </trkpt>
      <trkpt lat="46.68455" lon="7.54299">
        <ele>1620.16</ele>
        <time>2026-05-04T02:12:55.2370000+00:00</time>
      </trkpt>
      <trkpt lat="46.68447" lon="7.54289">
        <ele>1617.31</ele>
        <time>2026-05-04T02:13:10.6160000+00:00</time>
      </trkpt>
      <trkpt lat="46.68442" lon="7.54281">
        <ele>1615.84</ele>
        <time>2026-05-04T02:13:21.4500000+00:00</time>
      </trkpt>
      <trkpt lat="46.68437" lon="7.54268">
        <ele>1614.82</ele>
        <time>2026-05-04T02:13:36.3700000+00:00</time>
      </trkpt>
      <trkpt lat="46.68434" lon="7.5426">
        <ele>1614.01</ele>
        <time>2026-05-04T02:13:45.4970000+00:00</time>
      </trkpt>
      <trkpt lat="46.6843" lon="7.54256">
        <ele>1614.4</ele>
        <time>2026-05-04T02:13:52.5760000+00:00</time>
      </trkpt>
      <trkpt lat="46.68425" lon="7.54254">
        <ele>1615.55</ele>
        <time>2026-05-04T02:14:00.1420000+00:00</time>
      </trkpt>
      <trkpt lat="46.6842" lon="7.54254">
        <ele>1617.2</ele>
        <time>2026-05-04T02:14:07.4380000+00:00</time>
      </trkpt>
      <trkpt lat="46.68395" lon="7.54264">
        <ele>1628.71</ele>
        <time>2026-05-04T02:14:45.2700000+00:00</time>
      </trkpt>
      <trkpt lat="46.68385" lon="7.54266">
        <ele>1632.94</ele>
        <time>2026-05-04T02:15:00.0000000+00:00</time>
      </trkpt>
    </trkseg>
  </trk>
</gpx>