<?xml version="1.0" encoding="utf-8"?>
<gpx xmlns:xsd="http://www.w3.org/2001/XMLSchema" xmlns:xsi="http://www.w3.org/2001/XMLSchema-instance" creator="eT4 META" version="1.1" xsi:schemaLocation="http://www.topografix.com/GPX/1/1 http://www.topografix.com/GPX/1/1/gpx.xsd" xmlns="http://www.topografix.com/GPX/1/1">
  <trk>
    <name>Parcours du sommet : Suld-Rengglipass-Morgenberghorn-Brunni-Suld</name>
    <trkseg>
      <trkpt lat="46.62217" lon="7.76448">
        <ele>1085.13</ele>
        <time>2026-05-04T00:00:00.0000000+00:00</time>
      </trkpt>
      <trkpt lat="46.62215" lon="7.76444">
        <ele>1084.4</ele>
        <time>2026-05-04T00:00:08.8980000+00:00</time>
      </trkpt>
      <trkpt lat="46.62212" lon="7.76449">
        <ele>1084.43</ele>
        <time>2026-05-04T00:00:20.8400000+00:00</time>
      </trkpt>
      <trkpt lat="46.62205" lon="7.76458">
        <ele>1084.19</ele>
        <time>2026-05-04T00:00:45.2940000+00:00</time>
      </trkpt>
      <trkpt lat="46.62203" lon="7.7646">
        <ele>1084.06</ele>
        <time>2026-05-04T00:00:51.6450000+00:00</time>
      </trkpt>
      <trkpt lat="46.62205" lon="7.76466">
        <ele>1084.98</ele>
        <time>2026-05-04T00:01:03.6380000+00:00</time>
      </trkpt>
      <trkpt lat="46.62207" lon="7.76474">
        <ele>1086.1</ele>
        <time>2026-05-04T00:01:18.9490000+00:00</time>
      </trkpt>
      <trkpt lat="46.62211" lon="7.76485">
        <ele>1087.86</ele>
        <time>2026-05-04T00:01:41.3350000+00:00</time>
      </trkpt>
      <trkpt lat="46.62214" lon="7.76492">
        <ele>1089.08</ele>
        <time>2026-05-04T00:01:56.1750000+00:00</time>
      </trkpt>
      <trkpt lat="46.62218" lon="7.76497">
        <ele>1090.28</ele>
        <time>2026-05-04T00:02:09.9820000+00:00</time>
      </trkpt>
      <trkpt lat="46.62225" lon="7.76507">
        <ele>1092.53</ele>
        <time>2026-05-04T00:02:35.6630000+00:00</time>
      </trkpt>
      <trkpt lat="46.62232" lon="7.76516">
        <ele>1094.72</ele>
        <time>2026-05-04T00:03:00.1160000+00:00</time>
      </trkpt>
      <trkpt lat="46.62237" lon="7.76528">
        <ele>1098.34</ele>
        <time>2026-05-04T00:03:25.3580000+00:00</time>
      </trkpt>
      <trkpt lat="46.6224" lon="7.76534">
        <ele>1100.61</ele>
        <time>2026-05-04T00:03:38.7070000+00:00</time>
      </trkpt>
      <trkpt lat="46.62246" lon="7.76545">
        <ele>1105</ele>
        <time>2026-05-04T00:04:03.9710000+00:00</time>
      </trkpt>
      <trkpt lat="46.6225" lon="7.76554">
        <ele>1108.51</ele>
        <time>2026-05-04T00:04:23.2500000+00:00</time>
      </trkpt>
      <trkpt lat="46.62257" lon="7.76572">
        <ele>1115.57</ele>
        <time>2026-05-04T00:05:00.4530000+00:00</time>
      </trkpt>
      <trkpt lat="46.62261" lon="7.76584">
        <ele>1120.28</ele>
        <time>2026-05-04T00:05:24.4420000+00:00</time>
      </trkpt>
      <trkpt lat="46.62264" lon="7.76597">
        <ele>1125.15</ele>
        <time>2026-05-04T00:05:49.1070000+00:00</time>
      </trkpt>
      <trkpt lat="46.62263" lon="7.76605">
        <ele>1127.51</ele>
        <time>2026-05-04T00:06:03.7320000+00:00</time>
      </trkpt>
      <trkpt lat="46.6226" lon="7.7661">
        <ele>1128.56</ele>
        <time>2026-05-04T00:06:15.6710000+00:00</time>
      </trkpt>
      <trkpt lat="46.62255" lon="7.76614">
        <ele>1128.63</ele>
        <time>2026-05-04T00:06:30.6120000+00:00</time>
      </trkpt>
      <trkpt lat="46.62247" lon="7.76618">
        <ele>1127.83</ele>
        <time>2026-05-04T00:06:52.7610000+00:00</time>
      </trkpt>
      <trkpt lat="46.62242" lon="7.76621">
        <ele>1127.51</ele>
        <time>2026-05-04T00:07:06.9220000+00:00</time>
      </trkpt>
      <trkpt lat="46.6224" lon="7.76623">
        <ele>1127.69</ele>
        <time>2026-05-04T00:07:13.2770000+00:00</time>
      </trkpt>
      <trkpt lat="46.62238" lon="7.76626">
        <ele>1128.24</ele>
        <time>2026-05-04T00:07:20.7990000+00:00</time>
      </trkpt>
      <trkpt lat="46.62229" lon="7.76643">
        <ele>1132.02</ele>
        <time>2026-05-04T00:07:59.4020000+00:00</time>
      </trkpt>
      <trkpt lat="46.62223" lon="7.76643">
        <ele>1130.26</ele>
        <time>2026-05-04T00:08:15.1120000+00:00</time>
      </trkpt>
      <trkpt lat="46.62216" lon="7.76644">
        <ele>1128.57</ele>
        <time>2026-05-04T00:08:33.5300000+00:00</time>
      </trkpt>
      <trkpt lat="46.62212" lon="7.76644">
        <ele>1127.4</ele>
        <time>2026-05-04T00:08:44.0020000+00:00</time>
      </trkpt>
      <trkpt lat="46.62206" lon="7.76646">
        <ele>1126.38</ele>
        <time>2026-05-04T00:09:00.1210000+00:00</time>
      </trkpt>
      <trkpt lat="46.62201" lon="7.76653">
        <ele>1127.52</ele>
        <time>2026-05-04T00:09:18.2840000+00:00</time>
      </trkpt>
      <trkpt lat="46.62196" lon="7.7666">
        <ele>1128.81</ele>
        <time>2026-05-04T00:09:36.4470000+00:00</time>
      </trkpt>
      <trkpt lat="46.62191" lon="7.76666">
        <ele>1129.78</ele>
        <time>2026-05-04T00:09:53.4140000+00:00</time>
      </trkpt>
      <trkpt lat="46.62187" lon="7.76676">
        <ele>1132.08</ele>
        <time>2026-05-04T00:10:14.2290000+00:00</time>
      </trkpt>
      <trkpt lat="46.62186" lon="7.76683">
        <ele>1134.05</ele>
        <time>2026-05-04T00:10:27.0880000+00:00</time>
      </trkpt>
      <trkpt lat="46.62185" lon="7.76702">
        <ele>1135.75</ele>
        <time>2026-05-04T00:11:01.3600000+00:00</time>
      </trkpt>
      <trkpt lat="46.62186" lon="7.76718">
        <ele>1137.08</ele>
        <time>2026-05-04T00:11:30.2550000+00:00</time>
      </trkpt>
      <trkpt lat="46.62185" lon="7.76729">
        <ele>1137.47</ele>
        <time>2026-05-04T00:11:50.2120000+00:00</time>
      </trkpt>
      <trkpt lat="46.62183" lon="7.76741">
        <ele>1137.62</ele>
        <time>2026-05-04T00:12:12.4200000+00:00</time>
      </trkpt>
      <trkpt lat="46.62177" lon="7.76759">
        <ele>1136.96</ele>
        <time>2026-05-04T00:12:48.4040000+00:00</time>
      </trkpt>
      <trkpt lat="46.62175" lon="7.7677">
        <ele>1137.19</ele>
        <time>2026-05-04T00:13:08.8690000+00:00</time>
      </trkpt>
      <trkpt lat="46.62174" lon="7.76788">
        <ele>1140.87</ele>
        <time>2026-05-04T00:13:41.3470000+00:00</time>
      </trkpt>
      <trkpt lat="46.62175" lon="7.76799">
        <ele>1143.59</ele>
        <time>2026-05-04T00:14:01.3020000+00:00</time>
      </trkpt>
      <trkpt lat="46.62179" lon="7.76808">
        <ele>1146.67</ele>
        <time>2026-05-04T00:14:20.5810000+00:00</time>
      </trkpt>
      <trkpt lat="46.62179" lon="7.76817">
        <ele>1148.63</ele>
        <time>2026-05-04T00:14:36.7650000+00:00</time>
      </trkpt>
      <trkpt lat="46.62173" lon="7.76826">
        <ele>1149.04</ele>
        <time>2026-05-04T00:14:59.3220000+00:00</time>
      </trkpt>
      <trkpt lat="46.62171" lon="7.76838">
        <ele>1151.2</ele>
        <time>2026-05-04T00:15:21.5300000+00:00</time>
      </trkpt>
      <trkpt lat="46.62173" lon="7.76846">
        <ele>1153.48</ele>
        <time>2026-05-04T00:15:36.8410000+00:00</time>
      </trkpt>
      <trkpt lat="46.62173" lon="7.76852">
        <ele>1154.82</ele>
        <time>2026-05-04T00:15:47.6320000+00:00</time>
      </trkpt>
      <trkpt lat="46.6217" lon="7.7686">
        <ele>1156.18</ele>
        <time>2026-05-04T00:16:04.0250000+00:00</time>
      </trkpt>
      <trkpt lat="46.62165" lon="7.76866">
        <ele>1156.5</ele>
        <time>2026-05-04T00:16:20.9910000+00:00</time>
      </trkpt>
      <trkpt lat="46.62162" lon="7.76871">
        <ele>1157.03</ele>
        <time>2026-05-04T00:16:32.9310000+00:00</time>
      </trkpt>
      <trkpt lat="46.62158" lon="7.76882">
        <ele>1158.8</ele>
        <time>2026-05-04T00:16:55.3170000+00:00</time>
      </trkpt>
      <trkpt lat="46.62153" lon="7.76899">
        <ele>1161.71</ele>
        <time>2026-05-04T00:17:28.5760000+00:00</time>
      </trkpt>
      <trkpt lat="46.62148" lon="7.76918">
        <ele>1164.96</ele>
        <time>2026-05-04T00:18:05.1690000+00:00</time>
      </trkpt>
      <trkpt lat="46.62144" lon="7.76935">
        <ele>1167.87</ele>
        <time>2026-05-04T00:18:37.4880000+00:00</time>
      </trkpt>
      <trkpt lat="46.62143" lon="7.76946">
        <ele>1169.15</ele>
        <time>2026-05-04T00:18:57.4440000+00:00</time>
      </trkpt>
      <trkpt lat="46.62143" lon="7.76956">
        <ele>1170.52</ele>
        <time>2026-05-04T00:19:15.4310000+00:00</time>
      </trkpt>
      <trkpt lat="46.62144" lon="7.76967">
        <ele>1172.36</ele>
        <time>2026-05-04T00:19:35.3880000+00:00</time>
      </trkpt>
      <trkpt lat="46.62146" lon="7.76982">
        <ele>1175.14</ele>
        <time>2026-05-04T00:20:02.8700000+00:00</time>
      </trkpt>
      <trkpt lat="46.62151" lon="7.76996">
        <ele>1178.96</ele>
        <time>2026-05-04T00:20:31.2500000+00:00</time>
      </trkpt>
      <trkpt lat="46.62158" lon="7.77012">
        <ele>1184</ele>
        <time>2026-05-04T00:21:05.3670000+00:00</time>
      </trkpt>
      <trkpt lat="46.62164" lon="7.77022">
        <ele>1188.24</ele>
        <time>2026-05-04T00:21:29.2480000+00:00</time>
      </trkpt>
      <trkpt lat="46.62168" lon="7.77036">
        <ele>1193.53</ele>
        <time>2026-05-04T00:21:56.5200000+00:00</time>
      </trkpt>
      <trkpt lat="46.62173" lon="7.77058">
        <ele>1200.89</ele>
        <time>2026-05-04T00:22:38.1970000+00:00</time>
      </trkpt>
      <trkpt lat="46.62174" lon="7.77065">
        <ele>1202.95</ele>
        <time>2026-05-04T00:22:51.0560000+00:00</time>
      </trkpt>
      <trkpt lat="46.6218" lon="7.77075">
        <ele>1207.02</ele>
        <time>2026-05-04T00:23:14.9390000+00:00</time>
      </trkpt>
      <trkpt lat="46.62183" lon="7.77089">
        <ele>1211.01</ele>
        <time>2026-05-04T00:23:41.3160000+00:00</time>
      </trkpt>
      <trkpt lat="46.62185" lon="7.77096">
        <ele>1213.03</ele>
        <time>2026-05-04T00:23:54.9520000+00:00</time>
      </trkpt>
      <trkpt lat="46.62187" lon="7.77101">
        <ele>1214.54</ele>
        <time>2026-05-04T00:24:05.3600000+00:00</time>
      </trkpt>
      <trkpt lat="46.62187" lon="7.77105">
        <ele>1215.65</ele>
        <time>2026-05-04T00:24:12.5560000+00:00</time>
      </trkpt>
      <trkpt lat="46.62187" lon="7.77107">
        <ele>1216.26</ele>
        <time>2026-05-04T00:24:16.1610000+00:00</time>
      </trkpt>
      <trkpt lat="46.62185" lon="7.7711">
        <ele>1216.83</ele>
        <time>2026-05-04T00:24:23.6830000+00:00</time>
      </trkpt>
      <trkpt lat="46.62182" lon="7.77112">
        <ele>1216.92</ele>
        <time>2026-05-04T00:24:32.3240000+00:00</time>
      </trkpt>
      <trkpt lat="46.62178" lon="7.77114">
        <ele>1216.87</ele>
        <time>2026-05-04T00:24:43.3990000+00:00</time>
      </trkpt>
      <trkpt lat="46.62174" lon="7.77116">
        <ele>1216.84</ele>
        <time>2026-05-04T00:24:54.4740000+00:00</time>
      </trkpt>
      <trkpt lat="46.62172" lon="7.77118">
        <ele>1217.17</ele>
        <time>2026-05-04T00:25:00.8290000+00:00</time>
      </trkpt>
      <trkpt lat="46.6217" lon="7.77122">
        <ele>1218.19</ele>
        <time>2026-05-04T00:25:09.7270000+00:00</time>
      </trkpt>
      <trkpt lat="46.62166" lon="7.77131">
        <ele>1220.65</ele>
        <time>2026-05-04T00:25:29.0060000+00:00</time>
      </trkpt>
      <trkpt lat="46.62164" lon="7.77134">
        <ele>1221.41</ele>
        <time>2026-05-04T00:25:36.5250000+00:00</time>
      </trkpt>
      <trkpt lat="46.62162" lon="7.77136">
        <ele>1221.83</ele>
        <time>2026-05-04T00:25:42.8800000+00:00</time>
      </trkpt>
      <trkpt lat="46.62158" lon="7.77138">
        <ele>1222.01</ele>
        <time>2026-05-04T00:25:53.9550000+00:00</time>
      </trkpt>
      <trkpt lat="46.62156" lon="7.77142">
        <ele>1223.2</ele>
        <time>2026-05-04T00:26:02.8530000+00:00</time>
      </trkpt>
      <trkpt lat="46.62156" lon="7.77144">
        <ele>1223.92</ele>
        <time>2026-05-04T00:26:06.4580000+00:00</time>
      </trkpt>
      <trkpt lat="46.62159" lon="7.77148">
        <ele>1225.7</ele>
        <time>2026-05-04T00:26:17.1100000+00:00</time>
      </trkpt>
      <trkpt lat="46.62164" lon="7.77156">
        <ele>1229.05</ele>
        <time>2026-05-04T00:26:36.5630000+00:00</time>
      </trkpt>
      <trkpt lat="46.62164" lon="7.77158">
        <ele>1229.74</ele>
        <time>2026-05-04T00:26:40.1540000+00:00</time>
      </trkpt>
      <trkpt lat="46.62161" lon="7.77166">
        <ele>1232.28</ele>
        <time>2026-05-04T00:26:56.5460000+00:00</time>
      </trkpt>
      <trkpt lat="46.62162" lon="7.77169">
        <ele>1233.41</ele>
        <time>2026-05-04T00:27:02.5450000+00:00</time>
      </trkpt>
      <trkpt lat="46.62163" lon="7.77171">
        <ele>1234.19</ele>
        <time>2026-05-04T00:27:06.9940000+00:00</time>
      </trkpt>
      <trkpt lat="46.62164" lon="7.77175">
        <ele>1235.65</ele>
        <time>2026-05-04T00:27:14.6480000+00:00</time>
      </trkpt>
      <trkpt lat="46.62162" lon="7.77178">
        <ele>1236.57</ele>
        <time>2026-05-04T00:27:22.1670000+00:00</time>
      </trkpt>
      <trkpt lat="46.62156" lon="7.77182">
        <ele>1237.65</ele>
        <time>2026-05-04T00:27:39.4470000+00:00</time>
      </trkpt>
      <trkpt lat="46.62151" lon="7.77186">
        <ele>1238.9</ele>
        <time>2026-05-04T00:27:54.3860000+00:00</time>
      </trkpt>
      <trkpt lat="46.62147" lon="7.77189">
        <ele>1240.23</ele>
        <time>2026-05-04T00:28:06.1670000+00:00</time>
      </trkpt>
      <trkpt lat="46.62147" lon="7.77193">
        <ele>1242.27</ele>
        <time>2026-05-04T00:28:13.3630000+00:00</time>
      </trkpt>
      <trkpt lat="46.62148" lon="7.77201">
        <ele>1246.36</ele>
        <time>2026-05-04T00:28:27.9880000+00:00</time>
      </trkpt>
      <trkpt lat="46.62147" lon="7.77207">
        <ele>1249.39</ele>
        <time>2026-05-04T00:28:39.0950000+00:00</time>
      </trkpt>
      <trkpt lat="46.6215" lon="7.7721">
        <ele>1250.94</ele>
        <time>2026-05-04T00:28:48.6270000+00:00</time>
      </trkpt>
      <trkpt lat="46.62152" lon="7.77214">
        <ele>1252.95</ele>
        <time>2026-05-04T00:28:57.5250000+00:00</time>
      </trkpt>
      <trkpt lat="46.62151" lon="7.77229">
        <ele>1260.48</ele>
        <time>2026-05-04T00:29:24.6280000+00:00</time>
      </trkpt>
      <trkpt lat="46.62149" lon="7.77236">
        <ele>1264.07</ele>
        <time>2026-05-04T00:29:38.2640000+00:00</time>
      </trkpt>
      <trkpt lat="46.62146" lon="7.7724">
        <ele>1266.23</ele>
        <time>2026-05-04T00:29:48.9150000+00:00</time>
      </trkpt>
      <trkpt lat="46.62142" lon="7.77242">
        <ele>1267.45</ele>
        <time>2026-05-04T00:29:59.9910000+00:00</time>
      </trkpt>
      <trkpt lat="46.62139" lon="7.77246">
        <ele>1269.69</ele>
        <time>2026-05-04T00:30:10.6420000+00:00</time>
      </trkpt>
      <trkpt lat="46.62135" lon="7.77251">
        <ele>1272.57</ele>
        <time>2026-05-04T00:30:24.4500000+00:00</time>
      </trkpt>
      <trkpt lat="46.62132" lon="7.77257">
        <ele>1275.97</ele>
        <time>2026-05-04T00:30:37.7980000+00:00</time>
      </trkpt>
      <trkpt lat="46.62129" lon="7.77264">
        <ele>1279.98</ele>
        <time>2026-05-04T00:30:52.6380000+00:00</time>
      </trkpt>
      <trkpt lat="46.62128" lon="7.77267">
        <ele>1281.69</ele>
        <time>2026-05-04T00:30:58.6370000+00:00</time>
      </trkpt>
      <trkpt lat="46.62122" lon="7.77274">
        <ele>1286.17</ele>
        <time>2026-05-04T00:31:18.7710000+00:00</time>
      </trkpt>
      <trkpt lat="46.62117" lon="7.77276">
        <ele>1287.72</ele>
        <time>2026-05-04T00:31:32.3500000+00:00</time>
      </trkpt>
      <trkpt lat="46.62116" lon="7.77275">
        <ele>1287.25</ele>
        <time>2026-05-04T00:31:35.5270000+00:00</time>
      </trkpt>
      <trkpt lat="46.62114" lon="7.77273">
        <ele>1286.2</ele>
        <time>2026-05-04T00:31:41.8820000+00:00</time>
      </trkpt>
      <trkpt lat="46.62113" lon="7.77269">
        <ele>1283.94</ele>
        <time>2026-05-04T00:31:49.5430000+00:00</time>
      </trkpt>
      <trkpt lat="46.62109" lon="7.77264">
        <ele>1281.01</ele>
        <time>2026-05-04T00:32:03.3480000+00:00</time>
      </trkpt>
      <trkpt lat="46.621" lon="7.77257">
        <ele>1277.06</ele>
        <time>2026-05-04T00:32:30.0680000+00:00</time>
      </trkpt>
      <trkpt lat="46.62094" lon="7.77253">
        <ele>1274.96</ele>
        <time>2026-05-04T00:32:47.3480000+00:00</time>
      </trkpt>
      <trkpt lat="46.62092" lon="7.77256">
        <ele>1276.45</ele>
        <time>2026-05-04T00:32:54.8630000+00:00</time>
      </trkpt>
      <trkpt lat="46.6209" lon="7.7726">
        <ele>1278.4</ele>
        <time>2026-05-04T00:33:03.7610000+00:00</time>
      </trkpt>
      <trkpt lat="46.62087" lon="7.77262">
        <ele>1279.3</ele>
        <time>2026-05-04T00:33:12.4000000+00:00</time>
      </trkpt>
      <trkpt lat="46.62085" lon="7.77261">
        <ele>1278.77</ele>
        <time>2026-05-04T00:33:17.9350000+00:00</time>
      </trkpt>
      <trkpt lat="46.62079" lon="7.77258">
        <ele>1277.23</ele>
        <time>2026-05-04T00:33:34.5470000+00:00</time>
      </trkpt>
      <trkpt lat="46.62074" lon="7.77254">
        <ele>1275.36</ele>
        <time>2026-05-04T00:33:49.4860000+00:00</time>
      </trkpt>
      <trkpt lat="46.62066" lon="7.77251">
        <ele>1274.05</ele>
        <time>2026-05-04T00:34:11.1180000+00:00</time>
      </trkpt>
      <trkpt lat="46.62062" lon="7.77253">
        <ele>1274.89</ele>
        <time>2026-05-04T00:34:22.1930000+00:00</time>
      </trkpt>
      <trkpt lat="46.62058" lon="7.77256">
        <ele>1276.09</ele>
        <time>2026-05-04T00:34:33.9770000+00:00</time>
      </trkpt>
      <trkpt lat="46.62055" lon="7.77265">
        <ele>1279.58</ele>
        <time>2026-05-04T00:34:51.9700000+00:00</time>
      </trkpt>
      <trkpt lat="46.62052" lon="7.77269">
        <ele>1281.01</ele>
        <time>2026-05-04T00:35:02.6240000+00:00</time>
      </trkpt>
      <trkpt lat="46.62047" lon="7.77272">
        <ele>1282.31</ele>
        <time>2026-05-04T00:35:16.7850000+00:00</time>
      </trkpt>
      <trkpt lat="46.62043" lon="7.77276">
        <ele>1284.15</ele>
        <time>2026-05-04T00:35:29.4930000+00:00</time>
      </trkpt>
      <trkpt lat="46.62039" lon="7.7728">
        <ele>1285.98</ele>
        <time>2026-05-04T00:35:42.2030000+00:00</time>
      </trkpt>
      <trkpt lat="46.62037" lon="7.77285">
        <ele>1288.41</ele>
        <time>2026-05-04T00:35:52.6110000+00:00</time>
      </trkpt>
      <trkpt lat="46.62036" lon="7.77292">
        <ele>1291.9</ele>
        <time>2026-05-04T00:36:05.4690000+00:00</time>
      </trkpt>
      <trkpt lat="46.62034" lon="7.77296">
        <ele>1293.8</ele>
        <time>2026-05-04T00:36:14.3670000+00:00</time>
      </trkpt>
      <trkpt lat="46.62032" lon="7.77299">
        <ele>1295.19</ele>
        <time>2026-05-04T00:36:21.8820000+00:00</time>
      </trkpt>
      <trkpt lat="46.62028" lon="7.77299">
        <ele>1297.07</ele>
        <time>2026-05-04T00:36:32.3570000+00:00</time>
      </trkpt>
      <trkpt lat="46.62024" lon="7.77299">
        <ele>1299.17</ele>
        <time>2026-05-04T00:36:42.8340000+00:00</time>
      </trkpt>
      <trkpt lat="46.62018" lon="7.77296">
        <ele>1300.66</ele>
        <time>2026-05-04T00:36:59.4470000+00:00</time>
      </trkpt>
      <trkpt lat="46.62011" lon="7.7729">
        <ele>1300.8</ele>
        <time>2026-05-04T00:37:20.7180000+00:00</time>
      </trkpt>
      <trkpt lat="46.62005" lon="7.77284">
        <ele>1300.18</ele>
        <time>2026-05-04T00:37:39.7790000+00:00</time>
      </trkpt>
      <trkpt lat="46.62" lon="7.77277">
        <ele>1298.25</ele>
        <time>2026-05-04T00:37:57.9420000+00:00</time>
      </trkpt>
      <trkpt lat="46.61995" lon="7.77268">
        <ele>1295.1</ele>
        <time>2026-05-04T00:38:18.7600000+00:00</time>
      </trkpt>
      <trkpt lat="46.61991" lon="7.77264">
        <ele>1295.48</ele>
        <time>2026-05-04T00:38:31.4660000+00:00</time>
      </trkpt>
      <trkpt lat="46.61982" lon="7.7726">
        <ele>1297.97</ele>
        <time>2026-05-04T00:38:56.1080000+00:00</time>
      </trkpt>
      <trkpt lat="46.61976" lon="7.77258">
        <ele>1299.84</ele>
        <time>2026-05-04T00:39:12.2260000+00:00</time>
      </trkpt>
      <trkpt lat="46.6197" lon="7.77261">
        <ele>1303.33</ele>
        <time>2026-05-04T00:39:28.8370000+00:00</time>
      </trkpt>
      <trkpt lat="46.61968" lon="7.77273">
        <ele>1309.69</ele>
        <time>2026-05-04T00:39:51.0460000+00:00</time>
      </trkpt>
      <trkpt lat="46.61966" lon="7.77286">
        <ele>1320.07</ele>
        <time>2026-05-04T00:40:15.0060000+00:00</time>
      </trkpt>
      <trkpt lat="46.61965" lon="7.77294">
        <ele>1326.43</ele>
        <time>2026-05-04T00:40:29.6310000+00:00</time>
      </trkpt>
      <trkpt lat="46.61965" lon="7.77301">
        <ele>1331.58</ele>
        <time>2026-05-04T00:40:42.2180000+00:00</time>
      </trkpt>
      <trkpt lat="46.61965" lon="7.77311">
        <ele>1338.93</ele>
        <time>2026-05-04T00:41:00.2040000+00:00</time>
      </trkpt>
      <trkpt lat="46.61963" lon="7.77322">
        <ele>1348.22</ele>
        <time>2026-05-04T00:41:20.6700000+00:00</time>
      </trkpt>
      <trkpt lat="46.61958" lon="7.77334">
        <ele>1360.36</ele>
        <time>2026-05-04T00:41:45.9130000+00:00</time>
      </trkpt>
      <trkpt lat="46.61953" lon="7.77341">
        <ele>1369.02</ele>
        <time>2026-05-04T00:42:04.0760000+00:00</time>
      </trkpt>
      <trkpt lat="46.61947" lon="7.77349">
        <ele>1377.75</ele>
        <time>2026-05-04T00:42:25.3790000+00:00</time>
      </trkpt>
      <trkpt lat="46.61939" lon="7.7736">
        <ele>1379.25</ele>
        <time>2026-05-04T00:42:54.1940000+00:00</time>
      </trkpt>
      <trkpt lat="46.61934" lon="7.7737">
        <ele>1380.74</ele>
        <time>2026-05-04T00:43:16.4410000+00:00</time>
      </trkpt>
      <trkpt lat="46.6193" lon="7.77379">
        <ele>1382.3</ele>
        <time>2026-05-04T00:43:35.7220000+00:00</time>
      </trkpt>
      <trkpt lat="46.61926" lon="7.77393">
        <ele>1385.89</ele>
        <time>2026-05-04T00:44:02.9940000+00:00</time>
      </trkpt>
      <trkpt lat="46.6192" lon="7.77409">
        <ele>1389.06</ele>
        <time>2026-05-04T00:44:35.7800000+00:00</time>
      </trkpt>
      <trkpt lat="46.61918" lon="7.77422">
        <ele>1393.23</ele>
        <time>2026-05-04T00:44:59.7410000+00:00</time>
      </trkpt>
      <trkpt lat="46.61916" lon="7.77441">
        <ele>1400.28</ele>
        <time>2026-05-04T00:45:34.3130000+00:00</time>
      </trkpt>
      <trkpt lat="46.61914" lon="7.77451">
        <ele>1404</ele>
        <time>2026-05-04T00:45:53.0460000+00:00</time>
      </trkpt>
      <trkpt lat="46.6191" lon="7.77462">
        <ele>1407.02</ele>
        <time>2026-05-04T00:46:15.4320000+00:00</time>
      </trkpt>
      <trkpt lat="46.61903" lon="7.77478">
        <ele>1410.69</ele>
        <time>2026-05-04T00:46:49.5510000+00:00</time>
      </trkpt>
      <trkpt lat="46.61897" lon="7.77488">
        <ele>1412.01</ele>
        <time>2026-05-04T00:47:13.4330000+00:00</time>
      </trkpt>
      <trkpt lat="46.61894" lon="7.77498">
        <ele>1415.14</ele>
        <time>2026-05-04T00:47:33.0590000+00:00</time>
      </trkpt>
      <trkpt lat="46.618899999999996" lon="7.77511">
        <ele>1419.14</ele>
        <time>2026-05-04T00:47:58.6800000+00:00</time>
      </trkpt>
      <trkpt lat="46.61885" lon="7.77524">
        <ele>1422.71</ele>
        <time>2026-05-04T00:48:25.4770000+00:00</time>
      </trkpt>
      <trkpt lat="46.61876" lon="7.77563">
        <ele>1437.61</ele>
        <time>2026-05-04T00:49:39.4750000+00:00</time>
      </trkpt>
      <trkpt lat="46.61872" lon="7.77572">
        <ele>1439.8</ele>
        <time>2026-05-04T00:49:58.7550000+00:00</time>
      </trkpt>
      <trkpt lat="46.61864" lon="7.77589">
        <ele>1443.58</ele>
        <time>2026-05-04T00:50:35.8190000+00:00</time>
      </trkpt>
      <trkpt lat="46.6186" lon="7.77596">
        <ele>1444.64</ele>
        <time>2026-05-04T00:50:52.1960000+00:00</time>
      </trkpt>
      <trkpt lat="46.61856" lon="7.77601">
        <ele>1444.68</ele>
        <time>2026-05-04T00:51:06.0030000+00:00</time>
      </trkpt>
      <trkpt lat="46.6185" lon="7.77607">
        <ele>1443.76</ele>
        <time>2026-05-04T00:51:25.0630000+00:00</time>
      </trkpt>
      <trkpt lat="46.61842" lon="7.77614">
        <ele>1442.03</ele>
        <time>2026-05-04T00:51:49.5050000+00:00</time>
      </trkpt>
      <trkpt lat="46.61833" lon="7.77623">
        <ele>1440.69</ele>
        <time>2026-05-04T00:52:18.0970000+00:00</time>
      </trkpt>
      <trkpt lat="46.61827" lon="7.77632">
        <ele>1441.29</ele>
        <time>2026-05-04T00:52:40.6550000+00:00</time>
      </trkpt>
      <trkpt lat="46.61821" lon="7.77641">
        <ele>1441.93</ele>
        <time>2026-05-04T00:53:03.2120000+00:00</time>
      </trkpt>
      <trkpt lat="46.61815" lon="7.77654">
        <ele>1444.59</ele>
        <time>2026-05-04T00:53:31.3820000+00:00</time>
      </trkpt>
      <trkpt lat="46.61809" lon="7.77664">
        <ele>1445.83</ele>
        <time>2026-05-04T00:53:55.2640000+00:00</time>
      </trkpt>
      <trkpt lat="46.61807" lon="7.77666">
        <ele>1445.6</ele>
        <time>2026-05-04T00:54:01.6150000+00:00</time>
      </trkpt>
      <trkpt lat="46.61804" lon="7.77671">
        <ele>1446.24</ele>
        <time>2026-05-04T00:54:13.5570000+00:00</time>
      </trkpt>
      <trkpt lat="46.61801" lon="7.77674">
        <ele>1445.91</ele>
        <time>2026-05-04T00:54:23.0870000+00:00</time>
      </trkpt>
      <trkpt lat="46.61797" lon="7.77675">
        <ele>1443.99</ele>
        <time>2026-05-04T00:54:33.7150000+00:00</time>
      </trkpt>
      <trkpt lat="46.61794" lon="7.77678">
        <ele>1443.67</ele>
        <time>2026-05-04T00:54:43.2450000+00:00</time>
      </trkpt>
      <trkpt lat="46.61792" lon="7.77682">
        <ele>1444.46</ele>
        <time>2026-05-04T00:54:52.1430000+00:00</time>
      </trkpt>
      <trkpt lat="46.61789" lon="7.77687">
        <ele>1445.12</ele>
        <time>2026-05-04T00:55:04.0820000+00:00</time>
      </trkpt>
      <trkpt lat="46.61782" lon="7.77693">
        <ele>1443.81</ele>
        <time>2026-05-04T00:55:25.3530000+00:00</time>
      </trkpt>
      <trkpt lat="46.6177" lon="7.77701">
        <ele>1439.95</ele>
        <time>2026-05-04T00:55:59.9140000+00:00</time>
      </trkpt>
      <trkpt lat="46.61756" lon="7.77709">
        <ele>1434.55</ele>
        <time>2026-05-04T00:56:39.2960000+00:00</time>
      </trkpt>
      <trkpt lat="46.6175" lon="7.77712">
        <ele>1431.97</ele>
        <time>2026-05-04T00:56:55.9100000+00:00</time>
      </trkpt>
      <trkpt lat="46.61746" lon="7.77715">
        <ele>1430.67</ele>
        <time>2026-05-04T00:57:07.6940000+00:00</time>
      </trkpt>
      <trkpt lat="46.6174" lon="7.77721">
        <ele>1429.31</ele>
        <time>2026-05-04T00:57:26.7560000+00:00</time>
      </trkpt>
      <trkpt lat="46.61732" lon="7.77729">
        <ele>1427.36</ele>
        <time>2026-05-04T00:57:52.1720000+00:00</time>
      </trkpt>
      <trkpt lat="46.61725" lon="7.7774">
        <ele>1427.2</ele>
        <time>2026-05-04T00:58:19.1440000+00:00</time>
      </trkpt>
      <trkpt lat="46.61719" lon="7.77749">
        <ele>1426.75</ele>
        <time>2026-05-04T00:58:41.7030000+00:00</time>
      </trkpt>
      <trkpt lat="46.61712" lon="7.77755">
        <ele>1424.26</ele>
        <time>2026-05-04T00:59:02.9740000+00:00</time>
      </trkpt>
      <trkpt lat="46.61708" lon="7.77758">
        <ele>1422.62</ele>
        <time>2026-05-04T00:59:14.7550000+00:00</time>
      </trkpt>
      <trkpt lat="46.61703" lon="7.77762">
        <ele>1420.64</ele>
        <time>2026-05-04T00:59:29.6960000+00:00</time>
      </trkpt>
      <trkpt lat="46.61698" lon="7.77767">
        <ele>1419.05</ele>
        <time>2026-05-04T00:59:45.5800000+00:00</time>
      </trkpt>
      <trkpt lat="46.61696" lon="7.77773">
        <ele>1418.45</ele>
        <time>2026-05-04T00:59:57.5760000+00:00</time>
      </trkpt>
      <trkpt lat="46.61695" lon="7.77778">
        <ele>1417.92</ele>
        <time>2026-05-04T01:00:06.9450000+00:00</time>
      </trkpt>
      <trkpt lat="46.61691" lon="7.77786">
        <ele>1415.65</ele>
        <time>2026-05-04T01:00:24.7410000+00:00</time>
      </trkpt>
      <trkpt lat="46.6169" lon="7.77791">
        <ele>1415.16</ele>
        <time>2026-05-04T01:00:34.1070000+00:00</time>
      </trkpt>
      <trkpt lat="46.61687" lon="7.77798">
        <ele>1413.56</ele>
        <time>2026-05-04T01:00:48.9470000+00:00</time>
      </trkpt>
      <trkpt lat="46.61686" lon="7.77801">
        <ele>1413.06</ele>
        <time>2026-05-04T01:00:54.9460000+00:00</time>
      </trkpt>
      <trkpt lat="46.61686" lon="7.77812">
        <ele>1413.37</ele>
        <time>2026-05-04T01:01:14.7310000+00:00</time>
      </trkpt>
      <trkpt lat="46.61686" lon="7.77821">
        <ele>1413.63</ele>
        <time>2026-05-04T01:01:30.9200000+00:00</time>
      </trkpt>
      <trkpt lat="46.61684" lon="7.77825">
        <ele>1412.64</ele>
        <time>2026-05-04T01:01:39.8200000+00:00</time>
      </trkpt>
      <trkpt lat="46.61684" lon="7.77828">
        <ele>1412.73</ele>
        <time>2026-05-04T01:01:45.2190000+00:00</time>
      </trkpt>
      <trkpt lat="46.61683" lon="7.77836">
        <ele>1412.44</ele>
        <time>2026-05-04T01:01:59.8450000+00:00</time>
      </trkpt>
      <trkpt lat="46.61683" lon="7.77841">
        <ele>1412.6</ele>
        <time>2026-05-04T01:02:08.8380000+00:00</time>
      </trkpt>
      <trkpt lat="46.61682" lon="7.77845">
        <ele>1412.21</ele>
        <time>2026-05-04T01:02:16.4920000+00:00</time>
      </trkpt>
      <trkpt lat="46.61683" lon="7.77849">
        <ele>1412.86</ele>
        <time>2026-05-04T01:02:24.1450000+00:00</time>
      </trkpt>
      <trkpt lat="46.6168" lon="7.77854">
        <ele>1411.56</ele>
        <time>2026-05-04T01:02:36.0850000+00:00</time>
      </trkpt>
      <trkpt lat="46.61677" lon="7.77854">
        <ele>1410.02</ele>
        <time>2026-05-04T01:02:43.9380000+00:00</time>
      </trkpt>
      <trkpt lat="46.61679" lon="7.77863">
        <ele>1411.7</ele>
        <time>2026-05-04T01:03:00.9520000+00:00</time>
      </trkpt>
      <trkpt lat="46.61679" lon="7.77864">
        <ele>1411.77</ele>
        <time>2026-05-04T01:03:02.7680000+00:00</time>
      </trkpt>
      <trkpt lat="46.61679" lon="7.77867">
        <ele>1411.99</ele>
        <time>2026-05-04T01:03:08.1710000+00:00</time>
      </trkpt>
      <trkpt lat="46.61677" lon="7.77872">
        <ele>1411.4</ele>
        <time>2026-05-04T01:03:18.5780000+00:00</time>
      </trkpt>
      <trkpt lat="46.61676" lon="7.77877">
        <ele>1411.31</ele>
        <time>2026-05-04T01:03:27.9470000+00:00</time>
      </trkpt>
      <trkpt lat="46.61674" lon="7.7788">
        <ele>1410.62</ele>
        <time>2026-05-04T01:03:35.4690000+00:00</time>
      </trkpt>
      <trkpt lat="46.61672" lon="7.77889">
        <ele>1410.47</ele>
        <time>2026-05-04T01:03:52.4840000+00:00</time>
      </trkpt>
      <trkpt lat="46.61672" lon="7.77893">
        <ele>1410.81</ele>
        <time>2026-05-04T01:03:59.6760000+00:00</time>
      </trkpt>
      <trkpt lat="46.61672" lon="7.77897">
        <ele>1411.15</ele>
        <time>2026-05-04T01:04:06.8690000+00:00</time>
      </trkpt>
      <trkpt lat="46.6167" lon="7.77901">
        <ele>1410.65</ele>
        <time>2026-05-04T01:04:15.7670000+00:00</time>
      </trkpt>
      <trkpt lat="46.61668" lon="7.77909">
        <ele>1410.55</ele>
        <time>2026-05-04T01:04:31.0790000+00:00</time>
      </trkpt>
      <trkpt lat="46.61666" lon="7.77915">
        <ele>1410.31</ele>
        <time>2026-05-04T01:04:43.0730000+00:00</time>
      </trkpt>
      <trkpt lat="46.61666" lon="7.77918">
        <ele>1410.6</ele>
        <time>2026-05-04T01:04:48.4660000+00:00</time>
      </trkpt>
      <trkpt lat="46.61667" lon="7.77922">
        <ele>1411.38</ele>
        <time>2026-05-04T01:04:56.1200000+00:00</time>
      </trkpt>
      <trkpt lat="46.61667" lon="7.77926">
        <ele>1411.76</ele>
        <time>2026-05-04T01:05:03.3090000+00:00</time>
      </trkpt>
      <trkpt lat="46.61664" lon="7.77928">
        <ele>1410.83</ele>
        <time>2026-05-04T01:05:11.9450000+00:00</time>
      </trkpt>
      <trkpt lat="46.61662" lon="7.77929">
        <ele>1410.19</ele>
        <time>2026-05-04T01:05:17.4800000+00:00</time>
      </trkpt>
      <trkpt lat="46.61661" lon="7.77934">
        <ele>1410.35</ele>
        <time>2026-05-04T01:05:26.8490000+00:00</time>
      </trkpt>
      <trkpt lat="46.61657" lon="7.77941">
        <ele>1410.55</ele>
        <time>2026-05-04T01:05:43.2270000+00:00</time>
      </trkpt>
      <trkpt lat="46.61653" lon="7.77948">
        <ele>1410.93</ele>
        <time>2026-05-04T01:05:59.6060000+00:00</time>
      </trkpt>
      <trkpt lat="46.6165" lon="7.77954">
        <ele>1411.41</ele>
        <time>2026-05-04T01:06:12.9530000+00:00</time>
      </trkpt>
      <trkpt lat="46.616459999999996" lon="7.77959">
        <ele>1411.27</ele>
        <time>2026-05-04T01:06:26.7600000+00:00</time>
      </trkpt>
      <trkpt lat="46.61644" lon="7.77963">
        <ele>1411.6</ele>
        <time>2026-05-04T01:06:35.6580000+00:00</time>
      </trkpt>
      <trkpt lat="46.61638" lon="7.77968">
        <ele>1410.77</ele>
        <time>2026-05-04T01:06:53.7620000+00:00</time>
      </trkpt>
      <trkpt lat="46.6163" lon="7.77974">
        <ele>1409.5</ele>
        <time>2026-05-04T01:07:17.3270000+00:00</time>
      </trkpt>
      <trkpt lat="46.61624" lon="7.77979">
        <ele>1408.68</ele>
        <time>2026-05-04T01:07:35.4300000+00:00</time>
      </trkpt>
      <trkpt lat="46.61617" lon="7.77981">
        <ele>1406.73</ele>
        <time>2026-05-04T01:07:54.1110000+00:00</time>
      </trkpt>
      <trkpt lat="46.61615" lon="7.77987">
        <ele>1407.67</ele>
        <time>2026-05-04T01:08:06.1090000+00:00</time>
      </trkpt>
      <trkpt lat="46.6161" lon="7.78">
        <ele>1410.19</ele>
        <time>2026-05-04T01:08:32.9090000+00:00</time>
      </trkpt>
      <trkpt lat="46.61606" lon="7.78019">
        <ele>1414.41</ele>
        <time>2026-05-04T01:09:08.6530000+00:00</time>
      </trkpt>
      <trkpt lat="46.61603" lon="7.78028">
        <ele>1416.54</ele>
        <time>2026-05-04T01:09:26.6450000+00:00</time>
      </trkpt>
      <trkpt lat="46.61601" lon="7.78034">
        <ele>1417.96</ele>
        <time>2026-05-04T01:09:38.6390000+00:00</time>
      </trkpt>
      <trkpt lat="46.61597" lon="7.78036">
        <ele>1417.79</ele>
        <time>2026-05-04T01:09:49.7140000+00:00</time>
      </trkpt>
      <trkpt lat="46.61594" lon="7.78039">
        <ele>1418.11</ele>
        <time>2026-05-04T01:09:59.2470000+00:00</time>
      </trkpt>
      <trkpt lat="46.61591" lon="7.78038">
        <ele>1417.24</ele>
        <time>2026-05-04T01:10:07.3080000+00:00</time>
      </trkpt>
      <trkpt lat="46.61587" lon="7.78037">
        <ele>1416.17</ele>
        <time>2026-05-04T01:10:17.9360000+00:00</time>
      </trkpt>
      <trkpt lat="46.61583" lon="7.78035">
        <ele>1414.8</ele>
        <time>2026-05-04T01:10:29.0110000+00:00</time>
      </trkpt>
      <trkpt lat="46.61579" lon="7.78035">
        <ele>1414.03</ele>
        <time>2026-05-04T01:10:39.4860000+00:00</time>
      </trkpt>
      <trkpt lat="46.61575" lon="7.78036">
        <ele>1413.56</ele>
        <time>2026-05-04T01:10:50.1120000+00:00</time>
      </trkpt>
      <trkpt lat="46.61573" lon="7.7804">
        <ele>1414.38</ele>
        <time>2026-05-04T01:10:59.0100000+00:00</time>
      </trkpt>
      <trkpt lat="46.6157" lon="7.7804">
        <ele>1413.8</ele>
        <time>2026-05-04T01:11:06.8660000+00:00</time>
      </trkpt>
      <trkpt lat="46.61569" lon="7.78042">
        <ele>1414.21</ele>
        <time>2026-05-04T01:11:11.3150000+00:00</time>
      </trkpt>
      <trkpt lat="46.61563" lon="7.78044">
        <ele>1413.66</ele>
        <time>2026-05-04T01:11:27.4330000+00:00</time>
      </trkpt>
      <trkpt lat="46.61564" lon="7.78048">
        <ele>1415.05</ele>
        <time>2026-05-04T01:11:35.0900000+00:00</time>
      </trkpt>
      <trkpt lat="46.61564" lon="7.78052">
        <ele>1416.25</ele>
        <time>2026-05-04T01:11:42.2860000+00:00</time>
      </trkpt>
      <trkpt lat="46.61564" lon="7.78056">
        <ele>1417.45</ele>
        <time>2026-05-04T01:11:49.4820000+00:00</time>
      </trkpt>
      <trkpt lat="46.61561" lon="7.78059">
        <ele>1417.78</ele>
        <time>2026-05-04T01:11:59.0120000+00:00</time>
      </trkpt>
      <trkpt lat="46.61557" lon="7.78059">
        <ele>1417.01</ele>
        <time>2026-05-04T01:12:09.4860000+00:00</time>
      </trkpt>
      <trkpt lat="46.61552" lon="7.78059">
        <ele>1416.05</ele>
        <time>2026-05-04T01:12:22.5800000+00:00</time>
      </trkpt>
      <trkpt lat="46.61547" lon="7.78059">
        <ele>1415.09</ele>
        <time>2026-05-04T01:12:35.6730000+00:00</time>
      </trkpt>
      <trkpt lat="46.61544" lon="7.78059">
        <ele>1414.51</ele>
        <time>2026-05-04T01:12:43.5270000+00:00</time>
      </trkpt>
      <trkpt lat="46.61542" lon="7.78061">
        <ele>1414.73</ele>
        <time>2026-05-04T01:12:49.8860000+00:00</time>
      </trkpt>
      <trkpt lat="46.61541" lon="7.78066">
        <ele>1416.04</ele>
        <time>2026-05-04T01:12:59.2540000+00:00</time>
      </trkpt>
      <trkpt lat="46.6154" lon="7.78068">
        <ele>1416.44</ele>
        <time>2026-05-04T01:13:03.6980000+00:00</time>
      </trkpt>
      <trkpt lat="46.61538" lon="7.78069">
        <ele>1416.36</ele>
        <time>2026-05-04T01:13:09.2280000+00:00</time>
      </trkpt>
      <trkpt lat="46.61535" lon="7.78069">
        <ele>1415.78</ele>
        <time>2026-05-04T01:13:17.0820000+00:00</time>
      </trkpt>
      <trkpt lat="46.61532" lon="7.78068">
        <ele>1414.92</ele>
        <time>2026-05-04T01:13:25.1370000+00:00</time>
      </trkpt>
      <trkpt lat="46.61529" lon="7.78066">
        <ele>1414.38</ele>
        <time>2026-05-04T01:13:33.7780000+00:00</time>
      </trkpt>
      <trkpt lat="46.61527" lon="7.78066">
        <ele>1414.42</ele>
        <time>2026-05-04T01:13:39.0210000+00:00</time>
      </trkpt>
      <trkpt lat="46.61526" lon="7.78067">
        <ele>1414.74</ele>
        <time>2026-05-04T01:13:42.1910000+00:00</time>
      </trkpt>
      <trkpt lat="46.61523" lon="7.78067">
        <ele>1414.8</ele>
        <time>2026-05-04T01:13:50.0450000+00:00</time>
      </trkpt>
      <trkpt lat="46.61519" lon="7.78067">
        <ele>1414.88</ele>
        <time>2026-05-04T01:14:00.5190000+00:00</time>
      </trkpt>
      <trkpt lat="46.61515" lon="7.7807">
        <ele>1415.83</ele>
        <time>2026-05-04T01:14:12.3030000+00:00</time>
      </trkpt>
      <trkpt lat="46.61512" lon="7.78072">
        <ele>1416.46</ele>
        <time>2026-05-04T01:14:20.9440000+00:00</time>
      </trkpt>
      <trkpt lat="46.6151" lon="7.78074">
        <ele>1417.07</ele>
        <time>2026-05-04T01:14:27.2950000+00:00</time>
      </trkpt>
      <trkpt lat="46.6151" lon="7.78076">
        <ele>1417.64</ele>
        <time>2026-05-04T01:14:30.8860000+00:00</time>
      </trkpt>
      <trkpt lat="46.6151" lon="7.78077">
        <ele>1417.93</ele>
        <time>2026-05-04T01:14:32.6750000+00:00</time>
      </trkpt>
      <trkpt lat="46.61511" lon="7.78079">
        <ele>1418.49</ele>
        <time>2026-05-04T01:14:37.1240000+00:00</time>
      </trkpt>
      <trkpt lat="46.6151" lon="7.78083">
        <ele>1419.66</ele>
        <time>2026-05-04T01:14:44.7780000+00:00</time>
      </trkpt>
      <trkpt lat="46.61507" lon="7.78087">
        <ele>1420.83</ele>
        <time>2026-05-04T01:14:55.4290000+00:00</time>
      </trkpt>
      <trkpt lat="46.61506" lon="7.7809">
        <ele>1421.7</ele>
        <time>2026-05-04T01:15:01.4280000+00:00</time>
      </trkpt>
      <trkpt lat="46.61506" lon="7.78094">
        <ele>1422.84</ele>
        <time>2026-05-04T01:15:08.6240000+00:00</time>
      </trkpt>
      <trkpt lat="46.61503" lon="7.78094">
        <ele>1422.85</ele>
        <time>2026-05-04T01:15:16.4810000+00:00</time>
      </trkpt>
      <trkpt lat="46.61497" lon="7.78096">
        <ele>1423.44</ele>
        <time>2026-05-04T01:15:32.6000000+00:00</time>
      </trkpt>
      <trkpt lat="46.61493" lon="7.78099">
        <ele>1424.28</ele>
        <time>2026-05-04T01:15:44.3810000+00:00</time>
      </trkpt>
      <trkpt lat="46.61488" lon="7.78104">
        <ele>1425.66</ele>
        <time>2026-05-04T01:16:00.2660000+00:00</time>
      </trkpt>
      <trkpt lat="46.61482" lon="7.78112">
        <ele>1427.73</ele>
        <time>2026-05-04T01:16:21.5710000+00:00</time>
      </trkpt>
      <trkpt lat="46.61475" lon="7.7812">
        <ele>1429.6</ele>
        <time>2026-05-04T01:16:44.8730000+00:00</time>
      </trkpt>
      <trkpt lat="46.6147" lon="7.78125">
        <ele>1430.64</ele>
        <time>2026-05-04T01:17:00.7580000+00:00</time>
      </trkpt>
      <trkpt lat="46.61465" lon="7.78128">
        <ele>1431.13</ele>
        <time>2026-05-04T01:17:14.9190000+00:00</time>
      </trkpt>
      <trkpt lat="46.61456" lon="7.78134">
        <ele>1432.02</ele>
        <time>2026-05-04T01:17:40.8390000+00:00</time>
      </trkpt>
      <trkpt lat="46.6144" lon="7.78143">
        <ele>1432.46</ele>
        <time>2026-05-04T01:18:25.7560000+00:00</time>
      </trkpt>
      <trkpt lat="46.61435" lon="7.78147">
        <ele>1432.63</ele>
        <time>2026-05-04T01:18:40.6950000+00:00</time>
      </trkpt>
      <trkpt lat="46.6143" lon="7.78152">
        <ele>1432.94</ele>
        <time>2026-05-04T01:18:56.5790000+00:00</time>
      </trkpt>
      <trkpt lat="46.61427" lon="7.78159">
        <ele>1433.79</ele>
        <time>2026-05-04T01:19:11.4190000+00:00</time>
      </trkpt>
      <trkpt lat="46.61425" lon="7.78167">
        <ele>1434.91</ele>
        <time>2026-05-04T01:19:26.7330000+00:00</time>
      </trkpt>
      <trkpt lat="46.61423" lon="7.78178">
        <ele>1436.49</ele>
        <time>2026-05-04T01:19:47.2020000+00:00</time>
      </trkpt>
      <trkpt lat="46.6142" lon="7.782">
        <ele>1440.3</ele>
        <time>2026-05-04T01:20:27.5460000+00:00</time>
      </trkpt>
      <trkpt lat="46.61419" lon="7.78209">
        <ele>1441.96</ele>
        <time>2026-05-04T01:20:43.9440000+00:00</time>
      </trkpt>
      <trkpt lat="46.61417" lon="7.78218">
        <ele>1443.4</ele>
        <time>2026-05-04T01:21:00.9590000+00:00</time>
      </trkpt>
      <trkpt lat="46.61413" lon="7.78227">
        <ele>1444.37</ele>
        <time>2026-05-04T01:21:20.2390000+00:00</time>
      </trkpt>
      <trkpt lat="46.61409" lon="7.78236">
        <ele>1445.25</ele>
        <time>2026-05-04T01:21:39.5210000+00:00</time>
      </trkpt>
      <trkpt lat="46.61399" lon="7.78255">
        <ele>1446.45</ele>
        <time>2026-05-04T01:22:22.5750000+00:00</time>
      </trkpt>
      <trkpt lat="46.61393" lon="7.78268">
        <ele>1447.24</ele>
        <time>2026-05-04T01:22:50.7460000+00:00</time>
      </trkpt>
      <trkpt lat="46.61386" lon="7.7828">
        <ele>1449.37</ele>
        <time>2026-05-04T01:23:19.0650000+00:00</time>
      </trkpt>
      <trkpt lat="46.61375" lon="7.78298">
        <ele>1452.12</ele>
        <time>2026-05-04T01:24:02.4020000+00:00</time>
      </trkpt>
      <trkpt lat="46.61362" lon="7.78318">
        <ele>1454.74</ele>
        <time>2026-05-04T01:24:51.9300000+00:00</time>
      </trkpt>
      <trkpt lat="46.61352" lon="7.78334">
        <ele>1456.95</ele>
        <time>2026-05-04T01:25:30.8410000+00:00</time>
      </trkpt>
      <trkpt lat="46.61343" lon="7.78348">
        <ele>1458.32</ele>
        <time>2026-05-04T01:26:05.3310000+00:00</time>
      </trkpt>
      <trkpt lat="46.6134" lon="7.78354">
        <ele>1459.37</ele>
        <time>2026-05-04T01:26:18.6780000+00:00</time>
      </trkpt>
      <trkpt lat="46.61335" lon="7.7836">
        <ele>1460.21</ele>
        <time>2026-05-04T01:26:35.6460000+00:00</time>
      </trkpt>
      <trkpt lat="46.61327" lon="7.78369">
        <ele>1461.32</ele>
        <time>2026-05-04T01:27:02.1220000+00:00</time>
      </trkpt>
      <trkpt lat="46.61318" lon="7.78377">
        <ele>1461.71</ele>
        <time>2026-05-04T01:27:29.7360000+00:00</time>
      </trkpt>
      <trkpt lat="46.6131" lon="7.78384">
        <ele>1462</ele>
        <time>2026-05-04T01:27:54.1780000+00:00</time>
      </trkpt>
      <trkpt lat="46.61304" lon="7.78388">
        <ele>1461.72</ele>
        <time>2026-05-04T01:28:11.4580000+00:00</time>
      </trkpt>
      <trkpt lat="46.613" lon="7.78389">
        <ele>1460.88</ele>
        <time>2026-05-04T01:28:22.0860000+00:00</time>
      </trkpt>
      <trkpt lat="46.61294" lon="7.78389">
        <ele>1459.05</ele>
        <time>2026-05-04T01:28:37.7980000+00:00</time>
      </trkpt>
      <trkpt lat="46.61288" lon="7.78387">
        <ele>1456.44</ele>
        <time>2026-05-04T01:28:53.9170000+00:00</time>
      </trkpt>
      <trkpt lat="46.61274" lon="7.78382">
        <ele>1453.03</ele>
        <time>2026-05-04T01:29:31.6640000+00:00</time>
      </trkpt>
      <trkpt lat="46.61267" lon="7.78378">
        <ele>1451.72</ele>
        <time>2026-05-04T01:29:51.3560000+00:00</time>
      </trkpt>
      <trkpt lat="46.61258" lon="7.78375">
        <ele>1450.87</ele>
        <time>2026-05-04T01:30:15.5350000+00:00</time>
      </trkpt>
      <trkpt lat="46.61246" lon="7.78371">
        <ele>1449.75</ele>
        <time>2026-05-04T01:30:47.7720000+00:00</time>
      </trkpt>
      <trkpt lat="46.61239" lon="7.7837">
        <ele>1449.6</ele>
        <time>2026-05-04T01:31:06.1890000+00:00</time>
      </trkpt>
      <trkpt lat="46.61231" lon="7.7837">
        <ele>1449.87</ele>
        <time>2026-05-04T01:31:27.1380000+00:00</time>
      </trkpt>
      <trkpt lat="46.61222" lon="7.78371">
        <ele>1450.54</ele>
        <time>2026-05-04T01:31:50.7730000+00:00</time>
      </trkpt>
      <trkpt lat="46.61212" lon="7.78374">
        <ele>1452</ele>
        <time>2026-05-04T01:32:17.5100000+00:00</time>
      </trkpt>
      <trkpt lat="46.61203" lon="7.78378">
        <ele>1453.78</ele>
        <time>2026-05-04T01:32:42.1510000+00:00</time>
      </trkpt>
      <trkpt lat="46.61191" lon="7.78385">
        <ele>1456.54</ele>
        <time>2026-05-04T01:33:16.0020000+00:00</time>
      </trkpt>
      <trkpt lat="46.61178" lon="7.78391">
        <ele>1458.67</ele>
        <time>2026-05-04T01:33:51.7140000+00:00</time>
      </trkpt>
      <trkpt lat="46.6117" lon="7.78395">
        <ele>1460.01</ele>
        <time>2026-05-04T01:34:13.8640000+00:00</time>
      </trkpt>
      <trkpt lat="46.61166" lon="7.78398">
        <ele>1460.99</ele>
        <time>2026-05-04T01:34:25.6480000+00:00</time>
      </trkpt>
      <trkpt lat="46.61163" lon="7.784">
        <ele>1461.63</ele>
        <time>2026-05-04T01:34:34.2860000+00:00</time>
      </trkpt>
      <trkpt lat="46.61161" lon="7.78402">
        <ele>1462.28</ele>
        <time>2026-05-04T01:34:40.6410000+00:00</time>
      </trkpt>
      <trkpt lat="46.61159" lon="7.78406">
        <ele>1463.57</ele>
        <time>2026-05-04T01:34:49.5420000+00:00</time>
      </trkpt>
      <trkpt lat="46.61158" lon="7.78409">
        <ele>1464.55</ele>
        <time>2026-05-04T01:34:55.5410000+00:00</time>
      </trkpt>
      <trkpt lat="46.61158" lon="7.78413">
        <ele>1465.87</ele>
        <time>2026-05-04T01:35:02.7370000+00:00</time>
      </trkpt>
      <trkpt lat="46.61158" lon="7.78416">
        <ele>1466.86</ele>
        <time>2026-05-04T01:35:08.1310000+00:00</time>
      </trkpt>
      <trkpt lat="46.61154" lon="7.78429">
        <ele>1471</ele>
        <time>2026-05-04T01:35:33.7540000+00:00</time>
      </trkpt>
      <trkpt lat="46.6115" lon="7.78437">
        <ele>1473.8</ele>
        <time>2026-05-04T01:35:51.5550000+00:00</time>
      </trkpt>
      <trkpt lat="46.61146" lon="7.78443">
        <ele>1476.45</ele>
        <time>2026-05-04T01:36:06.5940000+00:00</time>
      </trkpt>
      <trkpt lat="46.61139" lon="7.78453">
        <ele>1480.6</ele>
        <time>2026-05-04T01:36:32.2760000+00:00</time>
      </trkpt>
      <trkpt lat="46.61134" lon="7.7846">
        <ele>1483.3</ele>
        <time>2026-05-04T01:36:50.4420000+00:00</time>
      </trkpt>
      <trkpt lat="46.6113" lon="7.78472">
        <ele>1488.17</ele>
        <time>2026-05-04T01:37:14.4330000+00:00</time>
      </trkpt>
      <trkpt lat="46.61124" lon="7.78484">
        <ele>1492.49</ele>
        <time>2026-05-04T01:37:41.1310000+00:00</time>
      </trkpt>
      <trkpt lat="46.61122" lon="7.78488">
        <ele>1493.86</ele>
        <time>2026-05-04T01:37:50.0290000+00:00</time>
      </trkpt>
      <trkpt lat="46.61117" lon="7.78503">
        <ele>1499.17</ele>
        <time>2026-05-04T01:38:20.0200000+00:00</time>
      </trkpt>
      <trkpt lat="46.61116" lon="7.78506">
        <ele>1500.2</ele>
        <time>2026-05-04T01:38:26.0190000+00:00</time>
      </trkpt>
      <trkpt lat="46.61113" lon="7.78511">
        <ele>1501.11</ele>
        <time>2026-05-04T01:38:37.9610000+00:00</time>
      </trkpt>
      <trkpt lat="46.61109" lon="7.7851">
        <ele>1499.16</ele>
        <time>2026-05-04T01:38:48.5890000+00:00</time>
      </trkpt>
      <trkpt lat="46.61105" lon="7.78508">
        <ele>1496.85</ele>
        <time>2026-05-04T01:38:59.6650000+00:00</time>
      </trkpt>
      <trkpt lat="46.611" lon="7.78506">
        <ele>1494.2</ele>
        <time>2026-05-04T01:39:13.2430000+00:00</time>
      </trkpt>
      <trkpt lat="46.61096" lon="7.78506">
        <ele>1492.69</ele>
        <time>2026-05-04T01:39:23.7200000+00:00</time>
      </trkpt>
      <trkpt lat="46.61093" lon="7.78509">
        <ele>1492.61</ele>
        <time>2026-05-04T01:39:33.2530000+00:00</time>
      </trkpt>
      <trkpt lat="46.6109" lon="7.78515">
        <ele>1493.5</ele>
        <time>2026-05-04T01:39:46.6020000+00:00</time>
      </trkpt>
      <trkpt lat="46.61088" lon="7.78522">
        <ele>1494.66</ele>
        <time>2026-05-04T01:40:00.2410000+00:00</time>
      </trkpt>
      <trkpt lat="46.61084" lon="7.78534">
        <ele>1495.88</ele>
        <time>2026-05-04T01:40:24.2350000+00:00</time>
      </trkpt>
      <trkpt lat="46.61082" lon="7.78543">
        <ele>1497.19</ele>
        <time>2026-05-04T01:40:41.2530000+00:00</time>
      </trkpt>
      <trkpt lat="46.6108" lon="7.78554">
        <ele>1498.95</ele>
        <time>2026-05-04T01:41:01.7210000+00:00</time>
      </trkpt>
      <trkpt lat="46.6108" lon="7.78569">
        <ele>1502.5</ele>
        <time>2026-05-04T01:41:28.7040000+00:00</time>
      </trkpt>
      <trkpt lat="46.6108" lon="7.78576">
        <ele>1504.16</ele>
        <time>2026-05-04T01:41:41.2950000+00:00</time>
      </trkpt>
      <trkpt lat="46.6108" lon="7.78582">
        <ele>1505.58</ele>
        <time>2026-05-04T01:41:52.0890000+00:00</time>
      </trkpt>
      <trkpt lat="46.6108" lon="7.7859">
        <ele>1507.48</ele>
        <time>2026-05-04T01:42:06.4810000+00:00</time>
      </trkpt>
      <trkpt lat="46.61079" lon="7.78607">
        <ele>1511.51</ele>
        <time>2026-05-04T01:42:37.1750000+00:00</time>
      </trkpt>
      <trkpt lat="46.61078" lon="7.7862">
        <ele>1515.13</ele>
        <time>2026-05-04T01:43:00.7060000+00:00</time>
      </trkpt>
      <trkpt lat="46.61076" lon="7.78636">
        <ele>1519.24</ele>
        <time>2026-05-04T01:43:29.9600000+00:00</time>
      </trkpt>
      <trkpt lat="46.61074" lon="7.78648">
        <ele>1522.08</ele>
        <time>2026-05-04T01:43:52.1720000+00:00</time>
      </trkpt>
      <trkpt lat="46.61071" lon="7.78664">
        <ele>1525.68</ele>
        <time>2026-05-04T01:44:22.0070000+00:00</time>
      </trkpt>
      <trkpt lat="46.61067" lon="7.78678">
        <ele>1528.18</ele>
        <time>2026-05-04T01:44:49.2820000+00:00</time>
      </trkpt>
      <trkpt lat="46.61066" lon="7.78684">
        <ele>1529.57</ele>
        <time>2026-05-04T01:45:00.3890000+00:00</time>
      </trkpt>
      <trkpt lat="46.61066" lon="7.78692">
        <ele>1532.83</ele>
        <time>2026-05-04T01:45:14.7790000+00:00</time>
      </trkpt>
      <trkpt lat="46.61067" lon="7.78701">
        <ele>1537.02</ele>
        <time>2026-05-04T01:45:31.1790000+00:00</time>
      </trkpt>
      <trkpt lat="46.6107" lon="7.78713">
        <ele>1543.4</ele>
        <time>2026-05-04T01:45:54.1500000+00:00</time>
      </trkpt>
      <trkpt lat="46.6107" lon="7.7872">
        <ele>1546.29</ele>
        <time>2026-05-04T01:46:06.7420000+00:00</time>
      </trkpt>
      <trkpt lat="46.61071" lon="7.78726">
        <ele>1549.25</ele>
        <time>2026-05-04T01:46:17.8490000+00:00</time>
      </trkpt>
      <trkpt lat="46.61068" lon="7.78732">
        <ele>1550.31</ele>
        <time>2026-05-04T01:46:31.1960000+00:00</time>
      </trkpt>
      <trkpt lat="46.61065" lon="7.78737">
        <ele>1550.95</ele>
        <time>2026-05-04T01:46:43.1350000+00:00</time>
      </trkpt>
      <trkpt lat="46.61063" lon="7.78743">
        <ele>1552.47</ele>
        <time>2026-05-04T01:46:55.1290000+00:00</time>
      </trkpt>
      <trkpt lat="46.61057" lon="7.78754">
        <ele>1554.14</ele>
        <time>2026-05-04T01:47:20.3950000+00:00</time>
      </trkpt>
      <trkpt lat="46.61054" lon="7.7876">
        <ele>1555.18</ele>
        <time>2026-05-04T01:47:33.7420000+00:00</time>
      </trkpt>
      <trkpt lat="46.61051" lon="7.78765">
        <ele>1555.79</ele>
        <time>2026-05-04T01:47:45.6860000+00:00</time>
      </trkpt>
      <trkpt lat="46.61046" lon="7.7877">
        <ele>1556.12</ele>
        <time>2026-05-04T01:48:01.5700000+00:00</time>
      </trkpt>
      <trkpt lat="46.61042" lon="7.78776">
        <ele>1558.47</ele>
        <time>2026-05-04T01:48:16.6110000+00:00</time>
      </trkpt>
      <trkpt lat="46.61038" lon="7.78782">
        <ele>1560.87</ele>
        <time>2026-05-04T01:48:31.6520000+00:00</time>
      </trkpt>
      <trkpt lat="46.61031" lon="7.78793">
        <ele>1565.55</ele>
        <time>2026-05-04T01:48:58.6250000+00:00</time>
      </trkpt>
      <trkpt lat="46.61024" lon="7.78803">
        <ele>1569.33</ele>
        <time>2026-05-04T01:49:24.3080000+00:00</time>
      </trkpt>
      <trkpt lat="46.61017" lon="7.78814">
        <ele>1573.5</ele>
        <time>2026-05-04T01:49:51.2810000+00:00</time>
      </trkpt>
      <trkpt lat="46.61009" lon="7.78822">
        <ele>1574.79</ele>
        <time>2026-05-04T01:50:16.6980000+00:00</time>
      </trkpt>
      <trkpt lat="46.61007" lon="7.78823">
        <ele>1574.4</ele>
        <time>2026-05-04T01:50:22.2330000+00:00</time>
      </trkpt>
      <trkpt lat="46.61003" lon="7.78826">
        <ele>1574.26</ele>
        <time>2026-05-04T01:50:34.0160000+00:00</time>
      </trkpt>
      <trkpt lat="46.60996" lon="7.78829">
        <ele>1572.45</ele>
        <time>2026-05-04T01:50:53.1250000+00:00</time>
      </trkpt>
      <trkpt lat="46.60985" lon="7.78834">
        <ele>1569.58</ele>
        <time>2026-05-04T01:51:23.3010000+00:00</time>
      </trkpt>
      <trkpt lat="46.60972" lon="7.78841">
        <ele>1566.54</ele>
        <time>2026-05-04T01:51:59.5960000+00:00</time>
      </trkpt>
      <trkpt lat="46.60966" lon="7.78844">
        <ele>1564.87</ele>
        <time>2026-05-04T01:52:16.2100000+00:00</time>
      </trkpt>
      <trkpt lat="46.60959" lon="7.78847">
        <ele>1562.54</ele>
        <time>2026-05-04T01:52:35.3180000+00:00</time>
      </trkpt>
      <trkpt lat="46.60952" lon="7.7885">
        <ele>1560.12</ele>
        <time>2026-05-04T01:52:54.4280000+00:00</time>
      </trkpt>
      <trkpt lat="46.60948" lon="7.78852">
        <ele>1559.37</ele>
        <time>2026-05-04T01:53:05.5000000+00:00</time>
      </trkpt>
      <trkpt lat="46.60939" lon="7.78858">
        <ele>1560.81</ele>
        <time>2026-05-04T01:53:31.4230000+00:00</time>
      </trkpt>
      <trkpt lat="46.60929" lon="7.78867">
        <ele>1563.65</ele>
        <time>2026-05-04T01:54:02.2100000+00:00</time>
      </trkpt>
      <trkpt lat="46.6092" lon="7.78874">
        <ele>1565.18</ele>
        <time>2026-05-04T01:54:28.9310000+00:00</time>
      </trkpt>
      <trkpt lat="46.60909" lon="7.78882">
        <ele>1566.33</ele>
        <time>2026-05-04T01:55:01.1310000+00:00</time>
      </trkpt>
      <trkpt lat="46.609" lon="7.78889">
        <ele>1567.27</ele>
        <time>2026-05-04T01:55:27.8520000+00:00</time>
      </trkpt>
      <trkpt lat="46.60893" lon="7.78894">
        <ele>1567.55</ele>
        <time>2026-05-04T01:55:48.2690000+00:00</time>
      </trkpt>
      <trkpt lat="46.60882" lon="7.78906">
        <ele>1569.97</ele>
        <time>2026-05-04T01:56:24.2640000+00:00</time>
      </trkpt>
      <trkpt lat="46.6087" lon="7.78919">
        <ele>1571.9</ele>
        <time>2026-05-04T01:57:03.4360000+00:00</time>
      </trkpt>
      <trkpt lat="46.60866" lon="7.78923">
        <ele>1572.23</ele>
        <time>2026-05-04T01:57:16.1440000+00:00</time>
      </trkpt>
      <trkpt lat="46.6086" lon="7.78927">
        <ele>1571.32</ele>
        <time>2026-05-04T01:57:33.4240000+00:00</time>
      </trkpt>
      <trkpt lat="46.60854" lon="7.7893">
        <ele>1569.73</ele>
        <time>2026-05-04T01:57:50.0360000+00:00</time>
      </trkpt>
      <trkpt lat="46.60852" lon="7.78932">
        <ele>1569.62</ele>
        <time>2026-05-04T01:57:56.3910000+00:00</time>
      </trkpt>
      <trkpt lat="46.60849" lon="7.78935">
        <ele>1569.31</ele>
        <time>2026-05-04T01:58:05.9230000+00:00</time>
      </trkpt>
      <trkpt lat="46.60846" lon="7.7894">
        <ele>1569.38</ele>
        <time>2026-05-04T01:58:17.8670000+00:00</time>
      </trkpt>
      <trkpt lat="46.60844" lon="7.78943">
        <ele>1569.28</ele>
        <time>2026-05-04T01:58:25.3890000+00:00</time>
      </trkpt>
      <trkpt lat="46.60842" lon="7.78947">
        <ele>1569.46</ele>
        <time>2026-05-04T01:58:34.2920000+00:00</time>
      </trkpt>
      <trkpt lat="46.60841" lon="7.78951">
        <ele>1570.18</ele>
        <time>2026-05-04T01:58:41.9530000+00:00</time>
      </trkpt>
      <trkpt lat="46.60839" lon="7.78959">
        <ele>1571.55</ele>
        <time>2026-05-04T01:58:57.2670000+00:00</time>
      </trkpt>
      <trkpt lat="46.60837" lon="7.78964">
        <ele>1571.91</ele>
        <time>2026-05-04T01:59:07.6770000+00:00</time>
      </trkpt>
      <trkpt lat="46.60835" lon="7.78968">
        <ele>1571.92</ele>
        <time>2026-05-04T01:59:16.5750000+00:00</time>
      </trkpt>
      <trkpt lat="46.60832" lon="7.78973">
        <ele>1571.55</ele>
        <time>2026-05-04T01:59:28.5160000+00:00</time>
      </trkpt>
      <trkpt lat="46.60828" lon="7.78977">
        <ele>1570.17</ele>
        <time>2026-05-04T01:59:41.2260000+00:00</time>
      </trkpt>
      <trkpt lat="46.60821" lon="7.78983">
        <ele>1567.3</ele>
        <time>2026-05-04T02:00:02.4990000+00:00</time>
      </trkpt>
      <trkpt lat="46.60818" lon="7.78986">
        <ele>1566.12</ele>
        <time>2026-05-04T02:00:12.0320000+00:00</time>
      </trkpt>
      <trkpt lat="46.60815" lon="7.78991">
        <ele>1565.39</ele>
        <time>2026-05-04T02:00:23.9760000+00:00</time>
      </trkpt>
      <trkpt lat="46.60812" lon="7.78997">
        <ele>1564.83</ele>
        <time>2026-05-04T02:00:37.3260000+00:00</time>
      </trkpt>
      <trkpt lat="46.6081" lon="7.79005">
        <ele>1565.36</ele>
        <time>2026-05-04T02:00:52.6400000+00:00</time>
      </trkpt>
      <trkpt lat="46.6081" lon="7.79006">
        <ele>1565.6</ele>
        <time>2026-05-04T02:00:54.4290000+00:00</time>
      </trkpt>
      <trkpt lat="46.60809" lon="7.79012">
        <ele>1566.3</ele>
        <time>2026-05-04T02:01:05.5360000+00:00</time>
      </trkpt>
      <trkpt lat="46.60809" lon="7.7902">
        <ele>1567.69</ele>
        <time>2026-05-04T02:01:19.9240000+00:00</time>
      </trkpt>
      <trkpt lat="46.6081" lon="7.79032">
        <ele>1568.87</ele>
        <time>2026-05-04T02:01:41.6690000+00:00</time>
      </trkpt>
      <trkpt lat="46.6081" lon="7.79042">
        <ele>1569.24</ele>
        <time>2026-05-04T02:01:59.6580000+00:00</time>
      </trkpt>
      <trkpt lat="46.60809" lon="7.79049">
        <ele>1568.79</ele>
        <time>2026-05-04T02:02:12.5180000+00:00</time>
      </trkpt>
      <trkpt lat="46.60807" lon="7.79055">
        <ele>1567.63</ele>
        <time>2026-05-04T02:02:24.5140000+00:00</time>
      </trkpt>
      <trkpt lat="46.60805" lon="7.79062">
        <ele>1566.54</ele>
        <time>2026-05-04T02:02:38.1540000+00:00</time>
      </trkpt>
      <trkpt lat="46.60802" lon="7.79072">
        <ele>1564.95</ele>
        <time>2026-05-04T02:02:57.7830000+00:00</time>
      </trkpt>
      <trkpt lat="46.60799" lon="7.79082">
        <ele>1563.43</ele>
        <time>2026-05-04T02:03:17.4120000+00:00</time>
      </trkpt>
      <trkpt lat="46.60797" lon="7.7909">
        <ele>1562.54</ele>
        <time>2026-05-04T02:03:32.7260000+00:00</time>
      </trkpt>
      <trkpt lat="46.60797" lon="7.79096">
        <ele>1562.86</ele>
        <time>2026-05-04T02:03:43.5220000+00:00</time>
      </trkpt>
      <trkpt lat="46.60797" lon="7.79103">
        <ele>1563.28</ele>
        <time>2026-05-04T02:03:56.1160000+00:00</time>
      </trkpt>
      <trkpt lat="46.60798" lon="7.79108">
        <ele>1564.27</ele>
        <time>2026-05-04T02:04:05.4840000+00:00</time>
      </trkpt>
      <trkpt lat="46.60799" lon="7.79116">
        <ele>1565.49</ele>
        <time>2026-05-04T02:04:20.1100000+00:00</time>
      </trkpt>
      <trkpt lat="46.60801" lon="7.79124">
        <ele>1567.34</ele>
        <time>2026-05-04T02:04:35.4250000+00:00</time>
      </trkpt>
      <trkpt lat="46.60802" lon="7.79133">
        <ele>1568.62</ele>
        <time>2026-05-04T02:04:51.8260000+00:00</time>
      </trkpt>
      <trkpt lat="46.60803" lon="7.79143">
        <ele>1569.98</ele>
        <time>2026-05-04T02:05:10.0050000+00:00</time>
      </trkpt>
      <trkpt lat="46.60803" lon="7.79161">
        <ele>1571.28</ele>
        <time>2026-05-04T02:05:42.3850000+00:00</time>
      </trkpt>
      <trkpt lat="46.60804" lon="7.79175">
        <ele>1572.92</ele>
        <time>2026-05-04T02:06:07.7050000+00:00</time>
      </trkpt>
      <trkpt lat="46.60805" lon="7.79193">
        <ele>1574.98</ele>
        <time>2026-05-04T02:06:40.1910000+00:00</time>
      </trkpt>
      <trkpt lat="46.60806" lon="7.79218">
        <ele>1577.72</ele>
        <time>2026-05-04T02:07:25.2410000+00:00</time>
      </trkpt>
      <trkpt lat="46.60807" lon="7.79234">
        <ele>1579.66</ele>
        <time>2026-05-04T02:07:54.1430000+00:00</time>
      </trkpt>
      <trkpt lat="46.60807" lon="7.79242">
        <ele>1580.32</ele>
        <time>2026-05-04T02:08:08.5350000+00:00</time>
      </trkpt>
      <trkpt lat="46.60807" lon="7.79248">
        <ele>1580.82</ele>
        <time>2026-05-04T02:08:19.3290000+00:00</time>
      </trkpt>
      <trkpt lat="46.60806" lon="7.79255">
        <ele>1580.84</ele>
        <time>2026-05-04T02:08:32.1910000+00:00</time>
      </trkpt>
      <trkpt lat="46.60804" lon="7.79263">
        <ele>1580.41</ele>
        <time>2026-05-04T02:08:47.5060000+00:00</time>
      </trkpt>
      <trkpt lat="46.60802" lon="7.7927">
        <ele>1579.89</ele>
        <time>2026-05-04T02:09:01.1450000+00:00</time>
      </trkpt>
      <trkpt lat="46.60798" lon="7.79279">
        <ele>1578.48</ele>
        <time>2026-05-04T02:09:20.4280000+00:00</time>
      </trkpt>
      <trkpt lat="46.60795" lon="7.79284">
        <ele>1577.37</ele>
        <time>2026-05-04T02:09:32.3690000+00:00</time>
      </trkpt>
      <trkpt lat="46.60792" lon="7.79287">
        <ele>1576.12</ele>
        <time>2026-05-04T02:09:41.8990000+00:00</time>
      </trkpt>
      <trkpt lat="46.6079" lon="7.79288">
        <ele>1575.2</ele>
        <time>2026-05-04T02:09:47.4390000+00:00</time>
      </trkpt>
      <trkpt lat="46.60783" lon="7.7929">
        <ele>1571.89</ele>
        <time>2026-05-04T02:10:06.1200000+00:00</time>
      </trkpt>
      <trkpt lat="46.6078" lon="7.7929">
        <ele>1571.25</ele>
        <time>2026-05-04T02:10:13.9740000+00:00</time>
      </trkpt>
      <trkpt lat="46.60778" lon="7.7929">
        <ele>1570.9</ele>
        <time>2026-05-04T02:10:19.2070000+00:00</time>
      </trkpt>
      <trkpt lat="46.60776" lon="7.79292">
        <ele>1570.79</ele>
        <time>2026-05-04T02:10:25.5630000+00:00</time>
      </trkpt>
      <trkpt lat="46.60774" lon="7.79295">
        <ele>1570.8</ele>
        <time>2026-05-04T02:10:33.0850000+00:00</time>
      </trkpt>
      <trkpt lat="46.60772" lon="7.79299">
        <ele>1570.93</ele>
        <time>2026-05-04T02:10:41.9850000+00:00</time>
      </trkpt>
      <trkpt lat="46.60772" lon="7.79305">
        <ele>1571.66</ele>
        <time>2026-05-04T02:10:52.7790000+00:00</time>
      </trkpt>
      <trkpt lat="46.60772" lon="7.79322">
        <ele>1573.73</ele>
        <time>2026-05-04T02:11:23.3620000+00:00</time>
      </trkpt>
      <trkpt lat="46.60771" lon="7.79352">
        <ele>1577.18</ele>
        <time>2026-05-04T02:12:17.3940000+00:00</time>
      </trkpt>
      <trkpt lat="46.6077" lon="7.79369">
        <ele>1578.66</ele>
        <time>2026-05-04T02:12:48.0880000+00:00</time>
      </trkpt>
      <trkpt lat="46.6077" lon="7.79377">
        <ele>1579.43</ele>
        <time>2026-05-04T02:13:02.4800000+00:00</time>
      </trkpt>
      <trkpt lat="46.60771" lon="7.79385">
        <ele>1580.34</ele>
        <time>2026-05-04T02:13:17.1100000+00:00</time>
      </trkpt>
      <trkpt lat="46.60772" lon="7.79392">
        <ele>1581.14</ele>
        <time>2026-05-04T02:13:29.9720000+00:00</time>
      </trkpt>
      <trkpt lat="46.60776" lon="7.79403">
        <ele>1582.64</ele>
        <time>2026-05-04T02:13:52.3630000+00:00</time>
      </trkpt>
      <trkpt lat="46.60779" lon="7.79411">
        <ele>1583.69</ele>
        <time>2026-05-04T02:14:08.7610000+00:00</time>
      </trkpt>
      <trkpt lat="46.60781" lon="7.79418">
        <ele>1584.5</ele>
        <time>2026-05-04T02:14:22.3990000+00:00</time>
      </trkpt>
      <trkpt lat="46.60782" lon="7.79425">
        <ele>1585.2</ele>
        <time>2026-05-04T02:14:35.2590000+00:00</time>
      </trkpt>
      <trkpt lat="46.60782" lon="7.79432">
        <ele>1585.79</ele>
        <time>2026-05-04T02:14:47.8530000+00:00</time>
      </trkpt>
      <trkpt lat="46.60782" lon="7.79441">
        <ele>1587.15</ele>
        <time>2026-05-04T02:15:04.0440000+00:00</time>
      </trkpt>
      <trkpt lat="46.60782" lon="7.79447">
        <ele>1588.16</ele>
        <time>2026-05-04T02:15:14.8410000+00:00</time>
      </trkpt>
      <trkpt lat="46.60784" lon="7.79453">
        <ele>1589.69</ele>
        <time>2026-05-04T02:15:26.8390000+00:00</time>
      </trkpt>
      <trkpt lat="46.60785" lon="7.79458">
        <ele>1590.91</ele>
        <time>2026-05-04T02:15:36.2070000+00:00</time>
      </trkpt>
      <trkpt lat="46.60788" lon="7.79465">
        <ele>1593.24</ele>
        <time>2026-05-04T02:15:51.0510000+00:00</time>
      </trkpt>
      <trkpt lat="46.60793" lon="7.79474">
        <ele>1596.82</ele>
        <time>2026-05-04T02:16:11.8740000+00:00</time>
      </trkpt>
      <trkpt lat="46.60796" lon="7.7948">
        <ele>1599.17</ele>
        <time>2026-05-04T02:16:25.2240000+00:00</time>
      </trkpt>
      <trkpt lat="46.608" lon="7.79477">
        <ele>1600.18</ele>
        <time>2026-05-04T02:16:37.0080000+00:00</time>
      </trkpt>
      <trkpt lat="46.60805" lon="7.79474">
        <ele>1601.54</ele>
        <time>2026-05-04T02:16:51.1690000+00:00</time>
      </trkpt>
      <trkpt lat="46.6081" lon="7.79469">
        <ele>1602.39</ele>
        <time>2026-05-04T02:17:07.0530000+00:00</time>
      </trkpt>
      <trkpt lat="46.60813" lon="7.7947">
        <ele>1603.77</ele>
        <time>2026-05-04T02:17:15.1080000+00:00</time>
      </trkpt>
      <trkpt lat="46.60814" lon="7.79476">
        <ele>1605.54</ele>
        <time>2026-05-04T02:17:26.2150000+00:00</time>
      </trkpt>
      <trkpt lat="46.60817" lon="7.79475">
        <ele>1606.5</ele>
        <time>2026-05-04T02:17:34.2700000+00:00</time>
      </trkpt>
      <trkpt lat="46.60819" lon="7.79476">
        <ele>1607.53</ele>
        <time>2026-05-04T02:17:39.8090000+00:00</time>
      </trkpt>
      <trkpt lat="46.60822" lon="7.79478">
        <ele>1609.22</ele>
        <time>2026-05-04T02:17:48.4540000+00:00</time>
      </trkpt>
      <trkpt lat="46.60824" lon="7.79483">
        <ele>1611.28</ele>
        <time>2026-05-04T02:17:58.8630000+00:00</time>
      </trkpt>
      <trkpt lat="46.60826" lon="7.79489">
        <ele>1613.64</ele>
        <time>2026-05-04T02:18:10.8590000+00:00</time>
      </trkpt>
      <trkpt lat="46.60828" lon="7.79499">
        <ele>1617.08</ele>
        <time>2026-05-04T02:18:29.5970000+00:00</time>
      </trkpt>
      <trkpt lat="46.60833" lon="7.79509">
        <ele>1622</ele>
        <time>2026-05-04T02:18:51.8460000+00:00</time>
      </trkpt>
      <trkpt lat="46.60837" lon="7.79508">
        <ele>1623.58</ele>
        <time>2026-05-04T02:19:02.4740000+00:00</time>
      </trkpt>
      <trkpt lat="46.60839" lon="7.79509">
        <ele>1624.78</ele>
        <time>2026-05-04T02:19:08.0140000+00:00</time>
      </trkpt>
      <trkpt lat="46.60847" lon="7.79512">
        <ele>1629.39</ele>
        <time>2026-05-04T02:19:29.6470000+00:00</time>
      </trkpt>
      <trkpt lat="46.60849" lon="7.79514">
        <ele>1630.93</ele>
        <time>2026-05-04T02:19:36.0020000+00:00</time>
      </trkpt>
      <trkpt lat="46.60849" lon="7.79516">
        <ele>1631.54</ele>
        <time>2026-05-04T02:19:39.5930000+00:00</time>
      </trkpt>
      <trkpt lat="46.60846" lon="7.79524">
        <ele>1631.48</ele>
        <time>2026-05-04T02:19:55.9890000+00:00</time>
      </trkpt>
      <trkpt lat="46.60846" lon="7.79536">
        <ele>1633.31</ele>
        <time>2026-05-04T02:20:17.5770000+00:00</time>
      </trkpt>
      <trkpt lat="46.60847" lon="7.79539">
        <ele>1634.24</ele>
        <time>2026-05-04T02:20:23.5760000+00:00</time>
      </trkpt>
      <trkpt lat="46.60844" lon="7.79541">
        <ele>1633.13</ele>
        <time>2026-05-04T02:20:32.2170000+00:00</time>
      </trkpt>
      <trkpt lat="46.60842" lon="7.79551">
        <ele>1633.74</ele>
        <time>2026-05-04T02:20:50.9540000+00:00</time>
      </trkpt>
      <trkpt lat="46.60845" lon="7.79553">
        <ele>1635.44</ele>
        <time>2026-05-04T02:20:59.5960000+00:00</time>
      </trkpt>
      <trkpt lat="46.60846" lon="7.79556">
        <ele>1636.37</ele>
        <time>2026-05-04T02:21:05.5950000+00:00</time>
      </trkpt>
      <trkpt lat="46.60848" lon="7.79561">
        <ele>1638.05</ele>
        <time>2026-05-04T02:21:16.0050000+00:00</time>
      </trkpt>
      <trkpt lat="46.60849" lon="7.79565">
        <ele>1639.12</ele>
        <time>2026-05-04T02:21:23.6580000+00:00</time>
      </trkpt>
      <trkpt lat="46.6085" lon="7.7957">
        <ele>1640.33</ele>
        <time>2026-05-04T02:21:33.0270000+00:00</time>
      </trkpt>
      <trkpt lat="46.60848" lon="7.79576">
        <ele>1640.33</ele>
        <time>2026-05-04T02:21:45.0250000+00:00</time>
      </trkpt>
      <trkpt lat="46.60848" lon="7.79581">
        <ele>1641.09</ele>
        <time>2026-05-04T02:21:54.0210000+00:00</time>
      </trkpt>
      <trkpt lat="46.60848" lon="7.7959">
        <ele>1642.46</ele>
        <time>2026-05-04T02:22:10.2110000+00:00</time>
      </trkpt>
      <trkpt lat="46.60849" lon="7.79597">
        <ele>1643.97</ele>
        <time>2026-05-04T02:22:23.0710000+00:00</time>
      </trkpt>
      <trkpt lat="46.6085" lon="7.79599">
        <ele>1644.71</ele>
        <time>2026-05-04T02:22:27.5200000+00:00</time>
      </trkpt>
      <trkpt lat="46.60854" lon="7.79595">
        <ele>1645.9</ele>
        <time>2026-05-04T02:22:40.2260000+00:00</time>
      </trkpt>
      <trkpt lat="46.60857" lon="7.79593">
        <ele>1646.94</ele>
        <time>2026-05-04T02:22:48.8650000+00:00</time>
      </trkpt>
      <trkpt lat="46.60858" lon="7.79599">
        <ele>1648.27</ele>
        <time>2026-05-04T02:22:59.9710000+00:00</time>
      </trkpt>
      <trkpt lat="46.6086" lon="7.79603">
        <ele>1649.78</ele>
        <time>2026-05-04T02:23:08.8690000+00:00</time>
      </trkpt>
      <trkpt lat="46.60862" lon="7.79604">
        <ele>1650.81</ele>
        <time>2026-05-04T02:23:14.4090000+00:00</time>
      </trkpt>
      <trkpt lat="46.60866" lon="7.79598">
        <ele>1651.68</ele>
        <time>2026-05-04T02:23:29.4500000+00:00</time>
      </trkpt>
      <trkpt lat="46.60869" lon="7.79596">
        <ele>1652.15</ele>
        <time>2026-05-04T02:23:38.0890000+00:00</time>
      </trkpt>
      <trkpt lat="46.60869" lon="7.79599">
        <ele>1652.6</ele>
        <time>2026-05-04T02:23:43.4820000+00:00</time>
      </trkpt>
      <trkpt lat="46.6087" lon="7.79607">
        <ele>1654.11</ele>
        <time>2026-05-04T02:23:58.1080000+00:00</time>
      </trkpt>
      <trkpt lat="46.6087" lon="7.79612">
        <ele>1654.88</ele>
        <time>2026-05-04T02:24:07.1010000+00:00</time>
      </trkpt>
      <trkpt lat="46.60872" lon="7.79618">
        <ele>1656.44</ele>
        <time>2026-05-04T02:24:19.0990000+00:00</time>
      </trkpt>
      <trkpt lat="46.60875" lon="7.79623">
        <ele>1658.22</ele>
        <time>2026-05-04T02:24:31.0430000+00:00</time>
      </trkpt>
      <trkpt lat="46.60878" lon="7.79628">
        <ele>1660.09</ele>
        <time>2026-05-04T02:24:42.9870000+00:00</time>
      </trkpt>
      <trkpt lat="46.60878" lon="7.79633">
        <ele>1660.97</ele>
        <time>2026-05-04T02:24:51.9800000+00:00</time>
      </trkpt>
      <trkpt lat="46.60878" lon="7.79641">
        <ele>1662.39</ele>
        <time>2026-05-04T02:25:06.3720000+00:00</time>
      </trkpt>
      <trkpt lat="46.6088" lon="7.79646">
        <ele>1664.05</ele>
        <time>2026-05-04T02:25:16.7790000+00:00</time>
      </trkpt>
      <trkpt lat="46.60879" lon="7.79654">
        <ele>1665.1</ele>
        <time>2026-05-04T02:25:31.4050000+00:00</time>
      </trkpt>
      <trkpt lat="46.60879" lon="7.7966">
        <ele>1666.18</ele>
        <time>2026-05-04T02:25:42.1970000+00:00</time>
      </trkpt>
      <trkpt lat="46.60881" lon="7.79657">
        <ele>1666.48</ele>
        <time>2026-05-04T02:25:49.7190000+00:00</time>
      </trkpt>
      <trkpt lat="46.60884" lon="7.79655">
        <ele>1667.35</ele>
        <time>2026-05-04T02:25:58.3600000+00:00</time>
      </trkpt>
      <trkpt lat="46.60884" lon="7.79659">
        <ele>1668.13</ele>
        <time>2026-05-04T02:26:05.5600000+00:00</time>
      </trkpt>
      <trkpt lat="46.60886" lon="7.79661">
        <ele>1669.38</ele>
        <time>2026-05-04T02:26:11.9150000+00:00</time>
      </trkpt>
      <trkpt lat="46.60889" lon="7.79659">
        <ele>1670.25</ele>
        <time>2026-05-04T02:26:20.5560000+00:00</time>
      </trkpt>
      <trkpt lat="46.60894" lon="7.79653">
        <ele>1671.05</ele>
        <time>2026-05-04T02:26:37.5240000+00:00</time>
      </trkpt>
      <trkpt lat="46.60899" lon="7.79644">
        <ele>1670.98</ele>
        <time>2026-05-04T02:26:58.3460000+00:00</time>
      </trkpt>
      <trkpt lat="46.60901" lon="7.79639">
        <ele>1670.55</ele>
        <time>2026-05-04T02:27:08.7560000+00:00</time>
      </trkpt>
      <trkpt lat="46.60905" lon="7.79637">
        <ele>1671.53</ele>
        <time>2026-05-04T02:27:19.8310000+00:00</time>
      </trkpt>
      <trkpt lat="46.60906" lon="7.79641">
        <ele>1672.91</ele>
        <time>2026-05-04T02:27:27.4850000+00:00</time>
      </trkpt>
      <trkpt lat="46.60922" lon="7.79648">
        <ele>1681</ele>
        <time>2026-05-04T02:28:11.2340000+00:00</time>
      </trkpt>
      <trkpt lat="46.60924" lon="7.7965">
        <ele>1682.4</ele>
        <time>2026-05-04T02:28:17.5810000+00:00</time>
      </trkpt>
      <trkpt lat="46.60926" lon="7.79657">
        <ele>1685.36</ele>
        <time>2026-05-04T02:28:31.2170000+00:00</time>
      </trkpt>
      <trkpt lat="46.60926" lon="7.79673">
        <ele>1690.3</ele>
        <time>2026-05-04T02:28:59.9990000+00:00</time>
      </trkpt>
      <trkpt lat="46.6093" lon="7.79675">
        <ele>1692.79</ele>
        <time>2026-05-04T02:29:11.0740000+00:00</time>
      </trkpt>
      <trkpt lat="46.60932" lon="7.7968">
        <ele>1695.36</ele>
        <time>2026-05-04T02:29:21.4840000+00:00</time>
      </trkpt>
      <trkpt lat="46.60936" lon="7.79679">
        <ele>1696.95</ele>
        <time>2026-05-04T02:29:32.1120000+00:00</time>
      </trkpt>
      <trkpt lat="46.60942" lon="7.79675">
        <ele>1698.42</ele>
        <time>2026-05-04T02:29:49.3920000+00:00</time>
      </trkpt>
      <trkpt lat="46.60947" lon="7.79674">
        <ele>1700.4</ele>
        <time>2026-05-04T02:30:02.6070000+00:00</time>
      </trkpt>
      <trkpt lat="46.60952" lon="7.79674">
        <ele>1702.65</ele>
        <time>2026-05-04T02:30:15.7010000+00:00</time>
      </trkpt>
      <trkpt lat="46.60956" lon="7.79672">
        <ele>1703.65</ele>
        <time>2026-05-04T02:30:26.7760000+00:00</time>
      </trkpt>
      <trkpt lat="46.60959" lon="7.7967">
        <ele>1704.21</ele>
        <time>2026-05-04T02:30:35.4180000+00:00</time>
      </trkpt>
      <trkpt lat="46.60963" lon="7.7967">
        <ele>1705.96</ele>
        <time>2026-05-04T02:30:45.8920000+00:00</time>
      </trkpt>
      <trkpt lat="46.60965" lon="7.79668">
        <ele>1706.07</ele>
        <time>2026-05-04T02:30:52.2470000+00:00</time>
      </trkpt>
      <trkpt lat="46.6097" lon="7.79664">
        <ele>1706.71</ele>
        <time>2026-05-04T02:31:07.1880000+00:00</time>
      </trkpt>
      <trkpt lat="46.60975" lon="7.79663">
        <ele>1708.49</ele>
        <time>2026-05-04T02:31:20.4030000+00:00</time>
      </trkpt>
      <trkpt lat="46.60979" lon="7.79663">
        <ele>1710.22</ele>
        <time>2026-05-04T02:31:30.8770000+00:00</time>
      </trkpt>
      <trkpt lat="46.60984" lon="7.79667">
        <ele>1713.95</ele>
        <time>2026-05-04T02:31:45.8180000+00:00</time>
      </trkpt>
      <trkpt lat="46.60989" lon="7.79676">
        <ele>1719.68</ele>
        <time>2026-05-04T02:32:06.6400000+00:00</time>
      </trkpt>
      <trkpt lat="46.60993" lon="7.79686">
        <ele>1725.21</ele>
        <time>2026-05-04T02:32:27.4560000+00:00</time>
      </trkpt>
      <trkpt lat="46.60996" lon="7.79692">
        <ele>1728.36</ele>
        <time>2026-05-04T02:32:40.8070000+00:00</time>
      </trkpt>
      <trkpt lat="46.60998" lon="7.79697">
        <ele>1730.71</ele>
        <time>2026-05-04T02:32:51.2140000+00:00</time>
      </trkpt>
      <trkpt lat="46.61003" lon="7.79702">
        <ele>1734.21</ele>
        <time>2026-05-04T02:33:07.0980000+00:00</time>
      </trkpt>
      <trkpt lat="46.61018" lon="7.79719">
        <ele>1744.48</ele>
        <time>2026-05-04T02:33:56.8780000+00:00</time>
      </trkpt>
      <trkpt lat="46.61025" lon="7.79726">
        <ele>1748.62</ele>
        <time>2026-05-04T02:34:19.1160000+00:00</time>
      </trkpt>
      <trkpt lat="46.61028" lon="7.79722">
        <ele>1748.74</ele>
        <time>2026-05-04T02:34:29.7700000+00:00</time>
      </trkpt>
      <trkpt lat="46.61031" lon="7.79717">
        <ele>1748.69</ele>
        <time>2026-05-04T02:34:41.7120000+00:00</time>
      </trkpt>
      <trkpt lat="46.61032" lon="7.79709">
        <ele>1747.31</ele>
        <time>2026-05-04T02:34:56.3380000+00:00</time>
      </trkpt>
      <trkpt lat="46.61034" lon="7.79699">
        <ele>1746.16</ele>
        <time>2026-05-04T02:35:15.0760000+00:00</time>
      </trkpt>
      <trkpt lat="46.61036" lon="7.79694">
        <ele>1746.18</ele>
        <time>2026-05-04T02:35:25.4830000+00:00</time>
      </trkpt>
      <trkpt lat="46.61037" lon="7.79689">
        <ele>1745.66</ele>
        <time>2026-05-04T02:35:34.8510000+00:00</time>
      </trkpt>
      <trkpt lat="46.61039" lon="7.79689">
        <ele>1746.76</ele>
        <time>2026-05-04T02:35:40.0900000+00:00</time>
      </trkpt>
      <trkpt lat="46.6104" lon="7.7969">
        <ele>1747.52</ele>
        <time>2026-05-04T02:35:43.2670000+00:00</time>
      </trkpt>
      <trkpt lat="46.61042" lon="7.79694">
        <ele>1749.47</ele>
        <time>2026-05-04T02:35:52.1710000+00:00</time>
      </trkpt>
      <trkpt lat="46.61043" lon="7.79699">
        <ele>1751.08</ele>
        <time>2026-05-04T02:36:01.5400000+00:00</time>
      </trkpt>
      <trkpt lat="46.61042" lon="7.79702">
        <ele>1751.17</ele>
        <time>2026-05-04T02:36:07.5390000+00:00</time>
      </trkpt>
      <trkpt lat="46.61043" lon="7.79706">
        <ele>1752.56</ele>
        <time>2026-05-04T02:36:15.1990000+00:00</time>
      </trkpt>
      <trkpt lat="46.61045" lon="7.79705">
        <ele>1753.43</ele>
        <time>2026-05-04T02:36:20.7340000+00:00</time>
      </trkpt>
      <trkpt lat="46.61046" lon="7.79703">
        <ele>1753.55</ele>
        <time>2026-05-04T02:36:25.1830000+00:00</time>
      </trkpt>
      <trkpt lat="46.61046" lon="7.79699">
        <ele>1752.71</ele>
        <time>2026-05-04T02:36:32.3790000+00:00</time>
      </trkpt>
      <trkpt lat="46.61049" lon="7.79696">
        <ele>1753.72</ele>
        <time>2026-05-04T02:36:41.9120000+00:00</time>
      </trkpt>
      <trkpt lat="46.61053" lon="7.79696">
        <ele>1755.91</ele>
        <time>2026-05-04T02:36:52.3860000+00:00</time>
      </trkpt>
      <trkpt lat="46.61054" lon="7.79697">
        <ele>1756.67</ele>
        <time>2026-05-04T02:36:55.5560000+00:00</time>
      </trkpt>
      <trkpt lat="46.61054" lon="7.79702">
        <ele>1757.7</ele>
        <time>2026-05-04T02:37:04.5510000+00:00</time>
      </trkpt>
      <trkpt lat="46.61054" lon="7.79706">
        <ele>1758.53</ele>
        <time>2026-05-04T02:37:11.7470000+00:00</time>
      </trkpt>
      <trkpt lat="46.61056" lon="7.79707">
        <ele>1759.82</ele>
        <time>2026-05-04T02:37:17.2870000+00:00</time>
      </trkpt>
      <trkpt lat="46.61059" lon="7.79705">
        <ele>1761.04</ele>
        <time>2026-05-04T02:37:25.9290000+00:00</time>
      </trkpt>
      <trkpt lat="46.6106" lon="7.79703">
        <ele>1761.17</ele>
        <time>2026-05-04T02:37:30.3780000+00:00</time>
      </trkpt>
      <trkpt lat="46.61063" lon="7.79702">
        <ele>1762.6</ele>
        <time>2026-05-04T02:37:38.4390000+00:00</time>
      </trkpt>
      <trkpt lat="46.61064" lon="7.79704">
        <ele>1763.55</ele>
        <time>2026-05-04T02:37:42.8880000+00:00</time>
      </trkpt>
      <trkpt lat="46.61065" lon="7.79707">
        <ele>1764.7</ele>
        <time>2026-05-04T02:37:48.8820000+00:00</time>
      </trkpt>
      <trkpt lat="46.61064" lon="7.7971">
        <ele>1764.77</ele>
        <time>2026-05-04T02:37:54.8770000+00:00</time>
      </trkpt>
      <trkpt lat="46.61063" lon="7.79713">
        <ele>1764.83</ele>
        <time>2026-05-04T02:38:00.8760000+00:00</time>
      </trkpt>
      <trkpt lat="46.61063" lon="7.79718">
        <ele>1765.85</ele>
        <time>2026-05-04T02:38:09.8720000+00:00</time>
      </trkpt>
      <trkpt lat="46.61064" lon="7.7972">
        <ele>1766.79</ele>
        <time>2026-05-04T02:38:14.3210000+00:00</time>
      </trkpt>
      <trkpt lat="46.61068" lon="7.79725">
        <ele>1769.94</ele>
        <time>2026-05-04T02:38:28.1260000+00:00</time>
      </trkpt>
      <trkpt lat="46.61072" lon="7.79728">
        <ele>1772.68</ele>
        <time>2026-05-04T02:38:39.9100000+00:00</time>
      </trkpt>
      <trkpt lat="46.61076" lon="7.79731">
        <ele>1775.4</ele>
        <time>2026-05-04T02:38:51.6930000+00:00</time>
      </trkpt>
      <trkpt lat="46.61078" lon="7.79738">
        <ele>1777.84</ele>
        <time>2026-05-04T02:39:05.3330000+00:00</time>
      </trkpt>
      <trkpt lat="46.61079" lon="7.79733">
        <ele>1777.39</ele>
        <time>2026-05-04T02:39:14.7020000+00:00</time>
      </trkpt>
      <trkpt lat="46.61081" lon="7.79725">
        <ele>1776.89</ele>
        <time>2026-05-04T02:39:30.0160000+00:00</time>
      </trkpt>
      <trkpt lat="46.61082" lon="7.7972">
        <ele>1776.45</ele>
        <time>2026-05-04T02:39:39.3820000+00:00</time>
      </trkpt>
      <trkpt lat="46.61084" lon="7.79722">
        <ele>1777.91</ele>
        <time>2026-05-04T02:39:45.7370000+00:00</time>
      </trkpt>
      <trkpt lat="46.61086" lon="7.7973">
        <ele>1780.53</ele>
        <time>2026-05-04T02:40:01.0520000+00:00</time>
      </trkpt>
      <trkpt lat="46.61088" lon="7.79742">
        <ele>1783.9</ele>
        <time>2026-05-04T02:40:23.2670000+00:00</time>
      </trkpt>
      <trkpt lat="46.6109" lon="7.79742">
        <ele>1784.95</ele>
        <time>2026-05-04T02:40:28.5100000+00:00</time>
      </trkpt>
      <trkpt lat="46.61091" lon="7.79738">
        <ele>1784.72</ele>
        <time>2026-05-04T02:40:36.1670000+00:00</time>
      </trkpt>
      <trkpt lat="46.61093" lon="7.7974">
        <ele>1786.15</ele>
        <time>2026-05-04T02:40:42.5220000+00:00</time>
      </trkpt>
      <trkpt lat="46.61093" lon="7.79744">
        <ele>1786.91</ele>
        <time>2026-05-04T02:40:49.7180000+00:00</time>
      </trkpt>
      <trkpt lat="46.61097" lon="7.79748">
        <ele>1789.77</ele>
        <time>2026-05-04T02:41:02.4280000+00:00</time>
      </trkpt>
      <trkpt lat="46.61095" lon="7.79753">
        <ele>1789.67</ele>
        <time>2026-05-04T02:41:12.8350000+00:00</time>
      </trkpt>
      <trkpt lat="46.61097" lon="7.79755">
        <ele>1791.09</ele>
        <time>2026-05-04T02:41:19.1900000+00:00</time>
      </trkpt>
      <trkpt lat="46.61099" lon="7.79758">
        <ele>1792.7</ele>
        <time>2026-05-04T02:41:26.7130000+00:00</time>
      </trkpt>
      <trkpt lat="46.61099" lon="7.79764">
        <ele>1793.82</ele>
        <time>2026-05-04T02:41:37.5070000+00:00</time>
      </trkpt>
      <trkpt lat="46.61102" lon="7.79768">
        <ele>1796.07</ele>
        <time>2026-05-04T02:41:48.1580000+00:00</time>
      </trkpt>
      <trkpt lat="46.61103" lon="7.79773">
        <ele>1797.29</ele>
        <time>2026-05-04T02:41:57.5240000+00:00</time>
      </trkpt>
      <trkpt lat="46.61109" lon="7.79778">
        <ele>1800.99</ele>
        <time>2026-05-04T02:42:15.6280000+00:00</time>
      </trkpt>
      <trkpt lat="46.61112" lon="7.79781">
        <ele>1802.86</ele>
        <time>2026-05-04T02:42:25.1600000+00:00</time>
      </trkpt>
      <trkpt lat="46.61114" lon="7.79783">
        <ele>1804.09</ele>
        <time>2026-05-04T02:42:31.5150000+00:00</time>
      </trkpt>
      <trkpt lat="46.61115" lon="7.79787">
        <ele>1805.06</ele>
        <time>2026-05-04T02:42:39.1760000+00:00</time>
      </trkpt>
      <trkpt lat="46.61117" lon="7.79795">
        <ele>1806.93</ele>
        <time>2026-05-04T02:42:54.4880000+00:00</time>
      </trkpt>
      <trkpt lat="46.6112" lon="7.79798">
        <ele>1808.57</ele>
        <time>2026-05-04T02:43:04.0160000+00:00</time>
      </trkpt>
      <trkpt lat="46.61122" lon="7.79801">
        <ele>1809.77</ele>
        <time>2026-05-04T02:43:11.5340000+00:00</time>
      </trkpt>
      <trkpt lat="46.61123" lon="7.79807">
        <ele>1810.88</ele>
        <time>2026-05-04T02:43:22.6410000+00:00</time>
      </trkpt>
      <trkpt lat="46.61125" lon="7.79809">
        <ele>1811.95</ele>
        <time>2026-05-04T02:43:28.9960000+00:00</time>
      </trkpt>
      <trkpt lat="46.61125" lon="7.79811">
        <ele>1812.17</ele>
        <time>2026-05-04T02:43:32.5870000+00:00</time>
      </trkpt>
      <trkpt lat="46.61124" lon="7.79815">
        <ele>1812.21</ele>
        <time>2026-05-04T02:43:40.2440000+00:00</time>
      </trkpt>
      <trkpt lat="46.61125" lon="7.79818">
        <ele>1812.96</ele>
        <time>2026-05-04T02:43:46.2430000+00:00</time>
      </trkpt>
      <trkpt lat="46.61126" lon="7.79822">
        <ele>1813.82</ele>
        <time>2026-05-04T02:43:53.8970000+00:00</time>
      </trkpt>
      <trkpt lat="46.61123" lon="7.79826">
        <ele>1813.05</ele>
        <time>2026-05-04T02:44:04.5510000+00:00</time>
      </trkpt>
      <trkpt lat="46.61123" lon="7.7983">
        <ele>1813.5</ele>
        <time>2026-05-04T02:44:11.7500000+00:00</time>
      </trkpt>
      <trkpt lat="46.61122" lon="7.79833">
        <ele>1813.44</ele>
        <time>2026-05-04T02:44:17.7490000+00:00</time>
      </trkpt>
      <trkpt lat="46.61128" lon="7.79832">
        <ele>1815.73</ele>
        <time>2026-05-04T02:44:33.5610000+00:00</time>
      </trkpt>
      <trkpt lat="46.6113" lon="7.79833">
        <ele>1816.64</ele>
        <time>2026-05-04T02:44:39.0970000+00:00</time>
      </trkpt>
      <trkpt lat="46.61131" lon="7.79836">
        <ele>1817.36</ele>
        <time>2026-05-04T02:44:45.0960000+00:00</time>
      </trkpt>
      <trkpt lat="46.61132" lon="7.79844">
        <ele>1818.6</ele>
        <time>2026-05-04T02:44:59.7220000+00:00</time>
      </trkpt>
      <trkpt lat="46.61134" lon="7.79847">
        <ele>1819.69</ele>
        <time>2026-05-04T02:45:07.2410000+00:00</time>
      </trkpt>
      <trkpt lat="46.61136" lon="7.79844">
        <ele>1820.16</ele>
        <time>2026-05-04T02:45:14.7630000+00:00</time>
      </trkpt>
      <trkpt lat="46.61137" lon="7.79841">
        <ele>1820.24</ele>
        <time>2026-05-04T02:45:20.7620000+00:00</time>
      </trkpt>
      <trkpt lat="46.61138" lon="7.79839">
        <ele>1820.43</ele>
        <time>2026-05-04T02:45:25.2050000+00:00</time>
      </trkpt>
      <trkpt lat="46.61141" lon="7.7984">
        <ele>1821.71</ele>
        <time>2026-05-04T02:45:33.2600000+00:00</time>
      </trkpt>
      <trkpt lat="46.61142" lon="7.79842">
        <ele>1822.3</ele>
        <time>2026-05-04T02:45:37.7090000+00:00</time>
      </trkpt>
      <trkpt lat="46.61143" lon="7.79853">
        <ele>1824.1</ele>
        <time>2026-05-04T02:45:57.6680000+00:00</time>
      </trkpt>
      <trkpt lat="46.61144" lon="7.79859">
        <ele>1825.77</ele>
        <time>2026-05-04T02:46:08.7740000+00:00</time>
      </trkpt>
      <trkpt lat="46.61147" lon="7.79862">
        <ele>1827.53</ele>
        <time>2026-05-04T02:46:18.3070000+00:00</time>
      </trkpt>
      <trkpt lat="46.61151" lon="7.79868">
        <ele>1830.24</ele>
        <time>2026-05-04T02:46:33.3460000+00:00</time>
      </trkpt>
      <trkpt lat="46.61152" lon="7.79864">
        <ele>1829.78</ele>
        <time>2026-05-04T02:46:41.0030000+00:00</time>
      </trkpt>
      <trkpt lat="46.61155" lon="7.79859">
        <ele>1829.88</ele>
        <time>2026-05-04T02:46:52.9450000+00:00</time>
      </trkpt>
      <trkpt lat="46.61159" lon="7.79856">
        <ele>1830.78</ele>
        <time>2026-05-04T02:47:04.7280000+00:00</time>
      </trkpt>
      <trkpt lat="46.61162" lon="7.79849">
        <ele>1830.69</ele>
        <time>2026-05-04T02:47:19.5700000+00:00</time>
      </trkpt>
      <trkpt lat="46.61166" lon="7.79843">
        <ele>1831.77</ele>
        <time>2026-05-04T02:47:34.6110000+00:00</time>
      </trkpt>
      <trkpt lat="46.6117" lon="7.79839">
        <ele>1833.04</ele>
        <time>2026-05-04T02:47:47.3190000+00:00</time>
      </trkpt>
      <trkpt lat="46.61174" lon="7.79837">
        <ele>1834.48</ele>
        <time>2026-05-04T02:47:58.3940000+00:00</time>
      </trkpt>
      <trkpt lat="46.6118" lon="7.79831">
        <ele>1836.46</ele>
        <time>2026-05-04T02:48:17.4550000+00:00</time>
      </trkpt>
      <trkpt lat="46.61184" lon="7.79827">
        <ele>1837.82</ele>
        <time>2026-05-04T02:48:30.1610000+00:00</time>
      </trkpt>
      <trkpt lat="46.61189" lon="7.7982">
        <ele>1839.45</ele>
        <time>2026-05-04T02:48:48.3270000+00:00</time>
      </trkpt>
      <trkpt lat="46.61193" lon="7.79812">
        <ele>1840.66</ele>
        <time>2026-05-04T02:49:06.1260000+00:00</time>
      </trkpt>
      <trkpt lat="46.61197" lon="7.79808">
        <ele>1842.13</ele>
        <time>2026-05-04T02:49:18.8320000+00:00</time>
      </trkpt>
      <trkpt lat="46.61201" lon="7.79808">
        <ele>1843.93</ele>
        <time>2026-05-04T02:49:29.3060000+00:00</time>
      </trkpt>
      <trkpt lat="46.61203" lon="7.79805">
        <ele>1844.76</ele>
        <time>2026-05-04T02:49:36.8280000+00:00</time>
      </trkpt>
      <trkpt lat="46.61205" lon="7.7981">
        <ele>1845.9</ele>
        <time>2026-05-04T02:49:47.2330000+00:00</time>
      </trkpt>
      <trkpt lat="46.61207" lon="7.79811">
        <ele>1846.88</ele>
        <time>2026-05-04T02:49:52.7640000+00:00</time>
      </trkpt>
      <trkpt lat="46.6121" lon="7.79814">
        <ele>1848.37</ele>
        <time>2026-05-04T02:50:02.2940000+00:00</time>
      </trkpt>
      <trkpt lat="46.61212" lon="7.79817">
        <ele>1849.37</ele>
        <time>2026-05-04T02:50:09.8160000+00:00</time>
      </trkpt>
      <trkpt lat="46.61215" lon="7.79821">
        <ele>1850.82</ele>
        <time>2026-05-04T02:50:20.4680000+00:00</time>
      </trkpt>
      <trkpt lat="46.61216" lon="7.79822">
        <ele>1851.28</ele>
        <time>2026-05-04T02:50:23.6290000+00:00</time>
      </trkpt>
      <trkpt lat="46.61218" lon="7.7983">
        <ele>1852.28</ele>
        <time>2026-05-04T02:50:38.9440000+00:00</time>
      </trkpt>
      <trkpt lat="46.61219" lon="7.79835">
        <ele>1852.77</ele>
        <time>2026-05-04T02:50:48.3120000+00:00</time>
      </trkpt>
      <trkpt lat="46.61221" lon="7.79842">
        <ele>1853.66</ele>
        <time>2026-05-04T02:51:01.9500000+00:00</time>
      </trkpt>
      <trkpt lat="46.61225" lon="7.79853">
        <ele>1855.58</ele>
        <time>2026-05-04T02:51:24.3380000+00:00</time>
      </trkpt>
      <trkpt lat="46.61228" lon="7.79858">
        <ele>1857.2</ele>
        <time>2026-05-04T02:51:36.2820000+00:00</time>
      </trkpt>
      <trkpt lat="46.6123" lon="7.79866">
        <ele>1858.65</ele>
        <time>2026-05-04T02:51:51.5960000+00:00</time>
      </trkpt>
      <trkpt lat="46.6123" lon="7.79873">
        <ele>1859.25</ele>
        <time>2026-05-04T02:52:04.1870000+00:00</time>
      </trkpt>
      <trkpt lat="46.61232" lon="7.79876">
        <ele>1860.21</ele>
        <time>2026-05-04T02:52:11.7090000+00:00</time>
      </trkpt>
      <trkpt lat="46.61233" lon="7.79884">
        <ele>1861.2</ele>
        <time>2026-05-04T02:52:26.3360000+00:00</time>
      </trkpt>
      <trkpt lat="46.61234" lon="7.79892">
        <ele>1862.16</ele>
        <time>2026-05-04T02:52:40.9620000+00:00</time>
      </trkpt>
      <trkpt lat="46.61237" lon="7.79902">
        <ele>1863.84</ele>
        <time>2026-05-04T02:53:00.5900000+00:00</time>
      </trkpt>
      <trkpt lat="46.61238" lon="7.7991">
        <ele>1864.71</ele>
        <time>2026-05-04T02:53:15.2170000+00:00</time>
      </trkpt>
      <trkpt lat="46.61243" lon="7.79922">
        <ele>1866.87</ele>
        <time>2026-05-04T02:53:40.4630000+00:00</time>
      </trkpt>
      <trkpt lat="46.61248" lon="7.79929">
        <ele>1868.54</ele>
        <time>2026-05-04T02:53:58.6290000+00:00</time>
      </trkpt>
      <trkpt lat="46.61256" lon="7.79939">
        <ele>1871.65</ele>
        <time>2026-05-04T02:54:26.2400000+00:00</time>
      </trkpt>
      <trkpt lat="46.61264" lon="7.79946">
        <ele>1874.39</ele>
        <time>2026-05-04T02:54:50.6820000+00:00</time>
      </trkpt>
      <trkpt lat="46.61271" lon="7.79953">
        <ele>1876.54</ele>
        <time>2026-05-04T02:55:12.9200000+00:00</time>
      </trkpt>
      <trkpt lat="46.61281" lon="7.79956">
        <ele>1878.43</ele>
        <time>2026-05-04T02:55:39.6560000+00:00</time>
      </trkpt>
      <trkpt lat="46.61284" lon="7.79959">
        <ele>1878.4</ele>
        <time>2026-05-04T02:55:49.1830000+00:00</time>
      </trkpt>
      <trkpt lat="46.61289" lon="7.79961">
        <ele>1877.21</ele>
        <time>2026-05-04T02:56:02.7600000+00:00</time>
      </trkpt>
      <trkpt lat="46.61295" lon="7.79964">
        <ele>1875.72</ele>
        <time>2026-05-04T02:56:19.3740000+00:00</time>
      </trkpt>
      <trkpt lat="46.61298" lon="7.79971">
        <ele>1875.02</ele>
        <time>2026-05-04T02:56:34.2140000+00:00</time>
      </trkpt>
      <trkpt lat="46.613" lon="7.79975">
        <ele>1874.46</ele>
        <time>2026-05-04T02:56:43.1120000+00:00</time>
      </trkpt>
      <trkpt lat="46.61304" lon="7.79978">
        <ele>1873.2</ele>
        <time>2026-05-04T02:56:54.8950000+00:00</time>
      </trkpt>
      <trkpt lat="46.61312" lon="7.79983">
        <ele>1870.47</ele>
        <time>2026-05-04T02:57:17.6940000+00:00</time>
      </trkpt>
      <trkpt lat="46.61316" lon="7.79985">
        <ele>1869.02</ele>
        <time>2026-05-04T02:57:28.7690000+00:00</time>
      </trkpt>
      <trkpt lat="46.6132" lon="7.79983">
        <ele>1867.75</ele>
        <time>2026-05-04T02:57:39.8440000+00:00</time>
      </trkpt>
      <trkpt lat="46.61324" lon="7.79982">
        <ele>1866.46</ele>
        <time>2026-05-04T02:57:50.4700000+00:00</time>
      </trkpt>
      <trkpt lat="46.61326" lon="7.79982">
        <ele>1865.79</ele>
        <time>2026-05-04T02:57:55.7040000+00:00</time>
      </trkpt>
      <trkpt lat="46.6133" lon="7.7998">
        <ele>1864.63</ele>
        <time>2026-05-04T02:58:06.7770000+00:00</time>
      </trkpt>
      <trkpt lat="46.61331" lon="7.79982">
        <ele>1864.11</ele>
        <time>2026-05-04T02:58:11.2310000+00:00</time>
      </trkpt>
      <trkpt lat="46.6133" lon="7.79984">
        <ele>1864.26</ele>
        <time>2026-05-04T02:58:15.6860000+00:00</time>
      </trkpt>
      <trkpt lat="46.6133" lon="7.79988">
        <ele>1863.88</ele>
        <time>2026-05-04T02:58:22.8780000+00:00</time>
      </trkpt>
      <trkpt lat="46.61332" lon="7.79993">
        <ele>1862.67</ele>
        <time>2026-05-04T02:58:33.2830000+00:00</time>
      </trkpt>
      <trkpt lat="46.61334" lon="7.79989">
        <ele>1862.35</ele>
        <time>2026-05-04T02:58:42.1810000+00:00</time>
      </trkpt>
      <trkpt lat="46.61337" lon="7.79988">
        <ele>1861.38</ele>
        <time>2026-05-04T02:58:50.2420000+00:00</time>
      </trkpt>
      <trkpt lat="46.61341" lon="7.79992">
        <ele>1859.43</ele>
        <time>2026-05-04T02:59:02.9500000+00:00</time>
      </trkpt>
      <trkpt lat="46.61343" lon="7.79994">
        <ele>1858.41</ele>
        <time>2026-05-04T02:59:09.3050000+00:00</time>
      </trkpt>
      <trkpt lat="46.61345" lon="7.8">
        <ele>1856.79</ele>
        <time>2026-05-04T02:59:21.3030000+00:00</time>
      </trkpt>
      <trkpt lat="46.61345" lon="7.79996">
        <ele>1857.37</ele>
        <time>2026-05-04T02:59:28.4990000+00:00</time>
      </trkpt>
      <trkpt lat="46.61346" lon="7.79992">
        <ele>1857.58</ele>
        <time>2026-05-04T02:59:36.1600000+00:00</time>
      </trkpt>
      <trkpt lat="46.61348" lon="7.79988">
        <ele>1857.46</ele>
        <time>2026-05-04T02:59:45.0600000+00:00</time>
      </trkpt>
      <trkpt lat="46.61351" lon="7.79982">
        <ele>1857.38</ele>
        <time>2026-05-04T02:59:58.4110000+00:00</time>
      </trkpt>
      <trkpt lat="46.61352" lon="7.79975">
        <ele>1858.23</ele>
        <time>2026-05-04T03:00:11.2740000+00:00</time>
      </trkpt>
      <trkpt lat="46.61358" lon="7.79972">
        <ele>1856.93</ele>
        <time>2026-05-04T03:00:27.8850000+00:00</time>
      </trkpt>
      <trkpt lat="46.61362" lon="7.79967">
        <ele>1856.74</ele>
        <time>2026-05-04T03:00:41.6930000+00:00</time>
      </trkpt>
      <trkpt lat="46.61366" lon="7.7996">
        <ele>1857.13</ele>
        <time>2026-05-04T03:00:58.0730000+00:00</time>
      </trkpt>
      <trkpt lat="46.6137" lon="7.79956">
        <ele>1857.05</ele>
        <time>2026-05-04T03:01:10.7810000+00:00</time>
      </trkpt>
      <trkpt lat="46.61372" lon="7.79953">
        <ele>1857.26</ele>
        <time>2026-05-04T03:01:18.3000000+00:00</time>
      </trkpt>
      <trkpt lat="46.61378" lon="7.79948">
        <ele>1857.08</ele>
        <time>2026-05-04T03:01:36.4030000+00:00</time>
      </trkpt>
      <trkpt lat="46.61378" lon="7.79941">
        <ele>1858.77</ele>
        <time>2026-05-04T03:01:48.9950000+00:00</time>
      </trkpt>
      <trkpt lat="46.61379" lon="7.79933">
        <ele>1860.59</ele>
        <time>2026-05-04T03:02:03.6210000+00:00</time>
      </trkpt>
      <trkpt lat="46.61377" lon="7.79931">
        <ele>1861.91</ele>
        <time>2026-05-04T03:02:09.9760000+00:00</time>
      </trkpt>
      <trkpt lat="46.61376" lon="7.79926">
        <ele>1864.43</ele>
        <time>2026-05-04T03:02:19.3450000+00:00</time>
      </trkpt>
      <trkpt lat="46.61378" lon="7.79926">
        <ele>1864.07</ele>
        <time>2026-05-04T03:02:24.5780000+00:00</time>
      </trkpt>
      <trkpt lat="46.6138" lon="7.79924">
        <ele>1864.67</ele>
        <time>2026-05-04T03:02:30.9330000+00:00</time>
      </trkpt>
      <trkpt lat="46.6138" lon="7.79923">
        <ele>1865.14</ele>
        <time>2026-05-04T03:02:32.7220000+00:00</time>
      </trkpt>
      <trkpt lat="46.61378" lon="7.7992">
        <ele>1866.89</ele>
        <time>2026-05-04T03:02:40.2440000+00:00</time>
      </trkpt>
      <trkpt lat="46.61377" lon="7.79917">
        <ele>1868.46</ele>
        <time>2026-05-04T03:02:46.2430000+00:00</time>
      </trkpt>
      <trkpt lat="46.61379" lon="7.79916">
        <ele>1868.61</ele>
        <time>2026-05-04T03:02:51.7830000+00:00</time>
      </trkpt>
      <trkpt lat="46.61379" lon="7.79909">
        <ele>1871.91</ele>
        <time>2026-05-04T03:03:04.3780000+00:00</time>
      </trkpt>
      <trkpt lat="46.61381" lon="7.79906">
        <ele>1873.05</ele>
        <time>2026-05-04T03:03:11.9000000+00:00</time>
      </trkpt>
      <trkpt lat="46.61384" lon="7.79901">
        <ele>1875.05</ele>
        <time>2026-05-04T03:03:23.8440000+00:00</time>
      </trkpt>
      <trkpt lat="46.61386" lon="7.79896">
        <ele>1877.23</ele>
        <time>2026-05-04T03:03:34.2510000+00:00</time>
      </trkpt>
      <trkpt lat="46.61389" lon="7.79888">
        <ele>1880.81</ele>
        <time>2026-05-04T03:03:50.6470000+00:00</time>
      </trkpt>
      <trkpt lat="46.6139" lon="7.79877">
        <ele>1886.14</ele>
        <time>2026-05-04T03:04:10.6060000+00:00</time>
      </trkpt>
      <trkpt lat="46.6139" lon="7.79871">
        <ele>1889.1</ele>
        <time>2026-05-04T03:04:21.4000000+00:00</time>
      </trkpt>
      <trkpt lat="46.61391" lon="7.79867">
        <ele>1891.02</ele>
        <time>2026-05-04T03:04:29.0540000+00:00</time>
      </trkpt>
      <trkpt lat="46.6139" lon="7.79865">
        <ele>1892.07</ele>
        <time>2026-05-04T03:04:33.5030000+00:00</time>
      </trkpt>
      <trkpt lat="46.6139" lon="7.79863">
        <ele>1893.05</ele>
        <time>2026-05-04T03:04:37.1070000+00:00</time>
      </trkpt>
      <trkpt lat="46.61392" lon="7.79861">
        <ele>1893.95</ele>
        <time>2026-05-04T03:04:43.4620000+00:00</time>
      </trkpt>
      <trkpt lat="46.61393" lon="7.79855">
        <ele>1896.9</ele>
        <time>2026-05-04T03:04:54.5690000+00:00</time>
      </trkpt>
      <trkpt lat="46.61391" lon="7.79851">
        <ele>1898.95</ele>
        <time>2026-05-04T03:05:03.4670000+00:00</time>
      </trkpt>
      <trkpt lat="46.61393" lon="7.79851">
        <ele>1898.9</ele>
        <time>2026-05-04T03:05:08.7010000+00:00</time>
      </trkpt>
      <trkpt lat="46.61393" lon="7.79846">
        <ele>1900.92</ele>
        <time>2026-05-04T03:05:17.6990000+00:00</time>
      </trkpt>
      <trkpt lat="46.61393" lon="7.79844">
        <ele>1901.69</ele>
        <time>2026-05-04T03:05:21.3040000+00:00</time>
      </trkpt>
      <trkpt lat="46.61395" lon="7.79842">
        <ele>1902.42</ele>
        <time>2026-05-04T03:05:27.6590000+00:00</time>
      </trkpt>
      <trkpt lat="46.614" lon="7.79833">
        <ele>1905.8</ele>
        <time>2026-05-04T03:05:48.4800000+00:00</time>
      </trkpt>
      <trkpt lat="46.61404" lon="7.79824">
        <ele>1909.24</ele>
        <time>2026-05-04T03:06:07.7610000+00:00</time>
      </trkpt>
      <trkpt lat="46.61403" lon="7.79819">
        <ele>1911.19</ele>
        <time>2026-05-04T03:06:17.1270000+00:00</time>
      </trkpt>
      <trkpt lat="46.61405" lon="7.7982">
        <ele>1910.78</ele>
        <time>2026-05-04T03:06:22.6630000+00:00</time>
      </trkpt>
      <trkpt lat="46.61405" lon="7.79812">
        <ele>1913.9</ele>
        <time>2026-05-04T03:06:37.0510000+00:00</time>
      </trkpt>
      <trkpt lat="46.61408" lon="7.79803">
        <ele>1917.39</ele>
        <time>2026-05-04T03:06:55.0450000+00:00</time>
      </trkpt>
      <trkpt lat="46.61412" lon="7.79796">
        <ele>1920.12</ele>
        <time>2026-05-04T03:07:11.4230000+00:00</time>
      </trkpt>
      <trkpt lat="46.61415" lon="7.7979">
        <ele>1922.48</ele>
        <time>2026-05-04T03:07:24.7730000+00:00</time>
      </trkpt>
      <trkpt lat="46.61418" lon="7.79785">
        <ele>1924.46</ele>
        <time>2026-05-04T03:07:36.7170000+00:00</time>
      </trkpt>
      <trkpt lat="46.61422" lon="7.79776">
        <ele>1928.05</ele>
        <time>2026-05-04T03:07:55.9980000+00:00</time>
      </trkpt>
      <trkpt lat="46.61425" lon="7.79769">
        <ele>1930.86</ele>
        <time>2026-05-04T03:08:10.8380000+00:00</time>
      </trkpt>
      <trkpt lat="46.61425" lon="7.79763">
        <ele>1932.77</ele>
        <time>2026-05-04T03:08:21.6320000+00:00</time>
      </trkpt>
      <trkpt lat="46.61425" lon="7.79761">
        <ele>1933.31</ele>
        <time>2026-05-04T03:08:25.2370000+00:00</time>
      </trkpt>
      <trkpt lat="46.61427" lon="7.79757">
        <ele>1934.43</ele>
        <time>2026-05-04T03:08:34.1350000+00:00</time>
      </trkpt>
      <trkpt lat="46.61429" lon="7.79753">
        <ele>1935.55</ele>
        <time>2026-05-04T03:08:43.0330000+00:00</time>
      </trkpt>
      <trkpt lat="46.61432" lon="7.79744">
        <ele>1938.06</ele>
        <time>2026-05-04T03:09:01.0270000+00:00</time>
      </trkpt>
      <trkpt lat="46.61435" lon="7.79734">
        <ele>1940.85</ele>
        <time>2026-05-04T03:09:20.6540000+00:00</time>
      </trkpt>
      <trkpt lat="46.6144" lon="7.79726">
        <ele>1943.13</ele>
        <time>2026-05-04T03:09:40.1090000+00:00</time>
      </trkpt>
      <trkpt lat="46.61446" lon="7.79716">
        <ele>1946</ele>
        <time>2026-05-04T03:10:03.9920000+00:00</time>
      </trkpt>
      <trkpt lat="46.61448" lon="7.79714">
        <ele>1946.59</ele>
        <time>2026-05-04T03:10:10.3470000+00:00</time>
      </trkpt>
      <trkpt lat="46.6145" lon="7.79712">
        <ele>1946.76</ele>
        <time>2026-05-04T03:10:16.7020000+00:00</time>
      </trkpt>
      <trkpt lat="46.61451" lon="7.79708">
        <ele>1947.55</ele>
        <time>2026-05-04T03:10:24.3560000+00:00</time>
      </trkpt>
      <trkpt lat="46.61451" lon="7.79702">
        <ele>1949.23</ele>
        <time>2026-05-04T03:10:35.1480000+00:00</time>
      </trkpt>
      <trkpt lat="46.61452" lon="7.79699">
        <ele>1949.76</ele>
        <time>2026-05-04T03:10:41.1470000+00:00</time>
      </trkpt>
      <trkpt lat="46.61453" lon="7.79695">
        <ele>1950.58</ele>
        <time>2026-05-04T03:10:48.8000000+00:00</time>
      </trkpt>
      <trkpt lat="46.61458" lon="7.79689">
        <ele>1950.79</ele>
        <time>2026-05-04T03:11:05.7680000+00:00</time>
      </trkpt>
      <trkpt lat="46.61462" lon="7.79684">
        <ele>1951.07</ele>
        <time>2026-05-04T03:11:19.5750000+00:00</time>
      </trkpt>
      <trkpt lat="46.61464" lon="7.79679">
        <ele>1952.83</ele>
        <time>2026-05-04T03:11:29.9850000+00:00</time>
      </trkpt>
      <trkpt lat="46.61468" lon="7.79673">
        <ele>1954.55</ele>
        <time>2026-05-04T03:11:45.0260000+00:00</time>
      </trkpt>
      <trkpt lat="46.61475" lon="7.79661">
        <ele>1958.3</ele>
        <time>2026-05-04T03:12:13.3430000+00:00</time>
      </trkpt>
      <trkpt lat="46.61476" lon="7.79658">
        <ele>1959.45</ele>
        <time>2026-05-04T03:12:19.3420000+00:00</time>
      </trkpt>
      <trkpt lat="46.61477" lon="7.79653">
        <ele>1961.57</ele>
        <time>2026-05-04T03:12:28.7110000+00:00</time>
      </trkpt>
      <trkpt lat="46.61481" lon="7.79647">
        <ele>1963.3</ele>
        <time>2026-05-04T03:12:43.7510000+00:00</time>
      </trkpt>
      <trkpt lat="46.61485" lon="7.79644">
        <ele>1963.59</ele>
        <time>2026-05-04T03:12:55.5350000+00:00</time>
      </trkpt>
      <trkpt lat="46.6149" lon="7.79643">
        <ele>1962.63</ele>
        <time>2026-05-04T03:13:08.7500000+00:00</time>
      </trkpt>
      <trkpt lat="46.61496" lon="7.7964">
        <ele>1962.34</ele>
        <time>2026-05-04T03:13:25.3620000+00:00</time>
      </trkpt>
      <trkpt lat="46.61502" lon="7.7964">
        <ele>1960.61</ele>
        <time>2026-05-04T03:13:41.0730000+00:00</time>
      </trkpt>
      <trkpt lat="46.61511" lon="7.79633">
        <ele>1961.38</ele>
        <time>2026-05-04T03:14:07.7930000+00:00</time>
      </trkpt>
      <trkpt lat="46.61515" lon="7.79628">
        <ele>1962.63</ele>
        <time>2026-05-04T03:14:21.5960000+00:00</time>
      </trkpt>
      <trkpt lat="46.61515" lon="7.79621">
        <ele>1965.99</ele>
        <time>2026-05-04T03:14:34.1860000+00:00</time>
      </trkpt>
      <trkpt lat="46.61514" lon="7.79618">
        <ele>1967.72</ele>
        <time>2026-05-04T03:14:40.1850000+00:00</time>
      </trkpt>
      <trkpt lat="46.61515" lon="7.79606">
        <ele>1973.19</ele>
        <time>2026-05-04T03:15:01.9270000+00:00</time>
      </trkpt>
      <trkpt lat="46.61518" lon="7.79597">
        <ele>1976.93</ele>
        <time>2026-05-04T03:15:19.9210000+00:00</time>
      </trkpt>
      <trkpt lat="46.61521" lon="7.7959">
        <ele>1980.15</ele>
        <time>2026-05-04T03:15:34.7610000+00:00</time>
      </trkpt>
      <trkpt lat="46.61522" lon="7.79584">
        <ele>1983.39</ele>
        <time>2026-05-04T03:15:45.8680000+00:00</time>
      </trkpt>
      <trkpt lat="46.61522" lon="7.79578">
        <ele>1986.87</ele>
        <time>2026-05-04T03:15:56.6600000+00:00</time>
      </trkpt>
      <trkpt lat="46.61523" lon="7.79567">
        <ele>1993.12</ele>
        <time>2026-05-04T03:16:16.6180000+00:00</time>
      </trkpt>
      <trkpt lat="46.61524" lon="7.79561">
        <ele>1996.52</ele>
        <time>2026-05-04T03:16:27.7240000+00:00</time>
      </trkpt>
      <trkpt lat="46.61523" lon="7.79556">
        <ele>1999.56</ele>
        <time>2026-05-04T03:16:37.0930000+00:00</time>
      </trkpt>
      <trkpt lat="46.61521" lon="7.79551">
        <ele>2002.64</ele>
        <time>2026-05-04T03:16:47.5000000+00:00</time>
      </trkpt>
      <trkpt lat="46.6152" lon="7.79549">
        <ele>2003.86</ele>
        <time>2026-05-04T03:16:51.9490000+00:00</time>
      </trkpt>
      <trkpt lat="46.61518" lon="7.79541">
        <ele>2008.5</ele>
        <time>2026-05-04T03:17:07.2620000+00:00</time>
      </trkpt>
      <trkpt lat="46.61517" lon="7.79539">
        <ele>2009.65</ele>
        <time>2026-05-04T03:17:11.7110000+00:00</time>
      </trkpt>
      <trkpt lat="46.61516" lon="7.79536">
        <ele>2011.34</ele>
        <time>2026-05-04T03:17:17.7060000+00:00</time>
      </trkpt>
      <trkpt lat="46.61513" lon="7.79533">
        <ele>2012.99</ele>
        <time>2026-05-04T03:17:27.2330000+00:00</time>
      </trkpt>
      <trkpt lat="46.61513" lon="7.79531">
        <ele>2014.08</ele>
        <time>2026-05-04T03:17:30.8240000+00:00</time>
      </trkpt>
      <trkpt lat="46.61512" lon="7.79528">
        <ele>2015.68</ele>
        <time>2026-05-04T03:17:36.8230000+00:00</time>
      </trkpt>
      <trkpt lat="46.6151" lon="7.79524">
        <ele>2017.74</ele>
        <time>2026-05-04T03:17:45.7210000+00:00</time>
      </trkpt>
      <trkpt lat="46.6151" lon="7.7952">
        <ele>2019.86</ele>
        <time>2026-05-04T03:17:52.9130000+00:00</time>
      </trkpt>
      <trkpt lat="46.61512" lon="7.7952">
        <ele>2019.98</ele>
        <time>2026-05-04T03:17:58.1470000+00:00</time>
      </trkpt>
      <trkpt lat="46.61514" lon="7.79518">
        <ele>2021.19</ele>
        <time>2026-05-04T03:18:04.5020000+00:00</time>
      </trkpt>
      <trkpt lat="46.61516" lon="7.79519">
        <ele>2020.77</ele>
        <time>2026-05-04T03:18:10.0370000+00:00</time>
      </trkpt>
      <trkpt lat="46.61518" lon="7.7952">
        <ele>2020.33</ele>
        <time>2026-05-04T03:18:15.5730000+00:00</time>
      </trkpt>
      <trkpt lat="46.61521" lon="7.79521">
        <ele>2019.94</ele>
        <time>2026-05-04T03:18:23.6300000+00:00</time>
      </trkpt>
      <trkpt lat="46.61524" lon="7.79522">
        <ele>2019.51</ele>
        <time>2026-05-04T03:18:31.6910000+00:00</time>
      </trkpt>
      <trkpt lat="46.61525" lon="7.79519">
        <ele>2021.34</ele>
        <time>2026-05-04T03:18:37.6820000+00:00</time>
      </trkpt>
      <trkpt lat="46.61528" lon="7.79518">
        <ele>2022.14</ele>
        <time>2026-05-04T03:18:45.7370000+00:00</time>
      </trkpt>
      <trkpt lat="46.61532" lon="7.79507">
        <ele>2026.02</ele>
        <time>2026-05-04T03:19:08.1230000+00:00</time>
      </trkpt>
      <trkpt lat="46.61536" lon="7.79502">
        <ele>2026.93</ele>
        <time>2026-05-04T03:19:21.9280000+00:00</time>
      </trkpt>
      <trkpt lat="46.61538" lon="7.79498">
        <ele>2027.89</ele>
        <time>2026-05-04T03:19:30.8260000+00:00</time>
      </trkpt>
      <trkpt lat="46.61539" lon="7.79494">
        <ele>2029.03</ele>
        <time>2026-05-04T03:19:38.4800000+00:00</time>
      </trkpt>
      <trkpt lat="46.61543" lon="7.79495">
        <ele>2028.19</ele>
        <time>2026-05-04T03:19:49.1080000+00:00</time>
      </trkpt>
      <trkpt lat="46.61548" lon="7.79498">
        <ele>2026.5</ele>
        <time>2026-05-04T03:20:03.2690000+00:00</time>
      </trkpt>
      <trkpt lat="46.6156" lon="7.79501">
        <ele>2023.69</ele>
        <time>2026-05-04T03:20:35.1520000+00:00</time>
      </trkpt>
      <trkpt lat="46.61574" lon="7.79504">
        <ele>2020.37</ele>
        <time>2026-05-04T03:21:12.2080000+00:00</time>
      </trkpt>
      <trkpt lat="46.61586" lon="7.79505">
        <ele>2018.04</ele>
        <time>2026-05-04T03:21:43.6820000+00:00</time>
      </trkpt>
      <trkpt lat="46.61599" lon="7.79506">
        <ele>2015.49</ele>
        <time>2026-05-04T03:22:17.7710000+00:00</time>
      </trkpt>
      <trkpt lat="46.61609" lon="7.79506">
        <ele>2013.87</ele>
        <time>2026-05-04T03:22:43.9570000+00:00</time>
      </trkpt>
      <trkpt lat="46.61619" lon="7.79507">
        <ele>2012.96</ele>
        <time>2026-05-04T03:23:10.2050000+00:00</time>
      </trkpt>
      <trkpt lat="46.61626" lon="7.79509">
        <ele>2013.1</ele>
        <time>2026-05-04T03:23:28.8850000+00:00</time>
      </trkpt>
      <trkpt lat="46.61632" lon="7.79511">
        <ele>2013.06</ele>
        <time>2026-05-04T03:23:45.0030000+00:00</time>
      </trkpt>
      <trkpt lat="46.616459999999996" lon="7.79512">
        <ele>2014.9</ele>
        <time>2026-05-04T03:24:21.7080000+00:00</time>
      </trkpt>
      <trkpt lat="46.61657" lon="7.79514">
        <ele>2015.69</ele>
        <time>2026-05-04T03:24:50.7360000+00:00</time>
      </trkpt>
      <trkpt lat="46.61662" lon="7.79515">
        <ele>2015.98</ele>
        <time>2026-05-04T03:25:03.9530000+00:00</time>
      </trkpt>
      <trkpt lat="46.61669" lon="7.79519">
        <ele>2014.47</ele>
        <time>2026-05-04T03:25:23.6450000+00:00</time>
      </trkpt>
      <trkpt lat="46.61673" lon="7.79522">
        <ele>2012.64</ele>
        <time>2026-05-04T03:25:35.4290000+00:00</time>
      </trkpt>
      <trkpt lat="46.61678" lon="7.79523">
        <ele>2012.51</ele>
        <time>2026-05-04T03:25:48.6440000+00:00</time>
      </trkpt>
      <trkpt lat="46.61684" lon="7.79522">
        <ele>2014.22</ele>
        <time>2026-05-04T03:26:04.4560000+00:00</time>
      </trkpt>
      <trkpt lat="46.61698" lon="7.79522">
        <ele>2016.24</ele>
        <time>2026-05-04T03:26:41.1160000+00:00</time>
      </trkpt>
      <trkpt lat="46.61705" lon="7.79522">
        <ele>2014.01</ele>
        <time>2026-05-04T03:26:59.4490000+00:00</time>
      </trkpt>
      <trkpt lat="46.61708" lon="7.79523">
        <ele>2012</ele>
        <time>2026-05-04T03:27:07.5100000+00:00</time>
      </trkpt>
      <trkpt lat="46.61715" lon="7.7952">
        <ele>2012.22</ele>
        <time>2026-05-04T03:27:26.6180000+00:00</time>
      </trkpt>
      <trkpt lat="46.61723" lon="7.79519">
        <ele>2010.19</ele>
        <time>2026-05-04T03:27:47.6430000+00:00</time>
      </trkpt>
      <trkpt lat="46.61733" lon="7.79513">
        <ele>2011.05</ele>
        <time>2026-05-04T03:28:15.9650000+00:00</time>
      </trkpt>
      <trkpt lat="46.6174" lon="7.79508">
        <ele>2012.22</ele>
        <time>2026-05-04T03:28:36.3820000+00:00</time>
      </trkpt>
      <trkpt lat="46.61746" lon="7.79505">
        <ele>2012.47</ele>
        <time>2026-05-04T03:28:52.9960000+00:00</time>
      </trkpt>
      <trkpt lat="46.61755" lon="7.79501">
        <ele>2012.73</ele>
        <time>2026-05-04T03:29:17.6370000+00:00</time>
      </trkpt>
      <trkpt lat="46.61764" lon="7.79496">
        <ele>2014.1</ele>
        <time>2026-05-04T03:29:42.8620000+00:00</time>
      </trkpt>
      <trkpt lat="46.61772" lon="7.79491">
        <ele>2016.11</ele>
        <time>2026-05-04T03:30:05.6570000+00:00</time>
      </trkpt>
      <trkpt lat="46.6178" lon="7.79485">
        <ele>2019.34</ele>
        <time>2026-05-04T03:30:29.2220000+00:00</time>
      </trkpt>
      <trkpt lat="46.61785" lon="7.7948">
        <ele>2022.8</ele>
        <time>2026-05-04T03:30:45.1060000+00:00</time>
      </trkpt>
      <trkpt lat="46.61789" lon="7.7948">
        <ele>2022.05</ele>
        <time>2026-05-04T03:30:55.5810000+00:00</time>
      </trkpt>
      <trkpt lat="46.61793" lon="7.79476">
        <ele>2024.8</ele>
        <time>2026-05-04T03:31:08.2870000+00:00</time>
      </trkpt>
      <trkpt lat="46.61794" lon="7.79475">
        <ele>2025.47</ele>
        <time>2026-05-04T03:31:11.4570000+00:00</time>
      </trkpt>
      <trkpt lat="46.61797" lon="7.79474">
        <ele>2025.74</ele>
        <time>2026-05-04T03:31:19.5140000+00:00</time>
      </trkpt>
      <trkpt lat="46.61807" lon="7.79469">
        <ele>2027.92</ele>
        <time>2026-05-04T03:31:47.2030000+00:00</time>
      </trkpt>
      <trkpt lat="46.61812" lon="7.79464">
        <ele>2030.98</ele>
        <time>2026-05-04T03:32:03.0870000+00:00</time>
      </trkpt>
      <trkpt lat="46.61821" lon="7.79458">
        <ele>2033.77</ele>
        <time>2026-05-04T03:32:29.0080000+00:00</time>
      </trkpt>
      <trkpt lat="46.61828" lon="7.79451">
        <ele>2037.6</ele>
        <time>2026-05-04T03:32:51.2440000+00:00</time>
      </trkpt>
      <trkpt lat="46.61832" lon="7.79451">
        <ele>2036.57</ele>
        <time>2026-05-04T03:33:01.7180000+00:00</time>
      </trkpt>
      <trkpt lat="46.6184" lon="7.79449">
        <ele>2036.02</ele>
        <time>2026-05-04T03:33:22.9720000+00:00</time>
      </trkpt>
      <trkpt lat="46.61848" lon="7.79442">
        <ele>2039.09</ele>
        <time>2026-05-04T03:33:47.4130000+00:00</time>
      </trkpt>
      <trkpt lat="46.61852" lon="7.79442">
        <ele>2037.97</ele>
        <time>2026-05-04T03:33:57.8900000+00:00</time>
      </trkpt>
      <trkpt lat="46.61856" lon="7.79437">
        <ele>2040.44</ele>
        <time>2026-05-04T03:34:11.6950000+00:00</time>
      </trkpt>
      <trkpt lat="46.61859" lon="7.79433">
        <ele>2042.41</ele>
        <time>2026-05-04T03:34:22.3470000+00:00</time>
      </trkpt>
      <trkpt lat="46.61865" lon="7.79425">
        <ele>2046.59</ele>
        <time>2026-05-04T03:34:43.6510000+00:00</time>
      </trkpt>
      <trkpt lat="46.6187" lon="7.79417">
        <ele>2054.89</ele>
        <time>2026-05-04T03:35:03.1050000+00:00</time>
      </trkpt>
      <trkpt lat="46.61874" lon="7.7941">
        <ele>2062.15</ele>
        <time>2026-05-04T03:35:19.4820000+00:00</time>
      </trkpt>
      <trkpt lat="46.61876" lon="7.7941">
        <ele>2063.14</ele>
        <time>2026-05-04T03:35:24.7210000+00:00</time>
      </trkpt>
      <trkpt lat="46.6188" lon="7.79404">
        <ele>2069.76</ele>
        <time>2026-05-04T03:35:39.7580000+00:00</time>
      </trkpt>
      <trkpt lat="46.61882" lon="7.79404">
        <ele>2070.77</ele>
        <time>2026-05-04T03:35:44.9920000+00:00</time>
      </trkpt>
      <trkpt lat="46.61885" lon="7.79401">
        <ele>2074.63</ele>
        <time>2026-05-04T03:35:54.5190000+00:00</time>
      </trkpt>
      <trkpt lat="46.61889" lon="7.794">
        <ele>2077.47</ele>
        <time>2026-05-04T03:36:05.1430000+00:00</time>
      </trkpt>
      <trkpt lat="46.61892" lon="7.79396">
        <ele>2082.18</ele>
        <time>2026-05-04T03:36:15.7940000+00:00</time>
      </trkpt>
      <trkpt lat="46.61897" lon="7.79388">
        <ele>2091.19</ele>
        <time>2026-05-04T03:36:35.2490000+00:00</time>
      </trkpt>
      <trkpt lat="46.61902" lon="7.7938">
        <ele>2100.33</ele>
        <time>2026-05-04T03:36:54.7030000+00:00</time>
      </trkpt>
      <trkpt lat="46.61904" lon="7.79375">
        <ele>2105.49</ele>
        <time>2026-05-04T03:37:05.1110000+00:00</time>
      </trkpt>
      <trkpt lat="46.61907" lon="7.79372">
        <ele>2109.62</ele>
        <time>2026-05-04T03:37:14.6430000+00:00</time>
      </trkpt>
      <trkpt lat="46.61909" lon="7.79368">
        <ele>2114.03</ele>
        <time>2026-05-04T03:37:23.5410000+00:00</time>
      </trkpt>
      <trkpt lat="46.61916" lon="7.79357">
        <ele>2127.18</ele>
        <time>2026-05-04T03:37:50.5120000+00:00</time>
      </trkpt>
      <trkpt lat="46.61917" lon="7.79354">
        <ele>2130.27</ele>
        <time>2026-05-04T03:37:56.5110000+00:00</time>
      </trkpt>
      <trkpt lat="46.61922" lon="7.7934">
        <ele>2138.2</ele>
        <time>2026-05-04T03:38:24.8910000+00:00</time>
      </trkpt>
      <trkpt lat="46.61927" lon="7.79335">
        <ele>2142.03</ele>
        <time>2026-05-04T03:38:40.7740000+00:00</time>
      </trkpt>
      <trkpt lat="46.61936" lon="7.79334">
        <ele>2147.34</ele>
        <time>2026-05-04T03:39:04.4090000+00:00</time>
      </trkpt>
      <trkpt lat="46.61939" lon="7.79336">
        <ele>2148.72</ele>
        <time>2026-05-04T03:39:13.0480000+00:00</time>
      </trkpt>
      <trkpt lat="46.61944" lon="7.79337">
        <ele>2151.43</ele>
        <time>2026-05-04T03:39:26.2630000+00:00</time>
      </trkpt>
      <trkpt lat="46.61949" lon="7.79338">
        <ele>2154.01</ele>
        <time>2026-05-04T03:39:39.4780000+00:00</time>
      </trkpt>
      <trkpt lat="46.61955" lon="7.79337">
        <ele>2156.13</ele>
        <time>2026-05-04T03:39:55.2900000+00:00</time>
      </trkpt>
      <trkpt lat="46.61961" lon="7.79335">
        <ele>2158.35</ele>
        <time>2026-05-04T03:40:11.4060000+00:00</time>
      </trkpt>
      <trkpt lat="46.61964" lon="7.7933">
        <ele>2159.94</ele>
        <time>2026-05-04T03:40:23.3450000+00:00</time>
      </trkpt>
      <trkpt lat="46.61969" lon="7.79335">
        <ele>2160.96</ele>
        <time>2026-05-04T03:40:39.2300000+00:00</time>
      </trkpt>
      <trkpt lat="46.61969" lon="7.79336">
        <ele>2160.85</ele>
        <time>2026-05-04T03:40:41.0180000+00:00</time>
      </trkpt>
      <trkpt lat="46.6197" lon="7.79344">
        <ele>2160.27</ele>
        <time>2026-05-04T03:40:55.6410000+00:00</time>
      </trkpt>
      <trkpt lat="46.61972" lon="7.79342">
        <ele>2161.17</ele>
        <time>2026-05-04T03:41:01.9920000+00:00</time>
      </trkpt>
      <trkpt lat="46.61973" lon="7.79344">
        <ele>2161.29</ele>
        <time>2026-05-04T03:41:06.4410000+00:00</time>
      </trkpt>
      <trkpt lat="46.61974" lon="7.79342">
        <ele>2161.84</ele>
        <time>2026-05-04T03:41:10.8900000+00:00</time>
      </trkpt>
      <trkpt lat="46.6198" lon="7.79332">
        <ele>2164.84</ele>
        <time>2026-05-04T03:41:34.7710000+00:00</time>
      </trkpt>
      <trkpt lat="46.61982" lon="7.79329">
        <ele>2165.77</ele>
        <time>2026-05-04T03:41:42.2900000+00:00</time>
      </trkpt>
      <trkpt lat="46.61984" lon="7.79328">
        <ele>2166.5</ele>
        <time>2026-05-04T03:41:47.8300000+00:00</time>
      </trkpt>
      <trkpt lat="46.61985" lon="7.7933">
        <ele>2166.63</ele>
        <time>2026-05-04T03:41:52.2790000+00:00</time>
      </trkpt>
      <trkpt lat="46.61987" lon="7.7933">
        <ele>2167.27</ele>
        <time>2026-05-04T03:41:57.5120000+00:00</time>
      </trkpt>
      <trkpt lat="46.6199" lon="7.79331">
        <ele>2168.14</ele>
        <time>2026-05-04T03:42:05.5670000+00:00</time>
      </trkpt>
      <trkpt lat="46.61993" lon="7.79331">
        <ele>2169.1</ele>
        <time>2026-05-04T03:42:13.4210000+00:00</time>
      </trkpt>
      <trkpt lat="46.62002" lon="7.79337">
        <ele>2171.58</ele>
        <time>2026-05-04T03:42:39.3410000+00:00</time>
      </trkpt>
      <trkpt lat="46.62006" lon="7.79339">
        <ele>2172.77</ele>
        <time>2026-05-04T03:42:50.4160000+00:00</time>
      </trkpt>
      <trkpt lat="46.62015" lon="7.79342">
        <ele>2175.61</ele>
        <time>2026-05-04T03:43:14.5930000+00:00</time>
      </trkpt>
      <trkpt lat="46.62019" lon="7.79343">
        <ele>2176.92</ele>
        <time>2026-05-04T03:43:25.2210000+00:00</time>
      </trkpt>
      <trkpt lat="46.62022" lon="7.79343">
        <ele>2177.93</ele>
        <time>2026-05-04T03:43:33.0810000+00:00</time>
      </trkpt>
      <trkpt lat="46.6203" lon="7.7934">
        <ele>2180.71</ele>
        <time>2026-05-04T03:43:54.7130000+00:00</time>
      </trkpt>
      <trkpt lat="46.62038" lon="7.79343">
        <ele>2182.78</ele>
        <time>2026-05-04T03:44:16.3450000+00:00</time>
      </trkpt>
      <trkpt lat="46.62042" lon="7.79342">
        <ele>2183.83</ele>
        <time>2026-05-04T03:44:26.9710000+00:00</time>
      </trkpt>
      <trkpt lat="46.62056" lon="7.79345">
        <ele>2187.2</ele>
        <time>2026-05-04T03:45:04.0260000+00:00</time>
      </trkpt>
      <trkpt lat="46.62066" lon="7.79344">
        <ele>2189.77</ele>
        <time>2026-05-04T03:45:30.2730000+00:00</time>
      </trkpt>
      <trkpt lat="46.62075" lon="7.79347">
        <ele>2191.74</ele>
        <time>2026-05-04T03:45:54.4490000+00:00</time>
      </trkpt>
      <trkpt lat="46.62081" lon="7.79349">
        <ele>2193.01</ele>
        <time>2026-05-04T03:46:10.5680000+00:00</time>
      </trkpt>
      <trkpt lat="46.62085" lon="7.7935">
        <ele>2193.88</ele>
        <time>2026-05-04T03:46:21.1960000+00:00</time>
      </trkpt>
      <trkpt lat="46.62097" lon="7.7935">
        <ele>2196.77</ele>
        <time>2026-05-04T03:46:52.6200000+00:00</time>
      </trkpt>
      <trkpt lat="46.621" lon="7.79346">
        <ele>2198.02</ele>
        <time>2026-05-04T03:47:03.2740000+00:00</time>
      </trkpt>
      <trkpt lat="46.62105" lon="7.79337">
        <ele>2200.52</ele>
        <time>2026-05-04T03:47:24.0930000+00:00</time>
      </trkpt>
      <trkpt lat="46.6211" lon="7.79335">
        <ele>2202.13</ele>
        <time>2026-05-04T03:47:37.6720000+00:00</time>
      </trkpt>
      <trkpt lat="46.62112" lon="7.79334">
        <ele>2202.81</ele>
        <time>2026-05-04T03:47:43.2080000+00:00</time>
      </trkpt>
      <trkpt lat="46.62113" lon="7.79334">
        <ele>2203.08</ele>
        <time>2026-05-04T03:47:45.8250000+00:00</time>
      </trkpt>
      <trkpt lat="46.62114" lon="7.79334">
        <ele>2203.34</ele>
        <time>2026-05-04T03:47:48.4510000+00:00</time>
      </trkpt>
      <trkpt lat="46.62118" lon="7.79337">
        <ele>2203.25</ele>
        <time>2026-05-04T03:48:00.2340000+00:00</time>
      </trkpt>
      <trkpt lat="46.6213" lon="7.7934">
        <ele>2203.35</ele>
        <time>2026-05-04T03:48:32.1180000+00:00</time>
      </trkpt>
      <trkpt lat="46.62131" lon="7.79342">
        <ele>2203.12</ele>
        <time>2026-05-04T03:48:36.5670000+00:00</time>
      </trkpt>
      <trkpt lat="46.62128" lon="7.79351">
        <ele>2201.48</ele>
        <time>2026-05-04T03:48:54.5580000+00:00</time>
      </trkpt>
      <trkpt lat="46.62121" lon="7.7936">
        <ele>2195.08</ele>
        <time>2026-05-04T03:49:19.0120000+00:00</time>
      </trkpt>
      <trkpt lat="46.62121" lon="7.79364">
        <ele>2192.43</ele>
        <time>2026-05-04T03:49:26.2050000+00:00</time>
      </trkpt>
      <trkpt lat="46.62124" lon="7.79366">
        <ele>2191.25</ele>
        <time>2026-05-04T03:49:34.8430000+00:00</time>
      </trkpt>
      <trkpt lat="46.6213" lon="7.79366">
        <ele>2191.56</ele>
        <time>2026-05-04T03:49:50.5550000+00:00</time>
      </trkpt>
      <trkpt lat="46.62139" lon="7.79362">
        <ele>2194.72</ele>
        <time>2026-05-04T03:50:15.1970000+00:00</time>
      </trkpt>
      <trkpt lat="46.6215" lon="7.79369">
        <ele>2190.54</ele>
        <time>2026-05-04T03:50:46.6340000+00:00</time>
      </trkpt>
      <trkpt lat="46.62155" lon="7.79367">
        <ele>2192.16</ele>
        <time>2026-05-04T03:51:00.2120000+00:00</time>
      </trkpt>
      <trkpt lat="46.62174" lon="7.79368">
        <ele>2192.42</ele>
        <time>2026-05-04T03:51:49.9990000+00:00</time>
      </trkpt>
      <trkpt lat="46.62195" lon="7.79362">
        <ele>2197.71</ele>
        <time>2026-05-04T03:52:46.0380000+00:00</time>
      </trkpt>
      <trkpt lat="46.62204" lon="7.79361">
        <ele>2194.14</ele>
        <time>2026-05-04T03:53:09.6740000+00:00</time>
      </trkpt>
      <trkpt lat="46.62213" lon="7.79358">
        <ele>2188.96</ele>
        <time>2026-05-04T03:53:33.8520000+00:00</time>
      </trkpt>
      <trkpt lat="46.62221" lon="7.79355">
        <ele>2184.08</ele>
        <time>2026-05-04T03:53:55.4840000+00:00</time>
      </trkpt>
      <trkpt lat="46.62222" lon="7.7935">
        <ele>2185.37</ele>
        <time>2026-05-04T03:54:04.8500000+00:00</time>
      </trkpt>
      <trkpt lat="46.62221" lon="7.79344">
        <ele>2186.03</ele>
        <time>2026-05-04T03:54:15.9520000+00:00</time>
      </trkpt>
      <trkpt lat="46.62222" lon="7.79344">
        <ele>2185.14</ele>
        <time>2026-05-04T03:54:18.5690000+00:00</time>
      </trkpt>
      <trkpt lat="46.62226" lon="7.79342">
        <ele>2181.49</ele>
        <time>2026-05-04T03:54:29.6440000+00:00</time>
      </trkpt>
      <trkpt lat="46.62221" lon="7.79332">
        <ele>2185.62</ele>
        <time>2026-05-04T03:54:51.8910000+00:00</time>
      </trkpt>
      <trkpt lat="46.62228" lon="7.79328">
        <ele>2178.86</ele>
        <time>2026-05-04T03:55:11.5830000+00:00</time>
      </trkpt>
      <trkpt lat="46.62222" lon="7.79322">
        <ele>2184.31</ele>
        <time>2026-05-04T03:55:30.6430000+00:00</time>
      </trkpt>
      <trkpt lat="46.62226" lon="7.79318">
        <ele>2180.23</ele>
        <time>2026-05-04T03:55:43.3490000+00:00</time>
      </trkpt>
      <trkpt lat="46.62219" lon="7.79312">
        <ele>2186.94</ele>
        <time>2026-05-04T03:56:04.6200000+00:00</time>
      </trkpt>
      <trkpt lat="46.62224" lon="7.79307">
        <ele>2181.7</ele>
        <time>2026-05-04T03:56:20.5040000+00:00</time>
      </trkpt>
      <trkpt lat="46.6223" lon="7.79298">
        <ele>2174.97</ele>
        <time>2026-05-04T03:56:43.0610000+00:00</time>
      </trkpt>
      <trkpt lat="46.62236" lon="7.79284">
        <ele>2167.41</ele>
        <time>2026-05-04T03:57:12.7400000+00:00</time>
      </trkpt>
      <trkpt lat="46.62239" lon="7.79274">
        <ele>2163.1</ele>
        <time>2026-05-04T03:57:32.3650000+00:00</time>
      </trkpt>
      <trkpt lat="46.62242" lon="7.7926">
        <ele>2158.59</ele>
        <time>2026-05-04T03:57:58.7410000+00:00</time>
      </trkpt>
      <trkpt lat="46.62245" lon="7.79243">
        <ele>2154.48</ele>
        <time>2026-05-04T03:58:30.3080000+00:00</time>
      </trkpt>
      <trkpt lat="46.62247" lon="7.79229">
        <ele>2151.8</ele>
        <time>2026-05-04T03:58:56.0250000+00:00</time>
      </trkpt>
      <trkpt lat="46.6225" lon="7.79219">
        <ele>2148.36</ele>
        <time>2026-05-04T03:59:15.6510000+00:00</time>
      </trkpt>
      <trkpt lat="46.62255" lon="7.79208">
        <ele>2143.06</ele>
        <time>2026-05-04T03:59:39.3730000+00:00</time>
      </trkpt>
      <trkpt lat="46.62256" lon="7.79204">
        <ele>2142.02</ele>
        <time>2026-05-04T03:59:47.0270000+00:00</time>
      </trkpt>
      <trkpt lat="46.62256" lon="7.792">
        <ele>2141.98</ele>
        <time>2026-05-04T03:59:54.2200000+00:00</time>
      </trkpt>
      <trkpt lat="46.62255" lon="7.79184">
        <ele>2142.76</ele>
        <time>2026-05-04T04:00:23.1130000+00:00</time>
      </trkpt>
      <trkpt lat="46.62254" lon="7.79183">
        <ele>2143.54</ele>
        <time>2026-05-04T04:00:26.2900000+00:00</time>
      </trkpt>
      <trkpt lat="46.62254" lon="7.79181">
        <ele>2143.22</ele>
        <time>2026-05-04T04:00:29.8950000+00:00</time>
      </trkpt>
      <trkpt lat="46.62255" lon="7.79164">
        <ele>2139.55</ele>
        <time>2026-05-04T04:01:00.5810000+00:00</time>
      </trkpt>
      <trkpt lat="46.62256" lon="7.79152">
        <ele>2136.68</ele>
        <time>2026-05-04T04:01:22.3210000+00:00</time>
      </trkpt>
      <trkpt lat="46.62258" lon="7.79134">
        <ele>2131.88</ele>
        <time>2026-05-04T04:01:55.1140000+00:00</time>
      </trkpt>
      <trkpt lat="46.62258" lon="7.79126">
        <ele>2130.59</ele>
        <time>2026-05-04T04:02:09.5020000+00:00</time>
      </trkpt>
      <trkpt lat="46.62258" lon="7.79116">
        <ele>2128.97</ele>
        <time>2026-05-04T04:02:27.4880000+00:00</time>
      </trkpt>
      <trkpt lat="46.62259" lon="7.79105">
        <ele>2126.24</ele>
        <time>2026-05-04T04:02:47.4450000+00:00</time>
      </trkpt>
      <trkpt lat="46.62259" lon="7.79101">
        <ele>2125.59</ele>
        <time>2026-05-04T04:02:54.6410000+00:00</time>
      </trkpt>
      <trkpt lat="46.62258" lon="7.79095">
        <ele>2125.72</ele>
        <time>2026-05-04T04:03:05.7450000+00:00</time>
      </trkpt>
      <trkpt lat="46.62259" lon="7.79087">
        <ele>2123.65</ele>
        <time>2026-05-04T04:03:20.3700000+00:00</time>
      </trkpt>
      <trkpt lat="46.62259" lon="7.79083">
        <ele>2123.09</ele>
        <time>2026-05-04T04:03:27.5660000+00:00</time>
      </trkpt>
      <trkpt lat="46.62257" lon="7.7908">
        <ele>2124.59</ele>
        <time>2026-05-04T04:03:35.0880000+00:00</time>
      </trkpt>
      <trkpt lat="46.62258" lon="7.79074">
        <ele>2122.8</ele>
        <time>2026-05-04T04:03:46.1920000+00:00</time>
      </trkpt>
      <trkpt lat="46.62253" lon="7.79071">
        <ele>2127.14</ele>
        <time>2026-05-04T04:04:00.3530000+00:00</time>
      </trkpt>
      <trkpt lat="46.62253" lon="7.79063">
        <ele>2126.02</ele>
        <time>2026-05-04T04:04:14.7420000+00:00</time>
      </trkpt>
      <trkpt lat="46.6225" lon="7.79052">
        <ele>2127.32</ele>
        <time>2026-05-04T04:04:36.0270000+00:00</time>
      </trkpt>
      <trkpt lat="46.62249" lon="7.79047">
        <ele>2127.56</ele>
        <time>2026-05-04T04:04:45.3950000+00:00</time>
      </trkpt>
      <trkpt lat="46.6225" lon="7.79041">
        <ele>2125.76</ele>
        <time>2026-05-04T04:04:56.5000000+00:00</time>
      </trkpt>
      <trkpt lat="46.62248" lon="7.79034">
        <ele>2126.66</ele>
        <time>2026-05-04T04:05:10.1340000+00:00</time>
      </trkpt>
      <trkpt lat="46.62248" lon="7.79028">
        <ele>2125.81</ele>
        <time>2026-05-04T04:05:20.9250000+00:00</time>
      </trkpt>
      <trkpt lat="46.62245" lon="7.79024">
        <ele>2128.06</ele>
        <time>2026-05-04T04:05:31.5770000+00:00</time>
      </trkpt>
      <trkpt lat="46.62248" lon="7.79018">
        <ele>2124.39</ele>
        <time>2026-05-04T04:05:44.9240000+00:00</time>
      </trkpt>
      <trkpt lat="46.62243" lon="7.79002">
        <ele>2127.13</ele>
        <time>2026-05-04T04:06:16.5380000+00:00</time>
      </trkpt>
      <trkpt lat="46.62248" lon="7.78998">
        <ele>2122.3</ele>
        <time>2026-05-04T04:06:31.4770000+00:00</time>
      </trkpt>
      <trkpt lat="46.62255" lon="7.78995">
        <ele>2115.97</ele>
        <time>2026-05-04T04:06:50.5840000+00:00</time>
      </trkpt>
      <trkpt lat="46.62254" lon="7.78985">
        <ele>2116</ele>
        <time>2026-05-04T04:07:08.7580000+00:00</time>
      </trkpt>
      <trkpt lat="46.62251" lon="7.78979">
        <ele>2117.92</ele>
        <time>2026-05-04T04:07:22.1090000+00:00</time>
      </trkpt>
      <trkpt lat="46.62254" lon="7.78975">
        <ele>2115.17</ele>
        <time>2026-05-04T04:07:32.7660000+00:00</time>
      </trkpt>
      <trkpt lat="46.62258" lon="7.78974">
        <ele>2111.95</ele>
        <time>2026-05-04T04:07:43.3940000+00:00</time>
      </trkpt>
      <trkpt lat="46.62261" lon="7.78974">
        <ele>2109.59</ele>
        <time>2026-05-04T04:07:51.2540000+00:00</time>
      </trkpt>
      <trkpt lat="46.62259" lon="7.78969">
        <ele>2110.83</ele>
        <time>2026-05-04T04:08:01.6640000+00:00</time>
      </trkpt>
      <trkpt lat="46.6226" lon="7.78968">
        <ele>2110</ele>
        <time>2026-05-04T04:08:04.8410000+00:00</time>
      </trkpt>
      <trkpt lat="46.62257" lon="7.78961">
        <ele>2111.79</ele>
        <time>2026-05-04T04:08:19.6810000+00:00</time>
      </trkpt>
      <trkpt lat="46.62261" lon="7.78958">
        <ele>2108.65</ele>
        <time>2026-05-04T04:08:31.4650000+00:00</time>
      </trkpt>
      <trkpt lat="46.62266" lon="7.7896">
        <ele>2105.08</ele>
        <time>2026-05-04T04:08:45.0440000+00:00</time>
      </trkpt>
      <trkpt lat="46.62264" lon="7.78951">
        <ele>2106.12</ele>
        <time>2026-05-04T04:09:02.0570000+00:00</time>
      </trkpt>
      <trkpt lat="46.62268" lon="7.78951">
        <ele>2103.29</ele>
        <time>2026-05-04T04:09:12.5310000+00:00</time>
      </trkpt>
      <trkpt lat="46.62268" lon="7.78947">
        <ele>2103.15</ele>
        <time>2026-05-04T04:09:19.7270000+00:00</time>
      </trkpt>
      <trkpt lat="46.62271" lon="7.78951">
        <ele>2101.17</ele>
        <time>2026-05-04T04:09:30.3790000+00:00</time>
      </trkpt>
      <trkpt lat="46.62274" lon="7.7895">
        <ele>2099.04</ele>
        <time>2026-05-04T04:09:38.4400000+00:00</time>
      </trkpt>
      <trkpt lat="46.62275" lon="7.78938">
        <ele>2098.21</ele>
        <time>2026-05-04T04:10:00.1800000+00:00</time>
      </trkpt>
      <trkpt lat="46.62272" lon="7.78933">
        <ele>2099.75</ele>
        <time>2026-05-04T04:10:12.1220000+00:00</time>
      </trkpt>
      <trkpt lat="46.62276" lon="7.78931">
        <ele>2096.59</ele>
        <time>2026-05-04T04:10:23.1970000+00:00</time>
      </trkpt>
      <trkpt lat="46.62274" lon="7.78928">
        <ele>2096.98</ele>
        <time>2026-05-04T04:10:30.7190000+00:00</time>
      </trkpt>
      <trkpt lat="46.62277" lon="7.78925">
        <ele>2094.22</ele>
        <time>2026-05-04T04:10:40.2490000+00:00</time>
      </trkpt>
      <trkpt lat="46.62277" lon="7.78921">
        <ele>2093.07</ele>
        <time>2026-05-04T04:10:47.4420000+00:00</time>
      </trkpt>
      <trkpt lat="46.62274" lon="7.78919">
        <ele>2094.32</ele>
        <time>2026-05-04T04:10:56.0830000+00:00</time>
      </trkpt>
      <trkpt lat="46.62276" lon="7.7891">
        <ele>2090.49</ele>
        <time>2026-05-04T04:11:13.0950000+00:00</time>
      </trkpt>
      <trkpt lat="46.62273" lon="7.78909">
        <ele>2091.95</ele>
        <time>2026-05-04T04:11:21.1560000+00:00</time>
      </trkpt>
      <trkpt lat="46.62273" lon="7.78903">
        <ele>2090.16</ele>
        <time>2026-05-04T04:11:31.9480000+00:00</time>
      </trkpt>
      <trkpt lat="46.62271" lon="7.789">
        <ele>2090.39</ele>
        <time>2026-05-04T04:11:39.4660000+00:00</time>
      </trkpt>
      <trkpt lat="46.62272" lon="7.78895">
        <ele>2088.32</ele>
        <time>2026-05-04T04:11:48.8320000+00:00</time>
      </trkpt>
      <trkpt lat="46.62276" lon="7.78886">
        <ele>2083.52</ele>
        <time>2026-05-04T04:12:08.1110000+00:00</time>
      </trkpt>
      <trkpt lat="46.6228" lon="7.7887">
        <ele>2076.95</ele>
        <time>2026-05-04T04:12:38.7340000+00:00</time>
      </trkpt>
      <trkpt lat="46.62279" lon="7.78864">
        <ele>2075.74</ele>
        <time>2026-05-04T04:12:49.8410000+00:00</time>
      </trkpt>
      <trkpt lat="46.62276" lon="7.78861">
        <ele>2076.26</ele>
        <time>2026-05-04T04:12:59.3740000+00:00</time>
      </trkpt>
      <trkpt lat="46.62272" lon="7.7886">
        <ele>2077.8</ele>
        <time>2026-05-04T04:13:10.0020000+00:00</time>
      </trkpt>
      <trkpt lat="46.62272" lon="7.78857">
        <ele>2076.9</ele>
        <time>2026-05-04T04:13:15.3960000+00:00</time>
      </trkpt>
      <trkpt lat="46.62272" lon="7.78852">
        <ele>2075.39</ele>
        <time>2026-05-04T04:13:24.3880000+00:00</time>
      </trkpt>
      <trkpt lat="46.62274" lon="7.78845">
        <ele>2072.04</ele>
        <time>2026-05-04T04:13:38.0240000+00:00</time>
      </trkpt>
      <trkpt lat="46.6228" lon="7.78842">
        <ele>2068.47</ele>
        <time>2026-05-04T04:13:54.6380000+00:00</time>
      </trkpt>
      <trkpt lat="46.62276" lon="7.78837">
        <ele>2068.32</ele>
        <time>2026-05-04T04:14:08.4450000+00:00</time>
      </trkpt>
      <trkpt lat="46.62271" lon="7.78835">
        <ele>2069.59</ele>
        <time>2026-05-04T04:14:22.0220000+00:00</time>
      </trkpt>
      <trkpt lat="46.62266" lon="7.78832">
        <ele>2070.44</ele>
        <time>2026-05-04T04:14:36.1830000+00:00</time>
      </trkpt>
      <trkpt lat="46.6227" lon="7.78826">
        <ele>2066.63</ele>
        <time>2026-05-04T04:14:51.2220000+00:00</time>
      </trkpt>
      <trkpt lat="46.62273" lon="7.78822">
        <ele>2064.03</ele>
        <time>2026-05-04T04:15:01.8740000+00:00</time>
      </trkpt>
      <trkpt lat="46.62273" lon="7.78819">
        <ele>2062.93</ele>
        <time>2026-05-04T04:15:07.2670000+00:00</time>
      </trkpt>
      <trkpt lat="46.62279" lon="7.78813">
        <ele>2058.63</ele>
        <time>2026-05-04T04:15:26.3270000+00:00</time>
      </trkpt>
      <trkpt lat="46.62282" lon="7.78809">
        <ele>2055.86</ele>
        <time>2026-05-04T04:15:36.9790000+00:00</time>
      </trkpt>
      <trkpt lat="46.62274" lon="7.78801">
        <ele>2056.01</ele>
        <time>2026-05-04T04:16:02.3930000+00:00</time>
      </trkpt>
      <trkpt lat="46.62278" lon="7.78794">
        <ele>2052.22</ele>
        <time>2026-05-04T04:16:18.7700000+00:00</time>
      </trkpt>
      <trkpt lat="46.62275" lon="7.78789">
        <ele>2051.34</ele>
        <time>2026-05-04T04:16:30.7140000+00:00</time>
      </trkpt>
      <trkpt lat="46.62278" lon="7.78784">
        <ele>2048.67</ele>
        <time>2026-05-04T04:16:42.6580000+00:00</time>
      </trkpt>
      <trkpt lat="46.62275" lon="7.78781">
        <ele>2048.44</ele>
        <time>2026-05-04T04:16:52.1900000+00:00</time>
      </trkpt>
      <trkpt lat="46.62281" lon="7.78778">
        <ele>2045.71</ele>
        <time>2026-05-04T04:17:08.8020000+00:00</time>
      </trkpt>
      <trkpt lat="46.62278" lon="7.78773">
        <ele>2044.75</ele>
        <time>2026-05-04T04:17:20.7440000+00:00</time>
      </trkpt>
      <trkpt lat="46.62274" lon="7.78766">
        <ele>2043.18</ele>
        <time>2026-05-04T04:17:37.1210000+00:00</time>
      </trkpt>
      <trkpt lat="46.62275" lon="7.78763">
        <ele>2041.69</ele>
        <time>2026-05-04T04:17:43.1200000+00:00</time>
      </trkpt>
      <trkpt lat="46.62265" lon="7.78753">
        <ele>2040.04</ele>
        <time>2026-05-04T04:18:14.8880000+00:00</time>
      </trkpt>
      <trkpt lat="46.6226" lon="7.78753">
        <ele>2041.27</ele>
        <time>2026-05-04T04:18:27.9820000+00:00</time>
      </trkpt>
      <trkpt lat="46.62258" lon="7.78751">
        <ele>2040.92</ele>
        <time>2026-05-04T04:18:34.3370000+00:00</time>
      </trkpt>
      <trkpt lat="46.62259" lon="7.78745">
        <ele>2038.17</ele>
        <time>2026-05-04T04:18:45.4410000+00:00</time>
      </trkpt>
      <trkpt lat="46.6226" lon="7.78736">
        <ele>2034.17</ele>
        <time>2026-05-04T04:19:01.8380000+00:00</time>
      </trkpt>
      <trkpt lat="46.62257" lon="7.78732">
        <ele>2033.21</ele>
        <time>2026-05-04T04:19:12.4920000+00:00</time>
      </trkpt>
      <trkpt lat="46.62254" lon="7.78732">
        <ele>2033.92</ele>
        <time>2026-05-04T04:19:20.3520000+00:00</time>
      </trkpt>
      <trkpt lat="46.62252" lon="7.78728">
        <ele>2032.71</ele>
        <time>2026-05-04T04:19:29.2500000+00:00</time>
      </trkpt>
      <trkpt lat="46.62255" lon="7.78709">
        <ele>2024.03</ele>
        <time>2026-05-04T04:20:04.3120000+00:00</time>
      </trkpt>
      <trkpt lat="46.62258" lon="7.78701">
        <ele>2020</ele>
        <time>2026-05-04T04:20:20.7040000+00:00</time>
      </trkpt>
      <trkpt lat="46.62262" lon="7.78689">
        <ele>2014.11</ele>
        <time>2026-05-04T04:20:44.6940000+00:00</time>
      </trkpt>
      <trkpt lat="46.62266" lon="7.78678">
        <ele>2008.32</ele>
        <time>2026-05-04T04:21:07.0790000+00:00</time>
      </trkpt>
      <trkpt lat="46.62259" lon="7.78676">
        <ele>2008.9</ele>
        <time>2026-05-04T04:21:25.7600000+00:00</time>
      </trkpt>
      <trkpt lat="46.62265" lon="7.78661">
        <ele>2000.58</ele>
        <time>2026-05-04T04:21:56.9790000+00:00</time>
      </trkpt>
      <trkpt lat="46.62259" lon="7.78656">
        <ele>1999.53</ele>
        <time>2026-05-04T04:22:15.0830000+00:00</time>
      </trkpt>
      <trkpt lat="46.62259" lon="7.78654">
        <ele>1998.6</ele>
        <time>2026-05-04T04:22:18.6880000+00:00</time>
      </trkpt>
      <trkpt lat="46.62263" lon="7.7865">
        <ele>1995.86</ele>
        <time>2026-05-04T04:22:31.3960000+00:00</time>
      </trkpt>
      <trkpt lat="46.62263" lon="7.78645">
        <ele>1993.52</ele>
        <time>2026-05-04T04:22:40.3890000+00:00</time>
      </trkpt>
      <trkpt lat="46.62258" lon="7.78642">
        <ele>1993.19</ele>
        <time>2026-05-04T04:22:54.5510000+00:00</time>
      </trkpt>
      <trkpt lat="46.62261" lon="7.78636">
        <ele>1989.73</ele>
        <time>2026-05-04T04:23:07.9000000+00:00</time>
      </trkpt>
      <trkpt lat="46.62264" lon="7.78632">
        <ele>1987.21</ele>
        <time>2026-05-04T04:23:18.5520000+00:00</time>
      </trkpt>
      <trkpt lat="46.62255" lon="7.78624">
        <ele>1985.41</ele>
        <time>2026-05-04T04:23:46.1640000+00:00</time>
      </trkpt>
      <trkpt lat="46.62258" lon="7.78612">
        <ele>1979.14</ele>
        <time>2026-05-04T04:24:09.1300000+00:00</time>
      </trkpt>
      <trkpt lat="46.62254" lon="7.78608">
        <ele>1978.13</ele>
        <time>2026-05-04T04:24:21.8360000+00:00</time>
      </trkpt>
      <trkpt lat="46.62252" lon="7.78597">
        <ele>1973.53</ele>
        <time>2026-05-04T04:24:42.3010000+00:00</time>
      </trkpt>
      <trkpt lat="46.62249" lon="7.78595">
        <ele>1973.31</ele>
        <time>2026-05-04T04:24:50.9420000+00:00</time>
      </trkpt>
      <trkpt lat="46.62247" lon="7.78594">
        <ele>1973.32</ele>
        <time>2026-05-04T04:24:56.4780000+00:00</time>
      </trkpt>
      <trkpt lat="46.62249" lon="7.7859">
        <ele>1971.12</ele>
        <time>2026-05-04T04:25:05.3760000+00:00</time>
      </trkpt>
      <trkpt lat="46.62248" lon="7.78587">
        <ele>1970.04</ele>
        <time>2026-05-04T04:25:11.3750000+00:00</time>
      </trkpt>
      <trkpt lat="46.62243" lon="7.78583">
        <ele>1969.42</ele>
        <time>2026-05-04T04:25:26.3140000+00:00</time>
      </trkpt>
      <trkpt lat="46.62245" lon="7.78581">
        <ele>1968.1</ele>
        <time>2026-05-04T04:25:32.6690000+00:00</time>
      </trkpt>
      <trkpt lat="46.62246" lon="7.78576">
        <ele>1965.69</ele>
        <time>2026-05-04T04:25:42.0370000+00:00</time>
      </trkpt>
      <trkpt lat="46.6224" lon="7.78569">
        <ele>1964.05</ele>
        <time>2026-05-04T04:26:02.1710000+00:00</time>
      </trkpt>
      <trkpt lat="46.62237" lon="7.78567">
        <ele>1963.89</ele>
        <time>2026-05-04T04:26:10.8120000+00:00</time>
      </trkpt>
      <trkpt lat="46.62234" lon="7.78566">
        <ele>1964.17</ele>
        <time>2026-05-04T04:26:18.8730000+00:00</time>
      </trkpt>
      <trkpt lat="46.62235" lon="7.78564">
        <ele>1963.07</ele>
        <time>2026-05-04T04:26:23.3220000+00:00</time>
      </trkpt>
      <trkpt lat="46.62238" lon="7.7856">
        <ele>1960.63</ele>
        <time>2026-05-04T04:26:33.9740000+00:00</time>
      </trkpt>
      <trkpt lat="46.62235" lon="7.78555">
        <ele>1959.21</ele>
        <time>2026-05-04T04:26:45.9140000+00:00</time>
      </trkpt>
      <trkpt lat="46.62232" lon="7.78553">
        <ele>1959.08</ele>
        <time>2026-05-04T04:26:54.5550000+00:00</time>
      </trkpt>
      <trkpt lat="46.62226" lon="7.78552">
        <ele>1960.12</ele>
        <time>2026-05-04T04:27:10.3670000+00:00</time>
      </trkpt>
      <trkpt lat="46.62232" lon="7.78541">
        <ele>1953.94</ele>
        <time>2026-05-04T04:27:35.6290000+00:00</time>
      </trkpt>
      <trkpt lat="46.62233" lon="7.78534">
        <ele>1950.69</ele>
        <time>2026-05-04T04:27:48.4880000+00:00</time>
      </trkpt>
      <trkpt lat="46.62231" lon="7.78534">
        <ele>1951.2</ele>
        <time>2026-05-04T04:27:53.7260000+00:00</time>
      </trkpt>
      <trkpt lat="46.62232" lon="7.78531">
        <ele>1949.67</ele>
        <time>2026-05-04T04:27:59.7250000+00:00</time>
      </trkpt>
      <trkpt lat="46.62229" lon="7.78528">
        <ele>1949.16</ele>
        <time>2026-05-04T04:28:09.2580000+00:00</time>
      </trkpt>
      <trkpt lat="46.62232" lon="7.78526">
        <ele>1947.53</ele>
        <time>2026-05-04T04:28:17.8990000+00:00</time>
      </trkpt>
      <trkpt lat="46.62227" lon="7.78519">
        <ele>1945.85</ele>
        <time>2026-05-04T04:28:36.0640000+00:00</time>
      </trkpt>
      <trkpt lat="46.62228" lon="7.78514">
        <ele>1943.33</ele>
        <time>2026-05-04T04:28:45.4320000+00:00</time>
      </trkpt>
      <trkpt lat="46.62225" lon="7.78514">
        <ele>1944.13</ele>
        <time>2026-05-04T04:28:53.2920000+00:00</time>
      </trkpt>
      <trkpt lat="46.62222" lon="7.78511">
        <ele>1943.57</ele>
        <time>2026-05-04T04:29:02.8220000+00:00</time>
      </trkpt>
      <trkpt lat="46.62218" lon="7.78508">
        <ele>1943.28</ele>
        <time>2026-05-04T04:29:14.6060000+00:00</time>
      </trkpt>
      <trkpt lat="46.62217" lon="7.78507">
        <ele>1943.09</ele>
        <time>2026-05-04T04:29:17.7830000+00:00</time>
      </trkpt>
      <trkpt lat="46.62223" lon="7.785">
        <ele>1938.29</ele>
        <time>2026-05-04T04:29:37.9160000+00:00</time>
      </trkpt>
      <trkpt lat="46.62228" lon="7.78492">
        <ele>1933.27</ele>
        <time>2026-05-04T04:29:57.3700000+00:00</time>
      </trkpt>
      <trkpt lat="46.62233" lon="7.78487">
        <ele>1929.6</ele>
        <time>2026-05-04T04:30:13.2540000+00:00</time>
      </trkpt>
      <trkpt lat="46.62237" lon="7.78484">
        <ele>1927.11</ele>
        <time>2026-05-04T04:30:25.0360000+00:00</time>
      </trkpt>
      <trkpt lat="46.62234" lon="7.7848">
        <ele>1926.1</ele>
        <time>2026-05-04T04:30:35.6880000+00:00</time>
      </trkpt>
      <trkpt lat="46.6224" lon="7.78474">
        <ele>1921.64</ele>
        <time>2026-05-04T04:30:54.7500000+00:00</time>
      </trkpt>
      <trkpt lat="46.6224" lon="7.7847">
        <ele>1919.79</ele>
        <time>2026-05-04T04:31:01.9460000+00:00</time>
      </trkpt>
      <trkpt lat="46.62244" lon="7.78469">
        <ele>1918.19</ele>
        <time>2026-05-04T04:31:12.5750000+00:00</time>
      </trkpt>
      <trkpt lat="46.62247" lon="7.78466">
        <ele>1915.94</ele>
        <time>2026-05-04T04:31:22.1070000+00:00</time>
      </trkpt>
      <trkpt lat="46.62254" lon="7.78462">
        <ele>1912.06</ele>
        <time>2026-05-04T04:31:41.7990000+00:00</time>
      </trkpt>
      <trkpt lat="46.62258" lon="7.7846">
        <ele>1909.96</ele>
        <time>2026-05-04T04:31:52.8740000+00:00</time>
      </trkpt>
      <trkpt lat="46.62255" lon="7.78456">
        <ele>1908.95</ele>
        <time>2026-05-04T04:32:03.5260000+00:00</time>
      </trkpt>
      <trkpt lat="46.62256" lon="7.78452">
        <ele>1906.79</ele>
        <time>2026-05-04T04:32:11.1800000+00:00</time>
      </trkpt>
      <trkpt lat="46.62253" lon="7.78451">
        <ele>1907.2</ele>
        <time>2026-05-04T04:32:19.2380000+00:00</time>
      </trkpt>
      <trkpt lat="46.62252" lon="7.78448">
        <ele>1906.09</ele>
        <time>2026-05-04T04:32:25.2370000+00:00</time>
      </trkpt>
      <trkpt lat="46.62253" lon="7.78445">
        <ele>1904.39</ele>
        <time>2026-05-04T04:32:31.2350000+00:00</time>
      </trkpt>
      <trkpt lat="46.62251" lon="7.78442">
        <ele>1903.58</ele>
        <time>2026-05-04T04:32:38.7580000+00:00</time>
      </trkpt>
      <trkpt lat="46.62256" lon="7.78442">
        <ele>1902.09</ele>
        <time>2026-05-04T04:32:51.8510000+00:00</time>
      </trkpt>
      <trkpt lat="46.62258" lon="7.78439">
        <ele>1900.09</ele>
        <time>2026-05-04T04:32:59.3700000+00:00</time>
      </trkpt>
      <trkpt lat="46.62255" lon="7.78435">
        <ele>1899.11</ele>
        <time>2026-05-04T04:33:10.0220000+00:00</time>
      </trkpt>
      <trkpt lat="46.62257" lon="7.78432">
        <ele>1896.68</ele>
        <time>2026-05-04T04:33:17.5400000+00:00</time>
      </trkpt>
      <trkpt lat="46.62261" lon="7.78432">
        <ele>1895.46</ele>
        <time>2026-05-04T04:33:28.0170000+00:00</time>
      </trkpt>
      <trkpt lat="46.6226" lon="7.78428">
        <ele>1893.24</ele>
        <time>2026-05-04T04:33:35.6740000+00:00</time>
      </trkpt>
      <trkpt lat="46.6226" lon="7.78423">
        <ele>1890.07</ele>
        <time>2026-05-04T04:33:44.6670000+00:00</time>
      </trkpt>
      <trkpt lat="46.62266" lon="7.78423">
        <ele>1888.18</ele>
        <time>2026-05-04T04:34:00.3780000+00:00</time>
      </trkpt>
      <trkpt lat="46.62265" lon="7.7842">
        <ele>1886.58</ele>
        <time>2026-05-04T04:34:06.3770000+00:00</time>
      </trkpt>
      <trkpt lat="46.62262" lon="7.78416">
        <ele>1884.99</ele>
        <time>2026-05-04T04:34:17.0310000+00:00</time>
      </trkpt>
      <trkpt lat="46.62264" lon="7.78412">
        <ele>1881.79</ele>
        <time>2026-05-04T04:34:25.9290000+00:00</time>
      </trkpt>
      <trkpt lat="46.62268" lon="7.78413">
        <ele>1881.12</ele>
        <time>2026-05-04T04:34:36.5570000+00:00</time>
      </trkpt>
      <trkpt lat="46.62267" lon="7.78409">
        <ele>1878.88</ele>
        <time>2026-05-04T04:34:44.2110000+00:00</time>
      </trkpt>
      <trkpt lat="46.62268" lon="7.78404">
        <ele>1875.33</ele>
        <time>2026-05-04T04:34:53.5770000+00:00</time>
      </trkpt>
      <trkpt lat="46.62269" lon="7.784">
        <ele>1872.41</ele>
        <time>2026-05-04T04:35:01.2310000+00:00</time>
      </trkpt>
      <trkpt lat="46.6227" lon="7.78398">
        <ele>1870.78</ele>
        <time>2026-05-04T04:35:05.6790000+00:00</time>
      </trkpt>
      <trkpt lat="46.62274" lon="7.78402">
        <ele>1871.99</ele>
        <time>2026-05-04T04:35:18.3880000+00:00</time>
      </trkpt>
      <trkpt lat="46.62279" lon="7.78403">
        <ele>1870.93</ele>
        <time>2026-05-04T04:35:31.6070000+00:00</time>
      </trkpt>
      <trkpt lat="46.62279" lon="7.78407">
        <ele>1873.56</ele>
        <time>2026-05-04T04:35:38.8030000+00:00</time>
      </trkpt>
      <trkpt lat="46.62285" lon="7.78412">
        <ele>1871.83</ele>
        <time>2026-05-04T04:35:56.9060000+00:00</time>
      </trkpt>
      <trkpt lat="46.6229" lon="7.7842">
        <ele>1871.15</ele>
        <time>2026-05-04T04:36:16.3580000+00:00</time>
      </trkpt>
      <trkpt lat="46.62292" lon="7.78423">
        <ele>1870.73</ele>
        <time>2026-05-04T04:36:23.8770000+00:00</time>
      </trkpt>
      <trkpt lat="46.62295" lon="7.78421">
        <ele>1865.86</ele>
        <time>2026-05-04T04:36:32.5180000+00:00</time>
      </trkpt>
      <trkpt lat="46.62298" lon="7.78412">
        <ele>1856.47</ele>
        <time>2026-05-04T04:36:50.5100000+00:00</time>
      </trkpt>
      <trkpt lat="46.62299" lon="7.78406">
        <ele>1851.42</ele>
        <time>2026-05-04T04:37:01.6120000+00:00</time>
      </trkpt>
      <trkpt lat="46.62297" lon="7.78402">
        <ele>1851.18</ele>
        <time>2026-05-04T04:37:10.5100000+00:00</time>
      </trkpt>
      <trkpt lat="46.62294" lon="7.78399">
        <ele>1852.75</ele>
        <time>2026-05-04T04:37:20.0400000+00:00</time>
      </trkpt>
      <trkpt lat="46.62292" lon="7.78396">
        <ele>1853.14</ele>
        <time>2026-05-04T04:37:27.5580000+00:00</time>
      </trkpt>
      <trkpt lat="46.62292" lon="7.78391">
        <ele>1849.88</ele>
        <time>2026-05-04T04:37:36.5510000+00:00</time>
      </trkpt>
      <trkpt lat="46.62292" lon="7.78387">
        <ele>1847.28</ele>
        <time>2026-05-04T04:37:43.7470000+00:00</time>
      </trkpt>
      <trkpt lat="46.62296" lon="7.78387">
        <ele>1842.64</ele>
        <time>2026-05-04T04:37:54.2220000+00:00</time>
      </trkpt>
      <trkpt lat="46.62299" lon="7.78385">
        <ele>1837.87</ele>
        <time>2026-05-04T04:38:02.8600000+00:00</time>
      </trkpt>
      <trkpt lat="46.623" lon="7.78382">
        <ele>1834.78</ele>
        <time>2026-05-04T04:38:08.8590000+00:00</time>
      </trkpt>
      <trkpt lat="46.62299" lon="7.78376">
        <ele>1832.06</ele>
        <time>2026-05-04T04:38:19.9610000+00:00</time>
      </trkpt>
      <trkpt lat="46.623" lon="7.78375">
        <ele>1830.26</ele>
        <time>2026-05-04T04:38:23.1390000+00:00</time>
      </trkpt>
      <trkpt lat="46.62303" lon="7.78376">
        <ele>1827.46</ele>
        <time>2026-05-04T04:38:31.2000000+00:00</time>
      </trkpt>
      <trkpt lat="46.62305" lon="7.78372">
        <ele>1822.6</ele>
        <time>2026-05-04T04:38:40.0980000+00:00</time>
      </trkpt>
      <trkpt lat="46.62309" lon="7.78368">
        <ele>1815.46</ele>
        <time>2026-05-04T04:38:52.8060000+00:00</time>
      </trkpt>
      <trkpt lat="46.62311" lon="7.78367">
        <ele>1812.54</ele>
        <time>2026-05-04T04:38:58.3460000+00:00</time>
      </trkpt>
      <trkpt lat="46.62312" lon="7.78363">
        <ele>1808.86</ele>
        <time>2026-05-04T04:39:05.9990000+00:00</time>
      </trkpt>
      <trkpt lat="46.62314" lon="7.78365">
        <ele>1807.85</ele>
        <time>2026-05-04T04:39:12.3540000+00:00</time>
      </trkpt>
      <trkpt lat="46.62316" lon="7.78368">
        <ele>1807.46</ele>
        <time>2026-05-04T04:39:19.8730000+00:00</time>
      </trkpt>
      <trkpt lat="46.6232" lon="7.78368">
        <ele>1802.89</ele>
        <time>2026-05-04T04:39:30.3480000+00:00</time>
      </trkpt>
      <trkpt lat="46.62325" lon="7.78369">
        <ele>1797.79</ele>
        <time>2026-05-04T04:39:43.5630000+00:00</time>
      </trkpt>
      <trkpt lat="46.6233" lon="7.78371">
        <ele>1793.31</ele>
        <time>2026-05-04T04:39:57.1420000+00:00</time>
      </trkpt>
      <trkpt lat="46.62334" lon="7.78372">
        <ele>1789.34</ele>
        <time>2026-05-04T04:40:07.7700000+00:00</time>
      </trkpt>
      <trkpt lat="46.62339" lon="7.78373">
        <ele>1784.22</ele>
        <time>2026-05-04T04:40:20.9870000+00:00</time>
      </trkpt>
      <trkpt lat="46.62342" lon="7.78373">
        <ele>1780.77</ele>
        <time>2026-05-04T04:40:28.8440000+00:00</time>
      </trkpt>
      <trkpt lat="46.62344" lon="7.78371">
        <ele>1777.27</ele>
        <time>2026-05-04T04:40:35.1990000+00:00</time>
      </trkpt>
      <trkpt lat="46.62346" lon="7.78368">
        <ele>1773.16</ele>
        <time>2026-05-04T04:40:42.7140000+00:00</time>
      </trkpt>
      <trkpt lat="46.62348" lon="7.78366">
        <ele>1769.67</ele>
        <time>2026-05-04T04:40:49.0690000+00:00</time>
      </trkpt>
      <trkpt lat="46.62351" lon="7.78364">
        <ele>1765.04</ele>
        <time>2026-05-04T04:40:57.7110000+00:00</time>
      </trkpt>
      <trkpt lat="46.62351" lon="7.78362">
        <ele>1763.84</ele>
        <time>2026-05-04T04:41:01.3160000+00:00</time>
      </trkpt>
      <trkpt lat="46.6235" lon="7.7836">
        <ele>1763.78</ele>
        <time>2026-05-04T04:41:05.7700000+00:00</time>
      </trkpt>
      <trkpt lat="46.62348" lon="7.78361">
        <ele>1766.65</ele>
        <time>2026-05-04T04:41:11.3100000+00:00</time>
      </trkpt>
      <trkpt lat="46.62346" lon="7.78361">
        <ele>1768.93</ele>
        <time>2026-05-04T04:41:16.5530000+00:00</time>
      </trkpt>
      <trkpt lat="46.62344" lon="7.7836">
        <ele>1770.6</ele>
        <time>2026-05-04T04:41:22.0840000+00:00</time>
      </trkpt>
      <trkpt lat="46.62342" lon="7.78359">
        <ele>1772.26</ele>
        <time>2026-05-04T04:41:27.6190000+00:00</time>
      </trkpt>
      <trkpt lat="46.62341" lon="7.78357">
        <ele>1772.18</ele>
        <time>2026-05-04T04:41:32.0680000+00:00</time>
      </trkpt>
      <trkpt lat="46.62339" lon="7.78355">
        <ele>1773.22</ele>
        <time>2026-05-04T04:41:38.4230000+00:00</time>
      </trkpt>
      <trkpt lat="46.62338" lon="7.78354">
        <ele>1773.74</ele>
        <time>2026-05-04T04:41:41.6010000+00:00</time>
      </trkpt>
      <trkpt lat="46.62337" lon="7.78351">
        <ele>1773.13</ele>
        <time>2026-05-04T04:41:47.6000000+00:00</time>
      </trkpt>
      <trkpt lat="46.62336" lon="7.78348">
        <ele>1773.11</ele>
        <time>2026-05-04T04:41:53.5990000+00:00</time>
      </trkpt>
      <trkpt lat="46.62336" lon="7.78345">
        <ele>1771.96</ele>
        <time>2026-05-04T04:41:58.9930000+00:00</time>
      </trkpt>
      <trkpt lat="46.62338" lon="7.78342">
        <ele>1768.67</ele>
        <time>2026-05-04T04:42:06.5110000+00:00</time>
      </trkpt>
      <trkpt lat="46.6234" lon="7.7834">
        <ele>1765.8</ele>
        <time>2026-05-04T04:42:12.8660000+00:00</time>
      </trkpt>
      <trkpt lat="46.6234" lon="7.78337">
        <ele>1764.72</ele>
        <time>2026-05-04T04:42:18.2600000+00:00</time>
      </trkpt>
      <trkpt lat="46.62339" lon="7.78335">
        <ele>1765.04</ele>
        <time>2026-05-04T04:42:22.7090000+00:00</time>
      </trkpt>
      <trkpt lat="46.62337" lon="7.78334">
        <ele>1766.74</ele>
        <time>2026-05-04T04:42:28.2490000+00:00</time>
      </trkpt>
      <trkpt lat="46.62337" lon="7.78332">
        <ele>1765.98</ele>
        <time>2026-05-04T04:42:31.8540000+00:00</time>
      </trkpt>
      <trkpt lat="46.62342" lon="7.78333">
        <ele>1761.24</ele>
        <time>2026-05-04T04:42:45.0690000+00:00</time>
      </trkpt>
      <trkpt lat="46.62346" lon="7.78334">
        <ele>1757.48</ele>
        <time>2026-05-04T04:42:55.6970000+00:00</time>
      </trkpt>
      <trkpt lat="46.62349" lon="7.78334">
        <ele>1754.39</ele>
        <time>2026-05-04T04:43:03.5510000+00:00</time>
      </trkpt>
      <trkpt lat="46.62352" lon="7.78336">
        <ele>1751.88</ele>
        <time>2026-05-04T04:43:12.1890000+00:00</time>
      </trkpt>
      <trkpt lat="46.62353" lon="7.78334">
        <ele>1750.28</ele>
        <time>2026-05-04T04:43:16.6380000+00:00</time>
      </trkpt>
      <trkpt lat="46.62355" lon="7.78333">
        <ele>1747.95</ele>
        <time>2026-05-04T04:43:22.1740000+00:00</time>
      </trkpt>
      <trkpt lat="46.6236" lon="7.78332">
        <ele>1742.59</ele>
        <time>2026-05-04T04:43:35.3890000+00:00</time>
      </trkpt>
      <trkpt lat="46.62364" lon="7.78332">
        <ele>1738.52</ele>
        <time>2026-05-04T04:43:45.8630000+00:00</time>
      </trkpt>
      <trkpt lat="46.62365" lon="7.78331">
        <ele>1737.35</ele>
        <time>2026-05-04T04:43:49.0410000+00:00</time>
      </trkpt>
      <trkpt lat="46.62367" lon="7.78331">
        <ele>1735.7</ele>
        <time>2026-05-04T04:43:54.2740000+00:00</time>
      </trkpt>
      <trkpt lat="46.6237" lon="7.78331">
        <ele>1733.24</ele>
        <time>2026-05-04T04:44:02.1340000+00:00</time>
      </trkpt>
      <trkpt lat="46.62372" lon="7.78333">
        <ele>1731.99</ele>
        <time>2026-05-04T04:44:08.4890000+00:00</time>
      </trkpt>
      <trkpt lat="46.62374" lon="7.78335">
        <ele>1730.72</ele>
        <time>2026-05-04T04:44:14.8440000+00:00</time>
      </trkpt>
      <trkpt lat="46.62373" lon="7.78332">
        <ele>1730.97</ele>
        <time>2026-05-04T04:44:20.8390000+00:00</time>
      </trkpt>
      <trkpt lat="46.62373" lon="7.78329">
        <ele>1730.39</ele>
        <time>2026-05-04T04:44:26.2330000+00:00</time>
      </trkpt>
      <trkpt lat="46.62372" lon="7.78326">
        <ele>1730.62</ele>
        <time>2026-05-04T04:44:32.2320000+00:00</time>
      </trkpt>
      <trkpt lat="46.62374" lon="7.78326">
        <ele>1729</ele>
        <time>2026-05-04T04:44:37.4650000+00:00</time>
      </trkpt>
      <trkpt lat="46.62376" lon="7.78329">
        <ele>1727.95</ele>
        <time>2026-05-04T04:44:44.9810000+00:00</time>
      </trkpt>
      <trkpt lat="46.62377" lon="7.7833">
        <ele>1727.31</ele>
        <time>2026-05-04T04:44:48.1580000+00:00</time>
      </trkpt>
      <trkpt lat="46.623779999999996" lon="7.78327">
        <ele>1725.96</ele>
        <time>2026-05-04T04:44:54.1570000+00:00</time>
      </trkpt>
      <trkpt lat="46.62379" lon="7.78326">
        <ele>1724.97</ele>
        <time>2026-05-04T04:44:57.3350000+00:00</time>
      </trkpt>
      <trkpt lat="46.62381" lon="7.78328">
        <ele>1723.7</ele>
        <time>2026-05-04T04:45:03.6900000+00:00</time>
      </trkpt>
      <trkpt lat="46.62382" lon="7.7833">
        <ele>1723.22</ele>
        <time>2026-05-04T04:45:08.1440000+00:00</time>
      </trkpt>
      <trkpt lat="46.62382" lon="7.78327">
        <ele>1722.72</ele>
        <time>2026-05-04T04:45:13.5470000+00:00</time>
      </trkpt>
      <trkpt lat="46.62383" lon="7.78325">
        <ele>1721.57</ele>
        <time>2026-05-04T04:45:17.9960000+00:00</time>
      </trkpt>
      <trkpt lat="46.62384" lon="7.78322">
        <ele>1720.28</ele>
        <time>2026-05-04T04:45:23.9950000+00:00</time>
      </trkpt>
      <trkpt lat="46.62382" lon="7.78322">
        <ele>1721.87</ele>
        <time>2026-05-04T04:45:29.2330000+00:00</time>
      </trkpt>
      <trkpt lat="46.62383" lon="7.78319">
        <ele>1720.58</ele>
        <time>2026-05-04T04:45:35.2320000+00:00</time>
      </trkpt>
      <trkpt lat="46.62384" lon="7.78318">
        <ele>1719.63</ele>
        <time>2026-05-04T04:45:38.4100000+00:00</time>
      </trkpt>
      <trkpt lat="46.62385" lon="7.78317">
        <ele>1718.68</ele>
        <time>2026-05-04T04:45:41.5870000+00:00</time>
      </trkpt>
      <trkpt lat="46.62384" lon="7.78316">
        <ele>1719.3</ele>
        <time>2026-05-04T04:45:44.7650000+00:00</time>
      </trkpt>
      <trkpt lat="46.62384" lon="7.78314">
        <ele>1718.97</ele>
        <time>2026-05-04T04:45:48.3630000+00:00</time>
      </trkpt>
      <trkpt lat="46.62386" lon="7.78316">
        <ele>1717.74</ele>
        <time>2026-05-04T04:45:54.7180000+00:00</time>
      </trkpt>
      <trkpt lat="46.62388" lon="7.78316">
        <ele>1716.18</ele>
        <time>2026-05-04T04:45:59.9560000+00:00</time>
      </trkpt>
      <trkpt lat="46.62387" lon="7.78314">
        <ele>1716.65</ele>
        <time>2026-05-04T04:46:04.4050000+00:00</time>
      </trkpt>
      <trkpt lat="46.62388" lon="7.78312">
        <ele>1715.57</ele>
        <time>2026-05-04T04:46:08.8540000+00:00</time>
      </trkpt>
      <trkpt lat="46.62389" lon="7.78313">
        <ele>1714.95</ele>
        <time>2026-05-04T04:46:12.0240000+00:00</time>
      </trkpt>
      <trkpt lat="46.6239" lon="7.78314">
        <ele>1714.33</ele>
        <time>2026-05-04T04:46:15.2010000+00:00</time>
      </trkpt>
      <trkpt lat="46.6239" lon="7.78311">
        <ele>1713.89</ele>
        <time>2026-05-04T04:46:20.5950000+00:00</time>
      </trkpt>
      <trkpt lat="46.6239" lon="7.78308">
        <ele>1713.45</ele>
        <time>2026-05-04T04:46:25.9890000+00:00</time>
      </trkpt>
      <trkpt lat="46.6239" lon="7.78306">
        <ele>1713.15</ele>
        <time>2026-05-04T04:46:29.5870000+00:00</time>
      </trkpt>
      <trkpt lat="46.62392" lon="7.78306">
        <ele>1711.65</ele>
        <time>2026-05-04T04:46:34.8250000+00:00</time>
      </trkpt>
      <trkpt lat="46.62394" lon="7.78306">
        <ele>1710.14</ele>
        <time>2026-05-04T04:46:40.0680000+00:00</time>
      </trkpt>
      <trkpt lat="46.62394" lon="7.78305">
        <ele>1710.01</ele>
        <time>2026-05-04T04:46:41.8710000+00:00</time>
      </trkpt>
      <trkpt lat="46.62396" lon="7.78305">
        <ele>1708.51</ele>
        <time>2026-05-04T04:46:47.1090000+00:00</time>
      </trkpt>
      <trkpt lat="46.62398" lon="7.78305">
        <ele>1707.01</ele>
        <time>2026-05-04T04:46:52.3430000+00:00</time>
      </trkpt>
      <trkpt lat="46.62399" lon="7.78307">
        <ele>1706.5</ele>
        <time>2026-05-04T04:46:56.7970000+00:00</time>
      </trkpt>
      <trkpt lat="46.624" lon="7.78305">
        <ele>1705.51</ele>
        <time>2026-05-04T04:47:01.2460000+00:00</time>
      </trkpt>
      <trkpt lat="46.62399" lon="7.78303">
        <ele>1706.01</ele>
        <time>2026-05-04T04:47:05.6950000+00:00</time>
      </trkpt>
      <trkpt lat="46.624" lon="7.78302">
        <ele>1705.15</ele>
        <time>2026-05-04T04:47:08.8730000+00:00</time>
      </trkpt>
      <trkpt lat="46.62402" lon="7.78303">
        <ele>1703.78</ele>
        <time>2026-05-04T04:47:14.4080000+00:00</time>
      </trkpt>
      <trkpt lat="46.62404" lon="7.78305">
        <ele>1702.51</ele>
        <time>2026-05-04T04:47:20.7630000+00:00</time>
      </trkpt>
      <trkpt lat="46.62406" lon="7.78305">
        <ele>1701.01</ele>
        <time>2026-05-04T04:47:26.0060000+00:00</time>
      </trkpt>
      <trkpt lat="46.62406" lon="7.78302">
        <ele>1700.7</ele>
        <time>2026-05-04T04:47:31.4000000+00:00</time>
      </trkpt>
      <trkpt lat="46.62406" lon="7.78298">
        <ele>1700.29</ele>
        <time>2026-05-04T04:47:38.5960000+00:00</time>
      </trkpt>
      <trkpt lat="46.62406" lon="7.78296">
        <ele>1700.08</ele>
        <time>2026-05-04T04:47:42.1940000+00:00</time>
      </trkpt>
      <trkpt lat="46.62407" lon="7.78294">
        <ele>1699.16</ele>
        <time>2026-05-04T04:47:46.6430000+00:00</time>
      </trkpt>
      <trkpt lat="46.62409" lon="7.78295">
        <ele>1697.82</ele>
        <time>2026-05-04T04:47:52.1730000+00:00</time>
      </trkpt>
      <trkpt lat="46.62411" lon="7.78294">
        <ele>1696.28</ele>
        <time>2026-05-04T04:47:57.7090000+00:00</time>
      </trkpt>
      <trkpt lat="46.62411" lon="7.78292">
        <ele>1696.1</ele>
        <time>2026-05-04T04:48:01.3070000+00:00</time>
      </trkpt>
      <trkpt lat="46.62411" lon="7.78289">
        <ele>1695.84</ele>
        <time>2026-05-04T04:48:06.7000000+00:00</time>
      </trkpt>
      <trkpt lat="46.62409" lon="7.78286">
        <ele>1696.96</ele>
        <time>2026-05-04T04:48:14.2190000+00:00</time>
      </trkpt>
      <trkpt lat="46.62411" lon="7.78284">
        <ele>1695.39</ele>
        <time>2026-05-04T04:48:20.5740000+00:00</time>
      </trkpt>
      <trkpt lat="46.62415" lon="7.78284">
        <ele>1692.62</ele>
        <time>2026-05-04T04:48:31.0510000+00:00</time>
      </trkpt>
      <trkpt lat="46.62421" lon="7.78286">
        <ele>1688.59</ele>
        <time>2026-05-04T04:48:47.1700000+00:00</time>
      </trkpt>
      <trkpt lat="46.62423" lon="7.78288">
        <ele>1687.31</ele>
        <time>2026-05-04T04:48:53.5250000+00:00</time>
      </trkpt>
      <trkpt lat="46.62425" lon="7.78288">
        <ele>1685.9</ele>
        <time>2026-05-04T04:48:58.7680000+00:00</time>
      </trkpt>
      <trkpt lat="46.62426" lon="7.78286">
        <ele>1685.1</ele>
        <time>2026-05-04T04:49:03.2170000+00:00</time>
      </trkpt>
      <trkpt lat="46.62425" lon="7.78277">
        <ele>1685.34</ele>
        <time>2026-05-04T04:49:19.6120000+00:00</time>
      </trkpt>
      <trkpt lat="46.62423" lon="7.78271">
        <ele>1686.35</ele>
        <time>2026-05-04T04:49:31.6080000+00:00</time>
      </trkpt>
      <trkpt lat="46.62424" lon="7.78265">
        <ele>1685.4</ele>
        <time>2026-05-04T04:49:42.7120000+00:00</time>
      </trkpt>
      <trkpt lat="46.62422" lon="7.78263">
        <ele>1686.58</ele>
        <time>2026-05-04T04:49:49.0670000+00:00</time>
      </trkpt>
      <trkpt lat="46.62421" lon="7.7826">
        <ele>1687.05</ele>
        <time>2026-05-04T04:49:55.0660000+00:00</time>
      </trkpt>
      <trkpt lat="46.62421" lon="7.78255">
        <ele>1686.78</ele>
        <time>2026-05-04T04:50:04.0620000+00:00</time>
      </trkpt>
      <trkpt lat="46.62425" lon="7.78254">
        <ele>1684.29</ele>
        <time>2026-05-04T04:50:14.6910000+00:00</time>
      </trkpt>
      <trkpt lat="46.62429" lon="7.78253">
        <ele>1681.83</ele>
        <time>2026-05-04T04:50:25.3190000+00:00</time>
      </trkpt>
      <trkpt lat="46.62432" lon="7.78251">
        <ele>1679.97</ele>
        <time>2026-05-04T04:50:33.9600000+00:00</time>
      </trkpt>
      <trkpt lat="46.62434" lon="7.78251">
        <ele>1678.78</ele>
        <time>2026-05-04T04:50:39.2040000+00:00</time>
      </trkpt>
      <trkpt lat="46.62435" lon="7.78249">
        <ele>1678.15</ele>
        <time>2026-05-04T04:50:43.6520000+00:00</time>
      </trkpt>
      <trkpt lat="46.62434" lon="7.78246">
        <ele>1678.69</ele>
        <time>2026-05-04T04:50:49.6510000+00:00</time>
      </trkpt>
      <trkpt lat="46.62432" lon="7.78244">
        <ele>1679.82</ele>
        <time>2026-05-04T04:50:56.0070000+00:00</time>
      </trkpt>
      <trkpt lat="46.62432" lon="7.78242">
        <ele>1679.78</ele>
        <time>2026-05-04T04:50:59.6110000+00:00</time>
      </trkpt>
      <trkpt lat="46.62435" lon="7.78241">
        <ele>1678.04</ele>
        <time>2026-05-04T04:51:07.6720000+00:00</time>
      </trkpt>
      <trkpt lat="46.6244" lon="7.7824">
        <ele>1675.19</ele>
        <time>2026-05-04T04:51:20.8880000+00:00</time>
      </trkpt>
      <trkpt lat="46.62442" lon="7.78239">
        <ele>1674.06</ele>
        <time>2026-05-04T04:51:26.4270000+00:00</time>
      </trkpt>
      <trkpt lat="46.62444" lon="7.7824">
        <ele>1672.92</ele>
        <time>2026-05-04T04:51:31.9670000+00:00</time>
      </trkpt>
      <trkpt lat="46.62446" lon="7.7824">
        <ele>1671.79</ele>
        <time>2026-05-04T04:51:37.2060000+00:00</time>
      </trkpt>
      <trkpt lat="46.62447" lon="7.78233">
        <ele>1671.37</ele>
        <time>2026-05-04T04:51:50.0620000+00:00</time>
      </trkpt>
      <trkpt lat="46.62449" lon="7.78229">
        <ele>1670.46</ele>
        <time>2026-05-04T04:51:58.9600000+00:00</time>
      </trkpt>
      <trkpt lat="46.62455" lon="7.78229">
        <ele>1667.7</ele>
        <time>2026-05-04T04:52:14.6710000+00:00</time>
      </trkpt>
      <trkpt lat="46.62459" lon="7.78227">
        <ele>1665.94</ele>
        <time>2026-05-04T04:52:25.7460000+00:00</time>
      </trkpt>
      <trkpt lat="46.62461" lon="7.78226">
        <ele>1665.07</ele>
        <time>2026-05-04T04:52:31.2860000+00:00</time>
      </trkpt>
      <trkpt lat="46.62462" lon="7.78223">
        <ele>1664.75</ele>
        <time>2026-05-04T04:52:37.2850000+00:00</time>
      </trkpt>
      <trkpt lat="46.62462" lon="7.78218">
        <ele>1664.97</ele>
        <time>2026-05-04T04:52:46.2780000+00:00</time>
      </trkpt>
      <trkpt lat="46.62465" lon="7.78218">
        <ele>1663.64</ele>
        <time>2026-05-04T04:52:54.1310000+00:00</time>
      </trkpt>
      <trkpt lat="46.62467" lon="7.7822">
        <ele>1662.64</ele>
        <time>2026-05-04T04:53:00.4860000+00:00</time>
      </trkpt>
      <trkpt lat="46.6247" lon="7.7822">
        <ele>1661.3</ele>
        <time>2026-05-04T04:53:08.3430000+00:00</time>
      </trkpt>
      <trkpt lat="46.62473" lon="7.78221">
        <ele>1659.9</ele>
        <time>2026-05-04T04:53:16.4040000+00:00</time>
      </trkpt>
      <trkpt lat="46.62475" lon="7.78222">
        <ele>1658.94</ele>
        <time>2026-05-04T04:53:21.9440000+00:00</time>
      </trkpt>
      <trkpt lat="46.62477" lon="7.78222">
        <ele>1658.04</ele>
        <time>2026-05-04T04:53:27.1770000+00:00</time>
      </trkpt>
      <trkpt lat="46.62479" lon="7.7822">
        <ele>1657.28</ele>
        <time>2026-05-04T04:53:33.5320000+00:00</time>
      </trkpt>
      <trkpt lat="46.62479" lon="7.78218">
        <ele>1657.42</ele>
        <time>2026-05-04T04:53:37.1230000+00:00</time>
      </trkpt>
      <trkpt lat="46.6248" lon="7.78215">
        <ele>1657.18</ele>
        <time>2026-05-04T04:53:43.1140000+00:00</time>
      </trkpt>
      <trkpt lat="46.62482" lon="7.78215">
        <ele>1656.3</ele>
        <time>2026-05-04T04:53:48.3480000+00:00</time>
      </trkpt>
      <trkpt lat="46.62484" lon="7.78216">
        <ele>1655.35</ele>
        <time>2026-05-04T04:53:53.8830000+00:00</time>
      </trkpt>
      <trkpt lat="46.62485" lon="7.78213">
        <ele>1655.14</ele>
        <time>2026-05-04T04:53:59.8780000+00:00</time>
      </trkpt>
      <trkpt lat="46.62488" lon="7.78213">
        <ele>1653.83</ele>
        <time>2026-05-04T04:54:07.7310000+00:00</time>
      </trkpt>
      <trkpt lat="46.6249" lon="7.78212">
        <ele>1653.04</ele>
        <time>2026-05-04T04:54:13.2710000+00:00</time>
      </trkpt>
      <trkpt lat="46.62494" lon="7.78208">
        <ele>1651.66</ele>
        <time>2026-05-04T04:54:25.9770000+00:00</time>
      </trkpt>
      <trkpt lat="46.62497" lon="7.78205">
        <ele>1650.65</ele>
        <time>2026-05-04T04:54:35.5050000+00:00</time>
      </trkpt>
      <trkpt lat="46.62499" lon="7.78204">
        <ele>1649.9</ele>
        <time>2026-05-04T04:54:41.0400000+00:00</time>
      </trkpt>
      <trkpt lat="46.62502" lon="7.782">
        <ele>1649.04</ele>
        <time>2026-05-04T04:54:51.6920000+00:00</time>
      </trkpt>
      <trkpt lat="46.62504" lon="7.78196">
        <ele>1648.62</ele>
        <time>2026-05-04T04:55:00.5900000+00:00</time>
      </trkpt>
      <trkpt lat="46.62506" lon="7.78191">
        <ele>1648.33</ele>
        <time>2026-05-04T04:55:10.9970000+00:00</time>
      </trkpt>
      <trkpt lat="46.62508" lon="7.78187">
        <ele>1647.97</ele>
        <time>2026-05-04T04:55:19.8950000+00:00</time>
      </trkpt>
      <trkpt lat="46.6251" lon="7.78186">
        <ele>1647.28</ele>
        <time>2026-05-04T04:55:25.4350000+00:00</time>
      </trkpt>
      <trkpt lat="46.62512" lon="7.78184">
        <ele>1646.62</ele>
        <time>2026-05-04T04:55:31.7900000+00:00</time>
      </trkpt>
      <trkpt lat="46.62512" lon="7.78182">
        <ele>1646.64</ele>
        <time>2026-05-04T04:55:35.3880000+00:00</time>
      </trkpt>
      <trkpt lat="46.62512" lon="7.7818">
        <ele>1646.65</ele>
        <time>2026-05-04T04:55:38.9860000+00:00</time>
      </trkpt>
      <trkpt lat="46.62514" lon="7.78182">
        <ele>1645.86</ele>
        <time>2026-05-04T04:55:45.3410000+00:00</time>
      </trkpt>
      <trkpt lat="46.62517" lon="7.78185">
        <ele>1644.62</ele>
        <time>2026-05-04T04:55:54.8680000+00:00</time>
      </trkpt>
      <trkpt lat="46.62519" lon="7.78185">
        <ele>1643.83</ele>
        <time>2026-05-04T04:56:00.1020000+00:00</time>
      </trkpt>
      <trkpt lat="46.62521" lon="7.78187">
        <ele>1642.77</ele>
        <time>2026-05-04T04:56:06.4570000+00:00</time>
      </trkpt>
      <trkpt lat="46.62524" lon="7.78191">
        <ele>1641.04</ele>
        <time>2026-05-04T04:56:17.1090000+00:00</time>
      </trkpt>
      <trkpt lat="46.62528" lon="7.78196">
        <ele>1638.72</ele>
        <time>2026-05-04T04:56:30.9120000+00:00</time>
      </trkpt>
      <trkpt lat="46.62531" lon="7.78197">
        <ele>1637.34</ele>
        <time>2026-05-04T04:56:38.9670000+00:00</time>
      </trkpt>
      <trkpt lat="46.62534" lon="7.78198">
        <ele>1636.15</ele>
        <time>2026-05-04T04:56:47.0220000+00:00</time>
      </trkpt>
      <trkpt lat="46.62538" lon="7.78197">
        <ele>1634.93</ele>
        <time>2026-05-04T04:56:57.6500000+00:00</time>
      </trkpt>
      <trkpt lat="46.6254" lon="7.78196">
        <ele>1634.41</ele>
        <time>2026-05-04T04:57:03.1810000+00:00</time>
      </trkpt>
      <trkpt lat="46.62542" lon="7.78192">
        <ele>1634.36</ele>
        <time>2026-05-04T04:57:12.0790000+00:00</time>
      </trkpt>
      <trkpt lat="46.62544" lon="7.7819">
        <ele>1634.02</ele>
        <time>2026-05-04T04:57:18.4340000+00:00</time>
      </trkpt>
      <trkpt lat="46.62546" lon="7.78184">
        <ele>1634.28</ele>
        <time>2026-05-04T04:57:30.4280000+00:00</time>
      </trkpt>
      <trkpt lat="46.62551" lon="7.78181">
        <ele>1632.96</ele>
        <time>2026-05-04T04:57:44.5890000+00:00</time>
      </trkpt>
      <trkpt lat="46.62554" lon="7.78177">
        <ele>1632.43</ele>
        <time>2026-05-04T04:57:55.2400000+00:00</time>
      </trkpt>
      <trkpt lat="46.62555" lon="7.78175">
        <ele>1632.34</ele>
        <time>2026-05-04T04:57:59.6890000+00:00</time>
      </trkpt>
      <trkpt lat="46.62561" lon="7.7818">
        <ele>1629.93</ele>
        <time>2026-05-04T04:58:17.7920000+00:00</time>
      </trkpt>
      <trkpt lat="46.62564" lon="7.78179">
        <ele>1629.12</ele>
        <time>2026-05-04T04:58:25.8460000+00:00</time>
      </trkpt>
      <trkpt lat="46.62566" lon="7.78177">
        <ele>1628.77</ele>
        <time>2026-05-04T04:58:32.1970000+00:00</time>
      </trkpt>
      <trkpt lat="46.62567" lon="7.78175">
        <ele>1628.74</ele>
        <time>2026-05-04T04:58:36.6460000+00:00</time>
      </trkpt>
      <trkpt lat="46.62568" lon="7.78172">
        <ele>1628.85</ele>
        <time>2026-05-04T04:58:42.6450000+00:00</time>
      </trkpt>
      <trkpt lat="46.62568" lon="7.78168">
        <ele>1629.4</ele>
        <time>2026-05-04T04:58:49.8410000+00:00</time>
      </trkpt>
      <trkpt lat="46.6257" lon="7.78167">
        <ele>1628.98</ele>
        <time>2026-05-04T04:58:55.3810000+00:00</time>
      </trkpt>
      <trkpt lat="46.62574" lon="7.78166">
        <ele>1628.01</ele>
        <time>2026-05-04T04:59:06.0100000+00:00</time>
      </trkpt>
      <trkpt lat="46.62581" lon="7.78166">
        <ele>1626.06</ele>
        <time>2026-05-04T04:59:24.3390000+00:00</time>
      </trkpt>
      <trkpt lat="46.62585" lon="7.78166">
        <ele>1624.95</ele>
        <time>2026-05-04T04:59:34.8140000+00:00</time>
      </trkpt>
      <trkpt lat="46.62587" lon="7.78165">
        <ele>1624.58</ele>
        <time>2026-05-04T04:59:40.3490000+00:00</time>
      </trkpt>
      <trkpt lat="46.6259" lon="7.7816">
        <ele>1624.72</ele>
        <time>2026-05-04T04:59:52.2890000+00:00</time>
      </trkpt>
      <trkpt lat="46.62595" lon="7.78152">
        <ele>1625.03</ele>
        <time>2026-05-04T05:00:11.7400000+00:00</time>
      </trkpt>
      <trkpt lat="46.62604" lon="7.78136">
        <ele>1626.46</ele>
        <time>2026-05-04T05:00:48.9340000+00:00</time>
      </trkpt>
      <trkpt lat="46.62609" lon="7.78128">
        <ele>1627.35</ele>
        <time>2026-05-04T05:01:08.3880000+00:00</time>
      </trkpt>
      <trkpt lat="46.62617" lon="7.78119">
        <ele>1627.4</ele>
        <time>2026-05-04T05:01:34.8620000+00:00</time>
      </trkpt>
      <trkpt lat="46.62621" lon="7.78113">
        <ele>1627.07</ele>
        <time>2026-05-04T05:01:49.8990000+00:00</time>
      </trkpt>
      <trkpt lat="46.62625" lon="7.78109">
        <ele>1626.29</ele>
        <time>2026-05-04T05:02:02.6050000+00:00</time>
      </trkpt>
      <trkpt lat="46.62634" lon="7.78104">
        <ele>1623.62</ele>
        <time>2026-05-04T05:02:27.8300000+00:00</time>
      </trkpt>
      <trkpt lat="46.62637" lon="7.781">
        <ele>1623.21</ele>
        <time>2026-05-04T05:02:38.4820000+00:00</time>
      </trkpt>
      <trkpt lat="46.6264" lon="7.78095">
        <ele>1622.67</ele>
        <time>2026-05-04T05:02:50.4220000+00:00</time>
      </trkpt>
      <trkpt lat="46.62645" lon="7.78083">
        <ele>1622.75</ele>
        <time>2026-05-04T05:03:15.6620000+00:00</time>
      </trkpt>
      <trkpt lat="46.62652" lon="7.78069">
        <ele>1623.28</ele>
        <time>2026-05-04T05:03:46.8050000+00:00</time>
      </trkpt>
      <trkpt lat="46.62659" lon="7.78054">
        <ele>1625.06</ele>
        <time>2026-05-04T05:04:19.4180000+00:00</time>
      </trkpt>
      <trkpt lat="46.62664" lon="7.78044">
        <ele>1626.77</ele>
        <time>2026-05-04T05:04:41.6620000+00:00</time>
      </trkpt>
      <trkpt lat="46.6267" lon="7.78034">
        <ele>1628.9</ele>
        <time>2026-05-04T05:05:05.5420000+00:00</time>
      </trkpt>
      <trkpt lat="46.62674" lon="7.78024">
        <ele>1631.73</ele>
        <time>2026-05-04T05:05:26.3520000+00:00</time>
      </trkpt>
      <trkpt lat="46.62679" lon="7.78011">
        <ele>1633.91</ele>
        <time>2026-05-04T05:05:53.1470000+00:00</time>
      </trkpt>
      <trkpt lat="46.62684" lon="7.77998">
        <ele>1635.17</ele>
        <time>2026-05-04T05:06:19.9430000+00:00</time>
      </trkpt>
      <trkpt lat="46.62686" lon="7.7799">
        <ele>1636.17</ele>
        <time>2026-05-04T05:06:35.2530000+00:00</time>
      </trkpt>
      <trkpt lat="46.62685" lon="7.77984">
        <ele>1636.61</ele>
        <time>2026-05-04T05:06:46.3560000+00:00</time>
      </trkpt>
      <trkpt lat="46.62685" lon="7.7798">
        <ele>1637</ele>
        <time>2026-05-04T05:06:53.5480000+00:00</time>
      </trkpt>
      <trkpt lat="46.62687" lon="7.77975">
        <ele>1637.92</ele>
        <time>2026-05-04T05:07:03.9530000+00:00</time>
      </trkpt>
      <trkpt lat="46.62687" lon="7.77973">
        <ele>1638.14</ele>
        <time>2026-05-04T05:07:07.5440000+00:00</time>
      </trkpt>
      <trkpt lat="46.62686" lon="7.77967">
        <ele>1638.52</ele>
        <time>2026-05-04T05:07:18.6460000+00:00</time>
      </trkpt>
      <trkpt lat="46.62686" lon="7.77964">
        <ele>1638.82</ele>
        <time>2026-05-04T05:07:24.0450000+00:00</time>
      </trkpt>
      <trkpt lat="46.62687" lon="7.77956">
        <ele>1639.97</ele>
        <time>2026-05-04T05:07:38.6670000+00:00</time>
      </trkpt>
      <trkpt lat="46.62688" lon="7.77948">
        <ele>1641.2</ele>
        <time>2026-05-04T05:07:53.2900000+00:00</time>
      </trkpt>
      <trkpt lat="46.62687" lon="7.77939">
        <ele>1641.8</ele>
        <time>2026-05-04T05:08:09.6860000+00:00</time>
      </trkpt>
      <trkpt lat="46.62687" lon="7.77925">
        <ele>1639.79</ele>
        <time>2026-05-04T05:08:34.8620000+00:00</time>
      </trkpt>
      <trkpt lat="46.62688" lon="7.77908">
        <ele>1636.13</ele>
        <time>2026-05-04T05:09:05.5450000+00:00</time>
      </trkpt>
      <trkpt lat="46.62688" lon="7.77892">
        <ele>1632.26</ele>
        <time>2026-05-04T05:09:34.3180000+00:00</time>
      </trkpt>
      <trkpt lat="46.62688" lon="7.77881">
        <ele>1629.61</ele>
        <time>2026-05-04T05:09:54.0990000+00:00</time>
      </trkpt>
      <trkpt lat="46.62689" lon="7.77873">
        <ele>1628.13</ele>
        <time>2026-05-04T05:10:08.7210000+00:00</time>
      </trkpt>
      <trkpt lat="46.62691" lon="7.77864">
        <ele>1626.86</ele>
        <time>2026-05-04T05:10:25.7330000+00:00</time>
      </trkpt>
      <trkpt lat="46.62694" lon="7.77858">
        <ele>1626.78</ele>
        <time>2026-05-04T05:10:39.0800000+00:00</time>
      </trkpt>
      <trkpt lat="46.62696" lon="7.77854">
        <ele>1626.73</ele>
        <time>2026-05-04T05:10:47.9780000+00:00</time>
      </trkpt>
      <trkpt lat="46.627" lon="7.77853">
        <ele>1626.83</ele>
        <time>2026-05-04T05:10:58.6070000+00:00</time>
      </trkpt>
      <trkpt lat="46.62704" lon="7.77851">
        <ele>1625.4</ele>
        <time>2026-05-04T05:11:09.6820000+00:00</time>
      </trkpt>
      <trkpt lat="46.62712" lon="7.7785">
        <ele>1623.39</ele>
        <time>2026-05-04T05:11:30.7070000+00:00</time>
      </trkpt>
      <trkpt lat="46.62723" lon="7.77848">
        <ele>1620.47</ele>
        <time>2026-05-04T05:11:59.7350000+00:00</time>
      </trkpt>
      <trkpt lat="46.62732" lon="7.77845">
        <ele>1617.71</ele>
        <time>2026-05-04T05:12:23.9140000+00:00</time>
      </trkpt>
      <trkpt lat="46.62746" lon="7.77843">
        <ele>1614.51</ele>
        <time>2026-05-04T05:13:00.7510000+00:00</time>
      </trkpt>
      <trkpt lat="46.62754" lon="7.77841">
        <ele>1612.51</ele>
        <time>2026-05-04T05:13:22.0060000+00:00</time>
      </trkpt>
      <trkpt lat="46.6276" lon="7.77838">
        <ele>1610.68</ele>
        <time>2026-05-04T05:13:38.6200000+00:00</time>
      </trkpt>
      <trkpt lat="46.6277" lon="7.77831">
        <ele>1607.38</ele>
        <time>2026-05-04T05:14:07.6740000+00:00</time>
      </trkpt>
      <trkpt lat="46.62776" lon="7.77827">
        <ele>1605.62</ele>
        <time>2026-05-04T05:14:24.9540000+00:00</time>
      </trkpt>
      <trkpt lat="46.6278" lon="7.77822">
        <ele>1604.04</ele>
        <time>2026-05-04T05:14:38.7580000+00:00</time>
      </trkpt>
      <trkpt lat="46.62788" lon="7.77812">
        <ele>1597.04</ele>
        <time>2026-05-04T05:15:06.3660000+00:00</time>
      </trkpt>
      <trkpt lat="46.62792" lon="7.77809">
        <ele>1593.69</ele>
        <time>2026-05-04T05:15:18.1500000+00:00</time>
      </trkpt>
      <trkpt lat="46.62794" lon="7.77808">
        <ele>1592.12</ele>
        <time>2026-05-04T05:15:23.6900000+00:00</time>
      </trkpt>
      <trkpt lat="46.62799" lon="7.77806">
        <ele>1588.31</ele>
        <time>2026-05-04T05:15:37.2690000+00:00</time>
      </trkpt>
      <trkpt lat="46.62805" lon="7.77803">
        <ele>1583.65</ele>
        <time>2026-05-04T05:15:53.8810000+00:00</time>
      </trkpt>
      <trkpt lat="46.62811" lon="7.77802">
        <ele>1579.38</ele>
        <time>2026-05-04T05:16:09.6960000+00:00</time>
      </trkpt>
      <trkpt lat="46.62816" lon="7.77801">
        <ele>1575.79</ele>
        <time>2026-05-04T05:16:22.9110000+00:00</time>
      </trkpt>
      <trkpt lat="46.62818" lon="7.77799">
        <ele>1574.1</ele>
        <time>2026-05-04T05:16:29.2660000+00:00</time>
      </trkpt>
      <trkpt lat="46.6282" lon="7.77796">
        <ele>1572.25</ele>
        <time>2026-05-04T05:16:36.7850000+00:00</time>
      </trkpt>
      <trkpt lat="46.6282" lon="7.77791">
        <ele>1571.42</ele>
        <time>2026-05-04T05:16:45.7780000+00:00</time>
      </trkpt>
      <trkpt lat="46.6282" lon="7.77786">
        <ele>1570.6</ele>
        <time>2026-05-04T05:16:54.7710000+00:00</time>
      </trkpt>
      <trkpt lat="46.62821" lon="7.77779">
        <ele>1568.78</ele>
        <time>2026-05-04T05:17:07.6290000+00:00</time>
      </trkpt>
      <trkpt lat="46.62822" lon="7.77773">
        <ele>1567.15</ele>
        <time>2026-05-04T05:17:18.7340000+00:00</time>
      </trkpt>
      <trkpt lat="46.62826" lon="7.7776">
        <ele>1562.53</ele>
        <time>2026-05-04T05:17:44.3510000+00:00</time>
      </trkpt>
      <trkpt lat="46.62833" lon="7.7774">
        <ele>1555.17</ele>
        <time>2026-05-04T05:18:24.7180000+00:00</time>
      </trkpt>
      <trkpt lat="46.62841" lon="7.77716">
        <ele>1547.01</ele>
        <time>2026-05-04T05:19:12.6930000+00:00</time>
      </trkpt>
      <trkpt lat="46.62846" lon="7.777">
        <ele>1542</ele>
        <time>2026-05-04T05:19:44.3040000+00:00</time>
      </trkpt>
      <trkpt lat="46.62852" lon="7.77683">
        <ele>1536.53</ele>
        <time>2026-05-04T05:20:18.6750000+00:00</time>
      </trkpt>
      <trkpt lat="46.62856" lon="7.77678">
        <ele>1533.82</ele>
        <time>2026-05-04T05:20:32.4820000+00:00</time>
      </trkpt>
      <trkpt lat="46.62859" lon="7.77672">
        <ele>1531.63</ele>
        <time>2026-05-04T05:20:45.8290000+00:00</time>
      </trkpt>
      <trkpt lat="46.62862" lon="7.77661">
        <ele>1529.08</ele>
        <time>2026-05-04T05:21:07.1140000+00:00</time>
      </trkpt>
      <trkpt lat="46.62864" lon="7.77654">
        <ele>1527.5</ele>
        <time>2026-05-04T05:21:20.7480000+00:00</time>
      </trkpt>
      <trkpt lat="46.62868" lon="7.77644">
        <ele>1523.89</ele>
        <time>2026-05-04T05:21:41.5580000+00:00</time>
      </trkpt>
      <trkpt lat="46.62872" lon="7.77639">
        <ele>1520.67</ele>
        <time>2026-05-04T05:21:55.3620000+00:00</time>
      </trkpt>
      <trkpt lat="46.62877" lon="7.77631">
        <ele>1516.56</ele>
        <time>2026-05-04T05:22:14.8130000+00:00</time>
      </trkpt>
      <trkpt lat="46.62884" lon="7.77619">
        <ele>1510.88</ele>
        <time>2026-05-04T05:22:43.1270000+00:00</time>
      </trkpt>
      <trkpt lat="46.6289" lon="7.77613">
        <ele>1506.38</ele>
        <time>2026-05-04T05:23:02.1860000+00:00</time>
      </trkpt>
      <trkpt lat="46.62897" lon="7.77604">
        <ele>1501.11</ele>
        <time>2026-05-04T05:23:26.6390000+00:00</time>
      </trkpt>
      <trkpt lat="46.62906" lon="7.77598">
        <ele>1495.45</ele>
        <time>2026-05-04T05:23:52.5600000+00:00</time>
      </trkpt>
      <trkpt lat="46.62914" lon="7.77595">
        <ele>1490.52</ele>
        <time>2026-05-04T05:24:14.1920000+00:00</time>
      </trkpt>
      <trkpt lat="46.62918" lon="7.7759">
        <ele>1488.57</ele>
        <time>2026-05-04T05:24:27.9970000+00:00</time>
      </trkpt>
      <trkpt lat="46.62923" lon="7.77585">
        <ele>1486.03</ele>
        <time>2026-05-04T05:24:43.8820000+00:00</time>
      </trkpt>
      <trkpt lat="46.62924" lon="7.77581">
        <ele>1485.98</ele>
        <time>2026-05-04T05:24:51.5350000+00:00</time>
      </trkpt>
      <trkpt lat="46.62927" lon="7.77576">
        <ele>1484.81</ele>
        <time>2026-05-04T05:25:03.4770000+00:00</time>
      </trkpt>
      <trkpt lat="46.62933" lon="7.77575">
        <ele>1481.14</ele>
        <time>2026-05-04T05:25:19.2920000+00:00</time>
      </trkpt>
      <trkpt lat="46.62939" lon="7.77569">
        <ele>1478.32</ele>
        <time>2026-05-04T05:25:38.3520000+00:00</time>
      </trkpt>
      <trkpt lat="46.62948" lon="7.77558">
        <ele>1474.71</ele>
        <time>2026-05-04T05:26:09.1200000+00:00</time>
      </trkpt>
      <trkpt lat="46.62953" lon="7.77554">
        <ele>1473.11</ele>
        <time>2026-05-04T05:26:24.0590000+00:00</time>
      </trkpt>
      <trkpt lat="46.62955" lon="7.77551">
        <ele>1472.71</ele>
        <time>2026-05-04T05:26:31.5810000+00:00</time>
      </trkpt>
      <trkpt lat="46.62959" lon="7.77543">
        <ele>1472.25</ele>
        <time>2026-05-04T05:26:49.3770000+00:00</time>
      </trkpt>
      <trkpt lat="46.6296" lon="7.77538">
        <ele>1472.65</ele>
        <time>2026-05-04T05:26:58.7400000+00:00</time>
      </trkpt>
      <trkpt lat="46.62963" lon="7.77531">
        <ele>1472.45</ele>
        <time>2026-05-04T05:27:13.5770000+00:00</time>
      </trkpt>
      <trkpt lat="46.62964" lon="7.77526">
        <ele>1472.84</ele>
        <time>2026-05-04T05:27:22.9400000+00:00</time>
      </trkpt>
      <trkpt lat="46.62965" lon="7.77522">
        <ele>1473.05</ele>
        <time>2026-05-04T05:27:30.5940000+00:00</time>
      </trkpt>
      <trkpt lat="46.62969" lon="7.77514">
        <ele>1473.06</ele>
        <time>2026-05-04T05:27:48.3870000+00:00</time>
      </trkpt>
      <trkpt lat="46.62976" lon="7.77501">
        <ele>1473.44</ele>
        <time>2026-05-04T05:28:18.0940000+00:00</time>
      </trkpt>
      <trkpt lat="46.62982" lon="7.77488">
        <ele>1474.31</ele>
        <time>2026-05-04T05:28:46.2610000+00:00</time>
      </trkpt>
      <trkpt lat="46.62988" lon="7.77476">
        <ele>1474.88</ele>
        <time>2026-05-04T05:29:12.9540000+00:00</time>
      </trkpt>
      <trkpt lat="46.62991" lon="7.77466">
        <ele>1476.32</ele>
        <time>2026-05-04T05:29:32.5770000+00:00</time>
      </trkpt>
      <trkpt lat="46.62993" lon="7.77452">
        <ele>1479.4</ele>
        <time>2026-05-04T05:29:58.2910000+00:00</time>
      </trkpt>
      <trkpt lat="46.62995" lon="7.77446">
        <ele>1480.17</ele>
        <time>2026-05-04T05:30:10.2850000+00:00</time>
      </trkpt>
      <trkpt lat="46.62997" lon="7.77438">
        <ele>1481.51</ele>
        <time>2026-05-04T05:30:25.5940000+00:00</time>
      </trkpt>
      <trkpt lat="46.62997" lon="7.77423">
        <ele>1484.9</ele>
        <time>2026-05-04T05:30:52.5690000+00:00</time>
      </trkpt>
      <trkpt lat="46.62995" lon="7.77411">
        <ele>1488.36</ele>
        <time>2026-05-04T05:31:14.7730000+00:00</time>
      </trkpt>
      <trkpt lat="46.62994" lon="7.77401">
        <ele>1490.91</ele>
        <time>2026-05-04T05:31:32.9450000+00:00</time>
      </trkpt>
      <trkpt lat="46.62994" lon="7.77392">
        <ele>1492.8</ele>
        <time>2026-05-04T05:31:49.1290000+00:00</time>
      </trkpt>
      <trkpt lat="46.62996" lon="7.77381">
        <ele>1494.27</ele>
        <time>2026-05-04T05:32:09.5930000+00:00</time>
      </trkpt>
      <trkpt lat="46.62998" lon="7.77368">
        <ele>1496.22</ele>
        <time>2026-05-04T05:32:33.5490000+00:00</time>
      </trkpt>
      <trkpt lat="46.62999" lon="7.77353">
        <ele>1499.05</ele>
        <time>2026-05-04T05:33:00.6490000+00:00</time>
      </trkpt>
      <trkpt lat="46.63" lon="7.77343">
        <ele>1499.79</ele>
        <time>2026-05-04T05:33:18.8200000+00:00</time>
      </trkpt>
      <trkpt lat="46.63001" lon="7.77334">
        <ele>1500.36</ele>
        <time>2026-05-04T05:33:35.2160000+00:00</time>
      </trkpt>
      <trkpt lat="46.63004" lon="7.77322">
        <ele>1500.62</ele>
        <time>2026-05-04T05:33:58.1810000+00:00</time>
      </trkpt>
      <trkpt lat="46.63009" lon="7.77317">
        <ele>1499.55</ele>
        <time>2026-05-04T05:34:14.0660000+00:00</time>
      </trkpt>
      <trkpt lat="46.63014" lon="7.77309">
        <ele>1498.95</ele>
        <time>2026-05-04T05:34:33.5170000+00:00</time>
      </trkpt>
      <trkpt lat="46.6302" lon="7.77296">
        <ele>1498.88</ele>
        <time>2026-05-04T05:35:01.6830000+00:00</time>
      </trkpt>
      <trkpt lat="46.63027" lon="7.7727">
        <ele>1500.76</ele>
        <time>2026-05-04T05:35:51.9010000+00:00</time>
      </trkpt>
      <trkpt lat="46.63035" lon="7.77233">
        <ele>1504.4</ele>
        <time>2026-05-04T05:37:01.6540000+00:00</time>
      </trkpt>
      <trkpt lat="46.63038" lon="7.77216">
        <ele>1506.22</ele>
        <time>2026-05-04T05:37:33.2170000+00:00</time>
      </trkpt>
      <trkpt lat="46.63042" lon="7.77189">
        <ele>1509.38</ele>
        <time>2026-05-04T05:38:22.8860000+00:00</time>
      </trkpt>
      <trkpt lat="46.6305" lon="7.77173">
        <ele>1510.67</ele>
        <time>2026-05-04T05:38:58.4760000+00:00</time>
      </trkpt>
      <trkpt lat="46.63059" lon="7.77162">
        <ele>1510.71</ele>
        <time>2026-05-04T05:39:29.2440000+00:00</time>
      </trkpt>
      <trkpt lat="46.63074" lon="7.77143">
        <ele>1510.79</ele>
        <time>2026-05-04T05:40:21.3030000+00:00</time>
      </trkpt>
      <trkpt lat="46.63076" lon="7.77135">
        <ele>1512.03</ele>
        <time>2026-05-04T05:40:36.6110000+00:00</time>
      </trkpt>
      <trkpt lat="46.63084" lon="7.77127">
        <ele>1511.5</ele>
        <time>2026-05-04T05:41:02.0230000+00:00</time>
      </trkpt>
      <trkpt lat="46.63099" lon="7.77115">
        <ele>1509.75</ele>
        <time>2026-05-04T05:41:46.8390000+00:00</time>
      </trkpt>
      <trkpt lat="46.63102" lon="7.77114">
        <ele>1509.08</ele>
        <time>2026-05-04T05:41:54.9000000+00:00</time>
      </trkpt>
      <trkpt lat="46.6311" lon="7.77108">
        <ele>1508.01</ele>
        <time>2026-05-04T05:42:18.4640000+00:00</time>
      </trkpt>
      <trkpt lat="46.63114" lon="7.77106">
        <ele>1507.25</ele>
        <time>2026-05-04T05:42:29.5390000+00:00</time>
      </trkpt>
      <trkpt lat="46.6312" lon="7.771">
        <ele>1504.57</ele>
        <time>2026-05-04T05:42:48.5990000+00:00</time>
      </trkpt>
      <trkpt lat="46.63124" lon="7.77092">
        <ele>1503.52</ele>
        <time>2026-05-04T05:43:06.3940000+00:00</time>
      </trkpt>
      <trkpt lat="46.63127" lon="7.77083">
        <ele>1503.32</ele>
        <time>2026-05-04T05:43:24.3820000+00:00</time>
      </trkpt>
      <trkpt lat="46.6313" lon="7.77076">
        <ele>1502.69</ele>
        <time>2026-05-04T05:43:39.2190000+00:00</time>
      </trkpt>
      <trkpt lat="46.63132" lon="7.77067">
        <ele>1503.11</ele>
        <time>2026-05-04T05:43:56.2280000+00:00</time>
      </trkpt>
      <trkpt lat="46.63135" lon="7.77055">
        <ele>1503.43</ele>
        <time>2026-05-04T05:44:19.1910000+00:00</time>
      </trkpt>
      <trkpt lat="46.63138" lon="7.77045">
        <ele>1503.32</ele>
        <time>2026-05-04T05:44:38.8140000+00:00</time>
      </trkpt>
      <trkpt lat="46.63142" lon="7.7703">
        <ele>1503.46</ele>
        <time>2026-05-04T05:45:07.7490000+00:00</time>
      </trkpt>
      <trkpt lat="46.63144" lon="7.77019">
        <ele>1504.18</ele>
        <time>2026-05-04T05:45:28.2100000+00:00</time>
      </trkpt>
      <trkpt lat="46.63146" lon="7.77008">
        <ele>1505.08</ele>
        <time>2026-05-04T05:45:48.6710000+00:00</time>
      </trkpt>
      <trkpt lat="46.63148" lon="7.76999">
        <ele>1505.59</ele>
        <time>2026-05-04T05:46:05.6800000+00:00</time>
      </trkpt>
      <trkpt lat="46.63153" lon="7.76987">
        <ele>1504.76</ele>
        <time>2026-05-04T05:46:30.9190000+00:00</time>
      </trkpt>
      <trkpt lat="46.63156" lon="7.76975">
        <ele>1505.35</ele>
        <time>2026-05-04T05:46:53.8820000+00:00</time>
      </trkpt>
      <trkpt lat="46.6316" lon="7.76961">
        <ele>1505.79</ele>
        <time>2026-05-04T05:47:21.1490000+00:00</time>
      </trkpt>
      <trkpt lat="46.63162" lon="7.76952">
        <ele>1506.5</ele>
        <time>2026-05-04T05:47:38.1580000+00:00</time>
      </trkpt>
      <trkpt lat="46.63162" lon="7.76935">
        <ele>1510.18</ele>
        <time>2026-05-04T05:48:08.7260000+00:00</time>
      </trkpt>
      <trkpt lat="46.63165" lon="7.76903">
        <ele>1512.58</ele>
        <time>2026-05-04T05:49:06.8010000+00:00</time>
      </trkpt>
      <trkpt lat="46.63162" lon="7.76901">
        <ele>1514.57</ele>
        <time>2026-05-04T05:49:15.4420000+00:00</time>
      </trkpt>
      <trkpt lat="46.6316" lon="7.76898">
        <ele>1516.1</ele>
        <time>2026-05-04T05:49:22.9610000+00:00</time>
      </trkpt>
      <trkpt lat="46.63159" lon="7.76895">
        <ele>1517.05</ele>
        <time>2026-05-04T05:49:28.9600000+00:00</time>
      </trkpt>
      <trkpt lat="46.63158" lon="7.76884">
        <ele>1518.97</ele>
        <time>2026-05-04T05:49:48.9140000+00:00</time>
      </trkpt>
      <trkpt lat="46.63156" lon="7.76873">
        <ele>1521.39</ele>
        <time>2026-05-04T05:50:09.3750000+00:00</time>
      </trkpt>
      <trkpt lat="46.63155" lon="7.76867">
        <ele>1522.64</ele>
        <time>2026-05-04T05:50:20.4770000+00:00</time>
      </trkpt>
      <trkpt lat="46.63152" lon="7.76858">
        <ele>1525.25</ele>
        <time>2026-05-04T05:50:38.4660000+00:00</time>
      </trkpt>
      <trkpt lat="46.63145" lon="7.76844">
        <ele>1529.58</ele>
        <time>2026-05-04T05:51:09.6060000+00:00</time>
      </trkpt>
      <trkpt lat="46.63137" lon="7.76827">
        <ele>1533.91</ele>
        <time>2026-05-04T05:51:46.6640000+00:00</time>
      </trkpt>
      <trkpt lat="46.6313" lon="7.7681">
        <ele>1537.67</ele>
        <time>2026-05-04T05:52:22.3080000+00:00</time>
      </trkpt>
      <trkpt lat="46.63124" lon="7.76796">
        <ele>1540.83</ele>
        <time>2026-05-04T05:52:51.9830000+00:00</time>
      </trkpt>
      <trkpt lat="46.63116" lon="7.76779">
        <ele>1544.95</ele>
        <time>2026-05-04T05:53:29.0420000+00:00</time>
      </trkpt>
      <trkpt lat="46.63112" lon="7.76771">
        <ele>1545.28</ele>
        <time>2026-05-04T05:53:46.8350000+00:00</time>
      </trkpt>
      <trkpt lat="46.63109" lon="7.76764">
        <ele>1544.83</ele>
        <time>2026-05-04T05:54:01.6710000+00:00</time>
      </trkpt>
      <trkpt lat="46.63105" lon="7.7676">
        <ele>1543.92</ele>
        <time>2026-05-04T05:54:14.3770000+00:00</time>
      </trkpt>
      <trkpt lat="46.631" lon="7.76755">
        <ele>1542.82</ele>
        <time>2026-05-04T05:54:30.2620000+00:00</time>
      </trkpt>
      <trkpt lat="46.63094" lon="7.76747">
        <ele>1541.79</ele>
        <time>2026-05-04T05:54:51.5660000+00:00</time>
      </trkpt>
      <trkpt lat="46.6309" lon="7.76739">
        <ele>1541.45</ele>
        <time>2026-05-04T05:55:09.3600000+00:00</time>
      </trkpt>
      <trkpt lat="46.63086" lon="7.76729">
        <ele>1541.42</ele>
        <time>2026-05-04T05:55:30.1700000+00:00</time>
      </trkpt>
      <trkpt lat="46.63079" lon="7.76716">
        <ele>1540.95</ele>
        <time>2026-05-04T05:55:59.8760000+00:00</time>
      </trkpt>
      <trkpt lat="46.63075" lon="7.76706">
        <ele>1541.09</ele>
        <time>2026-05-04T05:56:20.6860000+00:00</time>
      </trkpt>
      <trkpt lat="46.63071" lon="7.76698">
        <ele>1541.03</ele>
        <time>2026-05-04T05:56:38.4820000+00:00</time>
      </trkpt>
      <trkpt lat="46.63065" lon="7.76682">
        <ele>1541.6</ele>
        <time>2026-05-04T05:57:11.2640000+00:00</time>
      </trkpt>
      <trkpt lat="46.63061" lon="7.7667">
        <ele>1542.17</ele>
        <time>2026-05-04T05:57:35.2490000+00:00</time>
      </trkpt>
      <trkpt lat="46.63057" lon="7.76657">
        <ele>1542.87</ele>
        <time>2026-05-04T05:58:00.8650000+00:00</time>
      </trkpt>
      <trkpt lat="46.63054" lon="7.76647">
        <ele>1543.42</ele>
        <time>2026-05-04T05:58:20.4880000+00:00</time>
      </trkpt>
      <trkpt lat="46.63053" lon="7.76642">
        <ele>1543.83</ele>
        <time>2026-05-04T05:58:29.8540000+00:00</time>
      </trkpt>
      <trkpt lat="46.63052" lon="7.76639">
        <ele>1543.97</ele>
        <time>2026-05-04T05:58:35.8530000+00:00</time>
      </trkpt>
      <trkpt lat="46.6305" lon="7.76636">
        <ele>1543.83</ele>
        <time>2026-05-04T05:58:43.3720000+00:00</time>
      </trkpt>
      <trkpt lat="46.63045" lon="7.7663">
        <ele>1543.28</ele>
        <time>2026-05-04T05:59:00.3400000+00:00</time>
      </trkpt>
      <trkpt lat="46.6304" lon="7.76627">
        <ele>1542.31</ele>
        <time>2026-05-04T05:59:14.5020000+00:00</time>
      </trkpt>
      <trkpt lat="46.63036" lon="7.76624">
        <ele>1541.62</ele>
        <time>2026-05-04T05:59:26.2860000+00:00</time>
      </trkpt>
      <trkpt lat="46.63031" lon="7.76624">
        <ele>1540.26</ele>
        <time>2026-05-04T05:59:39.3800000+00:00</time>
      </trkpt>
      <trkpt lat="46.6303" lon="7.76623">
        <ele>1539.98</ele>
        <time>2026-05-04T05:59:42.5570000+00:00</time>
      </trkpt>
      <trkpt lat="46.63027" lon="7.76623">
        <ele>1538.66</ele>
        <time>2026-05-04T05:59:50.4110000+00:00</time>
      </trkpt>
      <trkpt lat="46.63024" lon="7.76625">
        <ele>1537.06</ele>
        <time>2026-05-04T05:59:59.0520000+00:00</time>
      </trkpt>
      <trkpt lat="46.6302" lon="7.76626">
        <ele>1535.14</ele>
        <time>2026-05-04T06:00:09.6810000+00:00</time>
      </trkpt>
      <trkpt lat="46.63014" lon="7.76625">
        <ele>1532.63</ele>
        <time>2026-05-04T06:00:25.4920000+00:00</time>
      </trkpt>
      <trkpt lat="46.63013" lon="7.7663">
        <ele>1531.44</ele>
        <time>2026-05-04T06:00:34.8560000+00:00</time>
      </trkpt>
      <trkpt lat="46.63008" lon="7.76632">
        <ele>1528.89</ele>
        <time>2026-05-04T06:00:48.4330000+00:00</time>
      </trkpt>
      <trkpt lat="46.63" lon="7.76636">
        <ele>1524.64</ele>
        <time>2026-05-04T06:01:10.5810000+00:00</time>
      </trkpt>
      <trkpt lat="46.62996" lon="7.76642">
        <ele>1521.82</ele>
        <time>2026-05-04T06:01:25.6180000+00:00</time>
      </trkpt>
      <trkpt lat="46.62991" lon="7.76648">
        <ele>1518.48</ele>
        <time>2026-05-04T06:01:42.5830000+00:00</time>
      </trkpt>
      <trkpt lat="46.62988" lon="7.76652">
        <ele>1516.38</ele>
        <time>2026-05-04T06:01:53.2320000+00:00</time>
      </trkpt>
      <trkpt lat="46.62984" lon="7.76654">
        <ele>1514.15</ele>
        <time>2026-05-04T06:02:04.3080000+00:00</time>
      </trkpt>
      <trkpt lat="46.62982" lon="7.76658">
        <ele>1512.48</ele>
        <time>2026-05-04T06:02:13.2060000+00:00</time>
      </trkpt>
      <trkpt lat="46.62976" lon="7.76662">
        <ele>1508.87</ele>
        <time>2026-05-04T06:02:30.4860000+00:00</time>
      </trkpt>
      <trkpt lat="46.62974" lon="7.76668">
        <ele>1506.77</ele>
        <time>2026-05-04T06:02:42.4790000+00:00</time>
      </trkpt>
      <trkpt lat="46.62971" lon="7.76672">
        <ele>1504.55</ele>
        <time>2026-05-04T06:02:53.1310000+00:00</time>
      </trkpt>
      <trkpt lat="46.62966" lon="7.76674">
        <ele>1501.7</ele>
        <time>2026-05-04T06:03:06.7100000+00:00</time>
      </trkpt>
      <trkpt lat="46.62963" lon="7.76677">
        <ele>1499.62</ele>
        <time>2026-05-04T06:03:16.2430000+00:00</time>
      </trkpt>
      <trkpt lat="46.62961" lon="7.76678">
        <ele>1498.43</ele>
        <time>2026-05-04T06:03:21.7780000+00:00</time>
      </trkpt>
      <trkpt lat="46.62958" lon="7.76676">
        <ele>1497.35</ele>
        <time>2026-05-04T06:03:30.4200000+00:00</time>
      </trkpt>
      <trkpt lat="46.62954" lon="7.76674">
        <ele>1495.79</ele>
        <time>2026-05-04T06:03:41.4950000+00:00</time>
      </trkpt>
      <trkpt lat="46.62951" lon="7.76674">
        <ele>1494.32</ele>
        <time>2026-05-04T06:03:49.3510000+00:00</time>
      </trkpt>
      <trkpt lat="46.62948" lon="7.76674">
        <ele>1492.84</ele>
        <time>2026-05-04T06:03:57.2080000+00:00</time>
      </trkpt>
      <trkpt lat="46.62945" lon="7.76672">
        <ele>1492</ele>
        <time>2026-05-04T06:04:05.8500000+00:00</time>
      </trkpt>
      <trkpt lat="46.62944" lon="7.76671">
        <ele>1491.81</ele>
        <time>2026-05-04T06:04:09.0270000+00:00</time>
      </trkpt>
      <trkpt lat="46.62942" lon="7.76673">
        <ele>1490.56</ele>
        <time>2026-05-04T06:04:15.3820000+00:00</time>
      </trkpt>
      <trkpt lat="46.6294" lon="7.76674">
        <ele>1489.52</ele>
        <time>2026-05-04T06:04:20.9220000+00:00</time>
      </trkpt>
      <trkpt lat="46.62938" lon="7.76672">
        <ele>1489.13</ele>
        <time>2026-05-04T06:04:27.2730000+00:00</time>
      </trkpt>
      <trkpt lat="46.62933" lon="7.76666">
        <ele>1488.36</ele>
        <time>2026-05-04T06:04:44.2380000+00:00</time>
      </trkpt>
      <trkpt lat="46.62928" lon="7.76661">
        <ele>1487.37</ele>
        <time>2026-05-04T06:05:00.1210000+00:00</time>
      </trkpt>
      <trkpt lat="46.62923" lon="7.76655">
        <ele>1486.59</ele>
        <time>2026-05-04T06:05:17.0860000+00:00</time>
      </trkpt>
      <trkpt lat="46.62918" lon="7.76651">
        <ele>1485.37</ele>
        <time>2026-05-04T06:05:32.0260000+00:00</time>
      </trkpt>
      <trkpt lat="46.62914" lon="7.76647">
        <ele>1484.57</ele>
        <time>2026-05-04T06:05:44.7320000+00:00</time>
      </trkpt>
      <trkpt lat="46.62909" lon="7.76644">
        <ele>1483.13</ele>
        <time>2026-05-04T06:05:58.8930000+00:00</time>
      </trkpt>
      <trkpt lat="46.62906" lon="7.76643">
        <ele>1482.09</ele>
        <time>2026-05-04T06:06:06.9480000+00:00</time>
      </trkpt>
      <trkpt lat="46.62904" lon="7.7664">
        <ele>1481.89</ele>
        <time>2026-05-04T06:06:14.4630000+00:00</time>
      </trkpt>
      <trkpt lat="46.62902" lon="7.76638">
        <ele>1481.48</ele>
        <time>2026-05-04T06:06:20.8180000+00:00</time>
      </trkpt>
      <trkpt lat="46.62901" lon="7.76638">
        <ele>1481.07</ele>
        <time>2026-05-04T06:06:23.4450000+00:00</time>
      </trkpt>
      <trkpt lat="46.629" lon="7.76642">
        <ele>1479.82</ele>
        <time>2026-05-04T06:06:31.1020000+00:00</time>
      </trkpt>
      <trkpt lat="46.62898" lon="7.76648">
        <ele>1477.73</ele>
        <time>2026-05-04T06:06:43.0960000+00:00</time>
      </trkpt>
      <trkpt lat="46.62897" lon="7.7665">
        <ele>1476.9</ele>
        <time>2026-05-04T06:06:47.5560000+00:00</time>
      </trkpt>
      <trkpt lat="46.62895" lon="7.7665">
        <ele>1476.07</ele>
        <time>2026-05-04T06:06:52.7990000+00:00</time>
      </trkpt>
      <trkpt lat="46.62891" lon="7.76649">
        <ele>1474.63</ele>
        <time>2026-05-04T06:07:03.4230000+00:00</time>
      </trkpt>
      <trkpt lat="46.62886" lon="7.76647">
        <ele>1472.97</ele>
        <time>2026-05-04T06:07:17.0000000+00:00</time>
      </trkpt>
      <trkpt lat="46.62882" lon="7.76644">
        <ele>1471.94</ele>
        <time>2026-05-04T06:07:28.7830000+00:00</time>
      </trkpt>
      <trkpt lat="46.62877" lon="7.76642">
        <ele>1470.28</ele>
        <time>2026-05-04T06:07:42.3600000+00:00</time>
      </trkpt>
      <trkpt lat="46.62871" lon="7.76638">
        <ele>1468.61</ele>
        <time>2026-05-04T06:07:59.6410000+00:00</time>
      </trkpt>
      <trkpt lat="46.62866" lon="7.76636">
        <ele>1466.94</ele>
        <time>2026-05-04T06:08:13.2180000+00:00</time>
      </trkpt>
      <trkpt lat="46.62862" lon="7.76635">
        <ele>1465.28</ele>
        <time>2026-05-04T06:08:23.8440000+00:00</time>
      </trkpt>
      <trkpt lat="46.62857" lon="7.76636">
        <ele>1462.56</ele>
        <time>2026-05-04T06:08:37.0590000+00:00</time>
      </trkpt>
      <trkpt lat="46.62851" lon="7.76643">
        <ele>1458.1</ele>
        <time>2026-05-04T06:08:57.1910000+00:00</time>
      </trkpt>
      <trkpt lat="46.62847" lon="7.76646">
        <ele>1455.47</ele>
        <time>2026-05-04T06:09:08.9750000+00:00</time>
      </trkpt>
      <trkpt lat="46.62844" lon="7.76647">
        <ele>1453.75</ele>
        <time>2026-05-04T06:09:17.0360000+00:00</time>
      </trkpt>
      <trkpt lat="46.62839" lon="7.76646">
        <ele>1451.43</ele>
        <time>2026-05-04T06:09:30.2510000+00:00</time>
      </trkpt>
      <trkpt lat="46.62832" lon="7.76642">
        <ele>1448.72</ele>
        <time>2026-05-04T06:09:49.9430000+00:00</time>
      </trkpt>
      <trkpt lat="46.62826" lon="7.76642">
        <ele>1445.69</ele>
        <time>2026-05-04T06:10:05.6560000+00:00</time>
      </trkpt>
      <trkpt lat="46.62824" lon="7.7664">
        <ele>1445.09</ele>
        <time>2026-05-04T06:10:12.0070000+00:00</time>
      </trkpt>
      <trkpt lat="46.6282" lon="7.76636">
        <ele>1443.89</ele>
        <time>2026-05-04T06:10:24.7140000+00:00</time>
      </trkpt>
      <trkpt lat="46.62817" lon="7.76635">
        <ele>1442.58</ele>
        <time>2026-05-04T06:10:32.7750000+00:00</time>
      </trkpt>
      <trkpt lat="46.6281" lon="7.76638">
        <ele>1438.44</ele>
        <time>2026-05-04T06:10:51.8810000+00:00</time>
      </trkpt>
      <trkpt lat="46.62803" lon="7.76639">
        <ele>1434.7</ele>
        <time>2026-05-04T06:11:10.3000000+00:00</time>
      </trkpt>
      <trkpt lat="46.62794" lon="7.76638">
        <ele>1430.37</ele>
        <time>2026-05-04T06:11:33.9360000+00:00</time>
      </trkpt>
      <trkpt lat="46.62783" lon="7.7664">
        <ele>1424.41</ele>
        <time>2026-05-04T06:12:02.9640000+00:00</time>
      </trkpt>
      <trkpt lat="46.62774" lon="7.76645">
        <ele>1419.7</ele>
        <time>2026-05-04T06:12:28.1880000+00:00</time>
      </trkpt>
      <trkpt lat="46.62767" lon="7.76648">
        <ele>1416.41</ele>
        <time>2026-05-04T06:12:47.2950000+00:00</time>
      </trkpt>
      <trkpt lat="46.62759" lon="7.76651">
        <ele>1412.75</ele>
        <time>2026-05-04T06:13:08.9270000+00:00</time>
      </trkpt>
      <trkpt lat="46.6275" lon="7.76654">
        <ele>1408.72</ele>
        <time>2026-05-04T06:13:33.1040000+00:00</time>
      </trkpt>
      <trkpt lat="46.62742" lon="7.76657">
        <ele>1405.09</ele>
        <time>2026-05-04T06:13:54.7360000+00:00</time>
      </trkpt>
      <trkpt lat="46.62737" lon="7.76659">
        <ele>1402.8</ele>
        <time>2026-05-04T06:14:08.3130000+00:00</time>
      </trkpt>
      <trkpt lat="46.62731" lon="7.76663">
        <ele>1399.76</ele>
        <time>2026-05-04T06:14:25.5930000+00:00</time>
      </trkpt>
      <trkpt lat="46.62726" lon="7.76668">
        <ele>1396.92</ele>
        <time>2026-05-04T06:14:41.4770000+00:00</time>
      </trkpt>
      <trkpt lat="46.62725" lon="7.76673">
        <ele>1395.61</ele>
        <time>2026-05-04T06:14:50.8410000+00:00</time>
      </trkpt>
      <trkpt lat="46.62724" lon="7.76682">
        <ele>1393.54</ele>
        <time>2026-05-04T06:15:07.2350000+00:00</time>
      </trkpt>
      <trkpt lat="46.62727" lon="7.76685">
        <ele>1394.1</ele>
        <time>2026-05-04T06:15:16.7670000+00:00</time>
      </trkpt>
      <trkpt lat="46.62728" lon="7.76691">
        <ele>1393.04</ele>
        <time>2026-05-04T06:15:27.8690000+00:00</time>
      </trkpt>
      <trkpt lat="46.62727" lon="7.76694">
        <ele>1391.91</ele>
        <time>2026-05-04T06:15:33.8680000+00:00</time>
      </trkpt>
      <trkpt lat="46.62728" lon="7.76704">
        <ele>1389.8</ele>
        <time>2026-05-04T06:15:52.0410000+00:00</time>
      </trkpt>
      <trkpt lat="46.62726" lon="7.76716">
        <ele>1385.99</ele>
        <time>2026-05-04T06:16:14.2460000+00:00</time>
      </trkpt>
      <trkpt lat="46.62723" lon="7.76723">
        <ele>1382.97</ele>
        <time>2026-05-04T06:16:29.0860000+00:00</time>
      </trkpt>
      <trkpt lat="46.6272" lon="7.76724">
        <ele>1381.45</ele>
        <time>2026-05-04T06:16:37.1440000+00:00</time>
      </trkpt>
      <trkpt lat="46.62716" lon="7.76727">
        <ele>1378.97</ele>
        <time>2026-05-04T06:16:48.9260000+00:00</time>
      </trkpt>
      <trkpt lat="46.62713" lon="7.7673">
        <ele>1376.89</ele>
        <time>2026-05-04T06:16:58.4560000+00:00</time>
      </trkpt>
      <trkpt lat="46.62709" lon="7.76738">
        <ele>1372.98</ele>
        <time>2026-05-04T06:17:16.2510000+00:00</time>
      </trkpt>
      <trkpt lat="46.62708" lon="7.76747">
        <ele>1370.07</ele>
        <time>2026-05-04T06:17:32.6450000+00:00</time>
      </trkpt>
      <trkpt lat="46.62703" lon="7.76752">
        <ele>1366.41</ele>
        <time>2026-05-04T06:17:48.5280000+00:00</time>
      </trkpt>
      <trkpt lat="46.62701" lon="7.76754">
        <ele>1364.92</ele>
        <time>2026-05-04T06:17:54.8830000+00:00</time>
      </trkpt>
      <trkpt lat="46.62702" lon="7.76759">
        <ele>1363.97</ele>
        <time>2026-05-04T06:18:04.2460000+00:00</time>
      </trkpt>
      <trkpt lat="46.62701" lon="7.76764">
        <ele>1362.08</ele>
        <time>2026-05-04T06:18:13.6100000+00:00</time>
      </trkpt>
      <trkpt lat="46.62695" lon="7.76771">
        <ele>1358.12</ele>
        <time>2026-05-04T06:18:33.7410000+00:00</time>
      </trkpt>
      <trkpt lat="46.6269" lon="7.76779">
        <ele>1355.88</ele>
        <time>2026-05-04T06:18:53.1930000+00:00</time>
      </trkpt>
      <trkpt lat="46.62688" lon="7.76787">
        <ele>1354.36</ele>
        <time>2026-05-04T06:19:08.5030000+00:00</time>
      </trkpt>
      <trkpt lat="46.62687" lon="7.76783">
        <ele>1354.58</ele>
        <time>2026-05-04T06:19:16.1570000+00:00</time>
      </trkpt>
      <trkpt lat="46.62686" lon="7.7678">
        <ele>1354.69</ele>
        <time>2026-05-04T06:19:22.1560000+00:00</time>
      </trkpt>
      <trkpt lat="46.62684" lon="7.7678">
        <ele>1354.15</ele>
        <time>2026-05-04T06:19:27.3990000+00:00</time>
      </trkpt>
      <trkpt lat="46.62684" lon="7.76786">
        <ele>1353.37</ele>
        <time>2026-05-04T06:19:38.1910000+00:00</time>
      </trkpt>
      <trkpt lat="46.62683" lon="7.76787">
        <ele>1352.96</ele>
        <time>2026-05-04T06:19:41.3690000+00:00</time>
      </trkpt>
      <trkpt lat="46.62682" lon="7.76785">
        <ele>1352.95</ele>
        <time>2026-05-04T06:19:45.8180000+00:00</time>
      </trkpt>
      <trkpt lat="46.62681" lon="7.76783">
        <ele>1352.94</ele>
        <time>2026-05-04T06:19:50.2670000+00:00</time>
      </trkpt>
      <trkpt lat="46.6268" lon="7.76783">
        <ele>1352.66</ele>
        <time>2026-05-04T06:19:52.8930000+00:00</time>
      </trkpt>
      <trkpt lat="46.62678" lon="7.76788">
        <ele>1351.42</ele>
        <time>2026-05-04T06:20:03.2980000+00:00</time>
      </trkpt>
      <trkpt lat="46.62676" lon="7.7679">
        <ele>1350.57</ele>
        <time>2026-05-04T06:20:09.6530000+00:00</time>
      </trkpt>
      <trkpt lat="46.62672" lon="7.76792">
        <ele>1349.13</ele>
        <time>2026-05-04T06:20:20.7280000+00:00</time>
      </trkpt>
      <trkpt lat="46.62668" lon="7.76795">
        <ele>1347.51</ele>
        <time>2026-05-04T06:20:32.5120000+00:00</time>
      </trkpt>
      <trkpt lat="46.62667" lon="7.76799">
        <ele>1346.59</ele>
        <time>2026-05-04T06:20:40.1620000+00:00</time>
      </trkpt>
      <trkpt lat="46.62665" lon="7.76804">
        <ele>1345.2</ele>
        <time>2026-05-04T06:20:50.5670000+00:00</time>
      </trkpt>
      <trkpt lat="46.62662" lon="7.76808">
        <ele>1343.61</ele>
        <time>2026-05-04T06:21:01.2170000+00:00</time>
      </trkpt>
      <trkpt lat="46.6266" lon="7.76808">
        <ele>1342.99</ele>
        <time>2026-05-04T06:21:06.4500000+00:00</time>
      </trkpt>
      <trkpt lat="46.62658" lon="7.76803">
        <ele>1343.22</ele>
        <time>2026-05-04T06:21:16.8550000+00:00</time>
      </trkpt>
      <trkpt lat="46.62655" lon="7.76799">
        <ele>1343</ele>
        <time>2026-05-04T06:21:27.5070000+00:00</time>
      </trkpt>
      <trkpt lat="46.62653" lon="7.76797">
        <ele>1342.76</ele>
        <time>2026-05-04T06:21:33.8620000+00:00</time>
      </trkpt>
      <trkpt lat="46.62651" lon="7.76799">
        <ele>1341.81</ele>
        <time>2026-05-04T06:21:40.2170000+00:00</time>
      </trkpt>
      <trkpt lat="46.6265" lon="7.76803">
        <ele>1340.77</ele>
        <time>2026-05-04T06:21:47.8710000+00:00</time>
      </trkpt>
      <trkpt lat="46.6265" lon="7.76808">
        <ele>1339.85</ele>
        <time>2026-05-04T06:21:56.8580000+00:00</time>
      </trkpt>
      <trkpt lat="46.62649" lon="7.76809">
        <ele>1339.35</ele>
        <time>2026-05-04T06:22:00.0280000+00:00</time>
      </trkpt>
      <trkpt lat="46.62647" lon="7.76808">
        <ele>1338.91</ele>
        <time>2026-05-04T06:22:05.5630000+00:00</time>
      </trkpt>
      <trkpt lat="46.62643" lon="7.76805">
        <ele>1338.24</ele>
        <time>2026-05-04T06:22:17.3470000+00:00</time>
      </trkpt>
      <trkpt lat="46.62637" lon="7.76802">
        <ele>1337</ele>
        <time>2026-05-04T06:22:33.9600000+00:00</time>
      </trkpt>
      <trkpt lat="46.6263" lon="7.768">
        <ele>1335.31</ele>
        <time>2026-05-04T06:22:52.6400000+00:00</time>
      </trkpt>
      <trkpt lat="46.62628" lon="7.76798">
        <ele>1335.14</ele>
        <time>2026-05-04T06:22:58.9910000+00:00</time>
      </trkpt>
      <trkpt lat="46.62625" lon="7.76794">
        <ele>1335.14</ele>
        <time>2026-05-04T06:23:09.6430000+00:00</time>
      </trkpt>
      <trkpt lat="46.62622" lon="7.7679">
        <ele>1335.18</ele>
        <time>2026-05-04T06:23:20.2920000+00:00</time>
      </trkpt>
      <trkpt lat="46.6262" lon="7.76787">
        <ele>1335.31</ele>
        <time>2026-05-04T06:23:27.8110000+00:00</time>
      </trkpt>
      <trkpt lat="46.62618" lon="7.76787">
        <ele>1334.75</ele>
        <time>2026-05-04T06:23:33.0450000+00:00</time>
      </trkpt>
      <trkpt lat="46.62616" lon="7.76791">
        <ele>1333.24</ele>
        <time>2026-05-04T06:23:41.9430000+00:00</time>
      </trkpt>
      <trkpt lat="46.62614" lon="7.76787">
        <ele>1333.54</ele>
        <time>2026-05-04T06:23:50.8410000+00:00</time>
      </trkpt>
      <trkpt lat="46.62613" lon="7.76787">
        <ele>1333.09</ele>
        <time>2026-05-04T06:23:53.4480000+00:00</time>
      </trkpt>
      <trkpt lat="46.62611" lon="7.76792">
        <ele>1331</ele>
        <time>2026-05-04T06:24:03.8530000+00:00</time>
      </trkpt>
      <trkpt lat="46.62608" lon="7.76795">
        <ele>1328.96</ele>
        <time>2026-05-04T06:24:13.3850000+00:00</time>
      </trkpt>
      <trkpt lat="46.62607" lon="7.76802">
        <ele>1326.91</ele>
        <time>2026-05-04T06:24:26.2440000+00:00</time>
      </trkpt>
      <trkpt lat="46.62608" lon="7.76808">
        <ele>1325.96</ele>
        <time>2026-05-04T06:24:37.3490000+00:00</time>
      </trkpt>
      <trkpt lat="46.62606" lon="7.76809">
        <ele>1324.89</ele>
        <time>2026-05-04T06:24:42.8880000+00:00</time>
      </trkpt>
      <trkpt lat="46.62603" lon="7.76808">
        <ele>1323.84</ele>
        <time>2026-05-04T06:24:50.9490000+00:00</time>
      </trkpt>
      <trkpt lat="46.62599" lon="7.76802">
        <ele>1323.45</ele>
        <time>2026-05-04T06:25:05.9900000+00:00</time>
      </trkpt>
      <trkpt lat="46.62592" lon="7.76792">
        <ele>1322.49</ele>
        <time>2026-05-04T06:25:31.6680000+00:00</time>
      </trkpt>
      <trkpt lat="46.62589" lon="7.76789">
        <ele>1321.76</ele>
        <time>2026-05-04T06:25:41.2010000+00:00</time>
      </trkpt>
      <trkpt lat="46.62587" lon="7.76789">
        <ele>1320.86</ele>
        <time>2026-05-04T06:25:46.4390000+00:00</time>
      </trkpt>
      <trkpt lat="46.62587" lon="7.76792">
        <ele>1320.25</ele>
        <time>2026-05-04T06:25:51.8330000+00:00</time>
      </trkpt>
      <trkpt lat="46.62588" lon="7.76801">
        <ele>1318.88</ele>
        <time>2026-05-04T06:26:08.2300000+00:00</time>
      </trkpt>
      <trkpt lat="46.62588" lon="7.76805">
        <ele>1318.08</ele>
        <time>2026-05-04T06:26:15.4260000+00:00</time>
      </trkpt>
      <trkpt lat="46.62587" lon="7.76806">
        <ele>1317.45</ele>
        <time>2026-05-04T06:26:18.6030000+00:00</time>
      </trkpt>
      <trkpt lat="46.62585" lon="7.76802">
        <ele>1317.38</ele>
        <time>2026-05-04T06:26:27.5010000+00:00</time>
      </trkpt>
      <trkpt lat="46.62582" lon="7.76796">
        <ele>1317.24</ele>
        <time>2026-05-04T06:26:40.8480000+00:00</time>
      </trkpt>
      <trkpt lat="46.62578" lon="7.76788">
        <ele>1316.97</ele>
        <time>2026-05-04T06:26:58.6440000+00:00</time>
      </trkpt>
      <trkpt lat="46.62577" lon="7.76788">
        <ele>1316.52</ele>
        <time>2026-05-04T06:27:01.2610000+00:00</time>
      </trkpt>
      <trkpt lat="46.62576" lon="7.76794">
        <ele>1314.96</ele>
        <time>2026-05-04T06:27:12.3630000+00:00</time>
      </trkpt>
      <trkpt lat="46.62576" lon="7.76798">
        <ele>1314.22</ele>
        <time>2026-05-04T06:27:19.5520000+00:00</time>
      </trkpt>
      <trkpt lat="46.62575" lon="7.76806">
        <ele>1312.32</ele>
        <time>2026-05-04T06:27:34.1750000+00:00</time>
      </trkpt>
      <trkpt lat="46.62575" lon="7.76814">
        <ele>1310.85</ele>
        <time>2026-05-04T06:27:48.5600000+00:00</time>
      </trkpt>
      <trkpt lat="46.62575" lon="7.76824">
        <ele>1309.02</ele>
        <time>2026-05-04T06:28:06.5430000+00:00</time>
      </trkpt>
      <trkpt lat="46.62574" lon="7.76837">
        <ele>1306.25</ele>
        <time>2026-05-04T06:28:30.0680000+00:00</time>
      </trkpt>
      <trkpt lat="46.62576" lon="7.76842">
        <ele>1306.09</ele>
        <time>2026-05-04T06:28:40.4730000+00:00</time>
      </trkpt>
      <trkpt lat="46.62578" lon="7.76845">
        <ele>1306.28</ele>
        <time>2026-05-04T06:28:47.9880000+00:00</time>
      </trkpt>
      <trkpt lat="46.62582" lon="7.76848">
        <ele>1307.19</ele>
        <time>2026-05-04T06:28:59.7700000+00:00</time>
      </trkpt>
      <trkpt lat="46.62583" lon="7.76853">
        <ele>1306.64</ele>
        <time>2026-05-04T06:29:09.1330000+00:00</time>
      </trkpt>
      <trkpt lat="46.62583" lon="7.76859">
        <ele>1306.36</ele>
        <time>2026-05-04T06:29:19.9250000+00:00</time>
      </trkpt>
      <trkpt lat="46.62582" lon="7.76864">
        <ele>1305.77</ele>
        <time>2026-05-04T06:29:29.2880000+00:00</time>
      </trkpt>
      <trkpt lat="46.62579" lon="7.76869">
        <ele>1304.48</ele>
        <time>2026-05-04T06:29:41.2270000+00:00</time>
      </trkpt>
      <trkpt lat="46.62577" lon="7.76879">
        <ele>1303.34</ele>
        <time>2026-05-04T06:29:59.9580000+00:00</time>
      </trkpt>
      <trkpt lat="46.62573" lon="7.76883">
        <ele>1301.77</ele>
        <time>2026-05-04T06:30:12.6640000+00:00</time>
      </trkpt>
      <trkpt lat="46.62569" lon="7.76885">
        <ele>1300.3</ele>
        <time>2026-05-04T06:30:23.7390000+00:00</time>
      </trkpt>
      <trkpt lat="46.62565" lon="7.76889">
        <ele>1298.76</ele>
        <time>2026-05-04T06:30:36.4450000+00:00</time>
      </trkpt>
      <trkpt lat="46.62562" lon="7.76891">
        <ele>1297.66</ele>
        <time>2026-05-04T06:30:45.0870000+00:00</time>
      </trkpt>
      <trkpt lat="46.62556" lon="7.76892">
        <ele>1295.56</ele>
        <time>2026-05-04T06:31:00.9000000+00:00</time>
      </trkpt>
      <trkpt lat="46.62552" lon="7.76895">
        <ele>1294.09</ele>
        <time>2026-05-04T06:31:12.6820000+00:00</time>
      </trkpt>
      <trkpt lat="46.62547" lon="7.76899">
        <ele>1292.25</ele>
        <time>2026-05-04T06:31:27.6220000+00:00</time>
      </trkpt>
      <trkpt lat="46.62543" lon="7.76901">
        <ele>1290.83</ele>
        <time>2026-05-04T06:31:38.6980000+00:00</time>
      </trkpt>
      <trkpt lat="46.62539" lon="7.76901">
        <ele>1289.48</ele>
        <time>2026-05-04T06:31:49.1740000+00:00</time>
      </trkpt>
      <trkpt lat="46.62534" lon="7.76904">
        <ele>1287.7</ele>
        <time>2026-05-04T06:32:03.3350000+00:00</time>
      </trkpt>
      <trkpt lat="46.6253" lon="7.76908">
        <ele>1286.29</ele>
        <time>2026-05-04T06:32:16.0410000+00:00</time>
      </trkpt>
      <trkpt lat="46.62526" lon="7.76908">
        <ele>1285.04</ele>
        <time>2026-05-04T06:32:26.5180000+00:00</time>
      </trkpt>
      <trkpt lat="46.62523" lon="7.76907">
        <ele>1284.13</ele>
        <time>2026-05-04T06:32:34.5790000+00:00</time>
      </trkpt>
      <trkpt lat="46.62521" lon="7.7691">
        <ele>1283.43</ele>
        <time>2026-05-04T06:32:42.1010000+00:00</time>
      </trkpt>
      <trkpt lat="46.62516" lon="7.76917">
        <ele>1281.7</ele>
        <time>2026-05-04T06:33:00.2640000+00:00</time>
      </trkpt>
      <trkpt lat="46.62513" lon="7.76923">
        <ele>1280.62</ele>
        <time>2026-05-04T06:33:13.6110000+00:00</time>
      </trkpt>
      <trkpt lat="46.6251" lon="7.76921">
        <ele>1279.73</ele>
        <time>2026-05-04T06:33:22.2520000+00:00</time>
      </trkpt>
      <trkpt lat="46.62507" lon="7.76919">
        <ele>1278.84</ele>
        <time>2026-05-04T06:33:30.8940000+00:00</time>
      </trkpt>
      <trkpt lat="46.62504" lon="7.76917">
        <ele>1277.95</ele>
        <time>2026-05-04T06:33:39.5350000+00:00</time>
      </trkpt>
      <trkpt lat="46.62501" lon="7.76917">
        <ele>1277.02</ele>
        <time>2026-05-04T06:33:47.3890000+00:00</time>
      </trkpt>
      <trkpt lat="46.62498" lon="7.76916">
        <ele>1276.1</ele>
        <time>2026-05-04T06:33:55.4500000+00:00</time>
      </trkpt>
      <trkpt lat="46.62495" lon="7.76915">
        <ele>1275.19</ele>
        <time>2026-05-04T06:34:03.5110000+00:00</time>
      </trkpt>
      <trkpt lat="46.62493" lon="7.76915">
        <ele>1274.57</ele>
        <time>2026-05-04T06:34:08.7490000+00:00</time>
      </trkpt>
      <trkpt lat="46.62491" lon="7.76914">
        <ele>1273.97</ele>
        <time>2026-05-04T06:34:14.2890000+00:00</time>
      </trkpt>
      <trkpt lat="46.62489" lon="7.76911">
        <ele>1273.41</ele>
        <time>2026-05-04T06:34:21.8110000+00:00</time>
      </trkpt>
      <trkpt lat="46.62484" lon="7.76908">
        <ele>1271.92</ele>
        <time>2026-05-04T06:34:35.9720000+00:00</time>
      </trkpt>
      <trkpt lat="46.62482" lon="7.76906">
        <ele>1271.35</ele>
        <time>2026-05-04T06:34:42.3270000+00:00</time>
      </trkpt>
      <trkpt lat="46.62478" lon="7.76905">
        <ele>1270.12</ele>
        <time>2026-05-04T06:34:52.9550000+00:00</time>
      </trkpt>
      <trkpt lat="46.62474" lon="7.76904">
        <ele>1268.9</ele>
        <time>2026-05-04T06:35:03.5840000+00:00</time>
      </trkpt>
      <trkpt lat="46.62471" lon="7.769">
        <ele>1268.06</ele>
        <time>2026-05-04T06:35:14.2380000+00:00</time>
      </trkpt>
      <trkpt lat="46.62468" lon="7.76897">
        <ele>1267.19</ele>
        <time>2026-05-04T06:35:23.7680000+00:00</time>
      </trkpt>
      <trkpt lat="46.62463" lon="7.76894">
        <ele>1265.7</ele>
        <time>2026-05-04T06:35:37.9290000+00:00</time>
      </trkpt>
      <trkpt lat="46.62459" lon="7.7689">
        <ele>1264.55</ele>
        <time>2026-05-04T06:35:50.6370000+00:00</time>
      </trkpt>
      <trkpt lat="46.62456" lon="7.76886">
        <ele>1263.71</ele>
        <time>2026-05-04T06:36:01.2890000+00:00</time>
      </trkpt>
      <trkpt lat="46.62452" lon="7.76876">
        <ele>1262.7</ele>
        <time>2026-05-04T06:36:22.1000000+00:00</time>
      </trkpt>
      <trkpt lat="46.62449" lon="7.7687">
        <ele>1261.91</ele>
        <time>2026-05-04T06:36:35.4470000+00:00</time>
      </trkpt>
      <trkpt lat="46.62447" lon="7.76868">
        <ele>1261.27</ele>
        <time>2026-05-04T06:36:41.7980000+00:00</time>
      </trkpt>
      <trkpt lat="46.62445" lon="7.76868">
        <ele>1260.52</ele>
        <time>2026-05-04T06:36:47.0310000+00:00</time>
      </trkpt>
      <trkpt lat="46.62442" lon="7.7687">
        <ele>1259.35</ele>
        <time>2026-05-04T06:36:55.6730000+00:00</time>
      </trkpt>
      <trkpt lat="46.62437" lon="7.76872">
        <ele>1257.44</ele>
        <time>2026-05-04T06:37:09.2540000+00:00</time>
      </trkpt>
      <trkpt lat="46.62434" lon="7.76872">
        <ele>1256.33</ele>
        <time>2026-05-04T06:37:17.1140000+00:00</time>
      </trkpt>
      <trkpt lat="46.6243" lon="7.76873">
        <ele>1254.82</ele>
        <time>2026-05-04T06:37:27.7420000+00:00</time>
      </trkpt>
      <trkpt lat="46.62427" lon="7.76875">
        <ele>1253.68</ele>
        <time>2026-05-04T06:37:36.3810000+00:00</time>
      </trkpt>
      <trkpt lat="46.62424" lon="7.76874">
        <ele>1252.57</ele>
        <time>2026-05-04T06:37:44.4350000+00:00</time>
      </trkpt>
      <trkpt lat="46.6242" lon="7.76877">
        <ele>1251.06</ele>
        <time>2026-05-04T06:37:56.2190000+00:00</time>
      </trkpt>
      <trkpt lat="46.62416" lon="7.7688">
        <ele>1249.56</ele>
        <time>2026-05-04T06:38:08.0000000+00:00</time>
      </trkpt>
      <trkpt lat="46.62412" lon="7.76879">
        <ele>1248.09</ele>
        <time>2026-05-04T06:38:18.6290000+00:00</time>
      </trkpt>
      <trkpt lat="46.6241" lon="7.76877">
        <ele>1247.36</ele>
        <time>2026-05-04T06:38:24.9800000+00:00</time>
      </trkpt>
      <trkpt lat="46.62409" lon="7.76874">
        <ele>1246.99</ele>
        <time>2026-05-04T06:38:30.9790000+00:00</time>
      </trkpt>
      <trkpt lat="46.62408" lon="7.7687">
        <ele>1246.63</ele>
        <time>2026-05-04T06:38:38.6330000+00:00</time>
      </trkpt>
      <trkpt lat="46.62406" lon="7.76868">
        <ele>1245.88</ele>
        <time>2026-05-04T06:38:44.9880000+00:00</time>
      </trkpt>
      <trkpt lat="46.62402" lon="7.76869">
        <ele>1244.38</ele>
        <time>2026-05-04T06:38:55.6160000+00:00</time>
      </trkpt>
      <trkpt lat="46.62399" lon="7.76866">
        <ele>1243.24</ele>
        <time>2026-05-04T06:39:05.1460000+00:00</time>
      </trkpt>
      <trkpt lat="46.62398" lon="7.76863">
        <ele>1242.85</ele>
        <time>2026-05-04T06:39:11.1450000+00:00</time>
      </trkpt>
      <trkpt lat="46.62398" lon="7.7686">
        <ele>1242.83</ele>
        <time>2026-05-04T06:39:16.5380000+00:00</time>
      </trkpt>
      <trkpt lat="46.62396" lon="7.76859">
        <ele>1242.07</ele>
        <time>2026-05-04T06:39:22.0740000+00:00</time>
      </trkpt>
      <trkpt lat="46.62394" lon="7.76859">
        <ele>1241.31</ele>
        <time>2026-05-04T06:39:27.3120000+00:00</time>
      </trkpt>
      <trkpt lat="46.6239" lon="7.7686">
        <ele>1239.79</ele>
        <time>2026-05-04T06:39:37.9410000+00:00</time>
      </trkpt>
      <trkpt lat="46.62389" lon="7.76859">
        <ele>1239.4</ele>
        <time>2026-05-04T06:39:41.1180000+00:00</time>
      </trkpt>
      <trkpt lat="46.62387" lon="7.76857">
        <ele>1238.62</ele>
        <time>2026-05-04T06:39:47.4730000+00:00</time>
      </trkpt>
      <trkpt lat="46.62385" lon="7.76858">
        <ele>1237.87</ele>
        <time>2026-05-04T06:39:53.0130000+00:00</time>
      </trkpt>
      <trkpt lat="46.62384" lon="7.7686">
        <ele>1237.51</ele>
        <time>2026-05-04T06:39:57.4620000+00:00</time>
      </trkpt>
      <trkpt lat="46.62379" lon="7.7686">
        <ele>1235.61</ele>
        <time>2026-05-04T06:40:10.5550000+00:00</time>
      </trkpt>
      <trkpt lat="46.62377" lon="7.76858">
        <ele>1234.82</ele>
        <time>2026-05-04T06:40:16.9100000+00:00</time>
      </trkpt>
      <trkpt lat="46.62374" lon="7.76854">
        <ele>1233.6</ele>
        <time>2026-05-04T06:40:27.5620000+00:00</time>
      </trkpt>
      <trkpt lat="46.6237" lon="7.76851">
        <ele>1231.83</ele>
        <time>2026-05-04T06:40:39.3420000+00:00</time>
      </trkpt>
      <trkpt lat="46.62369" lon="7.76854">
        <ele>1231.68</ele>
        <time>2026-05-04T06:40:45.3410000+00:00</time>
      </trkpt>
      <trkpt lat="46.62368" lon="7.76859">
        <ele>1231.41</ele>
        <time>2026-05-04T06:40:54.7070000+00:00</time>
      </trkpt>
      <trkpt lat="46.62366" lon="7.76856">
        <ele>1230.58</ele>
        <time>2026-05-04T06:41:02.2290000+00:00</time>
      </trkpt>
      <trkpt lat="46.62362" lon="7.76849">
        <ele>1228.17</ele>
        <time>2026-05-04T06:41:18.6060000+00:00</time>
      </trkpt>
      <trkpt lat="46.6236" lon="7.76845">
        <ele>1226.67</ele>
        <time>2026-05-04T06:41:27.5040000+00:00</time>
      </trkpt>
      <trkpt lat="46.6236" lon="7.7684">
        <ele>1226.03</ele>
        <time>2026-05-04T06:41:36.4970000+00:00</time>
      </trkpt>
      <trkpt lat="46.62359" lon="7.76838">
        <ele>1225.29</ele>
        <time>2026-05-04T06:41:40.9460000+00:00</time>
      </trkpt>
      <trkpt lat="46.62358" lon="7.76831">
        <ele>1223.93</ele>
        <time>2026-05-04T06:41:53.8020000+00:00</time>
      </trkpt>
      <trkpt lat="46.62358" lon="7.76826">
        <ele>1223.31</ele>
        <time>2026-05-04T06:42:02.7950000+00:00</time>
      </trkpt>
      <trkpt lat="46.6236" lon="7.76822">
        <ele>1223.75</ele>
        <time>2026-05-04T06:42:11.6930000+00:00</time>
      </trkpt>
      <trkpt lat="46.62358" lon="7.76816">
        <ele>1222.07</ele>
        <time>2026-05-04T06:42:23.6870000+00:00</time>
      </trkpt>
      <trkpt lat="46.62356" lon="7.76814">
        <ele>1220.9</ele>
        <time>2026-05-04T06:42:30.0420000+00:00</time>
      </trkpt>
      <trkpt lat="46.62354" lon="7.76815">
        <ele>1220.1</ele>
        <time>2026-05-04T06:42:35.5820000+00:00</time>
      </trkpt>
      <trkpt lat="46.62351" lon="7.76815">
        <ele>1218.72</ele>
        <time>2026-05-04T06:42:43.4350000+00:00</time>
      </trkpt>
      <trkpt lat="46.62346" lon="7.76813">
        <ele>1216.19</ele>
        <time>2026-05-04T06:42:57.0130000+00:00</time>
      </trkpt>
      <trkpt lat="46.62344" lon="7.76811">
        <ele>1215.06</ele>
        <time>2026-05-04T06:43:03.3640000+00:00</time>
      </trkpt>
      <trkpt lat="46.62344" lon="7.76808">
        <ele>1214.73</ele>
        <time>2026-05-04T06:43:08.7570000+00:00</time>
      </trkpt>
      <trkpt lat="46.62346" lon="7.76806">
        <ele>1215.42</ele>
        <time>2026-05-04T06:43:15.1080000+00:00</time>
      </trkpt>
      <trkpt lat="46.62347" lon="7.76804">
        <ele>1215.64</ele>
        <time>2026-05-04T06:43:19.5570000+00:00</time>
      </trkpt>
      <trkpt lat="46.62348" lon="7.76801">
        <ele>1215.75</ele>
        <time>2026-05-04T06:43:25.5560000+00:00</time>
      </trkpt>
      <trkpt lat="46.62346" lon="7.76799">
        <ele>1214.64</ele>
        <time>2026-05-04T06:43:31.9110000+00:00</time>
      </trkpt>
      <trkpt lat="46.62344" lon="7.76796">
        <ele>1213.43</ele>
        <time>2026-05-04T06:43:39.4270000+00:00</time>
      </trkpt>
      <trkpt lat="46.62341" lon="7.76793">
        <ele>1211.8</ele>
        <time>2026-05-04T06:43:48.9570000+00:00</time>
      </trkpt>
      <trkpt lat="46.62339" lon="7.76788">
        <ele>1210.42</ele>
        <time>2026-05-04T06:43:59.3640000+00:00</time>
      </trkpt>
      <trkpt lat="46.62338" lon="7.76781">
        <ele>1209.28</ele>
        <time>2026-05-04T06:44:12.2230000+00:00</time>
      </trkpt>
      <trkpt lat="46.62336" lon="7.76776">
        <ele>1207.94</ele>
        <time>2026-05-04T06:44:22.6280000+00:00</time>
      </trkpt>
      <trkpt lat="46.62332" lon="7.76772">
        <ele>1205.9</ele>
        <time>2026-05-04T06:44:35.3340000+00:00</time>
      </trkpt>
      <trkpt lat="46.62329" lon="7.7677">
        <ele>1204.48</ele>
        <time>2026-05-04T06:44:43.9750000+00:00</time>
      </trkpt>
      <trkpt lat="46.62326" lon="7.76766">
        <ele>1202.31</ele>
        <time>2026-05-04T06:44:54.6320000+00:00</time>
      </trkpt>
      <trkpt lat="46.62325" lon="7.7676">
        <ele>1200.31</ele>
        <time>2026-05-04T06:45:05.7360000+00:00</time>
      </trkpt>
      <trkpt lat="46.62323" lon="7.76756">
        <ele>1198.44</ele>
        <time>2026-05-04T06:45:14.6340000+00:00</time>
      </trkpt>
      <trkpt lat="46.62322" lon="7.76751">
        <ele>1196.72</ele>
        <time>2026-05-04T06:45:24.0030000+00:00</time>
      </trkpt>
      <trkpt lat="46.62322" lon="7.76748">
        <ele>1195.93</ele>
        <time>2026-05-04T06:45:29.4010000+00:00</time>
      </trkpt>
      <trkpt lat="46.62319" lon="7.76747">
        <ele>1194.46</ele>
        <time>2026-05-04T06:45:37.4620000+00:00</time>
      </trkpt>
      <trkpt lat="46.62318" lon="7.76745">
        <ele>1193.53</ele>
        <time>2026-05-04T06:45:41.9160000+00:00</time>
      </trkpt>
      <trkpt lat="46.62319" lon="7.7674">
        <ele>1192.62</ele>
        <time>2026-05-04T06:45:51.2850000+00:00</time>
      </trkpt>
      <trkpt lat="46.6232" lon="7.76736">
        <ele>1191.96</ele>
        <time>2026-05-04T06:45:58.9450000+00:00</time>
      </trkpt>
      <trkpt lat="46.62321" lon="7.76735">
        <ele>1192.1</ele>
        <time>2026-05-04T06:46:02.1230000+00:00</time>
      </trkpt>
      <trkpt lat="46.6232" lon="7.76732">
        <ele>1190.91</ele>
        <time>2026-05-04T06:46:08.1220000+00:00</time>
      </trkpt>
      <trkpt lat="46.62317" lon="7.76723">
        <ele>1187.36</ele>
        <time>2026-05-04T06:46:26.1130000+00:00</time>
      </trkpt>
      <trkpt lat="46.62315" lon="7.76717">
        <ele>1184.99</ele>
        <time>2026-05-04T06:46:38.1070000+00:00</time>
      </trkpt>
      <trkpt lat="46.62315" lon="7.76713">
        <ele>1183.95</ele>
        <time>2026-05-04T06:46:45.3030000+00:00</time>
      </trkpt>
      <trkpt lat="46.6232" lon="7.76709">
        <ele>1184.85</ele>
        <time>2026-05-04T06:47:00.2440000+00:00</time>
      </trkpt>
      <trkpt lat="46.62327" lon="7.76705">
        <ele>1186.53</ele>
        <time>2026-05-04T06:47:19.9350000+00:00</time>
      </trkpt>
      <trkpt lat="46.62332" lon="7.76698">
        <ele>1186.61</ele>
        <time>2026-05-04T06:47:38.0980000+00:00</time>
      </trkpt>
      <trkpt lat="46.62336" lon="7.76692">
        <ele>1186.55</ele>
        <time>2026-05-04T06:47:53.1360000+00:00</time>
      </trkpt>
      <trkpt lat="46.62337" lon="7.76688">
        <ele>1185.87</ele>
        <time>2026-05-04T06:48:00.7900000+00:00</time>
      </trkpt>
      <trkpt lat="46.62338" lon="7.76685">
        <ele>1185.4</ele>
        <time>2026-05-04T06:48:06.7890000+00:00</time>
      </trkpt>
      <trkpt lat="46.62337" lon="7.7668">
        <ele>1183.45</ele>
        <time>2026-05-04T06:48:16.1570000+00:00</time>
      </trkpt>
      <trkpt lat="46.62334" lon="7.76677">
        <ele>1181.33</ele>
        <time>2026-05-04T06:48:25.6900000+00:00</time>
      </trkpt>
      <trkpt lat="46.62332" lon="7.76675">
        <ele>1179.9</ele>
        <time>2026-05-04T06:48:32.0450000+00:00</time>
      </trkpt>
      <trkpt lat="46.62329" lon="7.76676">
        <ele>1179.02</ele>
        <time>2026-05-04T06:48:40.1060000+00:00</time>
      </trkpt>
      <trkpt lat="46.62326" lon="7.76678">
        <ele>1178.49</ele>
        <time>2026-05-04T06:48:48.7500000+00:00</time>
      </trkpt>
      <trkpt lat="46.62323" lon="7.76681">
        <ele>1178.29</ele>
        <time>2026-05-04T06:48:58.2820000+00:00</time>
      </trkpt>
      <trkpt lat="46.6232" lon="7.76684">
        <ele>1178.12</ele>
        <time>2026-05-04T06:49:07.8150000+00:00</time>
      </trkpt>
      <trkpt lat="46.62318" lon="7.76683">
        <ele>1177.01</ele>
        <time>2026-05-04T06:49:13.3550000+00:00</time>
      </trkpt>
      <trkpt lat="46.62316" lon="7.76682">
        <ele>1175.9</ele>
        <time>2026-05-04T06:49:18.8950000+00:00</time>
      </trkpt>
      <trkpt lat="46.62315" lon="7.76679">
        <ele>1174.48</ele>
        <time>2026-05-04T06:49:24.8940000+00:00</time>
      </trkpt>
      <trkpt lat="46.62315" lon="7.7667">
        <ele>1171.42</ele>
        <time>2026-05-04T06:49:41.0800000+00:00</time>
      </trkpt>
      <trkpt lat="46.62317" lon="7.76663">
        <ele>1169.86</ele>
        <time>2026-05-04T06:49:54.7160000+00:00</time>
      </trkpt>
      <trkpt lat="46.6232" lon="7.76653">
        <ele>1167.76</ele>
        <time>2026-05-04T06:50:14.3410000+00:00</time>
      </trkpt>
      <trkpt lat="46.62323" lon="7.76642">
        <ele>1165.41</ele>
        <time>2026-05-04T06:50:35.6270000+00:00</time>
      </trkpt>
      <trkpt lat="46.62325" lon="7.76638">
        <ele>1164.98</ele>
        <time>2026-05-04T06:50:44.5250000+00:00</time>
      </trkpt>
      <trkpt lat="46.62327" lon="7.76634">
        <ele>1164.57</ele>
        <time>2026-05-04T06:50:53.4260000+00:00</time>
      </trkpt>
      <trkpt lat="46.62326" lon="7.76628">
        <ele>1162.16</ele>
        <time>2026-05-04T06:51:04.5320000+00:00</time>
      </trkpt>
      <trkpt lat="46.62326" lon="7.76621">
        <ele>1159.88</ele>
        <time>2026-05-04T06:51:17.1220000+00:00</time>
      </trkpt>
      <trkpt lat="46.62327" lon="7.76614">
        <ele>1158.07</ele>
        <time>2026-05-04T06:51:29.9800000+00:00</time>
      </trkpt>
      <trkpt lat="46.62329" lon="7.7661">
        <ele>1157.74</ele>
        <time>2026-05-04T06:51:38.8840000+00:00</time>
      </trkpt>
      <trkpt lat="46.62332" lon="7.76608">
        <ele>1158.55</ele>
        <time>2026-05-04T06:51:47.5250000+00:00</time>
      </trkpt>
      <trkpt lat="46.62335" lon="7.76607">
        <ele>1159.69</ele>
        <time>2026-05-04T06:51:55.5800000+00:00</time>
      </trkpt>
      <trkpt lat="46.62338" lon="7.76606">
        <ele>1160.84</ele>
        <time>2026-05-04T06:52:03.6350000+00:00</time>
      </trkpt>
      <trkpt lat="46.62339" lon="7.76602">
        <ele>1160.1</ele>
        <time>2026-05-04T06:52:11.2950000+00:00</time>
      </trkpt>
      <trkpt lat="46.62339" lon="7.76596">
        <ele>1158.33</ele>
        <time>2026-05-04T06:52:22.0870000+00:00</time>
      </trkpt>
      <trkpt lat="46.62339" lon="7.7659">
        <ele>1156.56</ele>
        <time>2026-05-04T06:52:32.8790000+00:00</time>
      </trkpt>
      <trkpt lat="46.62339" lon="7.76586">
        <ele>1155.39</ele>
        <time>2026-05-04T06:52:40.0750000+00:00</time>
      </trkpt>
      <trkpt lat="46.62337" lon="7.7658">
        <ele>1152.6</ele>
        <time>2026-05-04T06:52:52.0710000+00:00</time>
      </trkpt>
      <trkpt lat="46.62335" lon="7.76576">
        <ele>1150.39</ele>
        <time>2026-05-04T06:53:00.9680000+00:00</time>
      </trkpt>
      <trkpt lat="46.62333" lon="7.76572">
        <ele>1148.17</ele>
        <time>2026-05-04T06:53:09.8660000+00:00</time>
      </trkpt>
      <trkpt lat="46.62333" lon="7.76568">
        <ele>1146.97</ele>
        <time>2026-05-04T06:53:17.0620000+00:00</time>
      </trkpt>
      <trkpt lat="46.62332" lon="7.7656">
        <ele>1144.06</ele>
        <time>2026-05-04T06:53:31.6870000+00:00</time>
      </trkpt>
      <trkpt lat="46.6233" lon="7.76554">
        <ele>1141.2</ele>
        <time>2026-05-04T06:53:43.6810000+00:00</time>
      </trkpt>
      <trkpt lat="46.62332" lon="7.76548">
        <ele>1140.46</ele>
        <time>2026-05-04T06:53:55.6750000+00:00</time>
      </trkpt>
      <trkpt lat="46.62332" lon="7.76544">
        <ele>1139.26</ele>
        <time>2026-05-04T06:54:02.8670000+00:00</time>
      </trkpt>
      <trkpt lat="46.6233" lon="7.76541">
        <ele>1137.29</ele>
        <time>2026-05-04T06:54:10.3830000+00:00</time>
      </trkpt>
      <trkpt lat="46.62326" lon="7.76542">
        <ele>1135.44</ele>
        <time>2026-05-04T06:54:21.0110000+00:00</time>
      </trkpt>
      <trkpt lat="46.62323" lon="7.76543">
        <ele>1134.14</ele>
        <time>2026-05-04T06:54:29.0720000+00:00</time>
      </trkpt>
      <trkpt lat="46.62321" lon="7.76544">
        <ele>1133.38</ele>
        <time>2026-05-04T06:54:34.6120000+00:00</time>
      </trkpt>
      <trkpt lat="46.62318" lon="7.76544">
        <ele>1131.77</ele>
        <time>2026-05-04T06:54:42.4720000+00:00</time>
      </trkpt>
      <trkpt lat="46.62316" lon="7.76542">
        <ele>1130.08</ele>
        <time>2026-05-04T06:54:48.8270000+00:00</time>
      </trkpt>
      <trkpt lat="46.62313" lon="7.76538">
        <ele>1127.22</ele>
        <time>2026-05-04T06:54:59.4780000+00:00</time>
      </trkpt>
      <trkpt lat="46.62312" lon="7.76537">
        <ele>1126.37</ele>
        <time>2026-05-04T06:55:02.6560000+00:00</time>
      </trkpt>
      <trkpt lat="46.62306" lon="7.76531">
        <ele>1121.21</ele>
        <time>2026-05-04T06:55:21.7160000+00:00</time>
      </trkpt>
      <trkpt lat="46.623" lon="7.76526">
        <ele>1116.34</ele>
        <time>2026-05-04T06:55:39.8180000+00:00</time>
      </trkpt>
      <trkpt lat="46.62291" lon="7.76523">
        <ele>1110.42</ele>
        <time>2026-05-04T06:56:03.9950000+00:00</time>
      </trkpt>
      <trkpt lat="46.62284" lon="7.76518">
        <ele>1105.23</ele>
        <time>2026-05-04T06:56:24.4120000+00:00</time>
      </trkpt>
      <trkpt lat="46.62269" lon="7.76503">
        <ele>1099.83</ele>
        <time>2026-05-04T06:57:12.0620000+00:00</time>
      </trkpt>
      <trkpt lat="46.62263" lon="7.76499">
        <ele>1098.32</ele>
        <time>2026-05-04T06:57:29.3420000+00:00</time>
      </trkpt>
      <trkpt lat="46.62254" lon="7.76492">
        <ele>1095.97</ele>
        <time>2026-05-04T06:57:56.0620000+00:00</time>
      </trkpt>
      <trkpt lat="46.62244" lon="7.76482">
        <ele>1093.15</ele>
        <time>2026-05-04T06:58:27.8290000+00:00</time>
      </trkpt>
      <trkpt lat="46.62238" lon="7.76476">
        <ele>1091.49</ele>
        <time>2026-05-04T06:58:46.8900000+00:00</time>
      </trkpt>
      <trkpt lat="46.62232" lon="7.76467">
        <ele>1089.53</ele>
        <time>2026-05-04T06:59:09.4480000+00:00</time>
      </trkpt>
      <trkpt lat="46.62225" lon="7.7646">
        <ele>1087.65</ele>
        <time>2026-05-04T06:59:31.6830000+00:00</time>
      </trkpt>
      <trkpt lat="46.62218" lon="7.76448">
        <ele>1085.29</ele>
        <time>2026-05-04T07:00:00.0000000+00:00</time>
      </trkpt>
    </trkseg>
  </trk>
</gpx>