<?xml version="1.0" encoding="utf-8"?>
<gpx xmlns:xsd="http://www.w3.org/2001/XMLSchema" xmlns:xsi="http://www.w3.org/2001/XMLSchema-instance" creator="eT4 META" version="1.1" xsi:schemaLocation="http://www.topografix.com/GPX/1/1 http://www.topografix.com/GPX/1/1/gpx.xsd" xmlns="http://www.topografix.com/GPX/1/1">
  <trk>
    <name>Randonnée jusqu'au Brienzer Rothorn</name>
    <trkseg>
      <trkpt lat="46.75479" lon="8.03791">
        <ele>591.02</ele>
        <time>2026-05-04T00:00:00.0000000+00:00</time>
      </trkpt>
      <trkpt lat="46.75479" lon="8.0379">
        <ele>590.95</ele>
        <time>2026-05-04T00:00:01.3910000+00:00</time>
      </trkpt>
      <trkpt lat="46.75474" lon="8.03772">
        <ele>587.64</ele>
        <time>2026-05-04T00:00:28.4960000+00:00</time>
      </trkpt>
      <trkpt lat="46.75472" lon="8.03763">
        <ele>586.29</ele>
        <time>2026-05-04T00:00:41.6990000+00:00</time>
      </trkpt>
      <trkpt lat="46.75472" lon="8.0376">
        <ele>586.12</ele>
        <time>2026-05-04T00:00:45.8870000+00:00</time>
      </trkpt>
      <trkpt lat="46.75464" lon="8.03733">
        <ele>582.13</ele>
        <time>2026-05-04T00:01:26.9380000+00:00</time>
      </trkpt>
      <trkpt lat="46.75463" lon="8.03728">
        <ele>581.7</ele>
        <time>2026-05-04T00:01:34.2040000+00:00</time>
      </trkpt>
      <trkpt lat="46.75461" lon="8.03721">
        <ele>580.95</ele>
        <time>2026-05-04T00:01:44.7880000+00:00</time>
      </trkpt>
      <trkpt lat="46.75453" lon="8.03695">
        <ele>578.42</ele>
        <time>2026-05-04T00:02:24.5620000+00:00</time>
      </trkpt>
      <trkpt lat="46.75445" lon="8.03669">
        <ele>576.68</ele>
        <time>2026-05-04T00:03:04.3360000+00:00</time>
      </trkpt>
      <trkpt lat="46.75438" lon="8.03645">
        <ele>576.3</ele>
        <time>2026-05-04T00:03:40.7360000+00:00</time>
      </trkpt>
      <trkpt lat="46.75433" lon="8.03627">
        <ele>576.86</ele>
        <time>2026-05-04T00:04:07.8410000+00:00</time>
      </trkpt>
      <trkpt lat="46.75429" lon="8.03611">
        <ele>577.45</ele>
        <time>2026-05-04T00:04:31.6100000+00:00</time>
      </trkpt>
      <trkpt lat="46.75426" lon="8.03593">
        <ele>578.21</ele>
        <time>2026-05-04T00:04:57.4620000+00:00</time>
      </trkpt>
      <trkpt lat="46.75421" lon="8.03568">
        <ele>578.72</ele>
        <time>2026-05-04T00:05:33.8060000+00:00</time>
      </trkpt>
      <trkpt lat="46.75419" lon="8.03553">
        <ele>578.84</ele>
        <time>2026-05-04T00:05:55.1310000+00:00</time>
      </trkpt>
      <trkpt lat="46.75417" lon="8.03543">
        <ele>578.85</ele>
        <time>2026-05-04T00:06:09.6680000+00:00</time>
      </trkpt>
      <trkpt lat="46.75416" lon="8.03536">
        <ele>578.9</ele>
        <time>2026-05-04T00:06:19.6460000+00:00</time>
      </trkpt>
      <trkpt lat="46.75415" lon="8.03525">
        <ele>579.03</ele>
        <time>2026-05-04T00:06:35.1320000+00:00</time>
      </trkpt>
      <trkpt lat="46.75415" lon="8.03522">
        <ele>579.09</ele>
        <time>2026-05-04T00:06:39.3200000+00:00</time>
      </trkpt>
      <trkpt lat="46.75415" lon="8.0351">
        <ele>579.34</ele>
        <time>2026-05-04T00:06:56.0670000+00:00</time>
      </trkpt>
      <trkpt lat="46.75415" lon="8.03508">
        <ele>579.38</ele>
        <time>2026-05-04T00:06:58.8600000+00:00</time>
      </trkpt>
      <trkpt lat="46.75419" lon="8.03508">
        <ele>579.81</ele>
        <time>2026-05-04T00:07:07.0070000+00:00</time>
      </trkpt>
      <trkpt lat="46.7542" lon="8.03508">
        <ele>579.91</ele>
        <time>2026-05-04T00:07:09.0430000+00:00</time>
      </trkpt>
      <trkpt lat="46.75427" lon="8.03507">
        <ele>580.68</ele>
        <time>2026-05-04T00:07:23.3700000+00:00</time>
      </trkpt>
      <trkpt lat="46.75447" lon="8.03504">
        <ele>583.14</ele>
        <time>2026-05-04T00:08:04.3210000+00:00</time>
      </trkpt>
      <trkpt lat="46.75463" lon="8.03502">
        <ele>585.3</ele>
        <time>2026-05-04T00:08:37.0300000+00:00</time>
      </trkpt>
      <trkpt lat="46.75483" lon="8.03499">
        <ele>588.01</ele>
        <time>2026-05-04T00:09:17.9820000+00:00</time>
      </trkpt>
      <trkpt lat="46.75509" lon="8.03495">
        <ele>591.54</ele>
        <time>2026-05-04T00:10:11.2330000+00:00</time>
      </trkpt>
      <trkpt lat="46.75512" lon="8.03495">
        <ele>591.94</ele>
        <time>2026-05-04T00:10:17.3420000+00:00</time>
      </trkpt>
      <trkpt lat="46.75521" lon="8.03494">
        <ele>593.2</ele>
        <time>2026-05-04T00:10:35.7280000+00:00</time>
      </trkpt>
      <trkpt lat="46.75525" lon="8.03492">
        <ele>594.1</ele>
        <time>2026-05-04T00:10:44.3420000+00:00</time>
      </trkpt>
      <trkpt lat="46.75528" lon="8.03489">
        <ele>594.78</ele>
        <time>2026-05-04T00:10:51.7490000+00:00</time>
      </trkpt>
      <trkpt lat="46.75529" lon="8.03485">
        <ele>595.06</ele>
        <time>2026-05-04T00:10:57.6900000+00:00</time>
      </trkpt>
      <trkpt lat="46.75534" lon="8.03483">
        <ele>596.11</ele>
        <time>2026-05-04T00:11:08.2500000+00:00</time>
      </trkpt>
      <trkpt lat="46.75534" lon="8.03488">
        <ele>596.05</ele>
        <time>2026-05-04T00:11:15.2280000+00:00</time>
      </trkpt>
      <trkpt lat="46.75534" lon="8.03494">
        <ele>595.98</ele>
        <time>2026-05-04T00:11:23.6030000+00:00</time>
      </trkpt>
      <trkpt lat="46.75536" lon="8.03493">
        <ele>596.42</ele>
        <time>2026-05-04T00:11:27.9120000+00:00</time>
      </trkpt>
      <trkpt lat="46.75537" lon="8.03492">
        <ele>596.64</ele>
        <time>2026-05-04T00:11:30.3830000+00:00</time>
      </trkpt>
      <trkpt lat="46.7554" lon="8.03491">
        <ele>597.28</ele>
        <time>2026-05-04T00:11:36.6510000+00:00</time>
      </trkpt>
      <trkpt lat="46.75549" lon="8.0349">
        <ele>599.18</ele>
        <time>2026-05-04T00:11:55.0370000+00:00</time>
      </trkpt>
      <trkpt lat="46.75554" lon="8.03489">
        <ele>600.22</ele>
        <time>2026-05-04T00:12:05.3160000+00:00</time>
      </trkpt>
      <trkpt lat="46.75561" lon="8.03485">
        <ele>601.64</ele>
        <time>2026-05-04T00:12:20.6280000+00:00</time>
      </trkpt>
      <trkpt lat="46.75566" lon="8.03483">
        <ele>602.64</ele>
        <time>2026-05-04T00:12:31.1870000+00:00</time>
      </trkpt>
      <trkpt lat="46.7558" lon="8.03483">
        <ele>605.5</ele>
        <time>2026-05-04T00:12:59.7030000+00:00</time>
      </trkpt>
      <trkpt lat="46.75589" lon="8.03484">
        <ele>607.37</ele>
        <time>2026-05-04T00:13:18.0870000+00:00</time>
      </trkpt>
      <trkpt lat="46.75594" lon="8.03483">
        <ele>608.35</ele>
        <time>2026-05-04T00:13:28.3660000+00:00</time>
      </trkpt>
      <trkpt lat="46.75609" lon="8.0348">
        <ele>610.99</ele>
        <time>2026-05-04T00:13:59.2040000+00:00</time>
      </trkpt>
      <trkpt lat="46.75614" lon="8.03479">
        <ele>611.7</ele>
        <time>2026-05-04T00:14:09.4840000+00:00</time>
      </trkpt>
      <trkpt lat="46.7562" lon="8.03477">
        <ele>612.53</ele>
        <time>2026-05-04T00:14:22.0190000+00:00</time>
      </trkpt>
      <trkpt lat="46.75624" lon="8.03476">
        <ele>613.1</ele>
        <time>2026-05-04T00:14:30.2860000+00:00</time>
      </trkpt>
      <trkpt lat="46.75627" lon="8.03474">
        <ele>613.49</ele>
        <time>2026-05-04T00:14:37.0030000+00:00</time>
      </trkpt>
      <trkpt lat="46.75631" lon="8.03473">
        <ele>614.07</ele>
        <time>2026-05-04T00:14:45.2700000+00:00</time>
      </trkpt>
      <trkpt lat="46.75634" lon="8.03472">
        <ele>614.5</ele>
        <time>2026-05-04T00:14:51.5380000+00:00</time>
      </trkpt>
      <trkpt lat="46.75634" lon="8.03469">
        <ele>614.39</ele>
        <time>2026-05-04T00:14:55.7230000+00:00</time>
      </trkpt>
      <trkpt lat="46.75645" lon="8.03472">
        <ele>616.2</ele>
        <time>2026-05-04T00:15:18.5150000+00:00</time>
      </trkpt>
      <trkpt lat="46.75654" lon="8.03472">
        <ele>617.6</ele>
        <time>2026-05-04T00:15:36.8460000+00:00</time>
      </trkpt>
      <trkpt lat="46.75665" lon="8.03471">
        <ele>619.28</ele>
        <time>2026-05-04T00:15:59.2950000+00:00</time>
      </trkpt>
      <trkpt lat="46.75706" lon="8.03465">
        <ele>628.23</ele>
        <time>2026-05-04T00:17:23.2240000+00:00</time>
      </trkpt>
      <trkpt lat="46.75709" lon="8.03463">
        <ele>629.04</ele>
        <time>2026-05-04T00:17:29.9410000+00:00</time>
      </trkpt>
      <trkpt lat="46.75711" lon="8.0346">
        <ele>629.49</ele>
        <time>2026-05-04T00:17:35.7820000+00:00</time>
      </trkpt>
      <trkpt lat="46.75714" lon="8.03462">
        <ele>630.45</ele>
        <time>2026-05-04T00:17:42.4990000+00:00</time>
      </trkpt>
      <trkpt lat="46.75716" lon="8.03463">
        <ele>631.08</ele>
        <time>2026-05-04T00:17:46.8080000+00:00</time>
      </trkpt>
      <trkpt lat="46.75718" lon="8.03462">
        <ele>631.61</ele>
        <time>2026-05-04T00:17:51.1170000+00:00</time>
      </trkpt>
      <trkpt lat="46.75724" lon="8.03458">
        <ele>633.12</ele>
        <time>2026-05-04T00:18:04.5510000+00:00</time>
      </trkpt>
      <trkpt lat="46.75727" lon="8.03457">
        <ele>633.91</ele>
        <time>2026-05-04T00:18:10.8190000+00:00</time>
      </trkpt>
      <trkpt lat="46.75729" lon="8.03457">
        <ele>634.48</ele>
        <time>2026-05-04T00:18:14.8900000+00:00</time>
      </trkpt>
      <trkpt lat="46.75736" lon="8.03462">
        <ele>636.85</ele>
        <time>2026-05-04T00:18:30.7630000+00:00</time>
      </trkpt>
      <trkpt lat="46.75754" lon="8.03456">
        <ele>641.48</ele>
        <time>2026-05-04T00:19:08.3710000+00:00</time>
      </trkpt>
      <trkpt lat="46.75776" lon="8.03445">
        <ele>646.78</ele>
        <time>2026-05-04T00:19:55.7370000+00:00</time>
      </trkpt>
      <trkpt lat="46.75792" lon="8.03433">
        <ele>650.51</ele>
        <time>2026-05-04T00:20:32.3770000+00:00</time>
      </trkpt>
      <trkpt lat="46.75794" lon="8.03431">
        <ele>650.86</ele>
        <time>2026-05-04T00:20:37.3140000+00:00</time>
      </trkpt>
      <trkpt lat="46.75809" lon="8.03422">
        <ele>654.14</ele>
        <time>2026-05-04T00:21:10.3470000+00:00</time>
      </trkpt>
      <trkpt lat="46.75826" lon="8.03413">
        <ele>657.68</ele>
        <time>2026-05-04T00:21:47.1800000+00:00</time>
      </trkpt>
      <trkpt lat="46.75839" lon="8.03405">
        <ele>660.73</ele>
        <time>2026-05-04T00:22:15.9150000+00:00</time>
      </trkpt>
      <trkpt lat="46.75855" lon="8.03393">
        <ele>663.97</ele>
        <time>2026-05-04T00:22:52.5550000+00:00</time>
      </trkpt>
      <trkpt lat="46.75876" lon="8.03381">
        <ele>668.62</ele>
        <time>2026-05-04T00:23:38.4890000+00:00</time>
      </trkpt>
      <trkpt lat="46.75886" lon="8.03375">
        <ele>670.62</ele>
        <time>2026-05-04T00:24:00.5110000+00:00</time>
      </trkpt>
      <trkpt lat="46.7589" lon="8.03375">
        <ele>671.76</ele>
        <time>2026-05-04T00:24:08.6560000+00:00</time>
      </trkpt>
      <trkpt lat="46.75891" lon="8.03376">
        <ele>672.2</ele>
        <time>2026-05-04T00:24:11.1280000+00:00</time>
      </trkpt>
      <trkpt lat="46.75897" lon="8.03376">
        <ele>673.91</ele>
        <time>2026-05-04T00:24:23.3480000+00:00</time>
      </trkpt>
      <trkpt lat="46.75906" lon="8.03374">
        <ele>676.14</ele>
        <time>2026-05-04T00:24:41.8910000+00:00</time>
      </trkpt>
      <trkpt lat="46.75913" lon="8.03375">
        <ele>678.31</ele>
        <time>2026-05-04T00:24:56.2160000+00:00</time>
      </trkpt>
      <trkpt lat="46.75921" lon="8.03377">
        <ele>680.97</ele>
        <time>2026-05-04T00:25:12.7490000+00:00</time>
      </trkpt>
      <trkpt lat="46.75927" lon="8.03378">
        <ele>682.89</ele>
        <time>2026-05-04T00:25:25.0500000+00:00</time>
      </trkpt>
      <trkpt lat="46.7594" lon="8.03379">
        <ele>686.57</ele>
        <time>2026-05-04T00:25:51.5660000+00:00</time>
      </trkpt>
      <trkpt lat="46.7595" lon="8.03379">
        <ele>688.64</ele>
        <time>2026-05-04T00:26:11.9350000+00:00</time>
      </trkpt>
      <trkpt lat="46.75966" lon="8.03374">
        <ele>691</ele>
        <time>2026-05-04T00:26:45.2630000+00:00</time>
      </trkpt>
      <trkpt lat="46.75991" lon="8.03362">
        <ele>694.07</ele>
        <time>2026-05-04T00:27:38.8660000+00:00</time>
      </trkpt>
      <trkpt lat="46.76002" lon="8.03355">
        <ele>695.2</ele>
        <time>2026-05-04T00:28:03.3080000+00:00</time>
      </trkpt>
      <trkpt lat="46.76018" lon="8.03346">
        <ele>697.16</ele>
        <time>2026-05-04T00:28:38.2330000+00:00</time>
      </trkpt>
      <trkpt lat="46.76028" lon="8.03342">
        <ele>698.63</ele>
        <time>2026-05-04T00:28:59.3530000+00:00</time>
      </trkpt>
      <trkpt lat="46.7604" lon="8.0334">
        <ele>700.91</ele>
        <time>2026-05-04T00:29:23.9530000+00:00</time>
      </trkpt>
      <trkpt lat="46.76045" lon="8.03339">
        <ele>701.85</ele>
        <time>2026-05-04T00:29:34.2330000+00:00</time>
      </trkpt>
      <trkpt lat="46.76047" lon="8.03344">
        <ele>702.95</ele>
        <time>2026-05-04T00:29:42.3110000+00:00</time>
      </trkpt>
      <trkpt lat="46.7605" lon="8.03348">
        <ele>704.1</ele>
        <time>2026-05-04T00:29:50.5850000+00:00</time>
      </trkpt>
      <trkpt lat="46.76074" lon="8.03363">
        <ele>710.51</ele>
        <time>2026-05-04T00:30:43.7620000+00:00</time>
      </trkpt>
      <trkpt lat="46.76085" lon="8.03369">
        <ele>713.06</ele>
        <time>2026-05-04T00:31:07.6810000+00:00</time>
      </trkpt>
      <trkpt lat="46.76096" lon="8.03375">
        <ele>715.43</ele>
        <time>2026-05-04T00:31:31.5990000+00:00</time>
      </trkpt>
      <trkpt lat="46.76106" lon="8.03378">
        <ele>717.58</ele>
        <time>2026-05-04T00:31:52.3940000+00:00</time>
      </trkpt>
      <trkpt lat="46.76112" lon="8.0338">
        <ele>719.27</ele>
        <time>2026-05-04T00:32:04.9290000+00:00</time>
      </trkpt>
      <trkpt lat="46.76129" lon="8.03384">
        <ele>723.86</ele>
        <time>2026-05-04T00:32:40.0020000+00:00</time>
      </trkpt>
      <trkpt lat="46.76145" lon="8.03386">
        <ele>728.03</ele>
        <time>2026-05-04T00:33:12.7110000+00:00</time>
      </trkpt>
      <trkpt lat="46.76151" lon="8.03387">
        <ele>729.58</ele>
        <time>2026-05-04T00:33:25.0110000+00:00</time>
      </trkpt>
      <trkpt lat="46.76161" lon="8.03389">
        <ele>732.14</ele>
        <time>2026-05-04T00:33:45.5700000+00:00</time>
      </trkpt>
      <trkpt lat="46.76168" lon="8.03389">
        <ele>733.91</ele>
        <time>2026-05-04T00:33:59.8280000+00:00</time>
      </trkpt>
      <trkpt lat="46.76175" lon="8.03389">
        <ele>735.68</ele>
        <time>2026-05-04T00:34:14.0850000+00:00</time>
      </trkpt>
      <trkpt lat="46.76184" lon="8.03387">
        <ele>738</ele>
        <time>2026-05-04T00:34:32.6280000+00:00</time>
      </trkpt>
      <trkpt lat="46.76191" lon="8.03386">
        <ele>740.05</ele>
        <time>2026-05-04T00:34:46.9540000+00:00</time>
      </trkpt>
      <trkpt lat="46.76197" lon="8.03384">
        <ele>741.98</ele>
        <time>2026-05-04T00:34:59.4890000+00:00</time>
      </trkpt>
      <trkpt lat="46.762" lon="8.03383">
        <ele>742.96</ele>
        <time>2026-05-04T00:35:05.7540000+00:00</time>
      </trkpt>
      <trkpt lat="46.76209" lon="8.03379">
        <ele>746.02</ele>
        <time>2026-05-04T00:35:24.9160000+00:00</time>
      </trkpt>
      <trkpt lat="46.76212" lon="8.03378">
        <ele>747.04</ele>
        <time>2026-05-04T00:35:31.1870000+00:00</time>
      </trkpt>
      <trkpt lat="46.76215" lon="8.03378">
        <ele>748.01</ele>
        <time>2026-05-04T00:35:37.3000000+00:00</time>
      </trkpt>
      <trkpt lat="46.76219" lon="8.03381">
        <ele>749.06</ele>
        <time>2026-05-04T00:35:46.4610000+00:00</time>
      </trkpt>
      <trkpt lat="46.76224" lon="8.03385">
        <ele>750.31</ele>
        <time>2026-05-04T00:35:58.0750000+00:00</time>
      </trkpt>
      <trkpt lat="46.76229" lon="8.0339">
        <ele>751.4</ele>
        <time>2026-05-04T00:36:10.4190000+00:00</time>
      </trkpt>
      <trkpt lat="46.76232" lon="8.03393">
        <ele>752.02</ele>
        <time>2026-05-04T00:36:17.8260000+00:00</time>
      </trkpt>
      <trkpt lat="46.76237" lon="8.03395">
        <ele>753.3</ele>
        <time>2026-05-04T00:36:28.3850000+00:00</time>
      </trkpt>
      <trkpt lat="46.7624" lon="8.03396">
        <ele>754.07</ele>
        <time>2026-05-04T00:36:34.6530000+00:00</time>
      </trkpt>
      <trkpt lat="46.76247" lon="8.03395">
        <ele>756.24</ele>
        <time>2026-05-04T00:36:48.9780000+00:00</time>
      </trkpt>
      <trkpt lat="46.7626" lon="8.03392">
        <ele>760.49</ele>
        <time>2026-05-04T00:37:15.7860000+00:00</time>
      </trkpt>
      <trkpt lat="46.76272" lon="8.03389">
        <ele>764.52</ele>
        <time>2026-05-04T00:37:40.5840000+00:00</time>
      </trkpt>
      <trkpt lat="46.76282" lon="8.03386">
        <ele>767.87</ele>
        <time>2026-05-04T00:38:01.3780000+00:00</time>
      </trkpt>
      <trkpt lat="46.76293" lon="8.03385">
        <ele>771.17</ele>
        <time>2026-05-04T00:38:23.8260000+00:00</time>
      </trkpt>
      <trkpt lat="46.76302" lon="8.03384">
        <ele>773.89</ele>
        <time>2026-05-04T00:38:42.2100000+00:00</time>
      </trkpt>
      <trkpt lat="46.76312" lon="8.03385">
        <ele>776.63</ele>
        <time>2026-05-04T00:39:02.6270000+00:00</time>
      </trkpt>
      <trkpt lat="46.76317" lon="8.03383">
        <ele>778.3</ele>
        <time>2026-05-04T00:39:13.1850000+00:00</time>
      </trkpt>
      <trkpt lat="46.76329" lon="8.03376">
        <ele>782.46</ele>
        <time>2026-05-04T00:39:39.5060000+00:00</time>
      </trkpt>
      <trkpt lat="46.76332" lon="8.03375">
        <ele>783.4</ele>
        <time>2026-05-04T00:39:45.7760000+00:00</time>
      </trkpt>
      <trkpt lat="46.76336" lon="8.03372">
        <ele>784.81</ele>
        <time>2026-05-04T00:39:54.9350000+00:00</time>
      </trkpt>
      <trkpt lat="46.76338" lon="8.03371">
        <ele>785.46</ele>
        <time>2026-05-04T00:39:59.2440000+00:00</time>
      </trkpt>
      <trkpt lat="46.7634" lon="8.0337">
        <ele>786.11</ele>
        <time>2026-05-04T00:40:03.5530000+00:00</time>
      </trkpt>
      <trkpt lat="46.76342" lon="8.03371">
        <ele>786.56</ele>
        <time>2026-05-04T00:40:07.8590000+00:00</time>
      </trkpt>
      <trkpt lat="46.76344" lon="8.0337">
        <ele>787.2</ele>
        <time>2026-05-04T00:40:12.1610000+00:00</time>
      </trkpt>
      <trkpt lat="46.76346" lon="8.03369">
        <ele>787.84</ele>
        <time>2026-05-04T00:40:16.4670000+00:00</time>
      </trkpt>
      <trkpt lat="46.76348" lon="8.03367">
        <ele>788.57</ele>
        <time>2026-05-04T00:40:21.4040000+00:00</time>
      </trkpt>
      <trkpt lat="46.76349" lon="8.03367">
        <ele>788.84</ele>
        <time>2026-05-04T00:40:23.4390000+00:00</time>
      </trkpt>
      <trkpt lat="46.76349" lon="8.03366">
        <ele>788.93</ele>
        <time>2026-05-04T00:40:24.8410000+00:00</time>
      </trkpt>
      <trkpt lat="46.76349" lon="8.03365">
        <ele>789.01</ele>
        <time>2026-05-04T00:40:26.2430000+00:00</time>
      </trkpt>
      <trkpt lat="46.76348" lon="8.03364">
        <ele>788.83</ele>
        <time>2026-05-04T00:40:28.7150000+00:00</time>
      </trkpt>
      <trkpt lat="46.76346" lon="8.03364">
        <ele>788.29</ele>
        <time>2026-05-04T00:40:32.7860000+00:00</time>
      </trkpt>
      <trkpt lat="46.76345" lon="8.03363">
        <ele>788.12</ele>
        <time>2026-05-04T00:40:35.2570000+00:00</time>
      </trkpt>
      <trkpt lat="46.76344" lon="8.03361">
        <ele>788.03</ele>
        <time>2026-05-04T00:40:38.7090000+00:00</time>
      </trkpt>
      <trkpt lat="46.76342" lon="8.03356">
        <ele>787.97</ele>
        <time>2026-05-04T00:40:46.7880000+00:00</time>
      </trkpt>
      <trkpt lat="46.7634" lon="8.03352">
        <ele>787.82</ele>
        <time>2026-05-04T00:40:53.6960000+00:00</time>
      </trkpt>
      <trkpt lat="46.7634" lon="8.03349">
        <ele>788.11</ele>
        <time>2026-05-04T00:40:57.8840000+00:00</time>
      </trkpt>
      <trkpt lat="46.7634" lon="8.03347">
        <ele>788.3</ele>
        <time>2026-05-04T00:41:00.6770000+00:00</time>
      </trkpt>
      <trkpt lat="46.76342" lon="8.03346">
        <ele>788.9</ele>
        <time>2026-05-04T00:41:04.9820000+00:00</time>
      </trkpt>
      <trkpt lat="46.76344" lon="8.03346">
        <ele>789.41</ele>
        <time>2026-05-04T00:41:09.0530000+00:00</time>
      </trkpt>
      <trkpt lat="46.76347" lon="8.03344">
        <ele>790.35</ele>
        <time>2026-05-04T00:41:15.7710000+00:00</time>
      </trkpt>
      <trkpt lat="46.76352" lon="8.03344">
        <ele>791.61</ele>
        <time>2026-05-04T00:41:25.9550000+00:00</time>
      </trkpt>
      <trkpt lat="46.76356" lon="8.03342">
        <ele>793.24</ele>
        <time>2026-05-04T00:41:34.5660000+00:00</time>
      </trkpt>
      <trkpt lat="46.76359" lon="8.03339">
        <ele>794.74</ele>
        <time>2026-05-04T00:41:41.9730000+00:00</time>
      </trkpt>
      <trkpt lat="46.76363" lon="8.03338">
        <ele>796.48</ele>
        <time>2026-05-04T00:41:50.2400000+00:00</time>
      </trkpt>
      <trkpt lat="46.76361" lon="8.03333">
        <ele>796.12</ele>
        <time>2026-05-04T00:41:58.3180000+00:00</time>
      </trkpt>
      <trkpt lat="46.76362" lon="8.03332">
        <ele>796.63</ele>
        <time>2026-05-04T00:42:00.7900000+00:00</time>
      </trkpt>
      <trkpt lat="46.76363" lon="8.03329">
        <ele>797.58</ele>
        <time>2026-05-04T00:42:05.4430000+00:00</time>
      </trkpt>
      <trkpt lat="46.76363" lon="8.03322">
        <ele>799.33</ele>
        <time>2026-05-04T00:42:15.2100000+00:00</time>
      </trkpt>
      <trkpt lat="46.76361" lon="8.03311">
        <ele>801.2</ele>
        <time>2026-05-04T00:42:31.0890000+00:00</time>
      </trkpt>
      <trkpt lat="46.76359" lon="8.03301">
        <ele>802.78</ele>
        <time>2026-05-04T00:42:45.6250000+00:00</time>
      </trkpt>
      <trkpt lat="46.76355" lon="8.03289">
        <ele>803.89</ele>
        <time>2026-05-04T00:43:04.2460000+00:00</time>
      </trkpt>
      <trkpt lat="46.76353" lon="8.03283">
        <ele>804.41</ele>
        <time>2026-05-04T00:43:13.5560000+00:00</time>
      </trkpt>
      <trkpt lat="46.76352" lon="8.03275">
        <ele>806.07</ele>
        <time>2026-05-04T00:43:24.9030000+00:00</time>
      </trkpt>
      <trkpt lat="46.76353" lon="8.03269">
        <ele>807.78</ele>
        <time>2026-05-04T00:43:33.5200000+00:00</time>
      </trkpt>
      <trkpt lat="46.76354" lon="8.03265">
        <ele>809.21</ele>
        <time>2026-05-04T00:43:39.4600000+00:00</time>
      </trkpt>
      <trkpt lat="46.76356" lon="8.03263">
        <ele>810.67</ele>
        <time>2026-05-04T00:43:44.3940000+00:00</time>
      </trkpt>
      <trkpt lat="46.76357" lon="8.0326">
        <ele>811.9</ele>
        <time>2026-05-04T00:43:49.0480000+00:00</time>
      </trkpt>
      <trkpt lat="46.7636" lon="8.03258">
        <ele>813.86</ele>
        <time>2026-05-04T00:43:55.7650000+00:00</time>
      </trkpt>
      <trkpt lat="46.76362" lon="8.03258">
        <ele>814.85</ele>
        <time>2026-05-04T00:43:59.8360000+00:00</time>
      </trkpt>
      <trkpt lat="46.76364" lon="8.0326">
        <ele>815.34</ele>
        <time>2026-05-04T00:44:04.7730000+00:00</time>
      </trkpt>
      <trkpt lat="46.76369" lon="8.03274">
        <ele>814.21</ele>
        <time>2026-05-04T00:44:26.8030000+00:00</time>
      </trkpt>
      <trkpt lat="46.76371" lon="8.03276">
        <ele>814.64</ele>
        <time>2026-05-04T00:44:31.7400000+00:00</time>
      </trkpt>
      <trkpt lat="46.76374" lon="8.03278">
        <ele>815.55</ele>
        <time>2026-05-04T00:44:38.4570000+00:00</time>
      </trkpt>
      <trkpt lat="46.76376" lon="8.03278">
        <ele>816.49</ele>
        <time>2026-05-04T00:44:42.5310000+00:00</time>
      </trkpt>
      <trkpt lat="46.76377" lon="8.03276">
        <ele>817.5</ele>
        <time>2026-05-04T00:44:45.9830000+00:00</time>
      </trkpt>
      <trkpt lat="46.76378" lon="8.03273">
        <ele>818.77</ele>
        <time>2026-05-04T00:44:50.6370000+00:00</time>
      </trkpt>
      <trkpt lat="46.76378" lon="8.0327">
        <ele>819.56</ele>
        <time>2026-05-04T00:44:54.8170000+00:00</time>
      </trkpt>
      <trkpt lat="46.76376" lon="8.03263">
        <ele>820.45</ele>
        <time>2026-05-04T00:45:05.3980000+00:00</time>
      </trkpt>
      <trkpt lat="46.76374" lon="8.03253">
        <ele>822.08</ele>
        <time>2026-05-04T00:45:19.9330000+00:00</time>
      </trkpt>
      <trkpt lat="46.76373" lon="8.03246">
        <ele>823.25</ele>
        <time>2026-05-04T00:45:29.9090000+00:00</time>
      </trkpt>
      <trkpt lat="46.76374" lon="8.03243">
        <ele>824.17</ele>
        <time>2026-05-04T00:45:34.5630000+00:00</time>
      </trkpt>
      <trkpt lat="46.76376" lon="8.03241">
        <ele>825.43</ele>
        <time>2026-05-04T00:45:39.5000000+00:00</time>
      </trkpt>
      <trkpt lat="46.76378" lon="8.03241">
        <ele>826.42</ele>
        <time>2026-05-04T00:45:43.5710000+00:00</time>
      </trkpt>
      <trkpt lat="46.7638" lon="8.03242">
        <ele>827.28</ele>
        <time>2026-05-04T00:45:47.8730000+00:00</time>
      </trkpt>
      <trkpt lat="46.76382" lon="8.03248">
        <ele>827.42</ele>
        <time>2026-05-04T00:45:57.1820000+00:00</time>
      </trkpt>
      <trkpt lat="46.76386" lon="8.03251">
        <ele>828.61</ele>
        <time>2026-05-04T00:46:06.3430000+00:00</time>
      </trkpt>
      <trkpt lat="46.76388" lon="8.03251">
        <ele>829.61</ele>
        <time>2026-05-04T00:46:10.4180000+00:00</time>
      </trkpt>
      <trkpt lat="46.7639" lon="8.0325">
        <ele>830.89</ele>
        <time>2026-05-04T00:46:14.7270000+00:00</time>
      </trkpt>
      <trkpt lat="46.7639" lon="8.03248">
        <ele>831.45</ele>
        <time>2026-05-04T00:46:17.5200000+00:00</time>
      </trkpt>
      <trkpt lat="46.76396" lon="8.03234">
        <ele>836.08</ele>
        <time>2026-05-04T00:46:40.5620000+00:00</time>
      </trkpt>
      <trkpt lat="46.76402" lon="8.03226">
        <ele>839.77</ele>
        <time>2026-05-04T00:46:57.1130000+00:00</time>
      </trkpt>
      <trkpt lat="46.76407" lon="8.03216">
        <ele>843.04</ele>
        <time>2026-05-04T00:47:14.3880000+00:00</time>
      </trkpt>
      <trkpt lat="46.76412" lon="8.03208">
        <ele>846.01</ele>
        <time>2026-05-04T00:47:29.4980000+00:00</time>
      </trkpt>
      <trkpt lat="46.76418" lon="8.03201">
        <ele>849.21</ele>
        <time>2026-05-04T00:47:45.1420000+00:00</time>
      </trkpt>
      <trkpt lat="46.76423" lon="8.03196">
        <ele>851.74</ele>
        <time>2026-05-04T00:47:57.4860000+00:00</time>
      </trkpt>
      <trkpt lat="46.76426" lon="8.03188">
        <ele>853.53</ele>
        <time>2026-05-04T00:48:10.2120000+00:00</time>
      </trkpt>
      <trkpt lat="46.76433" lon="8.03177">
        <ele>857.05</ele>
        <time>2026-05-04T00:48:31.1600000+00:00</time>
      </trkpt>
      <trkpt lat="46.7644" lon="8.03172">
        <ele>860.56</ele>
        <time>2026-05-04T00:48:47.0340000+00:00</time>
      </trkpt>
      <trkpt lat="46.76449" lon="8.03166">
        <ele>865.72</ele>
        <time>2026-05-04T00:49:07.1870000+00:00</time>
      </trkpt>
      <trkpt lat="46.76457" lon="8.03157">
        <ele>871.26</ele>
        <time>2026-05-04T00:49:27.7580000+00:00</time>
      </trkpt>
      <trkpt lat="46.76461" lon="8.03147">
        <ele>874.83</ele>
        <time>2026-05-04T00:49:43.9150000+00:00</time>
      </trkpt>
      <trkpt lat="46.76463" lon="8.03147">
        <ele>875.85</ele>
        <time>2026-05-04T00:49:47.9900000+00:00</time>
      </trkpt>
      <trkpt lat="46.76463" lon="8.03146">
        <ele>875.99</ele>
        <time>2026-05-04T00:49:49.3920000+00:00</time>
      </trkpt>
      <trkpt lat="46.76464" lon="8.03139">
        <ele>877.48</ele>
        <time>2026-05-04T00:49:59.3680000+00:00</time>
      </trkpt>
      <trkpt lat="46.76464" lon="8.03126">
        <ele>879.3</ele>
        <time>2026-05-04T00:50:17.5060000+00:00</time>
      </trkpt>
      <trkpt lat="46.76465" lon="8.0311">
        <ele>881.98</ele>
        <time>2026-05-04T00:50:39.9220000+00:00</time>
      </trkpt>
      <trkpt lat="46.76466" lon="8.031">
        <ele>883.79</ele>
        <time>2026-05-04T00:50:54.0220000+00:00</time>
      </trkpt>
      <trkpt lat="46.7647" lon="8.03084">
        <ele>887.53</ele>
        <time>2026-05-04T00:51:17.7860000+00:00</time>
      </trkpt>
      <trkpt lat="46.76472" lon="8.03077">
        <ele>889.58</ele>
        <time>2026-05-04T00:51:28.3680000+00:00</time>
      </trkpt>
      <trkpt lat="46.76474" lon="8.03069">
        <ele>892.17</ele>
        <time>2026-05-04T00:51:40.2490000+00:00</time>
      </trkpt>
      <trkpt lat="46.76477" lon="8.0306">
        <ele>895.38</ele>
        <time>2026-05-04T00:51:54.2130000+00:00</time>
      </trkpt>
      <trkpt lat="46.76478" lon="8.03055">
        <ele>896.9</ele>
        <time>2026-05-04T00:52:01.4820000+00:00</time>
      </trkpt>
      <trkpt lat="46.76477" lon="8.03043">
        <ele>899.26</ele>
        <time>2026-05-04T00:52:18.3480000+00:00</time>
      </trkpt>
      <trkpt lat="46.76478" lon="8.03039">
        <ele>900.56</ele>
        <time>2026-05-04T00:52:24.2920000+00:00</time>
      </trkpt>
      <trkpt lat="46.7648" lon="8.03035">
        <ele>902.24</ele>
        <time>2026-05-04T00:52:31.2000000+00:00</time>
      </trkpt>
      <trkpt lat="46.76484" lon="8.03034">
        <ele>904</ele>
        <time>2026-05-04T00:52:39.4650000+00:00</time>
      </trkpt>
      <trkpt lat="46.76488" lon="8.03035">
        <ele>905.31</ele>
        <time>2026-05-04T00:52:47.7300000+00:00</time>
      </trkpt>
      <trkpt lat="46.76492" lon="8.03034">
        <ele>907.08</ele>
        <time>2026-05-04T00:52:55.9970000+00:00</time>
      </trkpt>
      <trkpt lat="46.76486" lon="8.03024">
        <ele>907.05</ele>
        <time>2026-05-04T00:53:14.5440000+00:00</time>
      </trkpt>
      <trkpt lat="46.76489" lon="8.03016">
        <ele>910.03</ele>
        <time>2026-05-04T00:53:27.2690000+00:00</time>
      </trkpt>
      <trkpt lat="46.76489" lon="8.03012">
        <ele>910.94</ele>
        <time>2026-05-04T00:53:32.8500000+00:00</time>
      </trkpt>
      <trkpt lat="46.76486" lon="8.03009">
        <ele>910.48</ele>
        <time>2026-05-04T00:53:40.2570000+00:00</time>
      </trkpt>
      <trkpt lat="46.76482" lon="8.03008">
        <ele>909.17</ele>
        <time>2026-05-04T00:53:48.5240000+00:00</time>
      </trkpt>
      <trkpt lat="46.76482" lon="8.03005">
        <ele>909.85</ele>
        <time>2026-05-04T00:53:52.7120000+00:00</time>
      </trkpt>
      <trkpt lat="46.76482" lon="8.03002">
        <ele>910.54</ele>
        <time>2026-05-04T00:53:56.9000000+00:00</time>
      </trkpt>
      <trkpt lat="46.76481" lon="8.02997">
        <ele>911.31</ele>
        <time>2026-05-04T00:54:04.1660000+00:00</time>
      </trkpt>
      <trkpt lat="46.76478" lon="8.02994">
        <ele>910.95</ele>
        <time>2026-05-04T00:54:11.5730000+00:00</time>
      </trkpt>
      <trkpt lat="46.76477" lon="8.0299">
        <ele>911.63</ele>
        <time>2026-05-04T00:54:17.5160000+00:00</time>
      </trkpt>
      <trkpt lat="46.76474" lon="8.02984">
        <ele>912.13</ele>
        <time>2026-05-04T00:54:27.8800000+00:00</time>
      </trkpt>
      <trkpt lat="46.76472" lon="8.02983">
        <ele>911.67</ele>
        <time>2026-05-04T00:54:32.1860000+00:00</time>
      </trkpt>
      <trkpt lat="46.7647" lon="8.02979">
        <ele>912.05</ele>
        <time>2026-05-04T00:54:39.0960000+00:00</time>
      </trkpt>
      <trkpt lat="46.76468" lon="8.02974">
        <ele>912.73</ele>
        <time>2026-05-04T00:54:47.1750000+00:00</time>
      </trkpt>
      <trkpt lat="46.76467" lon="8.02971">
        <ele>913.22</ele>
        <time>2026-05-04T00:54:51.8280000+00:00</time>
      </trkpt>
      <trkpt lat="46.76467" lon="8.02968">
        <ele>914.06</ele>
        <time>2026-05-04T00:54:56.0160000+00:00</time>
      </trkpt>
      <trkpt lat="46.76468" lon="8.02965">
        <ele>915.24</ele>
        <time>2026-05-04T00:55:00.6690000+00:00</time>
      </trkpt>
      <trkpt lat="46.76469" lon="8.02961">
        <ele>916.68</ele>
        <time>2026-05-04T00:55:06.6100000+00:00</time>
      </trkpt>
      <trkpt lat="46.7647" lon="8.02955">
        <ele>918.67</ele>
        <time>2026-05-04T00:55:15.2240000+00:00</time>
      </trkpt>
      <trkpt lat="46.76472" lon="8.02945">
        <ele>922.04</ele>
        <time>2026-05-04T00:55:29.7590000+00:00</time>
      </trkpt>
      <trkpt lat="46.76471" lon="8.02924">
        <ele>927.49</ele>
        <time>2026-05-04T00:55:59.1300000+00:00</time>
      </trkpt>
      <trkpt lat="46.76471" lon="8.02908">
        <ele>932.48</ele>
        <time>2026-05-04T00:56:21.4530000+00:00</time>
      </trkpt>
      <trkpt lat="46.76469" lon="8.02896">
        <ele>936.37</ele>
        <time>2026-05-04T00:56:38.6840000+00:00</time>
      </trkpt>
      <trkpt lat="46.76467" lon="8.0288">
        <ele>941.69</ele>
        <time>2026-05-04T00:57:01.3770000+00:00</time>
      </trkpt>
      <trkpt lat="46.76468" lon="8.02872">
        <ele>944.93</ele>
        <time>2026-05-04T00:57:12.7230000+00:00</time>
      </trkpt>
      <trkpt lat="46.76474" lon="8.02866">
        <ele>949.02</ele>
        <time>2026-05-04T00:57:27.5360000+00:00</time>
      </trkpt>
      <trkpt lat="46.7648" lon="8.02863">
        <ele>952.04</ele>
        <time>2026-05-04T00:57:40.4540000+00:00</time>
      </trkpt>
      <trkpt lat="46.76481" lon="8.02861">
        <ele>953.12</ele>
        <time>2026-05-04T00:57:43.9060000+00:00</time>
      </trkpt>
      <trkpt lat="46.7648" lon="8.02855">
        <ele>955.08</ele>
        <time>2026-05-04T00:57:52.5200000+00:00</time>
      </trkpt>
      <trkpt lat="46.76485" lon="8.02835">
        <ele>964.41</ele>
        <time>2026-05-04T00:58:22.2250000+00:00</time>
      </trkpt>
      <trkpt lat="46.76487" lon="8.02833">
        <ele>965.87</ele>
        <time>2026-05-04T00:58:27.1620000+00:00</time>
      </trkpt>
      <trkpt lat="46.7649" lon="8.02827">
        <ele>968.38</ele>
        <time>2026-05-04T00:58:37.5280000+00:00</time>
      </trkpt>
      <trkpt lat="46.76492" lon="8.02826">
        <ele>969.26</ele>
        <time>2026-05-04T00:58:41.8300000+00:00</time>
      </trkpt>
      <trkpt lat="46.76495" lon="8.02826">
        <ele>970.32</ele>
        <time>2026-05-04T00:58:47.9390000+00:00</time>
      </trkpt>
      <trkpt lat="46.76498" lon="8.02828">
        <ele>971.02</ele>
        <time>2026-05-04T00:58:54.6560000+00:00</time>
      </trkpt>
      <trkpt lat="46.76501" lon="8.02833">
        <ele>970.72</ele>
        <time>2026-05-04T00:59:03.9300000+00:00</time>
      </trkpt>
      <trkpt lat="46.76503" lon="8.02836">
        <ele>970.2</ele>
        <time>2026-05-04T00:59:09.7710000+00:00</time>
      </trkpt>
      <trkpt lat="46.76504" lon="8.02839">
        <ele>969.33</ele>
        <time>2026-05-04T00:59:14.4300000+00:00</time>
      </trkpt>
      <trkpt lat="46.76506" lon="8.0284">
        <ele>969.6</ele>
        <time>2026-05-04T00:59:18.7390000+00:00</time>
      </trkpt>
      <trkpt lat="46.76507" lon="8.0284">
        <ele>969.94</ele>
        <time>2026-05-04T00:59:20.7820000+00:00</time>
      </trkpt>
      <trkpt lat="46.76508" lon="8.02838">
        <ele>971.1</ele>
        <time>2026-05-04T00:59:24.2340000+00:00</time>
      </trkpt>
      <trkpt lat="46.7651" lon="8.02838">
        <ele>971.78</ele>
        <time>2026-05-04T00:59:28.3050000+00:00</time>
      </trkpt>
      <trkpt lat="46.76511" lon="8.02839">
        <ele>971.71</ele>
        <time>2026-05-04T00:59:30.7700000+00:00</time>
      </trkpt>
      <trkpt lat="46.76512" lon="8.02841">
        <ele>971.23</ele>
        <time>2026-05-04T00:59:34.2220000+00:00</time>
      </trkpt>
      <trkpt lat="46.76512" lon="8.02841">
        <ele>971.23</ele>
        <time>2026-05-04T00:59:34.2220000+00:00</time>
      </trkpt>
      <trkpt lat="46.76513" lon="8.0284">
        <ele>971.98</ele>
        <time>2026-05-04T00:59:36.6940000+00:00</time>
      </trkpt>
      <trkpt lat="46.76514" lon="8.02838">
        <ele>973.15</ele>
        <time>2026-05-04T00:59:40.1460000+00:00</time>
      </trkpt>
      <trkpt lat="46.76515" lon="8.02838">
        <ele>973.49</ele>
        <time>2026-05-04T00:59:42.1890000+00:00</time>
      </trkpt>
      <trkpt lat="46.76516" lon="8.02838">
        <ele>973.83</ele>
        <time>2026-05-04T00:59:44.2310000+00:00</time>
      </trkpt>
      <trkpt lat="46.76517" lon="8.02837">
        <ele>974.59</ele>
        <time>2026-05-04T00:59:46.7030000+00:00</time>
      </trkpt>
      <trkpt lat="46.76518" lon="8.02836">
        <ele>975.35</ele>
        <time>2026-05-04T00:59:49.1750000+00:00</time>
      </trkpt>
      <trkpt lat="46.76518" lon="8.02834">
        <ele>976.19</ele>
        <time>2026-05-04T00:59:51.9570000+00:00</time>
      </trkpt>
      <trkpt lat="46.7652" lon="8.02833">
        <ele>977.3</ele>
        <time>2026-05-04T00:59:56.2630000+00:00</time>
      </trkpt>
      <trkpt lat="46.76524" lon="8.02831">
        <ele>979.53</ele>
        <time>2026-05-04T01:00:04.8740000+00:00</time>
      </trkpt>
      <trkpt lat="46.76525" lon="8.02831">
        <ele>979.88</ele>
        <time>2026-05-04T01:00:06.9090000+00:00</time>
      </trkpt>
      <trkpt lat="46.76526" lon="8.02831">
        <ele>980.23</ele>
        <time>2026-05-04T01:00:08.9520000+00:00</time>
      </trkpt>
      <trkpt lat="46.76527" lon="8.02832">
        <ele>980.16</ele>
        <time>2026-05-04T01:00:11.4240000+00:00</time>
      </trkpt>
      <trkpt lat="46.76527" lon="8.02834">
        <ele>979.33</ele>
        <time>2026-05-04T01:00:14.2220000+00:00</time>
      </trkpt>
      <trkpt lat="46.76528" lon="8.02839">
        <ele>977.59</ele>
        <time>2026-05-04T01:00:21.4930000+00:00</time>
      </trkpt>
      <trkpt lat="46.76529" lon="8.02841">
        <ele>977.11</ele>
        <time>2026-05-04T01:00:24.9450000+00:00</time>
      </trkpt>
      <trkpt lat="46.76533" lon="8.02845">
        <ele>976.86</ele>
        <time>2026-05-04T01:00:34.8200000+00:00</time>
      </trkpt>
      <trkpt lat="46.76535" lon="8.02847">
        <ele>976.75</ele>
        <time>2026-05-04T01:00:39.7570000+00:00</time>
      </trkpt>
      <trkpt lat="46.76536" lon="8.02847">
        <ele>977.1</ele>
        <time>2026-05-04T01:00:41.7850000+00:00</time>
      </trkpt>
      <trkpt lat="46.76538" lon="8.02846">
        <ele>978.22</ele>
        <time>2026-05-04T01:00:46.0870000+00:00</time>
      </trkpt>
      <trkpt lat="46.7654" lon="8.02845">
        <ele>979.34</ele>
        <time>2026-05-04T01:00:50.3960000+00:00</time>
      </trkpt>
      <trkpt lat="46.76541" lon="8.02843">
        <ele>980.52</ele>
        <time>2026-05-04T01:00:53.8530000+00:00</time>
      </trkpt>
      <trkpt lat="46.76542" lon="8.02835">
        <ele>984.16</ele>
        <time>2026-05-04T01:01:05.1990000+00:00</time>
      </trkpt>
      <trkpt lat="46.76543" lon="8.02833">
        <ele>985.33</ele>
        <time>2026-05-04T01:01:08.6510000+00:00</time>
      </trkpt>
      <trkpt lat="46.76545" lon="8.02833">
        <ele>986.03</ele>
        <time>2026-05-04T01:01:12.7220000+00:00</time>
      </trkpt>
      <trkpt lat="46.76546" lon="8.02832">
        <ele>986.79</ele>
        <time>2026-05-04T01:01:15.1930000+00:00</time>
      </trkpt>
      <trkpt lat="46.76548" lon="8.02834">
        <ele>986.67</ele>
        <time>2026-05-04T01:01:20.1300000+00:00</time>
      </trkpt>
      <trkpt lat="46.7655" lon="8.02836">
        <ele>986.55</ele>
        <time>2026-05-04T01:01:25.0670000+00:00</time>
      </trkpt>
      <trkpt lat="46.76551" lon="8.02835">
        <ele>987.31</ele>
        <time>2026-05-04T01:01:27.5390000+00:00</time>
      </trkpt>
      <trkpt lat="46.76553" lon="8.02835">
        <ele>988.01</ele>
        <time>2026-05-04T01:01:31.6140000+00:00</time>
      </trkpt>
      <trkpt lat="46.76555" lon="8.02835">
        <ele>988.71</ele>
        <time>2026-05-04T01:01:35.6880000+00:00</time>
      </trkpt>
      <trkpt lat="46.76556" lon="8.02834">
        <ele>989.47</ele>
        <time>2026-05-04T01:01:38.1600000+00:00</time>
      </trkpt>
      <trkpt lat="46.76558" lon="8.02834">
        <ele>990.16</ele>
        <time>2026-05-04T01:01:42.2310000+00:00</time>
      </trkpt>
      <trkpt lat="46.76559" lon="8.02832">
        <ele>991.32</ele>
        <time>2026-05-04T01:01:45.6820000+00:00</time>
      </trkpt>
      <trkpt lat="46.7656" lon="8.02832">
        <ele>991.67</ele>
        <time>2026-05-04T01:01:47.7250000+00:00</time>
      </trkpt>
      <trkpt lat="46.76562" lon="8.02831">
        <ele>992.77</ele>
        <time>2026-05-04T01:01:52.0340000+00:00</time>
      </trkpt>
      <trkpt lat="46.76564" lon="8.0283">
        <ele>993.7</ele>
        <time>2026-05-04T01:01:56.3400000+00:00</time>
      </trkpt>
      <trkpt lat="46.76565" lon="8.02828">
        <ele>994.51</ele>
        <time>2026-05-04T01:01:59.8010000+00:00</time>
      </trkpt>
      <trkpt lat="46.76565" lon="8.02827">
        <ele>994.74</ele>
        <time>2026-05-04T01:02:01.2030000+00:00</time>
      </trkpt>
      <trkpt lat="46.76566" lon="8.02827">
        <ele>995.09</ele>
        <time>2026-05-04T01:02:03.2450000+00:00</time>
      </trkpt>
      <trkpt lat="46.76567" lon="8.02827">
        <ele>995.44</ele>
        <time>2026-05-04T01:02:05.2810000+00:00</time>
      </trkpt>
      <trkpt lat="46.7657" lon="8.0283">
        <ele>995.79</ele>
        <time>2026-05-04T01:02:12.6870000+00:00</time>
      </trkpt>
      <trkpt lat="46.76571" lon="8.02831">
        <ele>995.9</ele>
        <time>2026-05-04T01:02:15.1590000+00:00</time>
      </trkpt>
      <trkpt lat="46.76577" lon="8.02833">
        <ele>997.2</ele>
        <time>2026-05-04T01:02:27.6960000+00:00</time>
      </trkpt>
      <trkpt lat="46.76579" lon="8.02834">
        <ele>997.51</ele>
        <time>2026-05-04T01:02:32.0050000+00:00</time>
      </trkpt>
      <trkpt lat="46.7658" lon="8.02833">
        <ele>998.25</ele>
        <time>2026-05-04T01:02:34.4760000+00:00</time>
      </trkpt>
      <trkpt lat="46.76582" lon="8.02831">
        <ele>999.73</ele>
        <time>2026-05-04T01:02:39.4160000+00:00</time>
      </trkpt>
      <trkpt lat="46.76581" lon="8.0283">
        <ele>999.63</ele>
        <time>2026-05-04T01:02:41.8880000+00:00</time>
      </trkpt>
      <trkpt lat="46.7658" lon="8.02829">
        <ele>999.52</ele>
        <time>2026-05-04T01:02:44.3600000+00:00</time>
      </trkpt>
      <trkpt lat="46.76579" lon="8.02827">
        <ele>999.65</ele>
        <time>2026-05-04T01:02:47.8110000+00:00</time>
      </trkpt>
      <trkpt lat="46.76578" lon="8.02824">
        <ele>1000.01</ele>
        <time>2026-05-04T01:02:52.4650000+00:00</time>
      </trkpt>
      <trkpt lat="46.76578" lon="8.0282">
        <ele>1000.96</ele>
        <time>2026-05-04T01:02:58.0460000+00:00</time>
      </trkpt>
      <trkpt lat="46.76578" lon="8.02816">
        <ele>1001.91</ele>
        <time>2026-05-04T01:03:03.6270000+00:00</time>
      </trkpt>
      <trkpt lat="46.7658" lon="8.02816">
        <ele>1002.63</ele>
        <time>2026-05-04T01:03:07.7010000+00:00</time>
      </trkpt>
      <trkpt lat="46.76581" lon="8.02816">
        <ele>1002.98</ele>
        <time>2026-05-04T01:03:09.7370000+00:00</time>
      </trkpt>
      <trkpt lat="46.76582" lon="8.02817">
        <ele>1003.1</ele>
        <time>2026-05-04T01:03:12.2080000+00:00</time>
      </trkpt>
      <trkpt lat="46.76582" lon="8.02816">
        <ele>1003.34</ele>
        <time>2026-05-04T01:03:13.6100000+00:00</time>
      </trkpt>
      <trkpt lat="46.76583" lon="8.02815">
        <ele>1003.94</ele>
        <time>2026-05-04T01:03:16.0820000+00:00</time>
      </trkpt>
      <trkpt lat="46.76585" lon="8.02814">
        <ele>1004.9</ele>
        <time>2026-05-04T01:03:20.3880000+00:00</time>
      </trkpt>
      <trkpt lat="46.76586" lon="8.02814">
        <ele>1005.25</ele>
        <time>2026-05-04T01:03:22.4310000+00:00</time>
      </trkpt>
      <trkpt lat="46.76588" lon="8.02814">
        <ele>1005.97</ele>
        <time>2026-05-04T01:03:26.5010000+00:00</time>
      </trkpt>
      <trkpt lat="46.76588" lon="8.02813">
        <ele>1006.21</ele>
        <time>2026-05-04T01:03:27.8930000+00:00</time>
      </trkpt>
      <trkpt lat="46.76589" lon="8.02809">
        <ele>1007.55</ele>
        <time>2026-05-04T01:03:33.8310000+00:00</time>
      </trkpt>
      <trkpt lat="46.7659" lon="8.02809">
        <ele>1007.91</ele>
        <time>2026-05-04T01:03:35.8590000+00:00</time>
      </trkpt>
      <trkpt lat="46.7659" lon="8.02809">
        <ele>1007.91</ele>
        <time>2026-05-04T01:03:35.8590000+00:00</time>
      </trkpt>
      <trkpt lat="46.76592" lon="8.0281">
        <ele>1008.39</ele>
        <time>2026-05-04T01:03:40.1610000+00:00</time>
      </trkpt>
      <trkpt lat="46.76594" lon="8.02812">
        <ele>1008.61</ele>
        <time>2026-05-04T01:03:45.0980000+00:00</time>
      </trkpt>
      <trkpt lat="46.76595" lon="8.02811">
        <ele>1009.22</ele>
        <time>2026-05-04T01:03:47.5690000+00:00</time>
      </trkpt>
      <trkpt lat="46.76599" lon="8.02812">
        <ele>1010.41</ele>
        <time>2026-05-04T01:03:55.8370000+00:00</time>
      </trkpt>
      <trkpt lat="46.76605" lon="8.02813">
        <ele>1012.29</ele>
        <time>2026-05-04T01:04:08.1380000+00:00</time>
      </trkpt>
      <trkpt lat="46.76608" lon="8.02812">
        <ele>1013.6</ele>
        <time>2026-05-04T01:04:14.4030000+00:00</time>
      </trkpt>
      <trkpt lat="46.76616" lon="8.02811">
        <ele>1016.68</ele>
        <time>2026-05-04T01:04:30.7580000+00:00</time>
      </trkpt>
      <trkpt lat="46.76625" lon="8.0281">
        <ele>1020.15</ele>
        <time>2026-05-04T01:04:49.1430000+00:00</time>
      </trkpt>
      <trkpt lat="46.76629" lon="8.02806">
        <ele>1022.79</ele>
        <time>2026-05-04T01:04:59.0190000+00:00</time>
      </trkpt>
      <trkpt lat="46.76628" lon="8.02803">
        <ele>1023.34</ele>
        <time>2026-05-04T01:05:03.6720000+00:00</time>
      </trkpt>
      <trkpt lat="46.76625" lon="8.02798">
        <ele>1023.72</ele>
        <time>2026-05-04T01:05:12.9460000+00:00</time>
      </trkpt>
      <trkpt lat="46.76625" lon="8.02795">
        <ele>1024.61</ele>
        <time>2026-05-04T01:05:17.1310000+00:00</time>
      </trkpt>
      <trkpt lat="46.76627" lon="8.02793">
        <ele>1025.98</ele>
        <time>2026-05-04T01:05:22.0680000+00:00</time>
      </trkpt>
      <trkpt lat="46.76629" lon="8.02794">
        <ele>1026.45</ele>
        <time>2026-05-04T01:05:26.3700000+00:00</time>
      </trkpt>
      <trkpt lat="46.76634" lon="8.02794">
        <ele>1028.39</ele>
        <time>2026-05-04T01:05:36.5540000+00:00</time>
      </trkpt>
      <trkpt lat="46.76648" lon="8.02795">
        <ele>1033.46</ele>
        <time>2026-05-04T01:06:05.1050000+00:00</time>
      </trkpt>
      <trkpt lat="46.76651" lon="8.02795">
        <ele>1034.61</ele>
        <time>2026-05-04T01:06:11.2140000+00:00</time>
      </trkpt>
      <trkpt lat="46.76652" lon="8.02793">
        <ele>1035.7</ele>
        <time>2026-05-04T01:06:14.6700000+00:00</time>
      </trkpt>
      <trkpt lat="46.76649" lon="8.02786">
        <ele>1036.95</ele>
        <time>2026-05-04T01:06:26.1890000+00:00</time>
      </trkpt>
      <trkpt lat="46.76647" lon="8.0278">
        <ele>1038.19</ele>
        <time>2026-05-04T01:06:35.4990000+00:00</time>
      </trkpt>
      <trkpt lat="46.76648" lon="8.02776">
        <ele>1039.98</ele>
        <time>2026-05-04T01:06:41.4420000+00:00</time>
      </trkpt>
      <trkpt lat="46.76651" lon="8.02775">
        <ele>1041.6</ele>
        <time>2026-05-04T01:06:47.7100000+00:00</time>
      </trkpt>
      <trkpt lat="46.76654" lon="8.0278">
        <ele>1041.1</ele>
        <time>2026-05-04T01:06:56.9840000+00:00</time>
      </trkpt>
      <trkpt lat="46.76658" lon="8.02782">
        <ele>1042.03</ele>
        <time>2026-05-04T01:07:05.5950000+00:00</time>
      </trkpt>
      <trkpt lat="46.76666" lon="8.02783">
        <ele>1044.94</ele>
        <time>2026-05-04T01:07:21.9510000+00:00</time>
      </trkpt>
      <trkpt lat="46.7667" lon="8.02783">
        <ele>1046.58</ele>
        <time>2026-05-04T01:07:30.0960000+00:00</time>
      </trkpt>
      <trkpt lat="46.76682" lon="8.02785">
        <ele>1050.67</ele>
        <time>2026-05-04T01:07:54.6970000+00:00</time>
      </trkpt>
      <trkpt lat="46.76685" lon="8.02784">
        <ele>1052.3</ele>
        <time>2026-05-04T01:08:00.9670000+00:00</time>
      </trkpt>
      <trkpt lat="46.76685" lon="8.02784">
        <ele>1052.3</ele>
        <time>2026-05-04T01:08:00.9670000+00:00</time>
      </trkpt>
      <trkpt lat="46.76686" lon="8.0278">
        <ele>1054.39</ele>
        <time>2026-05-04T01:08:06.9100000+00:00</time>
      </trkpt>
      <trkpt lat="46.76682" lon="8.02775">
        <ele>1054.79</ele>
        <time>2026-05-04T01:08:17.6360000+00:00</time>
      </trkpt>
      <trkpt lat="46.76681" lon="8.02772">
        <ele>1055.59</ele>
        <time>2026-05-04T01:08:22.2890000+00:00</time>
      </trkpt>
      <trkpt lat="46.76682" lon="8.02763">
        <ele>1059.73</ele>
        <time>2026-05-04T01:08:35.0090000+00:00</time>
      </trkpt>
      <trkpt lat="46.7668" lon="8.02752">
        <ele>1063.32</ele>
        <time>2026-05-04T01:08:50.8860000+00:00</time>
      </trkpt>
      <trkpt lat="46.76677" lon="8.02739">
        <ele>1065.47</ele>
        <time>2026-05-04T01:09:10.0250000+00:00</time>
      </trkpt>
      <trkpt lat="46.76679" lon="8.02734">
        <ele>1067.54</ele>
        <time>2026-05-04T01:09:18.1060000+00:00</time>
      </trkpt>
      <trkpt lat="46.76681" lon="8.02732">
        <ele>1068.99</ele>
        <time>2026-05-04T01:09:23.0490000+00:00</time>
      </trkpt>
      <trkpt lat="46.76683" lon="8.02732">
        <ele>1070.01</ele>
        <time>2026-05-04T01:09:27.1270000+00:00</time>
      </trkpt>
      <trkpt lat="46.76685" lon="8.02736">
        <ele>1070.12</ele>
        <time>2026-05-04T01:09:34.0350000+00:00</time>
      </trkpt>
      <trkpt lat="46.76689" lon="8.02743">
        <ele>1070.25</ele>
        <time>2026-05-04T01:09:46.7550000+00:00</time>
      </trkpt>
      <trkpt lat="46.76695" lon="8.02749">
        <ele>1071.01</ele>
        <time>2026-05-04T01:10:01.5680000+00:00</time>
      </trkpt>
      <trkpt lat="46.76698" lon="8.02752">
        <ele>1071.03</ele>
        <time>2026-05-04T01:10:08.9770000+00:00</time>
      </trkpt>
      <trkpt lat="46.767" lon="8.02754">
        <ele>1071.07</ele>
        <time>2026-05-04T01:10:13.9140000+00:00</time>
      </trkpt>
      <trkpt lat="46.76703" lon="8.02754">
        <ele>1072.3</ele>
        <time>2026-05-04T01:10:20.0230000+00:00</time>
      </trkpt>
      <trkpt lat="46.76706" lon="8.02755">
        <ele>1073.16</ele>
        <time>2026-05-04T01:10:26.2900000+00:00</time>
      </trkpt>
      <trkpt lat="46.76709" lon="8.02757">
        <ele>1073.66</ele>
        <time>2026-05-04T01:10:33.0070000+00:00</time>
      </trkpt>
      <trkpt lat="46.76713" lon="8.02758">
        <ele>1074.98</ele>
        <time>2026-05-04T01:10:41.2730000+00:00</time>
      </trkpt>
      <trkpt lat="46.76718" lon="8.0276">
        <ele>1076.38</ele>
        <time>2026-05-04T01:10:51.8320000+00:00</time>
      </trkpt>
      <trkpt lat="46.76723" lon="8.02762">
        <ele>1077.84</ele>
        <time>2026-05-04T01:11:02.3900000+00:00</time>
      </trkpt>
      <trkpt lat="46.76724" lon="8.02762">
        <ele>1078.27</ele>
        <time>2026-05-04T01:11:04.4180000+00:00</time>
      </trkpt>
      <trkpt lat="46.76724" lon="8.02758">
        <ele>1079.6</ele>
        <time>2026-05-04T01:11:09.9990000+00:00</time>
      </trkpt>
      <trkpt lat="46.76722" lon="8.02749">
        <ele>1081.79</ele>
        <time>2026-05-04T01:11:23.2000000+00:00</time>
      </trkpt>
      <trkpt lat="46.76718" lon="8.02736">
        <ele>1084.07</ele>
        <time>2026-05-04T01:11:43.0820000+00:00</time>
      </trkpt>
      <trkpt lat="46.76718" lon="8.02732">
        <ele>1085.24</ele>
        <time>2026-05-04T01:11:48.6630000+00:00</time>
      </trkpt>
      <trkpt lat="46.7672" lon="8.02724">
        <ele>1088.47</ele>
        <time>2026-05-04T01:12:00.5440000+00:00</time>
      </trkpt>
      <trkpt lat="46.76724" lon="8.02714">
        <ele>1093.3</ele>
        <time>2026-05-04T01:12:16.7010000+00:00</time>
      </trkpt>
      <trkpt lat="46.76725" lon="8.02707">
        <ele>1095.91</ele>
        <time>2026-05-04T01:12:26.6770000+00:00</time>
      </trkpt>
      <trkpt lat="46.76727" lon="8.02702">
        <ele>1098.42</ele>
        <time>2026-05-04T01:12:34.7560000+00:00</time>
      </trkpt>
      <trkpt lat="46.76732" lon="8.02714">
        <ele>1097.01</ele>
        <time>2026-05-04T01:12:54.3520000+00:00</time>
      </trkpt>
      <trkpt lat="46.76733" lon="8.02719">
        <ele>1095.86</ele>
        <time>2026-05-04T01:13:01.6200000+00:00</time>
      </trkpt>
      <trkpt lat="46.76737" lon="8.02732">
        <ele>1093.38</ele>
        <time>2026-05-04T01:13:21.5030000+00:00</time>
      </trkpt>
      <trkpt lat="46.7674" lon="8.02737">
        <ele>1092.97</ele>
        <time>2026-05-04T01:13:30.7770000+00:00</time>
      </trkpt>
      <trkpt lat="46.76742" lon="8.02743">
        <ele>1091.76</ele>
        <time>2026-05-04T01:13:40.0870000+00:00</time>
      </trkpt>
      <trkpt lat="46.76745" lon="8.02743">
        <ele>1092.98</ele>
        <time>2026-05-04T01:13:46.1950000+00:00</time>
      </trkpt>
      <trkpt lat="46.76748" lon="8.02742">
        <ele>1094.55</ele>
        <time>2026-05-04T01:13:52.4610000+00:00</time>
      </trkpt>
      <trkpt lat="46.7675" lon="8.02741">
        <ele>1095.72</ele>
        <time>2026-05-04T01:13:56.7660000+00:00</time>
      </trkpt>
      <trkpt lat="46.76751" lon="8.02739">
        <ele>1096.85</ele>
        <time>2026-05-04T01:14:00.2180000+00:00</time>
      </trkpt>
      <trkpt lat="46.76752" lon="8.02737">
        <ele>1097.99</ele>
        <time>2026-05-04T01:14:03.6700000+00:00</time>
      </trkpt>
      <trkpt lat="46.76751" lon="8.02733">
        <ele>1099.01</ele>
        <time>2026-05-04T01:14:09.6110000+00:00</time>
      </trkpt>
      <trkpt lat="46.7675" lon="8.02726">
        <ele>1101.08</ele>
        <time>2026-05-04T01:14:19.5870000+00:00</time>
      </trkpt>
      <trkpt lat="46.76749" lon="8.02719">
        <ele>1103.13</ele>
        <time>2026-05-04T01:14:29.5640000+00:00</time>
      </trkpt>
      <trkpt lat="46.76748" lon="8.02712">
        <ele>1105.15</ele>
        <time>2026-05-04T01:14:39.5390000+00:00</time>
      </trkpt>
      <trkpt lat="46.76748" lon="8.02693">
        <ele>1111.86</ele>
        <time>2026-05-04T01:15:06.0460000+00:00</time>
      </trkpt>
      <trkpt lat="46.76748" lon="8.02677">
        <ele>1117.51</ele>
        <time>2026-05-04T01:15:28.3680000+00:00</time>
      </trkpt>
      <trkpt lat="46.76749" lon="8.02669">
        <ele>1120.89</ele>
        <time>2026-05-04T01:15:39.7130000+00:00</time>
      </trkpt>
      <trkpt lat="46.76752" lon="8.02657">
        <ele>1125.84</ele>
        <time>2026-05-04T01:15:57.5340000+00:00</time>
      </trkpt>
      <trkpt lat="46.76752" lon="8.02647">
        <ele>1128.03</ele>
        <time>2026-05-04T01:16:11.4850000+00:00</time>
      </trkpt>
      <trkpt lat="46.76752" lon="8.02638">
        <ele>1130.01</ele>
        <time>2026-05-04T01:16:24.0400000+00:00</time>
      </trkpt>
      <trkpt lat="46.7675" lon="8.02625">
        <ele>1131.59</ele>
        <time>2026-05-04T01:16:42.6280000+00:00</time>
      </trkpt>
      <trkpt lat="46.7675" lon="8.02619">
        <ele>1132.88</ele>
        <time>2026-05-04T01:16:51.0010000+00:00</time>
      </trkpt>
      <trkpt lat="46.76753" lon="8.02616">
        <ele>1135.5</ele>
        <time>2026-05-04T01:16:58.4070000+00:00</time>
      </trkpt>
      <trkpt lat="46.76755" lon="8.02615">
        <ele>1137.03</ele>
        <time>2026-05-04T01:17:02.7090000+00:00</time>
      </trkpt>
      <trkpt lat="46.76757" lon="8.02617">
        <ele>1137.89</ele>
        <time>2026-05-04T01:17:07.6470000+00:00</time>
      </trkpt>
      <trkpt lat="46.76759" lon="8.0262">
        <ele>1138.5</ele>
        <time>2026-05-04T01:17:13.4850000+00:00</time>
      </trkpt>
      <trkpt lat="46.7676" lon="8.02629">
        <ele>1137.04</ele>
        <time>2026-05-04T01:17:26.2040000+00:00</time>
      </trkpt>
      <trkpt lat="46.76764" lon="8.0264">
        <ele>1136.9</ele>
        <time>2026-05-04T01:17:43.5790000+00:00</time>
      </trkpt>
      <trkpt lat="46.76769" lon="8.02648">
        <ele>1137.93</ele>
        <time>2026-05-04T01:17:58.6880000+00:00</time>
      </trkpt>
      <trkpt lat="46.76778" lon="8.02668">
        <ele>1138.9</ele>
        <time>2026-05-04T01:18:32.0740000+00:00</time>
      </trkpt>
      <trkpt lat="46.76784" lon="8.02679">
        <ele>1139.34</ele>
        <time>2026-05-04T01:18:51.6920000+00:00</time>
      </trkpt>
      <trkpt lat="46.76787" lon="8.02684">
        <ele>1139.86</ele>
        <time>2026-05-04T01:19:00.9660000+00:00</time>
      </trkpt>
      <trkpt lat="46.76792" lon="8.02688">
        <ele>1142.36</ele>
        <time>2026-05-04T01:19:12.5790000+00:00</time>
      </trkpt>
      <trkpt lat="46.76798" lon="8.02692">
        <ele>1145.77</ele>
        <time>2026-05-04T01:19:26.0130000+00:00</time>
      </trkpt>
      <trkpt lat="46.76797" lon="8.0268">
        <ele>1148.87</ele>
        <time>2026-05-04T01:19:42.8790000+00:00</time>
      </trkpt>
      <trkpt lat="46.76793" lon="8.02659">
        <ele>1152.54</ele>
        <time>2026-05-04T01:20:13.2890000+00:00</time>
      </trkpt>
      <trkpt lat="46.7679" lon="8.02636">
        <ele>1156.64</ele>
        <time>2026-05-04T01:20:45.9540000+00:00</time>
      </trkpt>
      <trkpt lat="46.7679" lon="8.02614">
        <ele>1162.65</ele>
        <time>2026-05-04T01:21:16.6470000+00:00</time>
      </trkpt>
      <trkpt lat="46.76792" lon="8.02601">
        <ele>1167.77</ele>
        <time>2026-05-04T01:21:35.2360000+00:00</time>
      </trkpt>
      <trkpt lat="46.76799" lon="8.02579">
        <ele>1179.29</ele>
        <time>2026-05-04T01:22:09.0790000+00:00</time>
      </trkpt>
      <trkpt lat="46.76801" lon="8.02575">
        <ele>1181.75</ele>
        <time>2026-05-04T01:22:15.9870000+00:00</time>
      </trkpt>
      <trkpt lat="46.76804" lon="8.02575">
        <ele>1184.22</ele>
        <time>2026-05-04T01:22:22.0960000+00:00</time>
      </trkpt>
      <trkpt lat="46.76808" lon="8.0258">
        <ele>1186.37</ele>
        <time>2026-05-04T01:22:32.8210000+00:00</time>
      </trkpt>
      <trkpt lat="46.76813" lon="8.02597">
        <ele>1185.43</ele>
        <time>2026-05-04T01:22:58.6320000+00:00</time>
      </trkpt>
      <trkpt lat="46.76818" lon="8.02612">
        <ele>1184.85</ele>
        <time>2026-05-04T01:23:21.9050000+00:00</time>
      </trkpt>
      <trkpt lat="46.76827" lon="8.02634">
        <ele>1184.99</ele>
        <time>2026-05-04T01:23:57.6560000+00:00</time>
      </trkpt>
      <trkpt lat="46.76833" lon="8.02642">
        <ele>1186.96</ele>
        <time>2026-05-04T01:24:14.2070000+00:00</time>
      </trkpt>
      <trkpt lat="46.76838" lon="8.02646">
        <ele>1189.39</ele>
        <time>2026-05-04T01:24:25.8200000+00:00</time>
      </trkpt>
      <trkpt lat="46.7684" lon="8.02645">
        <ele>1191.2</ele>
        <time>2026-05-04T01:24:30.1260000+00:00</time>
      </trkpt>
      <trkpt lat="46.76842" lon="8.02642">
        <ele>1193.65</ele>
        <time>2026-05-04T01:24:35.9660000+00:00</time>
      </trkpt>
      <trkpt lat="46.76843" lon="8.0264">
        <ele>1195.05</ele>
        <time>2026-05-04T01:24:39.4230000+00:00</time>
      </trkpt>
      <trkpt lat="46.76842" lon="8.02622">
        <ele>1200.16</ele>
        <time>2026-05-04T01:25:04.6180000+00:00</time>
      </trkpt>
      <trkpt lat="46.76842" lon="8.02612">
        <ele>1203.42</ele>
        <time>2026-05-04T01:25:18.5690000+00:00</time>
      </trkpt>
      <trkpt lat="46.76845" lon="8.02592">
        <ele>1212.31</ele>
        <time>2026-05-04T01:25:47.1330000+00:00</time>
      </trkpt>
      <trkpt lat="46.76846" lon="8.02581">
        <ele>1216.73</ele>
        <time>2026-05-04T01:26:02.6130000+00:00</time>
      </trkpt>
      <trkpt lat="46.76848" lon="8.02578">
        <ele>1219.42</ele>
        <time>2026-05-04T01:26:08.4530000+00:00</time>
      </trkpt>
      <trkpt lat="46.7685" lon="8.02577">
        <ele>1221.41</ele>
        <time>2026-05-04T01:26:12.7620000+00:00</time>
      </trkpt>
      <trkpt lat="46.76852" lon="8.0258">
        <ele>1221.94</ele>
        <time>2026-05-04T01:26:18.6030000+00:00</time>
      </trkpt>
      <trkpt lat="46.76854" lon="8.02594">
        <ele>1218.55</ele>
        <time>2026-05-04T01:26:38.5550000+00:00</time>
      </trkpt>
      <trkpt lat="46.76858" lon="8.02603">
        <ele>1218.08</ele>
        <time>2026-05-04T01:26:53.5250000+00:00</time>
      </trkpt>
      <trkpt lat="46.76862" lon="8.02608">
        <ele>1218.98</ele>
        <time>2026-05-04T01:27:04.2500000+00:00</time>
      </trkpt>
      <trkpt lat="46.76866" lon="8.02609">
        <ele>1221.21</ele>
        <time>2026-05-04T01:27:12.5140000+00:00</time>
      </trkpt>
      <trkpt lat="46.7687" lon="8.02608">
        <ele>1224.1</ele>
        <time>2026-05-04T01:27:20.7790000+00:00</time>
      </trkpt>
      <trkpt lat="46.76871" lon="8.02606">
        <ele>1225.37</ele>
        <time>2026-05-04T01:27:24.2310000+00:00</time>
      </trkpt>
      <trkpt lat="46.76872" lon="8.02601">
        <ele>1227.59</ele>
        <time>2026-05-04T01:27:31.4970000+00:00</time>
      </trkpt>
      <trkpt lat="46.76872" lon="8.02596">
        <ele>1229.18</ele>
        <time>2026-05-04T01:27:38.4710000+00:00</time>
      </trkpt>
      <trkpt lat="46.76868" lon="8.0259">
        <ele>1228.59</ele>
        <time>2026-05-04T01:27:50.1520000+00:00</time>
      </trkpt>
      <trkpt lat="46.76867" lon="8.02584">
        <ele>1229.9</ele>
        <time>2026-05-04T01:27:58.7660000+00:00</time>
      </trkpt>
      <trkpt lat="46.76867" lon="8.02578">
        <ele>1231.94</ele>
        <time>2026-05-04T01:28:07.1350000+00:00</time>
      </trkpt>
      <trkpt lat="46.76867" lon="8.02573">
        <ele>1233.72</ele>
        <time>2026-05-04T01:28:14.1090000+00:00</time>
      </trkpt>
      <trkpt lat="46.76868" lon="8.0257">
        <ele>1235.38</ele>
        <time>2026-05-04T01:28:18.7620000+00:00</time>
      </trkpt>
      <trkpt lat="46.7687" lon="8.02569">
        <ele>1236.94</ele>
        <time>2026-05-04T01:28:23.0680000+00:00</time>
      </trkpt>
      <trkpt lat="46.76873" lon="8.02573">
        <ele>1237.34</ele>
        <time>2026-05-04T01:28:31.3460000+00:00</time>
      </trkpt>
      <trkpt lat="46.76891" lon="8.02597">
        <ele>1240.8</ele>
        <time>2026-05-04T01:29:20.9970000+00:00</time>
      </trkpt>
      <trkpt lat="46.76901" lon="8.02608">
        <ele>1243.92</ele>
        <time>2026-05-04T01:29:46.5000000+00:00</time>
      </trkpt>
      <trkpt lat="46.7692" lon="8.02636">
        <ele>1248.56</ele>
        <time>2026-05-04T01:30:41.4870000+00:00</time>
      </trkpt>
      <trkpt lat="46.7693" lon="8.02653">
        <ele>1250.85</ele>
        <time>2026-05-04T01:31:12.7490000+00:00</time>
      </trkpt>
      <trkpt lat="46.76943" lon="8.02669">
        <ele>1254.43</ele>
        <time>2026-05-04T01:31:47.3820000+00:00</time>
      </trkpt>
      <trkpt lat="46.76957" lon="8.02683">
        <ele>1258.13</ele>
        <time>2026-05-04T01:32:21.9460000+00:00</time>
      </trkpt>
      <trkpt lat="46.76968" lon="8.02691">
        <ele>1261.69</ele>
        <time>2026-05-04T01:32:46.9770000+00:00</time>
      </trkpt>
      <trkpt lat="46.76973" lon="8.02694">
        <ele>1263.44</ele>
        <time>2026-05-04T01:32:57.9890000+00:00</time>
      </trkpt>
      <trkpt lat="46.7698" lon="8.02697">
        <ele>1266.15</ele>
        <time>2026-05-04T01:33:12.8500000+00:00</time>
      </trkpt>
      <trkpt lat="46.76979" lon="8.02684">
        <ele>1268.48</ele>
        <time>2026-05-04T01:33:31.1000000+00:00</time>
      </trkpt>
      <trkpt lat="46.76976" lon="8.02664">
        <ele>1271.39</ele>
        <time>2026-05-04T01:33:59.6630000+00:00</time>
      </trkpt>
      <trkpt lat="46.76973" lon="8.02647">
        <ele>1274.51</ele>
        <time>2026-05-04T01:34:24.1540000+00:00</time>
      </trkpt>
      <trkpt lat="46.76966" lon="8.02623">
        <ele>1277.46</ele>
        <time>2026-05-04T01:35:00.5450000+00:00</time>
      </trkpt>
      <trkpt lat="46.76975" lon="8.02626">
        <ele>1281.14</ele>
        <time>2026-05-04T01:35:19.3490000+00:00</time>
      </trkpt>
      <trkpt lat="46.76989" lon="8.02636">
        <ele>1285.34</ele>
        <time>2026-05-04T01:35:51.0940000+00:00</time>
      </trkpt>
      <trkpt lat="46.76991" lon="8.02642">
        <ele>1284.67</ele>
        <time>2026-05-04T01:36:00.4020000+00:00</time>
      </trkpt>
      <trkpt lat="46.76994" lon="8.02644">
        <ele>1285.59</ele>
        <time>2026-05-04T01:36:07.1220000+00:00</time>
      </trkpt>
      <trkpt lat="46.76994" lon="8.02639">
        <ele>1286.98</ele>
        <time>2026-05-04T01:36:14.1000000+00:00</time>
      </trkpt>
      <trkpt lat="46.76994" lon="8.02631">
        <ele>1289.19</ele>
        <time>2026-05-04T01:36:25.2620000+00:00</time>
      </trkpt>
      <trkpt lat="46.76983" lon="8.02585">
        <ele>1296.29</ele>
        <time>2026-05-04T01:37:33.2350000+00:00</time>
      </trkpt>
      <trkpt lat="46.76982" lon="8.0257">
        <ele>1300.13</ele>
        <time>2026-05-04T01:37:54.2610000+00:00</time>
      </trkpt>
      <trkpt lat="46.76982" lon="8.02562">
        <ele>1302.5</ele>
        <time>2026-05-04T01:38:05.4200000+00:00</time>
      </trkpt>
      <trkpt lat="46.76982" lon="8.02561">
        <ele>1302.79</ele>
        <time>2026-05-04T01:38:06.8110000+00:00</time>
      </trkpt>
      <trkpt lat="46.76986" lon="8.02569">
        <ele>1302.51</ele>
        <time>2026-05-04T01:38:20.6290000+00:00</time>
      </trkpt>
      <trkpt lat="46.76994" lon="8.02581">
        <ele>1303.07</ele>
        <time>2026-05-04T01:38:43.9920000+00:00</time>
      </trkpt>
      <trkpt lat="46.76999" lon="8.02589">
        <ele>1303.41</ele>
        <time>2026-05-04T01:38:59.1020000+00:00</time>
      </trkpt>
      <trkpt lat="46.77007" lon="8.02596">
        <ele>1305.53</ele>
        <time>2026-05-04T01:39:18.0990000+00:00</time>
      </trkpt>
      <trkpt lat="46.7702" lon="8.02602">
        <ele>1310.58</ele>
        <time>2026-05-04T01:39:45.8700000+00:00</time>
      </trkpt>
      <trkpt lat="46.77034" lon="8.02605">
        <ele>1319.33</ele>
        <time>2026-05-04T01:40:14.6910000+00:00</time>
      </trkpt>
      <trkpt lat="46.7704" lon="8.02598">
        <ele>1325.38</ele>
        <time>2026-05-04T01:40:30.3350000+00:00</time>
      </trkpt>
      <trkpt lat="46.7703" lon="8.02587">
        <ele>1321.66</ele>
        <time>2026-05-04T01:40:55.8370000+00:00</time>
      </trkpt>
      <trkpt lat="46.77027" lon="8.0258">
        <ele>1321.64</ele>
        <time>2026-05-04T01:41:07.3580000+00:00</time>
      </trkpt>
      <trkpt lat="46.77025" lon="8.02567">
        <ele>1324.33</ele>
        <time>2026-05-04T01:41:25.9470000+00:00</time>
      </trkpt>
      <trkpt lat="46.77037" lon="8.02576">
        <ele>1329.58</ele>
        <time>2026-05-04T01:41:53.4250000+00:00</time>
      </trkpt>
      <trkpt lat="46.77036" lon="8.02553">
        <ele>1335.93</ele>
        <time>2026-05-04T01:42:25.5770000+00:00</time>
      </trkpt>
      <trkpt lat="46.77032" lon="8.02542">
        <ele>1336.66</ele>
        <time>2026-05-04T01:42:42.9510000+00:00</time>
      </trkpt>
      <trkpt lat="46.77032" lon="8.02534">
        <ele>1339.11</ele>
        <time>2026-05-04T01:42:54.1110000+00:00</time>
      </trkpt>
      <trkpt lat="46.77033" lon="8.02534">
        <ele>1339.76</ele>
        <time>2026-05-04T01:42:56.1390000+00:00</time>
      </trkpt>
      <trkpt lat="46.77035" lon="8.02532">
        <ele>1341.68</ele>
        <time>2026-05-04T01:43:01.0760000+00:00</time>
      </trkpt>
      <trkpt lat="46.77036" lon="8.02529">
        <ele>1343.25</ele>
        <time>2026-05-04T01:43:05.7350000+00:00</time>
      </trkpt>
      <trkpt lat="46.77036" lon="8.02525">
        <ele>1344.47</ele>
        <time>2026-05-04T01:43:11.3170000+00:00</time>
      </trkpt>
      <trkpt lat="46.77031" lon="8.02512">
        <ele>1345.22</ele>
        <time>2026-05-04T01:43:32.1160000+00:00</time>
      </trkpt>
      <trkpt lat="46.7703" lon="8.02508">
        <ele>1345.81</ele>
        <time>2026-05-04T01:43:38.0540000+00:00</time>
      </trkpt>
      <trkpt lat="46.77027" lon="8.02491">
        <ele>1348.71</ele>
        <time>2026-05-04T01:44:02.5460000+00:00</time>
      </trkpt>
      <trkpt lat="46.77024" lon="8.02478">
        <ele>1350.05</ele>
        <time>2026-05-04T01:44:21.6850000+00:00</time>
      </trkpt>
      <trkpt lat="46.77018" lon="8.02465">
        <ele>1349.69</ele>
        <time>2026-05-04T01:44:43.5540000+00:00</time>
      </trkpt>
      <trkpt lat="46.7701" lon="8.02452">
        <ele>1348.83</ele>
        <time>2026-05-04T01:45:07.9350000+00:00</time>
      </trkpt>
      <trkpt lat="46.77003" lon="8.02437">
        <ele>1349.15</ele>
        <time>2026-05-04T01:45:33.2570000+00:00</time>
      </trkpt>
      <trkpt lat="46.76997" lon="8.02428">
        <ele>1348.51</ele>
        <time>2026-05-04T01:45:50.7780000+00:00</time>
      </trkpt>
      <trkpt lat="46.76992" lon="8.0242">
        <ele>1348.18</ele>
        <time>2026-05-04T01:46:05.8880000+00:00</time>
      </trkpt>
      <trkpt lat="46.7699" lon="8.02415">
        <ele>1348.55</ele>
        <time>2026-05-04T01:46:13.9660000+00:00</time>
      </trkpt>
      <trkpt lat="46.7699" lon="8.02409">
        <ele>1347.99</ele>
        <time>2026-05-04T01:46:22.3390000+00:00</time>
      </trkpt>
      <trkpt lat="46.76991" lon="8.02399">
        <ele>1347.27</ele>
        <time>2026-05-04T01:46:36.4380000+00:00</time>
      </trkpt>
      <trkpt lat="46.76993" lon="8.02388">
        <ele>1346.81</ele>
        <time>2026-05-04T01:46:52.3150000+00:00</time>
      </trkpt>
      <trkpt lat="46.76994" lon="8.02381">
        <ele>1346.35</ele>
        <time>2026-05-04T01:47:02.2930000+00:00</time>
      </trkpt>
      <trkpt lat="46.76994" lon="8.02371">
        <ele>1345.08</ele>
        <time>2026-05-04T01:47:16.2450000+00:00</time>
      </trkpt>
      <trkpt lat="46.76995" lon="8.02366">
        <ele>1344.81</ele>
        <time>2026-05-04T01:47:23.5110000+00:00</time>
      </trkpt>
      <trkpt lat="46.76997" lon="8.02361">
        <ele>1344.87</ele>
        <time>2026-05-04T01:47:31.5900000+00:00</time>
      </trkpt>
      <trkpt lat="46.76999" lon="8.02357">
        <ele>1345.02</ele>
        <time>2026-05-04T01:47:38.4980000+00:00</time>
      </trkpt>
      <trkpt lat="46.77003" lon="8.02353">
        <ele>1345.79</ele>
        <time>2026-05-04T01:47:48.3730000+00:00</time>
      </trkpt>
      <trkpt lat="46.77009" lon="8.02348">
        <ele>1346.95</ele>
        <time>2026-05-04T01:48:02.4450000+00:00</time>
      </trkpt>
      <trkpt lat="46.77023" lon="8.02337">
        <ele>1349.87</ele>
        <time>2026-05-04T01:48:34.8280000+00:00</time>
      </trkpt>
      <trkpt lat="46.7704" lon="8.02325">
        <ele>1354.92</ele>
        <time>2026-05-04T01:49:13.2890000+00:00</time>
      </trkpt>
      <trkpt lat="46.77053" lon="8.0232">
        <ele>1359.46</ele>
        <time>2026-05-04T01:49:40.6710000+00:00</time>
      </trkpt>
      <trkpt lat="46.77059" lon="8.02316">
        <ele>1361.06</ele>
        <time>2026-05-04T01:49:54.1060000+00:00</time>
      </trkpt>
      <trkpt lat="46.77064" lon="8.02311">
        <ele>1361.89</ele>
        <time>2026-05-04T01:50:06.4500000+00:00</time>
      </trkpt>
      <trkpt lat="46.77069" lon="8.02303">
        <ele>1361.84</ele>
        <time>2026-05-04T01:50:21.5580000+00:00</time>
      </trkpt>
      <trkpt lat="46.77076" lon="8.02293">
        <ele>1361.98</ele>
        <time>2026-05-04T01:50:41.5060000+00:00</time>
      </trkpt>
      <trkpt lat="46.77088" lon="8.02279">
        <ele>1362.82</ele>
        <time>2026-05-04T01:51:12.7930000+00:00</time>
      </trkpt>
      <trkpt lat="46.77097" lon="8.02267">
        <ele>1362.77</ele>
        <time>2026-05-04T01:51:37.6190000+00:00</time>
      </trkpt>
      <trkpt lat="46.77102" lon="8.02263">
        <ele>1363.48</ele>
        <time>2026-05-04T01:51:49.2320000+00:00</time>
      </trkpt>
      <trkpt lat="46.7711" lon="8.02259">
        <ele>1365.04</ele>
        <time>2026-05-04T01:52:06.4550000+00:00</time>
      </trkpt>
      <trkpt lat="46.77114" lon="8.02255">
        <ele>1365.13</ele>
        <time>2026-05-04T01:52:16.3290000+00:00</time>
      </trkpt>
      <trkpt lat="46.77121" lon="8.0225">
        <ele>1365.88</ele>
        <time>2026-05-04T01:52:32.2030000+00:00</time>
      </trkpt>
      <trkpt lat="46.77128" lon="8.02244">
        <ele>1366.8</ele>
        <time>2026-05-04T01:52:48.7370000+00:00</time>
      </trkpt>
      <trkpt lat="46.77135" lon="8.02238">
        <ele>1367.92</ele>
        <time>2026-05-04T01:53:05.2710000+00:00</time>
      </trkpt>
      <trkpt lat="46.77141" lon="8.02234">
        <ele>1369.05</ele>
        <time>2026-05-04T01:53:18.7070000+00:00</time>
      </trkpt>
      <trkpt lat="46.77142" lon="8.02233">
        <ele>1369.16</ele>
        <time>2026-05-04T01:53:21.1780000+00:00</time>
      </trkpt>
      <trkpt lat="46.77146" lon="8.02231">
        <ele>1370.02</ele>
        <time>2026-05-04T01:53:29.7930000+00:00</time>
      </trkpt>
      <trkpt lat="46.77149" lon="8.02229">
        <ele>1370.55</ele>
        <time>2026-05-04T01:53:36.5100000+00:00</time>
      </trkpt>
      <trkpt lat="46.77155" lon="8.02222">
        <ele>1370.9</ele>
        <time>2026-05-04T01:53:52.1540000+00:00</time>
      </trkpt>
      <trkpt lat="46.77166" lon="8.0221">
        <ele>1371.52</ele>
        <time>2026-05-04T01:54:20.1220000+00:00</time>
      </trkpt>
      <trkpt lat="46.77169" lon="8.02204">
        <ele>1371.01</ele>
        <time>2026-05-04T01:54:30.4860000+00:00</time>
      </trkpt>
      <trkpt lat="46.77175" lon="8.02188">
        <ele>1368.89</ele>
        <time>2026-05-04T01:54:55.9340000+00:00</time>
      </trkpt>
      <trkpt lat="46.77181" lon="8.02172">
        <ele>1366.59</ele>
        <time>2026-05-04T01:55:21.3810000+00:00</time>
      </trkpt>
      <trkpt lat="46.77185" lon="8.02166">
        <ele>1366.11</ele>
        <time>2026-05-04T01:55:33.0630000+00:00</time>
      </trkpt>
      <trkpt lat="46.77195" lon="8.02151">
        <ele>1367.06</ele>
        <time>2026-05-04T01:56:02.2640000+00:00</time>
      </trkpt>
      <trkpt lat="46.77204" lon="8.02137">
        <ele>1367.74</ele>
        <time>2026-05-04T01:56:29.0510000+00:00</time>
      </trkpt>
      <trkpt lat="46.77212" lon="8.02124">
        <ele>1368.05</ele>
        <time>2026-05-04T01:56:53.4310000+00:00</time>
      </trkpt>
      <trkpt lat="46.77227" lon="8.02097">
        <ele>1367.6</ele>
        <time>2026-05-04T01:57:41.9310000+00:00</time>
      </trkpt>
      <trkpt lat="46.77243" lon="8.02068">
        <ele>1366.7</ele>
        <time>2026-05-04T01:58:33.8810000+00:00</time>
      </trkpt>
      <trkpt lat="46.77248" lon="8.02056">
        <ele>1366.05</ele>
        <time>2026-05-04T01:58:53.4760000+00:00</time>
      </trkpt>
      <trkpt lat="46.77255" lon="8.02042">
        <ele>1365.55</ele>
        <time>2026-05-04T01:59:17.6570000+00:00</time>
      </trkpt>
      <trkpt lat="46.77258" lon="8.02035">
        <ele>1365.17</ele>
        <time>2026-05-04T01:59:29.1770000+00:00</time>
      </trkpt>
      <trkpt lat="46.77261" lon="8.02027">
        <ele>1364.63</ele>
        <time>2026-05-04T01:59:41.9000000+00:00</time>
      </trkpt>
      <trkpt lat="46.77263" lon="8.02024">
        <ele>1364.63</ele>
        <time>2026-05-04T01:59:47.7410000+00:00</time>
      </trkpt>
      <trkpt lat="46.77267" lon="8.02021">
        <ele>1365.09</ele>
        <time>2026-05-04T01:59:56.9000000+00:00</time>
      </trkpt>
      <trkpt lat="46.772709999999996" lon="8.02019">
        <ele>1365.89</ele>
        <time>2026-05-04T02:00:05.5130000+00:00</time>
      </trkpt>
      <trkpt lat="46.77274" lon="8.02013">
        <ele>1365.9</ele>
        <time>2026-05-04T02:00:15.8770000+00:00</time>
      </trkpt>
      <trkpt lat="46.77274" lon="8.02006">
        <ele>1364.79</ele>
        <time>2026-05-04T02:00:25.6420000+00:00</time>
      </trkpt>
      <trkpt lat="46.77276" lon="8.01993">
        <ele>1363.98</ele>
        <time>2026-05-04T02:00:44.2290000+00:00</time>
      </trkpt>
      <trkpt lat="46.77278" lon="8.01987">
        <ele>1364.33</ele>
        <time>2026-05-04T02:00:53.5380000+00:00</time>
      </trkpt>
      <trkpt lat="46.77281" lon="8.0198">
        <ele>1364.91</ele>
        <time>2026-05-04T02:01:05.0570000+00:00</time>
      </trkpt>
      <trkpt lat="46.77282" lon="8.01976">
        <ele>1365.02</ele>
        <time>2026-05-04T02:01:10.9950000+00:00</time>
      </trkpt>
      <trkpt lat="46.77288" lon="8.0197">
        <ele>1366.46</ele>
        <time>2026-05-04T02:01:25.8080000+00:00</time>
      </trkpt>
      <trkpt lat="46.77294" lon="8.01965">
        <ele>1367.9</ele>
        <time>2026-05-04T02:01:39.8810000+00:00</time>
      </trkpt>
      <trkpt lat="46.77297" lon="8.01961">
        <ele>1368.51</ele>
        <time>2026-05-04T02:01:48.1570000+00:00</time>
      </trkpt>
      <trkpt lat="46.773" lon="8.01955">
        <ele>1368.97</ele>
        <time>2026-05-04T02:01:58.5200000+00:00</time>
      </trkpt>
      <trkpt lat="46.77304" lon="8.01948">
        <ele>1369.61</ele>
        <time>2026-05-04T02:02:11.2370000+00:00</time>
      </trkpt>
      <trkpt lat="46.77307" lon="8.01939">
        <ele>1369.79</ele>
        <time>2026-05-04T02:02:25.2010000+00:00</time>
      </trkpt>
      <trkpt lat="46.77307" lon="8.01935">
        <ele>1369.52</ele>
        <time>2026-05-04T02:02:30.7830000+00:00</time>
      </trkpt>
      <trkpt lat="46.77306" lon="8.01925">
        <ele>1368.58</ele>
        <time>2026-05-04T02:02:44.8800000+00:00</time>
      </trkpt>
      <trkpt lat="46.77302" lon="8.01919">
        <ele>1367.19</ele>
        <time>2026-05-04T02:02:56.5610000+00:00</time>
      </trkpt>
      <trkpt lat="46.77298" lon="8.0191">
        <ele>1366.81</ele>
        <time>2026-05-04T02:03:11.5280000+00:00</time>
      </trkpt>
      <trkpt lat="46.77294" lon="8.01903">
        <ele>1367</ele>
        <time>2026-05-04T02:03:24.2460000+00:00</time>
      </trkpt>
      <trkpt lat="46.77289" lon="8.01899">
        <ele>1366.47</ele>
        <time>2026-05-04T02:03:35.8600000+00:00</time>
      </trkpt>
      <trkpt lat="46.77284" lon="8.01896">
        <ele>1365.78</ele>
        <time>2026-05-04T02:03:46.8720000+00:00</time>
      </trkpt>
      <trkpt lat="46.77282" lon="8.01893">
        <ele>1365.81</ele>
        <time>2026-05-04T02:03:52.7130000+00:00</time>
      </trkpt>
      <trkpt lat="46.77282" lon="8.01891">
        <ele>1366.14</ele>
        <time>2026-05-04T02:03:55.5060000+00:00</time>
      </trkpt>
      <trkpt lat="46.77282" lon="8.01888">
        <ele>1366.64</ele>
        <time>2026-05-04T02:03:59.6940000+00:00</time>
      </trkpt>
      <trkpt lat="46.77283" lon="8.01886">
        <ele>1367.21</ele>
        <time>2026-05-04T02:04:03.1460000+00:00</time>
      </trkpt>
      <trkpt lat="46.77285" lon="8.01884">
        <ele>1368.01</ele>
        <time>2026-05-04T02:04:08.0830000+00:00</time>
      </trkpt>
      <trkpt lat="46.77288" lon="8.01883">
        <ele>1368.88</ele>
        <time>2026-05-04T02:04:14.3530000+00:00</time>
      </trkpt>
      <trkpt lat="46.77297" lon="8.01882">
        <ele>1371.17</ele>
        <time>2026-05-04T02:04:32.7370000+00:00</time>
      </trkpt>
      <trkpt lat="46.77302" lon="8.01881">
        <ele>1372.51</ele>
        <time>2026-05-04T02:04:43.0160000+00:00</time>
      </trkpt>
      <trkpt lat="46.77312" lon="8.01878">
        <ele>1375.35</ele>
        <time>2026-05-04T02:05:03.8100000+00:00</time>
      </trkpt>
      <trkpt lat="46.77316" lon="8.01875">
        <ele>1376.77</ele>
        <time>2026-05-04T02:05:12.9700000+00:00</time>
      </trkpt>
      <trkpt lat="46.7732" lon="8.01871">
        <ele>1378.35</ele>
        <time>2026-05-04T02:05:22.8440000+00:00</time>
      </trkpt>
      <trkpt lat="46.77326" lon="8.01865">
        <ele>1380.71</ele>
        <time>2026-05-04T02:05:37.6570000+00:00</time>
      </trkpt>
      <trkpt lat="46.77328" lon="8.01863">
        <ele>1381.5</ele>
        <time>2026-05-04T02:05:42.6000000+00:00</time>
      </trkpt>
      <trkpt lat="46.7733" lon="8.01862">
        <ele>1382.12</ele>
        <time>2026-05-04T02:05:46.9090000+00:00</time>
      </trkpt>
      <trkpt lat="46.77333" lon="8.01862">
        <ele>1382.82</ele>
        <time>2026-05-04T02:05:53.0180000+00:00</time>
      </trkpt>
      <trkpt lat="46.77339" lon="8.01864">
        <ele>1383.9</ele>
        <time>2026-05-04T02:06:05.5530000+00:00</time>
      </trkpt>
      <trkpt lat="46.77344" lon="8.01867">
        <ele>1384.59</ele>
        <time>2026-05-04T02:06:16.5630000+00:00</time>
      </trkpt>
      <trkpt lat="46.77356" lon="8.01869">
        <ele>1386.65</ele>
        <time>2026-05-04T02:06:41.1640000+00:00</time>
      </trkpt>
      <trkpt lat="46.77366" lon="8.01871">
        <ele>1387.54</ele>
        <time>2026-05-04T02:07:01.7220000+00:00</time>
      </trkpt>
      <trkpt lat="46.77373" lon="8.01871">
        <ele>1388.38</ele>
        <time>2026-05-04T02:07:15.9800000+00:00</time>
      </trkpt>
      <trkpt lat="46.77381" lon="8.0187">
        <ele>1389.49</ele>
        <time>2026-05-04T02:07:32.3340000+00:00</time>
      </trkpt>
      <trkpt lat="46.77388" lon="8.01869">
        <ele>1390.49</ele>
        <time>2026-05-04T02:07:46.6600000+00:00</time>
      </trkpt>
      <trkpt lat="46.77392" lon="8.0187">
        <ele>1390.82</ele>
        <time>2026-05-04T02:07:54.9270000+00:00</time>
      </trkpt>
      <trkpt lat="46.77399" lon="8.01873">
        <ele>1391.19</ele>
        <time>2026-05-04T02:08:09.7860000+00:00</time>
      </trkpt>
      <trkpt lat="46.77405" lon="8.01874">
        <ele>1391.75</ele>
        <time>2026-05-04T02:08:22.0860000+00:00</time>
      </trkpt>
      <trkpt lat="46.77414" lon="8.01875">
        <ele>1392.68</ele>
        <time>2026-05-04T02:08:40.4710000+00:00</time>
      </trkpt>
      <trkpt lat="46.77425" lon="8.01876">
        <ele>1393.84</ele>
        <time>2026-05-04T02:09:02.9200000+00:00</time>
      </trkpt>
      <trkpt lat="46.77431" lon="8.01876">
        <ele>1394.56</ele>
        <time>2026-05-04T02:09:15.1420000+00:00</time>
      </trkpt>
      <trkpt lat="46.77438" lon="8.01874">
        <ele>1396.23</ele>
        <time>2026-05-04T02:09:29.6710000+00:00</time>
      </trkpt>
      <trkpt lat="46.77443" lon="8.01872">
        <ele>1398.18</ele>
        <time>2026-05-04T02:09:40.2320000+00:00</time>
      </trkpt>
      <trkpt lat="46.77453" lon="8.01865">
        <ele>1402.63</ele>
        <time>2026-05-04T02:10:02.8210000+00:00</time>
      </trkpt>
      <trkpt lat="46.7746" lon="8.01861">
        <ele>1405.66</ele>
        <time>2026-05-04T02:10:18.1320000+00:00</time>
      </trkpt>
      <trkpt lat="46.77465" lon="8.01857">
        <ele>1408.06</ele>
        <time>2026-05-04T02:10:29.7430000+00:00</time>
      </trkpt>
      <trkpt lat="46.77469" lon="8.01853">
        <ele>1410.16</ele>
        <time>2026-05-04T02:10:39.6200000+00:00</time>
      </trkpt>
      <trkpt lat="46.77474" lon="8.01845">
        <ele>1413.38</ele>
        <time>2026-05-04T02:10:54.7280000+00:00</time>
      </trkpt>
      <trkpt lat="46.77481" lon="8.01836">
        <ele>1417.58</ele>
        <time>2026-05-04T02:11:13.7260000+00:00</time>
      </trkpt>
      <trkpt lat="46.77486" lon="8.01833">
        <ele>1419.97</ele>
        <time>2026-05-04T02:11:24.7380000+00:00</time>
      </trkpt>
      <trkpt lat="46.7749" lon="8.01833">
        <ele>1421.4</ele>
        <time>2026-05-04T02:11:32.8880000+00:00</time>
      </trkpt>
      <trkpt lat="46.77491" lon="8.01834">
        <ele>1421.56</ele>
        <time>2026-05-04T02:11:35.3590000+00:00</time>
      </trkpt>
      <trkpt lat="46.77495" lon="8.01836">
        <ele>1422.58</ele>
        <time>2026-05-04T02:11:43.9700000+00:00</time>
      </trkpt>
      <trkpt lat="46.77499" lon="8.01839">
        <ele>1423.37</ele>
        <time>2026-05-04T02:11:53.1310000+00:00</time>
      </trkpt>
      <trkpt lat="46.77504" lon="8.01841">
        <ele>1424.71</ele>
        <time>2026-05-04T02:12:03.6920000+00:00</time>
      </trkpt>
      <trkpt lat="46.77509" lon="8.0184">
        <ele>1426.69</ele>
        <time>2026-05-04T02:12:13.9710000+00:00</time>
      </trkpt>
      <trkpt lat="46.77521" lon="8.01834">
        <ele>1432.63</ele>
        <time>2026-05-04T02:12:39.8070000+00:00</time>
      </trkpt>
      <trkpt lat="46.77527" lon="8.01832">
        <ele>1436.12</ele>
        <time>2026-05-04T02:12:52.3420000+00:00</time>
      </trkpt>
      <trkpt lat="46.7753" lon="8.01832">
        <ele>1437.63</ele>
        <time>2026-05-04T02:12:58.4510000+00:00</time>
      </trkpt>
      <trkpt lat="46.77533" lon="8.01834">
        <ele>1438.64</ele>
        <time>2026-05-04T02:13:05.1680000+00:00</time>
      </trkpt>
      <trkpt lat="46.77535" lon="8.01835">
        <ele>1439.39</ele>
        <time>2026-05-04T02:13:09.4740000+00:00</time>
      </trkpt>
      <trkpt lat="46.77537" lon="8.01838">
        <ele>1439.6</ele>
        <time>2026-05-04T02:13:15.3140000+00:00</time>
      </trkpt>
      <trkpt lat="46.77538" lon="8.01841">
        <ele>1439.31</ele>
        <time>2026-05-04T02:13:19.9710000+00:00</time>
      </trkpt>
      <trkpt lat="46.77539" lon="8.01843">
        <ele>1439.28</ele>
        <time>2026-05-04T02:13:23.4270000+00:00</time>
      </trkpt>
      <trkpt lat="46.77539" lon="8.01848">
        <ele>1437.96</ele>
        <time>2026-05-04T02:13:30.4030000+00:00</time>
      </trkpt>
      <trkpt lat="46.77538" lon="8.01861">
        <ele>1434.08</ele>
        <time>2026-05-04T02:13:48.6510000+00:00</time>
      </trkpt>
      <trkpt lat="46.77537" lon="8.01871">
        <ele>1431.03</ele>
        <time>2026-05-04T02:14:02.7490000+00:00</time>
      </trkpt>
      <trkpt lat="46.77538" lon="8.01891">
        <ele>1426.24</ele>
        <time>2026-05-04T02:14:30.7230000+00:00</time>
      </trkpt>
      <trkpt lat="46.77539" lon="8.01897">
        <ele>1425.06</ele>
        <time>2026-05-04T02:14:39.3370000+00:00</time>
      </trkpt>
      <trkpt lat="46.77544" lon="8.01903">
        <ele>1425.39</ele>
        <time>2026-05-04T02:14:52.5210000+00:00</time>
      </trkpt>
      <trkpt lat="46.77554" lon="8.01908">
        <ele>1427.75</ele>
        <time>2026-05-04T02:15:14.0510000+00:00</time>
      </trkpt>
      <trkpt lat="46.77566" lon="8.01916">
        <ele>1429.92</ele>
        <time>2026-05-04T02:15:40.9200000+00:00</time>
      </trkpt>
      <trkpt lat="46.7757" lon="8.01916">
        <ele>1431.36</ele>
        <time>2026-05-04T02:15:49.0690000+00:00</time>
      </trkpt>
      <trkpt lat="46.77573" lon="8.01914">
        <ele>1432.9</ele>
        <time>2026-05-04T02:15:55.7880000+00:00</time>
      </trkpt>
      <trkpt lat="46.77574" lon="8.01911">
        <ele>1434.23</ele>
        <time>2026-05-04T02:16:00.4420000+00:00</time>
      </trkpt>
      <trkpt lat="46.77574" lon="8.01907">
        <ele>1435.53</ele>
        <time>2026-05-04T02:16:06.0230000+00:00</time>
      </trkpt>
      <trkpt lat="46.77571" lon="8.01902">
        <ele>1436</ele>
        <time>2026-05-04T02:16:15.2950000+00:00</time>
      </trkpt>
      <trkpt lat="46.77564" lon="8.01895">
        <ele>1435.46</ele>
        <time>2026-05-04T02:16:32.5750000+00:00</time>
      </trkpt>
      <trkpt lat="46.77559" lon="8.01888">
        <ele>1435.57</ele>
        <time>2026-05-04T02:16:46.6840000+00:00</time>
      </trkpt>
      <trkpt lat="46.77558" lon="8.01883">
        <ele>1436.65</ele>
        <time>2026-05-04T02:16:53.9520000+00:00</time>
      </trkpt>
      <trkpt lat="46.77559" lon="8.01878">
        <ele>1438.55</ele>
        <time>2026-05-04T02:17:01.2210000+00:00</time>
      </trkpt>
      <trkpt lat="46.7756" lon="8.01875">
        <ele>1439.87</ele>
        <time>2026-05-04T02:17:05.8740000+00:00</time>
      </trkpt>
      <trkpt lat="46.77563" lon="8.01875">
        <ele>1441.16</ele>
        <time>2026-05-04T02:17:11.9850000+00:00</time>
      </trkpt>
      <trkpt lat="46.77565" lon="8.01875">
        <ele>1442.02</ele>
        <time>2026-05-04T02:17:16.0560000+00:00</time>
      </trkpt>
      <trkpt lat="46.77569" lon="8.01879">
        <ele>1442.48</ele>
        <time>2026-05-04T02:17:25.9300000+00:00</time>
      </trkpt>
      <trkpt lat="46.77573" lon="8.01883">
        <ele>1442.88</ele>
        <time>2026-05-04T02:17:35.8040000+00:00</time>
      </trkpt>
      <trkpt lat="46.77581" lon="8.01886">
        <ele>1445.2</ele>
        <time>2026-05-04T02:17:52.6290000+00:00</time>
      </trkpt>
      <trkpt lat="46.7759" lon="8.0189">
        <ele>1447.49</ele>
        <time>2026-05-04T02:18:11.7910000+00:00</time>
      </trkpt>
      <trkpt lat="46.77597" lon="8.01894">
        <ele>1448.86</ele>
        <time>2026-05-04T02:18:27.1020000+00:00</time>
      </trkpt>
      <trkpt lat="46.77605" lon="8.01899">
        <ele>1449.81</ele>
        <time>2026-05-04T02:18:44.8260000+00:00</time>
      </trkpt>
      <trkpt lat="46.77616" lon="8.01907">
        <ele>1449.96</ele>
        <time>2026-05-04T02:19:09.8570000+00:00</time>
      </trkpt>
      <trkpt lat="46.77621" lon="8.01911">
        <ele>1449.94</ele>
        <time>2026-05-04T02:19:21.4690000+00:00</time>
      </trkpt>
      <trkpt lat="46.77625" lon="8.01913">
        <ele>1450.37</ele>
        <time>2026-05-04T02:19:30.0820000+00:00</time>
      </trkpt>
      <trkpt lat="46.77631" lon="8.01914">
        <ele>1451.74</ele>
        <time>2026-05-04T02:19:42.3840000+00:00</time>
      </trkpt>
      <trkpt lat="46.77643" lon="8.01913">
        <ele>1455.53</ele>
        <time>2026-05-04T02:20:06.8660000+00:00</time>
      </trkpt>
      <trkpt lat="46.77648" lon="8.01914">
        <ele>1456.62</ele>
        <time>2026-05-04T02:20:17.1450000+00:00</time>
      </trkpt>
      <trkpt lat="46.77655" lon="8.01916">
        <ele>1458.07</ele>
        <time>2026-05-04T02:20:31.6740000+00:00</time>
      </trkpt>
      <trkpt lat="46.77667" lon="8.01922">
        <ele>1460.14</ele>
        <time>2026-05-04T02:20:57.5090000+00:00</time>
      </trkpt>
      <trkpt lat="46.7768" lon="8.0193">
        <ele>1461.94</ele>
        <time>2026-05-04T02:21:26.2440000+00:00</time>
      </trkpt>
      <trkpt lat="46.77689" lon="8.01939">
        <ele>1462.31</ele>
        <time>2026-05-04T02:21:48.4630000+00:00</time>
      </trkpt>
      <trkpt lat="46.77694" lon="8.01942">
        <ele>1463.01</ele>
        <time>2026-05-04T02:21:59.4720000+00:00</time>
      </trkpt>
      <trkpt lat="46.77701" lon="8.01946">
        <ele>1464.06</ele>
        <time>2026-05-04T02:22:14.7830000+00:00</time>
      </trkpt>
      <trkpt lat="46.77706" lon="8.01949">
        <ele>1464.78</ele>
        <time>2026-05-04T02:22:25.7930000+00:00</time>
      </trkpt>
      <trkpt lat="46.77712" lon="8.01957">
        <ele>1464.64</ele>
        <time>2026-05-04T02:22:42.3420000+00:00</time>
      </trkpt>
      <trkpt lat="46.77717" lon="8.01961">
        <ele>1465.16</ele>
        <time>2026-05-04T02:22:53.9530000+00:00</time>
      </trkpt>
      <trkpt lat="46.77722" lon="8.01963">
        <ele>1466.14</ele>
        <time>2026-05-04T02:23:04.5110000+00:00</time>
      </trkpt>
      <trkpt lat="46.77725" lon="8.01963">
        <ele>1467.01</ele>
        <time>2026-05-04T02:23:10.6200000+00:00</time>
      </trkpt>
      <trkpt lat="46.77727" lon="8.01962">
        <ele>1467.82</ele>
        <time>2026-05-04T02:23:14.9260000+00:00</time>
      </trkpt>
      <trkpt lat="46.7773" lon="8.01959">
        <ele>1469.37</ele>
        <time>2026-05-04T02:23:22.3320000+00:00</time>
      </trkpt>
      <trkpt lat="46.77735" lon="8.01953">
        <ele>1472.17</ele>
        <time>2026-05-04T02:23:35.5140000+00:00</time>
      </trkpt>
      <trkpt lat="46.77743" lon="8.01943">
        <ele>1476.71</ele>
        <time>2026-05-04T02:23:56.9630000+00:00</time>
      </trkpt>
      <trkpt lat="46.77747" lon="8.01941">
        <ele>1478.29</ele>
        <time>2026-05-04T02:24:05.5750000+00:00</time>
      </trkpt>
      <trkpt lat="46.7775" lon="8.01941">
        <ele>1479.14</ele>
        <time>2026-05-04T02:24:11.6830000+00:00</time>
      </trkpt>
      <trkpt lat="46.77753" lon="8.01942">
        <ele>1479.77</ele>
        <time>2026-05-04T02:24:17.9510000+00:00</time>
      </trkpt>
      <trkpt lat="46.77755" lon="8.01946">
        <ele>1479.46</ele>
        <time>2026-05-04T02:24:24.8590000+00:00</time>
      </trkpt>
      <trkpt lat="46.77758" lon="8.01954">
        <ele>1478.56</ele>
        <time>2026-05-04T02:24:37.5810000+00:00</time>
      </trkpt>
      <trkpt lat="46.77762" lon="8.01974">
        <ele>1475.35</ele>
        <time>2026-05-04T02:25:06.6450000+00:00</time>
      </trkpt>
      <trkpt lat="46.77765" lon="8.01984">
        <ele>1474.05</ele>
        <time>2026-05-04T02:25:21.8730000+00:00</time>
      </trkpt>
      <trkpt lat="46.77767" lon="8.01987">
        <ele>1474</ele>
        <time>2026-05-04T02:25:27.7110000+00:00</time>
      </trkpt>
      <trkpt lat="46.7777" lon="8.0199">
        <ele>1474.39</ele>
        <time>2026-05-04T02:25:35.1170000+00:00</time>
      </trkpt>
      <trkpt lat="46.77773" lon="8.01992">
        <ele>1475.15</ele>
        <time>2026-05-04T02:25:41.8350000+00:00</time>
      </trkpt>
      <trkpt lat="46.7778" lon="8.01993">
        <ele>1477.73</ele>
        <time>2026-05-04T02:25:56.1600000+00:00</time>
      </trkpt>
      <trkpt lat="46.77787" lon="8.01995">
        <ele>1480.07</ele>
        <time>2026-05-04T02:26:10.6890000+00:00</time>
      </trkpt>
      <trkpt lat="46.77796" lon="8.02">
        <ele>1482.75</ele>
        <time>2026-05-04T02:26:30.3020000+00:00</time>
      </trkpt>
      <trkpt lat="46.77802" lon="8.02003">
        <ele>1484.85</ele>
        <time>2026-05-04T02:26:43.2200000+00:00</time>
      </trkpt>
      <trkpt lat="46.77809" lon="8.02009">
        <ele>1487.03</ele>
        <time>2026-05-04T02:26:59.7530000+00:00</time>
      </trkpt>
      <trkpt lat="46.77812" lon="8.02014">
        <ele>1487.7</ele>
        <time>2026-05-04T02:27:09.0230000+00:00</time>
      </trkpt>
      <trkpt lat="46.77817" lon="8.02022">
        <ele>1488.8</ele>
        <time>2026-05-04T02:27:24.1300000+00:00</time>
      </trkpt>
      <trkpt lat="46.77819" lon="8.02023">
        <ele>1489.45</ele>
        <time>2026-05-04T02:27:28.4350000+00:00</time>
      </trkpt>
      <trkpt lat="46.77822" lon="8.02023">
        <ele>1490.57</ele>
        <time>2026-05-04T02:27:34.5440000+00:00</time>
      </trkpt>
      <trkpt lat="46.77825" lon="8.02022">
        <ele>1491.8</ele>
        <time>2026-05-04T02:27:40.8120000+00:00</time>
      </trkpt>
      <trkpt lat="46.77828" lon="8.02018">
        <ele>1493.38</ele>
        <time>2026-05-04T02:27:49.0860000+00:00</time>
      </trkpt>
      <trkpt lat="46.77831" lon="8.0202">
        <ele>1494.29</ele>
        <time>2026-05-04T02:27:55.8030000+00:00</time>
      </trkpt>
      <trkpt lat="46.77837" lon="8.0202">
        <ele>1496.55</ele>
        <time>2026-05-04T02:28:08.0260000+00:00</time>
      </trkpt>
      <trkpt lat="46.77844" lon="8.02022">
        <ele>1498.95</ele>
        <time>2026-05-04T02:28:22.5550000+00:00</time>
      </trkpt>
      <trkpt lat="46.77851" lon="8.02025">
        <ele>1501.18</ele>
        <time>2026-05-04T02:28:37.4140000+00:00</time>
      </trkpt>
      <trkpt lat="46.77855" lon="8.02028">
        <ele>1502.7</ele>
        <time>2026-05-04T02:28:46.5730000+00:00</time>
      </trkpt>
      <trkpt lat="46.77859" lon="8.0203">
        <ele>1504.44</ele>
        <time>2026-05-04T02:28:55.1840000+00:00</time>
      </trkpt>
      <trkpt lat="46.77864" lon="8.02032">
        <ele>1506.68</ele>
        <time>2026-05-04T02:29:05.7450000+00:00</time>
      </trkpt>
      <trkpt lat="46.77868" lon="8.0203">
        <ele>1508.97</ele>
        <time>2026-05-04T02:29:14.3580000+00:00</time>
      </trkpt>
      <trkpt lat="46.77875" lon="8.02026">
        <ele>1513.05</ele>
        <time>2026-05-04T02:29:29.6680000+00:00</time>
      </trkpt>
      <trkpt lat="46.77877" lon="8.02026">
        <ele>1514.06</ele>
        <time>2026-05-04T02:29:33.7390000+00:00</time>
      </trkpt>
      <trkpt lat="46.77877" lon="8.02026">
        <ele>1514.06</ele>
        <time>2026-05-04T02:29:33.7390000+00:00</time>
      </trkpt>
      <trkpt lat="46.77879" lon="8.02027">
        <ele>1514.93</ele>
        <time>2026-05-04T02:29:38.0440000+00:00</time>
      </trkpt>
      <trkpt lat="46.7788" lon="8.02029">
        <ele>1515.14</ele>
        <time>2026-05-04T02:29:41.4960000+00:00</time>
      </trkpt>
      <trkpt lat="46.77881" lon="8.02031">
        <ele>1515.36</ele>
        <time>2026-05-04T02:29:44.9480000+00:00</time>
      </trkpt>
      <trkpt lat="46.77882" lon="8.02033">
        <ele>1515.57</ele>
        <time>2026-05-04T02:29:48.4090000+00:00</time>
      </trkpt>
      <trkpt lat="46.77881" lon="8.02038">
        <ele>1514.34</ele>
        <time>2026-05-04T02:29:55.6750000+00:00</time>
      </trkpt>
      <trkpt lat="46.77881" lon="8.0204">
        <ele>1514.05</ele>
        <time>2026-05-04T02:29:58.4680000+00:00</time>
      </trkpt>
      <trkpt lat="46.77881" lon="8.02043">
        <ele>1513.62</ele>
        <time>2026-05-04T02:30:02.6530000+00:00</time>
      </trkpt>
      <trkpt lat="46.77882" lon="8.02047">
        <ele>1513.54</ele>
        <time>2026-05-04T02:30:08.5960000+00:00</time>
      </trkpt>
      <trkpt lat="46.77883" lon="8.02051">
        <ele>1513.45</ele>
        <time>2026-05-04T02:30:14.5370000+00:00</time>
      </trkpt>
      <trkpt lat="46.77886" lon="8.02057">
        <ele>1514.05</ele>
        <time>2026-05-04T02:30:24.9010000+00:00</time>
      </trkpt>
      <trkpt lat="46.77888" lon="8.02061">
        <ele>1514.44</ele>
        <time>2026-05-04T02:30:31.8110000+00:00</time>
      </trkpt>
      <trkpt lat="46.7789" lon="8.02066">
        <ele>1514.67</ele>
        <time>2026-05-04T02:30:39.8890000+00:00</time>
      </trkpt>
      <trkpt lat="46.77893" lon="8.0207">
        <ele>1515.54</ele>
        <time>2026-05-04T02:30:48.1660000+00:00</time>
      </trkpt>
      <trkpt lat="46.77894" lon="8.02073">
        <ele>1515.57</ele>
        <time>2026-05-04T02:30:52.8190000+00:00</time>
      </trkpt>
      <trkpt lat="46.77895" lon="8.02078">
        <ele>1515.3</ele>
        <time>2026-05-04T02:31:00.0850000+00:00</time>
      </trkpt>
      <trkpt lat="46.77894" lon="8.02082">
        <ele>1514.24</ele>
        <time>2026-05-04T02:31:06.0260000+00:00</time>
      </trkpt>
      <trkpt lat="46.77895" lon="8.02084">
        <ele>1514.51</ele>
        <time>2026-05-04T02:31:09.4820000+00:00</time>
      </trkpt>
      <trkpt lat="46.77895" lon="8.02087">
        <ele>1514.2</ele>
        <time>2026-05-04T02:31:13.6670000+00:00</time>
      </trkpt>
      <trkpt lat="46.77897" lon="8.0209">
        <ele>1514.84</ele>
        <time>2026-05-04T02:31:19.5070000+00:00</time>
      </trkpt>
      <trkpt lat="46.77898" lon="8.02091">
        <ele>1515.21</ele>
        <time>2026-05-04T02:31:21.9790000+00:00</time>
      </trkpt>
      <trkpt lat="46.77898" lon="8.02097">
        <ele>1514.58</ele>
        <time>2026-05-04T02:31:30.3500000+00:00</time>
      </trkpt>
      <trkpt lat="46.77899" lon="8.02102">
        <ele>1514.51</ele>
        <time>2026-05-04T02:31:37.6140000+00:00</time>
      </trkpt>
      <trkpt lat="46.77901" lon="8.02108">
        <ele>1514.8</ele>
        <time>2026-05-04T02:31:46.9200000+00:00</time>
      </trkpt>
      <trkpt lat="46.77903" lon="8.02112">
        <ele>1515.29</ele>
        <time>2026-05-04T02:31:53.8290000+00:00</time>
      </trkpt>
      <trkpt lat="46.77905" lon="8.02116">
        <ele>1515.76</ele>
        <time>2026-05-04T02:32:00.7370000+00:00</time>
      </trkpt>
      <trkpt lat="46.77908" lon="8.02122">
        <ele>1516.45</ele>
        <time>2026-05-04T02:32:11.1010000+00:00</time>
      </trkpt>
      <trkpt lat="46.77911" lon="8.02126">
        <ele>1517.35</ele>
        <time>2026-05-04T02:32:19.3750000+00:00</time>
      </trkpt>
      <trkpt lat="46.77914" lon="8.02129">
        <ele>1518.34</ele>
        <time>2026-05-04T02:32:26.7800000+00:00</time>
      </trkpt>
      <trkpt lat="46.77918" lon="8.02132">
        <ele>1519.77</ele>
        <time>2026-05-04T02:32:35.9390000+00:00</time>
      </trkpt>
      <trkpt lat="46.77923" lon="8.02134">
        <ele>1521.74</ele>
        <time>2026-05-04T02:32:46.5000000+00:00</time>
      </trkpt>
      <trkpt lat="46.77924" lon="8.02136">
        <ele>1521.94</ele>
        <time>2026-05-04T02:32:49.9510000+00:00</time>
      </trkpt>
      <trkpt lat="46.77928" lon="8.02141">
        <ele>1523.07</ele>
        <time>2026-05-04T02:33:00.6770000+00:00</time>
      </trkpt>
      <trkpt lat="46.7793" lon="8.02144">
        <ele>1523.56</ele>
        <time>2026-05-04T02:33:06.5180000+00:00</time>
      </trkpt>
      <trkpt lat="46.77931" lon="8.02146">
        <ele>1523.73</ele>
        <time>2026-05-04T02:33:09.9740000+00:00</time>
      </trkpt>
      <trkpt lat="46.77933" lon="8.02154">
        <ele>1523.56</ele>
        <time>2026-05-04T02:33:21.8530000+00:00</time>
      </trkpt>
      <trkpt lat="46.77934" lon="8.02162">
        <ele>1522.93</ele>
        <time>2026-05-04T02:33:33.1980000+00:00</time>
      </trkpt>
      <trkpt lat="46.77936" lon="8.0217">
        <ele>1523.2</ele>
        <time>2026-05-04T02:33:45.0780000+00:00</time>
      </trkpt>
      <trkpt lat="46.77939" lon="8.02175">
        <ele>1524.36</ele>
        <time>2026-05-04T02:33:54.3520000+00:00</time>
      </trkpt>
      <trkpt lat="46.7794" lon="8.02177">
        <ele>1524.73</ele>
        <time>2026-05-04T02:33:57.8080000+00:00</time>
      </trkpt>
      <trkpt lat="46.77943" lon="8.02177">
        <ele>1526.14</ele>
        <time>2026-05-04T02:34:03.9220000+00:00</time>
      </trkpt>
      <trkpt lat="46.77945" lon="8.02177">
        <ele>1527.08</ele>
        <time>2026-05-04T02:34:07.9960000+00:00</time>
      </trkpt>
      <trkpt lat="46.7795" lon="8.02179">
        <ele>1529.32</ele>
        <time>2026-05-04T02:34:18.5540000+00:00</time>
      </trkpt>
      <trkpt lat="46.77951" lon="8.02182">
        <ele>1529.65</ele>
        <time>2026-05-04T02:34:23.2040000+00:00</time>
      </trkpt>
      <trkpt lat="46.77958" lon="8.02196">
        <ele>1532.25</ele>
        <time>2026-05-04T02:34:47.3830000+00:00</time>
      </trkpt>
      <trkpt lat="46.7796" lon="8.02202">
        <ele>1532.9</ele>
        <time>2026-05-04T02:34:56.6900000+00:00</time>
      </trkpt>
      <trkpt lat="46.77961" lon="8.02203">
        <ele>1533.32</ele>
        <time>2026-05-04T02:34:59.1490000+00:00</time>
      </trkpt>
      <trkpt lat="46.77962" lon="8.0221">
        <ele>1533.45</ele>
        <time>2026-05-04T02:35:09.1240000+00:00</time>
      </trkpt>
      <trkpt lat="46.77963" lon="8.02216">
        <ele>1533.63</ele>
        <time>2026-05-04T02:35:17.7350000+00:00</time>
      </trkpt>
      <trkpt lat="46.77968" lon="8.02231">
        <ele>1535.25</ele>
        <time>2026-05-04T02:35:41.0050000+00:00</time>
      </trkpt>
      <trkpt lat="46.77971" lon="8.02238">
        <ele>1536.32</ele>
        <time>2026-05-04T02:35:52.5220000+00:00</time>
      </trkpt>
      <trkpt lat="46.77978" lon="8.02246">
        <ele>1539.22</ele>
        <time>2026-05-04T02:36:10.6270000+00:00</time>
      </trkpt>
      <trkpt lat="46.77984" lon="8.02253">
        <ele>1542.01</ele>
        <time>2026-05-04T02:36:26.2710000+00:00</time>
      </trkpt>
      <trkpt lat="46.77986" lon="8.02256">
        <ele>1542.99</ele>
        <time>2026-05-04T02:36:32.1110000+00:00</time>
      </trkpt>
      <trkpt lat="46.77992" lon="8.02267">
        <ele>1545.97</ele>
        <time>2026-05-04T02:36:51.7270000+00:00</time>
      </trkpt>
      <trkpt lat="46.78" lon="8.0228">
        <ele>1549.89</ele>
        <time>2026-05-04T02:37:16.1060000+00:00</time>
      </trkpt>
      <trkpt lat="46.78002" lon="8.02287">
        <ele>1550.92</ele>
        <time>2026-05-04T02:37:26.6870000+00:00</time>
      </trkpt>
      <trkpt lat="46.78008" lon="8.02298">
        <ele>1553.84</ele>
        <time>2026-05-04T02:37:46.3030000+00:00</time>
      </trkpt>
      <trkpt lat="46.7801" lon="8.02304">
        <ele>1554.84</ele>
        <time>2026-05-04T02:37:55.6100000+00:00</time>
      </trkpt>
      <trkpt lat="46.7801" lon="8.02311">
        <ele>1554.93</ele>
        <time>2026-05-04T02:38:05.3730000+00:00</time>
      </trkpt>
      <trkpt lat="46.78009" lon="8.02316">
        <ele>1554.54</ele>
        <time>2026-05-04T02:38:12.6390000+00:00</time>
      </trkpt>
      <trkpt lat="46.78006" lon="8.02319">
        <ele>1553.21</ele>
        <time>2026-05-04T02:38:20.0460000+00:00</time>
      </trkpt>
      <trkpt lat="46.780029999999996" lon="8.02321">
        <ele>1551.86</ele>
        <time>2026-05-04T02:38:26.7630000+00:00</time>
      </trkpt>
      <trkpt lat="46.77998" lon="8.02325">
        <ele>1549.63</ele>
        <time>2026-05-04T02:38:38.3740000+00:00</time>
      </trkpt>
      <trkpt lat="46.77998" lon="8.02327">
        <ele>1549.66</ele>
        <time>2026-05-04T02:38:41.1670000+00:00</time>
      </trkpt>
      <trkpt lat="46.77998" lon="8.02328">
        <ele>1549.68</ele>
        <time>2026-05-04T02:38:42.5580000+00:00</time>
      </trkpt>
      <trkpt lat="46.78001" lon="8.02328">
        <ele>1551.05</ele>
        <time>2026-05-04T02:38:48.6700000+00:00</time>
      </trkpt>
      <trkpt lat="46.78005" lon="8.02328">
        <ele>1552.87</ele>
        <time>2026-05-04T02:38:56.8170000+00:00</time>
      </trkpt>
      <trkpt lat="46.78008" lon="8.02328">
        <ele>1554.25</ele>
        <time>2026-05-04T02:39:02.9260000+00:00</time>
      </trkpt>
      <trkpt lat="46.78009" lon="8.02329">
        <ele>1554.72</ele>
        <time>2026-05-04T02:39:05.3970000+00:00</time>
      </trkpt>
      <trkpt lat="46.78012" lon="8.02332">
        <ele>1556.09</ele>
        <time>2026-05-04T02:39:12.8040000+00:00</time>
      </trkpt>
      <trkpt lat="46.78014" lon="8.02333">
        <ele>1556.95</ele>
        <time>2026-05-04T02:39:17.1060000+00:00</time>
      </trkpt>
      <trkpt lat="46.78015" lon="8.02333">
        <ele>1557.4</ele>
        <time>2026-05-04T02:39:19.1340000+00:00</time>
      </trkpt>
      <trkpt lat="46.78017" lon="8.02332">
        <ele>1558.36</ele>
        <time>2026-05-04T02:39:23.4430000+00:00</time>
      </trkpt>
      <trkpt lat="46.78019" lon="8.02331">
        <ele>1559.27</ele>
        <time>2026-05-04T02:39:27.7520000+00:00</time>
      </trkpt>
      <trkpt lat="46.7802" lon="8.02331">
        <ele>1559.68</ele>
        <time>2026-05-04T02:39:29.7880000+00:00</time>
      </trkpt>
      <trkpt lat="46.78025" lon="8.02331">
        <ele>1561.73</ele>
        <time>2026-05-04T02:39:39.9720000+00:00</time>
      </trkpt>
      <trkpt lat="46.7803" lon="8.02331">
        <ele>1563.77</ele>
        <time>2026-05-04T02:39:50.1590000+00:00</time>
      </trkpt>
      <trkpt lat="46.78032" lon="8.02332">
        <ele>1564.55</ele>
        <time>2026-05-04T02:39:54.4680000+00:00</time>
      </trkpt>
      <trkpt lat="46.78036" lon="8.02332">
        <ele>1566.19</ele>
        <time>2026-05-04T02:40:02.6170000+00:00</time>
      </trkpt>
      <trkpt lat="46.78038" lon="8.02332">
        <ele>1567.01</ele>
        <time>2026-05-04T02:40:06.6880000+00:00</time>
      </trkpt>
      <trkpt lat="46.78042" lon="8.02332">
        <ele>1568.64</ele>
        <time>2026-05-04T02:40:14.8330000+00:00</time>
      </trkpt>
      <trkpt lat="46.78044" lon="8.02333">
        <ele>1569.41</ele>
        <time>2026-05-04T02:40:19.1350000+00:00</time>
      </trkpt>
      <trkpt lat="46.78045" lon="8.02334">
        <ele>1569.77</ele>
        <time>2026-05-04T02:40:21.6070000+00:00</time>
      </trkpt>
      <trkpt lat="46.78046" lon="8.02336">
        <ele>1570.08</ele>
        <time>2026-05-04T02:40:25.0630000+00:00</time>
      </trkpt>
      <trkpt lat="46.78046" lon="8.02336">
        <ele>1570.08</ele>
        <time>2026-05-04T02:40:25.0630000+00:00</time>
      </trkpt>
      <trkpt lat="46.78044" lon="8.02339">
        <ele>1569.11</ele>
        <time>2026-05-04T02:40:30.9040000+00:00</time>
      </trkpt>
      <trkpt lat="46.78043" lon="8.0234">
        <ele>1568.65</ele>
        <time>2026-05-04T02:40:33.3690000+00:00</time>
      </trkpt>
      <trkpt lat="46.78043" lon="8.02341">
        <ele>1568.6</ele>
        <time>2026-05-04T02:40:34.7600000+00:00</time>
      </trkpt>
      <trkpt lat="46.78045" lon="8.02342">
        <ele>1569.38</ele>
        <time>2026-05-04T02:40:39.0660000+00:00</time>
      </trkpt>
      <trkpt lat="46.78048" lon="8.02341">
        <ele>1570.67</ele>
        <time>2026-05-04T02:40:45.3360000+00:00</time>
      </trkpt>
      <trkpt lat="46.7805" lon="8.02341">
        <ele>1571.49</ele>
        <time>2026-05-04T02:40:49.4140000+00:00</time>
      </trkpt>
      <trkpt lat="46.7805" lon="8.02342">
        <ele>1571.45</ele>
        <time>2026-05-04T02:40:50.8160000+00:00</time>
      </trkpt>
      <trkpt lat="46.7805" lon="8.02344">
        <ele>1571.35</ele>
        <time>2026-05-04T02:40:53.6100000+00:00</time>
      </trkpt>
      <trkpt lat="46.78049" lon="8.02346">
        <ele>1570.85</ele>
        <time>2026-05-04T02:40:57.0660000+00:00</time>
      </trkpt>
      <trkpt lat="46.7805" lon="8.02346">
        <ele>1571.26</ele>
        <time>2026-05-04T02:40:59.1090000+00:00</time>
      </trkpt>
      <trkpt lat="46.78051" lon="8.02346">
        <ele>1571.67</ele>
        <time>2026-05-04T02:41:01.1520000+00:00</time>
      </trkpt>
      <trkpt lat="46.78053" lon="8.02347">
        <ele>1572.46</ele>
        <time>2026-05-04T02:41:05.4570000+00:00</time>
      </trkpt>
      <trkpt lat="46.78053" lon="8.02347">
        <ele>1572.46</ele>
        <time>2026-05-04T02:41:05.4570000+00:00</time>
      </trkpt>
      <trkpt lat="46.78053" lon="8.0235">
        <ele>1572.32</ele>
        <time>2026-05-04T02:41:09.6450000+00:00</time>
      </trkpt>
      <trkpt lat="46.78054" lon="8.0235">
        <ele>1572.74</ele>
        <time>2026-05-04T02:41:11.6880000+00:00</time>
      </trkpt>
      <trkpt lat="46.78056" lon="8.02351">
        <ele>1573.53</ele>
        <time>2026-05-04T02:41:15.9900000+00:00</time>
      </trkpt>
      <trkpt lat="46.78057" lon="8.02353">
        <ele>1573.86</ele>
        <time>2026-05-04T02:41:19.4420000+00:00</time>
      </trkpt>
      <trkpt lat="46.78058" lon="8.02357">
        <ele>1574.11</ele>
        <time>2026-05-04T02:41:25.3800000+00:00</time>
      </trkpt>
      <trkpt lat="46.7806" lon="8.02364">
        <ele>1574.65</ele>
        <time>2026-05-04T02:41:35.9580000+00:00</time>
      </trkpt>
      <trkpt lat="46.78064" lon="8.0237">
        <ele>1576.1</ele>
        <time>2026-05-04T02:41:47.6380000+00:00</time>
      </trkpt>
      <trkpt lat="46.78065" lon="8.02372">
        <ele>1576.44</ele>
        <time>2026-05-04T02:41:51.0900000+00:00</time>
      </trkpt>
      <trkpt lat="46.78064" lon="8.02376">
        <ele>1575.86</ele>
        <time>2026-05-04T02:41:57.0280000+00:00</time>
      </trkpt>
      <trkpt lat="46.78064" lon="8.02379">
        <ele>1575.74</ele>
        <time>2026-05-04T02:42:01.2160000+00:00</time>
      </trkpt>
      <trkpt lat="46.78065" lon="8.0238">
        <ele>1576.13</ele>
        <time>2026-05-04T02:42:03.6810000+00:00</time>
      </trkpt>
      <trkpt lat="46.78068" lon="8.02384">
        <ele>1577.26</ele>
        <time>2026-05-04T02:42:11.9560000+00:00</time>
      </trkpt>
      <trkpt lat="46.78073" lon="8.02387">
        <ele>1579.31</ele>
        <time>2026-05-04T02:42:22.9670000+00:00</time>
      </trkpt>
      <trkpt lat="46.78075" lon="8.02387">
        <ele>1580.17</ele>
        <time>2026-05-04T02:42:27.0370000+00:00</time>
      </trkpt>
      <trkpt lat="46.78077" lon="8.02383">
        <ele>1581.17</ele>
        <time>2026-05-04T02:42:33.9450000+00:00</time>
      </trkpt>
      <trkpt lat="46.78079" lon="8.02383">
        <ele>1582.03</ele>
        <time>2026-05-04T02:42:38.0160000+00:00</time>
      </trkpt>
      <trkpt lat="46.78081" lon="8.02383">
        <ele>1582.9</ele>
        <time>2026-05-04T02:42:42.0910000+00:00</time>
      </trkpt>
      <trkpt lat="46.78083" lon="8.02384">
        <ele>1583.73</ele>
        <time>2026-05-04T02:42:46.4000000+00:00</time>
      </trkpt>
      <trkpt lat="46.78085" lon="8.02385">
        <ele>1584.56</ele>
        <time>2026-05-04T02:42:50.7090000+00:00</time>
      </trkpt>
      <trkpt lat="46.78086" lon="8.02386">
        <ele>1584.96</ele>
        <time>2026-05-04T02:42:53.1810000+00:00</time>
      </trkpt>
      <trkpt lat="46.78087" lon="8.02386">
        <ele>1585.39</ele>
        <time>2026-05-04T02:42:55.2160000+00:00</time>
      </trkpt>
      <trkpt lat="46.78088" lon="8.02387">
        <ele>1585.79</ele>
        <time>2026-05-04T02:42:57.6820000+00:00</time>
      </trkpt>
      <trkpt lat="46.78089" lon="8.02394">
        <ele>1586.02</ele>
        <time>2026-05-04T02:43:07.6560000+00:00</time>
      </trkpt>
      <trkpt lat="46.78092" lon="8.02397">
        <ele>1587.24</ele>
        <time>2026-05-04T02:43:15.0630000+00:00</time>
      </trkpt>
      <trkpt lat="46.78094" lon="8.02398">
        <ele>1588.09</ele>
        <time>2026-05-04T02:43:19.3720000+00:00</time>
      </trkpt>
      <trkpt lat="46.78096" lon="8.02399">
        <ele>1588.93</ele>
        <time>2026-05-04T02:43:23.6740000+00:00</time>
      </trkpt>
      <trkpt lat="46.78097" lon="8.02401">
        <ele>1589.32</ele>
        <time>2026-05-04T02:43:27.1260000+00:00</time>
      </trkpt>
      <trkpt lat="46.78097" lon="8.02404">
        <ele>1589.24</ele>
        <time>2026-05-04T02:43:31.3100000+00:00</time>
      </trkpt>
      <trkpt lat="46.78097" lon="8.0241">
        <ele>1589.08</ele>
        <time>2026-05-04T02:43:39.6790000+00:00</time>
      </trkpt>
      <trkpt lat="46.78099" lon="8.02414">
        <ele>1589.87</ele>
        <time>2026-05-04T02:43:46.5870000+00:00</time>
      </trkpt>
      <trkpt lat="46.781" lon="8.02416">
        <ele>1590.38</ele>
        <time>2026-05-04T02:43:50.0390000+00:00</time>
      </trkpt>
      <trkpt lat="46.78101" lon="8.02419">
        <ele>1591</ele>
        <time>2026-05-04T02:43:54.6920000+00:00</time>
      </trkpt>
      <trkpt lat="46.78102" lon="8.02422">
        <ele>1591.74</ele>
        <time>2026-05-04T02:43:59.3460000+00:00</time>
      </trkpt>
      <trkpt lat="46.78102" lon="8.02424">
        <ele>1591.86</ele>
        <time>2026-05-04T02:44:02.1390000+00:00</time>
      </trkpt>
      <trkpt lat="46.78102" lon="8.02431">
        <ele>1592.28</ele>
        <time>2026-05-04T02:44:11.9020000+00:00</time>
      </trkpt>
      <trkpt lat="46.78104" lon="8.02437">
        <ele>1594.03</ele>
        <time>2026-05-04T02:44:21.2090000+00:00</time>
      </trkpt>
      <trkpt lat="46.78105" lon="8.02441">
        <ele>1594.95</ele>
        <time>2026-05-04T02:44:27.1470000+00:00</time>
      </trkpt>
      <trkpt lat="46.78108" lon="8.02452">
        <ele>1597.63</ele>
        <time>2026-05-04T02:44:43.6630000+00:00</time>
      </trkpt>
      <trkpt lat="46.78114" lon="8.02474">
        <ele>1602.77</ele>
        <time>2026-05-04T02:45:16.6930000+00:00</time>
      </trkpt>
      <trkpt lat="46.78117" lon="8.02486">
        <ele>1605.28</ele>
        <time>2026-05-04T02:45:34.5110000+00:00</time>
      </trkpt>
      <trkpt lat="46.78117" lon="8.02495">
        <ele>1605.68</ele>
        <time>2026-05-04T02:45:47.0650000+00:00</time>
      </trkpt>
      <trkpt lat="46.78118" lon="8.02502">
        <ele>1606.36</ele>
        <time>2026-05-04T02:45:57.0380000+00:00</time>
      </trkpt>
      <trkpt lat="46.7812" lon="8.02511">
        <ele>1607.41</ele>
        <time>2026-05-04T02:46:10.2360000+00:00</time>
      </trkpt>
      <trkpt lat="46.78123" lon="8.0252">
        <ele>1609.02</ele>
        <time>2026-05-04T02:46:24.1980000+00:00</time>
      </trkpt>
      <trkpt lat="46.78126" lon="8.0253">
        <ele>1610.53</ele>
        <time>2026-05-04T02:46:39.4260000+00:00</time>
      </trkpt>
      <trkpt lat="46.78127" lon="8.02542">
        <ele>1610.72</ele>
        <time>2026-05-04T02:46:56.2860000+00:00</time>
      </trkpt>
      <trkpt lat="46.7813" lon="8.02547">
        <ele>1612.28</ele>
        <time>2026-05-04T02:47:05.5570000+00:00</time>
      </trkpt>
      <trkpt lat="46.78133" lon="8.02551">
        <ele>1613.83</ele>
        <time>2026-05-04T02:47:13.8310000+00:00</time>
      </trkpt>
      <trkpt lat="46.78135" lon="8.02553">
        <ele>1614.88</ele>
        <time>2026-05-04T02:47:18.7680000+00:00</time>
      </trkpt>
      <trkpt lat="46.78135" lon="8.02555">
        <ele>1614.8</ele>
        <time>2026-05-04T02:47:21.5560000+00:00</time>
      </trkpt>
      <trkpt lat="46.78135" lon="8.02558">
        <ele>1614.67</ele>
        <time>2026-05-04T02:47:25.7370000+00:00</time>
      </trkpt>
      <trkpt lat="46.78134" lon="8.02563">
        <ele>1613.9</ele>
        <time>2026-05-04T02:47:33.0010000+00:00</time>
      </trkpt>
      <trkpt lat="46.78134" lon="8.02567">
        <ele>1613.73</ele>
        <time>2026-05-04T02:47:38.5820000+00:00</time>
      </trkpt>
      <trkpt lat="46.78133" lon="8.02571">
        <ele>1613.02</ele>
        <time>2026-05-04T02:47:44.5210000+00:00</time>
      </trkpt>
      <trkpt lat="46.78132" lon="8.02572">
        <ele>1612.44</ele>
        <time>2026-05-04T02:47:46.9860000+00:00</time>
      </trkpt>
      <trkpt lat="46.78132" lon="8.0258">
        <ele>1612.12</ele>
        <time>2026-05-04T02:47:58.1440000+00:00</time>
      </trkpt>
      <trkpt lat="46.7813" lon="8.02596">
        <ele>1612.32</ele>
        <time>2026-05-04T02:48:20.8300000+00:00</time>
      </trkpt>
      <trkpt lat="46.78128" lon="8.02611">
        <ele>1612.6</ele>
        <time>2026-05-04T02:48:42.1450000+00:00</time>
      </trkpt>
      <trkpt lat="46.78127" lon="8.02618">
        <ele>1612.7</ele>
        <time>2026-05-04T02:48:52.1200000+00:00</time>
      </trkpt>
      <trkpt lat="46.78127" lon="8.02622">
        <ele>1613.05</ele>
        <time>2026-05-04T02:48:57.6960000+00:00</time>
      </trkpt>
      <trkpt lat="46.78128" lon="8.02627">
        <ele>1614.01</ele>
        <time>2026-05-04T02:49:04.9620000+00:00</time>
      </trkpt>
      <trkpt lat="46.7813" lon="8.02634">
        <ele>1615.66</ele>
        <time>2026-05-04T02:49:15.5430000+00:00</time>
      </trkpt>
      <trkpt lat="46.7813" lon="8.02637">
        <ele>1615.92</ele>
        <time>2026-05-04T02:49:19.7310000+00:00</time>
      </trkpt>
      <trkpt lat="46.7813" lon="8.02642">
        <ele>1616.36</ele>
        <time>2026-05-04T02:49:26.7090000+00:00</time>
      </trkpt>
      <trkpt lat="46.78128" lon="8.02646">
        <ele>1615.69</ele>
        <time>2026-05-04T02:49:33.6210000+00:00</time>
      </trkpt>
      <trkpt lat="46.78126" lon="8.02648">
        <ele>1614.85</ele>
        <time>2026-05-04T02:49:38.5580000+00:00</time>
      </trkpt>
      <trkpt lat="46.78125" lon="8.02648">
        <ele>1614.34</ele>
        <time>2026-05-04T02:49:40.5860000+00:00</time>
      </trkpt>
      <trkpt lat="46.78122" lon="8.0265">
        <ele>1613</ele>
        <time>2026-05-04T02:49:47.3030000+00:00</time>
      </trkpt>
      <trkpt lat="46.7812" lon="8.02649">
        <ele>1611.89</ele>
        <time>2026-05-04T02:49:51.6050000+00:00</time>
      </trkpt>
      <trkpt lat="46.78117" lon="8.02643">
        <ele>1609.81</ele>
        <time>2026-05-04T02:50:01.9670000+00:00</time>
      </trkpt>
      <trkpt lat="46.78116" lon="8.02639">
        <ele>1608.93</ele>
        <time>2026-05-04T02:50:07.9100000+00:00</time>
      </trkpt>
      <trkpt lat="46.78115" lon="8.02636">
        <ele>1608.15</ele>
        <time>2026-05-04T02:50:12.5630000+00:00</time>
      </trkpt>
      <trkpt lat="46.78114" lon="8.02635">
        <ele>1607.54</ele>
        <time>2026-05-04T02:50:15.0290000+00:00</time>
      </trkpt>
      <trkpt lat="46.78107" lon="8.02628">
        <ele>1603.29</ele>
        <time>2026-05-04T02:50:32.3090000+00:00</time>
      </trkpt>
      <trkpt lat="46.78097" lon="8.02616">
        <ele>1598.5</ele>
        <time>2026-05-04T02:50:58.6730000+00:00</time>
      </trkpt>
      <trkpt lat="46.78092" lon="8.02611">
        <ele>1597.07</ele>
        <time>2026-05-04T02:51:11.0160000+00:00</time>
      </trkpt>
      <trkpt lat="46.7809" lon="8.02612">
        <ele>1596.8</ele>
        <time>2026-05-04T02:51:15.3180000+00:00</time>
      </trkpt>
      <trkpt lat="46.7809" lon="8.02613">
        <ele>1596.9</ele>
        <time>2026-05-04T02:51:16.6980000+00:00</time>
      </trkpt>
      <trkpt lat="46.7809" lon="8.02616">
        <ele>1597.21</ele>
        <time>2026-05-04T02:51:20.8790000+00:00</time>
      </trkpt>
      <trkpt lat="46.78092" lon="8.02624">
        <ele>1598.39</ele>
        <time>2026-05-04T02:51:32.7580000+00:00</time>
      </trkpt>
      <trkpt lat="46.78095" lon="8.02635">
        <ele>1600.03</ele>
        <time>2026-05-04T02:51:49.2740000+00:00</time>
      </trkpt>
      <trkpt lat="46.78097" lon="8.02646">
        <ele>1601.46</ele>
        <time>2026-05-04T02:52:05.1500000+00:00</time>
      </trkpt>
      <trkpt lat="46.781" lon="8.02656">
        <ele>1602.93</ele>
        <time>2026-05-04T02:52:20.3780000+00:00</time>
      </trkpt>
      <trkpt lat="46.78105" lon="8.02667">
        <ele>1606.2</ele>
        <time>2026-05-04T02:52:38.7940000+00:00</time>
      </trkpt>
      <trkpt lat="46.78109" lon="8.02675">
        <ele>1609.61</ele>
        <time>2026-05-04T02:52:52.6110000+00:00</time>
      </trkpt>
      <trkpt lat="46.78111" lon="8.02682">
        <ele>1611.79</ele>
        <time>2026-05-04T02:53:03.1920000+00:00</time>
      </trkpt>
      <trkpt lat="46.78114" lon="8.02689">
        <ele>1614.37</ele>
        <time>2026-05-04T02:53:14.7090000+00:00</time>
      </trkpt>
      <trkpt lat="46.78115" lon="8.02693">
        <ele>1615.48</ele>
        <time>2026-05-04T02:53:20.6470000+00:00</time>
      </trkpt>
      <trkpt lat="46.78114" lon="8.02699">
        <ele>1616.04</ele>
        <time>2026-05-04T02:53:29.2600000+00:00</time>
      </trkpt>
      <trkpt lat="46.78114" lon="8.02702">
        <ele>1616.54</ele>
        <time>2026-05-04T02:53:33.4440000+00:00</time>
      </trkpt>
      <trkpt lat="46.78116" lon="8.02708">
        <ele>1618.37</ele>
        <time>2026-05-04T02:53:42.7520000+00:00</time>
      </trkpt>
      <trkpt lat="46.78117" lon="8.02714">
        <ele>1619.76</ele>
        <time>2026-05-04T02:53:51.3670000+00:00</time>
      </trkpt>
      <trkpt lat="46.7812" lon="8.02722">
        <ele>1622.21</ele>
        <time>2026-05-04T02:54:04.0880000+00:00</time>
      </trkpt>
      <trkpt lat="46.78122" lon="8.02726">
        <ele>1623.59</ele>
        <time>2026-05-04T02:54:10.9960000+00:00</time>
      </trkpt>
      <trkpt lat="46.78128" lon="8.02733">
        <ele>1626.84</ele>
        <time>2026-05-04T02:54:26.6390000+00:00</time>
      </trkpt>
      <trkpt lat="46.78131" lon="8.02739">
        <ele>1628.74</ele>
        <time>2026-05-04T02:54:37.0000000+00:00</time>
      </trkpt>
      <trkpt lat="46.78133" lon="8.02743">
        <ele>1629.96</ele>
        <time>2026-05-04T02:54:43.9110000+00:00</time>
      </trkpt>
      <trkpt lat="46.78137" lon="8.02749">
        <ele>1632.18</ele>
        <time>2026-05-04T02:54:55.5920000+00:00</time>
      </trkpt>
      <trkpt lat="46.78143" lon="8.02757">
        <ele>1635.93</ele>
        <time>2026-05-04T02:55:12.1410000+00:00</time>
      </trkpt>
      <trkpt lat="46.78147" lon="8.02766">
        <ele>1639.29</ele>
        <time>2026-05-04T02:55:27.1060000+00:00</time>
      </trkpt>
      <trkpt lat="46.78149" lon="8.02772">
        <ele>1641.32</ele>
        <time>2026-05-04T02:55:36.4130000+00:00</time>
      </trkpt>
      <trkpt lat="46.78148" lon="8.02784">
        <ele>1643.6</ele>
        <time>2026-05-04T02:55:53.2730000+00:00</time>
      </trkpt>
      <trkpt lat="46.78148" lon="8.02792">
        <ele>1645.37</ele>
        <time>2026-05-04T02:56:04.4310000+00:00</time>
      </trkpt>
      <trkpt lat="46.78146" lon="8.02805">
        <ele>1647.46</ele>
        <time>2026-05-04T02:56:23.0150000+00:00</time>
      </trkpt>
      <trkpt lat="46.78145" lon="8.02815">
        <ele>1649.25</ele>
        <time>2026-05-04T02:56:37.1100000+00:00</time>
      </trkpt>
      <trkpt lat="46.78145" lon="8.02821">
        <ele>1650.56</ele>
        <time>2026-05-04T02:56:45.4790000+00:00</time>
      </trkpt>
      <trkpt lat="46.78146" lon="8.02827">
        <ele>1652.27</ele>
        <time>2026-05-04T02:56:54.0900000+00:00</time>
      </trkpt>
      <trkpt lat="46.78149" lon="8.02844">
        <ele>1658.34</ele>
        <time>2026-05-04T02:57:18.5760000+00:00</time>
      </trkpt>
      <trkpt lat="46.7815" lon="8.0285">
        <ele>1660.61</ele>
        <time>2026-05-04T02:57:27.1910000+00:00</time>
      </trkpt>
      <trkpt lat="46.7815" lon="8.02859">
        <ele>1663.37</ele>
        <time>2026-05-04T02:57:39.7460000+00:00</time>
      </trkpt>
      <trkpt lat="46.7815" lon="8.02863">
        <ele>1664.6</ele>
        <time>2026-05-04T02:57:45.3290000+00:00</time>
      </trkpt>
      <trkpt lat="46.7815" lon="8.02871">
        <ele>1667.06</ele>
        <time>2026-05-04T02:57:56.4890000+00:00</time>
      </trkpt>
      <trkpt lat="46.7815" lon="8.02882">
        <ele>1670.43</ele>
        <time>2026-05-04T02:58:11.8340000+00:00</time>
      </trkpt>
      <trkpt lat="46.78147" lon="8.0289">
        <ele>1671.33</ele>
        <time>2026-05-04T02:58:24.5560000+00:00</time>
      </trkpt>
      <trkpt lat="46.78146" lon="8.029">
        <ele>1673.81</ele>
        <time>2026-05-04T02:58:38.6510000+00:00</time>
      </trkpt>
      <trkpt lat="46.78143" lon="8.02904">
        <ele>1673.37</ele>
        <time>2026-05-04T02:58:46.9260000+00:00</time>
      </trkpt>
      <trkpt lat="46.78138" lon="8.02913">
        <ele>1673.2</ele>
        <time>2026-05-04T02:59:03.0900000+00:00</time>
      </trkpt>
      <trkpt lat="46.78137" lon="8.02919">
        <ele>1674.54</ele>
        <time>2026-05-04T02:59:11.7030000+00:00</time>
      </trkpt>
      <trkpt lat="46.78138" lon="8.02927">
        <ele>1677.7</ele>
        <time>2026-05-04T02:59:23.0450000+00:00</time>
      </trkpt>
      <trkpt lat="46.7814" lon="8.02932">
        <ele>1680.49</ele>
        <time>2026-05-04T02:59:31.1200000+00:00</time>
      </trkpt>
      <trkpt lat="46.7814" lon="8.02934">
        <ele>1681.15</ele>
        <time>2026-05-04T02:59:33.9020000+00:00</time>
      </trkpt>
      <trkpt lat="46.78139" lon="8.02938">
        <ele>1681.87</ele>
        <time>2026-05-04T02:59:39.8400000+00:00</time>
      </trkpt>
      <trkpt lat="46.78138" lon="8.02943">
        <ele>1682.9</ele>
        <time>2026-05-04T02:59:47.1070000+00:00</time>
      </trkpt>
      <trkpt lat="46.78136" lon="8.02948">
        <ele>1683.33</ele>
        <time>2026-05-04T02:59:55.1830000+00:00</time>
      </trkpt>
      <trkpt lat="46.78132" lon="8.02956">
        <ele>1683.49</ele>
        <time>2026-05-04T03:00:08.9980000+00:00</time>
      </trkpt>
      <trkpt lat="46.7813" lon="8.02962">
        <ele>1684.18</ele>
        <time>2026-05-04T03:00:18.3050000+00:00</time>
      </trkpt>
      <trkpt lat="46.78128" lon="8.02964">
        <ele>1683.58</ele>
        <time>2026-05-04T03:00:23.2480000+00:00</time>
      </trkpt>
      <trkpt lat="46.78124" lon="8.0297">
        <ele>1682.99</ele>
        <time>2026-05-04T03:00:34.9290000+00:00</time>
      </trkpt>
      <trkpt lat="46.7812" lon="8.02979">
        <ele>1683.27</ele>
        <time>2026-05-04T03:00:49.8950000+00:00</time>
      </trkpt>
      <trkpt lat="46.7812" lon="8.02985">
        <ele>1685.11</ele>
        <time>2026-05-04T03:00:58.2620000+00:00</time>
      </trkpt>
      <trkpt lat="46.78116" lon="8.0299">
        <ele>1684.08</ele>
        <time>2026-05-04T03:01:08.9850000+00:00</time>
      </trkpt>
      <trkpt lat="46.78116" lon="8.02994">
        <ele>1685.29</ele>
        <time>2026-05-04T03:01:14.5660000+00:00</time>
      </trkpt>
      <trkpt lat="46.78117" lon="8.03">
        <ele>1688.12</ele>
        <time>2026-05-04T03:01:23.1800000+00:00</time>
      </trkpt>
      <trkpt lat="46.78116" lon="8.03002">
        <ele>1688.37</ele>
        <time>2026-05-04T03:01:26.6410000+00:00</time>
      </trkpt>
      <trkpt lat="46.78113" lon="8.03004">
        <ele>1687.33</ele>
        <time>2026-05-04T03:01:33.3580000+00:00</time>
      </trkpt>
      <trkpt lat="46.78113" lon="8.03008">
        <ele>1689.13</ele>
        <time>2026-05-04T03:01:38.9390000+00:00</time>
      </trkpt>
      <trkpt lat="46.78114" lon="8.03013">
        <ele>1692.02</ele>
        <time>2026-05-04T03:01:46.2060000+00:00</time>
      </trkpt>
      <trkpt lat="46.78113" lon="8.03018">
        <ele>1693.62</ele>
        <time>2026-05-04T03:01:53.4720000+00:00</time>
      </trkpt>
      <trkpt lat="46.78106" lon="8.03031">
        <ele>1695.07</ele>
        <time>2026-05-04T03:02:16.5380000+00:00</time>
      </trkpt>
      <trkpt lat="46.78099" lon="8.03043">
        <ele>1696.46</ele>
        <time>2026-05-04T03:02:38.5260000+00:00</time>
      </trkpt>
      <trkpt lat="46.78096" lon="8.03049">
        <ele>1697.66</ele>
        <time>2026-05-04T03:02:48.8870000+00:00</time>
      </trkpt>
      <trkpt lat="46.78092" lon="8.03056">
        <ele>1698.77</ele>
        <time>2026-05-04T03:03:01.6030000+00:00</time>
      </trkpt>
      <trkpt lat="46.7809" lon="8.03058">
        <ele>1698.64</ele>
        <time>2026-05-04T03:03:06.5400000+00:00</time>
      </trkpt>
      <trkpt lat="46.78088" lon="8.03062">
        <ele>1699.41</ele>
        <time>2026-05-04T03:03:13.4460000+00:00</time>
      </trkpt>
      <trkpt lat="46.78087" lon="8.03066">
        <ele>1700.68</ele>
        <time>2026-05-04T03:03:19.3840000+00:00</time>
      </trkpt>
      <trkpt lat="46.78087" lon="8.03069">
        <ele>1702.02</ele>
        <time>2026-05-04T03:03:23.5650000+00:00</time>
      </trkpt>
      <trkpt lat="46.78087" lon="8.03076">
        <ele>1705.16</ele>
        <time>2026-05-04T03:03:33.3280000+00:00</time>
      </trkpt>
      <trkpt lat="46.78088" lon="8.0308">
        <ele>1707.48</ele>
        <time>2026-05-04T03:03:39.2660000+00:00</time>
      </trkpt>
      <trkpt lat="46.78088" lon="8.03083">
        <ele>1708.65</ele>
        <time>2026-05-04T03:03:43.4470000+00:00</time>
      </trkpt>
      <trkpt lat="46.78087" lon="8.03086">
        <ele>1709.22</ele>
        <time>2026-05-04T03:03:48.1000000+00:00</time>
      </trkpt>
      <trkpt lat="46.78085" lon="8.0309">
        <ele>1709.61</ele>
        <time>2026-05-04T03:03:55.0110000+00:00</time>
      </trkpt>
      <trkpt lat="46.78082" lon="8.03091">
        <ele>1708.35</ele>
        <time>2026-05-04T03:04:01.2810000+00:00</time>
      </trkpt>
      <trkpt lat="46.7808" lon="8.03096">
        <ele>1709.07</ele>
        <time>2026-05-04T03:04:09.3590000+00:00</time>
      </trkpt>
      <trkpt lat="46.78078" lon="8.03102">
        <ele>1710.12</ele>
        <time>2026-05-04T03:04:18.6660000+00:00</time>
      </trkpt>
      <trkpt lat="46.78074" lon="8.0311">
        <ele>1710.73</ele>
        <time>2026-05-04T03:04:32.4820000+00:00</time>
      </trkpt>
      <trkpt lat="46.78072" lon="8.03113">
        <ele>1710.66</ele>
        <time>2026-05-04T03:04:38.3220000+00:00</time>
      </trkpt>
      <trkpt lat="46.78072" lon="8.03117">
        <ele>1712.06</ele>
        <time>2026-05-04T03:04:43.9030000+00:00</time>
      </trkpt>
      <trkpt lat="46.78073" lon="8.03119">
        <ele>1713.33</ele>
        <time>2026-05-04T03:04:47.3550000+00:00</time>
      </trkpt>
      <trkpt lat="46.78073" lon="8.03121">
        <ele>1714.03</ele>
        <time>2026-05-04T03:04:50.1480000+00:00</time>
      </trkpt>
      <trkpt lat="46.78071" lon="8.03123">
        <ele>1713.58</ele>
        <time>2026-05-04T03:04:55.0890000+00:00</time>
      </trkpt>
      <trkpt lat="46.7807" lon="8.03127">
        <ele>1714.39</ele>
        <time>2026-05-04T03:05:01.0270000+00:00</time>
      </trkpt>
      <trkpt lat="46.78068" lon="8.03129">
        <ele>1713.92</ele>
        <time>2026-05-04T03:05:05.9640000+00:00</time>
      </trkpt>
      <trkpt lat="46.78068" lon="8.03132">
        <ele>1714.96</ele>
        <time>2026-05-04T03:05:10.1520000+00:00</time>
      </trkpt>
      <trkpt lat="46.78067" lon="8.03135">
        <ele>1715.4</ele>
        <time>2026-05-04T03:05:14.8050000+00:00</time>
      </trkpt>
      <trkpt lat="46.78066" lon="8.0314">
        <ele>1716.53</ele>
        <time>2026-05-04T03:05:22.0720000+00:00</time>
      </trkpt>
      <trkpt lat="46.78066" lon="8.03141">
        <ele>1716.87</ele>
        <time>2026-05-04T03:05:23.4630000+00:00</time>
      </trkpt>
      <trkpt lat="46.78067" lon="8.03141">
        <ele>1717.47</ele>
        <time>2026-05-04T03:05:25.4980000+00:00</time>
      </trkpt>
      <trkpt lat="46.78068" lon="8.03141">
        <ele>1718.07</ele>
        <time>2026-05-04T03:05:27.5340000+00:00</time>
      </trkpt>
      <trkpt lat="46.78069" lon="8.0314">
        <ele>1718.32</ele>
        <time>2026-05-04T03:05:29.9990000+00:00</time>
      </trkpt>
      <trkpt lat="46.78071" lon="8.03137">
        <ele>1718.47</ele>
        <time>2026-05-04T03:05:35.8400000+00:00</time>
      </trkpt>
      <trkpt lat="46.78072" lon="8.03136">
        <ele>1718.71</ele>
        <time>2026-05-04T03:05:38.3110000+00:00</time>
      </trkpt>
      <trkpt lat="46.78075" lon="8.03135">
        <ele>1720.13</ele>
        <time>2026-05-04T03:05:44.5760000+00:00</time>
      </trkpt>
      <trkpt lat="46.78077" lon="8.03133">
        <ele>1720.6</ele>
        <time>2026-05-04T03:05:49.5140000+00:00</time>
      </trkpt>
      <trkpt lat="46.78078" lon="8.03131">
        <ele>1720.48</ele>
        <time>2026-05-04T03:05:52.9700000+00:00</time>
      </trkpt>
      <trkpt lat="46.78079" lon="8.0313">
        <ele>1720.71</ele>
        <time>2026-05-04T03:05:55.4410000+00:00</time>
      </trkpt>
      <trkpt lat="46.78081" lon="8.03129">
        <ele>1721.52</ele>
        <time>2026-05-04T03:05:59.7470000+00:00</time>
      </trkpt>
      <trkpt lat="46.78083" lon="8.03128">
        <ele>1722.32</ele>
        <time>2026-05-04T03:06:04.0560000+00:00</time>
      </trkpt>
      <trkpt lat="46.78084" lon="8.03127">
        <ele>1722.54</ele>
        <time>2026-05-04T03:06:06.5280000+00:00</time>
      </trkpt>
      <trkpt lat="46.78086" lon="8.03125">
        <ele>1722.97</ele>
        <time>2026-05-04T03:06:11.4650000+00:00</time>
      </trkpt>
      <trkpt lat="46.78087" lon="8.03124">
        <ele>1723.18</ele>
        <time>2026-05-04T03:06:13.9300000+00:00</time>
      </trkpt>
      <trkpt lat="46.78089" lon="8.03124">
        <ele>1724.34</ele>
        <time>2026-05-04T03:06:18.0080000+00:00</time>
      </trkpt>
      <trkpt lat="46.78091" lon="8.03121">
        <ele>1724.38</ele>
        <time>2026-05-04T03:06:23.8490000+00:00</time>
      </trkpt>
      <trkpt lat="46.78092" lon="8.03121">
        <ele>1724.95</ele>
        <time>2026-05-04T03:06:25.8840000+00:00</time>
      </trkpt>
      <trkpt lat="46.78092" lon="8.03121">
        <ele>1724.95</ele>
        <time>2026-05-04T03:06:25.8840000+00:00</time>
      </trkpt>
      <trkpt lat="46.78093" lon="8.03122">
        <ele>1725.9</ele>
        <time>2026-05-04T03:06:28.3560000+00:00</time>
      </trkpt>
      <trkpt lat="46.78093" lon="8.03124">
        <ele>1726.65</ele>
        <time>2026-05-04T03:06:31.1550000+00:00</time>
      </trkpt>
      <trkpt lat="46.78093" lon="8.03126">
        <ele>1727.4</ele>
        <time>2026-05-04T03:06:33.9530000+00:00</time>
      </trkpt>
      <trkpt lat="46.78092" lon="8.0313">
        <ele>1728.31</ele>
        <time>2026-05-04T03:06:39.8970000+00:00</time>
      </trkpt>
      <trkpt lat="46.78091" lon="8.0314">
        <ele>1731.45</ele>
        <time>2026-05-04T03:06:53.9920000+00:00</time>
      </trkpt>
      <trkpt lat="46.78091" lon="8.03147">
        <ele>1734.05</ele>
        <time>2026-05-04T03:07:03.7550000+00:00</time>
      </trkpt>
      <trkpt lat="46.7809" lon="8.03151">
        <ele>1734.93</ele>
        <time>2026-05-04T03:07:09.6930000+00:00</time>
      </trkpt>
      <trkpt lat="46.78089" lon="8.03157">
        <ele>1736.54</ele>
        <time>2026-05-04T03:07:18.3080000+00:00</time>
      </trkpt>
      <trkpt lat="46.78089" lon="8.03162">
        <ele>1738.39</ele>
        <time>2026-05-04T03:07:25.2860000+00:00</time>
      </trkpt>
      <trkpt lat="46.78086" lon="8.03166">
        <ele>1737.81</ele>
        <time>2026-05-04T03:07:33.5600000+00:00</time>
      </trkpt>
      <trkpt lat="46.78085" lon="8.03171">
        <ele>1738.57</ele>
        <time>2026-05-04T03:07:40.8270000+00:00</time>
      </trkpt>
      <trkpt lat="46.78084" lon="8.03175">
        <ele>1739.05</ele>
        <time>2026-05-04T03:07:46.7650000+00:00</time>
      </trkpt>
      <trkpt lat="46.78081" lon="8.03179">
        <ele>1738.28</ele>
        <time>2026-05-04T03:07:55.0390000+00:00</time>
      </trkpt>
      <trkpt lat="46.7808" lon="8.03182">
        <ele>1738.49</ele>
        <time>2026-05-04T03:07:59.6930000+00:00</time>
      </trkpt>
      <trkpt lat="46.7808" lon="8.03186">
        <ele>1739.59</ele>
        <time>2026-05-04T03:08:05.2740000+00:00</time>
      </trkpt>
      <trkpt lat="46.78079" lon="8.03189">
        <ele>1739.79</ele>
        <time>2026-05-04T03:08:09.9270000+00:00</time>
      </trkpt>
      <trkpt lat="46.7808" lon="8.0319">
        <ele>1740.7</ele>
        <time>2026-05-04T03:08:12.3980000+00:00</time>
      </trkpt>
      <trkpt lat="46.78081" lon="8.03191">
        <ele>1741.6</ele>
        <time>2026-05-04T03:08:14.8580000+00:00</time>
      </trkpt>
      <trkpt lat="46.78083" lon="8.03191">
        <ele>1742.85</ele>
        <time>2026-05-04T03:08:18.9360000+00:00</time>
      </trkpt>
      <trkpt lat="46.78086" lon="8.0319">
        <ele>1744.44</ele>
        <time>2026-05-04T03:08:25.2010000+00:00</time>
      </trkpt>
      <trkpt lat="46.78088" lon="8.03189">
        <ele>1745.42</ele>
        <time>2026-05-04T03:08:29.5030000+00:00</time>
      </trkpt>
      <trkpt lat="46.7809" lon="8.03187">
        <ele>1746.11</ele>
        <time>2026-05-04T03:08:34.4370000+00:00</time>
      </trkpt>
      <trkpt lat="46.78092" lon="8.03181">
        <ele>1745.7</ele>
        <time>2026-05-04T03:08:43.7440000+00:00</time>
      </trkpt>
      <trkpt lat="46.78093" lon="8.03179">
        <ele>1745.78</ele>
        <time>2026-05-04T03:08:47.2040000+00:00</time>
      </trkpt>
      <trkpt lat="46.78095" lon="8.03177">
        <ele>1746.47</ele>
        <time>2026-05-04T03:08:52.1450000+00:00</time>
      </trkpt>
      <trkpt lat="46.781" lon="8.03174">
        <ele>1748.77</ele>
        <time>2026-05-04T03:09:03.1540000+00:00</time>
      </trkpt>
      <trkpt lat="46.78106" lon="8.03165">
        <ele>1749.97</ele>
        <time>2026-05-04T03:09:20.6740000+00:00</time>
      </trkpt>
      <trkpt lat="46.78108" lon="8.03164">
        <ele>1750.92</ele>
        <time>2026-05-04T03:09:24.9800000+00:00</time>
      </trkpt>
      <trkpt lat="46.78115" lon="8.03154">
        <ele>1751.34</ele>
        <time>2026-05-04T03:09:44.9260000+00:00</time>
      </trkpt>
      <trkpt lat="46.78118" lon="8.03149">
        <ele>1751.24</ele>
        <time>2026-05-04T03:09:54.2000000+00:00</time>
      </trkpt>
      <trkpt lat="46.78121" lon="8.03142">
        <ele>1750.37</ele>
        <time>2026-05-04T03:10:05.7190000+00:00</time>
      </trkpt>
      <trkpt lat="46.78122" lon="8.03139">
        <ele>1749.81</ele>
        <time>2026-05-04T03:10:10.3760000+00:00</time>
      </trkpt>
      <trkpt lat="46.78124" lon="8.03135">
        <ele>1749.48</ele>
        <time>2026-05-04T03:10:17.2860000+00:00</time>
      </trkpt>
      <trkpt lat="46.78125" lon="8.03135">
        <ele>1750.09</ele>
        <time>2026-05-04T03:10:19.3210000+00:00</time>
      </trkpt>
      <trkpt lat="46.78126" lon="8.03136">
        <ele>1751.09</ele>
        <time>2026-05-04T03:10:21.7810000+00:00</time>
      </trkpt>
      <trkpt lat="46.78126" lon="8.03137">
        <ele>1751.47</ele>
        <time>2026-05-04T03:10:23.1720000+00:00</time>
      </trkpt>
      <trkpt lat="46.78126" lon="8.0314">
        <ele>1752.64</ele>
        <time>2026-05-04T03:10:27.3530000+00:00</time>
      </trkpt>
      <trkpt lat="46.78125" lon="8.03144">
        <ele>1753.58</ele>
        <time>2026-05-04T03:10:33.2910000+00:00</time>
      </trkpt>
      <trkpt lat="46.78125" lon="8.03148">
        <ele>1755.13</ele>
        <time>2026-05-04T03:10:38.8720000+00:00</time>
      </trkpt>
      <trkpt lat="46.78126" lon="8.03154">
        <ele>1758.07</ele>
        <time>2026-05-04T03:10:47.4830000+00:00</time>
      </trkpt>
      <trkpt lat="46.78127" lon="8.0316">
        <ele>1761.01</ele>
        <time>2026-05-04T03:10:56.0940000+00:00</time>
      </trkpt>
      <trkpt lat="46.78127" lon="8.03167">
        <ele>1763.4</ele>
        <time>2026-05-04T03:11:05.8540000+00:00</time>
      </trkpt>
      <trkpt lat="46.78128" lon="8.0318">
        <ele>1767.65</ele>
        <time>2026-05-04T03:11:24.1020000+00:00</time>
      </trkpt>
      <trkpt lat="46.78125" lon="8.03189">
        <ele>1768.33</ele>
        <time>2026-05-04T03:11:38.0630000+00:00</time>
      </trkpt>
      <trkpt lat="46.7812" lon="8.03208">
        <ele>1770.54</ele>
        <time>2026-05-04T03:12:06.4550000+00:00</time>
      </trkpt>
      <trkpt lat="46.78117" lon="8.03216">
        <ele>1770.91</ele>
        <time>2026-05-04T03:12:19.1750000+00:00</time>
      </trkpt>
      <trkpt lat="46.78115" lon="8.03228">
        <ele>1773.01</ele>
        <time>2026-05-04T03:12:36.4020000+00:00</time>
      </trkpt>
      <trkpt lat="46.78115" lon="8.03245">
        <ele>1777.74</ele>
        <time>2026-05-04T03:13:00.1140000+00:00</time>
      </trkpt>
      <trkpt lat="46.78116" lon="8.03253">
        <ele>1780.23</ele>
        <time>2026-05-04T03:13:11.4560000+00:00</time>
      </trkpt>
      <trkpt lat="46.78116" lon="8.03261">
        <ele>1781.94</ele>
        <time>2026-05-04T03:13:22.6140000+00:00</time>
      </trkpt>
      <trkpt lat="46.78115" lon="8.03271">
        <ele>1783.46</ele>
        <time>2026-05-04T03:13:36.7110000+00:00</time>
      </trkpt>
      <trkpt lat="46.78115" lon="8.03279">
        <ele>1785.17</ele>
        <time>2026-05-04T03:13:47.8680000+00:00</time>
      </trkpt>
      <trkpt lat="46.78115" lon="8.03287">
        <ele>1786.89</ele>
        <time>2026-05-04T03:13:59.0240000+00:00</time>
      </trkpt>
      <trkpt lat="46.78114" lon="8.03292">
        <ele>1787.34</ele>
        <time>2026-05-04T03:14:06.2910000+00:00</time>
      </trkpt>
      <trkpt lat="46.78113" lon="8.03294">
        <ele>1787.15</ele>
        <time>2026-05-04T03:14:09.7470000+00:00</time>
      </trkpt>
      <trkpt lat="46.78111" lon="8.03298">
        <ele>1786.77</ele>
        <time>2026-05-04T03:14:16.6570000+00:00</time>
      </trkpt>
      <trkpt lat="46.78108" lon="8.03305">
        <ele>1786.43</ele>
        <time>2026-05-04T03:14:28.1750000+00:00</time>
      </trkpt>
      <trkpt lat="46.78105" lon="8.03318">
        <ele>1787.38</ele>
        <time>2026-05-04T03:14:47.3100000+00:00</time>
      </trkpt>
      <trkpt lat="46.78103" lon="8.03326">
        <ele>1787.88</ele>
        <time>2026-05-04T03:14:59.1890000+00:00</time>
      </trkpt>
      <trkpt lat="46.78103" lon="8.03327">
        <ele>1788.1</ele>
        <time>2026-05-04T03:15:00.5800000+00:00</time>
      </trkpt>
      <trkpt lat="46.78103" lon="8.03328">
        <ele>1788.32</ele>
        <time>2026-05-04T03:15:01.9710000+00:00</time>
      </trkpt>
      <trkpt lat="46.78104" lon="8.03328">
        <ele>1788.93</ele>
        <time>2026-05-04T03:15:04.0070000+00:00</time>
      </trkpt>
      <trkpt lat="46.78106" lon="8.03325">
        <ele>1789.51</ele>
        <time>2026-05-04T03:15:09.8470000+00:00</time>
      </trkpt>
      <trkpt lat="46.78109" lon="8.03321">
        <ele>1790.49</ele>
        <time>2026-05-04T03:15:18.1220000+00:00</time>
      </trkpt>
      <trkpt lat="46.78115" lon="8.03317">
        <ele>1793.31</ele>
        <time>2026-05-04T03:15:31.5560000+00:00</time>
      </trkpt>
      <trkpt lat="46.78118" lon="8.03316">
        <ele>1794.94</ele>
        <time>2026-05-04T03:15:37.8240000+00:00</time>
      </trkpt>
      <trkpt lat="46.78121" lon="8.03313">
        <ele>1796.15</ele>
        <time>2026-05-04T03:15:45.2300000+00:00</time>
      </trkpt>
      <trkpt lat="46.78126" lon="8.0331">
        <ele>1798.58</ele>
        <time>2026-05-04T03:15:56.2400000+00:00</time>
      </trkpt>
      <trkpt lat="46.78129" lon="8.03306">
        <ele>1799.58</ele>
        <time>2026-05-04T03:16:04.5140000+00:00</time>
      </trkpt>
      <trkpt lat="46.78133" lon="8.03301">
        <ele>1800.99</ele>
        <time>2026-05-04T03:16:15.2400000+00:00</time>
      </trkpt>
      <trkpt lat="46.78138" lon="8.03288">
        <ele>1801.33</ele>
        <time>2026-05-04T03:16:36.0360000+00:00</time>
      </trkpt>
      <trkpt lat="46.78141" lon="8.03278">
        <ele>1801.08</ele>
        <time>2026-05-04T03:16:51.2640000+00:00</time>
      </trkpt>
      <trkpt lat="46.78144" lon="8.03275">
        <ele>1802.31</ele>
        <time>2026-05-04T03:16:58.6710000+00:00</time>
      </trkpt>
      <trkpt lat="46.78147" lon="8.03275">
        <ele>1804.17</ele>
        <time>2026-05-04T03:17:04.7800000+00:00</time>
      </trkpt>
      <trkpt lat="46.78148" lon="8.03274">
        <ele>1804.58</ele>
        <time>2026-05-04T03:17:07.2450000+00:00</time>
      </trkpt>
      <trkpt lat="46.78148" lon="8.03273">
        <ele>1804.37</ele>
        <time>2026-05-04T03:17:08.6360000+00:00</time>
      </trkpt>
      <trkpt lat="46.78148" lon="8.03269">
        <ele>1803.54</ele>
        <time>2026-05-04T03:17:14.2180000+00:00</time>
      </trkpt>
      <trkpt lat="46.78148" lon="8.03264">
        <ele>1802.49</ele>
        <time>2026-05-04T03:17:21.1910000+00:00</time>
      </trkpt>
      <trkpt lat="46.78149" lon="8.03261">
        <ele>1802.48</ele>
        <time>2026-05-04T03:17:25.8440000+00:00</time>
      </trkpt>
      <trkpt lat="46.78151" lon="8.03255">
        <ele>1802.47</ele>
        <time>2026-05-04T03:17:35.1510000+00:00</time>
      </trkpt>
      <trkpt lat="46.78153" lon="8.03251">
        <ele>1802.89</ele>
        <time>2026-05-04T03:17:42.0590000+00:00</time>
      </trkpt>
      <trkpt lat="46.78156" lon="8.03248">
        <ele>1804.13</ele>
        <time>2026-05-04T03:17:49.4630000+00:00</time>
      </trkpt>
      <trkpt lat="46.7816" lon="8.03244">
        <ele>1805.55</ele>
        <time>2026-05-04T03:17:59.3370000+00:00</time>
      </trkpt>
      <trkpt lat="46.78162" lon="8.03241">
        <ele>1805.94</ele>
        <time>2026-05-04T03:18:05.1750000+00:00</time>
      </trkpt>
      <trkpt lat="46.78164" lon="8.03237">
        <ele>1806.05</ele>
        <time>2026-05-04T03:18:12.0830000+00:00</time>
      </trkpt>
      <trkpt lat="46.78167" lon="8.03232">
        <ele>1806.49</ele>
        <time>2026-05-04T03:18:21.3560000+00:00</time>
      </trkpt>
      <trkpt lat="46.7817" lon="8.03229">
        <ele>1807.49</ele>
        <time>2026-05-04T03:18:28.7620000+00:00</time>
      </trkpt>
      <trkpt lat="46.78171" lon="8.03227">
        <ele>1807.54</ele>
        <time>2026-05-04T03:18:32.2190000+00:00</time>
      </trkpt>
      <trkpt lat="46.78174" lon="8.03225">
        <ele>1808.84</ele>
        <time>2026-05-04T03:18:38.9360000+00:00</time>
      </trkpt>
      <trkpt lat="46.78176" lon="8.03224">
        <ele>1809.79</ele>
        <time>2026-05-04T03:18:43.2410000+00:00</time>
      </trkpt>
      <trkpt lat="46.78176" lon="8.03226">
        <ele>1810.36</ele>
        <time>2026-05-04T03:18:46.0290000+00:00</time>
      </trkpt>
      <trkpt lat="46.78175" lon="8.03231">
        <ele>1811.18</ele>
        <time>2026-05-04T03:18:53.2960000+00:00</time>
      </trkpt>
      <trkpt lat="46.78173" lon="8.03243">
        <ele>1813.37</ele>
        <time>2026-05-04T03:19:10.5210000+00:00</time>
      </trkpt>
      <trkpt lat="46.78171" lon="8.03254">
        <ele>1814.74</ele>
        <time>2026-05-04T03:19:26.3960000+00:00</time>
      </trkpt>
      <trkpt lat="46.78169" lon="8.03266">
        <ele>1815.97</ele>
        <time>2026-05-04T03:19:43.6220000+00:00</time>
      </trkpt>
      <trkpt lat="46.78168" lon="8.0328">
        <ele>1818.24</ele>
        <time>2026-05-04T03:20:03.2550000+00:00</time>
      </trkpt>
      <trkpt lat="46.78167" lon="8.03283">
        <ele>1818.24</ele>
        <time>2026-05-04T03:20:07.9120000+00:00</time>
      </trkpt>
      <trkpt lat="46.78165" lon="8.03299">
        <ele>1820.31</ele>
        <time>2026-05-04T03:20:30.5980000+00:00</time>
      </trkpt>
      <trkpt lat="46.78162" lon="8.0331">
        <ele>1820.74</ele>
        <time>2026-05-04T03:20:47.1120000+00:00</time>
      </trkpt>
      <trkpt lat="46.7816" lon="8.03319">
        <ele>1821.38</ele>
        <time>2026-05-04T03:21:00.3080000+00:00</time>
      </trkpt>
      <trkpt lat="46.78159" lon="8.03331">
        <ele>1823.23</ele>
        <time>2026-05-04T03:21:17.1680000+00:00</time>
      </trkpt>
      <trkpt lat="46.78159" lon="8.03334">
        <ele>1823.65</ele>
        <time>2026-05-04T03:21:21.3490000+00:00</time>
      </trkpt>
      <trkpt lat="46.78158" lon="8.03336">
        <ele>1823.32</ele>
        <time>2026-05-04T03:21:24.8010000+00:00</time>
      </trkpt>
      <trkpt lat="46.78155" lon="8.0334">
        <ele>1822.05</ele>
        <time>2026-05-04T03:21:33.0750000+00:00</time>
      </trkpt>
      <trkpt lat="46.78154" lon="8.03344">
        <ele>1822</ele>
        <time>2026-05-04T03:21:39.0130000+00:00</time>
      </trkpt>
      <trkpt lat="46.7815" lon="8.03355">
        <ele>1821.13</ele>
        <time>2026-05-04T03:21:56.3860000+00:00</time>
      </trkpt>
      <trkpt lat="46.7815" lon="8.0336">
        <ele>1821.84</ele>
        <time>2026-05-04T03:22:03.3640000+00:00</time>
      </trkpt>
      <trkpt lat="46.78149" lon="8.0337">
        <ele>1822.66</ele>
        <time>2026-05-04T03:22:17.4590000+00:00</time>
      </trkpt>
      <trkpt lat="46.7815" lon="8.03376">
        <ele>1824.12</ele>
        <time>2026-05-04T03:22:26.0740000+00:00</time>
      </trkpt>
      <trkpt lat="46.78152" lon="8.03384">
        <ele>1826.45</ele>
        <time>2026-05-04T03:22:37.9530000+00:00</time>
      </trkpt>
      <trkpt lat="46.78152" lon="8.03387">
        <ele>1826.87</ele>
        <time>2026-05-04T03:22:42.1370000+00:00</time>
      </trkpt>
      <trkpt lat="46.78152" lon="8.03392">
        <ele>1827.58</ele>
        <time>2026-05-04T03:22:49.1100000+00:00</time>
      </trkpt>
      <trkpt lat="46.78153" lon="8.03397">
        <ele>1828.88</ele>
        <time>2026-05-04T03:22:56.3770000+00:00</time>
      </trkpt>
      <trkpt lat="46.78155" lon="8.03403">
        <ele>1830.91</ele>
        <time>2026-05-04T03:23:05.6870000+00:00</time>
      </trkpt>
      <trkpt lat="46.78156" lon="8.03405">
        <ele>1831.79</ele>
        <time>2026-05-04T03:23:09.1430000+00:00</time>
      </trkpt>
      <trkpt lat="46.78159" lon="8.03407">
        <ele>1833.84</ele>
        <time>2026-05-04T03:23:15.8600000+00:00</time>
      </trkpt>
      <trkpt lat="46.78162" lon="8.03408">
        <ele>1835.75</ele>
        <time>2026-05-04T03:23:22.1250000+00:00</time>
      </trkpt>
      <trkpt lat="46.78162" lon="8.03408">
        <ele>1835.75</ele>
        <time>2026-05-04T03:23:22.1250000+00:00</time>
      </trkpt>
      <trkpt lat="46.78164" lon="8.03411">
        <ele>1837.34</ele>
        <time>2026-05-04T03:23:27.9660000+00:00</time>
      </trkpt>
      <trkpt lat="46.78164" lon="8.03414">
        <ele>1837.75</ele>
        <time>2026-05-04T03:23:32.1500000+00:00</time>
      </trkpt>
      <trkpt lat="46.78163" lon="8.03418">
        <ele>1837.63</ele>
        <time>2026-05-04T03:23:38.0880000+00:00</time>
      </trkpt>
      <trkpt lat="46.78159" lon="8.03429">
        <ele>1836.56</ele>
        <time>2026-05-04T03:23:55.4590000+00:00</time>
      </trkpt>
      <trkpt lat="46.78159" lon="8.03437">
        <ele>1837.49</ele>
        <time>2026-05-04T03:24:06.6160000+00:00</time>
      </trkpt>
      <trkpt lat="46.78162" lon="8.03456">
        <ele>1841.48</ele>
        <time>2026-05-04T03:24:33.8120000+00:00</time>
      </trkpt>
      <trkpt lat="46.78165" lon="8.03468">
        <ele>1844.67</ele>
        <time>2026-05-04T03:24:51.6300000+00:00</time>
      </trkpt>
      <trkpt lat="46.78168" lon="8.03474">
        <ele>1847.17</ele>
        <time>2026-05-04T03:25:01.9930000+00:00</time>
      </trkpt>
      <trkpt lat="46.7817" lon="8.03479">
        <ele>1848.95</ele>
        <time>2026-05-04T03:25:10.0710000+00:00</time>
      </trkpt>
      <trkpt lat="46.78172" lon="8.03483">
        <ele>1850.62</ele>
        <time>2026-05-04T03:25:16.9790000+00:00</time>
      </trkpt>
      <trkpt lat="46.78172" lon="8.03485">
        <ele>1850.86</ele>
        <time>2026-05-04T03:25:19.7670000+00:00</time>
      </trkpt>
      <trkpt lat="46.78172" lon="8.0349">
        <ele>1851.45</ele>
        <time>2026-05-04T03:25:26.7410000+00:00</time>
      </trkpt>
      <trkpt lat="46.7817" lon="8.03504">
        <ele>1852.12</ele>
        <time>2026-05-04T03:25:46.6880000+00:00</time>
      </trkpt>
      <trkpt lat="46.78171" lon="8.03515">
        <ele>1854.34</ele>
        <time>2026-05-04T03:26:02.1660000+00:00</time>
      </trkpt>
      <trkpt lat="46.78171" lon="8.0352">
        <ele>1855.08</ele>
        <time>2026-05-04T03:26:09.1400000+00:00</time>
      </trkpt>
      <trkpt lat="46.7817" lon="8.03521">
        <ele>1854.65</ele>
        <time>2026-05-04T03:26:11.6110000+00:00</time>
      </trkpt>
      <trkpt lat="46.78165" lon="8.03524">
        <ele>1852.25</ele>
        <time>2026-05-04T03:26:22.6210000+00:00</time>
      </trkpt>
      <trkpt lat="46.78163" lon="8.03531">
        <ele>1852.22</ele>
        <time>2026-05-04T03:26:33.1990000+00:00</time>
      </trkpt>
      <trkpt lat="46.78163" lon="8.0354">
        <ele>1853.63</ele>
        <time>2026-05-04T03:26:45.7510000+00:00</time>
      </trkpt>
      <trkpt lat="46.78163" lon="8.03546">
        <ele>1854.58</ele>
        <time>2026-05-04T03:26:54.1200000+00:00</time>
      </trkpt>
      <trkpt lat="46.78162" lon="8.03547">
        <ele>1854.19</ele>
        <time>2026-05-04T03:26:56.5790000+00:00</time>
      </trkpt>
      <trkpt lat="46.78159" lon="8.0355">
        <ele>1853.05</ele>
        <time>2026-05-04T03:27:03.9860000+00:00</time>
      </trkpt>
      <trkpt lat="46.78155" lon="8.0355">
        <ele>1850.89</ele>
        <time>2026-05-04T03:27:12.1350000+00:00</time>
      </trkpt>
      <trkpt lat="46.78149" lon="8.03555">
        <ele>1848.52</ele>
        <time>2026-05-04T03:27:26.2060000+00:00</time>
      </trkpt>
      <trkpt lat="46.78146" lon="8.03561">
        <ele>1847.98</ele>
        <time>2026-05-04T03:27:36.5670000+00:00</time>
      </trkpt>
      <trkpt lat="46.78144" lon="8.03565">
        <ele>1847.65</ele>
        <time>2026-05-04T03:27:43.4750000+00:00</time>
      </trkpt>
      <trkpt lat="46.78142" lon="8.03569">
        <ele>1847.33</ele>
        <time>2026-05-04T03:27:50.3830000+00:00</time>
      </trkpt>
      <trkpt lat="46.78146" lon="8.0357">
        <ele>1849.57</ele>
        <time>2026-05-04T03:27:58.6470000+00:00</time>
      </trkpt>
      <trkpt lat="46.78152" lon="8.03572">
        <ele>1853.01</ele>
        <time>2026-05-04T03:28:11.1820000+00:00</time>
      </trkpt>
      <trkpt lat="46.78157" lon="8.03576">
        <ele>1856.24</ele>
        <time>2026-05-04T03:28:22.7940000+00:00</time>
      </trkpt>
      <trkpt lat="46.78164" lon="8.0358">
        <ele>1860.43</ele>
        <time>2026-05-04T03:28:38.1040000+00:00</time>
      </trkpt>
      <trkpt lat="46.78169" lon="8.03582">
        <ele>1863.17</ele>
        <time>2026-05-04T03:28:48.6640000+00:00</time>
      </trkpt>
      <trkpt lat="46.78175" lon="8.03584">
        <ele>1866.41</ele>
        <time>2026-05-04T03:29:01.1990000+00:00</time>
      </trkpt>
      <trkpt lat="46.78178" lon="8.03584">
        <ele>1867.93</ele>
        <time>2026-05-04T03:29:07.3130000+00:00</time>
      </trkpt>
      <trkpt lat="46.78179" lon="8.03585">
        <ele>1868.54</ele>
        <time>2026-05-04T03:29:09.7780000+00:00</time>
      </trkpt>
      <trkpt lat="46.78181" lon="8.03586">
        <ele>1869.66</ele>
        <time>2026-05-04T03:29:14.0800000+00:00</time>
      </trkpt>
      <trkpt lat="46.78184" lon="8.03587">
        <ele>1871.29</ele>
        <time>2026-05-04T03:29:20.3460000+00:00</time>
      </trkpt>
      <trkpt lat="46.78188" lon="8.03588">
        <ele>1873.68</ele>
        <time>2026-05-04T03:29:28.6110000+00:00</time>
      </trkpt>
      <trkpt lat="46.78192" lon="8.03588">
        <ele>1876.04</ele>
        <time>2026-05-04T03:29:36.7580000+00:00</time>
      </trkpt>
      <trkpt lat="46.78194" lon="8.03588">
        <ele>1877.21</ele>
        <time>2026-05-04T03:29:40.8290000+00:00</time>
      </trkpt>
      <trkpt lat="46.78195" lon="8.03589">
        <ele>1877.91</ele>
        <time>2026-05-04T03:29:43.3010000+00:00</time>
      </trkpt>
      <trkpt lat="46.78195" lon="8.0359">
        <ele>1878.02</ele>
        <time>2026-05-04T03:29:44.7030000+00:00</time>
      </trkpt>
      <trkpt lat="46.78196" lon="8.03601">
        <ele>1879.8</ele>
        <time>2026-05-04T03:30:00.1810000+00:00</time>
      </trkpt>
      <trkpt lat="46.78196" lon="8.03608">
        <ele>1880.55</ele>
        <time>2026-05-04T03:30:09.9440000+00:00</time>
      </trkpt>
      <trkpt lat="46.78198" lon="8.03616">
        <ele>1882.59</ele>
        <time>2026-05-04T03:30:21.8230000+00:00</time>
      </trkpt>
      <trkpt lat="46.782" lon="8.03623">
        <ele>1884.53</ele>
        <time>2026-05-04T03:30:32.4040000+00:00</time>
      </trkpt>
      <trkpt lat="46.782" lon="8.03629">
        <ele>1885.18</ele>
        <time>2026-05-04T03:30:40.7740000+00:00</time>
      </trkpt>
      <trkpt lat="46.78201" lon="8.0364">
        <ele>1886.95</ele>
        <time>2026-05-04T03:30:56.2520000+00:00</time>
      </trkpt>
      <trkpt lat="46.78201" lon="8.03647">
        <ele>1887.71</ele>
        <time>2026-05-04T03:31:06.0150000+00:00</time>
      </trkpt>
      <trkpt lat="46.78198" lon="8.03663">
        <ele>1887.67</ele>
        <time>2026-05-04T03:31:29.1530000+00:00</time>
      </trkpt>
      <trkpt lat="46.78196" lon="8.03677">
        <ele>1885.68</ele>
        <time>2026-05-04T03:31:49.1010000+00:00</time>
      </trkpt>
      <trkpt lat="46.78197" lon="8.03684">
        <ele>1885.83</ele>
        <time>2026-05-04T03:31:59.0730000+00:00</time>
      </trkpt>
      <trkpt lat="46.78198" lon="8.03692">
        <ele>1885.95</ele>
        <time>2026-05-04T03:32:10.4150000+00:00</time>
      </trkpt>
      <trkpt lat="46.78199" lon="8.03695">
        <ele>1886.4</ele>
        <time>2026-05-04T03:32:15.0680000+00:00</time>
      </trkpt>
      <trkpt lat="46.78202" lon="8.03703">
        <ele>1887.86</ele>
        <time>2026-05-04T03:32:27.7900000+00:00</time>
      </trkpt>
      <trkpt lat="46.78204" lon="8.03709">
        <ele>1888.84</ele>
        <time>2026-05-04T03:32:37.0970000+00:00</time>
      </trkpt>
      <trkpt lat="46.78208" lon="8.03716">
        <ele>1891.15</ele>
        <time>2026-05-04T03:32:49.8130000+00:00</time>
      </trkpt>
      <trkpt lat="46.78211" lon="8.03724">
        <ele>1892.82</ele>
        <time>2026-05-04T03:33:02.5350000+00:00</time>
      </trkpt>
      <trkpt lat="46.78213" lon="8.03733">
        <ele>1893.83</ele>
        <time>2026-05-04T03:33:15.7330000+00:00</time>
      </trkpt>
      <trkpt lat="46.78215" lon="8.03737">
        <ele>1895.09</ele>
        <time>2026-05-04T03:33:22.6460000+00:00</time>
      </trkpt>
      <trkpt lat="46.78216" lon="8.0374">
        <ele>1895.69</ele>
        <time>2026-05-04T03:33:27.2990000+00:00</time>
      </trkpt>
      <trkpt lat="46.7822" lon="8.03744">
        <ele>1898.41</ele>
        <time>2026-05-04T03:33:37.1730000+00:00</time>
      </trkpt>
      <trkpt lat="46.78225" lon="8.03751">
        <ele>1901.99</ele>
        <time>2026-05-04T03:33:51.2810000+00:00</time>
      </trkpt>
      <trkpt lat="46.7823" lon="8.03758">
        <ele>1905.66</ele>
        <time>2026-05-04T03:34:05.3900000+00:00</time>
      </trkpt>
      <trkpt lat="46.78233" lon="8.03765">
        <ele>1907.88</ele>
        <time>2026-05-04T03:34:16.9080000+00:00</time>
      </trkpt>
      <trkpt lat="46.78235" lon="8.03771">
        <ele>1909.37</ele>
        <time>2026-05-04T03:34:26.2160000+00:00</time>
      </trkpt>
      <trkpt lat="46.78236" lon="8.03775">
        <ele>1910.12</ele>
        <time>2026-05-04T03:34:32.1570000+00:00</time>
      </trkpt>
      <trkpt lat="46.78238" lon="8.03779">
        <ele>1911.58</ele>
        <time>2026-05-04T03:34:39.0650000+00:00</time>
      </trkpt>
      <trkpt lat="46.78242" lon="8.03788">
        <ele>1914.49</ele>
        <time>2026-05-04T03:34:54.0300000+00:00</time>
      </trkpt>
      <trkpt lat="46.78244" lon="8.03795">
        <ele>1915.96</ele>
        <time>2026-05-04T03:35:04.6100000+00:00</time>
      </trkpt>
      <trkpt lat="46.78245" lon="8.03799">
        <ele>1916.69</ele>
        <time>2026-05-04T03:35:10.5480000+00:00</time>
      </trkpt>
      <trkpt lat="46.78245" lon="8.03803">
        <ele>1916.72</ele>
        <time>2026-05-04T03:35:16.1290000+00:00</time>
      </trkpt>
      <trkpt lat="46.78246" lon="8.03807">
        <ele>1917.45</ele>
        <time>2026-05-04T03:35:22.0670000+00:00</time>
      </trkpt>
      <trkpt lat="46.78246" lon="8.03808">
        <ele>1917.46</ele>
        <time>2026-05-04T03:35:23.4580000+00:00</time>
      </trkpt>
      <trkpt lat="46.78247" lon="8.03809">
        <ele>1918.17</ele>
        <time>2026-05-04T03:35:25.9300000+00:00</time>
      </trkpt>
      <trkpt lat="46.78248" lon="8.03809">
        <ele>1918.87</ele>
        <time>2026-05-04T03:35:27.9580000+00:00</time>
      </trkpt>
      <trkpt lat="46.78249" lon="8.03808">
        <ele>1919.57</ele>
        <time>2026-05-04T03:35:30.4170000+00:00</time>
      </trkpt>
      <trkpt lat="46.7825" lon="8.03805">
        <ele>1920.25</ele>
        <time>2026-05-04T03:35:35.0710000+00:00</time>
      </trkpt>
      <trkpt lat="46.78251" lon="8.03799">
        <ele>1920.93</ele>
        <time>2026-05-04T03:35:43.6850000+00:00</time>
      </trkpt>
      <trkpt lat="46.78251" lon="8.0379">
        <ele>1920.88</ele>
        <time>2026-05-04T03:35:56.2390000+00:00</time>
      </trkpt>
      <trkpt lat="46.78251" lon="8.03783">
        <ele>1920.85</ele>
        <time>2026-05-04T03:36:06.0020000+00:00</time>
      </trkpt>
      <trkpt lat="46.78251" lon="8.0378">
        <ele>1920.83</ele>
        <time>2026-05-04T03:36:10.1900000+00:00</time>
      </trkpt>
      <trkpt lat="46.78251" lon="8.03774">
        <ele>1920.8</ele>
        <time>2026-05-04T03:36:18.5590000+00:00</time>
      </trkpt>
      <trkpt lat="46.78252" lon="8.03759">
        <ele>1921.45</ele>
        <time>2026-05-04T03:36:39.5790000+00:00</time>
      </trkpt>
      <trkpt lat="46.78256" lon="8.03741">
        <ele>1924.1</ele>
        <time>2026-05-04T03:37:05.9740000+00:00</time>
      </trkpt>
      <trkpt lat="46.78261" lon="8.03723">
        <ele>1927</ele>
        <time>2026-05-04T03:37:33.0670000+00:00</time>
      </trkpt>
      <trkpt lat="46.78262" lon="8.0372">
        <ele>1927.57</ele>
        <time>2026-05-04T03:37:37.7200000+00:00</time>
      </trkpt>
      <trkpt lat="46.78264" lon="8.0372">
        <ele>1928.92</ele>
        <time>2026-05-04T03:37:41.7950000+00:00</time>
      </trkpt>
      <trkpt lat="46.78265" lon="8.03722">
        <ele>1929.69</ele>
        <time>2026-05-04T03:37:45.2470000+00:00</time>
      </trkpt>
      <trkpt lat="46.78266" lon="8.03722">
        <ele>1930.37</ele>
        <time>2026-05-04T03:37:47.2890000+00:00</time>
      </trkpt>
      <trkpt lat="46.78268" lon="8.03719">
        <ele>1931.59</ele>
        <time>2026-05-04T03:37:53.1270000+00:00</time>
      </trkpt>
      <trkpt lat="46.78267" lon="8.03717">
        <ele>1930.82</ele>
        <time>2026-05-04T03:37:56.5840000+00:00</time>
      </trkpt>
      <trkpt lat="46.78267" lon="8.03715">
        <ele>1930.72</ele>
        <time>2026-05-04T03:37:59.3770000+00:00</time>
      </trkpt>
      <trkpt lat="46.78267" lon="8.03711">
        <ele>1930.54</ele>
        <time>2026-05-04T03:38:04.9580000+00:00</time>
      </trkpt>
      <trkpt lat="46.78268" lon="8.03706">
        <ele>1930.96</ele>
        <time>2026-05-04T03:38:12.2240000+00:00</time>
      </trkpt>
      <trkpt lat="46.78269" lon="8.037">
        <ele>1931.21</ele>
        <time>2026-05-04T03:38:20.8370000+00:00</time>
      </trkpt>
      <trkpt lat="46.78268" lon="8.03698">
        <ele>1930.58</ele>
        <time>2026-05-04T03:38:24.2890000+00:00</time>
      </trkpt>
      <trkpt lat="46.78267" lon="8.03694">
        <ele>1929.75</ele>
        <time>2026-05-04T03:38:30.2270000+00:00</time>
      </trkpt>
      <trkpt lat="46.78266" lon="8.03692">
        <ele>1929.03</ele>
        <time>2026-05-04T03:38:33.6840000+00:00</time>
      </trkpt>
      <trkpt lat="46.78266" lon="8.03688">
        <ele>1928.85</ele>
        <time>2026-05-04T03:38:39.2650000+00:00</time>
      </trkpt>
      <trkpt lat="46.78266" lon="8.03686">
        <ele>1928.76</ele>
        <time>2026-05-04T03:38:42.0580000+00:00</time>
      </trkpt>
      <trkpt lat="46.78265" lon="8.0368">
        <ele>1927.88</ele>
        <time>2026-05-04T03:38:50.6720000+00:00</time>
      </trkpt>
      <trkpt lat="46.78264" lon="8.03672">
        <ele>1926.93</ele>
        <time>2026-05-04T03:39:02.0150000+00:00</time>
      </trkpt>
      <trkpt lat="46.78264" lon="8.03666">
        <ele>1926.68</ele>
        <time>2026-05-04T03:39:10.3840000+00:00</time>
      </trkpt>
      <trkpt lat="46.78264" lon="8.03663">
        <ele>1926.52</ele>
        <time>2026-05-04T03:39:14.5720000+00:00</time>
      </trkpt>
      <trkpt lat="46.78264" lon="8.03659">
        <ele>1926.08</ele>
        <time>2026-05-04T03:39:20.1530000+00:00</time>
      </trkpt>
      <trkpt lat="46.78266" lon="8.03653">
        <ele>1926.61</ele>
        <time>2026-05-04T03:39:29.4610000+00:00</time>
      </trkpt>
      <trkpt lat="46.78267" lon="8.03646">
        <ele>1926.44</ele>
        <time>2026-05-04T03:39:39.4360000+00:00</time>
      </trkpt>
      <trkpt lat="46.78268" lon="8.03641">
        <ele>1926.49</ele>
        <time>2026-05-04T03:39:46.7020000+00:00</time>
      </trkpt>
      <trkpt lat="46.7827" lon="8.03636">
        <ele>1926.94</ele>
        <time>2026-05-04T03:39:54.7800000+00:00</time>
      </trkpt>
      <trkpt lat="46.78273" lon="8.0363">
        <ele>1927.76</ele>
        <time>2026-05-04T03:40:05.1430000+00:00</time>
      </trkpt>
      <trkpt lat="46.78275" lon="8.03626">
        <ele>1928.32</ele>
        <time>2026-05-04T03:40:12.0510000+00:00</time>
      </trkpt>
      <trkpt lat="46.78278" lon="8.03621">
        <ele>1929.27</ele>
        <time>2026-05-04T03:40:21.3220000+00:00</time>
      </trkpt>
      <trkpt lat="46.78281" lon="8.03616">
        <ele>1930.22</ele>
        <time>2026-05-04T03:40:30.5940000+00:00</time>
      </trkpt>
      <trkpt lat="46.78282" lon="8.03612">
        <ele>1930.3</ele>
        <time>2026-05-04T03:40:36.5320000+00:00</time>
      </trkpt>
      <trkpt lat="46.78284" lon="8.0361">
        <ele>1931.08</ele>
        <time>2026-05-04T03:40:41.4690000+00:00</time>
      </trkpt>
      <trkpt lat="46.78286" lon="8.03608">
        <ele>1931.87</ele>
        <time>2026-05-04T03:40:46.4070000+00:00</time>
      </trkpt>
      <trkpt lat="46.7829" lon="8.03604">
        <ele>1933.45</ele>
        <time>2026-05-04T03:40:56.2810000+00:00</time>
      </trkpt>
      <trkpt lat="46.78292" lon="8.036">
        <ele>1934.04</ele>
        <time>2026-05-04T03:41:03.1890000+00:00</time>
      </trkpt>
      <trkpt lat="46.78292" lon="8.03598">
        <ele>1933.84</ele>
        <time>2026-05-04T03:41:05.9820000+00:00</time>
      </trkpt>
      <trkpt lat="46.78293" lon="8.03595">
        <ele>1934.03</ele>
        <time>2026-05-04T03:41:10.6350000+00:00</time>
      </trkpt>
      <trkpt lat="46.78293" lon="8.03588">
        <ele>1933.33</ele>
        <time>2026-05-04T03:41:20.3980000+00:00</time>
      </trkpt>
      <trkpt lat="46.78293" lon="8.03584">
        <ele>1932.92</ele>
        <time>2026-05-04T03:41:25.9790000+00:00</time>
      </trkpt>
      <trkpt lat="46.78296" lon="8.03578">
        <ele>1934.02</ele>
        <time>2026-05-04T03:41:36.3410000+00:00</time>
      </trkpt>
      <trkpt lat="46.78296" lon="8.03576">
        <ele>1933.98</ele>
        <time>2026-05-04T03:41:39.1230000+00:00</time>
      </trkpt>
      <trkpt lat="46.78299" lon="8.03577">
        <ele>1935.53</ele>
        <time>2026-05-04T03:41:45.3880000+00:00</time>
      </trkpt>
      <trkpt lat="46.783" lon="8.03578">
        <ele>1936.06</ele>
        <time>2026-05-04T03:41:47.8540000+00:00</time>
      </trkpt>
      <trkpt lat="46.78301" lon="8.03581">
        <ele>1936.65</ele>
        <time>2026-05-04T03:41:52.5070000+00:00</time>
      </trkpt>
      <trkpt lat="46.78301" lon="8.0358">
        <ele>1936.59</ele>
        <time>2026-05-04T03:41:53.8980000+00:00</time>
      </trkpt>
      <trkpt lat="46.78303" lon="8.03577">
        <ele>1937.58</ele>
        <time>2026-05-04T03:41:59.7390000+00:00</time>
      </trkpt>
      <trkpt lat="46.78306" lon="8.03572">
        <ele>1939.1</ele>
        <time>2026-05-04T03:42:09.0110000+00:00</time>
      </trkpt>
      <trkpt lat="46.78307" lon="8.0357">
        <ele>1939.63</ele>
        <time>2026-05-04T03:42:12.4630000+00:00</time>
      </trkpt>
      <trkpt lat="46.78308" lon="8.03565">
        <ele>1940.16</ele>
        <time>2026-05-04T03:42:19.7300000+00:00</time>
      </trkpt>
      <trkpt lat="46.78309" lon="8.03561">
        <ele>1940.72</ele>
        <time>2026-05-04T03:42:25.6700000+00:00</time>
      </trkpt>
      <trkpt lat="46.78312" lon="8.03558">
        <ele>1942.37</ele>
        <time>2026-05-04T03:42:33.0770000+00:00</time>
      </trkpt>
      <trkpt lat="46.78314" lon="8.03555">
        <ele>1943.5</ele>
        <time>2026-05-04T03:42:38.9170000+00:00</time>
      </trkpt>
      <trkpt lat="46.78316" lon="8.03555">
        <ele>1944.61</ele>
        <time>2026-05-04T03:42:42.9960000+00:00</time>
      </trkpt>
      <trkpt lat="46.78317" lon="8.03556">
        <ele>1945.14</ele>
        <time>2026-05-04T03:42:45.4670000+00:00</time>
      </trkpt>
      <trkpt lat="46.78318" lon="8.03558">
        <ele>1945.65</ele>
        <time>2026-05-04T03:42:48.9190000+00:00</time>
      </trkpt>
      <trkpt lat="46.78318" lon="8.03565">
        <ele>1945.5</ele>
        <time>2026-05-04T03:42:58.6820000+00:00</time>
      </trkpt>
      <trkpt lat="46.7832" lon="8.03569">
        <ele>1946.46</ele>
        <time>2026-05-04T03:43:05.5900000+00:00</time>
      </trkpt>
      <trkpt lat="46.78321" lon="8.03571">
        <ele>1946.93</ele>
        <time>2026-05-04T03:43:09.0420000+00:00</time>
      </trkpt>
      <trkpt lat="46.78321" lon="8.03575">
        <ele>1946.82</ele>
        <time>2026-05-04T03:43:14.6180000+00:00</time>
      </trkpt>
      <trkpt lat="46.7832" lon="8.03577">
        <ele>1946.26</ele>
        <time>2026-05-04T03:43:18.0700000+00:00</time>
      </trkpt>
      <trkpt lat="46.78318" lon="8.03579">
        <ele>1945.19</ele>
        <time>2026-05-04T03:43:23.0070000+00:00</time>
      </trkpt>
      <trkpt lat="46.78318" lon="8.03584">
        <ele>1945.51</ele>
        <time>2026-05-04T03:43:29.9800000+00:00</time>
      </trkpt>
      <trkpt lat="46.78318" lon="8.03586">
        <ele>1945.69</ele>
        <time>2026-05-04T03:43:32.7730000+00:00</time>
      </trkpt>
      <trkpt lat="46.78318" lon="8.03588">
        <ele>1945.88</ele>
        <time>2026-05-04T03:43:35.5670000+00:00</time>
      </trkpt>
      <trkpt lat="46.7832" lon="8.0359">
        <ele>1947.07</ele>
        <time>2026-05-04T03:43:40.5040000+00:00</time>
      </trkpt>
      <trkpt lat="46.7832" lon="8.03592">
        <ele>1947.26</ele>
        <time>2026-05-04T03:43:43.2970000+00:00</time>
      </trkpt>
      <trkpt lat="46.7832" lon="8.03594">
        <ele>1947.45</ele>
        <time>2026-05-04T03:43:46.0900000+00:00</time>
      </trkpt>
      <trkpt lat="46.7832" lon="8.03597">
        <ele>1947.72</ele>
        <time>2026-05-04T03:43:50.2750000+00:00</time>
      </trkpt>
      <trkpt lat="46.7832" lon="8.036">
        <ele>1948</ele>
        <time>2026-05-04T03:43:54.4590000+00:00</time>
      </trkpt>
      <trkpt lat="46.78322" lon="8.03603">
        <ele>1949.28</ele>
        <time>2026-05-04T03:44:00.3000000+00:00</time>
      </trkpt>
      <trkpt lat="46.78323" lon="8.03606">
        <ele>1950.05</ele>
        <time>2026-05-04T03:44:04.9530000+00:00</time>
      </trkpt>
      <trkpt lat="46.78323" lon="8.03609">
        <ele>1950.33</ele>
        <time>2026-05-04T03:44:09.1410000+00:00</time>
      </trkpt>
      <trkpt lat="46.78323" lon="8.03612">
        <ele>1950.61</ele>
        <time>2026-05-04T03:44:13.3290000+00:00</time>
      </trkpt>
      <trkpt lat="46.78323" lon="8.03616">
        <ele>1950.98</ele>
        <time>2026-05-04T03:44:18.9100000+00:00</time>
      </trkpt>
      <trkpt lat="46.78323" lon="8.03618">
        <ele>1951.16</ele>
        <time>2026-05-04T03:44:21.7030000+00:00</time>
      </trkpt>
      <trkpt lat="46.78321" lon="8.03622">
        <ele>1950.55</ele>
        <time>2026-05-04T03:44:28.6110000+00:00</time>
      </trkpt>
      <trkpt lat="46.7832" lon="8.03625">
        <ele>1950.33</ele>
        <time>2026-05-04T03:44:33.2650000+00:00</time>
      </trkpt>
      <trkpt lat="46.78321" lon="8.03628">
        <ele>1951.1</ele>
        <time>2026-05-04T03:44:37.9180000+00:00</time>
      </trkpt>
      <trkpt lat="46.78321" lon="8.03633">
        <ele>1951.57</ele>
        <time>2026-05-04T03:44:44.8910000+00:00</time>
      </trkpt>
      <trkpt lat="46.78322" lon="8.03638">
        <ele>1952.52</ele>
        <time>2026-05-04T03:44:52.1560000+00:00</time>
      </trkpt>
      <trkpt lat="46.78321" lon="8.03641">
        <ele>1952.31</ele>
        <time>2026-05-04T03:44:56.8090000+00:00</time>
      </trkpt>
      <trkpt lat="46.78322" lon="8.03643">
        <ele>1952.98</ele>
        <time>2026-05-04T03:45:00.2610000+00:00</time>
      </trkpt>
      <trkpt lat="46.78323" lon="8.03645">
        <ele>1953.65</ele>
        <time>2026-05-04T03:45:03.7170000+00:00</time>
      </trkpt>
      <trkpt lat="46.78323" lon="8.0365">
        <ele>1954.11</ele>
        <time>2026-05-04T03:45:10.6920000+00:00</time>
      </trkpt>
      <trkpt lat="46.78322" lon="8.03655">
        <ele>1954.09</ele>
        <time>2026-05-04T03:45:17.9590000+00:00</time>
      </trkpt>
      <trkpt lat="46.78323" lon="8.03657">
        <ele>1954.76</ele>
        <time>2026-05-04T03:45:21.4150000+00:00</time>
      </trkpt>
      <trkpt lat="46.78324" lon="8.03659">
        <ele>1955.43</ele>
        <time>2026-05-04T03:45:24.8670000+00:00</time>
      </trkpt>
      <trkpt lat="46.78325" lon="8.03664">
        <ele>1956.37</ele>
        <time>2026-05-04T03:45:32.1330000+00:00</time>
      </trkpt>
      <trkpt lat="46.78326" lon="8.03668">
        <ele>1957.31</ele>
        <time>2026-05-04T03:45:38.0740000+00:00</time>
      </trkpt>
      <trkpt lat="46.78326" lon="8.03669">
        <ele>1957.43</ele>
        <time>2026-05-04T03:45:39.4650000+00:00</time>
      </trkpt>
      <trkpt lat="46.78327" lon="8.03676">
        <ele>1958.73</ele>
        <time>2026-05-04T03:45:49.4400000+00:00</time>
      </trkpt>
      <trkpt lat="46.78329" lon="8.03683">
        <ele>1960.55</ele>
        <time>2026-05-04T03:46:00.0180000+00:00</time>
      </trkpt>
      <trkpt lat="46.78329" lon="8.03687">
        <ele>1961.02</ele>
        <time>2026-05-04T03:46:05.5960000+00:00</time>
      </trkpt>
      <trkpt lat="46.78329" lon="8.0369">
        <ele>1961.37</ele>
        <time>2026-05-04T03:46:09.7810000+00:00</time>
      </trkpt>
      <trkpt lat="46.78328" lon="8.03696">
        <ele>1961.57</ele>
        <time>2026-05-04T03:46:18.3920000+00:00</time>
      </trkpt>
      <trkpt lat="46.78326" lon="8.03699">
        <ele>1960.87</ele>
        <time>2026-05-04T03:46:24.2320000+00:00</time>
      </trkpt>
      <trkpt lat="46.78326" lon="8.03702">
        <ele>1961.22</ele>
        <time>2026-05-04T03:46:28.4200000+00:00</time>
      </trkpt>
      <trkpt lat="46.78326" lon="8.03704">
        <ele>1961.45</ele>
        <time>2026-05-04T03:46:31.2140000+00:00</time>
      </trkpt>
      <trkpt lat="46.78327" lon="8.03707">
        <ele>1962.32</ele>
        <time>2026-05-04T03:46:35.8700000+00:00</time>
      </trkpt>
      <trkpt lat="46.78328" lon="8.0371">
        <ele>1963.21</ele>
        <time>2026-05-04T03:46:40.5230000+00:00</time>
      </trkpt>
      <trkpt lat="46.78328" lon="8.03713">
        <ele>1963.56</ele>
        <time>2026-05-04T03:46:44.7040000+00:00</time>
      </trkpt>
      <trkpt lat="46.78327" lon="8.03717">
        <ele>1963.48</ele>
        <time>2026-05-04T03:46:50.6420000+00:00</time>
      </trkpt>
      <trkpt lat="46.78327" lon="8.03722">
        <ele>1964.06</ele>
        <time>2026-05-04T03:46:57.6160000+00:00</time>
      </trkpt>
      <trkpt lat="46.78329" lon="8.03731">
        <ele>1966.22</ele>
        <time>2026-05-04T03:47:10.8130000+00:00</time>
      </trkpt>
      <trkpt lat="46.78333" lon="8.03738">
        <ele>1969.32</ele>
        <time>2026-05-04T03:47:23.5300000+00:00</time>
      </trkpt>
      <trkpt lat="46.78337" lon="8.03745">
        <ele>1972.47</ele>
        <time>2026-05-04T03:47:36.2470000+00:00</time>
      </trkpt>
      <trkpt lat="46.78341" lon="8.03755">
        <ele>1975.53</ele>
        <time>2026-05-04T03:47:52.4010000+00:00</time>
      </trkpt>
      <trkpt lat="46.78345" lon="8.03765">
        <ele>1978.53</ele>
        <time>2026-05-04T03:48:08.5550000+00:00</time>
      </trkpt>
      <trkpt lat="46.78349" lon="8.03772">
        <ele>1981.39</ele>
        <time>2026-05-04T03:48:21.2720000+00:00</time>
      </trkpt>
      <trkpt lat="46.78349" lon="8.0378">
        <ele>1981.95</ele>
        <time>2026-05-04T03:48:32.4310000+00:00</time>
      </trkpt>
      <trkpt lat="46.78348" lon="8.03787">
        <ele>1981.83</ele>
        <time>2026-05-04T03:48:42.4060000+00:00</time>
      </trkpt>
      <trkpt lat="46.78348" lon="8.03793">
        <ele>1982.24</ele>
        <time>2026-05-04T03:48:50.7790000+00:00</time>
      </trkpt>
      <trkpt lat="46.78349" lon="8.03805">
        <ele>1983.7</ele>
        <time>2026-05-04T03:49:07.6410000+00:00</time>
      </trkpt>
      <trkpt lat="46.7835" lon="8.03817">
        <ele>1985.18</ele>
        <time>2026-05-04T03:49:24.5010000+00:00</time>
      </trkpt>
      <trkpt lat="46.78352" lon="8.03825">
        <ele>1987.02</ele>
        <time>2026-05-04T03:49:36.3800000+00:00</time>
      </trkpt>
      <trkpt lat="46.78354" lon="8.03832">
        <ele>1988.64</ele>
        <time>2026-05-04T03:49:46.9580000+00:00</time>
      </trkpt>
      <trkpt lat="46.78356" lon="8.03838">
        <ele>1989.88</ele>
        <time>2026-05-04T03:49:56.2670000+00:00</time>
      </trkpt>
      <trkpt lat="46.78357" lon="8.03847">
        <ele>1990.5</ele>
        <time>2026-05-04T03:50:08.9850000+00:00</time>
      </trkpt>
      <trkpt lat="46.78359" lon="8.03855">
        <ele>1991.74</ele>
        <time>2026-05-04T03:50:20.8630000+00:00</time>
      </trkpt>
      <trkpt lat="46.78362" lon="8.03865">
        <ele>1993.58</ele>
        <time>2026-05-04T03:50:36.0910000+00:00</time>
      </trkpt>
      <trkpt lat="46.78364" lon="8.0387">
        <ele>1994.81</ele>
        <time>2026-05-04T03:50:44.1700000+00:00</time>
      </trkpt>
      <trkpt lat="46.78366" lon="8.03876">
        <ele>1996.04</ele>
        <time>2026-05-04T03:50:53.4800000+00:00</time>
      </trkpt>
      <trkpt lat="46.7837" lon="8.0388">
        <ele>1998.5</ele>
        <time>2026-05-04T03:51:03.3540000+00:00</time>
      </trkpt>
      <trkpt lat="46.78378" lon="8.03891">
        <ele>2003.39</ele>
        <time>2026-05-04T03:51:25.7340000+00:00</time>
      </trkpt>
      <trkpt lat="46.78381" lon="8.03898">
        <ele>2005.21</ele>
        <time>2026-05-04T03:51:37.2510000+00:00</time>
      </trkpt>
      <trkpt lat="46.78381" lon="8.03905">
        <ele>2005.18</ele>
        <time>2026-05-04T03:51:47.0130000+00:00</time>
      </trkpt>
      <trkpt lat="46.7838" lon="8.03911">
        <ele>2004.54</ele>
        <time>2026-05-04T03:51:55.6240000+00:00</time>
      </trkpt>
      <trkpt lat="46.78377" lon="8.03914">
        <ele>2002.8</ele>
        <time>2026-05-04T03:52:03.0280000+00:00</time>
      </trkpt>
      <trkpt lat="46.78372" lon="8.03915">
        <ele>1999.91</ele>
        <time>2026-05-04T03:52:13.3080000+00:00</time>
      </trkpt>
      <trkpt lat="46.78367" lon="8.03918">
        <ele>1997.38</ele>
        <time>2026-05-04T03:52:24.3170000+00:00</time>
      </trkpt>
      <trkpt lat="46.78364" lon="8.03925">
        <ele>1996.81</ele>
        <time>2026-05-04T03:52:35.8340000+00:00</time>
      </trkpt>
      <trkpt lat="46.78361" lon="8.0394">
        <ele>1997.75</ele>
        <time>2026-05-04T03:52:57.6290000+00:00</time>
      </trkpt>
      <trkpt lat="46.78361" lon="8.03951">
        <ele>1999.75</ele>
        <time>2026-05-04T03:53:12.9720000+00:00</time>
      </trkpt>
      <trkpt lat="46.78362" lon="8.03959">
        <ele>2001.78</ele>
        <time>2026-05-04T03:53:24.3150000+00:00</time>
      </trkpt>
      <trkpt lat="46.78362" lon="8.03965">
        <ele>2002.87</ele>
        <time>2026-05-04T03:53:32.6860000+00:00</time>
      </trkpt>
      <trkpt lat="46.78362" lon="8.03971">
        <ele>2003.96</ele>
        <time>2026-05-04T03:53:41.0570000+00:00</time>
      </trkpt>
      <trkpt lat="46.78363" lon="8.03973">
        <ele>2004.87</ele>
        <time>2026-05-04T03:53:44.5170000+00:00</time>
      </trkpt>
      <trkpt lat="46.78365" lon="8.03972">
        <ele>2005.8</ele>
        <time>2026-05-04T03:53:48.8230000+00:00</time>
      </trkpt>
      <trkpt lat="46.7837" lon="8.03985">
        <ele>2010.82</ele>
        <time>2026-05-04T03:54:09.6180000+00:00</time>
      </trkpt>
      <trkpt lat="46.78367" lon="8.0399">
        <ele>2010.08</ele>
        <time>2026-05-04T03:54:18.8890000+00:00</time>
      </trkpt>
      <trkpt lat="46.78364" lon="8.0399">
        <ele>2008.48</ele>
        <time>2026-05-04T03:54:24.9980000+00:00</time>
      </trkpt>
      <trkpt lat="46.78361" lon="8.03994">
        <ele>2007.6</ele>
        <time>2026-05-04T03:54:33.2720000+00:00</time>
      </trkpt>
      <trkpt lat="46.78355" lon="8.04015">
        <ele>2008.84</ele>
        <time>2026-05-04T03:55:05.0100000+00:00</time>
      </trkpt>
      <trkpt lat="46.78355" lon="8.04026">
        <ele>2011.2</ele>
        <time>2026-05-04T03:55:20.3500000+00:00</time>
      </trkpt>
      <trkpt lat="46.78354" lon="8.04031">
        <ele>2011.76</ele>
        <time>2026-05-04T03:55:27.6170000+00:00</time>
      </trkpt>
      <trkpt lat="46.7835" lon="8.04053">
        <ele>2014.47</ele>
        <time>2026-05-04T03:55:59.3640000+00:00</time>
      </trkpt>
      <trkpt lat="46.78348" lon="8.04065">
        <ele>2016.04</ele>
        <time>2026-05-04T03:56:16.5900000+00:00</time>
      </trkpt>
      <trkpt lat="46.78348" lon="8.04071">
        <ele>2017.33</ele>
        <time>2026-05-04T03:56:24.9620000+00:00</time>
      </trkpt>
      <trkpt lat="46.78347" lon="8.04076">
        <ele>2017.89</ele>
        <time>2026-05-04T03:56:32.2290000+00:00</time>
      </trkpt>
      <trkpt lat="46.78347" lon="8.0409">
        <ele>2020.66</ele>
        <time>2026-05-04T03:56:51.7550000+00:00</time>
      </trkpt>
      <trkpt lat="46.78349" lon="8.041">
        <ele>2023.61</ele>
        <time>2026-05-04T03:57:06.2860000+00:00</time>
      </trkpt>
      <trkpt lat="46.78349" lon="8.04115">
        <ele>2026.48</ele>
        <time>2026-05-04T03:57:27.2080000+00:00</time>
      </trkpt>
      <trkpt lat="46.78348" lon="8.04122">
        <ele>2027.28</ele>
        <time>2026-05-04T03:57:37.1820000+00:00</time>
      </trkpt>
      <trkpt lat="46.78345" lon="8.0413">
        <ele>2027.19</ele>
        <time>2026-05-04T03:57:49.9040000+00:00</time>
      </trkpt>
      <trkpt lat="46.78345" lon="8.04136">
        <ele>2028.33</ele>
        <time>2026-05-04T03:57:58.2730000+00:00</time>
      </trkpt>
      <trkpt lat="46.78346" lon="8.04138">
        <ele>2029.25</ele>
        <time>2026-05-04T03:58:01.7290000+00:00</time>
      </trkpt>
      <trkpt lat="46.78348" lon="8.04138">
        <ele>2030.33</ele>
        <time>2026-05-04T03:58:05.8040000+00:00</time>
      </trkpt>
      <trkpt lat="46.7835" lon="8.04142">
        <ele>2032.18</ele>
        <time>2026-05-04T03:58:12.7120000+00:00</time>
      </trkpt>
      <trkpt lat="46.78351" lon="8.04145">
        <ele>2033.3</ele>
        <time>2026-05-04T03:58:17.3650000+00:00</time>
      </trkpt>
      <trkpt lat="46.78351" lon="8.0415">
        <ele>2034.26</ele>
        <time>2026-05-04T03:58:24.3390000+00:00</time>
      </trkpt>
      <trkpt lat="46.78353" lon="8.04159">
        <ele>2037.03</ele>
        <time>2026-05-04T03:58:37.5360000+00:00</time>
      </trkpt>
      <trkpt lat="46.78352" lon="8.04163">
        <ele>2037.29</ele>
        <time>2026-05-04T03:58:43.4740000+00:00</time>
      </trkpt>
      <trkpt lat="46.7835" lon="8.04167">
        <ele>2036.84</ele>
        <time>2026-05-04T03:58:50.3820000+00:00</time>
      </trkpt>
      <trkpt lat="46.7835" lon="8.0418">
        <ele>2038.88</ele>
        <time>2026-05-04T03:59:08.5130000+00:00</time>
      </trkpt>
      <trkpt lat="46.7835" lon="8.04182">
        <ele>2039.19</ele>
        <time>2026-05-04T03:59:11.3010000+00:00</time>
      </trkpt>
      <trkpt lat="46.78349" lon="8.04185">
        <ele>2039.12</ele>
        <time>2026-05-04T03:59:15.9540000+00:00</time>
      </trkpt>
      <trkpt lat="46.78347" lon="8.0419">
        <ele>2038.84</ele>
        <time>2026-05-04T03:59:24.0330000+00:00</time>
      </trkpt>
      <trkpt lat="46.78345" lon="8.04199">
        <ele>2039.2</ele>
        <time>2026-05-04T03:59:37.2300000+00:00</time>
      </trkpt>
      <trkpt lat="46.78342" lon="8.0421">
        <ele>2039.38</ele>
        <time>2026-05-04T03:59:53.7440000+00:00</time>
      </trkpt>
      <trkpt lat="46.78342" lon="8.04215">
        <ele>2040.19</ele>
        <time>2026-05-04T04:00:00.7170000+00:00</time>
      </trkpt>
      <trkpt lat="46.78342" lon="8.04218">
        <ele>2040.67</ele>
        <time>2026-05-04T04:00:04.8980000+00:00</time>
      </trkpt>
      <trkpt lat="46.78344" lon="8.04219">
        <ele>2041.88</ele>
        <time>2026-05-04T04:00:09.2040000+00:00</time>
      </trkpt>
      <trkpt lat="46.78346" lon="8.04221">
        <ele>2043.24</ele>
        <time>2026-05-04T04:00:14.1440000+00:00</time>
      </trkpt>
      <trkpt lat="46.78348" lon="8.04227">
        <ele>2045.22</ele>
        <time>2026-05-04T04:00:23.4520000+00:00</time>
      </trkpt>
      <trkpt lat="46.7835" lon="8.0423">
        <ele>2046.72</ele>
        <time>2026-05-04T04:00:29.2930000+00:00</time>
      </trkpt>
      <trkpt lat="46.78352" lon="8.04234">
        <ele>2048.41</ele>
        <time>2026-05-04T04:00:36.2010000+00:00</time>
      </trkpt>
      <trkpt lat="46.78353" lon="8.04236">
        <ele>2049.29</ele>
        <time>2026-05-04T04:00:39.6570000+00:00</time>
      </trkpt>
      <trkpt lat="46.78353" lon="8.04238">
        <ele>2049.61</ele>
        <time>2026-05-04T04:00:42.4500000+00:00</time>
      </trkpt>
      <trkpt lat="46.78352" lon="8.04241">
        <ele>2049.51</ele>
        <time>2026-05-04T04:00:47.1030000+00:00</time>
      </trkpt>
      <trkpt lat="46.7835" lon="8.04244">
        <ele>2048.92</ele>
        <time>2026-05-04T04:00:52.9440000+00:00</time>
      </trkpt>
      <trkpt lat="46.78348" lon="8.04245">
        <ele>2048.07</ele>
        <time>2026-05-04T04:00:57.2490000+00:00</time>
      </trkpt>
      <trkpt lat="46.78346" lon="8.04248">
        <ele>2047.57</ele>
        <time>2026-05-04T04:01:03.0900000+00:00</time>
      </trkpt>
      <trkpt lat="46.78344" lon="8.04252">
        <ele>2047.29</ele>
        <time>2026-05-04T04:01:09.9980000+00:00</time>
      </trkpt>
      <trkpt lat="46.78343" lon="8.04256">
        <ele>2047.52</ele>
        <time>2026-05-04T04:01:15.9360000+00:00</time>
      </trkpt>
      <trkpt lat="46.78343" lon="8.04262">
        <ele>2048.61</ele>
        <time>2026-05-04T04:01:24.3030000+00:00</time>
      </trkpt>
      <trkpt lat="46.78342" lon="8.04267">
        <ele>2049.03</ele>
        <time>2026-05-04T04:01:31.5700000+00:00</time>
      </trkpt>
      <trkpt lat="46.78342" lon="8.04273">
        <ele>2050.12</ele>
        <time>2026-05-04T04:01:39.9370000+00:00</time>
      </trkpt>
      <trkpt lat="46.78343" lon="8.04281">
        <ele>2052.08</ele>
        <time>2026-05-04T04:01:51.2790000+00:00</time>
      </trkpt>
      <trkpt lat="46.78343" lon="8.04286">
        <ele>2052.99</ele>
        <time>2026-05-04T04:01:58.2520000+00:00</time>
      </trkpt>
      <trkpt lat="46.78342" lon="8.04292">
        <ele>2053.6</ele>
        <time>2026-05-04T04:02:06.8650000+00:00</time>
      </trkpt>
      <trkpt lat="46.78342" lon="8.04299">
        <ele>2054.88</ele>
        <time>2026-05-04T04:02:16.6270000+00:00</time>
      </trkpt>
      <trkpt lat="46.78342" lon="8.04304">
        <ele>2055.79</ele>
        <time>2026-05-04T04:02:23.6000000+00:00</time>
      </trkpt>
      <trkpt lat="46.78341" lon="8.04311">
        <ele>2056.59</ele>
        <time>2026-05-04T04:02:33.5750000+00:00</time>
      </trkpt>
      <trkpt lat="46.78339" lon="8.04322">
        <ele>2057.64</ele>
        <time>2026-05-04T04:02:49.4510000+00:00</time>
      </trkpt>
      <trkpt lat="46.78337" lon="8.0433">
        <ele>2058.15</ele>
        <time>2026-05-04T04:03:01.3310000+00:00</time>
      </trkpt>
      <trkpt lat="46.78335" lon="8.04341">
        <ele>2059.49</ele>
        <time>2026-05-04T04:03:17.2050000+00:00</time>
      </trkpt>
      <trkpt lat="46.78334" lon="8.04345">
        <ele>2059.85</ele>
        <time>2026-05-04T04:03:23.1430000+00:00</time>
      </trkpt>
      <trkpt lat="46.78332" lon="8.04348">
        <ele>2059.53</ele>
        <time>2026-05-04T04:03:28.9840000+00:00</time>
      </trkpt>
      <trkpt lat="46.78332" lon="8.04353">
        <ele>2060.57</ele>
        <time>2026-05-04T04:03:35.9590000+00:00</time>
      </trkpt>
      <trkpt lat="46.78331" lon="8.04361">
        <ele>2061.78</ele>
        <time>2026-05-04T04:03:47.3020000+00:00</time>
      </trkpt>
      <trkpt lat="46.78331" lon="8.04367">
        <ele>2063.04</ele>
        <time>2026-05-04T04:03:55.6710000+00:00</time>
      </trkpt>
      <trkpt lat="46.78332" lon="8.0437">
        <ele>2064.14</ele>
        <time>2026-05-04T04:04:00.3240000+00:00</time>
      </trkpt>
      <trkpt lat="46.78333" lon="8.04373">
        <ele>2065.24</ele>
        <time>2026-05-04T04:04:04.9800000+00:00</time>
      </trkpt>
      <trkpt lat="46.78335" lon="8.04375">
        <ele>2066.59</ele>
        <time>2026-05-04T04:04:09.9200000+00:00</time>
      </trkpt>
      <trkpt lat="46.78338" lon="8.04379">
        <ele>2068.83</ele>
        <time>2026-05-04T04:04:18.1950000+00:00</time>
      </trkpt>
      <trkpt lat="46.78338" lon="8.04383">
        <ele>2069.66</ele>
        <time>2026-05-04T04:04:23.7710000+00:00</time>
      </trkpt>
      <trkpt lat="46.78336" lon="8.04386">
        <ele>2069.35</ele>
        <time>2026-05-04T04:04:29.6090000+00:00</time>
      </trkpt>
      <trkpt lat="46.78333" lon="8.04387">
        <ele>2068.17</ele>
        <time>2026-05-04T04:04:35.8740000+00:00</time>
      </trkpt>
      <trkpt lat="46.78332" lon="8.04388">
        <ele>2067.92</ele>
        <time>2026-05-04T04:04:38.3450000+00:00</time>
      </trkpt>
      <trkpt lat="46.78331" lon="8.04391">
        <ele>2068.08</ele>
        <time>2026-05-04T04:04:42.9990000+00:00</time>
      </trkpt>
      <trkpt lat="46.78331" lon="8.04396">
        <ele>2069.13</ele>
        <time>2026-05-04T04:04:49.9720000+00:00</time>
      </trkpt>
      <trkpt lat="46.78334" lon="8.04402">
        <ele>2071.77</ele>
        <time>2026-05-04T04:05:00.3350000+00:00</time>
      </trkpt>
      <trkpt lat="46.78339" lon="8.04409">
        <ele>2075.52</ele>
        <time>2026-05-04T04:05:14.4430000+00:00</time>
      </trkpt>
      <trkpt lat="46.78341" lon="8.04411">
        <ele>2076.85</ele>
        <time>2026-05-04T04:05:19.3860000+00:00</time>
      </trkpt>
      <trkpt lat="46.78342" lon="8.04411">
        <ele>2077.31</ele>
        <time>2026-05-04T04:05:21.4290000+00:00</time>
      </trkpt>
      <trkpt lat="46.78343" lon="8.04409">
        <ele>2077.35</ele>
        <time>2026-05-04T04:05:24.8810000+00:00</time>
      </trkpt>
      <trkpt lat="46.78344" lon="8.04408">
        <ele>2077.61</ele>
        <time>2026-05-04T04:05:27.3470000+00:00</time>
      </trkpt>
      <trkpt lat="46.78345" lon="8.04408">
        <ele>2078.06</ele>
        <time>2026-05-04T04:05:29.3890000+00:00</time>
      </trkpt>
      <trkpt lat="46.78346" lon="8.0441">
        <ele>2078.93</ele>
        <time>2026-05-04T04:05:32.8460000+00:00</time>
      </trkpt>
      <trkpt lat="46.78351" lon="8.04409">
        <ele>2081.01</ele>
        <time>2026-05-04T04:05:43.1250000+00:00</time>
      </trkpt>
      <trkpt lat="46.78352" lon="8.04408">
        <ele>2081.31</ele>
        <time>2026-05-04T04:05:45.5960000+00:00</time>
      </trkpt>
      <trkpt lat="46.78355" lon="8.04407">
        <ele>2082.66</ele>
        <time>2026-05-04T04:05:51.8640000+00:00</time>
      </trkpt>
      <trkpt lat="46.78356" lon="8.04406">
        <ele>2082.98</ele>
        <time>2026-05-04T04:05:54.3360000+00:00</time>
      </trkpt>
      <trkpt lat="46.78356" lon="8.04405">
        <ele>2082.77</ele>
        <time>2026-05-04T04:05:55.7380000+00:00</time>
      </trkpt>
      <trkpt lat="46.78356" lon="8.04401">
        <ele>2081.97</ele>
        <time>2026-05-04T04:06:01.3190000+00:00</time>
      </trkpt>
      <trkpt lat="46.78356" lon="8.04397">
        <ele>2081.16</ele>
        <time>2026-05-04T04:06:06.9000000+00:00</time>
      </trkpt>
      <trkpt lat="46.78356" lon="8.04394">
        <ele>2080.55</ele>
        <time>2026-05-04T04:06:11.0880000+00:00</time>
      </trkpt>
      <trkpt lat="46.78357" lon="8.04391">
        <ele>2080.47</ele>
        <time>2026-05-04T04:06:15.7440000+00:00</time>
      </trkpt>
      <trkpt lat="46.78358" lon="8.04389">
        <ele>2080.59</ele>
        <time>2026-05-04T04:06:19.2010000+00:00</time>
      </trkpt>
      <trkpt lat="46.78361" lon="8.04387">
        <ele>2081.77</ele>
        <time>2026-05-04T04:06:25.9180000+00:00</time>
      </trkpt>
      <trkpt lat="46.78364" lon="8.04384">
        <ele>2082.76</ele>
        <time>2026-05-04T04:06:33.3240000+00:00</time>
      </trkpt>
      <trkpt lat="46.78366" lon="8.04381">
        <ele>2083.22</ele>
        <time>2026-05-04T04:06:39.1650000+00:00</time>
      </trkpt>
      <trkpt lat="46.78368" lon="8.04378">
        <ele>2083.69</ele>
        <time>2026-05-04T04:06:45.0060000+00:00</time>
      </trkpt>
      <trkpt lat="46.78371" lon="8.04374">
        <ele>2084.51</ele>
        <time>2026-05-04T04:06:53.2800000+00:00</time>
      </trkpt>
      <trkpt lat="46.78372" lon="8.0437">
        <ele>2084.26</ele>
        <time>2026-05-04T04:06:59.2180000+00:00</time>
      </trkpt>
      <trkpt lat="46.78373" lon="8.04369">
        <ele>2084.6</ele>
        <time>2026-05-04T04:07:01.6900000+00:00</time>
      </trkpt>
      <trkpt lat="46.78375" lon="8.04367">
        <ele>2085.28</ele>
        <time>2026-05-04T04:07:06.6270000+00:00</time>
      </trkpt>
      <trkpt lat="46.78378" lon="8.04364">
        <ele>2086.31</ele>
        <time>2026-05-04T04:07:14.0310000+00:00</time>
      </trkpt>
      <trkpt lat="46.7838" lon="8.04361">
        <ele>2086.81</ele>
        <time>2026-05-04T04:07:19.8670000+00:00</time>
      </trkpt>
      <trkpt lat="46.78383" lon="8.04358">
        <ele>2087.86</ele>
        <time>2026-05-04T04:07:27.2690000+00:00</time>
      </trkpt>
      <trkpt lat="46.78385" lon="8.04355">
        <ele>2088.37</ele>
        <time>2026-05-04T04:07:33.1070000+00:00</time>
      </trkpt>
      <trkpt lat="46.78388" lon="8.04352">
        <ele>2089.43</ele>
        <time>2026-05-04T04:07:40.5120000+00:00</time>
      </trkpt>
      <trkpt lat="46.78392" lon="8.04347">
        <ele>2090.67</ele>
        <time>2026-05-04T04:07:51.2360000+00:00</time>
      </trkpt>
      <trkpt lat="46.78394" lon="8.04345">
        <ele>2091.39</ele>
        <time>2026-05-04T04:07:56.1730000+00:00</time>
      </trkpt>
      <trkpt lat="46.78398" lon="8.04341">
        <ele>2092.83</ele>
        <time>2026-05-04T04:08:06.0470000+00:00</time>
      </trkpt>
      <trkpt lat="46.78403" lon="8.04336">
        <ele>2094.66</ele>
        <time>2026-05-04T04:08:18.3900000+00:00</time>
      </trkpt>
      <trkpt lat="46.78406" lon="8.04332">
        <ele>2095.59</ele>
        <time>2026-05-04T04:08:26.6650000+00:00</time>
      </trkpt>
      <trkpt lat="46.78409" lon="8.04327">
        <ele>2096.39</ele>
        <time>2026-05-04T04:08:35.9370000+00:00</time>
      </trkpt>
      <trkpt lat="46.78411" lon="8.04324">
        <ele>2097.01</ele>
        <time>2026-05-04T04:08:41.7780000+00:00</time>
      </trkpt>
      <trkpt lat="46.78414" lon="8.0432">
        <ele>2098.02</ele>
        <time>2026-05-04T04:08:50.0520000+00:00</time>
      </trkpt>
      <trkpt lat="46.78416" lon="8.04318">
        <ele>2098.81</ele>
        <time>2026-05-04T04:08:54.9890000+00:00</time>
      </trkpt>
      <trkpt lat="46.78418" lon="8.04316">
        <ele>2099.6</ele>
        <time>2026-05-04T04:08:59.9260000+00:00</time>
      </trkpt>
      <trkpt lat="46.78421" lon="8.04316">
        <ele>2101.27</ele>
        <time>2026-05-04T04:09:06.0350000+00:00</time>
      </trkpt>
      <trkpt lat="46.78423" lon="8.04313">
        <ele>2101.9</ele>
        <time>2026-05-04T04:09:11.8760000+00:00</time>
      </trkpt>
      <trkpt lat="46.78425" lon="8.04312">
        <ele>2102.86</ele>
        <time>2026-05-04T04:09:16.1810000+00:00</time>
      </trkpt>
      <trkpt lat="46.78426" lon="8.04312">
        <ele>2103.42</ele>
        <time>2026-05-04T04:09:18.2090000+00:00</time>
      </trkpt>
      <trkpt lat="46.78428" lon="8.04312">
        <ele>2104.53</ele>
        <time>2026-05-04T04:09:22.2870000+00:00</time>
      </trkpt>
      <trkpt lat="46.78429" lon="8.04313">
        <ele>2105.25</ele>
        <time>2026-05-04T04:09:24.7590000+00:00</time>
      </trkpt>
      <trkpt lat="46.78433" lon="8.04314">
        <ele>2107.63</ele>
        <time>2026-05-04T04:09:33.0220000+00:00</time>
      </trkpt>
      <trkpt lat="46.78435" lon="8.04316">
        <ele>2109.09</ele>
        <time>2026-05-04T04:09:37.9600000+00:00</time>
      </trkpt>
      <trkpt lat="46.78437" lon="8.04316">
        <ele>2110.37</ele>
        <time>2026-05-04T04:09:42.0380000+00:00</time>
      </trkpt>
      <trkpt lat="46.78439" lon="8.04316">
        <ele>2111.65</ele>
        <time>2026-05-04T04:09:46.1090000+00:00</time>
      </trkpt>
      <trkpt lat="46.78441" lon="8.04316">
        <ele>2112.93</ele>
        <time>2026-05-04T04:09:50.1800000+00:00</time>
      </trkpt>
      <trkpt lat="46.78442" lon="8.04315">
        <ele>2113.41</ele>
        <time>2026-05-04T04:09:52.6510000+00:00</time>
      </trkpt>
      <trkpt lat="46.78442" lon="8.04314">
        <ele>2113.25</ele>
        <time>2026-05-04T04:09:54.0530000+00:00</time>
      </trkpt>
      <trkpt lat="46.78443" lon="8.04313">
        <ele>2113.73</ele>
        <time>2026-05-04T04:09:56.5250000+00:00</time>
      </trkpt>
      <trkpt lat="46.78443" lon="8.04311">
        <ele>2113.41</ele>
        <time>2026-05-04T04:09:59.3180000+00:00</time>
      </trkpt>
      <trkpt lat="46.78444" lon="8.04308">
        <ele>2113.56</ele>
        <time>2026-05-04T04:10:03.9750000+00:00</time>
      </trkpt>
      <trkpt lat="46.78445" lon="8.04303">
        <ele>2113.39</ele>
        <time>2026-05-04T04:10:11.2410000+00:00</time>
      </trkpt>
      <trkpt lat="46.78445" lon="8.04299">
        <ele>2112.74</ele>
        <time>2026-05-04T04:10:16.8220000+00:00</time>
      </trkpt>
      <trkpt lat="46.78445" lon="8.04296">
        <ele>2112.25</ele>
        <time>2026-05-04T04:10:21.0100000+00:00</time>
      </trkpt>
      <trkpt lat="46.78445" lon="8.04292">
        <ele>2111.6</ele>
        <time>2026-05-04T04:10:26.5910000+00:00</time>
      </trkpt>
      <trkpt lat="46.78445" lon="8.04288">
        <ele>2110.96</ele>
        <time>2026-05-04T04:10:32.1720000+00:00</time>
      </trkpt>
      <trkpt lat="46.78445" lon="8.04284">
        <ele>2110.31</ele>
        <time>2026-05-04T04:10:37.7530000+00:00</time>
      </trkpt>
      <trkpt lat="46.78446" lon="8.04281">
        <ele>2110.44</ele>
        <time>2026-05-04T04:10:42.4100000+00:00</time>
      </trkpt>
      <trkpt lat="46.78448" lon="8.04276">
        <ele>2110.86</ele>
        <time>2026-05-04T04:10:50.4880000+00:00</time>
      </trkpt>
      <trkpt lat="46.78449" lon="8.04273">
        <ele>2110.99</ele>
        <time>2026-05-04T04:10:55.1420000+00:00</time>
      </trkpt>
      <trkpt lat="46.78451" lon="8.0427">
        <ele>2111.72</ele>
        <time>2026-05-04T04:11:00.9820000+00:00</time>
      </trkpt>
      <trkpt lat="46.78453" lon="8.04268">
        <ele>2112.62</ele>
        <time>2026-05-04T04:11:05.9190000+00:00</time>
      </trkpt>
      <trkpt lat="46.78454" lon="8.04266">
        <ele>2112.9</ele>
        <time>2026-05-04T04:11:09.3750000+00:00</time>
      </trkpt>
      <trkpt lat="46.78456" lon="8.04265">
        <ele>2113.95</ele>
        <time>2026-05-04T04:11:13.6810000+00:00</time>
      </trkpt>
      <trkpt lat="46.78459" lon="8.04262">
        <ele>2115.27</ele>
        <time>2026-05-04T04:11:21.0880000+00:00</time>
      </trkpt>
      <trkpt lat="46.78461" lon="8.04259">
        <ele>2115.98</ele>
        <time>2026-05-04T04:11:26.9280000+00:00</time>
      </trkpt>
      <trkpt lat="46.78462" lon="8.04256">
        <ele>2116.07</ele>
        <time>2026-05-04T04:11:31.5810000+00:00</time>
      </trkpt>
      <trkpt lat="46.78463" lon="8.04255">
        <ele>2116.5</ele>
        <time>2026-05-04T04:11:34.0530000+00:00</time>
      </trkpt>
      <trkpt lat="46.78464" lon="8.04251">
        <ele>2116.42</ele>
        <time>2026-05-04T04:11:39.9910000+00:00</time>
      </trkpt>
      <trkpt lat="46.78465" lon="8.04249">
        <ele>2116.67</ele>
        <time>2026-05-04T04:11:43.4430000+00:00</time>
      </trkpt>
      <trkpt lat="46.78466" lon="8.04248">
        <ele>2117.1</ele>
        <time>2026-05-04T04:11:45.9150000+00:00</time>
      </trkpt>
      <trkpt lat="46.78467" lon="8.04247">
        <ele>2117.53</ele>
        <time>2026-05-04T04:11:48.3800000+00:00</time>
      </trkpt>
      <trkpt lat="46.78468" lon="8.04245">
        <ele>2117.71</ele>
        <time>2026-05-04T04:11:51.8360000+00:00</time>
      </trkpt>
      <trkpt lat="46.7847" lon="8.04243">
        <ele>2118.47</ele>
        <time>2026-05-04T04:11:56.7730000+00:00</time>
      </trkpt>
      <trkpt lat="46.78473" lon="8.04239">
        <ele>2119.38</ele>
        <time>2026-05-04T04:12:05.0460000+00:00</time>
      </trkpt>
      <trkpt lat="46.78474" lon="8.04235">
        <ele>2119.09</ele>
        <time>2026-05-04T04:12:10.9840000+00:00</time>
      </trkpt>
      <trkpt lat="46.78475" lon="8.04234">
        <ele>2119.47</ele>
        <time>2026-05-04T04:12:13.4560000+00:00</time>
      </trkpt>
      <trkpt lat="46.78477" lon="8.04233">
        <ele>2120.45</ele>
        <time>2026-05-04T04:12:17.7580000+00:00</time>
      </trkpt>
      <trkpt lat="46.78479" lon="8.04232">
        <ele>2121.42</ele>
        <time>2026-05-04T04:12:22.0600000+00:00</time>
      </trkpt>
      <trkpt lat="46.78482" lon="8.04231">
        <ele>2122.99</ele>
        <time>2026-05-04T04:12:28.3250000+00:00</time>
      </trkpt>
      <trkpt lat="46.78483" lon="8.04231">
        <ele>2123.59</ele>
        <time>2026-05-04T04:12:30.3680000+00:00</time>
      </trkpt>
      <trkpt lat="46.78483" lon="8.04232">
        <ele>2123.81</ele>
        <time>2026-05-04T04:12:31.7700000+00:00</time>
      </trkpt>
      <trkpt lat="46.78482" lon="8.04233">
        <ele>2123.44</ele>
        <time>2026-05-04T04:12:34.2410000+00:00</time>
      </trkpt>
      <trkpt lat="46.78481" lon="8.0424">
        <ele>2124.4</ele>
        <time>2026-05-04T04:12:44.2150000+00:00</time>
      </trkpt>
      <trkpt lat="46.7848" lon="8.04246">
        <ele>2125.14</ele>
        <time>2026-05-04T04:12:52.8260000+00:00</time>
      </trkpt>
      <trkpt lat="46.7848" lon="8.0425">
        <ele>2125.89</ele>
        <time>2026-05-04T04:12:58.4010000+00:00</time>
      </trkpt>
      <trkpt lat="46.7848" lon="8.04255">
        <ele>2126.8</ele>
        <time>2026-05-04T04:13:05.3750000+00:00</time>
      </trkpt>
      <trkpt lat="46.7848" lon="8.04255">
        <ele>2126.8</ele>
        <time>2026-05-04T04:13:05.3750000+00:00</time>
      </trkpt>
      <trkpt lat="46.7848" lon="8.04255">
        <ele>2126.8</ele>
        <time>2026-05-04T04:13:05.3750000+00:00</time>
      </trkpt>
      <trkpt lat="46.78481" lon="8.04253">
        <ele>2127.04</ele>
        <time>2026-05-04T04:13:08.8270000+00:00</time>
      </trkpt>
      <trkpt lat="46.78482" lon="8.04252">
        <ele>2127.46</ele>
        <time>2026-05-04T04:13:11.2980000+00:00</time>
      </trkpt>
      <trkpt lat="46.78482" lon="8.04252">
        <ele>2127.46</ele>
        <time>2026-05-04T04:13:11.2980000+00:00</time>
      </trkpt>
      <trkpt lat="46.78482" lon="8.04252">
        <ele>2127.46</ele>
        <time>2026-05-04T04:13:11.2980000+00:00</time>
      </trkpt>
      <trkpt lat="46.78482" lon="8.04254">
        <ele>2127.82</ele>
        <time>2026-05-04T04:13:14.0910000+00:00</time>
      </trkpt>
      <trkpt lat="46.78482" lon="8.04257">
        <ele>2128.37</ele>
        <time>2026-05-04T04:13:18.2760000+00:00</time>
      </trkpt>
      <trkpt lat="46.78481" lon="8.04259">
        <ele>2128.13</ele>
        <time>2026-05-04T04:13:21.7320000+00:00</time>
      </trkpt>
      <trkpt lat="46.78481" lon="8.04262">
        <ele>2128.68</ele>
        <time>2026-05-04T04:13:25.9170000+00:00</time>
      </trkpt>
      <trkpt lat="46.7848" lon="8.04265">
        <ele>2128.62</ele>
        <time>2026-05-04T04:13:30.5700000+00:00</time>
      </trkpt>
      <trkpt lat="46.78478" lon="8.04269">
        <ele>2128.12</ele>
        <time>2026-05-04T04:13:37.4780000+00:00</time>
      </trkpt>
      <trkpt lat="46.78477" lon="8.04273">
        <ele>2128.23</ele>
        <time>2026-05-04T04:13:43.4160000+00:00</time>
      </trkpt>
      <trkpt lat="46.78477" lon="8.04276">
        <ele>2128.77</ele>
        <time>2026-05-04T04:13:47.5970000+00:00</time>
      </trkpt>
      <trkpt lat="46.78478" lon="8.04278">
        <ele>2129.75</ele>
        <time>2026-05-04T04:13:51.0490000+00:00</time>
      </trkpt>
      <trkpt lat="46.78478" lon="8.04278">
        <ele>2129.75</ele>
        <time>2026-05-04T04:13:51.0490000+00:00</time>
      </trkpt>
      <trkpt lat="46.78479" lon="8.04277">
        <ele>2130.19</ele>
        <time>2026-05-04T04:13:53.5200000+00:00</time>
      </trkpt>
      <trkpt lat="46.7848" lon="8.04275">
        <ele>2130.44</ele>
        <time>2026-05-04T04:13:56.9760000+00:00</time>
      </trkpt>
      <trkpt lat="46.78482" lon="8.04273">
        <ele>2131.31</ele>
        <time>2026-05-04T04:14:01.9130000+00:00</time>
      </trkpt>
      <trkpt lat="46.78483" lon="8.04272">
        <ele>2131.74</ele>
        <time>2026-05-04T04:14:04.3850000+00:00</time>
      </trkpt>
      <trkpt lat="46.78484" lon="8.04271">
        <ele>2132.17</ele>
        <time>2026-05-04T04:14:06.8570000+00:00</time>
      </trkpt>
      <trkpt lat="46.78484" lon="8.04272">
        <ele>2132.36</ele>
        <time>2026-05-04T04:14:08.2480000+00:00</time>
      </trkpt>
      <trkpt lat="46.78484" lon="8.04274">
        <ele>2132.73</ele>
        <time>2026-05-04T04:14:11.0360000+00:00</time>
      </trkpt>
      <trkpt lat="46.78485" lon="8.04276">
        <ele>2133.71</ele>
        <time>2026-05-04T04:14:14.4920000+00:00</time>
      </trkpt>
      <trkpt lat="46.78485" lon="8.04281">
        <ele>2134.64</ele>
        <time>2026-05-04T04:14:21.4670000+00:00</time>
      </trkpt>
      <trkpt lat="46.78485" lon="8.04283">
        <ele>2135.01</ele>
        <time>2026-05-04T04:14:24.2610000+00:00</time>
      </trkpt>
      <trkpt lat="46.78486" lon="8.04283">
        <ele>2135.63</ele>
        <time>2026-05-04T04:14:26.3040000+00:00</time>
      </trkpt>
      <trkpt lat="46.78486" lon="8.04283">
        <ele>2135.63</ele>
        <time>2026-05-04T04:14:26.3040000+00:00</time>
      </trkpt>
      <trkpt lat="46.78487" lon="8.04282">
        <ele>2136.07</ele>
        <time>2026-05-04T04:14:28.7690000+00:00</time>
      </trkpt>
      <trkpt lat="46.78488" lon="8.0428">
        <ele>2136.31</ele>
        <time>2026-05-04T04:14:32.2210000+00:00</time>
      </trkpt>
      <trkpt lat="46.78489" lon="8.04276">
        <ele>2136.18</ele>
        <time>2026-05-04T04:14:38.1590000+00:00</time>
      </trkpt>
      <trkpt lat="46.78491" lon="8.04273">
        <ele>2136.85</ele>
        <time>2026-05-04T04:14:44.0000000+00:00</time>
      </trkpt>
      <trkpt lat="46.78492" lon="8.04271">
        <ele>2137.09</ele>
        <time>2026-05-04T04:14:47.4510000+00:00</time>
      </trkpt>
      <trkpt lat="46.78495" lon="8.04265">
        <ele>2137.79</ele>
        <time>2026-05-04T04:14:57.8130000+00:00</time>
      </trkpt>
      <trkpt lat="46.78496" lon="8.04263">
        <ele>2138.02</ele>
        <time>2026-05-04T04:15:01.2640000+00:00</time>
      </trkpt>
      <trkpt lat="46.78496" lon="8.0426">
        <ele>2137.44</ele>
        <time>2026-05-04T04:15:05.4490000+00:00</time>
      </trkpt>
      <trkpt lat="46.78497" lon="8.04259">
        <ele>2137.86</ele>
        <time>2026-05-04T04:15:07.9080000+00:00</time>
      </trkpt>
      <trkpt lat="46.78498" lon="8.04258">
        <ele>2138.27</ele>
        <time>2026-05-04T04:15:10.3740000+00:00</time>
      </trkpt>
      <trkpt lat="46.78499" lon="8.04258">
        <ele>2138.88</ele>
        <time>2026-05-04T04:15:12.4020000+00:00</time>
      </trkpt>
      <trkpt lat="46.785" lon="8.04258">
        <ele>2139.49</ele>
        <time>2026-05-04T04:15:14.4450000+00:00</time>
      </trkpt>
      <trkpt lat="46.785" lon="8.04259">
        <ele>2139.68</ele>
        <time>2026-05-04T04:15:15.8470000+00:00</time>
      </trkpt>
      <trkpt lat="46.78499" lon="8.0426">
        <ele>2139.27</ele>
        <time>2026-05-04T04:15:18.3180000+00:00</time>
      </trkpt>
      <trkpt lat="46.78499" lon="8.04261">
        <ele>2139.46</ele>
        <time>2026-05-04T04:15:19.6990000+00:00</time>
      </trkpt>
      <trkpt lat="46.78498" lon="8.04263">
        <ele>2139.24</ele>
        <time>2026-05-04T04:15:23.1500000+00:00</time>
      </trkpt>
      <trkpt lat="46.78498" lon="8.04264">
        <ele>2139.43</ele>
        <time>2026-05-04T04:15:24.5420000+00:00</time>
      </trkpt>
      <trkpt lat="46.78499" lon="8.04264">
        <ele>2140.04</ele>
        <time>2026-05-04T04:15:26.5700000+00:00</time>
      </trkpt>
      <trkpt lat="46.78499" lon="8.04264">
        <ele>2140.04</ele>
        <time>2026-05-04T04:15:26.5700000+00:00</time>
      </trkpt>
      <trkpt lat="46.78501" lon="8.04262">
        <ele>2140.87</ele>
        <time>2026-05-04T04:15:31.5070000+00:00</time>
      </trkpt>
      <trkpt lat="46.78501" lon="8.04262">
        <ele>2140.87</ele>
        <time>2026-05-04T04:15:31.5070000+00:00</time>
      </trkpt>
      <trkpt lat="46.78501" lon="8.04263">
        <ele>2141.07</ele>
        <time>2026-05-04T04:15:32.8980000+00:00</time>
      </trkpt>
      <trkpt lat="46.78502" lon="8.04265">
        <ele>2142.07</ele>
        <time>2026-05-04T04:15:36.3500000+00:00</time>
      </trkpt>
      <trkpt lat="46.78503" lon="8.04267">
        <ele>2143.07</ele>
        <time>2026-05-04T04:15:39.8060000+00:00</time>
      </trkpt>
      <trkpt lat="46.78504" lon="8.04272">
        <ele>2144.66</ele>
        <time>2026-05-04T04:15:47.0700000+00:00</time>
      </trkpt>
      <trkpt lat="46.78504" lon="8.04274">
        <ele>2145.05</ele>
        <time>2026-05-04T04:15:49.8630000+00:00</time>
      </trkpt>
      <trkpt lat="46.78505" lon="8.04274">
        <ele>2145.67</ele>
        <time>2026-05-04T04:15:51.8990000+00:00</time>
      </trkpt>
      <trkpt lat="46.78508" lon="8.04274">
        <ele>2147.52</ele>
        <time>2026-05-04T04:15:58.0080000+00:00</time>
      </trkpt>
      <trkpt lat="46.7851" lon="8.04274">
        <ele>2148.75</ele>
        <time>2026-05-04T04:16:02.0790000+00:00</time>
      </trkpt>
      <trkpt lat="46.78513" lon="8.04274">
        <ele>2150.6</ele>
        <time>2026-05-04T04:16:08.1900000+00:00</time>
      </trkpt>
      <trkpt lat="46.78515" lon="8.04274">
        <ele>2151.83</ele>
        <time>2026-05-04T04:16:12.2610000+00:00</time>
      </trkpt>
      <trkpt lat="46.78517" lon="8.04274">
        <ele>2153.07</ele>
        <time>2026-05-04T04:16:16.3350000+00:00</time>
      </trkpt>
      <trkpt lat="46.78519" lon="8.04273">
        <ele>2154.29</ele>
        <time>2026-05-04T04:16:20.6450000+00:00</time>
      </trkpt>
      <trkpt lat="46.7852" lon="8.04272">
        <ele>2154.87</ele>
        <time>2026-05-04T04:16:23.1160000+00:00</time>
      </trkpt>
      <trkpt lat="46.78522" lon="8.04268">
        <ele>2155.62</ele>
        <time>2026-05-04T04:16:30.0240000+00:00</time>
      </trkpt>
      <trkpt lat="46.78523" lon="8.04267">
        <ele>2156.2</ele>
        <time>2026-05-04T04:16:32.4960000+00:00</time>
      </trkpt>
      <trkpt lat="46.78525" lon="8.04264">
        <ele>2157.14</ele>
        <time>2026-05-04T04:16:38.3360000+00:00</time>
      </trkpt>
      <trkpt lat="46.78527" lon="8.04262">
        <ele>2158.29</ele>
        <time>2026-05-04T04:16:43.2730000+00:00</time>
      </trkpt>
      <trkpt lat="46.78529" lon="8.04258">
        <ele>2159</ele>
        <time>2026-05-04T04:16:50.1810000+00:00</time>
      </trkpt>
      <trkpt lat="46.7853" lon="8.04256">
        <ele>2159.35</ele>
        <time>2026-05-04T04:16:53.6420000+00:00</time>
      </trkpt>
      <trkpt lat="46.7853" lon="8.04253">
        <ele>2158.7</ele>
        <time>2026-05-04T04:16:57.8230000+00:00</time>
      </trkpt>
      <trkpt lat="46.78531" lon="8.04249">
        <ele>2158.61</ele>
        <time>2026-05-04T04:17:03.7610000+00:00</time>
      </trkpt>
      <trkpt lat="46.78532" lon="8.04247">
        <ele>2158.95</ele>
        <time>2026-05-04T04:17:07.2170000+00:00</time>
      </trkpt>
      <trkpt lat="46.78535" lon="8.04242">
        <ele>2160.04</ele>
        <time>2026-05-04T04:17:16.4880000+00:00</time>
      </trkpt>
      <trkpt lat="46.78537" lon="8.04236">
        <ele>2160.06</ele>
        <time>2026-05-04T04:17:25.7940000+00:00</time>
      </trkpt>
      <trkpt lat="46.78539" lon="8.04234">
        <ele>2161.07</ele>
        <time>2026-05-04T04:17:30.7310000+00:00</time>
      </trkpt>
      <trkpt lat="46.78544" lon="8.0423">
        <ele>2163.81</ele>
        <time>2026-05-04T04:17:42.3440000+00:00</time>
      </trkpt>
      <trkpt lat="46.78545" lon="8.04231">
        <ele>2164.82</ele>
        <time>2026-05-04T04:17:44.8150000+00:00</time>
      </trkpt>
      <trkpt lat="46.78545" lon="8.04231">
        <ele>2164.82</ele>
        <time>2026-05-04T04:17:44.8150000+00:00</time>
      </trkpt>
      <trkpt lat="46.78544" lon="8.04232">
        <ele>2164.32</ele>
        <time>2026-05-04T04:17:47.2870000+00:00</time>
      </trkpt>
      <trkpt lat="46.78545" lon="8.04233">
        <ele>2165.34</ele>
        <time>2026-05-04T04:17:49.7580000+00:00</time>
      </trkpt>
      <trkpt lat="46.78548" lon="8.04232">
        <ele>2167.33</ele>
        <time>2026-05-04T04:17:56.0260000+00:00</time>
      </trkpt>
      <trkpt lat="46.78552" lon="8.04232">
        <ele>2170.34</ele>
        <time>2026-05-04T04:18:04.1720000+00:00</time>
      </trkpt>
      <trkpt lat="46.78554" lon="8.04232">
        <ele>2171.84</ele>
        <time>2026-05-04T04:18:08.2460000+00:00</time>
      </trkpt>
      <trkpt lat="46.78555" lon="8.04232">
        <ele>2172.6</ele>
        <time>2026-05-04T04:18:10.2890000+00:00</time>
      </trkpt>
      <trkpt lat="46.78555" lon="8.04234">
        <ele>2173.14</ele>
        <time>2026-05-04T04:18:13.0820000+00:00</time>
      </trkpt>
      <trkpt lat="46.78554" lon="8.04236">
        <ele>2172.92</ele>
        <time>2026-05-04T04:18:16.5390000+00:00</time>
      </trkpt>
      <trkpt lat="46.78552" lon="8.04239">
        <ele>2172.21</ele>
        <time>2026-05-04T04:18:22.3790000+00:00</time>
      </trkpt>
      <trkpt lat="46.7855" lon="8.04246">
        <ele>2172.55</ele>
        <time>2026-05-04T04:18:32.9570000+00:00</time>
      </trkpt>
      <trkpt lat="46.78551" lon="8.04247">
        <ele>2173.57</ele>
        <time>2026-05-04T04:18:35.4230000+00:00</time>
      </trkpt>
      <trkpt lat="46.78551" lon="8.04247">
        <ele>2173.57</ele>
        <time>2026-05-04T04:18:35.4230000+00:00</time>
      </trkpt>
      <trkpt lat="46.78552" lon="8.04246">
        <ele>2174.09</ele>
        <time>2026-05-04T04:18:37.8940000+00:00</time>
      </trkpt>
      <trkpt lat="46.78555" lon="8.04244">
        <ele>2175.85</ele>
        <time>2026-05-04T04:18:44.6130000+00:00</time>
      </trkpt>
      <trkpt lat="46.78556" lon="8.04244">
        <ele>2176.61</ele>
        <time>2026-05-04T04:18:46.6560000+00:00</time>
      </trkpt>
      <trkpt lat="46.78557" lon="8.04245">
        <ele>2177.65</ele>
        <time>2026-05-04T04:18:49.1280000+00:00</time>
      </trkpt>
      <trkpt lat="46.78558" lon="8.04247">
        <ele>2178.95</ele>
        <time>2026-05-04T04:18:52.5840000+00:00</time>
      </trkpt>
      <trkpt lat="46.78558" lon="8.04252">
        <ele>2180.14</ele>
        <time>2026-05-04T04:18:59.5580000+00:00</time>
      </trkpt>
      <trkpt lat="46.78558" lon="8.04252">
        <ele>2180.14</ele>
        <time>2026-05-04T04:18:59.5580000+00:00</time>
      </trkpt>
      <trkpt lat="46.78559" lon="8.04252">
        <ele>2180.92</ele>
        <time>2026-05-04T04:19:01.6000000+00:00</time>
      </trkpt>
      <trkpt lat="46.7856" lon="8.0425">
        <ele>2181.21</ele>
        <time>2026-05-04T04:19:05.0570000+00:00</time>
      </trkpt>
      <trkpt lat="46.78562" lon="8.04249">
        <ele>2182.51</ele>
        <time>2026-05-04T04:19:09.3590000+00:00</time>
      </trkpt>
      <trkpt lat="46.78562" lon="8.04249">
        <ele>2182.51</ele>
        <time>2026-05-04T04:19:09.3590000+00:00</time>
      </trkpt>
      <trkpt lat="46.78563" lon="8.0425">
        <ele>2183.52</ele>
        <time>2026-05-04T04:19:11.8240000+00:00</time>
      </trkpt>
      <trkpt lat="46.78563" lon="8.04251">
        <ele>2183.77</ele>
        <time>2026-05-04T04:19:13.2150000+00:00</time>
      </trkpt>
      <trkpt lat="46.78562" lon="8.04254">
        <ele>2183.72</ele>
        <time>2026-05-04T04:19:17.8690000+00:00</time>
      </trkpt>
      <trkpt lat="46.78562" lon="8.04257">
        <ele>2184.45</ele>
        <time>2026-05-04T04:19:22.0570000+00:00</time>
      </trkpt>
      <trkpt lat="46.78561" lon="8.04259">
        <ele>2184.15</ele>
        <time>2026-05-04T04:19:25.5170000+00:00</time>
      </trkpt>
      <trkpt lat="46.7856" lon="8.0426">
        <ele>2183.62</ele>
        <time>2026-05-04T04:19:27.9770000+00:00</time>
      </trkpt>
      <trkpt lat="46.78562" lon="8.0426">
        <ele>2185.18</ele>
        <time>2026-05-04T04:19:32.0470000+00:00</time>
      </trkpt>
      <trkpt lat="46.78568" lon="8.04258">
        <ele>2189.36</ele>
        <time>2026-05-04T04:19:44.5840000+00:00</time>
      </trkpt>
      <trkpt lat="46.78571" lon="8.04255">
        <ele>2190.95</ele>
        <time>2026-05-04T04:19:51.9910000+00:00</time>
      </trkpt>
      <trkpt lat="46.78574" lon="8.04251">
        <ele>2192.27</ele>
        <time>2026-05-04T04:20:00.2630000+00:00</time>
      </trkpt>
      <trkpt lat="46.7858" lon="8.04245">
        <ele>2195.29</ele>
        <time>2026-05-04T04:20:15.0740000+00:00</time>
      </trkpt>
      <trkpt lat="46.78584" lon="8.04241">
        <ele>2197.14</ele>
        <time>2026-05-04T04:20:24.9470000+00:00</time>
      </trkpt>
      <trkpt lat="46.78584" lon="8.04241">
        <ele>2197.14</ele>
        <time>2026-05-04T04:20:24.9470000+00:00</time>
      </trkpt>
      <trkpt lat="46.78585" lon="8.04244">
        <ele>2198.82</ele>
        <time>2026-05-04T04:20:29.6000000+00:00</time>
      </trkpt>
      <trkpt lat="46.78583" lon="8.04248">
        <ele>2198.44</ele>
        <time>2026-05-04T04:20:36.5080000+00:00</time>
      </trkpt>
      <trkpt lat="46.78582" lon="8.04257">
        <ele>2200</ele>
        <time>2026-05-04T04:20:49.2230000+00:00</time>
      </trkpt>
      <trkpt lat="46.78581" lon="8.04264">
        <ele>2201.04</ele>
        <time>2026-05-04T04:20:59.1950000+00:00</time>
      </trkpt>
      <trkpt lat="46.78582" lon="8.04267">
        <ele>2202.6</ele>
        <time>2026-05-04T04:21:03.8480000+00:00</time>
      </trkpt>
      <trkpt lat="46.78583" lon="8.04276">
        <ele>2205.73</ele>
        <time>2026-05-04T04:21:16.5630000+00:00</time>
      </trkpt>
      <trkpt lat="46.78584" lon="8.04285">
        <ele>2208.88</ele>
        <time>2026-05-04T04:21:29.2790000+00:00</time>
      </trkpt>
      <trkpt lat="46.78584" lon="8.04295">
        <ele>2211.49</ele>
        <time>2026-05-04T04:21:43.2240000+00:00</time>
      </trkpt>
      <trkpt lat="46.78583" lon="8.04306">
        <ele>2213.55</ele>
        <time>2026-05-04T04:21:58.7000000+00:00</time>
      </trkpt>
      <trkpt lat="46.78582" lon="8.04313">
        <ele>2214.54</ele>
        <time>2026-05-04T04:22:08.6710000+00:00</time>
      </trkpt>
      <trkpt lat="46.78582" lon="8.04318">
        <ele>2215.84</ele>
        <time>2026-05-04T04:22:15.6450000+00:00</time>
      </trkpt>
      <trkpt lat="46.78583" lon="8.04321">
        <ele>2217.46</ele>
        <time>2026-05-04T04:22:20.2980000+00:00</time>
      </trkpt>
      <trkpt lat="46.78584" lon="8.04323">
        <ele>2218.81</ele>
        <time>2026-05-04T04:22:23.7500000+00:00</time>
      </trkpt>
      <trkpt lat="46.78584" lon="8.04326">
        <ele>2219.6</ele>
        <time>2026-05-04T04:22:27.9310000+00:00</time>
      </trkpt>
      <trkpt lat="46.78583" lon="8.04328">
        <ele>2219.28</ele>
        <time>2026-05-04T04:22:31.3830000+00:00</time>
      </trkpt>
      <trkpt lat="46.78582" lon="8.04332">
        <ele>2219.32</ele>
        <time>2026-05-04T04:22:37.3210000+00:00</time>
      </trkpt>
      <trkpt lat="46.78581" lon="8.04336">
        <ele>2219.25</ele>
        <time>2026-05-04T04:22:43.2590000+00:00</time>
      </trkpt>
      <trkpt lat="46.78579" lon="8.0434">
        <ele>2218.34</ele>
        <time>2026-05-04T04:22:50.1650000+00:00</time>
      </trkpt>
      <trkpt lat="46.78578" lon="8.04347">
        <ele>2218.84</ele>
        <time>2026-05-04T04:23:00.1390000+00:00</time>
      </trkpt>
      <trkpt lat="46.78577" lon="8.04353">
        <ele>2219.16</ele>
        <time>2026-05-04T04:23:08.7540000+00:00</time>
      </trkpt>
      <trkpt lat="46.78575" lon="8.0436">
        <ele>2218.82</ele>
        <time>2026-05-04T04:23:19.3320000+00:00</time>
      </trkpt>
      <trkpt lat="46.78574" lon="8.04366">
        <ele>2219.13</ele>
        <time>2026-05-04T04:23:27.9430000+00:00</time>
      </trkpt>
      <trkpt lat="46.78574" lon="8.04372">
        <ele>2220.29</ele>
        <time>2026-05-04T04:23:36.3100000+00:00</time>
      </trkpt>
      <trkpt lat="46.78574" lon="8.04382">
        <ele>2222.21</ele>
        <time>2026-05-04T04:23:50.2570000+00:00</time>
      </trkpt>
      <trkpt lat="46.78573" lon="8.04389">
        <ele>2222.71</ele>
        <time>2026-05-04T04:24:00.2290000+00:00</time>
      </trkpt>
      <trkpt lat="46.78573" lon="8.04396">
        <ele>2224.06</ele>
        <time>2026-05-04T04:24:09.9920000+00:00</time>
      </trkpt>
      <trkpt lat="46.78574" lon="8.044">
        <ele>2225.67</ele>
        <time>2026-05-04T04:24:15.9300000+00:00</time>
      </trkpt>
      <trkpt lat="46.78575" lon="8.04402">
        <ele>2226.89</ele>
        <time>2026-05-04T04:24:19.3820000+00:00</time>
      </trkpt>
      <trkpt lat="46.78578" lon="8.04406">
        <ele>2230.18</ele>
        <time>2026-05-04T04:24:27.6560000+00:00</time>
      </trkpt>
      <trkpt lat="46.7858" lon="8.04411">
        <ele>2232.82</ele>
        <time>2026-05-04T04:24:35.7330000+00:00</time>
      </trkpt>
      <trkpt lat="46.78582" lon="8.04417">
        <ele>2235.88</ele>
        <time>2026-05-04T04:24:45.0390000+00:00</time>
      </trkpt>
      <trkpt lat="46.78583" lon="8.04422">
        <ele>2237.96</ele>
        <time>2026-05-04T04:24:52.3020000+00:00</time>
      </trkpt>
      <trkpt lat="46.78584" lon="8.04427">
        <ele>2240.04</ele>
        <time>2026-05-04T04:24:59.5660000+00:00</time>
      </trkpt>
      <trkpt lat="46.78584" lon="8.04432">
        <ele>2241.28</ele>
        <time>2026-05-04T04:25:06.5350000+00:00</time>
      </trkpt>
      <trkpt lat="46.78582" lon="8.04438">
        <ele>2241.1</ele>
        <time>2026-05-04T04:25:15.8410000+00:00</time>
      </trkpt>
      <trkpt lat="46.78579" lon="8.04444">
        <ele>2240.11</ele>
        <time>2026-05-04T04:25:26.2030000+00:00</time>
      </trkpt>
      <trkpt lat="46.78576" lon="8.04453">
        <ele>2239.89</ele>
        <time>2026-05-04T04:25:40.1620000+00:00</time>
      </trkpt>
      <trkpt lat="46.78573" lon="8.04464">
        <ele>2240.2</ele>
        <time>2026-05-04T04:25:56.6770000+00:00</time>
      </trkpt>
      <trkpt lat="46.78571" lon="8.04475">
        <ele>2241.34</ele>
        <time>2026-05-04T04:26:12.5500000+00:00</time>
      </trkpt>
      <trkpt lat="46.78569" lon="8.04483">
        <ele>2241.75</ele>
        <time>2026-05-04T04:26:24.4260000+00:00</time>
      </trkpt>
      <trkpt lat="46.78567" lon="8.04487">
        <ele>2241.15</ele>
        <time>2026-05-04T04:26:31.3340000+00:00</time>
      </trkpt>
      <trkpt lat="46.78565" lon="8.04493">
        <ele>2241.07</ele>
        <time>2026-05-04T04:26:40.6410000+00:00</time>
      </trkpt>
      <trkpt lat="46.78561" lon="8.04506">
        <ele>2241.88</ele>
        <time>2026-05-04T04:27:00.5190000+00:00</time>
      </trkpt>
      <trkpt lat="46.78559" lon="8.04513">
        <ele>2242.61</ele>
        <time>2026-05-04T04:27:11.0970000+00:00</time>
      </trkpt>
      <trkpt lat="46.78556" lon="8.04525">
        <ele>2244.25</ele>
        <time>2026-05-04T04:27:28.9150000+00:00</time>
      </trkpt>
      <trkpt lat="46.78554" lon="8.04534">
        <ele>2245.72</ele>
        <time>2026-05-04T04:27:42.1120000+00:00</time>
      </trkpt>
      <trkpt lat="46.78551" lon="8.04545">
        <ele>2247.15</ele>
        <time>2026-05-04T04:27:58.6260000+00:00</time>
      </trkpt>
      <trkpt lat="46.78548" lon="8.04554">
        <ele>2247.96</ele>
        <time>2026-05-04T04:28:12.5850000+00:00</time>
      </trkpt>
      <trkpt lat="46.78546" lon="8.04564">
        <ele>2249.91</ele>
        <time>2026-05-04T04:28:27.1150000+00:00</time>
      </trkpt>
      <trkpt lat="46.78544" lon="8.04574">
        <ele>2251.9</ele>
        <time>2026-05-04T04:28:41.6450000+00:00</time>
      </trkpt>
      <trkpt lat="46.78541" lon="8.04585">
        <ele>2253.14</ele>
        <time>2026-05-04T04:28:58.1590000+00:00</time>
      </trkpt>
      <trkpt lat="46.78539" lon="8.0459">
        <ele>2253.07</ele>
        <time>2026-05-04T04:29:06.2360000+00:00</time>
      </trkpt>
      <trkpt lat="46.78534" lon="8.04595">
        <ele>2250.84</ele>
        <time>2026-05-04T04:29:18.5760000+00:00</time>
      </trkpt>
      <trkpt lat="46.78532" lon="8.04596">
        <ele>2249.68</ele>
        <time>2026-05-04T04:29:22.8790000+00:00</time>
      </trkpt>
      <trkpt lat="46.78529" lon="8.04598">
        <ele>2248.07</ele>
        <time>2026-05-04T04:29:29.5960000+00:00</time>
      </trkpt>
      <trkpt lat="46.78526" lon="8.04603">
        <ele>2247.29</ele>
        <time>2026-05-04T04:29:38.8660000+00:00</time>
      </trkpt>
      <trkpt lat="46.78524" lon="8.04607">
        <ele>2246.96</ele>
        <time>2026-05-04T04:29:45.7740000+00:00</time>
      </trkpt>
      <trkpt lat="46.78523" lon="8.04612">
        <ele>2247.62</ele>
        <time>2026-05-04T04:29:53.0390000+00:00</time>
      </trkpt>
      <trkpt lat="46.7852" lon="8.04617">
        <ele>2246.85</ele>
        <time>2026-05-04T04:30:02.3090000+00:00</time>
      </trkpt>
      <trkpt lat="46.78516" lon="8.04626">
        <ele>2246.43</ele>
        <time>2026-05-04T04:30:17.2740000+00:00</time>
      </trkpt>
      <trkpt lat="46.78516" lon="8.04627">
        <ele>2246.7</ele>
        <time>2026-05-04T04:30:18.6650000+00:00</time>
      </trkpt>
      <trkpt lat="46.78516" lon="8.04628">
        <ele>2246.97</ele>
        <time>2026-05-04T04:30:20.0560000+00:00</time>
      </trkpt>
      <trkpt lat="46.78518" lon="8.04627">
        <ele>2248.19</ele>
        <time>2026-05-04T04:30:24.3580000+00:00</time>
      </trkpt>
      <trkpt lat="46.78519" lon="8.04626">
        <ele>2248.62</ele>
        <time>2026-05-04T04:30:26.8240000+00:00</time>
      </trkpt>
      <trkpt lat="46.78522" lon="8.04623">
        <ele>2249.94</ele>
        <time>2026-05-04T04:30:34.2310000+00:00</time>
      </trkpt>
      <trkpt lat="46.78526" lon="8.0462">
        <ele>2251.97</ele>
        <time>2026-05-04T04:30:43.3900000+00:00</time>
      </trkpt>
      <trkpt lat="46.78528" lon="8.04618">
        <ele>2252.85</ele>
        <time>2026-05-04T04:30:48.3270000+00:00</time>
      </trkpt>
      <trkpt lat="46.78532" lon="8.04615">
        <ele>2254.89</ele>
        <time>2026-05-04T04:30:57.4860000+00:00</time>
      </trkpt>
      <trkpt lat="46.78534" lon="8.04614">
        <ele>2256.05</ele>
        <time>2026-05-04T04:31:01.7880000+00:00</time>
      </trkpt>
      <trkpt lat="46.78537" lon="8.04611">
        <ele>2257.37</ele>
        <time>2026-05-04T04:31:09.1940000+00:00</time>
      </trkpt>
      <trkpt lat="46.7854" lon="8.04608">
        <ele>2258.7</ele>
        <time>2026-05-04T04:31:16.6010000+00:00</time>
      </trkpt>
      <trkpt lat="46.78543" lon="8.04607">
        <ele>2260.58</ele>
        <time>2026-05-04T04:31:22.8660000+00:00</time>
      </trkpt>
      <trkpt lat="46.78546" lon="8.04605">
        <ele>2262.18</ele>
        <time>2026-05-04T04:31:29.5830000+00:00</time>
      </trkpt>
      <trkpt lat="46.78549" lon="8.04601">
        <ele>2263.25</ele>
        <time>2026-05-04T04:31:37.8580000+00:00</time>
      </trkpt>
      <trkpt lat="46.78553" lon="8.04599">
        <ele>2265.57</ele>
        <time>2026-05-04T04:31:46.4690000+00:00</time>
      </trkpt>
      <trkpt lat="46.78559" lon="8.04597">
        <ele>2269.34</ele>
        <time>2026-05-04T04:31:59.0040000+00:00</time>
      </trkpt>
      <trkpt lat="46.78565" lon="8.0459">
        <ele>2271.76</ele>
        <time>2026-05-04T04:32:14.6460000+00:00</time>
      </trkpt>
      <trkpt lat="46.7857" lon="8.04584">
        <ele>2273.75</ele>
        <time>2026-05-04T04:32:27.8250000+00:00</time>
      </trkpt>
      <trkpt lat="46.78575" lon="8.04577">
        <ele>2275.35</ele>
        <time>2026-05-04T04:32:41.9320000+00:00</time>
      </trkpt>
      <trkpt lat="46.78582" lon="8.04566">
        <ele>2277.03</ele>
        <time>2026-05-04T04:33:02.8760000+00:00</time>
      </trkpt>
      <trkpt lat="46.78588" lon="8.04555">
        <ele>2278.12</ele>
        <time>2026-05-04T04:33:22.4900000+00:00</time>
      </trkpt>
      <trkpt lat="46.78595" lon="8.04546">
        <ele>2280.69</ele>
        <time>2026-05-04T04:33:41.4870000+00:00</time>
      </trkpt>
      <trkpt lat="46.78602" lon="8.04538">
        <ele>2282.99</ele>
        <time>2026-05-04T04:33:59.5920000+00:00</time>
      </trkpt>
      <trkpt lat="46.78606" lon="8.04534">
        <ele>2281.69</ele>
        <time>2026-05-04T04:34:09.4670000+00:00</time>
      </trkpt>
      <trkpt lat="46.78612" lon="8.04529">
        <ele>2280.11</ele>
        <time>2026-05-04T04:34:23.5360000+00:00</time>
      </trkpt>
      <trkpt lat="46.78616" lon="8.04523">
        <ele>2278.44</ele>
        <time>2026-05-04T04:34:35.2150000+00:00</time>
      </trkpt>
      <trkpt lat="46.78621" lon="8.04517">
        <ele>2276.86</ele>
        <time>2026-05-04T04:34:48.3950000+00:00</time>
      </trkpt>
      <trkpt lat="46.78628" lon="8.04508">
        <ele>2274.72</ele>
        <time>2026-05-04T04:35:07.3920000+00:00</time>
      </trkpt>
      <trkpt lat="46.78634" lon="8.04496">
        <ele>2272.14</ele>
        <time>2026-05-04T04:35:28.1160000+00:00</time>
      </trkpt>
      <trkpt lat="46.78639" lon="8.04487">
        <ele>2270.9</ele>
        <time>2026-05-04T04:35:44.2800000+00:00</time>
      </trkpt>
      <trkpt lat="46.78641" lon="8.04482">
        <ele>2270.24</ele>
        <time>2026-05-04T04:35:52.3590000+00:00</time>
      </trkpt>
      <trkpt lat="46.78644" lon="8.04474">
        <ele>2269.26</ele>
        <time>2026-05-04T04:36:05.0810000+00:00</time>
      </trkpt>
      <trkpt lat="46.78648" lon="8.04466">
        <ele>2268.49</ele>
        <time>2026-05-04T04:36:18.8970000+00:00</time>
      </trkpt>
      <trkpt lat="46.7865" lon="8.04461">
        <ele>2268.02</ele>
        <time>2026-05-04T04:36:26.9750000+00:00</time>
      </trkpt>
      <trkpt lat="46.78651" lon="8.04456">
        <ele>2267.47</ele>
        <time>2026-05-04T04:36:34.2400000+00:00</time>
      </trkpt>
      <trkpt lat="46.78653" lon="8.04453">
        <ele>2267.33</ele>
        <time>2026-05-04T04:36:40.0800000+00:00</time>
      </trkpt>
      <trkpt lat="46.78656" lon="8.04449">
        <ele>2267.23</ele>
        <time>2026-05-04T04:36:48.3550000+00:00</time>
      </trkpt>
      <trkpt lat="46.7866" lon="8.04437">
        <ele>2266.43</ele>
        <time>2026-05-04T04:37:06.9690000+00:00</time>
      </trkpt>
      <trkpt lat="46.78662" lon="8.0443">
        <ele>2266</ele>
        <time>2026-05-04T04:37:17.5470000+00:00</time>
      </trkpt>
      <trkpt lat="46.78666" lon="8.04417">
        <ele>2265.42</ele>
        <time>2026-05-04T04:37:37.4240000+00:00</time>
      </trkpt>
      <trkpt lat="46.78669" lon="8.04409">
        <ele>2265.37</ele>
        <time>2026-05-04T04:37:50.1460000+00:00</time>
      </trkpt>
      <trkpt lat="46.78671" lon="8.04401">
        <ele>2265.24</ele>
        <time>2026-05-04T04:38:02.0230000+00:00</time>
      </trkpt>
      <trkpt lat="46.78674" lon="8.04387">
        <ele>2265.03</ele>
        <time>2026-05-04T04:38:22.4820000+00:00</time>
      </trkpt>
      <trkpt lat="46.78677" lon="8.04377">
        <ele>2265.2</ele>
        <time>2026-05-04T04:38:37.7100000+00:00</time>
      </trkpt>
      <trkpt lat="46.78681" lon="8.04368">
        <ele>2265.83</ele>
        <time>2026-05-04T04:38:52.6740000+00:00</time>
      </trkpt>
      <trkpt lat="46.78684" lon="8.04358">
        <ele>2266.22</ele>
        <time>2026-05-04T04:39:07.9010000+00:00</time>
      </trkpt>
      <trkpt lat="46.78688" lon="8.04346">
        <ele>2261.74</ele>
        <time>2026-05-04T04:39:26.5150000+00:00</time>
      </trkpt>
      <trkpt lat="46.78692" lon="8.04332">
        <ele>2256.56</ele>
        <time>2026-05-04T04:39:47.6720000+00:00</time>
      </trkpt>
      <trkpt lat="46.78696" lon="8.0432">
        <ele>2252.12</ele>
        <time>2026-05-04T04:40:06.2870000+00:00</time>
      </trkpt>
      <trkpt lat="46.787" lon="8.0431">
        <ele>2247.91</ele>
        <time>2026-05-04T04:40:22.4380000+00:00</time>
      </trkpt>
      <trkpt lat="46.78706" lon="8.04294">
        <ele>2241.87</ele>
        <time>2026-05-04T04:40:47.8800000+00:00</time>
      </trkpt>
      <trkpt lat="46.78709" lon="8.04284">
        <ele>2239.04</ele>
        <time>2026-05-04T04:41:03.1060000+00:00</time>
      </trkpt>
      <trkpt lat="46.78711" lon="8.04279">
        <ele>2237.14</ele>
        <time>2026-05-04T04:41:11.1820000+00:00</time>
      </trkpt>
      <trkpt lat="46.78713" lon="8.04276">
        <ele>2235.18</ele>
        <time>2026-05-04T04:41:17.0230000+00:00</time>
      </trkpt>
      <trkpt lat="46.78716" lon="8.04268">
        <ele>2232.45</ele>
        <time>2026-05-04T04:41:29.7420000+00:00</time>
      </trkpt>
      <trkpt lat="46.78718" lon="8.04263">
        <ele>2230.66</ele>
        <time>2026-05-04T04:41:37.8190000+00:00</time>
      </trkpt>
      <trkpt lat="46.7872" lon="8.04257">
        <ele>2228.95</ele>
        <time>2026-05-04T04:41:47.1250000+00:00</time>
      </trkpt>
      <trkpt lat="46.78723" lon="8.04251">
        <ele>2226.27</ele>
        <time>2026-05-04T04:41:57.4870000+00:00</time>
      </trkpt>
      <trkpt lat="46.78727" lon="8.04242">
        <ele>2222.36</ele>
        <time>2026-05-04T04:42:12.4510000+00:00</time>
      </trkpt>
      <trkpt lat="46.78731" lon="8.04234">
        <ele>2218.12</ele>
        <time>2026-05-04T04:42:26.2670000+00:00</time>
      </trkpt>
      <trkpt lat="46.78734" lon="8.04223">
        <ele>2214.89</ele>
        <time>2026-05-04T04:42:42.7810000+00:00</time>
      </trkpt>
      <trkpt lat="46.7874" lon="8.04213">
        <ele>2209.07</ele>
        <time>2026-05-04T04:43:01.3240000+00:00</time>
      </trkpt>
      <trkpt lat="46.78744" lon="8.04205">
        <ele>2205.34</ele>
        <time>2026-05-04T04:43:15.1400000+00:00</time>
      </trkpt>
      <trkpt lat="46.78748" lon="8.04198">
        <ele>2201.76</ele>
        <time>2026-05-04T04:43:27.8550000+00:00</time>
      </trkpt>
      <trkpt lat="46.7875" lon="8.04197">
        <ele>2199.99</ele>
        <time>2026-05-04T04:43:32.1570000+00:00</time>
      </trkpt>
      <trkpt lat="46.78751" lon="8.04199">
        <ele>2199.09</ele>
        <time>2026-05-04T04:43:35.6180000+00:00</time>
      </trkpt>
      <trkpt lat="46.78751" lon="8.04201">
        <ele>2199.07</ele>
        <time>2026-05-04T04:43:38.4110000+00:00</time>
      </trkpt>
      <trkpt lat="46.78751" lon="8.04203">
        <ele>2199.05</ele>
        <time>2026-05-04T04:43:41.2050000+00:00</time>
      </trkpt>
      <trkpt lat="46.78748" lon="8.04209">
        <ele>2201.73</ele>
        <time>2026-05-04T04:43:51.5660000+00:00</time>
      </trkpt>
      <trkpt lat="46.78745" lon="8.04217">
        <ele>2204.49</ele>
        <time>2026-05-04T04:44:04.2860000+00:00</time>
      </trkpt>
      <trkpt lat="46.78743" lon="8.04224">
        <ele>2206.41</ele>
        <time>2026-05-04T04:44:14.8630000+00:00</time>
      </trkpt>
      <trkpt lat="46.78741" lon="8.04233">
        <ele>2208.43</ele>
        <time>2026-05-04T04:44:28.0590000+00:00</time>
      </trkpt>
      <trkpt lat="46.7874" lon="8.04243">
        <ele>2209.55</ele>
        <time>2026-05-04T04:44:42.1540000+00:00</time>
      </trkpt>
      <trkpt lat="46.78736" lon="8.04254">
        <ele>2212.98</ele>
        <time>2026-05-04T04:44:59.5250000+00:00</time>
      </trkpt>
      <trkpt lat="46.78731" lon="8.04269">
        <ele>2216.91</ele>
        <time>2026-05-04T04:45:22.7920000+00:00</time>
      </trkpt>
      <trkpt lat="46.7873" lon="8.04273">
        <ele>2217.66</ele>
        <time>2026-05-04T04:45:28.7300000+00:00</time>
      </trkpt>
      <trkpt lat="46.78726" lon="8.04292">
        <ele>2220.56</ele>
        <time>2026-05-04T04:45:56.4530000+00:00</time>
      </trkpt>
      <trkpt lat="46.78722" lon="8.04308">
        <ele>2223.88</ele>
        <time>2026-05-04T04:46:20.2080000+00:00</time>
      </trkpt>
      <trkpt lat="46.7872" lon="8.04322">
        <ele>2225.28</ele>
        <time>2026-05-04T04:46:40.1520000+00:00</time>
      </trkpt>
      <trkpt lat="46.78719" lon="8.04339">
        <ele>2226.37</ele>
        <time>2026-05-04T04:47:03.9480000+00:00</time>
      </trkpt>
      <trkpt lat="46.78719" lon="8.04362">
        <ele>2227.36</ele>
        <time>2026-05-04T04:47:36.0250000+00:00</time>
      </trkpt>
      <trkpt lat="46.78719" lon="8.04374">
        <ele>2227.88</ele>
        <time>2026-05-04T04:47:52.7590000+00:00</time>
      </trkpt>
      <trkpt lat="46.78718" lon="8.04382">
        <ele>2229.36</ele>
        <time>2026-05-04T04:48:04.1010000+00:00</time>
      </trkpt>
      <trkpt lat="46.78716" lon="8.04392">
        <ele>2232.07</ele>
        <time>2026-05-04T04:48:18.6310000+00:00</time>
      </trkpt>
      <trkpt lat="46.78715" lon="8.04397">
        <ele>2233.42</ele>
        <time>2026-05-04T04:48:25.8950000+00:00</time>
      </trkpt>
      <trkpt lat="46.78714" lon="8.04408">
        <ele>2235.04</ele>
        <time>2026-05-04T04:48:41.3710000+00:00</time>
      </trkpt>
      <trkpt lat="46.78713" lon="8.04425">
        <ele>2237.02</ele>
        <time>2026-05-04T04:49:05.1670000+00:00</time>
      </trkpt>
      <trkpt lat="46.78712" lon="8.04441">
        <ele>2239</ele>
        <time>2026-05-04T04:49:27.5740000+00:00</time>
      </trkpt>
      <trkpt lat="46.78711" lon="8.04454">
        <ele>2240.83</ele>
        <time>2026-05-04T04:49:45.8190000+00:00</time>
      </trkpt>
      <trkpt lat="46.7871" lon="8.0446">
        <ele>2242.3</ele>
        <time>2026-05-04T04:49:54.4320000+00:00</time>
      </trkpt>
      <trkpt lat="46.78706" lon="8.04482">
        <ele>2248.1</ele>
        <time>2026-05-04T04:50:26.1780000+00:00</time>
      </trkpt>
      <trkpt lat="46.78704" lon="8.04499">
        <ele>2251.4</ele>
        <time>2026-05-04T04:50:50.2340000+00:00</time>
      </trkpt>
      <trkpt lat="46.787" lon="8.04521">
        <ele>2257.89</ele>
        <time>2026-05-04T04:51:21.9800000+00:00</time>
      </trkpt>
      <trkpt lat="46.78697" lon="8.04537">
        <ele>2262.99</ele>
        <time>2026-05-04T04:51:45.1160000+00:00</time>
      </trkpt>
      <trkpt lat="46.7869" lon="8.04574">
        <ele>2275.79</ele>
        <time>2026-05-04T04:52:38.6520000+00:00</time>
      </trkpt>
      <trkpt lat="46.78684" lon="8.04594">
        <ele>2286.33</ele>
        <time>2026-05-04T04:53:09.1050000+00:00</time>
      </trkpt>
      <trkpt lat="46.7868" lon="8.04614">
        <ele>2290.17</ele>
        <time>2026-05-04T04:53:38.1640000+00:00</time>
      </trkpt>
      <trkpt lat="46.78677" lon="8.04632">
        <ele>2293.68</ele>
        <time>2026-05-04T04:54:04.0010000+00:00</time>
      </trkpt>
      <trkpt lat="46.78673" lon="8.04649">
        <ele>2297.39</ele>
        <time>2026-05-04T04:54:29.0710000+00:00</time>
      </trkpt>
      <trkpt lat="46.78673" lon="8.04656">
        <ele>2298.59</ele>
        <time>2026-05-04T04:54:38.8340000+00:00</time>
      </trkpt>
      <trkpt lat="46.78667" lon="8.04678">
        <ele>2301.34</ele>
        <time>2026-05-04T04:55:11.8620000+00:00</time>
      </trkpt>
      <trkpt lat="46.78665" lon="8.04689">
        <ele>2301.82</ele>
        <time>2026-05-04T04:55:27.7340000+00:00</time>
      </trkpt>
      <trkpt lat="46.78664" lon="8.04702">
        <ele>2302.06</ele>
        <time>2026-05-04T04:55:45.9790000+00:00</time>
      </trkpt>
      <trkpt lat="46.78664" lon="8.04715">
        <ele>2302.11</ele>
        <time>2026-05-04T04:56:04.1100000+00:00</time>
      </trkpt>
      <trkpt lat="46.78664" lon="8.04718">
        <ele>2302.12</ele>
        <time>2026-05-04T04:56:08.2940000+00:00</time>
      </trkpt>
      <trkpt lat="46.78666" lon="8.04722">
        <ele>2301.91</ele>
        <time>2026-05-04T04:56:15.2020000+00:00</time>
      </trkpt>
      <trkpt lat="46.78673" lon="8.04702">
        <ele>2300.66</ele>
        <time>2026-05-04T04:56:46.5280000+00:00</time>
      </trkpt>
      <trkpt lat="46.78677" lon="8.04694">
        <ele>2299.78</ele>
        <time>2026-05-04T04:57:00.3440000+00:00</time>
      </trkpt>
      <trkpt lat="46.78683" lon="8.04683">
        <ele>2298.25</ele>
        <time>2026-05-04T04:57:19.9590000+00:00</time>
      </trkpt>
      <trkpt lat="46.7869" lon="8.04673">
        <ele>2290.16</ele>
        <time>2026-05-04T04:57:39.9040000+00:00</time>
      </trkpt>
      <trkpt lat="46.78694" lon="8.04665">
        <ele>2284.38</ele>
        <time>2026-05-04T04:57:53.7190000+00:00</time>
      </trkpt>
      <trkpt lat="46.78698" lon="8.04661">
        <ele>2278.62</ele>
        <time>2026-05-04T04:58:03.5930000+00:00</time>
      </trkpt>
      <trkpt lat="46.787" lon="8.04659">
        <ele>2275.63</ele>
        <time>2026-05-04T04:58:08.5300000+00:00</time>
      </trkpt>
      <trkpt lat="46.78701" lon="8.0466">
        <ele>2274.46</ele>
        <time>2026-05-04T04:58:10.9950000+00:00</time>
      </trkpt>
      <trkpt lat="46.78702" lon="8.04662">
        <ele>2273.45</ele>
        <time>2026-05-04T04:58:14.4510000+00:00</time>
      </trkpt>
      <trkpt lat="46.78701" lon="8.04664">
        <ele>2275</ele>
        <time>2026-05-04T04:58:17.9080000+00:00</time>
      </trkpt>
      <trkpt lat="46.787" lon="8.04668">
        <ele>2276.62</ele>
        <time>2026-05-04T04:58:23.8460000+00:00</time>
      </trkpt>
      <trkpt lat="46.78699" lon="8.04671">
        <ele>2278.16</ele>
        <time>2026-05-04T04:58:28.4990000+00:00</time>
      </trkpt>
      <trkpt lat="46.78699" lon="8.04678">
        <ele>2278.66</ele>
        <time>2026-05-04T04:58:38.2620000+00:00</time>
      </trkpt>
      <trkpt lat="46.78698" lon="8.04685">
        <ele>2280.46</ele>
        <time>2026-05-04T04:58:48.2340000+00:00</time>
      </trkpt>
      <trkpt lat="46.78698" lon="8.0469">
        <ele>2280.8</ele>
        <time>2026-05-04T04:58:55.2050000+00:00</time>
      </trkpt>
      <trkpt lat="46.78699" lon="8.04692">
        <ele>2279.66</ele>
        <time>2026-05-04T04:58:58.6570000+00:00</time>
      </trkpt>
      <trkpt lat="46.787" lon="8.04693">
        <ele>2278.44</ele>
        <time>2026-05-04T04:59:01.1220000+00:00</time>
      </trkpt>
      <trkpt lat="46.78701" lon="8.04693">
        <ele>2277.16</ele>
        <time>2026-05-04T04:59:03.1580000+00:00</time>
      </trkpt>
      <trkpt lat="46.78702" lon="8.04691">
        <ele>2275.72</ele>
        <time>2026-05-04T04:59:06.6140000+00:00</time>
      </trkpt>
      <trkpt lat="46.78704" lon="8.04684">
        <ele>2272.59</ele>
        <time>2026-05-04T04:59:17.1930000+00:00</time>
      </trkpt>
      <trkpt lat="46.78707" lon="8.04679">
        <ele>2268.27</ele>
        <time>2026-05-04T04:59:26.4640000+00:00</time>
      </trkpt>
      <trkpt lat="46.7871" lon="8.04678">
        <ele>2264.26</ele>
        <time>2026-05-04T04:59:32.7290000+00:00</time>
      </trkpt>
      <trkpt lat="46.7871" lon="8.0468">
        <ele>2264.44</ele>
        <time>2026-05-04T04:59:35.5170000+00:00</time>
      </trkpt>
      <trkpt lat="46.78713" lon="8.04697">
        <ele>2262.11</ele>
        <time>2026-05-04T05:00:00.0000000+00:00</time>
      </trkpt>
    </trkseg>
  </trk>
</gpx>