<?xml version="1.0" encoding="utf-8"?>
<gpx xmlns:xsd="http://www.w3.org/2001/XMLSchema" xmlns:xsi="http://www.w3.org/2001/XMLSchema-instance" creator="eT4 META" version="1.1" xsi:schemaLocation="http://www.topografix.com/GPX/1/1 http://www.topografix.com/GPX/1/1/gpx.xsd" xmlns="http://www.topografix.com/GPX/1/1">
  <trk>
    <name>Sentier circulaire Schynige Platte - Vue exceptionnelle sur la triple montagne</name>
    <trkseg>
      <trkpt lat="46.65193" lon="7.91077">
        <ele>1964.05</ele>
        <time>2026-05-04T00:00:00.0000000+00:00</time>
      </trkpt>
      <trkpt lat="46.65192" lon="7.91076">
        <ele>1964.13</ele>
        <time>2026-05-04T00:00:01.7190000+00:00</time>
      </trkpt>
      <trkpt lat="46.65186" lon="7.91072">
        <ele>1963.86</ele>
        <time>2026-05-04T00:00:11.0680000+00:00</time>
      </trkpt>
      <trkpt lat="46.65177" lon="7.91072">
        <ele>1961.38</ele>
        <time>2026-05-04T00:00:23.8210000+00:00</time>
      </trkpt>
      <trkpt lat="46.65169" lon="7.91073">
        <ele>1958.82</ele>
        <time>2026-05-04T00:00:35.1980000+00:00</time>
      </trkpt>
      <trkpt lat="46.65169" lon="7.91077">
        <ele>1957.42</ele>
        <time>2026-05-04T00:00:39.0900000+00:00</time>
      </trkpt>
      <trkpt lat="46.65171" lon="7.91082">
        <ele>1956.24</ele>
        <time>2026-05-04T00:00:44.7180000+00:00</time>
      </trkpt>
      <trkpt lat="46.65177" lon="7.91088">
        <ele>1955.8</ele>
        <time>2026-05-04T00:00:55.0290000+00:00</time>
      </trkpt>
      <trkpt lat="46.65187" lon="7.91097">
        <ele>1956</ele>
        <time>2026-05-04T00:01:11.6850000+00:00</time>
      </trkpt>
      <trkpt lat="46.65198" lon="7.9111">
        <ele>1955.17</ele>
        <time>2026-05-04T00:01:31.7540000+00:00</time>
      </trkpt>
      <trkpt lat="46.65205" lon="7.91122">
        <ele>1953.11</ele>
        <time>2026-05-04T00:01:47.0710000+00:00</time>
      </trkpt>
      <trkpt lat="46.65208" lon="7.91126">
        <ele>1952.47</ele>
        <time>2026-05-04T00:01:52.8350000+00:00</time>
      </trkpt>
      <trkpt lat="46.65223" lon="7.91146">
        <ele>1948.69</ele>
        <time>2026-05-04T00:02:21.6460000+00:00</time>
      </trkpt>
      <trkpt lat="46.65235" lon="7.91164">
        <ele>1944.23</ele>
        <time>2026-05-04T00:02:46.0510000+00:00</time>
      </trkpt>
      <trkpt lat="46.6525" lon="7.91188">
        <ele>1941.02</ele>
        <time>2026-05-04T00:03:17.6200000+00:00</time>
      </trkpt>
      <trkpt lat="46.6526" lon="7.91201">
        <ele>1940.32</ele>
        <time>2026-05-04T00:03:36.6100000+00:00</time>
      </trkpt>
      <trkpt lat="46.65264" lon="7.9121">
        <ele>1939.46</ele>
        <time>2026-05-04T00:03:47.0370000+00:00</time>
      </trkpt>
      <trkpt lat="46.65268" lon="7.91218">
        <ele>1938.58</ele>
        <time>2026-05-04T00:03:56.6640000+00:00</time>
      </trkpt>
      <trkpt lat="46.65273" lon="7.91225">
        <ele>1937.69</ele>
        <time>2026-05-04T00:04:06.4880000+00:00</time>
      </trkpt>
      <trkpt lat="46.65282" lon="7.91236">
        <ele>1935.63</ele>
        <time>2026-05-04T00:04:23.1340000+00:00</time>
      </trkpt>
      <trkpt lat="46.65291" lon="7.91248">
        <ele>1932.52</ele>
        <time>2026-05-04T00:04:40.4210000+00:00</time>
      </trkpt>
      <trkpt lat="46.65297" lon="7.91258">
        <ele>1930.18</ele>
        <time>2026-05-04T00:04:53.3380000+00:00</time>
      </trkpt>
      <trkpt lat="46.65303" lon="7.91263">
        <ele>1929.23</ele>
        <time>2026-05-04T00:05:03.1320000+00:00</time>
      </trkpt>
      <trkpt lat="46.65308" lon="7.91269">
        <ele>1928.41</ele>
        <time>2026-05-04T00:05:12.3100000+00:00</time>
      </trkpt>
      <trkpt lat="46.65314" lon="7.91272">
        <ele>1927.4</ele>
        <time>2026-05-04T00:05:21.2980000+00:00</time>
      </trkpt>
      <trkpt lat="46.6532" lon="7.91274">
        <ele>1926.39</ele>
        <time>2026-05-04T00:05:30.0190000+00:00</time>
      </trkpt>
      <trkpt lat="46.65327" lon="7.91276">
        <ele>1925.2</ele>
        <time>2026-05-04T00:05:40.1280000+00:00</time>
      </trkpt>
      <trkpt lat="46.65333" lon="7.91279">
        <ele>1924.14</ele>
        <time>2026-05-04T00:05:49.1170000+00:00</time>
      </trkpt>
      <trkpt lat="46.65338" lon="7.91286">
        <ele>1923.14</ele>
        <time>2026-05-04T00:05:58.9430000+00:00</time>
      </trkpt>
      <trkpt lat="46.65345" lon="7.91299">
        <ele>1921.6</ele>
        <time>2026-05-04T00:06:15.0130000+00:00</time>
      </trkpt>
      <trkpt lat="46.65351" lon="7.91313">
        <ele>1920.1</ele>
        <time>2026-05-04T00:06:31.0650000+00:00</time>
      </trkpt>
      <trkpt lat="46.65355" lon="7.91322">
        <ele>1919.06</ele>
        <time>2026-05-04T00:06:41.4930000+00:00</time>
      </trkpt>
      <trkpt lat="46.65357" lon="7.91333">
        <ele>1918.31</ele>
        <time>2026-05-04T00:06:52.5600000+00:00</time>
      </trkpt>
      <trkpt lat="46.65359" lon="7.91344">
        <ele>1917.62</ele>
        <time>2026-05-04T00:07:03.6280000+00:00</time>
      </trkpt>
      <trkpt lat="46.6536" lon="7.91355">
        <ele>1917.3</ele>
        <time>2026-05-04T00:07:14.4190000+00:00</time>
      </trkpt>
      <trkpt lat="46.65362" lon="7.91362">
        <ele>1916.79</ele>
        <time>2026-05-04T00:07:21.7940000+00:00</time>
      </trkpt>
      <trkpt lat="46.65366" lon="7.91369">
        <ele>1916.87</ele>
        <time>2026-05-04T00:07:30.6530000+00:00</time>
      </trkpt>
      <trkpt lat="46.65375" lon="7.9138">
        <ele>1917.22</ele>
        <time>2026-05-04T00:07:47.2990000+00:00</time>
      </trkpt>
      <trkpt lat="46.65385" lon="7.91396">
        <ele>1917.52</ele>
        <time>2026-05-04T00:08:08.3450000+00:00</time>
      </trkpt>
      <trkpt lat="46.65392" lon="7.91407">
        <ele>1917.71</ele>
        <time>2026-05-04T00:08:22.9340000+00:00</time>
      </trkpt>
      <trkpt lat="46.65398" lon="7.91418">
        <ele>1917.82</ele>
        <time>2026-05-04T00:08:36.5990000+00:00</time>
      </trkpt>
      <trkpt lat="46.65405" lon="7.9143">
        <ele>1918.13</ele>
        <time>2026-05-04T00:08:51.9150000+00:00</time>
      </trkpt>
      <trkpt lat="46.65409" lon="7.91439">
        <ele>1918.43</ele>
        <time>2026-05-04T00:09:02.3430000+00:00</time>
      </trkpt>
      <trkpt lat="46.65415" lon="7.91451">
        <ele>1918.86</ele>
        <time>2026-05-04T00:09:16.7820000+00:00</time>
      </trkpt>
      <trkpt lat="46.65421" lon="7.91458">
        <ele>1919.24</ele>
        <time>2026-05-04T00:09:27.6730000+00:00</time>
      </trkpt>
      <trkpt lat="46.65424" lon="7.91465">
        <ele>1919.46</ele>
        <time>2026-05-04T00:09:35.6990000+00:00</time>
      </trkpt>
      <trkpt lat="46.65427" lon="7.91469">
        <ele>1919.66</ele>
        <time>2026-05-04T00:09:41.4600000+00:00</time>
      </trkpt>
      <trkpt lat="46.65431" lon="7.91471">
        <ele>1919.87</ele>
        <time>2026-05-04T00:09:47.4530000+00:00</time>
      </trkpt>
      <trkpt lat="46.65438" lon="7.91473">
        <ele>1920.23</ele>
        <time>2026-05-04T00:09:57.5590000+00:00</time>
      </trkpt>
      <trkpt lat="46.65442" lon="7.91477">
        <ele>1920.47</ele>
        <time>2026-05-04T00:10:04.4320000+00:00</time>
      </trkpt>
      <trkpt lat="46.65445" lon="7.91482">
        <ele>1920.68</ele>
        <time>2026-05-04T00:10:10.8910000+00:00</time>
      </trkpt>
      <trkpt lat="46.65448" lon="7.9149">
        <ele>1920.84</ele>
        <time>2026-05-04T00:10:19.7560000+00:00</time>
      </trkpt>
      <trkpt lat="46.65449" lon="7.91497">
        <ele>1920.93</ele>
        <time>2026-05-04T00:10:26.7100000+00:00</time>
      </trkpt>
      <trkpt lat="46.6545" lon="7.91503">
        <ele>1921.01</ele>
        <time>2026-05-04T00:10:32.7150000+00:00</time>
      </trkpt>
      <trkpt lat="46.65454" lon="7.91518">
        <ele>1920.19</ele>
        <time>2026-05-04T00:10:48.3650000+00:00</time>
      </trkpt>
      <trkpt lat="46.65458" lon="7.91533">
        <ele>1919.29</ele>
        <time>2026-05-04T00:11:04.0150000+00:00</time>
      </trkpt>
      <trkpt lat="46.65461" lon="7.91544">
        <ele>1918.85</ele>
        <time>2026-05-04T00:11:15.5260000+00:00</time>
      </trkpt>
      <trkpt lat="46.65464" lon="7.91548">
        <ele>1918.99</ele>
        <time>2026-05-04T00:11:21.2870000+00:00</time>
      </trkpt>
      <trkpt lat="46.6547" lon="7.91555">
        <ele>1919.51</ele>
        <time>2026-05-04T00:11:32.1790000+00:00</time>
      </trkpt>
      <trkpt lat="46.65474" lon="7.91559">
        <ele>1920.01</ele>
        <time>2026-05-04T00:11:39.0540000+00:00</time>
      </trkpt>
      <trkpt lat="46.6548" lon="7.9157">
        <ele>1920.88</ele>
        <time>2026-05-04T00:11:52.7190000+00:00</time>
      </trkpt>
      <trkpt lat="46.65489" lon="7.91578">
        <ele>1922.76</ele>
        <time>2026-05-04T00:12:07.6580000+00:00</time>
      </trkpt>
      <trkpt lat="46.65499" lon="7.91586">
        <ele>1925.3</ele>
        <time>2026-05-04T00:12:23.8230000+00:00</time>
      </trkpt>
      <trkpt lat="46.65511" lon="7.91595">
        <ele>1928.18</ele>
        <time>2026-05-04T00:12:42.9470000+00:00</time>
      </trkpt>
      <trkpt lat="46.6552" lon="7.91602">
        <ele>1930.29</ele>
        <time>2026-05-04T00:12:57.4020000+00:00</time>
      </trkpt>
      <trkpt lat="46.65528" lon="7.91607">
        <ele>1932.57</ele>
        <time>2026-05-04T00:13:09.7370000+00:00</time>
      </trkpt>
      <trkpt lat="46.65531" lon="7.91608">
        <ele>1932.6</ele>
        <time>2026-05-04T00:13:14.0980000+00:00</time>
      </trkpt>
      <trkpt lat="46.65535" lon="7.91613">
        <ele>1932.25</ele>
        <time>2026-05-04T00:13:21.5670000+00:00</time>
      </trkpt>
      <trkpt lat="46.65538" lon="7.91616">
        <ele>1932.03</ele>
        <time>2026-05-04T00:13:26.7230000+00:00</time>
      </trkpt>
      <trkpt lat="46.65543" lon="7.91623">
        <ele>1931.74</ele>
        <time>2026-05-04T00:13:36.5470000+00:00</time>
      </trkpt>
      <trkpt lat="46.65545" lon="7.91625">
        <ele>1931.64</ele>
        <time>2026-05-04T00:13:39.9860000+00:00</time>
      </trkpt>
      <trkpt lat="46.65551" lon="7.91624">
        <ele>1931.27</ele>
        <time>2026-05-04T00:13:48.5440000+00:00</time>
      </trkpt>
      <trkpt lat="46.65556" lon="7.91623">
        <ele>1930.94</ele>
        <time>2026-05-04T00:13:55.6940000+00:00</time>
      </trkpt>
      <trkpt lat="46.65559" lon="7.91625">
        <ele>1930.82</ele>
        <time>2026-05-04T00:14:00.3700000+00:00</time>
      </trkpt>
      <trkpt lat="46.65566" lon="7.9163">
        <ele>1930.63</ele>
        <time>2026-05-04T00:14:11.4160000+00:00</time>
      </trkpt>
      <trkpt lat="46.65572" lon="7.91632">
        <ele>1930.42</ele>
        <time>2026-05-04T00:14:20.1370000+00:00</time>
      </trkpt>
      <trkpt lat="46.65579" lon="7.91632">
        <ele>1930.09</ele>
        <time>2026-05-04T00:14:30.0550000+00:00</time>
      </trkpt>
      <trkpt lat="46.65585" lon="7.91629">
        <ele>1929.59</ele>
        <time>2026-05-04T00:14:39.0440000+00:00</time>
      </trkpt>
      <trkpt lat="46.65588" lon="7.91627">
        <ele>1929.29</ele>
        <time>2026-05-04T00:14:43.7170000+00:00</time>
      </trkpt>
      <trkpt lat="46.65591" lon="7.91625">
        <ele>1928.97</ele>
        <time>2026-05-04T00:14:48.3910000+00:00</time>
      </trkpt>
      <trkpt lat="46.65594" lon="7.91625">
        <ele>1928.79</ele>
        <time>2026-05-04T00:14:52.6420000+00:00</time>
      </trkpt>
      <trkpt lat="46.65597" lon="7.91626">
        <ele>1928.7</ele>
        <time>2026-05-04T00:14:57.0040000+00:00</time>
      </trkpt>
      <trkpt lat="46.65604" lon="7.9163">
        <ele>1928.69</ele>
        <time>2026-05-04T00:15:07.6580000+00:00</time>
      </trkpt>
      <trkpt lat="46.65617" lon="7.91636">
        <ele>1928.47</ele>
        <time>2026-05-04T00:15:26.9800000+00:00</time>
      </trkpt>
      <trkpt lat="46.65623" lon="7.91642">
        <ele>1928.51</ele>
        <time>2026-05-04T00:15:37.2910000+00:00</time>
      </trkpt>
      <trkpt lat="46.65628" lon="7.91644">
        <ele>1928.22</ele>
        <time>2026-05-04T00:15:44.6390000+00:00</time>
      </trkpt>
      <trkpt lat="46.65632" lon="7.91647">
        <ele>1928.1</ele>
        <time>2026-05-04T00:15:51.0150000+00:00</time>
      </trkpt>
      <trkpt lat="46.65638" lon="7.91655">
        <ele>1928.21</ele>
        <time>2026-05-04T00:16:02.5380000+00:00</time>
      </trkpt>
      <trkpt lat="46.65649" lon="7.91674">
        <ele>1928.61</ele>
        <time>2026-05-04T00:16:26.7120000+00:00</time>
      </trkpt>
      <trkpt lat="46.65658" lon="7.91687">
        <ele>1929.37</ele>
        <time>2026-05-04T00:16:44.6700000+00:00</time>
      </trkpt>
      <trkpt lat="46.65662" lon="7.9169">
        <ele>1929.36</ele>
        <time>2026-05-04T00:16:51.0450000+00:00</time>
      </trkpt>
      <trkpt lat="46.65665" lon="7.91696">
        <ele>1929.91</ele>
        <time>2026-05-04T00:16:58.2650000+00:00</time>
      </trkpt>
      <trkpt lat="46.65672" lon="7.91706">
        <ele>1930.7</ele>
        <time>2026-05-04T00:17:12.1550000+00:00</time>
      </trkpt>
      <trkpt lat="46.65679" lon="7.91714">
        <ele>1931.27</ele>
        <time>2026-05-04T00:17:24.7610000+00:00</time>
      </trkpt>
      <trkpt lat="46.65684" lon="7.91722">
        <ele>1932.1</ele>
        <time>2026-05-04T00:17:35.2840000+00:00</time>
      </trkpt>
      <trkpt lat="46.65688" lon="7.91725">
        <ele>1932.24</ele>
        <time>2026-05-04T00:17:41.6600000+00:00</time>
      </trkpt>
      <trkpt lat="46.65691" lon="7.91728">
        <ele>1932.49</ele>
        <time>2026-05-04T00:17:46.8160000+00:00</time>
      </trkpt>
      <trkpt lat="46.65693" lon="7.91733">
        <ele>1933.16</ele>
        <time>2026-05-04T00:17:52.4450000+00:00</time>
      </trkpt>
      <trkpt lat="46.65699" lon="7.91736">
        <ele>1933.03</ele>
        <time>2026-05-04T00:18:01.4330000+00:00</time>
      </trkpt>
      <trkpt lat="46.65705" lon="7.91741">
        <ele>1933.14</ele>
        <time>2026-05-04T00:18:11.2270000+00:00</time>
      </trkpt>
      <trkpt lat="46.65708" lon="7.91747">
        <ele>1933.79</ele>
        <time>2026-05-04T00:18:18.4450000+00:00</time>
      </trkpt>
      <trkpt lat="46.6571" lon="7.91751">
        <ele>1934.23</ele>
        <time>2026-05-04T00:18:23.2590000+00:00</time>
      </trkpt>
      <trkpt lat="46.65709" lon="7.91757">
        <ele>1935.36</ele>
        <time>2026-05-04T00:18:29.2630000+00:00</time>
      </trkpt>
      <trkpt lat="46.65708" lon="7.91763">
        <ele>1935.86</ele>
        <time>2026-05-04T00:18:35.2680000+00:00</time>
      </trkpt>
      <trkpt lat="46.65708" lon="7.91771">
        <ele>1936.37</ele>
        <time>2026-05-04T00:18:43.0480000+00:00</time>
      </trkpt>
      <trkpt lat="46.65707" lon="7.9178">
        <ele>1937.01</ele>
        <time>2026-05-04T00:18:51.9150000+00:00</time>
      </trkpt>
      <trkpt lat="46.65705" lon="7.91794">
        <ele>1937.95</ele>
        <time>2026-05-04T00:19:05.8220000+00:00</time>
      </trkpt>
      <trkpt lat="46.65702" lon="7.91812">
        <ele>1938.98</ele>
        <time>2026-05-04T00:19:23.8360000+00:00</time>
      </trkpt>
      <trkpt lat="46.65703" lon="7.91819">
        <ele>1939.35</ele>
        <time>2026-05-04T00:19:30.7880000+00:00</time>
      </trkpt>
      <trkpt lat="46.65702" lon="7.91826">
        <ele>1939.69</ele>
        <time>2026-05-04T00:19:37.7410000+00:00</time>
      </trkpt>
      <trkpt lat="46.65703" lon="7.91836">
        <ele>1940.25</ele>
        <time>2026-05-04T00:19:47.5690000+00:00</time>
      </trkpt>
      <trkpt lat="46.65705" lon="7.91843">
        <ele>1940.12</ele>
        <time>2026-05-04T00:19:54.9420000+00:00</time>
      </trkpt>
      <trkpt lat="46.65708" lon="7.91848">
        <ele>1939.5</ele>
        <time>2026-05-04T00:20:01.4000000+00:00</time>
      </trkpt>
      <trkpt lat="46.65714" lon="7.91854">
        <ele>1938.94</ele>
        <time>2026-05-04T00:20:11.7100000+00:00</time>
      </trkpt>
      <trkpt lat="46.6572" lon="7.91857">
        <ele>1938.89</ele>
        <time>2026-05-04T00:20:20.6990000+00:00</time>
      </trkpt>
      <trkpt lat="46.65724" lon="7.91861">
        <ele>1938.56</ele>
        <time>2026-05-04T00:20:27.5740000+00:00</time>
      </trkpt>
      <trkpt lat="46.65728" lon="7.91861">
        <ele>1938.85</ele>
        <time>2026-05-04T00:20:33.2410000+00:00</time>
      </trkpt>
      <trkpt lat="46.65732" lon="7.91863">
        <ele>1938.85</ele>
        <time>2026-05-04T00:20:39.2310000+00:00</time>
      </trkpt>
      <trkpt lat="46.65733" lon="7.91865">
        <ele>1938.63</ele>
        <time>2026-05-04T00:20:41.6380000+00:00</time>
      </trkpt>
      <trkpt lat="46.65735" lon="7.91873">
        <ele>1937.61</ele>
        <time>2026-05-04T00:20:49.9170000+00:00</time>
      </trkpt>
      <trkpt lat="46.65735" lon="7.91881">
        <ele>1936.45</ele>
        <time>2026-05-04T00:20:57.6950000+00:00</time>
      </trkpt>
      <trkpt lat="46.65735" lon="7.91888">
        <ele>1935.44</ele>
        <time>2026-05-04T00:21:04.5010000+00:00</time>
      </trkpt>
      <trkpt lat="46.65735" lon="7.91892">
        <ele>1934.86</ele>
        <time>2026-05-04T00:21:08.3870000+00:00</time>
      </trkpt>
      <trkpt lat="46.65737" lon="7.91898">
        <ele>1934.17</ele>
        <time>2026-05-04T00:21:14.8730000+00:00</time>
      </trkpt>
      <trkpt lat="46.65741" lon="7.91903">
        <ele>1933.84</ele>
        <time>2026-05-04T00:21:22.3400000+00:00</time>
      </trkpt>
      <trkpt lat="46.65745" lon="7.91907">
        <ele>1933.66</ele>
        <time>2026-05-04T00:21:29.2150000+00:00</time>
      </trkpt>
      <trkpt lat="46.65748" lon="7.91913">
        <ele>1933.13</ele>
        <time>2026-05-04T00:21:36.4350000+00:00</time>
      </trkpt>
      <trkpt lat="46.6575" lon="7.91919">
        <ele>1932.52</ele>
        <time>2026-05-04T00:21:42.9220000+00:00</time>
      </trkpt>
      <trkpt lat="46.65754" lon="7.91925">
        <ele>1931.67</ele>
        <time>2026-05-04T00:21:51.0570000+00:00</time>
      </trkpt>
      <trkpt lat="46.6576" lon="7.91934">
        <ele>1928.67</ele>
        <time>2026-05-04T00:22:03.2590000+00:00</time>
      </trkpt>
      <trkpt lat="46.65766" lon="7.9194">
        <ele>1927.13</ele>
        <time>2026-05-04T00:22:13.5700000+00:00</time>
      </trkpt>
      <trkpt lat="46.65771" lon="7.91943">
        <ele>1926.74</ele>
        <time>2026-05-04T00:22:21.2330000+00:00</time>
      </trkpt>
      <trkpt lat="46.65776" lon="7.91944">
        <ele>1927.17</ele>
        <time>2026-05-04T00:22:28.3830000+00:00</time>
      </trkpt>
      <trkpt lat="46.65782" lon="7.91946">
        <ele>1927.4</ele>
        <time>2026-05-04T00:22:37.1050000+00:00</time>
      </trkpt>
      <trkpt lat="46.65786" lon="7.91952">
        <ele>1925.9</ele>
        <time>2026-05-04T00:22:45.2390000+00:00</time>
      </trkpt>
      <trkpt lat="46.65789" lon="7.91956">
        <ele>1924.98</ele>
        <time>2026-05-04T00:22:51.0000000+00:00</time>
      </trkpt>
      <trkpt lat="46.65794" lon="7.91959">
        <ele>1924.77</ele>
        <time>2026-05-04T00:22:58.6630000+00:00</time>
      </trkpt>
      <trkpt lat="46.65799" lon="7.9196">
        <ele>1925.27</ele>
        <time>2026-05-04T00:23:05.8130000+00:00</time>
      </trkpt>
      <trkpt lat="46.65803" lon="7.91964">
        <ele>1924.61</ele>
        <time>2026-05-04T00:23:12.6860000+00:00</time>
      </trkpt>
      <trkpt lat="46.65807" lon="7.91968">
        <ele>1923.98</ele>
        <time>2026-05-04T00:23:19.5590000+00:00</time>
      </trkpt>
      <trkpt lat="46.6581" lon="7.91968">
        <ele>1924.51</ele>
        <time>2026-05-04T00:23:23.8110000+00:00</time>
      </trkpt>
      <trkpt lat="46.65812" lon="7.91967">
        <ele>1925.19</ele>
        <time>2026-05-04T00:23:26.8060000+00:00</time>
      </trkpt>
      <trkpt lat="46.65818" lon="7.91965">
        <ele>1926.88</ele>
        <time>2026-05-04T00:23:35.5270000+00:00</time>
      </trkpt>
      <trkpt lat="46.65823" lon="7.91963">
        <ele>1928.39</ele>
        <time>2026-05-04T00:23:42.8730000+00:00</time>
      </trkpt>
      <trkpt lat="46.65826" lon="7.91963">
        <ele>1928.9</ele>
        <time>2026-05-04T00:23:47.1230000+00:00</time>
      </trkpt>
      <trkpt lat="46.65831" lon="7.91961">
        <ele>1930.38</ele>
        <time>2026-05-04T00:23:54.4690000+00:00</time>
      </trkpt>
      <trkpt lat="46.65834" lon="7.9196">
        <ele>1931.19</ele>
        <time>2026-05-04T00:23:58.8310000+00:00</time>
      </trkpt>
      <trkpt lat="46.65838" lon="7.9196">
        <ele>1931.87</ele>
        <time>2026-05-04T00:24:04.4970000+00:00</time>
      </trkpt>
      <trkpt lat="46.65844" lon="7.91967">
        <ele>1930.82</ele>
        <time>2026-05-04T00:24:15.3890000+00:00</time>
      </trkpt>
      <trkpt lat="46.65851" lon="7.91977">
        <ele>1929.19</ele>
        <time>2026-05-04T00:24:29.2790000+00:00</time>
      </trkpt>
      <trkpt lat="46.65856" lon="7.91984">
        <ele>1928.14</ele>
        <time>2026-05-04T00:24:39.1040000+00:00</time>
      </trkpt>
      <trkpt lat="46.65859" lon="7.9199">
        <ele>1927.05</ele>
        <time>2026-05-04T00:24:46.3220000+00:00</time>
      </trkpt>
      <trkpt lat="46.65863" lon="7.91996">
        <ele>1926.37</ele>
        <time>2026-05-04T00:24:54.4550000+00:00</time>
      </trkpt>
      <trkpt lat="46.6587" lon="7.92">
        <ele>1927.81</ele>
        <time>2026-05-04T00:25:05.1090000+00:00</time>
      </trkpt>
      <trkpt lat="46.6588" lon="7.92007">
        <ele>1929.92</ele>
        <time>2026-05-04T00:25:20.8280000+00:00</time>
      </trkpt>
      <trkpt lat="46.65889" lon="7.92014">
        <ele>1931.81</ele>
        <time>2026-05-04T00:25:35.2830000+00:00</time>
      </trkpt>
      <trkpt lat="46.65899" lon="7.92023">
        <ele>1933.8</ele>
        <time>2026-05-04T00:25:51.9380000+00:00</time>
      </trkpt>
      <trkpt lat="46.65908" lon="7.92033">
        <ele>1935.35</ele>
        <time>2026-05-04T00:26:07.9750000+00:00</time>
      </trkpt>
      <trkpt lat="46.65916" lon="7.92042">
        <ele>1936.86</ele>
        <time>2026-05-04T00:26:22.2950000+00:00</time>
      </trkpt>
      <trkpt lat="46.65919" lon="7.92045">
        <ele>1937.54</ele>
        <time>2026-05-04T00:26:27.4500000+00:00</time>
      </trkpt>
      <trkpt lat="46.65926" lon="7.92054">
        <ele>1938.81</ele>
        <time>2026-05-04T00:26:40.6780000+00:00</time>
      </trkpt>
      <trkpt lat="46.65932" lon="7.92062">
        <ele>1939.95</ele>
        <time>2026-05-04T00:26:52.2010000+00:00</time>
      </trkpt>
      <trkpt lat="46.65938" lon="7.92068">
        <ele>1941.54</ele>
        <time>2026-05-04T00:27:02.5120000+00:00</time>
      </trkpt>
      <trkpt lat="46.65945" lon="7.92073">
        <ele>1943.83</ele>
        <time>2026-05-04T00:27:13.5570000+00:00</time>
      </trkpt>
      <trkpt lat="46.65952" lon="7.92083">
        <ele>1943.35</ele>
        <time>2026-05-04T00:27:27.4490000+00:00</time>
      </trkpt>
      <trkpt lat="46.65957" lon="7.92086">
        <ele>1943.75</ele>
        <time>2026-05-04T00:27:35.1110000+00:00</time>
      </trkpt>
      <trkpt lat="46.65963" lon="7.92095">
        <ele>1943.61</ele>
        <time>2026-05-04T00:27:47.3130000+00:00</time>
      </trkpt>
      <trkpt lat="46.65966" lon="7.92102">
        <ele>1943.25</ele>
        <time>2026-05-04T00:27:55.3370000+00:00</time>
      </trkpt>
      <trkpt lat="46.6597" lon="7.92106">
        <ele>1943.41</ele>
        <time>2026-05-04T00:28:02.2110000+00:00</time>
      </trkpt>
      <trkpt lat="46.65973" lon="7.92114">
        <ele>1942.85</ele>
        <time>2026-05-04T00:28:11.0760000+00:00</time>
      </trkpt>
      <trkpt lat="46.65977" lon="7.92122">
        <ele>1942.4</ele>
        <time>2026-05-04T00:28:20.7010000+00:00</time>
      </trkpt>
      <trkpt lat="46.65979" lon="7.92131">
        <ele>1941.47</ele>
        <time>2026-05-04T00:28:29.9000000+00:00</time>
      </trkpt>
      <trkpt lat="46.65982" lon="7.92138">
        <ele>1940.92</ele>
        <time>2026-05-04T00:28:37.9260000+00:00</time>
      </trkpt>
      <trkpt lat="46.65985" lon="7.92145">
        <ele>1940.34</ele>
        <time>2026-05-04T00:28:45.9520000+00:00</time>
      </trkpt>
      <trkpt lat="46.65993" lon="7.92155">
        <ele>1939.9</ele>
        <time>2026-05-04T00:29:00.8870000+00:00</time>
      </trkpt>
      <trkpt lat="46.65996" lon="7.92162">
        <ele>1939.21</ele>
        <time>2026-05-04T00:29:08.9130000+00:00</time>
      </trkpt>
      <trkpt lat="46.66001" lon="7.92169">
        <ele>1938.7</ele>
        <time>2026-05-04T00:29:18.7380000+00:00</time>
      </trkpt>
      <trkpt lat="46.66009" lon="7.92176">
        <ele>1938.31</ele>
        <time>2026-05-04T00:29:31.9600000+00:00</time>
      </trkpt>
      <trkpt lat="46.66014" lon="7.92178">
        <ele>1938.42</ele>
        <time>2026-05-04T00:29:39.3070000+00:00</time>
      </trkpt>
      <trkpt lat="46.6602" lon="7.92179">
        <ele>1938.85</ele>
        <time>2026-05-04T00:29:47.8640000+00:00</time>
      </trkpt>
      <trkpt lat="46.66025" lon="7.92181">
        <ele>1938.96</ele>
        <time>2026-05-04T00:29:55.2110000+00:00</time>
      </trkpt>
      <trkpt lat="46.66029" lon="7.92185">
        <ele>1938.57</ele>
        <time>2026-05-04T00:30:02.0840000+00:00</time>
      </trkpt>
      <trkpt lat="46.66036" lon="7.92191">
        <ele>1938.53</ele>
        <time>2026-05-04T00:30:13.5910000+00:00</time>
      </trkpt>
      <trkpt lat="46.66042" lon="7.92196">
        <ele>1938.47</ele>
        <time>2026-05-04T00:30:23.3840000+00:00</time>
      </trkpt>
      <trkpt lat="46.66046" lon="7.92204">
        <ele>1937.35</ele>
        <time>2026-05-04T00:30:33.0090000+00:00</time>
      </trkpt>
      <trkpt lat="46.66048" lon="7.92213">
        <ele>1935.61</ele>
        <time>2026-05-04T00:30:42.2070000+00:00</time>
      </trkpt>
      <trkpt lat="46.66049" lon="7.92217">
        <ele>1934.85</ele>
        <time>2026-05-04T00:30:46.3490000+00:00</time>
      </trkpt>
      <trkpt lat="46.66054" lon="7.9222">
        <ele>1934.95</ele>
        <time>2026-05-04T00:30:54.0110000+00:00</time>
      </trkpt>
      <trkpt lat="46.66058" lon="7.9222">
        <ele>1935.58</ele>
        <time>2026-05-04T00:30:59.6800000+00:00</time>
      </trkpt>
      <trkpt lat="46.66064" lon="7.92226">
        <ele>1935.08</ele>
        <time>2026-05-04T00:31:09.9910000+00:00</time>
      </trkpt>
      <trkpt lat="46.66072" lon="7.92236">
        <ele>1933.84</ele>
        <time>2026-05-04T00:31:24.9260000+00:00</time>
      </trkpt>
      <trkpt lat="46.66081" lon="7.92238">
        <ele>1934.65</ele>
        <time>2026-05-04T00:31:37.8250000+00:00</time>
      </trkpt>
      <trkpt lat="46.66086" lon="7.92241">
        <ele>1934.61</ele>
        <time>2026-05-04T00:31:45.4860000+00:00</time>
      </trkpt>
      <trkpt lat="46.66094" lon="7.92242">
        <ele>1935.49</ele>
        <time>2026-05-04T00:31:56.8630000+00:00</time>
      </trkpt>
      <trkpt lat="46.66103" lon="7.92243">
        <ele>1936.5</ele>
        <time>2026-05-04T00:32:09.6530000+00:00</time>
      </trkpt>
      <trkpt lat="46.6611" lon="7.92247">
        <ele>1936.39</ele>
        <time>2026-05-04T00:32:20.3060000+00:00</time>
      </trkpt>
      <trkpt lat="46.66115" lon="7.92254">
        <ele>1935.68</ele>
        <time>2026-05-04T00:32:30.1310000+00:00</time>
      </trkpt>
      <trkpt lat="46.66118" lon="7.92255">
        <ele>1936.3</ele>
        <time>2026-05-04T00:32:34.4910000+00:00</time>
      </trkpt>
      <trkpt lat="46.66125" lon="7.92265">
        <ele>1936.62</ele>
        <time>2026-05-04T00:32:48.3810000+00:00</time>
      </trkpt>
      <trkpt lat="46.6613" lon="7.92269">
        <ele>1937.36</ele>
        <time>2026-05-04T00:32:56.4640000+00:00</time>
      </trkpt>
      <trkpt lat="46.66136" lon="7.92273">
        <ele>1938.31</ele>
        <time>2026-05-04T00:33:05.8140000+00:00</time>
      </trkpt>
      <trkpt lat="46.6614" lon="7.92277">
        <ele>1938.65</ele>
        <time>2026-05-04T00:33:12.6870000+00:00</time>
      </trkpt>
      <trkpt lat="46.66144" lon="7.92284">
        <ele>1938.35</ele>
        <time>2026-05-04T00:33:21.5450000+00:00</time>
      </trkpt>
      <trkpt lat="46.66148" lon="7.92287">
        <ele>1938.77</ele>
        <time>2026-05-04T00:33:27.9180000+00:00</time>
      </trkpt>
      <trkpt lat="46.66152" lon="7.92288">
        <ele>1939.57</ele>
        <time>2026-05-04T00:33:33.6690000+00:00</time>
      </trkpt>
      <trkpt lat="46.6616" lon="7.92293">
        <ele>1940.46</ele>
        <time>2026-05-04T00:33:46.0040000+00:00</time>
      </trkpt>
      <trkpt lat="46.66169" lon="7.92302">
        <ele>1940.53</ele>
        <time>2026-05-04T00:34:01.4700000+00:00</time>
      </trkpt>
      <trkpt lat="46.66179" lon="7.92313">
        <ele>1940.05</ele>
        <time>2026-05-04T00:34:19.2230000+00:00</time>
      </trkpt>
      <trkpt lat="46.66181" lon="7.92316">
        <ele>1939.7</ele>
        <time>2026-05-04T00:34:23.2900000+00:00</time>
      </trkpt>
      <trkpt lat="46.66189" lon="7.92325">
        <ele>1938.95</ele>
        <time>2026-05-04T00:34:37.6110000+00:00</time>
      </trkpt>
      <trkpt lat="46.66194" lon="7.92332">
        <ele>1937.98</ele>
        <time>2026-05-04T00:34:47.4360000+00:00</time>
      </trkpt>
      <trkpt lat="46.66194" lon="7.92344">
        <ele>1934.57</ele>
        <time>2026-05-04T00:34:59.1050000+00:00</time>
      </trkpt>
      <trkpt lat="46.66194" lon="7.92352">
        <ele>1932.17</ele>
        <time>2026-05-04T00:35:06.8850000+00:00</time>
      </trkpt>
      <trkpt lat="46.66196" lon="7.92356">
        <ele>1931.5</ele>
        <time>2026-05-04T00:35:11.6990000+00:00</time>
      </trkpt>
      <trkpt lat="46.662" lon="7.9236">
        <ele>1931.67</ele>
        <time>2026-05-04T00:35:18.5750000+00:00</time>
      </trkpt>
      <trkpt lat="46.66207" lon="7.92363">
        <ele>1933.2</ele>
        <time>2026-05-04T00:35:28.9130000+00:00</time>
      </trkpt>
      <trkpt lat="46.66211" lon="7.92364">
        <ele>1934.29</ele>
        <time>2026-05-04T00:35:34.6630000+00:00</time>
      </trkpt>
      <trkpt lat="46.66216" lon="7.92363">
        <ele>1936.3</ele>
        <time>2026-05-04T00:35:41.8140000+00:00</time>
      </trkpt>
      <trkpt lat="46.6622" lon="7.92363">
        <ele>1937.68</ele>
        <time>2026-05-04T00:35:47.4800000+00:00</time>
      </trkpt>
      <trkpt lat="46.66224" lon="7.92364">
        <ele>1938.78</ele>
        <time>2026-05-04T00:35:53.2300000+00:00</time>
      </trkpt>
      <trkpt lat="46.66229" lon="7.92365">
        <ele>1940.23</ele>
        <time>2026-05-04T00:36:00.3810000+00:00</time>
      </trkpt>
      <trkpt lat="46.66237" lon="7.92367">
        <ele>1942.48</ele>
        <time>2026-05-04T00:36:11.8820000+00:00</time>
      </trkpt>
      <trkpt lat="46.66244" lon="7.9237">
        <ele>1944.14</ele>
        <time>2026-05-04T00:36:22.2210000+00:00</time>
      </trkpt>
      <trkpt lat="46.66248" lon="7.9237">
        <ele>1945.54</ele>
        <time>2026-05-04T00:36:27.8870000+00:00</time>
      </trkpt>
      <trkpt lat="46.66257" lon="7.92378">
        <ele>1946.72</ele>
        <time>2026-05-04T00:36:42.8250000+00:00</time>
      </trkpt>
      <trkpt lat="46.66265" lon="7.92383">
        <ele>1948.38</ele>
        <time>2026-05-04T00:36:55.1590000+00:00</time>
      </trkpt>
      <trkpt lat="46.6627" lon="7.92389">
        <ele>1948.78</ele>
        <time>2026-05-04T00:37:04.3370000+00:00</time>
      </trkpt>
      <trkpt lat="46.66277" lon="7.92396">
        <ele>1949.75</ele>
        <time>2026-05-04T00:37:16.3670000+00:00</time>
      </trkpt>
      <trkpt lat="46.66285" lon="7.92404">
        <ele>1950.16</ele>
        <time>2026-05-04T00:37:30.1150000+00:00</time>
      </trkpt>
      <trkpt lat="46.66289" lon="7.92407">
        <ele>1950.66</ele>
        <time>2026-05-04T00:37:36.4900000+00:00</time>
      </trkpt>
      <trkpt lat="46.66296" lon="7.92418">
        <ele>1950.82</ele>
        <time>2026-05-04T00:37:51.0780000+00:00</time>
      </trkpt>
      <trkpt lat="46.66303" lon="7.92432">
        <ele>1949.73</ele>
        <time>2026-05-04T00:38:07.9220000+00:00</time>
      </trkpt>
      <trkpt lat="46.66308" lon="7.92442">
        <ele>1948.51</ele>
        <time>2026-05-04T00:38:19.9530000+00:00</time>
      </trkpt>
      <trkpt lat="46.66314" lon="7.92453">
        <ele>1947.37</ele>
        <time>2026-05-04T00:38:33.6160000+00:00</time>
      </trkpt>
      <trkpt lat="46.66319" lon="7.92461">
        <ele>1946.79</ele>
        <time>2026-05-04T00:38:44.1380000+00:00</time>
      </trkpt>
      <trkpt lat="46.66322" lon="7.92472">
        <ele>1944.66</ele>
        <time>2026-05-04T00:38:55.6490000+00:00</time>
      </trkpt>
      <trkpt lat="46.66327" lon="7.92486">
        <ele>1942.41</ele>
        <time>2026-05-04T00:39:10.9960000+00:00</time>
      </trkpt>
      <trkpt lat="46.66333" lon="7.92497">
        <ele>1941.41</ele>
        <time>2026-05-04T00:39:24.6600000+00:00</time>
      </trkpt>
      <trkpt lat="46.66336" lon="7.92498">
        <ele>1942.2</ele>
        <time>2026-05-04T00:39:29.0200000+00:00</time>
      </trkpt>
      <trkpt lat="46.66338" lon="7.92504">
        <ele>1941.22</ele>
        <time>2026-05-04T00:39:35.5050000+00:00</time>
      </trkpt>
      <trkpt lat="46.66341" lon="7.92509">
        <ele>1940.64</ele>
        <time>2026-05-04T00:39:41.9630000+00:00</time>
      </trkpt>
      <trkpt lat="46.66348" lon="7.92516">
        <ele>1940.49</ele>
        <time>2026-05-04T00:39:53.9920000+00:00</time>
      </trkpt>
      <trkpt lat="46.66356" lon="7.9252">
        <ele>1941.71</ele>
        <time>2026-05-04T00:40:05.9760000+00:00</time>
      </trkpt>
      <trkpt lat="46.66364" lon="7.92525">
        <ele>1942.41</ele>
        <time>2026-05-04T00:40:18.3110000+00:00</time>
      </trkpt>
      <trkpt lat="46.66368" lon="7.92532">
        <ele>1941.06</ele>
        <time>2026-05-04T00:40:27.1670000+00:00</time>
      </trkpt>
      <trkpt lat="46.66372" lon="7.92534">
        <ele>1941.7</ele>
        <time>2026-05-04T00:40:33.1600000+00:00</time>
      </trkpt>
      <trkpt lat="46.66378" lon="7.92538">
        <ele>1942.41</ele>
        <time>2026-05-04T00:40:42.5100000+00:00</time>
      </trkpt>
      <trkpt lat="46.66381" lon="7.92544">
        <ele>1941.47</ele>
        <time>2026-05-04T00:40:49.7290000+00:00</time>
      </trkpt>
      <trkpt lat="46.66383" lon="7.92548">
        <ele>1940.9</ele>
        <time>2026-05-04T00:40:54.5410000+00:00</time>
      </trkpt>
      <trkpt lat="46.6639" lon="7.92556">
        <ele>1941.16</ele>
        <time>2026-05-04T00:41:07.1460000+00:00</time>
      </trkpt>
      <trkpt lat="46.66395" lon="7.92559">
        <ele>1942.35</ele>
        <time>2026-05-04T00:41:14.8080000+00:00</time>
      </trkpt>
      <trkpt lat="46.664" lon="7.92567">
        <ele>1942.24</ele>
        <time>2026-05-04T00:41:25.3300000+00:00</time>
      </trkpt>
      <trkpt lat="46.66408" lon="7.92576">
        <ele>1943.53</ele>
        <time>2026-05-04T00:41:39.6510000+00:00</time>
      </trkpt>
      <trkpt lat="46.66413" lon="7.92581">
        <ele>1944.71</ele>
        <time>2026-05-04T00:41:48.2440000+00:00</time>
      </trkpt>
      <trkpt lat="46.66421" lon="7.92586">
        <ele>1947.55</ele>
        <time>2026-05-04T00:42:00.5780000+00:00</time>
      </trkpt>
      <trkpt lat="46.66431" lon="7.92591">
        <ele>1951.6</ele>
        <time>2026-05-04T00:42:15.5590000+00:00</time>
      </trkpt>
      <trkpt lat="46.66437" lon="7.92595">
        <ele>1953.68</ele>
        <time>2026-05-04T00:42:24.9080000+00:00</time>
      </trkpt>
      <trkpt lat="46.66442" lon="7.926">
        <ele>1954.92</ele>
        <time>2026-05-04T00:42:33.5010000+00:00</time>
      </trkpt>
      <trkpt lat="46.66446" lon="7.92609">
        <ele>1954.15</ele>
        <time>2026-05-04T00:42:43.9270000+00:00</time>
      </trkpt>
      <trkpt lat="46.66453" lon="7.9262">
        <ele>1953.19</ele>
        <time>2026-05-04T00:42:58.5140000+00:00</time>
      </trkpt>
      <trkpt lat="46.66461" lon="7.92628">
        <ele>1953.81</ele>
        <time>2026-05-04T00:43:12.2620000+00:00</time>
      </trkpt>
      <trkpt lat="46.66466" lon="7.92635">
        <ele>1954.15</ele>
        <time>2026-05-04T00:43:22.0870000+00:00</time>
      </trkpt>
      <trkpt lat="46.6647" lon="7.92643">
        <ele>1954.29</ele>
        <time>2026-05-04T00:43:31.7120000+00:00</time>
      </trkpt>
      <trkpt lat="46.66477" lon="7.92649">
        <ele>1956.17</ele>
        <time>2026-05-04T00:43:43.2190000+00:00</time>
      </trkpt>
      <trkpt lat="46.66482" lon="7.92654">
        <ele>1957.67</ele>
        <time>2026-05-04T00:43:51.8120000+00:00</time>
      </trkpt>
      <trkpt lat="46.66488" lon="7.92664">
        <ele>1959.49</ele>
        <time>2026-05-04T00:44:04.7280000+00:00</time>
      </trkpt>
      <trkpt lat="46.66494" lon="7.92675">
        <ele>1961.7</ele>
        <time>2026-05-04T00:44:18.3910000+00:00</time>
      </trkpt>
      <trkpt lat="46.665" lon="7.92681">
        <ele>1964.11</ele>
        <time>2026-05-04T00:44:28.7010000+00:00</time>
      </trkpt>
      <trkpt lat="46.66508" lon="7.92687">
        <ele>1967.41</ele>
        <time>2026-05-04T00:44:41.4500000+00:00</time>
      </trkpt>
      <trkpt lat="46.66516" lon="7.92698">
        <ele>1970.01</ele>
        <time>2026-05-04T00:44:57.0350000+00:00</time>
      </trkpt>
      <trkpt lat="46.66527" lon="7.92713">
        <ele>1973.28</ele>
        <time>2026-05-04T00:45:18.3810000+00:00</time>
      </trkpt>
      <trkpt lat="46.6653" lon="7.92718">
        <ele>1972.67</ele>
        <time>2026-05-04T00:45:24.8390000+00:00</time>
      </trkpt>
      <trkpt lat="46.66534" lon="7.92722">
        <ele>1971.64</ele>
        <time>2026-05-04T00:45:31.7130000+00:00</time>
      </trkpt>
      <trkpt lat="46.66538" lon="7.92732">
        <ele>1970.53</ele>
        <time>2026-05-04T00:45:42.9680000+00:00</time>
      </trkpt>
      <trkpt lat="46.66541" lon="7.92742">
        <ele>1970.02</ele>
        <time>2026-05-04T00:45:53.5810000+00:00</time>
      </trkpt>
      <trkpt lat="46.66548" lon="7.9275">
        <ele>1970.28</ele>
        <time>2026-05-04T00:46:06.1860000+00:00</time>
      </trkpt>
      <trkpt lat="46.66552" lon="7.92759">
        <ele>1970.89</ele>
        <time>2026-05-04T00:46:16.6130000+00:00</time>
      </trkpt>
      <trkpt lat="46.66558" lon="7.92767">
        <ele>1971.78</ele>
        <time>2026-05-04T00:46:28.1370000+00:00</time>
      </trkpt>
      <trkpt lat="46.66566" lon="7.92776">
        <ele>1973.33</ele>
        <time>2026-05-04T00:46:42.4570000+00:00</time>
      </trkpt>
      <trkpt lat="46.66569" lon="7.92785">
        <ele>1974.28</ele>
        <time>2026-05-04T00:46:52.1870000+00:00</time>
      </trkpt>
      <trkpt lat="46.66573" lon="7.92792">
        <ele>1975.51</ele>
        <time>2026-05-04T00:47:01.0440000+00:00</time>
      </trkpt>
      <trkpt lat="46.66579" lon="7.92801">
        <ele>1977.53</ele>
        <time>2026-05-04T00:47:13.2450000+00:00</time>
      </trkpt>
      <trkpt lat="46.66584" lon="7.92812">
        <ele>1979.76</ele>
        <time>2026-05-04T00:47:26.0750000+00:00</time>
      </trkpt>
      <trkpt lat="46.66588" lon="7.92819">
        <ele>1981.6</ele>
        <time>2026-05-04T00:47:34.9310000+00:00</time>
      </trkpt>
      <trkpt lat="46.66595" lon="7.92824">
        <ele>1984.32</ele>
        <time>2026-05-04T00:47:45.9770000+00:00</time>
      </trkpt>
      <trkpt lat="46.66603" lon="7.92835">
        <ele>1988.44</ele>
        <time>2026-05-04T00:48:01.5620000+00:00</time>
      </trkpt>
      <trkpt lat="46.66613" lon="7.92844">
        <ele>1991.97</ele>
        <time>2026-05-04T00:48:18.2150000+00:00</time>
      </trkpt>
      <trkpt lat="46.66619" lon="7.92848">
        <ele>1991.42</ele>
        <time>2026-05-04T00:48:27.5640000+00:00</time>
      </trkpt>
      <trkpt lat="46.66623" lon="7.92853">
        <ele>1991.35</ele>
        <time>2026-05-04T00:48:35.0310000+00:00</time>
      </trkpt>
      <trkpt lat="46.66628" lon="7.92858">
        <ele>1991.31</ele>
        <time>2026-05-04T00:48:43.6220000+00:00</time>
      </trkpt>
      <trkpt lat="46.66634" lon="7.92864">
        <ele>1991.49</ele>
        <time>2026-05-04T00:48:53.9330000+00:00</time>
      </trkpt>
      <trkpt lat="46.66634" lon="7.92859">
        <ele>1990.87</ele>
        <time>2026-05-04T00:48:58.7950000+00:00</time>
      </trkpt>
      <trkpt lat="46.66631" lon="7.92852">
        <ele>1990.35</ele>
        <time>2026-05-04T00:49:06.8190000+00:00</time>
      </trkpt>
      <trkpt lat="46.66629" lon="7.92836">
        <ele>1988.43</ele>
        <time>2026-05-04T00:49:22.6320000+00:00</time>
      </trkpt>
      <trkpt lat="46.66628" lon="7.92827">
        <ele>1986.5</ele>
        <time>2026-05-04T00:49:31.4970000+00:00</time>
      </trkpt>
      <trkpt lat="46.66626" lon="7.92818">
        <ele>1984.87</ele>
        <time>2026-05-04T00:49:40.6950000+00:00</time>
      </trkpt>
      <trkpt lat="46.66624" lon="7.92814">
        <ele>1984.48</ele>
        <time>2026-05-04T00:49:45.5070000+00:00</time>
      </trkpt>
      <trkpt lat="46.66622" lon="7.92807">
        <ele>1983.51</ele>
        <time>2026-05-04T00:49:52.8790000+00:00</time>
      </trkpt>
      <trkpt lat="46.66617" lon="7.9279">
        <ele>1981.68</ele>
        <time>2026-05-04T00:50:10.8630000+00:00</time>
      </trkpt>
      <trkpt lat="46.66615" lon="7.92781">
        <ele>1980.72</ele>
        <time>2026-05-04T00:50:20.0620000+00:00</time>
      </trkpt>
      <trkpt lat="46.66612" lon="7.92772">
        <ele>1980.33</ele>
        <time>2026-05-04T00:50:29.7910000+00:00</time>
      </trkpt>
      <trkpt lat="46.66607" lon="7.92762">
        <ele>1978.43</ele>
        <time>2026-05-04T00:50:41.8230000+00:00</time>
      </trkpt>
      <trkpt lat="46.666" lon="7.92754">
        <ele>1975.81</ele>
        <time>2026-05-04T00:50:54.4280000+00:00</time>
      </trkpt>
      <trkpt lat="46.66596" lon="7.9275">
        <ele>1973.83</ele>
        <time>2026-05-04T00:51:01.3010000+00:00</time>
      </trkpt>
      <trkpt lat="46.66593" lon="7.92738">
        <ele>1969.22</ele>
        <time>2026-05-04T00:51:13.7200000+00:00</time>
      </trkpt>
      <trkpt lat="46.66586" lon="7.92723">
        <ele>1964.67</ele>
        <time>2026-05-04T00:51:31.3580000+00:00</time>
      </trkpt>
      <trkpt lat="46.66577" lon="7.92704">
        <ele>1961.24</ele>
        <time>2026-05-04T00:51:53.8060000+00:00</time>
      </trkpt>
      <trkpt lat="46.66568" lon="7.9269">
        <ele>1961.29</ele>
        <time>2026-05-04T00:52:12.4590000+00:00</time>
      </trkpt>
      <trkpt lat="46.66564" lon="7.92684">
        <ele>1961.97</ele>
        <time>2026-05-04T00:52:20.5920000+00:00</time>
      </trkpt>
      <trkpt lat="46.6656" lon="7.92673">
        <ele>1962.44</ele>
        <time>2026-05-04T00:52:32.6960000+00:00</time>
      </trkpt>
      <trkpt lat="46.66558" lon="7.92663">
        <ele>1960.87</ele>
        <time>2026-05-04T00:52:42.8250000+00:00</time>
      </trkpt>
      <trkpt lat="46.66557" lon="7.92659">
        <ele>1960.4</ele>
        <time>2026-05-04T00:52:46.9640000+00:00</time>
      </trkpt>
      <trkpt lat="46.66555" lon="7.92657">
        <ele>1961.08</ele>
        <time>2026-05-04T00:52:50.4030000+00:00</time>
      </trkpt>
      <trkpt lat="46.66551" lon="7.92655">
        <ele>1963.01</ele>
        <time>2026-05-04T00:52:56.3960000+00:00</time>
      </trkpt>
      <trkpt lat="46.66548" lon="7.92652">
        <ele>1964.2</ele>
        <time>2026-05-04T00:53:01.5520000+00:00</time>
      </trkpt>
      <trkpt lat="46.66543" lon="7.92644">
        <ele>1965.83</ele>
        <time>2026-05-04T00:53:12.0740000+00:00</time>
      </trkpt>
      <trkpt lat="46.66537" lon="7.92637">
        <ele>1968.74</ele>
        <time>2026-05-04T00:53:22.9650000+00:00</time>
      </trkpt>
      <trkpt lat="46.66534" lon="7.92633">
        <ele>1970.29</ele>
        <time>2026-05-04T00:53:28.7270000+00:00</time>
      </trkpt>
      <trkpt lat="46.66533" lon="7.92628">
        <ele>1970.34</ele>
        <time>2026-05-04T00:53:33.7920000+00:00</time>
      </trkpt>
      <trkpt lat="46.66534" lon="7.92623">
        <ele>1968.89</ele>
        <time>2026-05-04T00:53:38.8570000+00:00</time>
      </trkpt>
      <trkpt lat="46.66536" lon="7.92615">
        <ele>1966.14</ele>
        <time>2026-05-04T00:53:47.1370000+00:00</time>
      </trkpt>
      <trkpt lat="46.66537" lon="7.92609">
        <ele>1964.39</ele>
        <time>2026-05-04T00:53:53.1420000+00:00</time>
      </trkpt>
      <trkpt lat="46.66538" lon="7.92606">
        <ele>1963.06</ele>
        <time>2026-05-04T00:53:56.3830000+00:00</time>
      </trkpt>
      <trkpt lat="46.66537" lon="7.92604">
        <ele>1963.61</ele>
        <time>2026-05-04T00:53:58.7900000+00:00</time>
      </trkpt>
      <trkpt lat="46.66535" lon="7.92598">
        <ele>1964.49</ele>
        <time>2026-05-04T00:54:05.2770000+00:00</time>
      </trkpt>
      <trkpt lat="46.66529" lon="7.92588">
        <ele>1968.23</ele>
        <time>2026-05-04T00:54:18.1930000+00:00</time>
      </trkpt>
      <trkpt lat="46.66526" lon="7.92581">
        <ele>1965.78</ele>
        <time>2026-05-04T00:54:26.2170000+00:00</time>
      </trkpt>
      <trkpt lat="46.66525" lon="7.92574">
        <ele>1962.5</ele>
        <time>2026-05-04T00:54:33.1700000+00:00</time>
      </trkpt>
      <trkpt lat="46.66522" lon="7.92569">
        <ele>1960.28</ele>
        <time>2026-05-04T00:54:39.6280000+00:00</time>
      </trkpt>
      <trkpt lat="46.66519" lon="7.92566">
        <ele>1959.1</ele>
        <time>2026-05-04T00:54:44.7830000+00:00</time>
      </trkpt>
      <trkpt lat="46.66519" lon="7.92562">
        <ele>1957.44</ele>
        <time>2026-05-04T00:54:48.6710000+00:00</time>
      </trkpt>
      <trkpt lat="46.66512" lon="7.92557">
        <ele>1956.16</ele>
        <time>2026-05-04T00:54:59.7180000+00:00</time>
      </trkpt>
      <trkpt lat="46.66504" lon="7.92552">
        <ele>1955.55</ele>
        <time>2026-05-04T00:55:12.0520000+00:00</time>
      </trkpt>
      <trkpt lat="46.66496" lon="7.92545">
        <ele>1955.05</ele>
        <time>2026-05-04T00:55:25.2740000+00:00</time>
      </trkpt>
      <trkpt lat="46.6649" lon="7.9254">
        <ele>1955.28</ele>
        <time>2026-05-04T00:55:35.0670000+00:00</time>
      </trkpt>
      <trkpt lat="46.66484" lon="7.92529">
        <ele>1955.05</ele>
        <time>2026-05-04T00:55:48.7310000+00:00</time>
      </trkpt>
      <trkpt lat="46.66477" lon="7.92518">
        <ele>1956.22</ele>
        <time>2026-05-04T00:56:03.3180000+00:00</time>
      </trkpt>
      <trkpt lat="46.6647" lon="7.9251">
        <ele>1958.68</ele>
        <time>2026-05-04T00:56:15.9230000+00:00</time>
      </trkpt>
      <trkpt lat="46.66464" lon="7.92501">
        <ele>1959.26</ele>
        <time>2026-05-04T00:56:28.1240000+00:00</time>
      </trkpt>
      <trkpt lat="46.66454" lon="7.92491">
        <ele>1960.36</ele>
        <time>2026-05-04T00:56:45.3080000+00:00</time>
      </trkpt>
      <trkpt lat="46.6645" lon="7.92484">
        <ele>1959.78</ele>
        <time>2026-05-04T00:56:54.1670000+00:00</time>
      </trkpt>
      <trkpt lat="46.66449" lon="7.92478">
        <ele>1958.03</ele>
        <time>2026-05-04T00:57:00.1700000+00:00</time>
      </trkpt>
      <trkpt lat="46.66448" lon="7.92469">
        <ele>1955.17</ele>
        <time>2026-05-04T00:57:09.0350000+00:00</time>
      </trkpt>
      <trkpt lat="46.66446" lon="7.92467">
        <ele>1955.58</ele>
        <time>2026-05-04T00:57:12.4740000+00:00</time>
      </trkpt>
      <trkpt lat="46.6644" lon="7.92465">
        <ele>1955.91</ele>
        <time>2026-05-04T00:57:21.1960000+00:00</time>
      </trkpt>
      <trkpt lat="46.66435" lon="7.92466">
        <ele>1956.49</ele>
        <time>2026-05-04T00:57:28.3460000+00:00</time>
      </trkpt>
      <trkpt lat="46.66429" lon="7.92462">
        <ele>1955.78</ele>
        <time>2026-05-04T00:57:37.6950000+00:00</time>
      </trkpt>
      <trkpt lat="46.66422" lon="7.92458">
        <ele>1955.56</ele>
        <time>2026-05-04T00:57:48.3490000+00:00</time>
      </trkpt>
      <trkpt lat="46.6642" lon="7.92457">
        <ele>1955.61</ele>
        <time>2026-05-04T00:57:51.3460000+00:00</time>
      </trkpt>
      <trkpt lat="46.66417" lon="7.92452">
        <ele>1955.18</ele>
        <time>2026-05-04T00:57:57.8060000+00:00</time>
      </trkpt>
      <trkpt lat="46.66414" lon="7.92443">
        <ele>1954.45</ele>
        <time>2026-05-04T00:58:07.5350000+00:00</time>
      </trkpt>
      <trkpt lat="46.66412" lon="7.92437">
        <ele>1954.2</ele>
        <time>2026-05-04T00:58:14.0210000+00:00</time>
      </trkpt>
      <trkpt lat="46.6641" lon="7.9243">
        <ele>1954.03</ele>
        <time>2026-05-04T00:58:21.3940000+00:00</time>
      </trkpt>
      <trkpt lat="46.66407" lon="7.92426">
        <ele>1954.7</ele>
        <time>2026-05-04T00:58:27.1550000+00:00</time>
      </trkpt>
      <trkpt lat="46.66403" lon="7.92424">
        <ele>1956.05</ele>
        <time>2026-05-04T00:58:33.1470000+00:00</time>
      </trkpt>
      <trkpt lat="46.66398" lon="7.92418">
        <ele>1956.82</ele>
        <time>2026-05-04T00:58:42.3250000+00:00</time>
      </trkpt>
      <trkpt lat="46.66391" lon="7.92412">
        <ele>1958.47</ele>
        <time>2026-05-04T00:58:53.8310000+00:00</time>
      </trkpt>
      <trkpt lat="46.66386" lon="7.92408">
        <ele>1959.89</ele>
        <time>2026-05-04T00:59:01.9120000+00:00</time>
      </trkpt>
      <trkpt lat="46.66383" lon="7.92407">
        <ele>1961.05</ele>
        <time>2026-05-04T00:59:06.2700000+00:00</time>
      </trkpt>
      <trkpt lat="46.66381" lon="7.92403">
        <ele>1961.3</ele>
        <time>2026-05-04T00:59:11.0820000+00:00</time>
      </trkpt>
      <trkpt lat="46.66382" lon="7.92395">
        <ele>1959.55</ele>
        <time>2026-05-04T00:59:18.9910000+00:00</time>
      </trkpt>
      <trkpt lat="46.66382" lon="7.92384">
        <ele>1957.78</ele>
        <time>2026-05-04T00:59:29.6870000+00:00</time>
      </trkpt>
      <trkpt lat="46.66381" lon="7.92377">
        <ele>1957.2</ele>
        <time>2026-05-04T00:59:36.6410000+00:00</time>
      </trkpt>
      <trkpt lat="46.66378" lon="7.92367">
        <ele>1957.41</ele>
        <time>2026-05-04T00:59:47.2530000+00:00</time>
      </trkpt>
      <trkpt lat="46.66372" lon="7.92352">
        <ele>1959.11</ele>
        <time>2026-05-04T01:00:04.1370000+00:00</time>
      </trkpt>
      <trkpt lat="46.66371" lon="7.92347">
        <ele>1959.16</ele>
        <time>2026-05-04T01:00:09.2030000+00:00</time>
      </trkpt>
      <trkpt lat="46.6637" lon="7.92345">
        <ele>1959.6</ele>
        <time>2026-05-04T01:00:11.6070000+00:00</time>
      </trkpt>
      <trkpt lat="46.66368" lon="7.92337">
        <ele>1959.41</ele>
        <time>2026-05-04T01:00:19.8870000+00:00</time>
      </trkpt>
      <trkpt lat="46.6636" lon="7.92318">
        <ele>1957.55</ele>
        <time>2026-05-04T01:00:41.5620000+00:00</time>
      </trkpt>
      <trkpt lat="46.66351" lon="7.923">
        <ele>1952.94</ele>
        <time>2026-05-04T01:01:03.2180000+00:00</time>
      </trkpt>
      <trkpt lat="46.66344" lon="7.92287">
        <ele>1950.71</ele>
        <time>2026-05-04T01:01:19.2860000+00:00</time>
      </trkpt>
      <trkpt lat="46.66341" lon="7.92284">
        <ele>1950.67</ele>
        <time>2026-05-04T01:01:24.4410000+00:00</time>
      </trkpt>
      <trkpt lat="46.66338" lon="7.92283">
        <ele>1951.18</ele>
        <time>2026-05-04T01:01:28.8010000+00:00</time>
      </trkpt>
      <trkpt lat="46.66334" lon="7.92283">
        <ele>1952.2</ele>
        <time>2026-05-04T01:01:34.4670000+00:00</time>
      </trkpt>
      <trkpt lat="46.66331" lon="7.92283">
        <ele>1952.96</ele>
        <time>2026-05-04T01:01:38.7170000+00:00</time>
      </trkpt>
      <trkpt lat="46.66328" lon="7.92281">
        <ele>1953.36</ele>
        <time>2026-05-04T01:01:43.3910000+00:00</time>
      </trkpt>
      <trkpt lat="46.66323" lon="7.92275">
        <ele>1953.71</ele>
        <time>2026-05-04T01:01:52.5680000+00:00</time>
      </trkpt>
      <trkpt lat="46.66321" lon="7.92271">
        <ele>1953.7</ele>
        <time>2026-05-04T01:01:57.3800000+00:00</time>
      </trkpt>
      <trkpt lat="46.6632" lon="7.9226">
        <ele>1952.41</ele>
        <time>2026-05-04T01:02:08.1700000+00:00</time>
      </trkpt>
      <trkpt lat="46.66315" lon="7.92254">
        <ele>1952.82</ele>
        <time>2026-05-04T01:02:17.3480000+00:00</time>
      </trkpt>
      <trkpt lat="46.66307" lon="7.92246">
        <ele>1952.92</ele>
        <time>2026-05-04T01:02:31.0960000+00:00</time>
      </trkpt>
      <trkpt lat="46.66302" lon="7.9224">
        <ele>1952.83</ele>
        <time>2026-05-04T01:02:40.2720000+00:00</time>
      </trkpt>
      <trkpt lat="46.663" lon="7.92237">
        <ele>1952.63</ele>
        <time>2026-05-04T01:02:44.3380000+00:00</time>
      </trkpt>
      <trkpt lat="46.66301" lon="7.92235">
        <ele>1951.46</ele>
        <time>2026-05-04T01:02:46.7460000+00:00</time>
      </trkpt>
      <trkpt lat="46.66304" lon="7.92232">
        <ele>1948.99</ele>
        <time>2026-05-04T01:02:51.9010000+00:00</time>
      </trkpt>
      <trkpt lat="46.66308" lon="7.92228">
        <ele>1945.61</ele>
        <time>2026-05-04T01:02:58.7750000+00:00</time>
      </trkpt>
      <trkpt lat="46.66308" lon="7.92218">
        <ele>1941.78</ele>
        <time>2026-05-04T01:03:08.5000000+00:00</time>
      </trkpt>
      <trkpt lat="46.66306" lon="7.92213">
        <ele>1940.91</ele>
        <time>2026-05-04T01:03:14.1270000+00:00</time>
      </trkpt>
      <trkpt lat="46.66303" lon="7.92208">
        <ele>1940.64</ele>
        <time>2026-05-04T01:03:20.5850000+00:00</time>
      </trkpt>
      <trkpt lat="46.66302" lon="7.92205">
        <ele>1940.08</ele>
        <time>2026-05-04T01:03:23.8270000+00:00</time>
      </trkpt>
      <trkpt lat="46.66303" lon="7.92202">
        <ele>1938.43</ele>
        <time>2026-05-04T01:03:27.0680000+00:00</time>
      </trkpt>
      <trkpt lat="46.66306" lon="7.92198">
        <ele>1935.25</ele>
        <time>2026-05-04T01:03:32.8290000+00:00</time>
      </trkpt>
      <trkpt lat="46.66305" lon="7.9219">
        <ele>1932.84</ele>
        <time>2026-05-04T01:03:40.7360000+00:00</time>
      </trkpt>
      <trkpt lat="46.66306" lon="7.92186">
        <ele>1930.73</ele>
        <time>2026-05-04T01:03:44.8760000+00:00</time>
      </trkpt>
      <trkpt lat="46.66308" lon="7.92178">
        <ele>1926.45</ele>
        <time>2026-05-04T01:03:53.1550000+00:00</time>
      </trkpt>
      <trkpt lat="46.66308" lon="7.92169">
        <ele>1923.06</ele>
        <time>2026-05-04T01:04:01.9070000+00:00</time>
      </trkpt>
      <trkpt lat="46.66307" lon="7.9216">
        <ele>1920.41</ele>
        <time>2026-05-04T01:04:10.7720000+00:00</time>
      </trkpt>
      <trkpt lat="46.66305" lon="7.92152">
        <ele>1918.89</ele>
        <time>2026-05-04T01:04:19.0510000+00:00</time>
      </trkpt>
      <trkpt lat="46.66301" lon="7.92136">
        <ele>1916.1</ele>
        <time>2026-05-04T01:04:35.6100000+00:00</time>
      </trkpt>
      <trkpt lat="46.66298" lon="7.92124">
        <ele>1914.23</ele>
        <time>2026-05-04T01:04:48.0290000+00:00</time>
      </trkpt>
      <trkpt lat="46.66294" lon="7.92106">
        <ele>1911.4</ele>
        <time>2026-05-04T01:05:06.4270000+00:00</time>
      </trkpt>
      <trkpt lat="46.66289" lon="7.92095">
        <ele>1912.06</ele>
        <time>2026-05-04T01:05:19.2570000+00:00</time>
      </trkpt>
      <trkpt lat="46.66282" lon="7.92081">
        <ele>1912.69</ele>
        <time>2026-05-04T01:05:36.1010000+00:00</time>
      </trkpt>
      <trkpt lat="46.66275" lon="7.9207">
        <ele>1912.88</ele>
        <time>2026-05-04T01:05:50.6880000+00:00</time>
      </trkpt>
      <trkpt lat="46.66267" lon="7.92058">
        <ele>1912.06</ele>
        <time>2026-05-04T01:06:06.9570000+00:00</time>
      </trkpt>
      <trkpt lat="46.66261" lon="7.9205">
        <ele>1912.28</ele>
        <time>2026-05-04T01:06:18.4800000+00:00</time>
      </trkpt>
      <trkpt lat="46.66254" lon="7.92044">
        <ele>1914.14</ele>
        <time>2026-05-04T01:06:29.9870000+00:00</time>
      </trkpt>
      <trkpt lat="46.66245" lon="7.92037">
        <ele>1917.2</ele>
        <time>2026-05-04T01:06:44.4420000+00:00</time>
      </trkpt>
      <trkpt lat="46.66236" lon="7.92028">
        <ele>1920.2</ele>
        <time>2026-05-04T01:06:59.9090000+00:00</time>
      </trkpt>
      <trkpt lat="46.66229" lon="7.92016">
        <ele>1921.7</ele>
        <time>2026-05-04T01:07:15.2240000+00:00</time>
      </trkpt>
      <trkpt lat="46.66222" lon="7.92003">
        <ele>1922.99</ele>
        <time>2026-05-04T01:07:31.2910000+00:00</time>
      </trkpt>
      <trkpt lat="46.66213" lon="7.91986">
        <ele>1923.75</ele>
        <time>2026-05-04T01:07:52.1700000+00:00</time>
      </trkpt>
      <trkpt lat="46.66207" lon="7.91978">
        <ele>1926.2</ele>
        <time>2026-05-04T01:08:03.6930000+00:00</time>
      </trkpt>
      <trkpt lat="46.66203" lon="7.91969">
        <ele>1927.02</ele>
        <time>2026-05-04T01:08:14.1210000+00:00</time>
      </trkpt>
      <trkpt lat="46.66196" lon="7.91959">
        <ele>1930.85</ele>
        <time>2026-05-04T01:08:28.0110000+00:00</time>
      </trkpt>
      <trkpt lat="46.6619" lon="7.91949">
        <ele>1930.32</ele>
        <time>2026-05-04T01:08:40.9280000+00:00</time>
      </trkpt>
      <trkpt lat="46.66185" lon="7.91939">
        <ele>1928.79</ele>
        <time>2026-05-04T01:08:52.9590000+00:00</time>
      </trkpt>
      <trkpt lat="46.6618" lon="7.91926">
        <ele>1926.65</ele>
        <time>2026-05-04T01:09:07.4510000+00:00</time>
      </trkpt>
      <trkpt lat="46.66175" lon="7.91913">
        <ele>1920.51</ele>
        <time>2026-05-04T01:09:21.9420000+00:00</time>
      </trkpt>
      <trkpt lat="46.66172" lon="7.91903">
        <ele>1915.3</ele>
        <time>2026-05-04T01:09:32.5550000+00:00</time>
      </trkpt>
      <trkpt lat="46.66171" lon="7.91895">
        <ele>1910.87</ele>
        <time>2026-05-04T01:09:40.4620000+00:00</time>
      </trkpt>
      <trkpt lat="46.66166" lon="7.9189">
        <ele>1910.18</ele>
        <time>2026-05-04T01:09:49.0550000+00:00</time>
      </trkpt>
      <trkpt lat="46.66162" lon="7.91879">
        <ele>1906.19</ele>
        <time>2026-05-04T01:10:01.1620000+00:00</time>
      </trkpt>
      <trkpt lat="46.66158" lon="7.9187">
        <ele>1903.87</ele>
        <time>2026-05-04T01:10:11.5890000+00:00</time>
      </trkpt>
      <trkpt lat="46.66149" lon="7.91853">
        <ele>1902.07</ele>
        <time>2026-05-04T01:10:32.4680000+00:00</time>
      </trkpt>
      <trkpt lat="46.66144" lon="7.91837">
        <ele>1899.12</ele>
        <time>2026-05-04T01:10:49.5640000+00:00</time>
      </trkpt>
      <trkpt lat="46.66139" lon="7.91828">
        <ele>1898.83</ele>
        <time>2026-05-04T01:11:00.8240000+00:00</time>
      </trkpt>
      <trkpt lat="46.66137" lon="7.91822">
        <ele>1897.59</ele>
        <time>2026-05-04T01:11:07.3110000+00:00</time>
      </trkpt>
      <trkpt lat="46.66136" lon="7.91816">
        <ele>1895.5</ele>
        <time>2026-05-04T01:11:13.3160000+00:00</time>
      </trkpt>
      <trkpt lat="46.66129" lon="7.91799">
        <ele>1893.7</ele>
        <time>2026-05-04T01:11:32.5950000+00:00</time>
      </trkpt>
      <trkpt lat="46.66121" lon="7.91781">
        <ele>1893.06</ele>
        <time>2026-05-04T01:11:53.4480000+00:00</time>
      </trkpt>
      <trkpt lat="46.66114" lon="7.91771">
        <ele>1895.63</ele>
        <time>2026-05-04T01:12:07.3380000+00:00</time>
      </trkpt>
      <trkpt lat="46.66111" lon="7.91763">
        <ele>1894.84</ele>
        <time>2026-05-04T01:12:16.2030000+00:00</time>
      </trkpt>
      <trkpt lat="46.66107" lon="7.91757">
        <ele>1893.7</ele>
        <time>2026-05-04T01:12:24.3360000+00:00</time>
      </trkpt>
      <trkpt lat="46.66106" lon="7.91751">
        <ele>1891.26</ele>
        <time>2026-05-04T01:12:30.3410000+00:00</time>
      </trkpt>
      <trkpt lat="46.66102" lon="7.91743">
        <ele>1889.33</ele>
        <time>2026-05-04T01:12:39.9660000+00:00</time>
      </trkpt>
      <trkpt lat="46.66098" lon="7.91739">
        <ele>1889.49</ele>
        <time>2026-05-04T01:12:46.8390000+00:00</time>
      </trkpt>
      <trkpt lat="46.66095" lon="7.91734">
        <ele>1888.95</ele>
        <time>2026-05-04T01:12:53.2970000+00:00</time>
      </trkpt>
      <trkpt lat="46.66092" lon="7.9173">
        <ele>1888.99</ele>
        <time>2026-05-04T01:12:59.0580000+00:00</time>
      </trkpt>
      <trkpt lat="46.66089" lon="7.91722">
        <ele>1887.77</ele>
        <time>2026-05-04T01:13:07.9230000+00:00</time>
      </trkpt>
      <trkpt lat="46.66094" lon="7.91727">
        <ele>1886.75</ele>
        <time>2026-05-04T01:13:16.5170000+00:00</time>
      </trkpt>
      <trkpt lat="46.66097" lon="7.91727">
        <ele>1885.07</ele>
        <time>2026-05-04T01:13:20.7700000+00:00</time>
      </trkpt>
      <trkpt lat="46.66096" lon="7.91724">
        <ele>1884.43</ele>
        <time>2026-05-04T01:13:24.0110000+00:00</time>
      </trkpt>
      <trkpt lat="46.66094" lon="7.91719">
        <ele>1883.65</ele>
        <time>2026-05-04T01:13:29.6400000+00:00</time>
      </trkpt>
      <trkpt lat="46.66092" lon="7.9171">
        <ele>1881.5</ele>
        <time>2026-05-04T01:13:38.8400000+00:00</time>
      </trkpt>
      <trkpt lat="46.66088" lon="7.91695">
        <ele>1878.96</ele>
        <time>2026-05-04T01:13:54.4890000+00:00</time>
      </trkpt>
      <trkpt lat="46.66085" lon="7.9168">
        <ele>1876.35</ele>
        <time>2026-05-04T01:14:09.6820000+00:00</time>
      </trkpt>
      <trkpt lat="46.66081" lon="7.91673">
        <ele>1877.77</ele>
        <time>2026-05-04T01:14:18.5390000+00:00</time>
      </trkpt>
      <trkpt lat="46.66078" lon="7.91665">
        <ele>1878.85</ele>
        <time>2026-05-04T01:14:27.4030000+00:00</time>
      </trkpt>
      <trkpt lat="46.66072" lon="7.91657">
        <ele>1883.01</ele>
        <time>2026-05-04T01:14:38.9270000+00:00</time>
      </trkpt>
      <trkpt lat="46.66068" lon="7.91651">
        <ele>1885.85</ele>
        <time>2026-05-04T01:14:47.0620000+00:00</time>
      </trkpt>
      <trkpt lat="46.66064" lon="7.91644">
        <ele>1888.7</ele>
        <time>2026-05-04T01:14:55.9200000+00:00</time>
      </trkpt>
      <trkpt lat="46.66056" lon="7.91638">
        <ele>1896.03</ele>
        <time>2026-05-04T01:15:08.6690000+00:00</time>
      </trkpt>
      <trkpt lat="46.66049" lon="7.91631">
        <ele>1902.53</ele>
        <time>2026-05-04T01:15:20.6980000+00:00</time>
      </trkpt>
      <trkpt lat="46.66042" lon="7.91626">
        <ele>1909.53</ele>
        <time>2026-05-04T01:15:31.7440000+00:00</time>
      </trkpt>
      <trkpt lat="46.66034" lon="7.91624">
        <ele>1918.04</ele>
        <time>2026-05-04T01:15:43.2450000+00:00</time>
      </trkpt>
      <trkpt lat="46.66027" lon="7.91619">
        <ele>1924.2</ele>
        <time>2026-05-04T01:15:54.2900000+00:00</time>
      </trkpt>
      <trkpt lat="46.6602" lon="7.91616">
        <ele>1925.04</ele>
        <time>2026-05-04T01:16:04.6290000+00:00</time>
      </trkpt>
      <trkpt lat="46.66014" lon="7.91612">
        <ele>1925.89</ele>
        <time>2026-05-04T01:16:13.9790000+00:00</time>
      </trkpt>
      <trkpt lat="46.66008" lon="7.91611">
        <ele>1926.8</ele>
        <time>2026-05-04T01:16:22.5360000+00:00</time>
      </trkpt>
      <trkpt lat="46.66002" lon="7.91609">
        <ele>1927.8</ele>
        <time>2026-05-04T01:16:31.2580000+00:00</time>
      </trkpt>
      <trkpt lat="46.65993" lon="7.91603">
        <ele>1929.67</ele>
        <time>2026-05-04T01:16:45.2820000+00:00</time>
      </trkpt>
      <trkpt lat="46.65985" lon="7.91599">
        <ele>1931.48</ele>
        <time>2026-05-04T01:16:57.2660000+00:00</time>
      </trkpt>
      <trkpt lat="46.65972" lon="7.9159">
        <ele>1935.2</ele>
        <time>2026-05-04T01:17:17.6590000+00:00</time>
      </trkpt>
      <trkpt lat="46.65967" lon="7.91585">
        <ele>1936.96</ele>
        <time>2026-05-04T01:17:26.2510000+00:00</time>
      </trkpt>
      <trkpt lat="46.65958" lon="7.91578">
        <ele>1940.74</ele>
        <time>2026-05-04T01:17:40.7060000+00:00</time>
      </trkpt>
      <trkpt lat="46.65949" lon="7.91571">
        <ele>1945.56</ele>
        <time>2026-05-04T01:17:55.1610000+00:00</time>
      </trkpt>
      <trkpt lat="46.65943" lon="7.91566">
        <ele>1948.67</ele>
        <time>2026-05-04T01:18:04.9560000+00:00</time>
      </trkpt>
      <trkpt lat="46.65938" lon="7.91562">
        <ele>1950.07</ele>
        <time>2026-05-04T01:18:13.0380000+00:00</time>
      </trkpt>
      <trkpt lat="46.65932" lon="7.91557">
        <ele>1951.79</ele>
        <time>2026-05-04T01:18:22.8320000+00:00</time>
      </trkpt>
      <trkpt lat="46.65926" lon="7.91553">
        <ele>1953.16</ele>
        <time>2026-05-04T01:18:32.1800000+00:00</time>
      </trkpt>
      <trkpt lat="46.65923" lon="7.91547">
        <ele>1955.04</ele>
        <time>2026-05-04T01:18:39.4000000+00:00</time>
      </trkpt>
      <trkpt lat="46.65919" lon="7.9154">
        <ele>1957.21</ele>
        <time>2026-05-04T01:18:48.2580000+00:00</time>
      </trkpt>
      <trkpt lat="46.65914" lon="7.91534">
        <ele>1959.08</ele>
        <time>2026-05-04T01:18:57.4360000+00:00</time>
      </trkpt>
      <trkpt lat="46.65904" lon="7.91527">
        <ele>1961.25</ele>
        <time>2026-05-04T01:19:13.1550000+00:00</time>
      </trkpt>
      <trkpt lat="46.65892" lon="7.91515">
        <ele>1964.77</ele>
        <time>2026-05-04T01:19:33.7780000+00:00</time>
      </trkpt>
      <trkpt lat="46.65881" lon="7.91503">
        <ele>1968.14</ele>
        <time>2026-05-04T01:19:53.2480000+00:00</time>
      </trkpt>
      <trkpt lat="46.65874" lon="7.91494">
        <ele>1971.22</ele>
        <time>2026-05-04T01:20:06.4760000+00:00</time>
      </trkpt>
      <trkpt lat="46.65869" lon="7.91488">
        <ele>1973.73</ele>
        <time>2026-05-04T01:20:15.6540000+00:00</time>
      </trkpt>
      <trkpt lat="46.65864" lon="7.91485">
        <ele>1975.45</ele>
        <time>2026-05-04T01:20:23.3170000+00:00</time>
      </trkpt>
      <trkpt lat="46.65856" lon="7.91482">
        <ele>1975.77</ele>
        <time>2026-05-04T01:20:35.0210000+00:00</time>
      </trkpt>
      <trkpt lat="46.65851" lon="7.91479">
        <ele>1975.88</ele>
        <time>2026-05-04T01:20:42.6840000+00:00</time>
      </trkpt>
      <trkpt lat="46.65846" lon="7.91471">
        <ele>1977.71</ele>
        <time>2026-05-04T01:20:53.2060000+00:00</time>
      </trkpt>
      <trkpt lat="46.65844" lon="7.91461">
        <ele>1980.81</ele>
        <time>2026-05-04T01:21:03.3360000+00:00</time>
      </trkpt>
      <trkpt lat="46.65844" lon="7.91454">
        <ele>1983.3</ele>
        <time>2026-05-04T01:21:10.1420000+00:00</time>
      </trkpt>
      <trkpt lat="46.65845" lon="7.91446">
        <ele>1986.42</ele>
        <time>2026-05-04T01:21:18.0510000+00:00</time>
      </trkpt>
      <trkpt lat="46.65841" lon="7.91434">
        <ele>1989.46</ele>
        <time>2026-05-04T01:21:31.0240000+00:00</time>
      </trkpt>
      <trkpt lat="46.6584" lon="7.91427">
        <ele>1991.57</ele>
        <time>2026-05-04T01:21:37.9780000+00:00</time>
      </trkpt>
      <trkpt lat="46.65837" lon="7.91411">
        <ele>1995.1</ele>
        <time>2026-05-04T01:21:54.1080000+00:00</time>
      </trkpt>
      <trkpt lat="46.65835" lon="7.914">
        <ele>1997.32</ele>
        <time>2026-05-04T01:22:05.1740000+00:00</time>
      </trkpt>
      <trkpt lat="46.65833" lon="7.91392">
        <ele>1998.68</ele>
        <time>2026-05-04T01:22:13.4550000+00:00</time>
      </trkpt>
      <trkpt lat="46.65831" lon="7.91384">
        <ele>2000.01</ele>
        <time>2026-05-04T01:22:21.7370000+00:00</time>
      </trkpt>
      <trkpt lat="46.6583" lon="7.91377">
        <ele>2001.44</ele>
        <time>2026-05-04T01:22:28.6900000+00:00</time>
      </trkpt>
      <trkpt lat="46.6583" lon="7.91372">
        <ele>2002.73</ele>
        <time>2026-05-04T01:22:33.5530000+00:00</time>
      </trkpt>
      <trkpt lat="46.65831" lon="7.91366">
        <ele>2004.7</ele>
        <time>2026-05-04T01:22:39.5580000+00:00</time>
      </trkpt>
      <trkpt lat="46.65834" lon="7.91358">
        <ele>2008.04</ele>
        <time>2026-05-04T01:22:48.4240000+00:00</time>
      </trkpt>
      <trkpt lat="46.65836" lon="7.91352">
        <ele>2010.49</ele>
        <time>2026-05-04T01:22:54.9100000+00:00</time>
      </trkpt>
      <trkpt lat="46.6584" lon="7.91346">
        <ele>2013.84</ele>
        <time>2026-05-04T01:23:03.0450000+00:00</time>
      </trkpt>
      <trkpt lat="46.65843" lon="7.91342">
        <ele>2016.25</ele>
        <time>2026-05-04T01:23:08.8060000+00:00</time>
      </trkpt>
      <trkpt lat="46.65847" lon="7.91338">
        <ele>2018.09</ele>
        <time>2026-05-04T01:23:15.6790000+00:00</time>
      </trkpt>
      <trkpt lat="46.65855" lon="7.91324">
        <ele>2019.58</ele>
        <time>2026-05-04T01:23:33.3950000+00:00</time>
      </trkpt>
      <trkpt lat="46.65856" lon="7.91319">
        <ele>2019.26</ele>
        <time>2026-05-04T01:23:38.4610000+00:00</time>
      </trkpt>
      <trkpt lat="46.65859" lon="7.91313">
        <ele>2019.58</ele>
        <time>2026-05-04T01:23:45.6790000+00:00</time>
      </trkpt>
      <trkpt lat="46.65861" lon="7.91305">
        <ele>2019.15</ele>
        <time>2026-05-04T01:23:53.9580000+00:00</time>
      </trkpt>
      <trkpt lat="46.65866" lon="7.91294">
        <ele>2012.35</ele>
        <time>2026-05-04T01:24:06.7890000+00:00</time>
      </trkpt>
      <trkpt lat="46.6587" lon="7.91284">
        <ele>2005.53</ele>
        <time>2026-05-04T01:24:18.0460000+00:00</time>
      </trkpt>
      <trkpt lat="46.65874" lon="7.91276">
        <ele>1998.92</ele>
        <time>2026-05-04T01:24:27.6700000+00:00</time>
      </trkpt>
      <trkpt lat="46.65875" lon="7.9127">
        <ele>1996.52</ele>
        <time>2026-05-04T01:24:33.6740000+00:00</time>
      </trkpt>
      <trkpt lat="46.65876" lon="7.91263">
        <ele>1993.92</ele>
        <time>2026-05-04T01:24:40.6270000+00:00</time>
      </trkpt>
      <trkpt lat="46.65877" lon="7.91259">
        <ele>1991.85</ele>
        <time>2026-05-04T01:24:44.7660000+00:00</time>
      </trkpt>
      <trkpt lat="46.65877" lon="7.91256">
        <ele>1991.1</ele>
        <time>2026-05-04T01:24:47.6850000+00:00</time>
      </trkpt>
      <trkpt lat="46.6588" lon="7.91249">
        <ele>1984.74</ele>
        <time>2026-05-04T01:24:55.7100000+00:00</time>
      </trkpt>
      <trkpt lat="46.65883" lon="7.91245">
        <ele>1979.36</ele>
        <time>2026-05-04T01:25:01.4710000+00:00</time>
      </trkpt>
      <trkpt lat="46.65885" lon="7.91235">
        <ele>1973.32</ele>
        <time>2026-05-04T01:25:11.6010000+00:00</time>
      </trkpt>
      <trkpt lat="46.65886" lon="7.91231">
        <ele>1970.62</ele>
        <time>2026-05-04T01:25:15.7420000+00:00</time>
      </trkpt>
      <trkpt lat="46.65887" lon="7.91224">
        <ele>1966.92</ele>
        <time>2026-05-04T01:25:22.6950000+00:00</time>
      </trkpt>
      <trkpt lat="46.65888" lon="7.91223">
        <ele>1965.23</ele>
        <time>2026-05-04T01:25:24.4100000+00:00</time>
      </trkpt>
      <trkpt lat="46.6589" lon="7.91218">
        <ele>1960.82</ele>
        <time>2026-05-04T01:25:30.0370000+00:00</time>
      </trkpt>
      <trkpt lat="46.65891" lon="7.91213">
        <ele>1957.78</ele>
        <time>2026-05-04T01:25:35.1040000+00:00</time>
      </trkpt>
      <trkpt lat="46.65894" lon="7.91203">
        <ele>1950.3</ele>
        <time>2026-05-04T01:25:45.7160000+00:00</time>
      </trkpt>
      <trkpt lat="46.65895" lon="7.912">
        <ele>1947.92</ele>
        <time>2026-05-04T01:25:48.9600000+00:00</time>
      </trkpt>
      <trkpt lat="46.65894" lon="7.91196">
        <ele>1947.94</ele>
        <time>2026-05-04T01:25:53.1000000+00:00</time>
      </trkpt>
      <trkpt lat="46.65892" lon="7.91191">
        <ele>1948.99</ele>
        <time>2026-05-04T01:25:58.7270000+00:00</time>
      </trkpt>
      <trkpt lat="46.65889" lon="7.91183">
        <ele>1950.42</ele>
        <time>2026-05-04T01:26:07.5920000+00:00</time>
      </trkpt>
      <trkpt lat="46.65888" lon="7.91174">
        <ele>1948.78</ele>
        <time>2026-05-04T01:26:16.4590000+00:00</time>
      </trkpt>
      <trkpt lat="46.65886" lon="7.91166">
        <ele>1948.78</ele>
        <time>2026-05-04T01:26:24.7380000+00:00</time>
      </trkpt>
      <trkpt lat="46.65885" lon="7.91158">
        <ele>1947.35</ele>
        <time>2026-05-04T01:26:32.6460000+00:00</time>
      </trkpt>
      <trkpt lat="46.65885" lon="7.91154">
        <ele>1945.95</ele>
        <time>2026-05-04T01:26:36.5360000+00:00</time>
      </trkpt>
      <trkpt lat="46.65885" lon="7.91149">
        <ele>1944.21</ele>
        <time>2026-05-04T01:26:41.3990000+00:00</time>
      </trkpt>
      <trkpt lat="46.65884" lon="7.91143">
        <ele>1943.39</ele>
        <time>2026-05-04T01:26:47.4040000+00:00</time>
      </trkpt>
      <trkpt lat="46.65883" lon="7.91134">
        <ele>1941.45</ele>
        <time>2026-05-04T01:26:56.2710000+00:00</time>
      </trkpt>
      <trkpt lat="46.6588" lon="7.91125">
        <ele>1941.86</ele>
        <time>2026-05-04T01:27:06.0000000+00:00</time>
      </trkpt>
      <trkpt lat="46.65879" lon="7.91118">
        <ele>1940.48</ele>
        <time>2026-05-04T01:27:12.9520000+00:00</time>
      </trkpt>
      <trkpt lat="46.65878" lon="7.91112">
        <ele>1939.41</ele>
        <time>2026-05-04T01:27:18.9570000+00:00</time>
      </trkpt>
      <trkpt lat="46.65874" lon="7.91104">
        <ele>1940.94</ele>
        <time>2026-05-04T01:27:28.5830000+00:00</time>
      </trkpt>
      <trkpt lat="46.6587" lon="7.91095">
        <ele>1941.83</ele>
        <time>2026-05-04T01:27:39.0100000+00:00</time>
      </trkpt>
      <trkpt lat="46.65868" lon="7.91084">
        <ele>1939.57</ele>
        <time>2026-05-04T01:27:50.0760000+00:00</time>
      </trkpt>
      <trkpt lat="46.65866" lon="7.91078">
        <ele>1939.29</ele>
        <time>2026-05-04T01:27:56.5640000+00:00</time>
      </trkpt>
      <trkpt lat="46.65865" lon="7.91074">
        <ele>1938.74</ele>
        <time>2026-05-04T01:28:00.7050000+00:00</time>
      </trkpt>
      <trkpt lat="46.65858" lon="7.91065">
        <ele>1939.71</ele>
        <time>2026-05-04T01:28:13.9330000+00:00</time>
      </trkpt>
      <trkpt lat="46.6585" lon="7.9105">
        <ele>1937.58</ele>
        <time>2026-05-04T01:28:32.4060000+00:00</time>
      </trkpt>
      <trkpt lat="46.65843" lon="7.91038">
        <ele>1937.57</ele>
        <time>2026-05-04T01:28:47.7220000+00:00</time>
      </trkpt>
      <trkpt lat="46.65835" lon="7.91026">
        <ele>1939.53</ele>
        <time>2026-05-04T01:29:03.9900000+00:00</time>
      </trkpt>
      <trkpt lat="46.65833" lon="7.9102">
        <ele>1939.72</ele>
        <time>2026-05-04T01:29:10.4780000+00:00</time>
      </trkpt>
      <trkpt lat="46.65827" lon="7.91015">
        <ele>1943.15</ele>
        <time>2026-05-04T01:29:20.2720000+00:00</time>
      </trkpt>
      <trkpt lat="46.65822" lon="7.91009">
        <ele>1946.2</ele>
        <time>2026-05-04T01:29:29.4490000+00:00</time>
      </trkpt>
      <trkpt lat="46.65816" lon="7.91001">
        <ele>1949.52</ele>
        <time>2026-05-04T01:29:40.9740000+00:00</time>
      </trkpt>
      <trkpt lat="46.65808" lon="7.90996">
        <ele>1955.2</ele>
        <time>2026-05-04T01:29:53.3090000+00:00</time>
      </trkpt>
      <trkpt lat="46.65798" lon="7.90988">
        <ele>1962.56</ele>
        <time>2026-05-04T01:30:09.4730000+00:00</time>
      </trkpt>
      <trkpt lat="46.65791" lon="7.90984">
        <ele>1968.23</ele>
        <time>2026-05-04T01:30:20.1270000+00:00</time>
      </trkpt>
      <trkpt lat="46.65785" lon="7.9098">
        <ele>1973.23</ele>
        <time>2026-05-04T01:30:29.4750000+00:00</time>
      </trkpt>
      <trkpt lat="46.65783" lon="7.90979">
        <ele>1974.96</ele>
        <time>2026-05-04T01:30:32.4700000+00:00</time>
      </trkpt>
      <trkpt lat="46.65785" lon="7.90974">
        <ele>1972.86</ele>
        <time>2026-05-04T01:30:38.0980000+00:00</time>
      </trkpt>
      <trkpt lat="46.65788" lon="7.90974">
        <ele>1970.11</ele>
        <time>2026-05-04T01:30:42.3470000+00:00</time>
      </trkpt>
      <trkpt lat="46.65787" lon="7.90971">
        <ele>1970.81</ele>
        <time>2026-05-04T01:30:45.5930000+00:00</time>
      </trkpt>
      <trkpt lat="46.65786" lon="7.90968">
        <ele>1971.54</ele>
        <time>2026-05-04T01:30:48.8390000+00:00</time>
      </trkpt>
      <trkpt lat="46.65783" lon="7.90968">
        <ele>1974.36</ele>
        <time>2026-05-04T01:30:53.0910000+00:00</time>
      </trkpt>
      <trkpt lat="46.65779" lon="7.90964">
        <ele>1977.97</ele>
        <time>2026-05-04T01:30:59.9660000+00:00</time>
      </trkpt>
      <trkpt lat="46.65774" lon="7.90958">
        <ele>1978.1</ele>
        <time>2026-05-04T01:31:09.1440000+00:00</time>
      </trkpt>
      <trkpt lat="46.6577" lon="7.90952">
        <ele>1978.07</ele>
        <time>2026-05-04T01:31:17.2790000+00:00</time>
      </trkpt>
      <trkpt lat="46.65764" lon="7.90948">
        <ele>1978.31</ele>
        <time>2026-05-04T01:31:26.6280000+00:00</time>
      </trkpt>
      <trkpt lat="46.65757" lon="7.90941">
        <ele>1979.14</ele>
        <time>2026-05-04T01:31:38.6570000+00:00</time>
      </trkpt>
      <trkpt lat="46.65749" lon="7.90933">
        <ele>1980.79</ele>
        <time>2026-05-04T01:31:52.4050000+00:00</time>
      </trkpt>
      <trkpt lat="46.65744" lon="7.90927">
        <ele>1982.35</ele>
        <time>2026-05-04T01:32:01.5830000+00:00</time>
      </trkpt>
      <trkpt lat="46.65738" lon="7.9092">
        <ele>1982.85</ele>
        <time>2026-05-04T01:32:12.4740000+00:00</time>
      </trkpt>
      <trkpt lat="46.65735" lon="7.90915">
        <ele>1982.51</ele>
        <time>2026-05-04T01:32:18.9320000+00:00</time>
      </trkpt>
      <trkpt lat="46.6574" lon="7.90915">
        <ele>1981.17</ele>
        <time>2026-05-04T01:32:26.0160000+00:00</time>
      </trkpt>
      <trkpt lat="46.65746" lon="7.90914">
        <ele>1979.23</ele>
        <time>2026-05-04T01:32:34.5720000+00:00</time>
      </trkpt>
      <trkpt lat="46.65742" lon="7.90905">
        <ele>1977.9</ele>
        <time>2026-05-04T01:32:44.9990000+00:00</time>
      </trkpt>
      <trkpt lat="46.65736" lon="7.90895">
        <ele>1978.11</ele>
        <time>2026-05-04T01:32:57.9160000+00:00</time>
      </trkpt>
      <trkpt lat="46.65732" lon="7.90889">
        <ele>1979.09</ele>
        <time>2026-05-04T01:33:06.0510000+00:00</time>
      </trkpt>
      <trkpt lat="46.65729" lon="7.90886">
        <ele>1980.37</ele>
        <time>2026-05-04T01:33:11.2060000+00:00</time>
      </trkpt>
      <trkpt lat="46.65726" lon="7.9088">
        <ele>1981.55</ele>
        <time>2026-05-04T01:33:18.4240000+00:00</time>
      </trkpt>
      <trkpt lat="46.65722" lon="7.90876">
        <ele>1983.95</ele>
        <time>2026-05-04T01:33:25.2970000+00:00</time>
      </trkpt>
      <trkpt lat="46.6572" lon="7.90874">
        <ele>1985.28</ele>
        <time>2026-05-04T01:33:28.7360000+00:00</time>
      </trkpt>
      <trkpt lat="46.6572" lon="7.9087">
        <ele>1985.15</ele>
        <time>2026-05-04T01:33:32.6300000+00:00</time>
      </trkpt>
      <trkpt lat="46.65723" lon="7.9087">
        <ele>1982.87</ele>
        <time>2026-05-04T01:33:36.8830000+00:00</time>
      </trkpt>
      <trkpt lat="46.65728" lon="7.90872">
        <ele>1979.29</ele>
        <time>2026-05-04T01:33:44.2290000+00:00</time>
      </trkpt>
      <trkpt lat="46.6573" lon="7.90872">
        <ele>1977.81</ele>
        <time>2026-05-04T01:33:47.0610000+00:00</time>
      </trkpt>
      <trkpt lat="46.65732" lon="7.9087">
        <ele>1976</ele>
        <time>2026-05-04T01:33:50.5000000+00:00</time>
      </trkpt>
      <trkpt lat="46.65727" lon="7.90862">
        <ele>1978.95</ele>
        <time>2026-05-04T01:34:01.0220000+00:00</time>
      </trkpt>
      <trkpt lat="46.65718" lon="7.90849">
        <ele>1986.49</ele>
        <time>2026-05-04T01:34:18.9790000+00:00</time>
      </trkpt>
      <trkpt lat="46.65715" lon="7.90844">
        <ele>1989.58</ele>
        <time>2026-05-04T01:34:25.4370000+00:00</time>
      </trkpt>
      <trkpt lat="46.65713" lon="7.90842">
        <ele>1991.77</ele>
        <time>2026-05-04T01:34:28.8760000+00:00</time>
      </trkpt>
      <trkpt lat="46.65709" lon="7.90835">
        <ele>1994.04</ele>
        <time>2026-05-04T01:34:37.7340000+00:00</time>
      </trkpt>
      <trkpt lat="46.65704" lon="7.90826">
        <ele>1996.23</ele>
        <time>2026-05-04T01:34:48.9940000+00:00</time>
      </trkpt>
      <trkpt lat="46.65697" lon="7.90816">
        <ele>2000.14</ele>
        <time>2026-05-04T01:35:02.8850000+00:00</time>
      </trkpt>
      <trkpt lat="46.6569" lon="7.90807">
        <ele>2000.21</ele>
        <time>2026-05-04T01:35:16.1140000+00:00</time>
      </trkpt>
      <trkpt lat="46.6569" lon="7.90806">
        <ele>1999.9</ele>
        <time>2026-05-04T01:35:17.0820000+00:00</time>
      </trkpt>
      <trkpt lat="46.65686" lon="7.90802">
        <ele>1999.95</ele>
        <time>2026-05-04T01:35:23.9560000+00:00</time>
      </trkpt>
      <trkpt lat="46.65684" lon="7.90796">
        <ele>1999.08</ele>
        <time>2026-05-04T01:35:30.4430000+00:00</time>
      </trkpt>
      <trkpt lat="46.65682" lon="7.90793">
        <ele>1999.13</ele>
        <time>2026-05-04T01:35:34.5100000+00:00</time>
      </trkpt>
      <trkpt lat="46.65679" lon="7.90792">
        <ele>2000.15</ele>
        <time>2026-05-04T01:35:38.8720000+00:00</time>
      </trkpt>
      <trkpt lat="46.65673" lon="7.90788">
        <ele>2002.07</ele>
        <time>2026-05-04T01:35:48.2210000+00:00</time>
      </trkpt>
      <trkpt lat="46.65666" lon="7.90782">
        <ele>2004.77</ele>
        <time>2026-05-04T01:35:59.7280000+00:00</time>
      </trkpt>
      <trkpt lat="46.6566" lon="7.90776">
        <ele>2007.7</ele>
        <time>2026-05-04T01:36:10.0400000+00:00</time>
      </trkpt>
      <trkpt lat="46.65655" lon="7.90773">
        <ele>2010.62</ele>
        <time>2026-05-04T01:36:17.7020000+00:00</time>
      </trkpt>
      <trkpt lat="46.65652" lon="7.90772">
        <ele>2012.47</ele>
        <time>2026-05-04T01:36:22.0620000+00:00</time>
      </trkpt>
      <trkpt lat="46.65649" lon="7.9077">
        <ele>2014.46</ele>
        <time>2026-05-04T01:36:26.7350000+00:00</time>
      </trkpt>
      <trkpt lat="46.65644" lon="7.90764">
        <ele>2018.36</ele>
        <time>2026-05-04T01:36:35.9130000+00:00</time>
      </trkpt>
      <trkpt lat="46.65642" lon="7.9076">
        <ele>2020.32</ele>
        <time>2026-05-04T01:36:40.7250000+00:00</time>
      </trkpt>
      <trkpt lat="46.6564" lon="7.90759">
        <ele>2021.93</ele>
        <time>2026-05-04T01:36:43.7180000+00:00</time>
      </trkpt>
      <trkpt lat="46.65638" lon="7.90754">
        <ele>2023.49</ele>
        <time>2026-05-04T01:36:49.3450000+00:00</time>
      </trkpt>
      <trkpt lat="46.65637" lon="7.9075">
        <ele>2024.08</ele>
        <time>2026-05-04T01:36:53.4850000+00:00</time>
      </trkpt>
      <trkpt lat="46.65636" lon="7.90745">
        <ele>2024.64</ele>
        <time>2026-05-04T01:36:58.5510000+00:00</time>
      </trkpt>
      <trkpt lat="46.6563" lon="7.90739">
        <ele>2028.95</ele>
        <time>2026-05-04T01:37:08.8630000+00:00</time>
      </trkpt>
      <trkpt lat="46.65628" lon="7.90735">
        <ele>2030.32</ele>
        <time>2026-05-04T01:37:13.6780000+00:00</time>
      </trkpt>
      <trkpt lat="46.65628" lon="7.90729">
        <ele>2030.12</ele>
        <time>2026-05-04T01:37:19.5140000+00:00</time>
      </trkpt>
      <trkpt lat="46.65626" lon="7.90725">
        <ele>2031.52</ele>
        <time>2026-05-04T01:37:24.3260000+00:00</time>
      </trkpt>
      <trkpt lat="46.65622" lon="7.90719">
        <ele>2034.39</ele>
        <time>2026-05-04T01:37:32.4610000+00:00</time>
      </trkpt>
      <trkpt lat="46.6562" lon="7.90716">
        <ele>2035.84</ele>
        <time>2026-05-04T01:37:36.5290000+00:00</time>
      </trkpt>
      <trkpt lat="46.65617" lon="7.90711">
        <ele>2038.01</ele>
        <time>2026-05-04T01:37:42.9870000+00:00</time>
      </trkpt>
      <trkpt lat="46.65615" lon="7.90706">
        <ele>2039.43</ele>
        <time>2026-05-04T01:37:48.6160000+00:00</time>
      </trkpt>
      <trkpt lat="46.65611" lon="7.90702">
        <ele>2041.75</ele>
        <time>2026-05-04T01:37:55.4890000+00:00</time>
      </trkpt>
      <trkpt lat="46.65608" lon="7.90698">
        <ele>2042.01</ele>
        <time>2026-05-04T01:38:01.2500000+00:00</time>
      </trkpt>
      <trkpt lat="46.65604" lon="7.90689">
        <ele>2042.56</ele>
        <time>2026-05-04T01:38:11.6780000+00:00</time>
      </trkpt>
      <trkpt lat="46.65601" lon="7.90683">
        <ele>2043.16</ele>
        <time>2026-05-04T01:38:18.8980000+00:00</time>
      </trkpt>
      <trkpt lat="46.65598" lon="7.90683">
        <ele>2043.69</ele>
        <time>2026-05-04T01:38:23.1490000+00:00</time>
      </trkpt>
      <trkpt lat="46.65595" lon="7.90687">
        <ele>2044.02</ele>
        <time>2026-05-04T01:38:28.9100000+00:00</time>
      </trkpt>
      <trkpt lat="46.6559" lon="7.90691">
        <ele>2044.52</ele>
        <time>2026-05-04T01:38:36.9930000+00:00</time>
      </trkpt>
      <trkpt lat="46.65584" lon="7.90695">
        <ele>2044.97</ele>
        <time>2026-05-04T01:38:46.3420000+00:00</time>
      </trkpt>
      <trkpt lat="46.65581" lon="7.90698">
        <ele>2045</ele>
        <time>2026-05-04T01:38:51.4990000+00:00</time>
      </trkpt>
      <trkpt lat="46.65578" lon="7.90704">
        <ele>2044.57</ele>
        <time>2026-05-04T01:38:58.7190000+00:00</time>
      </trkpt>
      <trkpt lat="46.65576" lon="7.90705">
        <ele>2044.6</ele>
        <time>2026-05-04T01:39:01.7160000+00:00</time>
      </trkpt>
      <trkpt lat="46.65573" lon="7.907">
        <ele>2045.59</ele>
        <time>2026-05-04T01:39:08.1760000+00:00</time>
      </trkpt>
      <trkpt lat="46.6557" lon="7.90697">
        <ele>2046.38</ele>
        <time>2026-05-04T01:39:13.3330000+00:00</time>
      </trkpt>
      <trkpt lat="46.65569" lon="7.90689">
        <ele>2047.84</ele>
        <time>2026-05-04T01:39:21.2420000+00:00</time>
      </trkpt>
      <trkpt lat="46.65564" lon="7.90689">
        <ele>2048.6</ele>
        <time>2026-05-04T01:39:28.3270000+00:00</time>
      </trkpt>
      <trkpt lat="46.65562" lon="7.90692">
        <ele>2048.3</ele>
        <time>2026-05-04T01:39:32.3950000+00:00</time>
      </trkpt>
      <trkpt lat="46.6556" lon="7.90694">
        <ele>2048.16</ele>
        <time>2026-05-04T01:39:35.8290000+00:00</time>
      </trkpt>
      <trkpt lat="46.65558" lon="7.90698">
        <ele>2047.55</ele>
        <time>2026-05-04T01:39:40.6410000+00:00</time>
      </trkpt>
      <trkpt lat="46.65558" lon="7.90705">
        <ele>2046.03</ele>
        <time>2026-05-04T01:39:47.4480000+00:00</time>
      </trkpt>
      <trkpt lat="46.65557" lon="7.9071">
        <ele>2045</ele>
        <time>2026-05-04T01:39:52.5140000+00:00</time>
      </trkpt>
      <trkpt lat="46.65556" lon="7.90714">
        <ele>2044.15</ele>
        <time>2026-05-04T01:39:56.6560000+00:00</time>
      </trkpt>
      <trkpt lat="46.65554" lon="7.90713">
        <ele>2044.46</ele>
        <time>2026-05-04T01:39:59.6530000+00:00</time>
      </trkpt>
      <trkpt lat="46.65554" lon="7.90708">
        <ele>2045.64</ele>
        <time>2026-05-04T01:40:04.5160000+00:00</time>
      </trkpt>
      <trkpt lat="46.65551" lon="7.90698">
        <ele>2048.33</ele>
        <time>2026-05-04T01:40:15.1300000+00:00</time>
      </trkpt>
      <trkpt lat="46.65549" lon="7.90694">
        <ele>2049.58</ele>
        <time>2026-05-04T01:40:19.9430000+00:00</time>
      </trkpt>
      <trkpt lat="46.65546" lon="7.90701">
        <ele>2048.07</ele>
        <time>2026-05-04T01:40:27.9690000+00:00</time>
      </trkpt>
      <trkpt lat="46.65544" lon="7.9071">
        <ele>2045.74</ele>
        <time>2026-05-04T01:40:37.1700000+00:00</time>
      </trkpt>
      <trkpt lat="46.65541" lon="7.90716">
        <ele>2044.15</ele>
        <time>2026-05-04T01:40:44.3890000+00:00</time>
      </trkpt>
      <trkpt lat="46.65539" lon="7.90727">
        <ele>2040.89</ele>
        <time>2026-05-04T01:40:55.4570000+00:00</time>
      </trkpt>
      <trkpt lat="46.65538" lon="7.90732">
        <ele>2039.33</ele>
        <time>2026-05-04T01:41:00.5220000+00:00</time>
      </trkpt>
      <trkpt lat="46.65536" lon="7.90733">
        <ele>2038.94</ele>
        <time>2026-05-04T01:41:03.5170000+00:00</time>
      </trkpt>
      <trkpt lat="46.65535" lon="7.90732">
        <ele>2039.21</ele>
        <time>2026-05-04T01:41:05.2360000+00:00</time>
      </trkpt>
      <trkpt lat="46.65535" lon="7.90728">
        <ele>2040.49</ele>
        <time>2026-05-04T01:41:09.1260000+00:00</time>
      </trkpt>
      <trkpt lat="46.65532" lon="7.90719">
        <ele>2043.42</ele>
        <time>2026-05-04T01:41:18.8570000+00:00</time>
      </trkpt>
      <trkpt lat="46.65528" lon="7.90703">
        <ele>2048.92</ele>
        <time>2026-05-04T01:41:35.4180000+00:00</time>
      </trkpt>
      <trkpt lat="46.65523" lon="7.90686">
        <ele>2053.2</ele>
        <time>2026-05-04T01:41:53.4050000+00:00</time>
      </trkpt>
      <trkpt lat="46.65521" lon="7.9068">
        <ele>2054.32</ele>
        <time>2026-05-04T01:41:59.8930000+00:00</time>
      </trkpt>
      <trkpt lat="46.65519" lon="7.90685">
        <ele>2052.24</ele>
        <time>2026-05-04T01:42:05.5230000+00:00</time>
      </trkpt>
      <trkpt lat="46.65517" lon="7.90693">
        <ele>2049.52</ele>
        <time>2026-05-04T01:42:13.8040000+00:00</time>
      </trkpt>
      <trkpt lat="46.65516" lon="7.90699">
        <ele>2047.75</ele>
        <time>2026-05-04T01:42:19.8090000+00:00</time>
      </trkpt>
      <trkpt lat="46.65517" lon="7.90705">
        <ele>2046.4</ele>
        <time>2026-05-04T01:42:25.8140000+00:00</time>
      </trkpt>
      <trkpt lat="46.65517" lon="7.9071">
        <ele>2045.09</ele>
        <time>2026-05-04T01:42:30.6800000+00:00</time>
      </trkpt>
      <trkpt lat="46.65517" lon="7.90718">
        <ele>2043.01</ele>
        <time>2026-05-04T01:42:38.4610000+00:00</time>
      </trkpt>
      <trkpt lat="46.65513" lon="7.90714">
        <ele>2043.65</ele>
        <time>2026-05-04T01:42:45.3370000+00:00</time>
      </trkpt>
      <trkpt lat="46.65509" lon="7.90703">
        <ele>2045.46</ele>
        <time>2026-05-04T01:42:57.4430000+00:00</time>
      </trkpt>
      <trkpt lat="46.65505" lon="7.90689">
        <ele>2047.12</ele>
        <time>2026-05-04T01:43:12.1910000+00:00</time>
      </trkpt>
      <trkpt lat="46.65502" lon="7.90683">
        <ele>2047.14</ele>
        <time>2026-05-04T01:43:19.4110000+00:00</time>
      </trkpt>
      <trkpt lat="46.655" lon="7.90677">
        <ele>2047.27</ele>
        <time>2026-05-04T01:43:25.8990000+00:00</time>
      </trkpt>
      <trkpt lat="46.655" lon="7.90686">
        <ele>2046.08</ele>
        <time>2026-05-04T01:43:34.6510000+00:00</time>
      </trkpt>
      <trkpt lat="46.65499" lon="7.90695">
        <ele>2044.64</ele>
        <time>2026-05-04T01:43:43.5180000+00:00</time>
      </trkpt>
      <trkpt lat="46.65497" lon="7.90705">
        <ele>2043.05</ele>
        <time>2026-05-04T01:43:53.6480000+00:00</time>
      </trkpt>
      <trkpt lat="46.65495" lon="7.90714">
        <ele>2041.86</ele>
        <time>2026-05-04T01:44:02.8480000+00:00</time>
      </trkpt>
      <trkpt lat="46.65493" lon="7.90721">
        <ele>2041.1</ele>
        <time>2026-05-04T01:44:10.2220000+00:00</time>
      </trkpt>
      <trkpt lat="46.6549" lon="7.90726">
        <ele>2040.67</ele>
        <time>2026-05-04T01:44:16.6830000+00:00</time>
      </trkpt>
      <trkpt lat="46.65485" lon="7.9073">
        <ele>2040.54</ele>
        <time>2026-05-04T01:44:24.7650000+00:00</time>
      </trkpt>
      <trkpt lat="46.65476" lon="7.90737">
        <ele>2041.05</ele>
        <time>2026-05-04T01:44:39.2200000+00:00</time>
      </trkpt>
      <trkpt lat="46.65464" lon="7.90744">
        <ele>2042.89</ele>
        <time>2026-05-04T01:44:57.5350000+00:00</time>
      </trkpt>
      <trkpt lat="46.65455" lon="7.90751">
        <ele>2045.45</ele>
        <time>2026-05-04T01:45:11.9920000+00:00</time>
      </trkpt>
      <trkpt lat="46.65451" lon="7.90755">
        <ele>2047.1</ele>
        <time>2026-05-04T01:45:18.8660000+00:00</time>
      </trkpt>
      <trkpt lat="46.65448" lon="7.90759">
        <ele>2047.45</ele>
        <time>2026-05-04T01:45:24.6280000+00:00</time>
      </trkpt>
      <trkpt lat="46.65441" lon="7.90766">
        <ele>2041.18</ele>
        <time>2026-05-04T01:45:36.6590000+00:00</time>
      </trkpt>
      <trkpt lat="46.65435" lon="7.90774">
        <ele>2033.8</ele>
        <time>2026-05-04T01:45:48.1830000+00:00</time>
      </trkpt>
      <trkpt lat="46.65429" lon="7.90778">
        <ele>2029.71</ele>
        <time>2026-05-04T01:45:57.5310000+00:00</time>
      </trkpt>
      <trkpt lat="46.65423" lon="7.9078">
        <ele>2027.17</ele>
        <time>2026-05-04T01:46:06.2530000+00:00</time>
      </trkpt>
      <trkpt lat="46.65417" lon="7.90782">
        <ele>2024.84</ele>
        <time>2026-05-04T01:46:14.9740000+00:00</time>
      </trkpt>
      <trkpt lat="46.65413" lon="7.90787">
        <ele>2021.69</ele>
        <time>2026-05-04T01:46:22.4420000+00:00</time>
      </trkpt>
      <trkpt lat="46.6541" lon="7.90789">
        <ele>2020.34</ele>
        <time>2026-05-04T01:46:27.1150000+00:00</time>
      </trkpt>
      <trkpt lat="46.65406" lon="7.90794">
        <ele>2017.76</ele>
        <time>2026-05-04T01:46:34.5820000+00:00</time>
      </trkpt>
      <trkpt lat="46.65402" lon="7.90797">
        <ele>2016.27</ele>
        <time>2026-05-04T01:46:40.9550000+00:00</time>
      </trkpt>
      <trkpt lat="46.65399" lon="7.90802">
        <ele>2014.36</ele>
        <time>2026-05-04T01:46:47.4150000+00:00</time>
      </trkpt>
      <trkpt lat="46.65397" lon="7.90803">
        <ele>2013.99</ele>
        <time>2026-05-04T01:46:50.4120000+00:00</time>
      </trkpt>
      <trkpt lat="46.65394" lon="7.90806">
        <ele>2013.05</ele>
        <time>2026-05-04T01:46:55.5690000+00:00</time>
      </trkpt>
      <trkpt lat="46.65392" lon="7.9081">
        <ele>2011.96</ele>
        <time>2026-05-04T01:47:00.3800000+00:00</time>
      </trkpt>
      <trkpt lat="46.65389" lon="7.90813">
        <ele>2011.35</ele>
        <time>2026-05-04T01:47:05.5360000+00:00</time>
      </trkpt>
      <trkpt lat="46.65385" lon="7.90816">
        <ele>2011</ele>
        <time>2026-05-04T01:47:11.9120000+00:00</time>
      </trkpt>
      <trkpt lat="46.65379" lon="7.90823">
        <ele>2010.47</ele>
        <time>2026-05-04T01:47:22.8030000+00:00</time>
      </trkpt>
      <trkpt lat="46.65368" lon="7.90839">
        <ele>2011.24</ele>
        <time>2026-05-04T01:47:44.8270000+00:00</time>
      </trkpt>
      <trkpt lat="46.65356" lon="7.90852">
        <ele>2010.69</ele>
        <time>2026-05-04T01:48:06.0160000+00:00</time>
      </trkpt>
      <trkpt lat="46.65349" lon="7.90861">
        <ele>2009.79</ele>
        <time>2026-05-04T01:48:19.2460000+00:00</time>
      </trkpt>
      <trkpt lat="46.65342" lon="7.90865">
        <ele>2010.88</ele>
        <time>2026-05-04T01:48:29.9000000+00:00</time>
      </trkpt>
      <trkpt lat="46.65335" lon="7.90866">
        <ele>2013.05</ele>
        <time>2026-05-04T01:48:39.8660000+00:00</time>
      </trkpt>
      <trkpt lat="46.65329" lon="7.90864">
        <ele>2015.74</ele>
        <time>2026-05-04T01:48:48.5880000+00:00</time>
      </trkpt>
      <trkpt lat="46.65323" lon="7.9086">
        <ele>2018.88</ele>
        <time>2026-05-04T01:48:57.9360000+00:00</time>
      </trkpt>
      <trkpt lat="46.65315" lon="7.90852">
        <ele>2023.45</ele>
        <time>2026-05-04T01:49:11.6850000+00:00</time>
      </trkpt>
      <trkpt lat="46.6531" lon="7.90846">
        <ele>2026.32</ele>
        <time>2026-05-04T01:49:20.8650000+00:00</time>
      </trkpt>
      <trkpt lat="46.65307" lon="7.90843">
        <ele>2027.82</ele>
        <time>2026-05-04T01:49:26.0230000+00:00</time>
      </trkpt>
      <trkpt lat="46.65304" lon="7.90842">
        <ele>2028.87</ele>
        <time>2026-05-04T01:49:30.3830000+00:00</time>
      </trkpt>
      <trkpt lat="46.65297" lon="7.90843">
        <ele>2030.65</ele>
        <time>2026-05-04T01:49:40.3480000+00:00</time>
      </trkpt>
      <trkpt lat="46.6529" lon="7.90846">
        <ele>2032.16</ele>
        <time>2026-05-04T01:49:50.6870000+00:00</time>
      </trkpt>
      <trkpt lat="46.65275" lon="7.90849">
        <ele>2034.5</ele>
        <time>2026-05-04T01:50:12.1400000+00:00</time>
      </trkpt>
      <trkpt lat="46.65268" lon="7.90851">
        <ele>2033.31</ele>
        <time>2026-05-04T01:50:22.2460000+00:00</time>
      </trkpt>
      <trkpt lat="46.65262" lon="7.90856">
        <ele>2031.97</ele>
        <time>2026-05-04T01:50:32.0400000+00:00</time>
      </trkpt>
      <trkpt lat="46.65256" lon="7.90863">
        <ele>2030.49</ele>
        <time>2026-05-04T01:50:42.9310000+00:00</time>
      </trkpt>
      <trkpt lat="46.65247" lon="7.90874">
        <ele>2028.34</ele>
        <time>2026-05-04T01:50:59.5760000+00:00</time>
      </trkpt>
      <trkpt lat="46.65237" lon="7.90889">
        <ele>2025.93</ele>
        <time>2026-05-04T01:51:19.9140000+00:00</time>
      </trkpt>
      <trkpt lat="46.65231" lon="7.90896">
        <ele>2024.77</ele>
        <time>2026-05-04T01:51:30.8050000+00:00</time>
      </trkpt>
      <trkpt lat="46.65226" lon="7.909">
        <ele>2023.99</ele>
        <time>2026-05-04T01:51:38.8880000+00:00</time>
      </trkpt>
      <trkpt lat="46.65215" lon="7.90907">
        <ele>2022.51</ele>
        <time>2026-05-04T01:51:55.8960000+00:00</time>
      </trkpt>
      <trkpt lat="46.65204" lon="7.90914">
        <ele>2021.17</ele>
        <time>2026-05-04T01:52:12.9030000+00:00</time>
      </trkpt>
      <trkpt lat="46.65199" lon="7.90918">
        <ele>2020.56</ele>
        <time>2026-05-04T01:52:20.9860000+00:00</time>
      </trkpt>
      <trkpt lat="46.65196" lon="7.90923">
        <ele>2020.08</ele>
        <time>2026-05-04T01:52:27.4450000+00:00</time>
      </trkpt>
      <trkpt lat="46.65191" lon="7.90937">
        <ele>2013.72</ele>
        <time>2026-05-04T01:52:42.7940000+00:00</time>
      </trkpt>
      <trkpt lat="46.65185" lon="7.90947">
        <ele>2008.11</ele>
        <time>2026-05-04T01:52:55.7120000+00:00</time>
      </trkpt>
      <trkpt lat="46.65182" lon="7.90957">
        <ele>2003.53</ele>
        <time>2026-05-04T01:53:06.3260000+00:00</time>
      </trkpt>
      <trkpt lat="46.65179" lon="7.90967">
        <ele>1998.98</ele>
        <time>2026-05-04T01:53:16.9400000+00:00</time>
      </trkpt>
      <trkpt lat="46.65178" lon="7.90972">
        <ele>1996.88</ele>
        <time>2026-05-04T01:53:22.0050000+00:00</time>
      </trkpt>
      <trkpt lat="46.65176" lon="7.9097">
        <ele>1996.99</ele>
        <time>2026-05-04T01:53:25.4410000+00:00</time>
      </trkpt>
      <trkpt lat="46.65175" lon="7.90969">
        <ele>1997.05</ele>
        <time>2026-05-04T01:53:27.1610000+00:00</time>
      </trkpt>
      <trkpt lat="46.65173" lon="7.90967">
        <ele>1997.15</ele>
        <time>2026-05-04T01:53:30.5970000+00:00</time>
      </trkpt>
      <trkpt lat="46.6517" lon="7.90963">
        <ele>1997.65</ele>
        <time>2026-05-04T01:53:36.3600000+00:00</time>
      </trkpt>
      <trkpt lat="46.65166" lon="7.90954">
        <ele>1999.58</ele>
        <time>2026-05-04T01:53:46.7890000+00:00</time>
      </trkpt>
      <trkpt lat="46.65162" lon="7.90947">
        <ele>2000.75</ele>
        <time>2026-05-04T01:53:55.6470000+00:00</time>
      </trkpt>
      <trkpt lat="46.6516" lon="7.90938">
        <ele>2003.23</ele>
        <time>2026-05-04T01:54:04.8480000+00:00</time>
      </trkpt>
      <trkpt lat="46.65159" lon="7.9093">
        <ele>2005.67</ele>
        <time>2026-05-04T01:54:12.7570000+00:00</time>
      </trkpt>
      <trkpt lat="46.6516" lon="7.90919">
        <ele>2008.28</ele>
        <time>2026-05-04T01:54:23.5490000+00:00</time>
      </trkpt>
      <trkpt lat="46.65163" lon="7.9091">
        <ele>2009.76</ele>
        <time>2026-05-04T01:54:33.2790000+00:00</time>
      </trkpt>
      <trkpt lat="46.65162" lon="7.90908">
        <ele>2009.54</ele>
        <time>2026-05-04T01:54:35.6870000+00:00</time>
      </trkpt>
      <trkpt lat="46.6516" lon="7.90906">
        <ele>2008.97</ele>
        <time>2026-05-04T01:54:39.1250000+00:00</time>
      </trkpt>
      <trkpt lat="46.65155" lon="7.90906">
        <ele>2007.31</ele>
        <time>2026-05-04T01:54:46.2100000+00:00</time>
      </trkpt>
      <trkpt lat="46.6515" lon="7.90906">
        <ele>2005.64</ele>
        <time>2026-05-04T01:54:53.2950000+00:00</time>
      </trkpt>
      <trkpt lat="46.65145" lon="7.90906">
        <ele>2003.97</ele>
        <time>2026-05-04T01:55:00.3800000+00:00</time>
      </trkpt>
      <trkpt lat="46.65146" lon="7.90901">
        <ele>2004.58</ele>
        <time>2026-05-04T01:55:05.4460000+00:00</time>
      </trkpt>
      <trkpt lat="46.65148" lon="7.90897">
        <ele>2005.46</ele>
        <time>2026-05-04T01:55:10.2580000+00:00</time>
      </trkpt>
      <trkpt lat="46.65148" lon="7.90895">
        <ele>2005.57</ele>
        <time>2026-05-04T01:55:12.2010000+00:00</time>
      </trkpt>
      <trkpt lat="46.65143" lon="7.90896">
        <ele>2003.86</ele>
        <time>2026-05-04T01:55:19.3520000+00:00</time>
      </trkpt>
      <trkpt lat="46.65138" lon="7.90898">
        <ele>2002.08</ele>
        <time>2026-05-04T01:55:26.6990000+00:00</time>
      </trkpt>
      <trkpt lat="46.65129" lon="7.90903">
        <ele>1998.8</ele>
        <time>2026-05-04T01:55:40.3470000+00:00</time>
      </trkpt>
      <trkpt lat="46.65125" lon="7.90905">
        <ele>1997.35</ele>
        <time>2026-05-04T01:55:46.3400000+00:00</time>
      </trkpt>
      <trkpt lat="46.65124" lon="7.90903">
        <ele>1997.14</ele>
        <time>2026-05-04T01:55:48.7470000+00:00</time>
      </trkpt>
      <trkpt lat="46.65124" lon="7.90896">
        <ele>1997.55</ele>
        <time>2026-05-04T01:55:55.5560000+00:00</time>
      </trkpt>
      <trkpt lat="46.65122" lon="7.9089">
        <ele>1997.23</ele>
        <time>2026-05-04T01:56:02.0440000+00:00</time>
      </trkpt>
      <trkpt lat="46.6512" lon="7.90893">
        <ele>1996.39</ele>
        <time>2026-05-04T01:56:06.1100000+00:00</time>
      </trkpt>
      <trkpt lat="46.65117" lon="7.90908">
        <ele>1994.51</ele>
        <time>2026-05-04T01:56:21.3060000+00:00</time>
      </trkpt>
      <trkpt lat="46.65112" lon="7.90923">
        <ele>1991.85</ele>
        <time>2026-05-04T01:56:37.5240000+00:00</time>
      </trkpt>
      <trkpt lat="46.65109" lon="7.90932">
        <ele>1987.63</ele>
        <time>2026-05-04T01:56:47.2560000+00:00</time>
      </trkpt>
      <trkpt lat="46.65105" lon="7.90958">
        <ele>1976.75</ele>
        <time>2026-05-04T01:57:13.1720000+00:00</time>
      </trkpt>
      <trkpt lat="46.65105" lon="7.90965">
        <ele>1974.44</ele>
        <time>2026-05-04T01:57:19.9810000+00:00</time>
      </trkpt>
      <trkpt lat="46.65106" lon="7.9097">
        <ele>1973.45</ele>
        <time>2026-05-04T01:57:25.0460000+00:00</time>
      </trkpt>
      <trkpt lat="46.65108" lon="7.90974">
        <ele>1973.49</ele>
        <time>2026-05-04T01:57:29.8570000+00:00</time>
      </trkpt>
      <trkpt lat="46.65111" lon="7.90978">
        <ele>1974.25</ele>
        <time>2026-05-04T01:57:35.6210000+00:00</time>
      </trkpt>
      <trkpt lat="46.65116" lon="7.90982">
        <ele>1975.02</ele>
        <time>2026-05-04T01:57:43.7030000+00:00</time>
      </trkpt>
      <trkpt lat="46.65118" lon="7.9099">
        <ele>1973.08</ele>
        <time>2026-05-04T01:57:51.9840000+00:00</time>
      </trkpt>
      <trkpt lat="46.6512" lon="7.90995">
        <ele>1972.07</ele>
        <time>2026-05-04T01:57:57.6130000+00:00</time>
      </trkpt>
      <trkpt lat="46.65125" lon="7.91">
        <ele>1971.89</ele>
        <time>2026-05-04T01:58:06.2060000+00:00</time>
      </trkpt>
      <trkpt lat="46.65131" lon="7.91008">
        <ele>1970.96</ele>
        <time>2026-05-04T01:58:17.7320000+00:00</time>
      </trkpt>
      <trkpt lat="46.65135" lon="7.91014">
        <ele>1969.97</ele>
        <time>2026-05-04T01:58:25.8670000+00:00</time>
      </trkpt>
      <trkpt lat="46.65139" lon="7.9102">
        <ele>1968.99</ele>
        <time>2026-05-04T01:58:34.0020000+00:00</time>
      </trkpt>
      <trkpt lat="46.6514" lon="7.91024">
        <ele>1967.87</ele>
        <time>2026-05-04T01:58:38.1430000+00:00</time>
      </trkpt>
      <trkpt lat="46.65142" lon="7.91028">
        <ele>1967.03</ele>
        <time>2026-05-04T01:58:42.9580000+00:00</time>
      </trkpt>
      <trkpt lat="46.65145" lon="7.91038">
        <ele>1964.38</ele>
        <time>2026-05-04T01:58:53.5730000+00:00</time>
      </trkpt>
      <trkpt lat="46.65148" lon="7.91046">
        <ele>1962.42</ele>
        <time>2026-05-04T01:59:02.4390000+00:00</time>
      </trkpt>
      <trkpt lat="46.65152" lon="7.91052">
        <ele>1961.44</ele>
        <time>2026-05-04T01:59:10.5740000+00:00</time>
      </trkpt>
      <trkpt lat="46.6516" lon="7.91058">
        <ele>1961.56</ele>
        <time>2026-05-04T01:59:23.3240000+00:00</time>
      </trkpt>
      <trkpt lat="46.65166" lon="7.91062">
        <ele>1961.82</ele>
        <time>2026-05-04T01:59:32.6730000+00:00</time>
      </trkpt>
      <trkpt lat="46.65172" lon="7.91065">
        <ele>1962.43</ele>
        <time>2026-05-04T01:59:41.6610000+00:00</time>
      </trkpt>
      <trkpt lat="46.65178" lon="7.91068">
        <ele>1963.05</ele>
        <time>2026-05-04T01:59:50.6510000+00:00</time>
      </trkpt>
      <trkpt lat="46.65184" lon="7.91072">
        <ele>1963.31</ele>
        <time>2026-05-04T02:00:00.0000000+00:00</time>
      </trkpt>
    </trkseg>
  </trk>
</gpx>