<?xml version="1.0" encoding="utf-8"?>
<gpx xmlns:xsd="http://www.w3.org/2001/XMLSchema" xmlns:xsi="http://www.w3.org/2001/XMLSchema-instance" creator="eT4 META" version="1.1" xsi:schemaLocation="http://www.topografix.com/GPX/1/1 http://www.topografix.com/GPX/1/1/gpx.xsd" xmlns="http://www.topografix.com/GPX/1/1">
  <trk>
    <name>Sur d'antiques chemins vers le Stockhorn</name>
    <trkseg>
      <trkpt lat="46.74074" lon="7.52088">
        <ele>661.3</ele>
        <time>2026-05-04T00:00:00.0000000+00:00</time>
      </trkpt>
      <trkpt lat="46.74074" lon="7.52089">
        <ele>661.33</ele>
        <time>2026-05-04T00:00:01.4550000+00:00</time>
      </trkpt>
      <trkpt lat="46.74074" lon="7.5209">
        <ele>661.36</ele>
        <time>2026-05-04T00:00:02.9090000+00:00</time>
      </trkpt>
      <trkpt lat="46.74074" lon="7.5209">
        <ele>661.36</ele>
        <time>2026-05-04T00:00:02.9090000+00:00</time>
      </trkpt>
      <trkpt lat="46.74075" lon="7.52091">
        <ele>661.4</ele>
        <time>2026-05-04T00:00:05.4730000+00:00</time>
      </trkpt>
      <trkpt lat="46.74075" lon="7.52092">
        <ele>661.43</ele>
        <time>2026-05-04T00:00:06.9170000+00:00</time>
      </trkpt>
      <trkpt lat="46.74065" lon="7.52104">
        <ele>661.57</ele>
        <time>2026-05-04T00:00:34.2750000+00:00</time>
      </trkpt>
      <trkpt lat="46.74046" lon="7.52124">
        <ele>661.68</ele>
        <time>2026-05-04T00:01:23.7810000+00:00</time>
      </trkpt>
      <trkpt lat="46.74032" lon="7.52138">
        <ele>663.04</ele>
        <time>2026-05-04T00:01:59.6450000+00:00</time>
      </trkpt>
      <trkpt lat="46.7402" lon="7.52148">
        <ele>664</ele>
        <time>2026-05-04T00:02:28.8460000+00:00</time>
      </trkpt>
      <trkpt lat="46.74008" lon="7.52156">
        <ele>665.07</ele>
        <time>2026-05-04T00:02:56.7240000+00:00</time>
      </trkpt>
      <trkpt lat="46.73999" lon="7.52162">
        <ele>665.82</ele>
        <time>2026-05-04T00:03:17.6320000+00:00</time>
      </trkpt>
      <trkpt lat="46.73988" lon="7.52168">
        <ele>666.53</ele>
        <time>2026-05-04T00:03:42.4480000+00:00</time>
      </trkpt>
      <trkpt lat="46.7398" lon="7.52171">
        <ele>666.88</ele>
        <time>2026-05-04T00:03:59.9020000+00:00</time>
      </trkpt>
      <trkpt lat="46.73977" lon="7.52159">
        <ele>665.68</ele>
        <time>2026-05-04T00:04:18.4000000+00:00</time>
      </trkpt>
      <trkpt lat="46.73976" lon="7.52157">
        <ele>665.49</ele>
        <time>2026-05-04T00:04:21.9900000+00:00</time>
      </trkpt>
      <trkpt lat="46.73972" lon="7.52144">
        <ele>664.24</ele>
        <time>2026-05-04T00:04:42.6270000+00:00</time>
      </trkpt>
      <trkpt lat="46.73968" lon="7.52139">
        <ele>663.82</ele>
        <time>2026-05-04T00:04:53.7570000+00:00</time>
      </trkpt>
      <trkpt lat="46.7396" lon="7.52133">
        <ele>663.39</ele>
        <time>2026-05-04T00:05:12.7650000+00:00</time>
      </trkpt>
      <trkpt lat="46.73948" lon="7.52124">
        <ele>662.84</ele>
        <time>2026-05-04T00:05:41.2760000+00:00</time>
      </trkpt>
      <trkpt lat="46.73938" lon="7.52117">
        <ele>662.94</ele>
        <time>2026-05-04T00:06:04.7130000+00:00</time>
      </trkpt>
      <trkpt lat="46.73929" lon="7.52112">
        <ele>663.23</ele>
        <time>2026-05-04T00:06:25.0630000+00:00</time>
      </trkpt>
      <trkpt lat="46.73921" lon="7.52108">
        <ele>663.52</ele>
        <time>2026-05-04T00:06:42.9330000+00:00</time>
      </trkpt>
      <trkpt lat="46.73915" lon="7.52106">
        <ele>663.75</ele>
        <time>2026-05-04T00:06:55.9390000+00:00</time>
      </trkpt>
      <trkpt lat="46.73909" lon="7.52107">
        <ele>664</ele>
        <time>2026-05-04T00:07:08.7010000+00:00</time>
      </trkpt>
      <trkpt lat="46.73904" lon="7.52109">
        <ele>664.21</ele>
        <time>2026-05-04T00:07:19.6540000+00:00</time>
      </trkpt>
      <trkpt lat="46.739" lon="7.52112">
        <ele>664.37</ele>
        <time>2026-05-04T00:07:29.1560000+00:00</time>
      </trkpt>
      <trkpt lat="46.73894" lon="7.5212">
        <ele>664.6</ele>
        <time>2026-05-04T00:07:46.3310000+00:00</time>
      </trkpt>
      <trkpt lat="46.7388" lon="7.52141">
        <ele>665.85</ele>
        <time>2026-05-04T00:08:28.7590000+00:00</time>
      </trkpt>
      <trkpt lat="46.73863" lon="7.52164">
        <ele>666.93</ele>
        <time>2026-05-04T00:09:17.7480000+00:00</time>
      </trkpt>
      <trkpt lat="46.73841" lon="7.52196">
        <ele>667.98</ele>
        <time>2026-05-04T00:10:23.3890000+00:00</time>
      </trkpt>
      <trkpt lat="46.73833" lon="7.52189">
        <ele>668.01</ele>
        <time>2026-05-04T00:10:43.0990000+00:00</time>
      </trkpt>
      <trkpt lat="46.73816" lon="7.52176">
        <ele>668.25</ele>
        <time>2026-05-04T00:11:23.6570000+00:00</time>
      </trkpt>
      <trkpt lat="46.73784" lon="7.52151">
        <ele>669.23</ele>
        <time>2026-05-04T00:12:40.3590000+00:00</time>
      </trkpt>
      <trkpt lat="46.73764" lon="7.52136">
        <ele>670.22</ele>
        <time>2026-05-04T00:13:27.8780000+00:00</time>
      </trkpt>
      <trkpt lat="46.73754" lon="7.52128">
        <ele>670.8</ele>
        <time>2026-05-04T00:13:51.9770000+00:00</time>
      </trkpt>
      <trkpt lat="46.73744" lon="7.5212">
        <ele>671.4</ele>
        <time>2026-05-04T00:14:16.0750000+00:00</time>
      </trkpt>
      <trkpt lat="46.73735" lon="7.52114">
        <ele>671.94</ele>
        <time>2026-05-04T00:14:36.9840000+00:00</time>
      </trkpt>
      <trkpt lat="46.7373" lon="7.52108">
        <ele>672.28</ele>
        <time>2026-05-04T00:14:50.6650000+00:00</time>
      </trkpt>
      <trkpt lat="46.73722" lon="7.52099">
        <ele>672.8</ele>
        <time>2026-05-04T00:15:12.0120000+00:00</time>
      </trkpt>
      <trkpt lat="46.73716" lon="7.5209">
        <ele>673.21</ele>
        <time>2026-05-04T00:15:30.1950000+00:00</time>
      </trkpt>
      <trkpt lat="46.73709" lon="7.52078">
        <ele>673.7</ele>
        <time>2026-05-04T00:15:53.0170000+00:00</time>
      </trkpt>
      <trkpt lat="46.73703" lon="7.52067">
        <ele>674.1</ele>
        <time>2026-05-04T00:16:13.3780000+00:00</time>
      </trkpt>
      <trkpt lat="46.73694" lon="7.52049">
        <ele>674.69</ele>
        <time>2026-05-04T00:16:45.6460000+00:00</time>
      </trkpt>
      <trkpt lat="46.73688" lon="7.52039">
        <ele>675.05</ele>
        <time>2026-05-04T00:17:04.8940000+00:00</time>
      </trkpt>
      <trkpt lat="46.73682" lon="7.52032">
        <ele>675.49</ele>
        <time>2026-05-04T00:17:21.1250000+00:00</time>
      </trkpt>
      <trkpt lat="46.73674" lon="7.52024">
        <ele>676.07</ele>
        <time>2026-05-04T00:17:41.6190000+00:00</time>
      </trkpt>
      <trkpt lat="46.73668" lon="7.52018">
        <ele>676.5</ele>
        <time>2026-05-04T00:17:56.9900000+00:00</time>
      </trkpt>
      <trkpt lat="46.7366" lon="7.52013">
        <ele>677.04</ele>
        <time>2026-05-04T00:18:15.3820000+00:00</time>
      </trkpt>
      <trkpt lat="46.73652" lon="7.52009">
        <ele>677.57</ele>
        <time>2026-05-04T00:18:33.2520000+00:00</time>
      </trkpt>
      <trkpt lat="46.73642" lon="7.52005">
        <ele>678.22</ele>
        <time>2026-05-04T00:18:55.1630000+00:00</time>
      </trkpt>
      <trkpt lat="46.73631" lon="7.52002">
        <ele>678.91</ele>
        <time>2026-05-04T00:19:18.8100000+00:00</time>
      </trkpt>
      <trkpt lat="46.7362" lon="7.52">
        <ele>679.6</ele>
        <time>2026-05-04T00:19:42.2350000+00:00</time>
      </trkpt>
      <trkpt lat="46.73606" lon="7.52">
        <ele>680.44</ele>
        <time>2026-05-04T00:20:11.8180000+00:00</time>
      </trkpt>
      <trkpt lat="46.73589" lon="7.52">
        <ele>681.55</ele>
        <time>2026-05-04T00:20:47.7420000+00:00</time>
      </trkpt>
      <trkpt lat="46.7356" lon="7.52001">
        <ele>683.44</ele>
        <time>2026-05-04T00:21:49.0400000+00:00</time>
      </trkpt>
      <trkpt lat="46.73526" lon="7.52003">
        <ele>685.63</ele>
        <time>2026-05-04T00:23:00.9450000+00:00</time>
      </trkpt>
      <trkpt lat="46.73521" lon="7.51966">
        <ele>686.84</ele>
        <time>2026-05-04T00:23:55.5630000+00:00</time>
      </trkpt>
      <trkpt lat="46.73517" lon="7.51929">
        <ele>687.64</ele>
        <time>2026-05-04T00:24:49.8110000+00:00</time>
      </trkpt>
      <trkpt lat="46.73507" lon="7.51917">
        <ele>688.38</ele>
        <time>2026-05-04T00:25:17.1710000+00:00</time>
      </trkpt>
      <trkpt lat="46.73486" lon="7.51893">
        <ele>689.93</ele>
        <time>2026-05-04T00:26:13.5390000+00:00</time>
      </trkpt>
      <trkpt lat="46.73466" lon="7.51874">
        <ele>691.36</ele>
        <time>2026-05-04T00:27:03.9710000+00:00</time>
      </trkpt>
      <trkpt lat="46.73447" lon="7.51855">
        <ele>692.73</ele>
        <time>2026-05-04T00:27:52.6450000+00:00</time>
      </trkpt>
      <trkpt lat="46.73436" lon="7.51843">
        <ele>693.53</ele>
        <time>2026-05-04T00:28:21.6690000+00:00</time>
      </trkpt>
      <trkpt lat="46.73423" lon="7.51826">
        <ele>694.52</ele>
        <time>2026-05-04T00:28:58.5580000+00:00</time>
      </trkpt>
      <trkpt lat="46.73406" lon="7.51805">
        <ele>695.79</ele>
        <time>2026-05-04T00:29:45.6270000+00:00</time>
      </trkpt>
      <trkpt lat="46.73392" lon="7.51791">
        <ele>696.8</ele>
        <time>2026-05-04T00:30:21.4930000+00:00</time>
      </trkpt>
      <trkpt lat="46.73384" lon="7.51785">
        <ele>697.39</ele>
        <time>2026-05-04T00:30:40.5000000+00:00</time>
      </trkpt>
      <trkpt lat="46.73379" lon="7.51781">
        <ele>697.78</ele>
        <time>2026-05-04T00:30:52.5480000+00:00</time>
      </trkpt>
      <trkpt lat="46.73372" lon="7.51773">
        <ele>698.38</ele>
        <time>2026-05-04T00:31:11.3370000+00:00</time>
      </trkpt>
      <trkpt lat="46.73366" lon="7.51766">
        <ele>698.92</ele>
        <time>2026-05-04T00:31:27.5700000+00:00</time>
      </trkpt>
      <trkpt lat="46.73362" lon="7.51764">
        <ele>699.22</ele>
        <time>2026-05-04T00:31:36.5080000+00:00</time>
      </trkpt>
      <trkpt lat="46.73325" lon="7.51732">
        <ele>702.23</ele>
        <time>2026-05-04T00:33:07.3980000+00:00</time>
      </trkpt>
      <trkpt lat="46.73317" lon="7.51726">
        <ele>702.86</ele>
        <time>2026-05-04T00:33:26.4060000+00:00</time>
      </trkpt>
      <trkpt lat="46.733" lon="7.51717">
        <ele>704.09</ele>
        <time>2026-05-04T00:34:04.6210000+00:00</time>
      </trkpt>
      <trkpt lat="46.73293" lon="7.51715">
        <ele>704.56</ele>
        <time>2026-05-04T00:34:19.6940000+00:00</time>
      </trkpt>
      <trkpt lat="46.73286" lon="7.51712">
        <ele>705.05</ele>
        <time>2026-05-04T00:34:35.1100000+00:00</time>
      </trkpt>
      <trkpt lat="46.73278" lon="7.51705">
        <ele>705.7</ele>
        <time>2026-05-04T00:34:54.8230000+00:00</time>
      </trkpt>
      <trkpt lat="46.73255" lon="7.51687">
        <ele>707.72</ele>
        <time>2026-05-04T00:35:49.9760000+00:00</time>
      </trkpt>
      <trkpt lat="46.73244" lon="7.5168">
        <ele>708.68</ele>
        <time>2026-05-04T00:36:15.3350000+00:00</time>
      </trkpt>
      <trkpt lat="46.73232" lon="7.5167">
        <ele>709.79</ele>
        <time>2026-05-04T00:36:44.5380000+00:00</time>
      </trkpt>
      <trkpt lat="46.73222" lon="7.5166">
        <ele>710.75</ele>
        <time>2026-05-04T00:37:10.1560000+00:00</time>
      </trkpt>
      <trkpt lat="46.73205" lon="7.51641">
        <ele>712.43</ele>
        <time>2026-05-04T00:37:55.4080000+00:00</time>
      </trkpt>
      <trkpt lat="46.73193" lon="7.5163">
        <ele>713.56</ele>
        <time>2026-05-04T00:38:25.3560000+00:00</time>
      </trkpt>
      <trkpt lat="46.7317" lon="7.51613">
        <ele>715.37</ele>
        <time>2026-05-04T00:39:19.8390000+00:00</time>
      </trkpt>
      <trkpt lat="46.73159" lon="7.51606">
        <ele>716.16</ele>
        <time>2026-05-04T00:39:45.1980000+00:00</time>
      </trkpt>
      <trkpt lat="46.73149" lon="7.51603">
        <ele>716.88</ele>
        <time>2026-05-04T00:40:06.7720000+00:00</time>
      </trkpt>
      <trkpt lat="46.73139" lon="7.51601">
        <ele>717.6</ele>
        <time>2026-05-04T00:40:28.1000000+00:00</time>
      </trkpt>
      <trkpt lat="46.7313" lon="7.516">
        <ele>718.25</ele>
        <time>2026-05-04T00:40:47.1730000+00:00</time>
      </trkpt>
      <trkpt lat="46.73118" lon="7.51597">
        <ele>719.12</ele>
        <time>2026-05-04T00:41:12.9010000+00:00</time>
      </trkpt>
      <trkpt lat="46.73111" lon="7.51595">
        <ele>719.62</ele>
        <time>2026-05-04T00:41:27.9750000+00:00</time>
      </trkpt>
      <trkpt lat="46.73104" lon="7.5159">
        <ele>720.13</ele>
        <time>2026-05-04T00:41:44.4450000+00:00</time>
      </trkpt>
      <trkpt lat="46.73096" lon="7.51585">
        <ele>720.76</ele>
        <time>2026-05-04T00:42:02.8370000+00:00</time>
      </trkpt>
      <trkpt lat="46.73089" lon="7.51582">
        <ele>721.31</ele>
        <time>2026-05-04T00:42:18.2530000+00:00</time>
      </trkpt>
      <trkpt lat="46.7308" lon="7.51579">
        <ele>722.02</ele>
        <time>2026-05-04T00:42:37.7610000+00:00</time>
      </trkpt>
      <trkpt lat="46.73072" lon="7.51576">
        <ele>722.66</ele>
        <time>2026-05-04T00:42:55.2160000+00:00</time>
      </trkpt>
      <trkpt lat="46.73057" lon="7.5157">
        <ele>723.89</ele>
        <time>2026-05-04T00:43:28.0830000+00:00</time>
      </trkpt>
      <trkpt lat="46.73022" lon="7.51562">
        <ele>726.79</ele>
        <time>2026-05-04T00:44:42.9440000+00:00</time>
      </trkpt>
      <trkpt lat="46.73016" lon="7.5156">
        <ele>727.41</ele>
        <time>2026-05-04T00:44:55.9490000+00:00</time>
      </trkpt>
      <trkpt lat="46.7301" lon="7.51556">
        <ele>728.04</ele>
        <time>2026-05-04T00:45:09.8890000+00:00</time>
      </trkpt>
      <trkpt lat="46.73" lon="7.51546">
        <ele>729.11</ele>
        <time>2026-05-04T00:45:35.5080000+00:00</time>
      </trkpt>
      <trkpt lat="46.72972" lon="7.51518">
        <ele>732.28</ele>
        <time>2026-05-04T00:46:47.2400000+00:00</time>
      </trkpt>
      <trkpt lat="46.72967" lon="7.51511">
        <ele>732.92</ele>
        <time>2026-05-04T00:47:01.8840000+00:00</time>
      </trkpt>
      <trkpt lat="46.72962" lon="7.51505">
        <ele>733.54</ele>
        <time>2026-05-04T00:47:15.5660000+00:00</time>
      </trkpt>
      <trkpt lat="46.72949" lon="7.51482">
        <ele>735.38</ele>
        <time>2026-05-04T00:47:58.7450000+00:00</time>
      </trkpt>
      <trkpt lat="46.72937" lon="7.51462">
        <ele>737.07</ele>
        <time>2026-05-04T00:48:37.2440000+00:00</time>
      </trkpt>
      <trkpt lat="46.72927" lon="7.51447">
        <ele>738.18</ele>
        <time>2026-05-04T00:49:07.5520000+00:00</time>
      </trkpt>
      <trkpt lat="46.72917" lon="7.51436">
        <ele>739.26</ele>
        <time>2026-05-04T00:49:34.0170000+00:00</time>
      </trkpt>
      <trkpt lat="46.72908" lon="7.51428">
        <ele>740.24</ele>
        <time>2026-05-04T00:49:56.2870000+00:00</time>
      </trkpt>
      <trkpt lat="46.72897" lon="7.51422">
        <ele>741.4</ele>
        <time>2026-05-04T00:50:21.1030000+00:00</time>
      </trkpt>
      <trkpt lat="46.72858" lon="7.51412">
        <ele>745.43</ele>
        <time>2026-05-04T00:51:44.7790000+00:00</time>
      </trkpt>
      <trkpt lat="46.72823" lon="7.51398">
        <ele>749.41</ele>
        <time>2026-05-04T00:53:01.4680000+00:00</time>
      </trkpt>
      <trkpt lat="46.72808" lon="7.51392">
        <ele>751.08</ele>
        <time>2026-05-04T00:53:34.3350000+00:00</time>
      </trkpt>
      <trkpt lat="46.72789" lon="7.51383">
        <ele>753.19</ele>
        <time>2026-05-04T00:54:16.5470000+00:00</time>
      </trkpt>
      <trkpt lat="46.72769" lon="7.51375">
        <ele>755.33</ele>
        <time>2026-05-04T00:55:00.3690000+00:00</time>
      </trkpt>
      <trkpt lat="46.72747" lon="7.51367">
        <ele>757.64</ele>
        <time>2026-05-04T00:55:48.2810000+00:00</time>
      </trkpt>
      <trkpt lat="46.72739" lon="7.51366">
        <ele>758.41</ele>
        <time>2026-05-04T00:56:05.2470000+00:00</time>
      </trkpt>
      <trkpt lat="46.72716" lon="7.51368">
        <ele>760.51</ele>
        <time>2026-05-04T00:56:53.9360000+00:00</time>
      </trkpt>
      <trkpt lat="46.72676" lon="7.51372">
        <ele>764.62</ele>
        <time>2026-05-04T00:58:18.6590000+00:00</time>
      </trkpt>
      <trkpt lat="46.72648" lon="7.51374">
        <ele>767.97</ele>
        <time>2026-05-04T00:59:17.8980000+00:00</time>
      </trkpt>
      <trkpt lat="46.7262" lon="7.51376">
        <ele>771.27</ele>
        <time>2026-05-04T01:00:17.1360000+00:00</time>
      </trkpt>
      <trkpt lat="46.72613" lon="7.51376">
        <ele>772.11</ele>
        <time>2026-05-04T01:00:31.9290000+00:00</time>
      </trkpt>
      <trkpt lat="46.72607" lon="7.51376">
        <ele>772.82</ele>
        <time>2026-05-04T01:00:44.6080000+00:00</time>
      </trkpt>
      <trkpt lat="46.72602" lon="7.51383">
        <ele>773.06</ele>
        <time>2026-05-04T01:00:59.2510000+00:00</time>
      </trkpt>
      <trkpt lat="46.72605" lon="7.51387">
        <ele>772.64</ele>
        <time>2026-05-04T01:01:07.8400000+00:00</time>
      </trkpt>
      <trkpt lat="46.72608" lon="7.51394">
        <ele>772.06</ele>
        <time>2026-05-04T01:01:19.7970000+00:00</time>
      </trkpt>
      <trkpt lat="46.7261" lon="7.51403">
        <ele>771.52</ele>
        <time>2026-05-04T01:01:33.5020000+00:00</time>
      </trkpt>
      <trkpt lat="46.72612" lon="7.51411">
        <ele>771.02</ele>
        <time>2026-05-04T01:01:45.8370000+00:00</time>
      </trkpt>
      <trkpt lat="46.72612" lon="7.5142">
        <ele>770.71</ele>
        <time>2026-05-04T01:01:58.8760000+00:00</time>
      </trkpt>
      <trkpt lat="46.7261" lon="7.51451">
        <ele>769.84</ele>
        <time>2026-05-04T01:02:43.9780000+00:00</time>
      </trkpt>
      <trkpt lat="46.72588" lon="7.51436">
        <ele>772.34</ele>
        <time>2026-05-04T01:03:35.2940000+00:00</time>
      </trkpt>
      <trkpt lat="46.7258" lon="7.51448">
        <ele>772.56</ele>
        <time>2026-05-04T01:03:59.5410000+00:00</time>
      </trkpt>
      <trkpt lat="46.72572" lon="7.51459">
        <ele>772.86</ele>
        <time>2026-05-04T01:04:22.7710000+00:00</time>
      </trkpt>
      <trkpt lat="46.72571" lon="7.51461">
        <ele>772.93</ele>
        <time>2026-05-04T01:04:26.3570000+00:00</time>
      </trkpt>
      <trkpt lat="46.72571" lon="7.51461">
        <ele>772.93</ele>
        <time>2026-05-04T01:04:26.3570000+00:00</time>
      </trkpt>
      <trkpt lat="46.72567" lon="7.51467">
        <ele>773.27</ele>
        <time>2026-05-04T01:04:38.4810000+00:00</time>
      </trkpt>
      <trkpt lat="46.72564" lon="7.51472">
        <ele>773.55</ele>
        <time>2026-05-04T01:04:48.1060000+00:00</time>
      </trkpt>
      <trkpt lat="46.72553" lon="7.5149">
        <ele>774.8</ele>
        <time>2026-05-04T01:05:23.0360000+00:00</time>
      </trkpt>
      <trkpt lat="46.72538" lon="7.51516">
        <ele>777.08</ele>
        <time>2026-05-04T01:06:12.2620000+00:00</time>
      </trkpt>
      <trkpt lat="46.72517" lon="7.51496">
        <ele>780.17</ele>
        <time>2026-05-04T01:07:05.2570000+00:00</time>
      </trkpt>
      <trkpt lat="46.72495" lon="7.51472">
        <ele>784.47</ele>
        <time>2026-05-04T01:08:03.3080000+00:00</time>
      </trkpt>
      <trkpt lat="46.72475" lon="7.51444">
        <ele>787.17</ele>
        <time>2026-05-04T01:09:01.8840000+00:00</time>
      </trkpt>
      <trkpt lat="46.72455" lon="7.51415">
        <ele>789.99</ele>
        <time>2026-05-04T01:10:01.4720000+00:00</time>
      </trkpt>
      <trkpt lat="46.72447" lon="7.51416">
        <ele>791.33</ele>
        <time>2026-05-04T01:10:18.4390000+00:00</time>
      </trkpt>
      <trkpt lat="46.72441" lon="7.51421">
        <ele>792.6</ele>
        <time>2026-05-04T01:10:33.0410000+00:00</time>
      </trkpt>
      <trkpt lat="46.72438" lon="7.5143">
        <ele>794.1</ele>
        <time>2026-05-04T01:10:47.5370000+00:00</time>
      </trkpt>
      <trkpt lat="46.72438" lon="7.51441">
        <ele>794.81</ele>
        <time>2026-05-04T01:11:03.4710000+00:00</time>
      </trkpt>
      <trkpt lat="46.72441" lon="7.51451">
        <ele>794.35</ele>
        <time>2026-05-04T01:11:19.2840000+00:00</time>
      </trkpt>
      <trkpt lat="46.72446" lon="7.51463">
        <ele>794.81</ele>
        <time>2026-05-04T01:11:39.6270000+00:00</time>
      </trkpt>
      <trkpt lat="46.72453" lon="7.51478">
        <ele>796.02</ele>
        <time>2026-05-04T01:12:05.9130000+00:00</time>
      </trkpt>
      <trkpt lat="46.72463" lon="7.51496">
        <ele>796.39</ele>
        <time>2026-05-04T01:12:39.4740000+00:00</time>
      </trkpt>
      <trkpt lat="46.7247" lon="7.51515">
        <ele>797.15</ele>
        <time>2026-05-04T01:13:10.7210000+00:00</time>
      </trkpt>
      <trkpt lat="46.72472" lon="7.51528">
        <ele>798.36</ele>
        <time>2026-05-04T01:13:30.0210000+00:00</time>
      </trkpt>
      <trkpt lat="46.72472" lon="7.5154">
        <ele>800.12</ele>
        <time>2026-05-04T01:13:47.4030000+00:00</time>
      </trkpt>
      <trkpt lat="46.7247" lon="7.51548">
        <ele>801.81</ele>
        <time>2026-05-04T01:13:59.7370000+00:00</time>
      </trkpt>
      <trkpt lat="46.72465" lon="7.51556">
        <ele>804.36</ele>
        <time>2026-05-04T01:14:15.4190000+00:00</time>
      </trkpt>
      <trkpt lat="46.72456" lon="7.51565">
        <ele>807.85</ele>
        <time>2026-05-04T01:14:38.4770000+00:00</time>
      </trkpt>
      <trkpt lat="46.7245" lon="7.51569">
        <ele>809.75</ele>
        <time>2026-05-04T01:14:52.4170000+00:00</time>
      </trkpt>
      <trkpt lat="46.72444" lon="7.5157">
        <ele>811.44</ele>
        <time>2026-05-04T01:15:05.1790000+00:00</time>
      </trkpt>
      <trkpt lat="46.72438" lon="7.51567">
        <ele>812.95</ele>
        <time>2026-05-04T01:15:18.5820000+00:00</time>
      </trkpt>
      <trkpt lat="46.72424" lon="7.51556">
        <ele>815.65</ele>
        <time>2026-05-04T01:15:52.1840000+00:00</time>
      </trkpt>
      <trkpt lat="46.72415" lon="7.51549">
        <ele>817.62</ele>
        <time>2026-05-04T01:16:13.7370000+00:00</time>
      </trkpt>
      <trkpt lat="46.72404" lon="7.51547">
        <ele>819.86</ele>
        <time>2026-05-04T01:16:37.1620000+00:00</time>
      </trkpt>
      <trkpt lat="46.72389" lon="7.51544">
        <ele>823.03</ele>
        <time>2026-05-04T01:17:09.1560000+00:00</time>
      </trkpt>
      <trkpt lat="46.72375" lon="7.51544">
        <ele>825.82</ele>
        <time>2026-05-04T01:17:38.7390000+00:00</time>
      </trkpt>
      <trkpt lat="46.72358" lon="7.51544">
        <ele>829.2</ele>
        <time>2026-05-04T01:18:14.6620000+00:00</time>
      </trkpt>
      <trkpt lat="46.72345" lon="7.51548">
        <ele>832.71</ele>
        <time>2026-05-04T01:18:42.7370000+00:00</time>
      </trkpt>
      <trkpt lat="46.72338" lon="7.51549">
        <ele>834.86</ele>
        <time>2026-05-04T01:18:57.5990000+00:00</time>
      </trkpt>
      <trkpt lat="46.72334" lon="7.51547">
        <ele>836.42</ele>
        <time>2026-05-04T01:19:06.5320000+00:00</time>
      </trkpt>
      <trkpt lat="46.72334" lon="7.5154">
        <ele>837.29</ele>
        <time>2026-05-04T01:19:16.6710000+00:00</time>
      </trkpt>
      <trkpt lat="46.72337" lon="7.51535">
        <ele>836.83</ele>
        <time>2026-05-04T01:19:26.2960000+00:00</time>
      </trkpt>
      <trkpt lat="46.72345" lon="7.51526">
        <ele>835.12</ele>
        <time>2026-05-04T01:19:47.6440000+00:00</time>
      </trkpt>
      <trkpt lat="46.72355" lon="7.51511">
        <ele>833.28</ele>
        <time>2026-05-04T01:20:17.9530000+00:00</time>
      </trkpt>
      <trkpt lat="46.72365" lon="7.515">
        <ele>830.81</ele>
        <time>2026-05-04T01:20:44.4200000+00:00</time>
      </trkpt>
      <trkpt lat="46.72368" lon="7.51493">
        <ele>830.11</ele>
        <time>2026-05-04T01:20:56.3790000+00:00</time>
      </trkpt>
      <trkpt lat="46.72368" lon="7.51485">
        <ele>830.53</ele>
        <time>2026-05-04T01:21:07.9670000+00:00</time>
      </trkpt>
      <trkpt lat="46.72362" lon="7.51473">
        <ele>833.9</ele>
        <time>2026-05-04T01:21:29.4830000+00:00</time>
      </trkpt>
      <trkpt lat="46.72357" lon="7.51466">
        <ele>836.84</ele>
        <time>2026-05-04T01:21:44.1270000+00:00</time>
      </trkpt>
      <trkpt lat="46.72352" lon="7.51464">
        <ele>838.85</ele>
        <time>2026-05-04T01:21:55.0840000+00:00</time>
      </trkpt>
      <trkpt lat="46.72342" lon="7.51471">
        <ele>841.61</ele>
        <time>2026-05-04T01:22:18.5220000+00:00</time>
      </trkpt>
      <trkpt lat="46.72328" lon="7.51474">
        <ele>846.12</ele>
        <time>2026-05-04T01:22:48.4240000+00:00</time>
      </trkpt>
      <trkpt lat="46.72306" lon="7.51479">
        <ele>853.12</ele>
        <time>2026-05-04T01:23:35.4730000+00:00</time>
      </trkpt>
      <trkpt lat="46.72273" lon="7.51484">
        <ele>863.81</ele>
        <time>2026-05-04T01:24:45.5820000+00:00</time>
      </trkpt>
      <trkpt lat="46.72259" lon="7.51488">
        <ele>868.35</ele>
        <time>2026-05-04T01:25:15.7270000+00:00</time>
      </trkpt>
      <trkpt lat="46.72252" lon="7.51494">
        <ele>870.23</ele>
        <time>2026-05-04T01:25:32.8850000+00:00</time>
      </trkpt>
      <trkpt lat="46.72249" lon="7.51498">
        <ele>870.91</ele>
        <time>2026-05-04T01:25:41.4750000+00:00</time>
      </trkpt>
      <trkpt lat="46.72247" lon="7.51514">
        <ele>870.02</ele>
        <time>2026-05-04T01:26:05.0350000+00:00</time>
      </trkpt>
      <trkpt lat="46.72246" lon="7.51529">
        <ele>868.89</ele>
        <time>2026-05-04T01:26:26.8670000+00:00</time>
      </trkpt>
      <trkpt lat="46.72244" lon="7.51538">
        <ele>868.77</ele>
        <time>2026-05-04T01:26:40.5730000+00:00</time>
      </trkpt>
      <trkpt lat="46.72242" lon="7.51549">
        <ele>868.28</ele>
        <time>2026-05-04T01:26:57.0590000+00:00</time>
      </trkpt>
      <trkpt lat="46.72236" lon="7.51558">
        <ele>869.52</ele>
        <time>2026-05-04T01:27:15.2440000+00:00</time>
      </trkpt>
      <trkpt lat="46.72231" lon="7.51568">
        <ele>870.2</ele>
        <time>2026-05-04T01:27:33.1750000+00:00</time>
      </trkpt>
      <trkpt lat="46.72227" lon="7.51572">
        <ele>871.22</ele>
        <time>2026-05-04T01:27:43.4240000+00:00</time>
      </trkpt>
      <trkpt lat="46.72224" lon="7.51572">
        <ele>872.37</ele>
        <time>2026-05-04T01:27:49.7640000+00:00</time>
      </trkpt>
      <trkpt lat="46.72218" lon="7.51569">
        <ele>875.06</ele>
        <time>2026-05-04T01:28:03.1670000+00:00</time>
      </trkpt>
      <trkpt lat="46.72209" lon="7.51568">
        <ele>878.66</ele>
        <time>2026-05-04T01:28:22.2390000+00:00</time>
      </trkpt>
      <trkpt lat="46.72201" lon="7.51571">
        <ele>881.31</ele>
        <time>2026-05-04T01:28:39.6940000+00:00</time>
      </trkpt>
      <trkpt lat="46.72187" lon="7.51578">
        <ele>885.36</ele>
        <time>2026-05-04T01:29:10.9680000+00:00</time>
      </trkpt>
      <trkpt lat="46.72173" lon="7.51585">
        <ele>888.24</ele>
        <time>2026-05-04T01:29:42.2410000+00:00</time>
      </trkpt>
      <trkpt lat="46.72162" lon="7.5159">
        <ele>890.6</ele>
        <time>2026-05-04T01:30:06.5880000+00:00</time>
      </trkpt>
      <trkpt lat="46.72151" lon="7.51594">
        <ele>893.14</ele>
        <time>2026-05-04T01:30:30.5450000+00:00</time>
      </trkpt>
      <trkpt lat="46.72149" lon="7.5159">
        <ele>894.23</ele>
        <time>2026-05-04T01:30:37.7180000+00:00</time>
      </trkpt>
      <trkpt lat="46.72145" lon="7.51587">
        <ele>895.73</ele>
        <time>2026-05-04T01:30:47.2240000+00:00</time>
      </trkpt>
      <trkpt lat="46.7214" lon="7.51587">
        <ele>897.12</ele>
        <time>2026-05-04T01:30:57.7900000+00:00</time>
      </trkpt>
      <trkpt lat="46.72138" lon="7.51584">
        <ele>898.06</ele>
        <time>2026-05-04T01:31:03.8490000+00:00</time>
      </trkpt>
      <trkpt lat="46.72134" lon="7.51582">
        <ele>899.43</ele>
        <time>2026-05-04T01:31:12.7850000+00:00</time>
      </trkpt>
      <trkpt lat="46.72124" lon="7.51582">
        <ele>902.19</ele>
        <time>2026-05-04T01:31:33.9150000+00:00</time>
      </trkpt>
      <trkpt lat="46.72115" lon="7.51584">
        <ele>904.43</ele>
        <time>2026-05-04T01:31:53.1520000+00:00</time>
      </trkpt>
      <trkpt lat="46.72109" lon="7.51589">
        <ele>905.49</ele>
        <time>2026-05-04T01:32:07.7530000+00:00</time>
      </trkpt>
      <trkpt lat="46.72105" lon="7.51597">
        <ele>905.73</ele>
        <time>2026-05-04T01:32:22.0970000+00:00</time>
      </trkpt>
      <trkpt lat="46.721" lon="7.51613">
        <ele>905.59</ele>
        <time>2026-05-04T01:32:47.5710000+00:00</time>
      </trkpt>
      <trkpt lat="46.72095" lon="7.51624">
        <ele>906.15</ele>
        <time>2026-05-04T01:33:06.6910000+00:00</time>
      </trkpt>
      <trkpt lat="46.72093" lon="7.5163">
        <ele>906.54</ele>
        <time>2026-05-04T01:33:16.3560000+00:00</time>
      </trkpt>
      <trkpt lat="46.72091" lon="7.51639">
        <ele>906.76</ele>
        <time>2026-05-04T01:33:30.0620000+00:00</time>
      </trkpt>
      <trkpt lat="46.72089" lon="7.51646">
        <ele>907.1</ele>
        <time>2026-05-04T01:33:41.0480000+00:00</time>
      </trkpt>
      <trkpt lat="46.72085" lon="7.51653">
        <ele>908.19</ele>
        <time>2026-05-04T01:33:54.2490000+00:00</time>
      </trkpt>
      <trkpt lat="46.7208" lon="7.51657">
        <ele>909.83</ele>
        <time>2026-05-04T01:34:06.2970000+00:00</time>
      </trkpt>
      <trkpt lat="46.72072" lon="7.51658">
        <ele>912.74</ele>
        <time>2026-05-04T01:34:23.2640000+00:00</time>
      </trkpt>
      <trkpt lat="46.72067" lon="7.5166">
        <ele>914.49</ele>
        <time>2026-05-04T01:34:34.2200000+00:00</time>
      </trkpt>
      <trkpt lat="46.72062" lon="7.51664">
        <ele>916.16</ele>
        <time>2026-05-04T01:34:46.2710000+00:00</time>
      </trkpt>
      <trkpt lat="46.72056" lon="7.51667">
        <ele>918.25</ele>
        <time>2026-05-04T01:34:59.6760000+00:00</time>
      </trkpt>
      <trkpt lat="46.72049" lon="7.51673">
        <ele>920.6</ele>
        <time>2026-05-04T01:35:16.8330000+00:00</time>
      </trkpt>
      <trkpt lat="46.72044" lon="7.51679">
        <ele>922.22</ele>
        <time>2026-05-04T01:35:30.5160000+00:00</time>
      </trkpt>
      <trkpt lat="46.72042" lon="7.51682">
        <ele>922.85</ele>
        <time>2026-05-04T01:35:36.5810000+00:00</time>
      </trkpt>
      <trkpt lat="46.72038" lon="7.51694">
        <ele>923.88</ele>
        <time>2026-05-04T01:35:55.9110000+00:00</time>
      </trkpt>
      <trkpt lat="46.72034" lon="7.51711">
        <ele>924.24</ele>
        <time>2026-05-04T01:36:21.9490000+00:00</time>
      </trkpt>
      <trkpt lat="46.72026" lon="7.5172">
        <ele>925.8</ele>
        <time>2026-05-04T01:36:43.2980000+00:00</time>
      </trkpt>
      <trkpt lat="46.72018" lon="7.51724">
        <ele>928.12</ele>
        <time>2026-05-04T01:37:01.1690000+00:00</time>
      </trkpt>
      <trkpt lat="46.71995" lon="7.5172">
        <ele>937.32</ele>
        <time>2026-05-04T01:37:50.1160000+00:00</time>
      </trkpt>
      <trkpt lat="46.71979" lon="7.51731">
        <ele>941.84</ele>
        <time>2026-05-04T01:38:27.4930000+00:00</time>
      </trkpt>
      <trkpt lat="46.71972" lon="7.51738">
        <ele>943.64</ele>
        <time>2026-05-04T01:38:45.4280000+00:00</time>
      </trkpt>
      <trkpt lat="46.71968" lon="7.51744">
        <ele>944.47</ele>
        <time>2026-05-04T01:38:57.5520000+00:00</time>
      </trkpt>
      <trkpt lat="46.71966" lon="7.51752">
        <ele>944.31</ele>
        <time>2026-05-04T01:39:09.8870000+00:00</time>
      </trkpt>
      <trkpt lat="46.71964" lon="7.51766">
        <ele>943.47</ele>
        <time>2026-05-04T01:39:30.6050000+00:00</time>
      </trkpt>
      <trkpt lat="46.7196" lon="7.51814">
        <ele>943.78</ele>
        <time>2026-05-04T01:40:40.6540000+00:00</time>
      </trkpt>
      <trkpt lat="46.7196" lon="7.51828">
        <ele>944.61</ele>
        <time>2026-05-04T01:41:00.9360000+00:00</time>
      </trkpt>
      <trkpt lat="46.71958" lon="7.51846">
        <ele>946.82</ele>
        <time>2026-05-04T01:41:27.3530000+00:00</time>
      </trkpt>
      <trkpt lat="46.71958" lon="7.51855">
        <ele>947.39</ele>
        <time>2026-05-04T01:41:40.3930000+00:00</time>
      </trkpt>
      <trkpt lat="46.71959" lon="7.51865">
        <ele>947.42</ele>
        <time>2026-05-04T01:41:55.0330000+00:00</time>
      </trkpt>
      <trkpt lat="46.71966" lon="7.51891">
        <ele>940.5</ele>
        <time>2026-05-04T01:42:35.4990000+00:00</time>
      </trkpt>
      <trkpt lat="46.71969" lon="7.51901">
        <ele>936.97</ele>
        <time>2026-05-04T01:42:51.3120000+00:00</time>
      </trkpt>
      <trkpt lat="46.7197" lon="7.51908">
        <ele>935.19</ele>
        <time>2026-05-04T01:43:01.6700000+00:00</time>
      </trkpt>
      <trkpt lat="46.7197" lon="7.51915">
        <ele>934.03</ele>
        <time>2026-05-04T01:43:11.8080000+00:00</time>
      </trkpt>
      <trkpt lat="46.71968" lon="7.51918">
        <ele>934.72</ele>
        <time>2026-05-04T01:43:17.8700000+00:00</time>
      </trkpt>
      <trkpt lat="46.71966" lon="7.5192">
        <ele>935.58</ele>
        <time>2026-05-04T01:43:22.9920000+00:00</time>
      </trkpt>
      <trkpt lat="46.71962" lon="7.5192">
        <ele>937.97</ele>
        <time>2026-05-04T01:43:31.4450000+00:00</time>
      </trkpt>
      <trkpt lat="46.71956" lon="7.5193">
        <ele>939.76</ele>
        <time>2026-05-04T01:43:50.6970000+00:00</time>
      </trkpt>
      <trkpt lat="46.71949" lon="7.51934">
        <ele>943.13</ele>
        <time>2026-05-04T01:44:06.5830000+00:00</time>
      </trkpt>
      <trkpt lat="46.71941" lon="7.51932">
        <ele>948.19</ele>
        <time>2026-05-04T01:44:23.7350000+00:00</time>
      </trkpt>
      <trkpt lat="46.7193" lon="7.51922">
        <ele>953.33</ele>
        <time>2026-05-04T01:44:51.1240000+00:00</time>
      </trkpt>
      <trkpt lat="46.71912" lon="7.51916">
        <ele>959.67</ele>
        <time>2026-05-04T01:45:30.1420000+00:00</time>
      </trkpt>
      <trkpt lat="46.71903" lon="7.51908">
        <ele>964.46</ele>
        <time>2026-05-04T01:45:52.4120000+00:00</time>
      </trkpt>
      <trkpt lat="46.71888" lon="7.51904">
        <ele>970.23</ele>
        <time>2026-05-04T01:46:24.6340000+00:00</time>
      </trkpt>
      <trkpt lat="46.71882" lon="7.51897">
        <ele>974.43</ele>
        <time>2026-05-04T01:46:40.8700000+00:00</time>
      </trkpt>
      <trkpt lat="46.71876" lon="7.51895">
        <ele>977.09</ele>
        <time>2026-05-04T01:46:53.8760000+00:00</time>
      </trkpt>
      <trkpt lat="46.7187" lon="7.51896">
        <ele>978.71</ele>
        <time>2026-05-04T01:47:06.6380000+00:00</time>
      </trkpt>
      <trkpt lat="46.71864" lon="7.51898">
        <ele>979.93</ele>
        <time>2026-05-04T01:47:19.6430000+00:00</time>
      </trkpt>
      <trkpt lat="46.71856" lon="7.51898">
        <ele>982.43</ele>
        <time>2026-05-04T01:47:36.5480000+00:00</time>
      </trkpt>
      <trkpt lat="46.71847" lon="7.51893">
        <ele>986.38</ele>
        <time>2026-05-04T01:47:56.8990000+00:00</time>
      </trkpt>
      <trkpt lat="46.71825" lon="7.51878">
        <ele>997.66</ele>
        <time>2026-05-04T01:48:48.2160000+00:00</time>
      </trkpt>
      <trkpt lat="46.71804" lon="7.51867">
        <ele>1006.08</ele>
        <time>2026-05-04T01:49:35.3660000+00:00</time>
      </trkpt>
      <trkpt lat="46.71798" lon="7.51868">
        <ele>1007.38</ele>
        <time>2026-05-04T01:49:48.1280000+00:00</time>
      </trkpt>
      <trkpt lat="46.71792" lon="7.51868">
        <ele>1008.9</ele>
        <time>2026-05-04T01:50:00.8090000+00:00</time>
      </trkpt>
      <trkpt lat="46.71784" lon="7.51867">
        <ele>1011.18</ele>
        <time>2026-05-04T01:50:17.7760000+00:00</time>
      </trkpt>
      <trkpt lat="46.71779" lon="7.51866">
        <ele>1012.73</ele>
        <time>2026-05-04T01:50:28.4410000+00:00</time>
      </trkpt>
      <trkpt lat="46.71776" lon="7.51863">
        <ele>1014.35</ele>
        <time>2026-05-04T01:50:36.1270000+00:00</time>
      </trkpt>
      <trkpt lat="46.71778" lon="7.51858">
        <ele>1015.21</ele>
        <time>2026-05-04T01:50:44.5140000+00:00</time>
      </trkpt>
      <trkpt lat="46.71781" lon="7.51847">
        <ele>1017.37</ele>
        <time>2026-05-04T01:51:01.6630000+00:00</time>
      </trkpt>
      <trkpt lat="46.71786" lon="7.51835">
        <ele>1018.98</ele>
        <time>2026-05-04T01:51:22.0060000+00:00</time>
      </trkpt>
      <trkpt lat="46.71789" lon="7.51824">
        <ele>1020.77</ele>
        <time>2026-05-04T01:51:39.1560000+00:00</time>
      </trkpt>
      <trkpt lat="46.71794" lon="7.51805">
        <ele>1023.57</ele>
        <time>2026-05-04T01:52:08.6400000+00:00</time>
      </trkpt>
      <trkpt lat="46.71798" lon="7.51794">
        <ele>1024.53</ele>
        <time>2026-05-04T01:52:26.6800000+00:00</time>
      </trkpt>
      <trkpt lat="46.71812" lon="7.5177">
        <ele>1021.65</ele>
        <time>2026-05-04T01:53:12.3320000+00:00</time>
      </trkpt>
      <trkpt lat="46.71817" lon="7.51764">
        <ele>1019.95</ele>
        <time>2026-05-04T01:53:26.0130000+00:00</time>
      </trkpt>
      <trkpt lat="46.71821" lon="7.51754">
        <ele>1019.02</ele>
        <time>2026-05-04T01:53:42.7870000+00:00</time>
      </trkpt>
      <trkpt lat="46.71823" lon="7.51747">
        <ele>1018.69</ele>
        <time>2026-05-04T01:53:53.7730000+00:00</time>
      </trkpt>
      <trkpt lat="46.71796" lon="7.51714">
        <ele>1037.04</ele>
        <time>2026-05-04T01:55:08.2100000+00:00</time>
      </trkpt>
      <trkpt lat="46.71789" lon="7.51709">
        <ele>1041.76</ele>
        <time>2026-05-04T01:55:24.6800000+00:00</time>
      </trkpt>
      <trkpt lat="46.71782" lon="7.51709">
        <ele>1045.77</ele>
        <time>2026-05-04T01:55:39.4720000+00:00</time>
      </trkpt>
      <trkpt lat="46.71775" lon="7.51716">
        <ele>1048.53</ele>
        <time>2026-05-04T01:55:57.4060000+00:00</time>
      </trkpt>
      <trkpt lat="46.71764" lon="7.51731">
        <ele>1050.71</ele>
        <time>2026-05-04T01:56:29.2270000+00:00</time>
      </trkpt>
      <trkpt lat="46.7175" lon="7.51748">
        <ele>1053.08</ele>
        <time>2026-05-04T01:57:07.7210000+00:00</time>
      </trkpt>
      <trkpt lat="46.71741" lon="7.51761">
        <ele>1053.81</ele>
        <time>2026-05-04T01:57:34.4870000+00:00</time>
      </trkpt>
      <trkpt lat="46.7173" lon="7.51781">
        <ele>1053.33</ele>
        <time>2026-05-04T01:58:11.6340000+00:00</time>
      </trkpt>
      <trkpt lat="46.71716" lon="7.5181">
        <ele>1049.33</ele>
        <time>2026-05-04T01:59:03.0190000+00:00</time>
      </trkpt>
      <trkpt lat="46.71701" lon="7.51839">
        <ele>1044.12</ele>
        <time>2026-05-04T01:59:55.6490000+00:00</time>
      </trkpt>
      <trkpt lat="46.71694" lon="7.51844">
        <ele>1044.48</ele>
        <time>2026-05-04T02:00:12.1200000+00:00</time>
      </trkpt>
      <trkpt lat="46.71684" lon="7.51846">
        <ele>1047.69</ele>
        <time>2026-05-04T02:00:33.4490000+00:00</time>
      </trkpt>
      <trkpt lat="46.71659" lon="7.51842">
        <ele>1060.61</ele>
        <time>2026-05-04T02:01:26.5940000+00:00</time>
      </trkpt>
      <trkpt lat="46.71634" lon="7.51837">
        <ele>1074.48</ele>
        <time>2026-05-04T02:02:19.9170000+00:00</time>
      </trkpt>
      <trkpt lat="46.71605" lon="7.51826">
        <ele>1093.41</ele>
        <time>2026-05-04T02:03:23.2370000+00:00</time>
      </trkpt>
      <trkpt lat="46.71585" lon="7.51814">
        <ele>1102.14</ele>
        <time>2026-05-04T02:04:08.9360000+00:00</time>
      </trkpt>
      <trkpt lat="46.71564" lon="7.51812">
        <ele>1105.45</ele>
        <time>2026-05-04T02:04:53.4060000+00:00</time>
      </trkpt>
      <trkpt lat="46.71555" lon="7.51808">
        <ele>1108.64</ele>
        <time>2026-05-04T02:05:13.2870000+00:00</time>
      </trkpt>
      <trkpt lat="46.71546" lon="7.51793">
        <ele>1118.01</ele>
        <time>2026-05-04T02:05:42.1660000+00:00</time>
      </trkpt>
      <trkpt lat="46.71542" lon="7.51783">
        <ele>1123.86</ele>
        <time>2026-05-04T02:05:58.9400000+00:00</time>
      </trkpt>
      <trkpt lat="46.71539" lon="7.51778">
        <ele>1126.89</ele>
        <time>2026-05-04T02:06:08.5640000+00:00</time>
      </trkpt>
      <trkpt lat="46.71536" lon="7.5177">
        <ele>1131.57</ele>
        <time>2026-05-04T02:06:21.7750000+00:00</time>
      </trkpt>
      <trkpt lat="46.7153" lon="7.5176">
        <ele>1137.8</ele>
        <time>2026-05-04T02:06:41.0280000+00:00</time>
      </trkpt>
      <trkpt lat="46.71527" lon="7.51747">
        <ele>1145.36</ele>
        <time>2026-05-04T02:07:00.9010000+00:00</time>
      </trkpt>
      <trkpt lat="46.71522" lon="7.51738">
        <ele>1150.58</ele>
        <time>2026-05-04T02:07:17.6850000+00:00</time>
      </trkpt>
      <trkpt lat="46.71518" lon="7.51726">
        <ele>1156.5</ele>
        <time>2026-05-04T02:07:37.0170000+00:00</time>
      </trkpt>
      <trkpt lat="46.71518" lon="7.5172">
        <ele>1159.75</ele>
        <time>2026-05-04T02:07:45.7080000+00:00</time>
      </trkpt>
      <trkpt lat="46.71514" lon="7.5171">
        <ele>1164.37</ele>
        <time>2026-05-04T02:08:02.4820000+00:00</time>
      </trkpt>
      <trkpt lat="46.71506" lon="7.51711">
        <ele>1162.27</ele>
        <time>2026-05-04T02:08:19.4490000+00:00</time>
      </trkpt>
      <trkpt lat="46.71499" lon="7.51716">
        <ele>1158.38</ele>
        <time>2026-05-04T02:08:35.9210000+00:00</time>
      </trkpt>
      <trkpt lat="46.71483" lon="7.51736">
        <ele>1146.01</ele>
        <time>2026-05-04T02:09:20.4490000+00:00</time>
      </trkpt>
      <trkpt lat="46.71477" lon="7.5174">
        <ele>1143.3</ele>
        <time>2026-05-04T02:09:34.3910000+00:00</time>
      </trkpt>
      <trkpt lat="46.71463" lon="7.51749">
        <ele>1137.51</ele>
        <time>2026-05-04T02:10:06.7210000+00:00</time>
      </trkpt>
      <trkpt lat="46.71456" lon="7.51757">
        <ele>1133.35</ele>
        <time>2026-05-04T02:10:25.5140000+00:00</time>
      </trkpt>
      <trkpt lat="46.7145" lon="7.51765">
        <ele>1129.5</ele>
        <time>2026-05-04T02:10:42.6930000+00:00</time>
      </trkpt>
      <trkpt lat="46.71436" lon="7.51776">
        <ele>1127.93</ele>
        <time>2026-05-04T02:11:16.2970000+00:00</time>
      </trkpt>
      <trkpt lat="46.71426" lon="7.51793">
        <ele>1129.18</ele>
        <time>2026-05-04T02:11:48.7510000+00:00</time>
      </trkpt>
      <trkpt lat="46.71422" lon="7.51802">
        <ele>1128.24</ele>
        <time>2026-05-04T02:12:04.2900000+00:00</time>
      </trkpt>
      <trkpt lat="46.71416" lon="7.51809">
        <ele>1129.8</ele>
        <time>2026-05-04T02:12:20.5270000+00:00</time>
      </trkpt>
      <trkpt lat="46.71408" lon="7.51816">
        <ele>1132.95</ele>
        <time>2026-05-04T02:12:40.2400000+00:00</time>
      </trkpt>
      <trkpt lat="46.71401" lon="7.51822">
        <ele>1135.76</ele>
        <time>2026-05-04T02:12:57.3980000+00:00</time>
      </trkpt>
      <trkpt lat="46.71392" lon="7.51835">
        <ele>1136.96</ele>
        <time>2026-05-04T02:13:24.1650000+00:00</time>
      </trkpt>
      <trkpt lat="46.71384" lon="7.51845">
        <ele>1138.74</ele>
        <time>2026-05-04T02:13:46.4300000+00:00</time>
      </trkpt>
      <trkpt lat="46.71377" lon="7.51851">
        <ele>1141.55</ele>
        <time>2026-05-04T02:14:03.5870000+00:00</time>
      </trkpt>
      <trkpt lat="46.71371" lon="7.51853">
        <ele>1145.39</ele>
        <time>2026-05-04T02:14:16.5920000+00:00</time>
      </trkpt>
      <trkpt lat="46.71364" lon="7.5185">
        <ele>1152.31</ele>
        <time>2026-05-04T02:14:32.0080000+00:00</time>
      </trkpt>
      <trkpt lat="46.71358" lon="7.51844">
        <ele>1159.8</ele>
        <time>2026-05-04T02:14:47.3830000+00:00</time>
      </trkpt>
      <trkpt lat="46.71352" lon="7.51842">
        <ele>1163.5</ele>
        <time>2026-05-04T02:15:00.3890000+00:00</time>
      </trkpt>
      <trkpt lat="46.71346" lon="7.51844">
        <ele>1165.06</ele>
        <time>2026-05-04T02:15:13.3940000+00:00</time>
      </trkpt>
      <trkpt lat="46.71341" lon="7.51852">
        <ele>1163.45</ele>
        <time>2026-05-04T02:15:29.0770000+00:00</time>
      </trkpt>
      <trkpt lat="46.71336" lon="7.51861">
        <ele>1161.37</ele>
        <time>2026-05-04T02:15:45.8600000+00:00</time>
      </trkpt>
      <trkpt lat="46.7133" lon="7.51869">
        <ele>1160.15</ele>
        <time>2026-05-04T02:16:03.0390000+00:00</time>
      </trkpt>
      <trkpt lat="46.71324" lon="7.51874">
        <ele>1160.25</ele>
        <time>2026-05-04T02:16:17.6420000+00:00</time>
      </trkpt>
      <trkpt lat="46.71311" lon="7.51882">
        <ele>1161.53</ele>
        <time>2026-05-04T02:16:47.4580000+00:00</time>
      </trkpt>
      <trkpt lat="46.71305" lon="7.51885">
        <ele>1162.72</ele>
        <time>2026-05-04T02:17:00.8620000+00:00</time>
      </trkpt>
      <trkpt lat="46.71302" lon="7.51885">
        <ele>1164.07</ele>
        <time>2026-05-04T02:17:07.2000000+00:00</time>
      </trkpt>
      <trkpt lat="46.713" lon="7.51881">
        <ele>1166.83</ele>
        <time>2026-05-04T02:17:14.3710000+00:00</time>
      </trkpt>
      <trkpt lat="46.71296" lon="7.51876">
        <ele>1170.83</ele>
        <time>2026-05-04T02:17:25.5040000+00:00</time>
      </trkpt>
      <trkpt lat="46.71291" lon="7.51873">
        <ele>1174.24</ele>
        <time>2026-05-04T02:17:36.9290000+00:00</time>
      </trkpt>
      <trkpt lat="46.71287" lon="7.51868">
        <ele>1178.2</ele>
        <time>2026-05-04T02:17:48.0620000+00:00</time>
      </trkpt>
      <trkpt lat="46.71285" lon="7.5186">
        <ele>1182.76</ele>
        <time>2026-05-04T02:18:00.3990000+00:00</time>
      </trkpt>
      <trkpt lat="46.71285" lon="7.51852">
        <ele>1186.49</ele>
        <time>2026-05-04T02:18:11.9900000+00:00</time>
      </trkpt>
      <trkpt lat="46.7128" lon="7.51855">
        <ele>1187.15</ele>
        <time>2026-05-04T02:18:23.4150000+00:00</time>
      </trkpt>
      <trkpt lat="46.71275" lon="7.51858">
        <ele>1187.8</ele>
        <time>2026-05-04T02:18:34.8390000+00:00</time>
      </trkpt>
      <trkpt lat="46.7127" lon="7.51858">
        <ele>1190.48</ele>
        <time>2026-05-04T02:18:45.4060000+00:00</time>
      </trkpt>
      <trkpt lat="46.71263" lon="7.51856">
        <ele>1195.35</ele>
        <time>2026-05-04T02:19:00.4790000+00:00</time>
      </trkpt>
      <trkpt lat="46.71258" lon="7.51855">
        <ele>1198.59</ele>
        <time>2026-05-04T02:19:11.1430000+00:00</time>
      </trkpt>
      <trkpt lat="46.71252" lon="7.51857">
        <ele>1201.15</ele>
        <time>2026-05-04T02:19:24.1480000+00:00</time>
      </trkpt>
      <trkpt lat="46.71249" lon="7.51861">
        <ele>1201.25</ele>
        <time>2026-05-04T02:19:32.7390000+00:00</time>
      </trkpt>
      <trkpt lat="46.71248" lon="7.51867">
        <ele>1199.45</ele>
        <time>2026-05-04T02:19:41.6880000+00:00</time>
      </trkpt>
      <trkpt lat="46.71246" lon="7.51875">
        <ele>1197.67</ele>
        <time>2026-05-04T02:19:54.0250000+00:00</time>
      </trkpt>
      <trkpt lat="46.71242" lon="7.51882">
        <ele>1198.24</ele>
        <time>2026-05-04T02:20:07.2270000+00:00</time>
      </trkpt>
      <trkpt lat="46.71237" lon="7.51887">
        <ele>1200.17</ele>
        <time>2026-05-04T02:20:20.0390000+00:00</time>
      </trkpt>
      <trkpt lat="46.71223" lon="7.51897">
        <ele>1207.24</ele>
        <time>2026-05-04T02:20:52.9800000+00:00</time>
      </trkpt>
      <trkpt lat="46.71218" lon="7.519">
        <ele>1210.09</ele>
        <time>2026-05-04T02:21:04.4050000+00:00</time>
      </trkpt>
      <trkpt lat="46.71212" lon="7.51901">
        <ele>1214.09</ele>
        <time>2026-05-04T02:21:17.1670000+00:00</time>
      </trkpt>
      <trkpt lat="46.71204" lon="7.51903">
        <ele>1219.39</ele>
        <time>2026-05-04T02:21:34.3190000+00:00</time>
      </trkpt>
      <trkpt lat="46.71195" lon="7.51906">
        <ele>1225.38</ele>
        <time>2026-05-04T02:21:53.8270000+00:00</time>
      </trkpt>
      <trkpt lat="46.71185" lon="7.51911">
        <ele>1230.35</ele>
        <time>2026-05-04T02:22:16.1660000+00:00</time>
      </trkpt>
      <trkpt lat="46.71177" lon="7.51916">
        <ele>1233.24</ele>
        <time>2026-05-04T02:22:34.5580000+00:00</time>
      </trkpt>
      <trkpt lat="46.71168" lon="7.51924">
        <ele>1236.29</ele>
        <time>2026-05-04T02:22:56.8300000+00:00</time>
      </trkpt>
      <trkpt lat="46.71157" lon="7.51932">
        <ele>1240.27</ele>
        <time>2026-05-04T02:23:22.8050000+00:00</time>
      </trkpt>
      <trkpt lat="46.71151" lon="7.51935">
        <ele>1242.6</ele>
        <time>2026-05-04T02:23:36.2090000+00:00</time>
      </trkpt>
      <trkpt lat="46.71144" lon="7.5194">
        <ele>1245.21</ele>
        <time>2026-05-04T02:23:52.6800000+00:00</time>
      </trkpt>
      <trkpt lat="46.71137" lon="7.51947">
        <ele>1247.67</ele>
        <time>2026-05-04T02:24:10.6170000+00:00</time>
      </trkpt>
      <trkpt lat="46.71131" lon="7.51956">
        <ele>1249.58</ele>
        <time>2026-05-04T02:24:28.8030000+00:00</time>
      </trkpt>
      <trkpt lat="46.71129" lon="7.51963">
        <ele>1252.82</ele>
        <time>2026-05-04T02:24:39.7890000+00:00</time>
      </trkpt>
      <trkpt lat="46.71126" lon="7.51964">
        <ele>1254.57</ele>
        <time>2026-05-04T02:24:46.2920000+00:00</time>
      </trkpt>
      <trkpt lat="46.71125" lon="7.51962">
        <ele>1254.25</ele>
        <time>2026-05-04T02:24:49.8820000+00:00</time>
      </trkpt>
      <trkpt lat="46.71125" lon="7.51956">
        <ele>1252.24</ele>
        <time>2026-05-04T02:24:58.5760000+00:00</time>
      </trkpt>
      <trkpt lat="46.71128" lon="7.51946">
        <ele>1251.72</ele>
        <time>2026-05-04T02:25:14.3920000+00:00</time>
      </trkpt>
      <trkpt lat="46.71132" lon="7.51938">
        <ele>1250.62</ele>
        <time>2026-05-04T02:25:28.7400000+00:00</time>
      </trkpt>
      <trkpt lat="46.71136" lon="7.51931">
        <ele>1249.47</ele>
        <time>2026-05-04T02:25:41.9410000+00:00</time>
      </trkpt>
      <trkpt lat="46.7114" lon="7.51924">
        <ele>1248.34</ele>
        <time>2026-05-04T02:25:55.1440000+00:00</time>
      </trkpt>
      <trkpt lat="46.71143" lon="7.51917">
        <ele>1247.66</ele>
        <time>2026-05-04T02:26:07.1030000+00:00</time>
      </trkpt>
      <trkpt lat="46.71143" lon="7.5191">
        <ele>1248.27</ele>
        <time>2026-05-04T02:26:17.2450000+00:00</time>
      </trkpt>
      <trkpt lat="46.71142" lon="7.51901">
        <ele>1249.48</ele>
        <time>2026-05-04T02:26:30.4540000+00:00</time>
      </trkpt>
      <trkpt lat="46.71139" lon="7.51891">
        <ele>1251.6</ele>
        <time>2026-05-04T02:26:46.2680000+00:00</time>
      </trkpt>
      <trkpt lat="46.71139" lon="7.51883">
        <ele>1252.28</ele>
        <time>2026-05-04T02:26:57.8600000+00:00</time>
      </trkpt>
      <trkpt lat="46.71139" lon="7.51876">
        <ele>1252.88</ele>
        <time>2026-05-04T02:27:08.0020000+00:00</time>
      </trkpt>
      <trkpt lat="46.71141" lon="7.51868">
        <ele>1253.67</ele>
        <time>2026-05-04T02:27:20.3410000+00:00</time>
      </trkpt>
      <trkpt lat="46.71147" lon="7.51856">
        <ele>1254.24</ele>
        <time>2026-05-04T02:27:41.8600000+00:00</time>
      </trkpt>
      <trkpt lat="46.71151" lon="7.51845">
        <ele>1255.36</ele>
        <time>2026-05-04T02:27:59.9020000+00:00</time>
      </trkpt>
      <trkpt lat="46.71156" lon="7.51831">
        <ele>1256.78</ele>
        <time>2026-05-04T02:28:22.7740000+00:00</time>
      </trkpt>
      <trkpt lat="46.71165" lon="7.51814">
        <ele>1257.2</ele>
        <time>2026-05-04T02:28:53.8950000+00:00</time>
      </trkpt>
      <trkpt lat="46.71169" lon="7.51805">
        <ele>1257.72</ele>
        <time>2026-05-04T02:29:09.4350000+00:00</time>
      </trkpt>
      <trkpt lat="46.71173" lon="7.51794">
        <ele>1258.7</ele>
        <time>2026-05-04T02:29:27.4770000+00:00</time>
      </trkpt>
      <trkpt lat="46.71178" lon="7.51784">
        <ele>1260.05</ele>
        <time>2026-05-04T02:29:45.4090000+00:00</time>
      </trkpt>
      <trkpt lat="46.71182" lon="7.51773">
        <ele>1262.98</ele>
        <time>2026-05-04T02:30:03.4510000+00:00</time>
      </trkpt>
      <trkpt lat="46.71184" lon="7.51764">
        <ele>1265.98</ele>
        <time>2026-05-04T02:30:17.1590000+00:00</time>
      </trkpt>
      <trkpt lat="46.71186" lon="7.51751">
        <ele>1270.72</ele>
        <time>2026-05-04T02:30:36.4640000+00:00</time>
      </trkpt>
      <trkpt lat="46.71188" lon="7.51742">
        <ele>1273.82</ele>
        <time>2026-05-04T02:30:50.1720000+00:00</time>
      </trkpt>
      <trkpt lat="46.71195" lon="7.51721">
        <ele>1280.03</ele>
        <time>2026-05-04T02:31:24.0040000+00:00</time>
      </trkpt>
      <trkpt lat="46.71196" lon="7.5171">
        <ele>1284.31</ele>
        <time>2026-05-04T02:31:40.0820000+00:00</time>
      </trkpt>
      <trkpt lat="46.71192" lon="7.51715">
        <ele>1283.92</ele>
        <time>2026-05-04T02:31:51.2140000+00:00</time>
      </trkpt>
      <trkpt lat="46.7118" lon="7.51734">
        <ele>1280.12</ele>
        <time>2026-05-04T02:32:28.6410000+00:00</time>
      </trkpt>
      <trkpt lat="46.71172" lon="7.51748">
        <ele>1277.29</ele>
        <time>2026-05-04T02:32:55.0470000+00:00</time>
      </trkpt>
      <trkpt lat="46.71168" lon="7.51753">
        <ele>1276.78</ele>
        <time>2026-05-04T02:33:06.1800000+00:00</time>
      </trkpt>
      <trkpt lat="46.71159" lon="7.51761">
        <ele>1277.11</ele>
        <time>2026-05-04T02:33:28.4530000+00:00</time>
      </trkpt>
      <trkpt lat="46.71154" lon="7.51765">
        <ele>1277.54</ele>
        <time>2026-05-04T02:33:40.5040000+00:00</time>
      </trkpt>
      <trkpt lat="46.71148" lon="7.51772">
        <ele>1277.3</ele>
        <time>2026-05-04T02:33:56.7410000+00:00</time>
      </trkpt>
      <trkpt lat="46.71134" lon="7.5178">
        <ele>1280.15</ele>
        <time>2026-05-04T02:34:28.5150000+00:00</time>
      </trkpt>
      <trkpt lat="46.71126" lon="7.51785">
        <ele>1281.77</ele>
        <time>2026-05-04T02:34:46.9060000+00:00</time>
      </trkpt>
      <trkpt lat="46.71123" lon="7.5179">
        <ele>1281.32</ele>
        <time>2026-05-04T02:34:56.5350000+00:00</time>
      </trkpt>
      <trkpt lat="46.71118" lon="7.51798">
        <ele>1281.38</ele>
        <time>2026-05-04T02:35:12.2180000+00:00</time>
      </trkpt>
      <trkpt lat="46.71115" lon="7.51804">
        <ele>1281.1</ele>
        <time>2026-05-04T02:35:22.9760000+00:00</time>
      </trkpt>
      <trkpt lat="46.71105" lon="7.51816">
        <ele>1282.64</ele>
        <time>2026-05-04T02:35:50.3410000+00:00</time>
      </trkpt>
      <trkpt lat="46.71099" lon="7.5182">
        <ele>1285.18</ele>
        <time>2026-05-04T02:36:04.2810000+00:00</time>
      </trkpt>
      <trkpt lat="46.71088" lon="7.51833">
        <ele>1288.08</ele>
        <time>2026-05-04T02:36:34.1990000+00:00</time>
      </trkpt>
      <trkpt lat="46.71084" lon="7.51837">
        <ele>1289.26</ele>
        <time>2026-05-04T02:36:44.4460000+00:00</time>
      </trkpt>
      <trkpt lat="46.71083" lon="7.51845">
        <ele>1287.51</ele>
        <time>2026-05-04T02:36:56.2290000+00:00</time>
      </trkpt>
      <trkpt lat="46.71078" lon="7.51871">
        <ele>1282.62</ele>
        <time>2026-05-04T02:37:35.3550000+00:00</time>
      </trkpt>
      <trkpt lat="46.71077" lon="7.51881">
        <ele>1281.66</ele>
        <time>2026-05-04T02:37:49.9980000+00:00</time>
      </trkpt>
      <trkpt lat="46.71074" lon="7.51888">
        <ele>1282.52</ele>
        <time>2026-05-04T02:38:01.9570000+00:00</time>
      </trkpt>
      <trkpt lat="46.7107" lon="7.51891">
        <ele>1284.29</ele>
        <time>2026-05-04T02:38:11.4590000+00:00</time>
      </trkpt>
      <trkpt lat="46.71065" lon="7.51896">
        <ele>1286.33</ele>
        <time>2026-05-04T02:38:24.2700000+00:00</time>
      </trkpt>
      <trkpt lat="46.71059" lon="7.51906">
        <ele>1288.23</ele>
        <time>2026-05-04T02:38:43.5230000+00:00</time>
      </trkpt>
      <trkpt lat="46.71051" lon="7.51924">
        <ele>1289.96</ele>
        <time>2026-05-04T02:39:14.6040000+00:00</time>
      </trkpt>
      <trkpt lat="46.71046" lon="7.51933">
        <ele>1291.2</ele>
        <time>2026-05-04T02:39:31.3880000+00:00</time>
      </trkpt>
      <trkpt lat="46.71042" lon="7.51938">
        <ele>1292.43</ele>
        <time>2026-05-04T02:39:42.5210000+00:00</time>
      </trkpt>
      <trkpt lat="46.71038" lon="7.51939">
        <ele>1294.19</ele>
        <time>2026-05-04T02:39:51.0980000+00:00</time>
      </trkpt>
      <trkpt lat="46.71032" lon="7.51941">
        <ele>1296.74</ele>
        <time>2026-05-04T02:40:04.1030000+00:00</time>
      </trkpt>
      <trkpt lat="46.71026" lon="7.51945">
        <ele>1298.96</ele>
        <time>2026-05-04T02:40:18.0430000+00:00</time>
      </trkpt>
      <trkpt lat="46.71022" lon="7.51945">
        <ele>1301.02</ele>
        <time>2026-05-04T02:40:26.4970000+00:00</time>
      </trkpt>
      <trkpt lat="46.7102" lon="7.51941">
        <ele>1302.76</ele>
        <time>2026-05-04T02:40:33.6710000+00:00</time>
      </trkpt>
      <trkpt lat="46.7102" lon="7.51937">
        <ele>1303.39</ele>
        <time>2026-05-04T02:40:39.4660000+00:00</time>
      </trkpt>
      <trkpt lat="46.71023" lon="7.51933">
        <ele>1302.34</ele>
        <time>2026-05-04T02:40:48.0540000+00:00</time>
      </trkpt>
      <trkpt lat="46.71027" lon="7.51928">
        <ele>1301.1</ele>
        <time>2026-05-04T02:40:59.1880000+00:00</time>
      </trkpt>
      <trkpt lat="46.71029" lon="7.51922">
        <ele>1301.03</ele>
        <time>2026-05-04T02:41:08.8530000+00:00</time>
      </trkpt>
      <trkpt lat="46.71031" lon="7.51915">
        <ele>1301.09</ele>
        <time>2026-05-04T02:41:19.8400000+00:00</time>
      </trkpt>
      <trkpt lat="46.71031" lon="7.51908">
        <ele>1302.14</ele>
        <time>2026-05-04T02:41:29.9820000+00:00</time>
      </trkpt>
      <trkpt lat="46.7103" lon="7.51897">
        <ele>1304.3</ele>
        <time>2026-05-04T02:41:46.0600000+00:00</time>
      </trkpt>
      <trkpt lat="46.7103" lon="7.51888">
        <ele>1305.65</ele>
        <time>2026-05-04T02:41:59.1000000+00:00</time>
      </trkpt>
      <trkpt lat="46.71032" lon="7.51877">
        <ele>1306.23</ele>
        <time>2026-05-04T02:42:15.5900000+00:00</time>
      </trkpt>
      <trkpt lat="46.71032" lon="7.51872">
        <ele>1307.26</ele>
        <time>2026-05-04T02:42:22.8330000+00:00</time>
      </trkpt>
      <trkpt lat="46.7103" lon="7.51871">
        <ele>1308.7</ele>
        <time>2026-05-04T02:42:27.3040000+00:00</time>
      </trkpt>
      <trkpt lat="46.71027" lon="7.51875">
        <ele>1309.22</ele>
        <time>2026-05-04T02:42:35.8940000+00:00</time>
      </trkpt>
      <trkpt lat="46.710209999999996" lon="7.51885">
        <ele>1311</ele>
        <time>2026-05-04T02:42:55.1470000+00:00</time>
      </trkpt>
      <trkpt lat="46.7101" lon="7.51898">
        <ele>1315.22</ele>
        <time>2026-05-04T02:43:25.0660000+00:00</time>
      </trkpt>
      <trkpt lat="46.71006" lon="7.51903">
        <ele>1316.69</ele>
        <time>2026-05-04T02:43:36.1990000+00:00</time>
      </trkpt>
      <trkpt lat="46.71003" lon="7.51904">
        <ele>1318.23</ele>
        <time>2026-05-04T02:43:42.6990000+00:00</time>
      </trkpt>
      <trkpt lat="46.71002" lon="7.519">
        <ele>1319.45</ele>
        <time>2026-05-04T02:43:48.8670000+00:00</time>
      </trkpt>
      <trkpt lat="46.71003" lon="7.51897">
        <ele>1319.37</ele>
        <time>2026-05-04T02:43:53.7010000+00:00</time>
      </trkpt>
      <trkpt lat="46.71005" lon="7.51893">
        <ele>1318.88</ele>
        <time>2026-05-04T02:44:00.8750000+00:00</time>
      </trkpt>
      <trkpt lat="46.71007" lon="7.51887">
        <ele>1318.7</ele>
        <time>2026-05-04T02:44:10.5400000+00:00</time>
      </trkpt>
      <trkpt lat="46.71008" lon="7.51877">
        <ele>1319.74</ele>
        <time>2026-05-04T02:44:25.1840000+00:00</time>
      </trkpt>
      <trkpt lat="46.71009" lon="7.51866">
        <ele>1322.33</ele>
        <time>2026-05-04T02:44:41.2620000+00:00</time>
      </trkpt>
      <trkpt lat="46.71012" lon="7.51854">
        <ele>1324.84</ele>
        <time>2026-05-04T02:44:59.7680000+00:00</time>
      </trkpt>
      <trkpt lat="46.71014" lon="7.51847">
        <ele>1326.18</ele>
        <time>2026-05-04T02:45:10.7570000+00:00</time>
      </trkpt>
      <trkpt lat="46.71016" lon="7.51843">
        <ele>1326.48</ele>
        <time>2026-05-04T02:45:17.9300000+00:00</time>
      </trkpt>
      <trkpt lat="46.71016" lon="7.5184">
        <ele>1327.55</ele>
        <time>2026-05-04T02:45:22.2830000+00:00</time>
      </trkpt>
      <trkpt lat="46.71014" lon="7.51839">
        <ele>1329.01</ele>
        <time>2026-05-04T02:45:26.7530000+00:00</time>
      </trkpt>
      <trkpt lat="46.7101" lon="7.51842">
        <ele>1330.16</ele>
        <time>2026-05-04T02:45:36.2590000+00:00</time>
      </trkpt>
      <trkpt lat="46.71006" lon="7.51848">
        <ele>1330.29</ele>
        <time>2026-05-04T02:45:48.3860000+00:00</time>
      </trkpt>
      <trkpt lat="46.70995" lon="7.51859">
        <ele>1332.7</ele>
        <time>2026-05-04T02:46:16.5710000+00:00</time>
      </trkpt>
      <trkpt lat="46.70986" lon="7.51868">
        <ele>1334.8</ele>
        <time>2026-05-04T02:46:39.6300000+00:00</time>
      </trkpt>
      <trkpt lat="46.70982" lon="7.51871">
        <ele>1336.1</ele>
        <time>2026-05-04T02:46:49.1330000+00:00</time>
      </trkpt>
      <trkpt lat="46.70978" lon="7.51871">
        <ele>1338.4</ele>
        <time>2026-05-04T02:46:57.5830000+00:00</time>
      </trkpt>
      <trkpt lat="46.70966" lon="7.51869">
        <ele>1345.93</ele>
        <time>2026-05-04T02:47:23.1050000+00:00</time>
      </trkpt>
      <trkpt lat="46.70947" lon="7.51869">
        <ele>1356.83</ele>
        <time>2026-05-04T02:48:03.2540000+00:00</time>
      </trkpt>
      <trkpt lat="46.70944" lon="7.5187">
        <ele>1358.24</ele>
        <time>2026-05-04T02:48:09.7540000+00:00</time>
      </trkpt>
      <trkpt lat="46.70942" lon="7.51875">
        <ele>1358.08</ele>
        <time>2026-05-04T02:48:18.1410000+00:00</time>
      </trkpt>
      <trkpt lat="46.70942" lon="7.51881">
        <ele>1357</ele>
        <time>2026-05-04T02:48:26.8350000+00:00</time>
      </trkpt>
      <trkpt lat="46.70943" lon="7.51887">
        <ele>1355.34</ele>
        <time>2026-05-04T02:48:35.7830000+00:00</time>
      </trkpt>
      <trkpt lat="46.70942" lon="7.51893">
        <ele>1354.84</ele>
        <time>2026-05-04T02:48:44.7310000+00:00</time>
      </trkpt>
      <trkpt lat="46.7094" lon="7.51899">
        <ele>1354.89</ele>
        <time>2026-05-04T02:48:54.3980000+00:00</time>
      </trkpt>
      <trkpt lat="46.70934" lon="7.5191">
        <ele>1356.41</ele>
        <time>2026-05-04T02:49:14.7650000+00:00</time>
      </trkpt>
      <trkpt lat="46.7093" lon="7.51918">
        <ele>1357.42</ele>
        <time>2026-05-04T02:49:29.1120000+00:00</time>
      </trkpt>
      <trkpt lat="46.70928" lon="7.51925">
        <ele>1357.48</ele>
        <time>2026-05-04T02:49:40.0990000+00:00</time>
      </trkpt>
      <trkpt lat="46.70927" lon="7.51934">
        <ele>1356.64</ele>
        <time>2026-05-04T02:49:53.3100000+00:00</time>
      </trkpt>
      <trkpt lat="46.70924" lon="7.51941">
        <ele>1357.4</ele>
        <time>2026-05-04T02:50:05.2710000+00:00</time>
      </trkpt>
      <trkpt lat="46.7092" lon="7.51952">
        <ele>1358.25</ele>
        <time>2026-05-04T02:50:23.3120000+00:00</time>
      </trkpt>
      <trkpt lat="46.70917" lon="7.51963">
        <ele>1362.37</ele>
        <time>2026-05-04T02:50:40.4670000+00:00</time>
      </trkpt>
      <trkpt lat="46.70917" lon="7.51972">
        <ele>1366.5</ele>
        <time>2026-05-04T02:50:53.5090000+00:00</time>
      </trkpt>
      <trkpt lat="46.70914" lon="7.51974">
        <ele>1369.34</ele>
        <time>2026-05-04T02:51:00.4820000+00:00</time>
      </trkpt>
      <trkpt lat="46.70912" lon="7.51973">
        <ele>1370.16</ele>
        <time>2026-05-04T02:51:04.9530000+00:00</time>
      </trkpt>
      <trkpt lat="46.70912" lon="7.51969">
        <ele>1368.34</ele>
        <time>2026-05-04T02:51:10.7490000+00:00</time>
      </trkpt>
      <trkpt lat="46.70912" lon="7.51961">
        <ele>1364.69</ele>
        <time>2026-05-04T02:51:22.3400000+00:00</time>
      </trkpt>
      <trkpt lat="46.70912" lon="7.5195">
        <ele>1363.66</ele>
        <time>2026-05-04T02:51:38.2800000+00:00</time>
      </trkpt>
      <trkpt lat="46.7091" lon="7.51937">
        <ele>1366.7</ele>
        <time>2026-05-04T02:51:57.5850000+00:00</time>
      </trkpt>
      <trkpt lat="46.70905" lon="7.51919">
        <ele>1372.11</ele>
        <time>2026-05-04T02:52:25.7250000+00:00</time>
      </trkpt>
      <trkpt lat="46.709" lon="7.51903">
        <ele>1377.02</ele>
        <time>2026-05-04T02:52:51.2030000+00:00</time>
      </trkpt>
      <trkpt lat="46.70896" lon="7.5189">
        <ele>1380.81</ele>
        <time>2026-05-04T02:53:11.8490000+00:00</time>
      </trkpt>
      <trkpt lat="46.70889" lon="7.5187">
        <ele>1387.04</ele>
        <time>2026-05-04T02:53:44.3850000+00:00</time>
      </trkpt>
      <trkpt lat="46.70887" lon="7.51867">
        <ele>1388.61</ele>
        <time>2026-05-04T02:53:50.4500000+00:00</time>
      </trkpt>
      <trkpt lat="46.70884" lon="7.51868">
        <ele>1389.98</ele>
        <time>2026-05-04T02:53:56.9520000+00:00</time>
      </trkpt>
      <trkpt lat="46.70883" lon="7.51873">
        <ele>1389.66</ele>
        <time>2026-05-04T02:54:04.5000000+00:00</time>
      </trkpt>
      <trkpt lat="46.70885" lon="7.51878">
        <ele>1388.08</ele>
        <time>2026-05-04T02:54:12.8880000+00:00</time>
      </trkpt>
      <trkpt lat="46.70885" lon="7.51882">
        <ele>1387.68</ele>
        <time>2026-05-04T02:54:18.6900000+00:00</time>
      </trkpt>
      <trkpt lat="46.70882" lon="7.51907">
        <ele>1386.92</ele>
        <time>2026-05-04T02:54:55.4650000+00:00</time>
      </trkpt>
      <trkpt lat="46.70876" lon="7.51936">
        <ele>1387.87</ele>
        <time>2026-05-04T02:55:39.3570000+00:00</time>
      </trkpt>
      <trkpt lat="46.70876" lon="7.51944">
        <ele>1387.18</ele>
        <time>2026-05-04T02:55:50.9510000+00:00</time>
      </trkpt>
      <trkpt lat="46.70876" lon="7.51954">
        <ele>1386.31</ele>
        <time>2026-05-04T02:56:05.4430000+00:00</time>
      </trkpt>
      <trkpt lat="46.70874" lon="7.51958">
        <ele>1387.95</ele>
        <time>2026-05-04T02:56:12.6170000+00:00</time>
      </trkpt>
      <trkpt lat="46.7087" lon="7.51959">
        <ele>1390.98</ele>
        <time>2026-05-04T02:56:21.1930000+00:00</time>
      </trkpt>
      <trkpt lat="46.70868" lon="7.51956">
        <ele>1391.32</ele>
        <time>2026-05-04T02:56:27.2530000+00:00</time>
      </trkpt>
      <trkpt lat="46.70867" lon="7.5195">
        <ele>1392.41</ele>
        <time>2026-05-04T02:56:36.1990000+00:00</time>
      </trkpt>
      <trkpt lat="46.70866" lon="7.51945">
        <ele>1393.41</ele>
        <time>2026-05-04T02:56:43.7460000+00:00</time>
      </trkpt>
      <trkpt lat="46.70862" lon="7.51936">
        <ele>1396.53</ele>
        <time>2026-05-04T02:56:59.2870000+00:00</time>
      </trkpt>
      <trkpt lat="46.70851" lon="7.51914">
        <ele>1404.03</ele>
        <time>2026-05-04T02:57:38.7390000+00:00</time>
      </trkpt>
      <trkpt lat="46.70845" lon="7.51895">
        <ele>1408.48</ele>
        <time>2026-05-04T02:58:09.0500000+00:00</time>
      </trkpt>
      <trkpt lat="46.70841" lon="7.5188">
        <ele>1411.71</ele>
        <time>2026-05-04T02:58:32.3710000+00:00</time>
      </trkpt>
      <trkpt lat="46.70839" lon="7.51872">
        <ele>1413.4</ele>
        <time>2026-05-04T02:58:44.7100000+00:00</time>
      </trkpt>
      <trkpt lat="46.70838" lon="7.5187">
        <ele>1414.11</ele>
        <time>2026-05-04T02:58:48.3010000+00:00</time>
      </trkpt>
      <trkpt lat="46.70836" lon="7.51871">
        <ele>1415.13</ele>
        <time>2026-05-04T02:58:52.7710000+00:00</time>
      </trkpt>
      <trkpt lat="46.70835" lon="7.51877">
        <ele>1415.22</ele>
        <time>2026-05-04T02:59:01.7190000+00:00</time>
      </trkpt>
      <trkpt lat="46.70834" lon="7.51888">
        <ele>1414.93</ele>
        <time>2026-05-04T02:59:17.7990000+00:00</time>
      </trkpt>
      <trkpt lat="46.70832" lon="7.51898">
        <ele>1415.22</ele>
        <time>2026-05-04T02:59:32.8940000+00:00</time>
      </trkpt>
      <trkpt lat="46.70828" lon="7.5191">
        <ele>1416.39</ele>
        <time>2026-05-04T02:59:52.2280000+00:00</time>
      </trkpt>
      <trkpt lat="46.70823" lon="7.51922">
        <ele>1418</ele>
        <time>2026-05-04T03:00:12.5740000+00:00</time>
      </trkpt>
      <trkpt lat="46.70816" lon="7.51931">
        <ele>1420.81</ele>
        <time>2026-05-04T03:00:32.2930000+00:00</time>
      </trkpt>
      <trkpt lat="46.70811" lon="7.51938">
        <ele>1422.71</ele>
        <time>2026-05-04T03:00:46.9390000+00:00</time>
      </trkpt>
      <trkpt lat="46.70807" lon="7.51948">
        <ele>1423.77</ele>
        <time>2026-05-04T03:01:03.7150000+00:00</time>
      </trkpt>
      <trkpt lat="46.70802" lon="7.51958">
        <ele>1425.69</ele>
        <time>2026-05-04T03:01:21.6480000+00:00</time>
      </trkpt>
      <trkpt lat="46.70794" lon="7.51974">
        <ele>1432.84</ele>
        <time>2026-05-04T03:01:50.3410000+00:00</time>
      </trkpt>
      <trkpt lat="46.7079" lon="7.51989">
        <ele>1437.39</ele>
        <time>2026-05-04T03:02:13.6620000+00:00</time>
      </trkpt>
      <trkpt lat="46.70788" lon="7.51988">
        <ele>1437.96</ele>
        <time>2026-05-04T03:02:18.1330000+00:00</time>
      </trkpt>
      <trkpt lat="46.70785" lon="7.51978">
        <ele>1437.39</ele>
        <time>2026-05-04T03:02:33.9500000+00:00</time>
      </trkpt>
      <trkpt lat="46.70782" lon="7.51968">
        <ele>1437.04</ele>
        <time>2026-05-04T03:02:49.7660000+00:00</time>
      </trkpt>
      <trkpt lat="46.70782" lon="7.51947">
        <ele>1436.35</ele>
        <time>2026-05-04T03:03:20.1960000+00:00</time>
      </trkpt>
      <trkpt lat="46.7078" lon="7.51936">
        <ele>1438.62</ele>
        <time>2026-05-04T03:03:36.6860000+00:00</time>
      </trkpt>
      <trkpt lat="46.70778" lon="7.51919">
        <ele>1441.63</ele>
        <time>2026-05-04T03:04:01.6790000+00:00</time>
      </trkpt>
      <trkpt lat="46.70776" lon="7.51912">
        <ele>1443.51</ele>
        <time>2026-05-04T03:04:12.6680000+00:00</time>
      </trkpt>
      <trkpt lat="46.70777" lon="7.51896">
        <ele>1444.87</ele>
        <time>2026-05-04T03:04:35.9490000+00:00</time>
      </trkpt>
      <trkpt lat="46.70775" lon="7.51894">
        <ele>1446.18</ele>
        <time>2026-05-04T03:04:41.0770000+00:00</time>
      </trkpt>
      <trkpt lat="46.70768" lon="7.51904">
        <ele>1448.72</ele>
        <time>2026-05-04T03:05:01.7850000+00:00</time>
      </trkpt>
      <trkpt lat="46.70751" lon="7.51943">
        <ele>1453.64</ele>
        <time>2026-05-04T03:06:08.7470000+00:00</time>
      </trkpt>
      <trkpt lat="46.70741" lon="7.51957">
        <ele>1457.84</ele>
        <time>2026-05-04T03:06:38.0410000+00:00</time>
      </trkpt>
      <trkpt lat="46.70735" lon="7.51966">
        <ele>1461.44</ele>
        <time>2026-05-04T03:06:56.2290000+00:00</time>
      </trkpt>
      <trkpt lat="46.7073" lon="7.51974">
        <ele>1464.22</ele>
        <time>2026-05-04T03:07:11.9140000+00:00</time>
      </trkpt>
      <trkpt lat="46.70728" lon="7.51981">
        <ele>1465.29</ele>
        <time>2026-05-04T03:07:22.9030000+00:00</time>
      </trkpt>
      <trkpt lat="46.70726" lon="7.51991">
        <ele>1466.28</ele>
        <time>2026-05-04T03:07:37.9970000+00:00</time>
      </trkpt>
      <trkpt lat="46.70726" lon="7.52012">
        <ele>1466.27</ele>
        <time>2026-05-04T03:08:08.4270000+00:00</time>
      </trkpt>
      <trkpt lat="46.70725" lon="7.52019">
        <ele>1466.66</ele>
        <time>2026-05-04T03:08:18.7880000+00:00</time>
      </trkpt>
      <trkpt lat="46.70725" lon="7.52028">
        <ele>1466.63</ele>
        <time>2026-05-04T03:08:31.8290000+00:00</time>
      </trkpt>
      <trkpt lat="46.70724" lon="7.52032">
        <ele>1466.98</ele>
        <time>2026-05-04T03:08:37.9950000+00:00</time>
      </trkpt>
      <trkpt lat="46.70722" lon="7.52031">
        <ele>1467.71</ele>
        <time>2026-05-04T03:08:42.4620000+00:00</time>
      </trkpt>
      <trkpt lat="46.70719" lon="7.52022">
        <ele>1468.97</ele>
        <time>2026-05-04T03:08:56.9620000+00:00</time>
      </trkpt>
      <trkpt lat="46.7071" lon="7.52008">
        <ele>1473.06</ele>
        <time>2026-05-04T03:09:24.7690000+00:00</time>
      </trkpt>
      <trkpt lat="46.70703" lon="7.51989">
        <ele>1477.23</ele>
        <time>2026-05-04T03:09:56.0230000+00:00</time>
      </trkpt>
      <trkpt lat="46.707" lon="7.51984">
        <ele>1479.01</ele>
        <time>2026-05-04T03:10:05.6510000+00:00</time>
      </trkpt>
      <trkpt lat="46.70698" lon="7.51975">
        <ele>1480.69</ele>
        <time>2026-05-04T03:10:19.3600000+00:00</time>
      </trkpt>
      <trkpt lat="46.70695" lon="7.51965">
        <ele>1483.09</ele>
        <time>2026-05-04T03:10:35.1770000+00:00</time>
      </trkpt>
      <trkpt lat="46.7069" lon="7.51946">
        <ele>1487.41</ele>
        <time>2026-05-04T03:11:04.6660000+00:00</time>
      </trkpt>
      <trkpt lat="46.70686" lon="7.51933">
        <ele>1490.65</ele>
        <time>2026-05-04T03:11:25.3140000+00:00</time>
      </trkpt>
      <trkpt lat="46.70684" lon="7.51926">
        <ele>1492.29</ele>
        <time>2026-05-04T03:11:36.3040000+00:00</time>
      </trkpt>
      <trkpt lat="46.70686" lon="7.51921">
        <ele>1491.49</ele>
        <time>2026-05-04T03:11:44.6950000+00:00</time>
      </trkpt>
      <trkpt lat="46.70689" lon="7.51916">
        <ele>1490.13</ele>
        <time>2026-05-04T03:11:54.3230000+00:00</time>
      </trkpt>
      <trkpt lat="46.70693" lon="7.51892">
        <ele>1489.66</ele>
        <time>2026-05-04T03:12:30.1130000+00:00</time>
      </trkpt>
      <trkpt lat="46.70695" lon="7.51874">
        <ele>1489.94</ele>
        <time>2026-05-04T03:12:56.5360000+00:00</time>
      </trkpt>
      <trkpt lat="46.70694" lon="7.51857">
        <ele>1493.35</ele>
        <time>2026-05-04T03:13:21.2600000+00:00</time>
      </trkpt>
      <trkpt lat="46.70696" lon="7.51847">
        <ele>1493.93</ele>
        <time>2026-05-04T03:13:36.3540000+00:00</time>
      </trkpt>
      <trkpt lat="46.70696" lon="7.51841">
        <ele>1494.94</ele>
        <time>2026-05-04T03:13:45.0480000+00:00</time>
      </trkpt>
      <trkpt lat="46.70694" lon="7.5184">
        <ele>1496.3</ele>
        <time>2026-05-04T03:13:49.5140000+00:00</time>
      </trkpt>
      <trkpt lat="46.70692" lon="7.51848">
        <ele>1496.06</ele>
        <time>2026-05-04T03:14:01.8530000+00:00</time>
      </trkpt>
      <trkpt lat="46.7068" lon="7.51868">
        <ele>1499.11</ele>
        <time>2026-05-04T03:14:40.3610000+00:00</time>
      </trkpt>
      <trkpt lat="46.70662" lon="7.5188">
        <ele>1507.68</ele>
        <time>2026-05-04T03:15:22.1840000+00:00</time>
      </trkpt>
      <trkpt lat="46.70657" lon="7.51885">
        <ele>1510.17</ele>
        <time>2026-05-04T03:15:34.9940000+00:00</time>
      </trkpt>
      <trkpt lat="46.70653" lon="7.51886">
        <ele>1512.35</ele>
        <time>2026-05-04T03:15:43.5710000+00:00</time>
      </trkpt>
      <trkpt lat="46.70651" lon="7.51889">
        <ele>1513.3</ele>
        <time>2026-05-04T03:15:49.6330000+00:00</time>
      </trkpt>
      <trkpt lat="46.7065" lon="7.51896">
        <ele>1513.48</ele>
        <time>2026-05-04T03:15:59.9940000+00:00</time>
      </trkpt>
      <trkpt lat="46.70648" lon="7.51902">
        <ele>1514.28</ele>
        <time>2026-05-04T03:16:09.6610000+00:00</time>
      </trkpt>
      <trkpt lat="46.70646" lon="7.51911">
        <ele>1514.94</ele>
        <time>2026-05-04T03:16:23.3700000+00:00</time>
      </trkpt>
      <trkpt lat="46.7064" lon="7.51923">
        <ele>1517.75</ele>
        <time>2026-05-04T03:16:44.8900000+00:00</time>
      </trkpt>
      <trkpt lat="46.70634" lon="7.51935">
        <ele>1520.63</ele>
        <time>2026-05-04T03:17:06.4100000+00:00</time>
      </trkpt>
      <trkpt lat="46.70628" lon="7.51952">
        <ele>1523.34</ele>
        <time>2026-05-04T03:17:34.1160000+00:00</time>
      </trkpt>
      <trkpt lat="46.70626" lon="7.5196">
        <ele>1524.11</ele>
        <time>2026-05-04T03:17:46.4560000+00:00</time>
      </trkpt>
      <trkpt lat="46.70625" lon="7.51971">
        <ele>1524.07</ele>
        <time>2026-05-04T03:18:02.5360000+00:00</time>
      </trkpt>
      <trkpt lat="46.70622" lon="7.51979">
        <ele>1525.41</ele>
        <time>2026-05-04T03:18:15.7490000+00:00</time>
      </trkpt>
      <trkpt lat="46.7062" lon="7.51992">
        <ele>1525.89</ele>
        <time>2026-05-04T03:18:35.0550000+00:00</time>
      </trkpt>
      <trkpt lat="46.70618" lon="7.5199">
        <ele>1527.22</ele>
        <time>2026-05-04T03:18:40.1800000+00:00</time>
      </trkpt>
      <trkpt lat="46.70616" lon="7.51979">
        <ele>1529.01</ele>
        <time>2026-05-04T03:18:56.6700000+00:00</time>
      </trkpt>
      <trkpt lat="46.70613" lon="7.51969">
        <ele>1531.33</ele>
        <time>2026-05-04T03:19:12.4870000+00:00</time>
      </trkpt>
      <trkpt lat="46.70611" lon="7.51962">
        <ele>1532.87</ele>
        <time>2026-05-04T03:19:23.4760000+00:00</time>
      </trkpt>
      <trkpt lat="46.70609" lon="7.51952">
        <ele>1534.48</ele>
        <time>2026-05-04T03:19:38.5700000+00:00</time>
      </trkpt>
      <trkpt lat="46.7061" lon="7.51943">
        <ele>1534.23</ele>
        <time>2026-05-04T03:19:51.7840000+00:00</time>
      </trkpt>
      <trkpt lat="46.70608" lon="7.51935">
        <ele>1535.68</ele>
        <time>2026-05-04T03:20:04.1230000+00:00</time>
      </trkpt>
      <trkpt lat="46.7061" lon="7.51921">
        <ele>1535.04</ele>
        <time>2026-05-04T03:20:24.8470000+00:00</time>
      </trkpt>
      <trkpt lat="46.70609" lon="7.519">
        <ele>1536.38</ele>
        <time>2026-05-04T03:20:55.3510000+00:00</time>
      </trkpt>
      <trkpt lat="46.70609" lon="7.51886">
        <ele>1536.89</ele>
        <time>2026-05-04T03:21:15.6380000+00:00</time>
      </trkpt>
      <trkpt lat="46.70611" lon="7.51876">
        <ele>1536.15</ele>
        <time>2026-05-04T03:21:30.7320000+00:00</time>
      </trkpt>
      <trkpt lat="46.70608" lon="7.51869">
        <ele>1538.7</ele>
        <time>2026-05-04T03:21:42.6940000+00:00</time>
      </trkpt>
      <trkpt lat="46.70608" lon="7.51853">
        <ele>1541.59</ele>
        <time>2026-05-04T03:22:05.8800000+00:00</time>
      </trkpt>
      <trkpt lat="46.70609" lon="7.51839">
        <ele>1543.56</ele>
        <time>2026-05-04T03:22:26.2770000+00:00</time>
      </trkpt>
      <trkpt lat="46.70611" lon="7.51834">
        <ele>1543.35</ele>
        <time>2026-05-04T03:22:34.6660000+00:00</time>
      </trkpt>
      <trkpt lat="46.70612" lon="7.51827">
        <ele>1544.06</ele>
        <time>2026-05-04T03:22:45.0260000+00:00</time>
      </trkpt>
      <trkpt lat="46.70612" lon="7.5182">
        <ele>1545.32</ele>
        <time>2026-05-04T03:22:55.1700000+00:00</time>
      </trkpt>
      <trkpt lat="46.70614" lon="7.51813">
        <ele>1545.48</ele>
        <time>2026-05-04T03:23:06.1590000+00:00</time>
      </trkpt>
      <trkpt lat="46.70615" lon="7.51808">
        <ele>1545.83</ele>
        <time>2026-05-04T03:23:13.7060000+00:00</time>
      </trkpt>
      <trkpt lat="46.70614" lon="7.51806">
        <ele>1546.74</ele>
        <time>2026-05-04T03:23:17.2870000+00:00</time>
      </trkpt>
      <trkpt lat="46.70612" lon="7.51809">
        <ele>1547.3</ele>
        <time>2026-05-04T03:23:23.3520000+00:00</time>
      </trkpt>
      <trkpt lat="46.7061" lon="7.51811">
        <ele>1548.05</ele>
        <time>2026-05-04T03:23:28.4770000+00:00</time>
      </trkpt>
      <trkpt lat="46.70605" lon="7.5182">
        <ele>1549.49</ele>
        <time>2026-05-04T03:23:45.2620000+00:00</time>
      </trkpt>
      <trkpt lat="46.70597" lon="7.51831">
        <ele>1552.8</ele>
        <time>2026-05-04T03:24:08.4970000+00:00</time>
      </trkpt>
      <trkpt lat="46.70596" lon="7.51842">
        <ele>1551.48</ele>
        <time>2026-05-04T03:24:24.5770000+00:00</time>
      </trkpt>
      <trkpt lat="46.70593" lon="7.5185">
        <ele>1552.02</ele>
        <time>2026-05-04T03:24:37.7890000+00:00</time>
      </trkpt>
      <trkpt lat="46.70589" lon="7.51862">
        <ele>1552.5</ele>
        <time>2026-05-04T03:24:57.1230000+00:00</time>
      </trkpt>
      <trkpt lat="46.70582" lon="7.51879">
        <ele>1554.82</ele>
        <time>2026-05-04T03:25:25.8570000+00:00</time>
      </trkpt>
      <trkpt lat="46.70574" lon="7.51895">
        <ele>1559.36</ele>
        <time>2026-05-04T03:25:54.5500000+00:00</time>
      </trkpt>
      <trkpt lat="46.70566" lon="7.51907">
        <ele>1564.01</ele>
        <time>2026-05-04T03:26:18.8010000+00:00</time>
      </trkpt>
      <trkpt lat="46.70556" lon="7.5192">
        <ele>1569.86</ele>
        <time>2026-05-04T03:26:47.1100000+00:00</time>
      </trkpt>
      <trkpt lat="46.70553" lon="7.51928">
        <ele>1571.39</ele>
        <time>2026-05-04T03:27:00.3210000+00:00</time>
      </trkpt>
      <trkpt lat="46.7055" lon="7.51936">
        <ele>1572.9</ele>
        <time>2026-05-04T03:27:13.5340000+00:00</time>
      </trkpt>
      <trkpt lat="46.70548" lon="7.51947">
        <ele>1573.6</ele>
        <time>2026-05-04T03:27:30.0250000+00:00</time>
      </trkpt>
      <trkpt lat="46.70546" lon="7.51963">
        <ele>1574.05</ele>
        <time>2026-05-04T03:27:53.5920000+00:00</time>
      </trkpt>
      <trkpt lat="46.7054" lon="7.51992">
        <ele>1576.48</ele>
        <time>2026-05-04T03:28:37.4860000+00:00</time>
      </trkpt>
      <trkpt lat="46.70536" lon="7.52002">
        <ele>1578.54</ele>
        <time>2026-05-04T03:28:54.2620000+00:00</time>
      </trkpt>
      <trkpt lat="46.70534" lon="7.52014">
        <ele>1579.24</ele>
        <time>2026-05-04T03:29:12.1570000+00:00</time>
      </trkpt>
      <trkpt lat="46.70532" lon="7.52027">
        <ele>1579.89</ele>
        <time>2026-05-04T03:29:31.4630000+00:00</time>
      </trkpt>
      <trkpt lat="46.70532" lon="7.52031">
        <ele>1579.7</ele>
        <time>2026-05-04T03:29:37.2590000+00:00</time>
      </trkpt>
      <trkpt lat="46.70534" lon="7.52041">
        <ele>1577.86</ele>
        <time>2026-05-04T03:29:52.3540000+00:00</time>
      </trkpt>
      <trkpt lat="46.70534" lon="7.52046">
        <ele>1577.21</ele>
        <time>2026-05-04T03:29:59.5990000+00:00</time>
      </trkpt>
      <trkpt lat="46.70533" lon="7.52049">
        <ele>1577.44</ele>
        <time>2026-05-04T03:30:04.4340000+00:00</time>
      </trkpt>
      <trkpt lat="46.70531" lon="7.52052">
        <ele>1578.28</ele>
        <time>2026-05-04T03:30:10.4960000+00:00</time>
      </trkpt>
      <trkpt lat="46.70524" lon="7.52054">
        <ele>1582.36</ele>
        <time>2026-05-04T03:30:25.5690000+00:00</time>
      </trkpt>
      <trkpt lat="46.7052" lon="7.52056">
        <ele>1584.81</ele>
        <time>2026-05-04T03:30:34.5020000+00:00</time>
      </trkpt>
      <trkpt lat="46.70517" lon="7.52058">
        <ele>1586.58</ele>
        <time>2026-05-04T03:30:41.4710000+00:00</time>
      </trkpt>
      <trkpt lat="46.70514" lon="7.52061">
        <ele>1588.2</ele>
        <time>2026-05-04T03:30:49.1590000+00:00</time>
      </trkpt>
      <trkpt lat="46.70512" lon="7.52065">
        <ele>1588.99</ele>
        <time>2026-05-04T03:30:56.3330000+00:00</time>
      </trkpt>
      <trkpt lat="46.70509" lon="7.52068">
        <ele>1590.61</ele>
        <time>2026-05-04T03:31:04.0210000+00:00</time>
      </trkpt>
      <trkpt lat="46.70507" lon="7.5207">
        <ele>1591.69</ele>
        <time>2026-05-04T03:31:09.1490000+00:00</time>
      </trkpt>
      <trkpt lat="46.70504" lon="7.5207">
        <ele>1593.75</ele>
        <time>2026-05-04T03:31:15.4890000+00:00</time>
      </trkpt>
      <trkpt lat="46.705" lon="7.5207">
        <ele>1596.49</ele>
        <time>2026-05-04T03:31:23.9420000+00:00</time>
      </trkpt>
      <trkpt lat="46.70496" lon="7.52074">
        <ele>1598.65</ele>
        <time>2026-05-04T03:31:34.1910000+00:00</time>
      </trkpt>
      <trkpt lat="46.70489" lon="7.5208">
        <ele>1602.58</ele>
        <time>2026-05-04T03:31:51.3490000+00:00</time>
      </trkpt>
      <trkpt lat="46.70487" lon="7.52083">
        <ele>1603.51</ele>
        <time>2026-05-04T03:31:57.4080000+00:00</time>
      </trkpt>
      <trkpt lat="46.70488" lon="7.5209">
        <ele>1601.82</ele>
        <time>2026-05-04T03:32:07.7680000+00:00</time>
      </trkpt>
      <trkpt lat="46.7049" lon="7.52101">
        <ele>1598.86</ele>
        <time>2026-05-04T03:32:24.2580000+00:00</time>
      </trkpt>
      <trkpt lat="46.70493" lon="7.52106">
        <ele>1596.09</ele>
        <time>2026-05-04T03:32:33.8860000+00:00</time>
      </trkpt>
      <trkpt lat="46.70493" lon="7.52112">
        <ele>1595.23</ele>
        <time>2026-05-04T03:32:42.5800000+00:00</time>
      </trkpt>
      <trkpt lat="46.70488" lon="7.5212">
        <ele>1597.5</ele>
        <time>2026-05-04T03:32:58.2650000+00:00</time>
      </trkpt>
      <trkpt lat="46.70485" lon="7.52128">
        <ele>1599.86</ele>
        <time>2026-05-04T03:33:11.4780000+00:00</time>
      </trkpt>
      <trkpt lat="46.70486" lon="7.52137">
        <ele>1600.67</ele>
        <time>2026-05-04T03:33:24.6910000+00:00</time>
      </trkpt>
      <trkpt lat="46.70485" lon="7.52148">
        <ele>1603.1</ele>
        <time>2026-05-04T03:33:40.7720000+00:00</time>
      </trkpt>
      <trkpt lat="46.70484" lon="7.52156">
        <ele>1604.99</ele>
        <time>2026-05-04T03:33:52.5570000+00:00</time>
      </trkpt>
      <trkpt lat="46.70483" lon="7.52159">
        <ele>1606.04</ele>
        <time>2026-05-04T03:33:57.3910000+00:00</time>
      </trkpt>
      <trkpt lat="46.70477" lon="7.52164">
        <ele>1610.23</ele>
        <time>2026-05-04T03:34:11.9930000+00:00</time>
      </trkpt>
      <trkpt lat="46.70474" lon="7.5217">
        <ele>1612.71</ele>
        <time>2026-05-04T03:34:22.7530000+00:00</time>
      </trkpt>
      <trkpt lat="46.70473" lon="7.52182">
        <ele>1614.79</ele>
        <time>2026-05-04T03:34:40.2700000+00:00</time>
      </trkpt>
      <trkpt lat="46.7047" lon="7.5219">
        <ele>1617.29</ele>
        <time>2026-05-04T03:34:53.4830000+00:00</time>
      </trkpt>
      <trkpt lat="46.70469" lon="7.52196">
        <ele>1618.47</ele>
        <time>2026-05-04T03:35:02.4300000+00:00</time>
      </trkpt>
      <trkpt lat="46.70472" lon="7.52206">
        <ele>1618.3</ele>
        <time>2026-05-04T03:35:18.2470000+00:00</time>
      </trkpt>
      <trkpt lat="46.7047" lon="7.52212">
        <ele>1621.84</ele>
        <time>2026-05-04T03:35:27.9130000+00:00</time>
      </trkpt>
      <trkpt lat="46.70468" lon="7.52219">
        <ele>1625.95</ele>
        <time>2026-05-04T03:35:38.9020000+00:00</time>
      </trkpt>
      <trkpt lat="46.70464" lon="7.52225">
        <ele>1630.3</ele>
        <time>2026-05-04T03:35:51.0290000+00:00</time>
      </trkpt>
      <trkpt lat="46.70458" lon="7.52228">
        <ele>1633.93</ele>
        <time>2026-05-04T03:36:04.4330000+00:00</time>
      </trkpt>
      <trkpt lat="46.70449" lon="7.52239">
        <ele>1641.83</ele>
        <time>2026-05-04T03:36:29.2480000+00:00</time>
      </trkpt>
      <trkpt lat="46.70446" lon="7.52256">
        <ele>1649.64</ele>
        <time>2026-05-04T03:36:54.6850000+00:00</time>
      </trkpt>
      <trkpt lat="46.70443" lon="7.52277">
        <ele>1658.7</ele>
        <time>2026-05-04T03:37:25.7710000+00:00</time>
      </trkpt>
      <trkpt lat="46.70444" lon="7.52299">
        <ele>1668.58</ele>
        <time>2026-05-04T03:37:57.7210000+00:00</time>
      </trkpt>
      <trkpt lat="46.70445" lon="7.52314">
        <ele>1676.66</ele>
        <time>2026-05-04T03:38:19.5610000+00:00</time>
      </trkpt>
      <trkpt lat="46.70447" lon="7.52323">
        <ele>1681.21</ele>
        <time>2026-05-04T03:38:33.2710000+00:00</time>
      </trkpt>
      <trkpt lat="46.70448" lon="7.52334">
        <ele>1687.07</ele>
        <time>2026-05-04T03:38:49.3510000+00:00</time>
      </trkpt>
      <trkpt lat="46.70455" lon="7.52351">
        <ele>1694.96</ele>
        <time>2026-05-04T03:39:18.0860000+00:00</time>
      </trkpt>
      <trkpt lat="46.70453" lon="7.52353">
        <ele>1696.48</ele>
        <time>2026-05-04T03:39:23.2110000+00:00</time>
      </trkpt>
      <trkpt lat="46.70444" lon="7.52347">
        <ele>1695.06</ele>
        <time>2026-05-04T03:39:44.1220000+00:00</time>
      </trkpt>
      <trkpt lat="46.70437" lon="7.52343">
        <ele>1694.16</ele>
        <time>2026-05-04T03:40:00.0080000+00:00</time>
      </trkpt>
      <trkpt lat="46.70432" lon="7.52337">
        <ele>1691.91</ele>
        <time>2026-05-04T03:40:13.6910000+00:00</time>
      </trkpt>
      <trkpt lat="46.70427" lon="7.5233">
        <ele>1689.4</ele>
        <time>2026-05-04T03:40:28.3380000+00:00</time>
      </trkpt>
      <trkpt lat="46.7042" lon="7.52322">
        <ele>1687.17</ele>
        <time>2026-05-04T03:40:47.1310000+00:00</time>
      </trkpt>
      <trkpt lat="46.70412" lon="7.52305">
        <ele>1681.65</ele>
        <time>2026-05-04T03:41:17.0080000+00:00</time>
      </trkpt>
      <trkpt lat="46.70406" lon="7.52296">
        <ele>1679.76</ele>
        <time>2026-05-04T03:41:35.1970000+00:00</time>
      </trkpt>
      <trkpt lat="46.70404" lon="7.52291">
        <ele>1678.4</ele>
        <time>2026-05-04T03:41:43.5850000+00:00</time>
      </trkpt>
      <trkpt lat="46.70402" lon="7.52283">
        <ele>1676.95</ele>
        <time>2026-05-04T03:41:55.9250000+00:00</time>
      </trkpt>
      <trkpt lat="46.70402" lon="7.52273">
        <ele>1674.47</ele>
        <time>2026-05-04T03:42:10.4170000+00:00</time>
      </trkpt>
      <trkpt lat="46.70399" lon="7.52262">
        <ele>1673.14</ele>
        <time>2026-05-04T03:42:27.5720000+00:00</time>
      </trkpt>
      <trkpt lat="46.70398" lon="7.52262">
        <ele>1673.61</ele>
        <time>2026-05-04T03:42:29.6910000+00:00</time>
      </trkpt>
      <trkpt lat="46.70394" lon="7.52259">
        <ele>1674.83</ele>
        <time>2026-05-04T03:42:39.1970000+00:00</time>
      </trkpt>
      <trkpt lat="46.70394" lon="7.52263">
        <ele>1675.71</ele>
        <time>2026-05-04T03:42:44.9930000+00:00</time>
      </trkpt>
      <trkpt lat="46.70394" lon="7.52267">
        <ele>1676.59</ele>
        <time>2026-05-04T03:42:50.7890000+00:00</time>
      </trkpt>
      <trkpt lat="46.70392" lon="7.52278">
        <ele>1679.84</ele>
        <time>2026-05-04T03:43:07.2780000+00:00</time>
      </trkpt>
      <trkpt lat="46.70391" lon="7.52297">
        <ele>1685.36</ele>
        <time>2026-05-04T03:43:34.8930000+00:00</time>
      </trkpt>
      <trkpt lat="46.7039" lon="7.52303">
        <ele>1687.87</ele>
        <time>2026-05-04T03:43:43.8410000+00:00</time>
      </trkpt>
      <trkpt lat="46.7039" lon="7.52312">
        <ele>1691.11</ele>
        <time>2026-05-04T03:43:56.8820000+00:00</time>
      </trkpt>
      <trkpt lat="46.70386" lon="7.52326">
        <ele>1697.09</ele>
        <time>2026-05-04T03:44:18.8600000+00:00</time>
      </trkpt>
      <trkpt lat="46.70386" lon="7.52333">
        <ele>1699.51</ele>
        <time>2026-05-04T03:44:29.0020000+00:00</time>
      </trkpt>
      <trkpt lat="46.70387" lon="7.5234">
        <ele>1701.74</ele>
        <time>2026-05-04T03:44:39.3630000+00:00</time>
      </trkpt>
      <trkpt lat="46.70388" lon="7.52347">
        <ele>1704.03</ele>
        <time>2026-05-04T03:44:49.7230000+00:00</time>
      </trkpt>
      <trkpt lat="46.70388" lon="7.52359">
        <ele>1708.26</ele>
        <time>2026-05-04T03:45:07.1140000+00:00</time>
      </trkpt>
      <trkpt lat="46.70389" lon="7.52368">
        <ele>1711.35</ele>
        <time>2026-05-04T03:45:20.3280000+00:00</time>
      </trkpt>
      <trkpt lat="46.70394" lon="7.52398">
        <ele>1722.45</ele>
        <time>2026-05-04T03:46:05.0670000+00:00</time>
      </trkpt>
      <trkpt lat="46.70398" lon="7.52429">
        <ele>1734.36</ele>
        <time>2026-05-04T03:46:50.7780000+00:00</time>
      </trkpt>
      <trkpt lat="46.70399" lon="7.52439">
        <ele>1738.25</ele>
        <time>2026-05-04T03:47:05.4240000+00:00</time>
      </trkpt>
      <trkpt lat="46.70408" lon="7.52466">
        <ele>1744.87</ele>
        <time>2026-05-04T03:47:48.9280000+00:00</time>
      </trkpt>
      <trkpt lat="46.70414" lon="7.52485">
        <ele>1743.43</ele>
        <time>2026-05-04T03:48:19.2400000+00:00</time>
      </trkpt>
      <trkpt lat="46.70418" lon="7.52491">
        <ele>1742.37</ele>
        <time>2026-05-04T03:48:31.3670000+00:00</time>
      </trkpt>
      <trkpt lat="46.70421" lon="7.52496">
        <ele>1741.35</ele>
        <time>2026-05-04T03:48:40.9950000+00:00</time>
      </trkpt>
      <trkpt lat="46.70429" lon="7.525">
        <ele>1739.2</ele>
        <time>2026-05-04T03:48:58.8660000+00:00</time>
      </trkpt>
      <trkpt lat="46.70436" lon="7.525">
        <ele>1737.69</ele>
        <time>2026-05-04T03:49:13.6580000+00:00</time>
      </trkpt>
      <trkpt lat="46.7044" lon="7.52499">
        <ele>1737.04</ele>
        <time>2026-05-04T03:49:22.2350000+00:00</time>
      </trkpt>
      <trkpt lat="46.70438" lon="7.52504">
        <ele>1736.47</ele>
        <time>2026-05-04T03:49:30.6230000+00:00</time>
      </trkpt>
      <trkpt lat="46.70435" lon="7.52507">
        <ele>1736.64</ele>
        <time>2026-05-04T03:49:38.3120000+00:00</time>
      </trkpt>
      <trkpt lat="46.70428" lon="7.52511">
        <ele>1737.84</ele>
        <time>2026-05-04T03:49:54.1980000+00:00</time>
      </trkpt>
      <trkpt lat="46.70425" lon="7.52518">
        <ele>1737.78</ele>
        <time>2026-05-04T03:50:06.1590000+00:00</time>
      </trkpt>
      <trkpt lat="46.70422" lon="7.52525">
        <ele>1737.95</ele>
        <time>2026-05-04T03:50:18.1210000+00:00</time>
      </trkpt>
      <trkpt lat="46.70419" lon="7.5253">
        <ele>1738.54</ele>
        <time>2026-05-04T03:50:27.7490000+00:00</time>
      </trkpt>
      <trkpt lat="46.70409" lon="7.52535">
        <ele>1742.14</ele>
        <time>2026-05-04T03:50:50.0880000+00:00</time>
      </trkpt>
      <trkpt lat="46.70403" lon="7.52537">
        <ele>1744.57</ele>
        <time>2026-05-04T03:51:03.0940000+00:00</time>
      </trkpt>
      <trkpt lat="46.70399" lon="7.52536">
        <ele>1746.23</ele>
        <time>2026-05-04T03:51:11.6710000+00:00</time>
      </trkpt>
      <trkpt lat="46.70396" lon="7.52534">
        <ele>1747.41</ele>
        <time>2026-05-04T03:51:18.6440000+00:00</time>
      </trkpt>
      <trkpt lat="46.70386" lon="7.52522">
        <ele>1750.38</ele>
        <time>2026-05-04T03:51:46.0100000+00:00</time>
      </trkpt>
      <trkpt lat="46.70381" lon="7.52514">
        <ele>1751.15</ele>
        <time>2026-05-04T03:52:01.6960000+00:00</time>
      </trkpt>
      <trkpt lat="46.70378" lon="7.5251">
        <ele>1751.5</ele>
        <time>2026-05-04T03:52:10.2860000+00:00</time>
      </trkpt>
      <trkpt lat="46.7037" lon="7.52503">
        <ele>1752.44</ele>
        <time>2026-05-04T03:52:30.0000000+00:00</time>
      </trkpt>
      <trkpt lat="46.70369" lon="7.52497">
        <ele>1751.6</ele>
        <time>2026-05-04T03:52:38.9490000+00:00</time>
      </trkpt>
      <trkpt lat="46.70367" lon="7.52496">
        <ele>1751.8</ele>
        <time>2026-05-04T03:52:43.4190000+00:00</time>
      </trkpt>
      <trkpt lat="46.7036" lon="7.52489">
        <ele>1751.55</ele>
        <time>2026-05-04T03:53:01.3550000+00:00</time>
      </trkpt>
      <trkpt lat="46.70355" lon="7.5248">
        <ele>1751.38</ele>
        <time>2026-05-04T03:53:18.1400000+00:00</time>
      </trkpt>
      <trkpt lat="46.70352" lon="7.52472">
        <ele>1751.12</ele>
        <time>2026-05-04T03:53:31.3530000+00:00</time>
      </trkpt>
      <trkpt lat="46.70349" lon="7.52468">
        <ele>1751.82</ele>
        <time>2026-05-04T03:53:39.9450000+00:00</time>
      </trkpt>
      <trkpt lat="46.70343" lon="7.52466">
        <ele>1754.66</ele>
        <time>2026-05-04T03:53:52.9510000+00:00</time>
      </trkpt>
      <trkpt lat="46.7033" lon="7.52456">
        <ele>1759.4</ele>
        <time>2026-05-04T03:54:24.0110000+00:00</time>
      </trkpt>
      <trkpt lat="46.70328" lon="7.52453">
        <ele>1759.62</ele>
        <time>2026-05-04T03:54:30.0750000+00:00</time>
      </trkpt>
      <trkpt lat="46.70326" lon="7.52442">
        <ele>1757.51</ele>
        <time>2026-05-04T03:54:46.5670000+00:00</time>
      </trkpt>
      <trkpt lat="46.70322" lon="7.52433">
        <ele>1757.25</ele>
        <time>2026-05-04T03:55:02.1100000+00:00</time>
      </trkpt>
      <trkpt lat="46.7032" lon="7.52425">
        <ele>1756.18</ele>
        <time>2026-05-04T03:55:14.4480000+00:00</time>
      </trkpt>
      <trkpt lat="46.70322" lon="7.52417">
        <ele>1752.68</ele>
        <time>2026-05-04T03:55:26.7860000+00:00</time>
      </trkpt>
      <trkpt lat="46.70326" lon="7.5241">
        <ele>1748.14</ele>
        <time>2026-05-04T03:55:39.9910000+00:00</time>
      </trkpt>
      <trkpt lat="46.70327" lon="7.52404">
        <ele>1745.74</ele>
        <time>2026-05-04T03:55:48.9390000+00:00</time>
      </trkpt>
      <trkpt lat="46.70326" lon="7.52401">
        <ele>1745.51</ele>
        <time>2026-05-04T03:55:53.7740000+00:00</time>
      </trkpt>
      <trkpt lat="46.70322" lon="7.52398">
        <ele>1747.24</ele>
        <time>2026-05-04T03:56:03.2790000+00:00</time>
      </trkpt>
      <trkpt lat="46.70316" lon="7.52387">
        <ele>1748.13</ele>
        <time>2026-05-04T03:56:23.6480000+00:00</time>
      </trkpt>
      <trkpt lat="46.70312" lon="7.52383">
        <ele>1749.75</ele>
        <time>2026-05-04T03:56:33.8960000+00:00</time>
      </trkpt>
      <trkpt lat="46.70309" lon="7.52376">
        <ele>1749.94</ele>
        <time>2026-05-04T03:56:45.8580000+00:00</time>
      </trkpt>
      <trkpt lat="46.7031" lon="7.52368">
        <ele>1747.46</ele>
        <time>2026-05-04T03:56:57.6430000+00:00</time>
      </trkpt>
      <trkpt lat="46.70313" lon="7.52362">
        <ele>1744.15</ele>
        <time>2026-05-04T03:57:08.4030000+00:00</time>
      </trkpt>
      <trkpt lat="46.70313" lon="7.52358">
        <ele>1743.35</ele>
        <time>2026-05-04T03:57:14.1990000+00:00</time>
      </trkpt>
      <trkpt lat="46.70297" lon="7.5235">
        <ele>1753.2</ele>
        <time>2026-05-04T03:57:49.9420000+00:00</time>
      </trkpt>
      <trkpt lat="46.70291" lon="7.52337">
        <ele>1755.13</ele>
        <time>2026-05-04T03:58:12.6510000+00:00</time>
      </trkpt>
      <trkpt lat="46.70293" lon="7.5232">
        <ele>1750.55</ele>
        <time>2026-05-04T03:58:37.6460000+00:00</time>
      </trkpt>
      <trkpt lat="46.70289" lon="7.52304">
        <ele>1750.63</ele>
        <time>2026-05-04T03:59:02.3260000+00:00</time>
      </trkpt>
      <trkpt lat="46.70286" lon="7.523">
        <ele>1752.19</ele>
        <time>2026-05-04T03:59:10.9180000+00:00</time>
      </trkpt>
      <trkpt lat="46.70284" lon="7.52294">
        <ele>1752.65</ele>
        <time>2026-05-04T03:59:20.5860000+00:00</time>
      </trkpt>
      <trkpt lat="46.70282" lon="7.52284">
        <ele>1753.27</ele>
        <time>2026-05-04T03:59:35.6830000+00:00</time>
      </trkpt>
      <trkpt lat="46.70283" lon="7.52276">
        <ele>1752.25</ele>
        <time>2026-05-04T03:59:47.4660000+00:00</time>
      </trkpt>
      <trkpt lat="46.70285" lon="7.52266">
        <ele>1750.36</ele>
        <time>2026-05-04T04:00:02.5610000+00:00</time>
      </trkpt>
      <trkpt lat="46.70288" lon="7.52256">
        <ele>1747.63</ele>
        <time>2026-05-04T04:00:18.3780000+00:00</time>
      </trkpt>
      <trkpt lat="46.70288" lon="7.52249">
        <ele>1747.39</ele>
        <time>2026-05-04T04:00:28.5230000+00:00</time>
      </trkpt>
      <trkpt lat="46.70286" lon="7.52235">
        <ele>1748.52</ele>
        <time>2026-05-04T04:00:49.2470000+00:00</time>
      </trkpt>
      <trkpt lat="46.70283" lon="7.52224">
        <ele>1750.63</ele>
        <time>2026-05-04T04:01:06.4030000+00:00</time>
      </trkpt>
      <trkpt lat="46.7028" lon="7.52213">
        <ele>1752.79</ele>
        <time>2026-05-04T04:01:23.5570000+00:00</time>
      </trkpt>
      <trkpt lat="46.70275" lon="7.52201">
        <ele>1756.48</ele>
        <time>2026-05-04T04:01:43.9040000+00:00</time>
      </trkpt>
      <trkpt lat="46.70271" lon="7.5219">
        <ele>1758.63</ele>
        <time>2026-05-04T04:02:01.9470000+00:00</time>
      </trkpt>
      <trkpt lat="46.70266" lon="7.52175">
        <ele>1760.99</ele>
        <time>2026-05-04T04:02:26.1170000+00:00</time>
      </trkpt>
      <trkpt lat="46.70261" lon="7.52168">
        <ele>1763.77</ele>
        <time>2026-05-04T04:02:40.7640000+00:00</time>
      </trkpt>
      <trkpt lat="46.70256" lon="7.52161">
        <ele>1766.44</ele>
        <time>2026-05-04T04:02:55.4120000+00:00</time>
      </trkpt>
      <trkpt lat="46.70253" lon="7.52154">
        <ele>1767.72</ele>
        <time>2026-05-04T04:03:07.3730000+00:00</time>
      </trkpt>
      <trkpt lat="46.70249" lon="7.52136">
        <ele>1768.45</ele>
        <time>2026-05-04T04:03:34.7940000+00:00</time>
      </trkpt>
      <trkpt lat="46.70243" lon="7.5215">
        <ele>1773.65</ele>
        <time>2026-05-04T04:03:58.7180000+00:00</time>
      </trkpt>
      <trkpt lat="46.70238" lon="7.52169">
        <ele>1779.06</ele>
        <time>2026-05-04T04:04:28.2100000+00:00</time>
      </trkpt>
      <trkpt lat="46.70234" lon="7.52183">
        <ele>1783.45</ele>
        <time>2026-05-04T04:04:50.1890000+00:00</time>
      </trkpt>
      <trkpt lat="46.70231" lon="7.52196">
        <ele>1787.18</ele>
        <time>2026-05-04T04:05:10.0650000+00:00</time>
      </trkpt>
      <trkpt lat="46.70227" lon="7.52204">
        <ele>1791.08</ele>
        <time>2026-05-04T04:05:24.4140000+00:00</time>
      </trkpt>
      <trkpt lat="46.70221" lon="7.52212">
        <ele>1796.39</ele>
        <time>2026-05-04T04:05:41.5940000+00:00</time>
      </trkpt>
      <trkpt lat="46.70214" lon="7.52221">
        <ele>1802.67</ele>
        <time>2026-05-04T04:06:01.3140000+00:00</time>
      </trkpt>
      <trkpt lat="46.70208" lon="7.52225">
        <ele>1807.7</ele>
        <time>2026-05-04T04:06:15.2550000+00:00</time>
      </trkpt>
      <trkpt lat="46.702" lon="7.52228">
        <ele>1814.18</ele>
        <time>2026-05-04T04:06:32.7120000+00:00</time>
      </trkpt>
      <trkpt lat="46.70187" lon="7.52243">
        <ele>1822.25</ele>
        <time>2026-05-04T04:07:07.7420000+00:00</time>
      </trkpt>
      <trkpt lat="46.70166" lon="7.52268">
        <ele>1823.69</ele>
        <time>2026-05-04T04:08:05.0290000+00:00</time>
      </trkpt>
      <trkpt lat="46.70161" lon="7.52273">
        <ele>1824.14</ele>
        <time>2026-05-04T04:08:17.8400000+00:00</time>
      </trkpt>
      <trkpt lat="46.70153" lon="7.52287">
        <ele>1826.61</ele>
        <time>2026-05-04T04:08:44.2480000+00:00</time>
      </trkpt>
      <trkpt lat="46.70142" lon="7.5229">
        <ele>1826.32</ele>
        <time>2026-05-04T04:09:07.8960000+00:00</time>
      </trkpt>
      <trkpt lat="46.70133" lon="7.52291">
        <ele>1825.8</ele>
        <time>2026-05-04T04:09:26.9680000+00:00</time>
      </trkpt>
      <trkpt lat="46.70125" lon="7.52288">
        <ele>1824.06</ele>
        <time>2026-05-04T04:09:44.4230000+00:00</time>
      </trkpt>
      <trkpt lat="46.70117" lon="7.52286">
        <ele>1822.6</ele>
        <time>2026-05-04T04:10:01.5740000+00:00</time>
      </trkpt>
      <trkpt lat="46.7011" lon="7.52282">
        <ele>1820.5</ele>
        <time>2026-05-04T04:10:17.4610000+00:00</time>
      </trkpt>
      <trkpt lat="46.70106" lon="7.52281">
        <ele>1819.59</ele>
        <time>2026-05-04T04:10:26.0360000+00:00</time>
      </trkpt>
      <trkpt lat="46.70103" lon="7.52283">
        <ele>1819.8</ele>
        <time>2026-05-04T04:10:33.0070000+00:00</time>
      </trkpt>
      <trkpt lat="46.70098" lon="7.52285">
        <ele>1819.71</ele>
        <time>2026-05-04T04:10:43.9630000+00:00</time>
      </trkpt>
      <trkpt lat="46.70092" lon="7.52289">
        <ele>1820.19</ele>
        <time>2026-05-04T04:10:57.9040000+00:00</time>
      </trkpt>
      <trkpt lat="46.7009" lon="7.52291">
        <ele>1820.67</ele>
        <time>2026-05-04T04:11:03.0260000+00:00</time>
      </trkpt>
      <trkpt lat="46.70085" lon="7.52296">
        <ele>1821.96</ele>
        <time>2026-05-04T04:11:15.8380000+00:00</time>
      </trkpt>
      <trkpt lat="46.70081" lon="7.52309">
        <ele>1826.75</ele>
        <time>2026-05-04T04:11:36.4870000+00:00</time>
      </trkpt>
      <trkpt lat="46.70075" lon="7.52313">
        <ele>1827.52</ele>
        <time>2026-05-04T04:11:50.4300000+00:00</time>
      </trkpt>
      <trkpt lat="46.70069" lon="7.52315">
        <ele>1827.47</ele>
        <time>2026-05-04T04:12:03.4340000+00:00</time>
      </trkpt>
      <trkpt lat="46.70062" lon="7.52329">
        <ele>1832.33</ele>
        <time>2026-05-04T04:12:28.5440000+00:00</time>
      </trkpt>
      <trkpt lat="46.70058" lon="7.52341">
        <ele>1836.82</ele>
        <time>2026-05-04T04:12:47.8800000+00:00</time>
      </trkpt>
      <trkpt lat="46.70054" lon="7.52346">
        <ele>1838.38</ele>
        <time>2026-05-04T04:12:59.0130000+00:00</time>
      </trkpt>
      <trkpt lat="46.70049" lon="7.52349">
        <ele>1838.95</ele>
        <time>2026-05-04T04:13:10.4380000+00:00</time>
      </trkpt>
      <trkpt lat="46.70042" lon="7.52347">
        <ele>1837.13</ele>
        <time>2026-05-04T04:13:25.5110000+00:00</time>
      </trkpt>
      <trkpt lat="46.70032" lon="7.52342">
        <ele>1833.58</ele>
        <time>2026-05-04T04:13:47.8500000+00:00</time>
      </trkpt>
      <trkpt lat="46.70027" lon="7.52337">
        <ele>1830.71</ele>
        <time>2026-05-04T04:14:00.6620000+00:00</time>
      </trkpt>
      <trkpt lat="46.70015" lon="7.52338">
        <ele>1827.96</ele>
        <time>2026-05-04T04:14:26.0610000+00:00</time>
      </trkpt>
      <trkpt lat="46.70009" lon="7.52338">
        <ele>1826.22</ele>
        <time>2026-05-04T04:14:38.7390000+00:00</time>
      </trkpt>
      <trkpt lat="46.70005" lon="7.52342">
        <ele>1826.77</ele>
        <time>2026-05-04T04:14:48.9890000+00:00</time>
      </trkpt>
      <trkpt lat="46.69998" lon="7.52345">
        <ele>1826</ele>
        <time>2026-05-04T04:15:04.4080000+00:00</time>
      </trkpt>
      <trkpt lat="46.69993" lon="7.52347">
        <ele>1825.39</ele>
        <time>2026-05-04T04:15:15.3640000+00:00</time>
      </trkpt>
      <trkpt lat="46.69988" lon="7.52343">
        <ele>1822.24</ele>
        <time>2026-05-04T04:15:27.4150000+00:00</time>
      </trkpt>
      <trkpt lat="46.69983" lon="7.52341">
        <ele>1819.94</ele>
        <time>2026-05-04T04:15:38.3690000+00:00</time>
      </trkpt>
      <trkpt lat="46.69976" lon="7.52341">
        <ele>1817.9</ele>
        <time>2026-05-04T04:15:53.1590000+00:00</time>
      </trkpt>
      <trkpt lat="46.69972" lon="7.52341">
        <ele>1816.74</ele>
        <time>2026-05-04T04:16:01.6120000+00:00</time>
      </trkpt>
      <trkpt lat="46.69966" lon="7.52339">
        <ele>1814.16</ele>
        <time>2026-05-04T04:16:14.6170000+00:00</time>
      </trkpt>
      <trkpt lat="46.69956" lon="7.52338">
        <ele>1810.84</ele>
        <time>2026-05-04T04:16:35.7970000+00:00</time>
      </trkpt>
      <trkpt lat="46.69952" lon="7.52339">
        <ele>1810.09</ele>
        <time>2026-05-04T04:16:44.3700000+00:00</time>
      </trkpt>
      <trkpt lat="46.69948" lon="7.52345">
        <ele>1811.39</ele>
        <time>2026-05-04T04:16:56.4960000+00:00</time>
      </trkpt>
      <trkpt lat="46.69938" lon="7.52364">
        <ele>1814.96</ele>
        <time>2026-05-04T04:17:31.2060000+00:00</time>
      </trkpt>
      <trkpt lat="46.69935" lon="7.52376">
        <ele>1816.86</ele>
        <time>2026-05-04T04:17:49.7170000+00:00</time>
      </trkpt>
      <trkpt lat="46.69928" lon="7.52395">
        <ele>1813.97</ele>
        <time>2026-05-04T04:18:20.9750000+00:00</time>
      </trkpt>
      <trkpt lat="46.69921" lon="7.52419">
        <ele>1811.19</ele>
        <time>2026-05-04T04:18:58.7710000+00:00</time>
      </trkpt>
      <trkpt lat="46.69921" lon="7.52428">
        <ele>1811.94</ele>
        <time>2026-05-04T04:19:11.8140000+00:00</time>
      </trkpt>
      <trkpt lat="46.69924" lon="7.52442">
        <ele>1815.34</ele>
        <time>2026-05-04T04:19:33.0700000+00:00</time>
      </trkpt>
      <trkpt lat="46.69926" lon="7.52445">
        <ele>1817.09</ele>
        <time>2026-05-04T04:19:39.1350000+00:00</time>
      </trkpt>
      <trkpt lat="46.69927" lon="7.52459">
        <ele>1819.28</ele>
        <time>2026-05-04T04:19:59.5340000+00:00</time>
      </trkpt>
      <trkpt lat="46.69925" lon="7.5248">
        <ele>1821.06</ele>
        <time>2026-05-04T04:20:30.2600000+00:00</time>
      </trkpt>
      <trkpt lat="46.69922" lon="7.52495">
        <ele>1821.38</ele>
        <time>2026-05-04T04:20:52.9030000+00:00</time>
      </trkpt>
      <trkpt lat="46.69921" lon="7.52502">
        <ele>1821.87</ele>
        <time>2026-05-04T04:21:03.2640000+00:00</time>
      </trkpt>
      <trkpt lat="46.69918" lon="7.52509">
        <ele>1821.09</ele>
        <time>2026-05-04T04:21:15.2260000+00:00</time>
      </trkpt>
      <trkpt lat="46.6991" lon="7.52517">
        <ele>1817.46</ele>
        <time>2026-05-04T04:21:35.7250000+00:00</time>
      </trkpt>
      <trkpt lat="46.69899" lon="7.52529">
        <ele>1813.13</ele>
        <time>2026-05-04T04:22:04.7550000+00:00</time>
      </trkpt>
      <trkpt lat="46.69891" lon="7.52536">
        <ele>1809.95</ele>
        <time>2026-05-04T04:22:24.4710000+00:00</time>
      </trkpt>
      <trkpt lat="46.69883" lon="7.5254">
        <ele>1806.22</ele>
        <time>2026-05-04T04:22:42.3420000+00:00</time>
      </trkpt>
      <trkpt lat="46.69879" lon="7.52541">
        <ele>1804.06</ele>
        <time>2026-05-04T04:22:50.9170000+00:00</time>
      </trkpt>
      <trkpt lat="46.69873" lon="7.52541">
        <ele>1800.61</ele>
        <time>2026-05-04T04:23:03.5950000+00:00</time>
      </trkpt>
      <trkpt lat="46.69865" lon="7.5254">
        <ele>1795.85</ele>
        <time>2026-05-04T04:23:20.5610000+00:00</time>
      </trkpt>
      <trkpt lat="46.69857" lon="7.52542">
        <ele>1791.82</ele>
        <time>2026-05-04T04:23:37.7130000+00:00</time>
      </trkpt>
      <trkpt lat="46.6985" lon="7.52546">
        <ele>1789.58</ele>
        <time>2026-05-04T04:23:53.6010000+00:00</time>
      </trkpt>
      <trkpt lat="46.69845" lon="7.52554">
        <ele>1788.74</ele>
        <time>2026-05-04T04:24:09.2880000+00:00</time>
      </trkpt>
      <trkpt lat="46.69842" lon="7.52563">
        <ele>1788.84</ele>
        <time>2026-05-04T04:24:23.7910000+00:00</time>
      </trkpt>
      <trkpt lat="46.69839" lon="7.52569">
        <ele>1788.43</ele>
        <time>2026-05-04T04:24:34.5520000+00:00</time>
      </trkpt>
      <trkpt lat="46.69836" lon="7.52572">
        <ele>1787.55</ele>
        <time>2026-05-04T04:24:42.2410000+00:00</time>
      </trkpt>
      <trkpt lat="46.69827" lon="7.52575">
        <ele>1783.99</ele>
        <time>2026-05-04T04:25:01.7500000+00:00</time>
      </trkpt>
      <trkpt lat="46.69825" lon="7.5258">
        <ele>1783.78</ele>
        <time>2026-05-04T04:25:10.1390000+00:00</time>
      </trkpt>
      <trkpt lat="46.69816" lon="7.52588">
        <ele>1780.74</ele>
        <time>2026-05-04T04:25:32.4130000+00:00</time>
      </trkpt>
      <trkpt lat="46.69804" lon="7.52602">
        <ele>1776.83</ele>
        <time>2026-05-04T04:26:04.8880000+00:00</time>
      </trkpt>
      <trkpt lat="46.69787" lon="7.52621">
        <ele>1770.64</ele>
        <time>2026-05-04T04:26:50.1510000+00:00</time>
      </trkpt>
      <trkpt lat="46.69782" lon="7.52629">
        <ele>1768.39</ele>
        <time>2026-05-04T04:27:05.8360000+00:00</time>
      </trkpt>
      <trkpt lat="46.6977" lon="7.52641">
        <ele>1763.61</ele>
        <time>2026-05-04T04:27:36.5850000+00:00</time>
      </trkpt>
      <trkpt lat="46.69762" lon="7.52653">
        <ele>1761.3</ele>
        <time>2026-05-04T04:28:00.8390000+00:00</time>
      </trkpt>
      <trkpt lat="46.69754" lon="7.5266">
        <ele>1758.94</ele>
        <time>2026-05-04T04:28:20.5550000+00:00</time>
      </trkpt>
      <trkpt lat="46.69749" lon="7.52669">
        <ele>1757.55</ele>
        <time>2026-05-04T04:28:37.3420000+00:00</time>
      </trkpt>
      <trkpt lat="46.69746" lon="7.52684">
        <ele>1756.88</ele>
        <time>2026-05-04T04:28:59.9870000+00:00</time>
      </trkpt>
      <trkpt lat="46.69743" lon="7.52692">
        <ele>1756.1</ele>
        <time>2026-05-04T04:29:13.2000000+00:00</time>
      </trkpt>
      <trkpt lat="46.69745" lon="7.52702">
        <ele>1756.87</ele>
        <time>2026-05-04T04:29:28.2970000+00:00</time>
      </trkpt>
      <trkpt lat="46.69743" lon="7.52713">
        <ele>1757.7</ele>
        <time>2026-05-04T04:29:44.7910000+00:00</time>
      </trkpt>
      <trkpt lat="46.69738" lon="7.52712">
        <ele>1755.99</ele>
        <time>2026-05-04T04:29:55.4550000+00:00</time>
      </trkpt>
      <trkpt lat="46.69736" lon="7.5271">
        <ele>1754.99</ele>
        <time>2026-05-04T04:30:00.5770000+00:00</time>
      </trkpt>
      <trkpt lat="46.69727" lon="7.52712">
        <ele>1752.65</ele>
        <time>2026-05-04T04:30:19.8140000+00:00</time>
      </trkpt>
      <trkpt lat="46.69718" lon="7.52712">
        <ele>1749.91</ele>
        <time>2026-05-04T04:30:38.8320000+00:00</time>
      </trkpt>
      <trkpt lat="46.69708" lon="7.52711">
        <ele>1746.7</ele>
        <time>2026-05-04T04:31:00.0140000+00:00</time>
      </trkpt>
      <trkpt lat="46.69697" lon="7.52713">
        <ele>1743.71</ele>
        <time>2026-05-04T04:31:23.4380000+00:00</time>
      </trkpt>
      <trkpt lat="46.69678" lon="7.52726">
        <ele>1740.02</ele>
        <time>2026-05-04T04:32:07.7890000+00:00</time>
      </trkpt>
      <trkpt lat="46.69672" lon="7.52732">
        <ele>1739.02</ele>
        <time>2026-05-04T04:32:23.1640000+00:00</time>
      </trkpt>
      <trkpt lat="46.69668" lon="7.52738">
        <ele>1738.59</ele>
        <time>2026-05-04T04:32:35.2920000+00:00</time>
      </trkpt>
      <trkpt lat="46.69659" lon="7.52743">
        <ele>1736.32</ele>
        <time>2026-05-04T04:32:55.6440000+00:00</time>
      </trkpt>
      <trkpt lat="46.69667" lon="7.52752">
        <ele>1740.22</ele>
        <time>2026-05-04T04:33:16.9960000+00:00</time>
      </trkpt>
      <trkpt lat="46.69671" lon="7.52764">
        <ele>1743.31</ele>
        <time>2026-05-04T04:33:36.3330000+00:00</time>
      </trkpt>
      <trkpt lat="46.69671" lon="7.52774">
        <ele>1744.75</ele>
        <time>2026-05-04T04:33:50.8270000+00:00</time>
      </trkpt>
      <trkpt lat="46.69671" lon="7.52776">
        <ele>1745.04</ele>
        <time>2026-05-04T04:33:53.7240000+00:00</time>
      </trkpt>
      <trkpt lat="46.69675" lon="7.52781">
        <ele>1747.26</ele>
        <time>2026-05-04T04:34:04.8580000+00:00</time>
      </trkpt>
      <trkpt lat="46.69676" lon="7.52792">
        <ele>1749.38</ele>
        <time>2026-05-04T04:34:20.9400000+00:00</time>
      </trkpt>
      <trkpt lat="46.69668" lon="7.52814">
        <ele>1750.24</ele>
        <time>2026-05-04T04:34:57.0290000+00:00</time>
      </trkpt>
      <trkpt lat="46.69668" lon="7.52824">
        <ele>1752.04</ele>
        <time>2026-05-04T04:35:11.5230000+00:00</time>
      </trkpt>
      <trkpt lat="46.69662" lon="7.52848">
        <ele>1753.7</ele>
        <time>2026-05-04T04:35:48.5460000+00:00</time>
      </trkpt>
      <trkpt lat="46.69663" lon="7.52869">
        <ele>1757.82</ele>
        <time>2026-05-04T04:36:19.0540000+00:00</time>
      </trkpt>
      <trkpt lat="46.69665" lon="7.5288">
        <ele>1760.45</ele>
        <time>2026-05-04T04:36:35.5470000+00:00</time>
      </trkpt>
      <trkpt lat="46.69666" lon="7.52892">
        <ele>1762.65</ele>
        <time>2026-05-04T04:36:53.0670000+00:00</time>
      </trkpt>
      <trkpt lat="46.69668" lon="7.52896">
        <ele>1764.17</ele>
        <time>2026-05-04T04:37:00.2420000+00:00</time>
      </trkpt>
      <trkpt lat="46.69669" lon="7.52923">
        <ele>1768.53</ele>
        <time>2026-05-04T04:37:39.4310000+00:00</time>
      </trkpt>
      <trkpt lat="46.69666" lon="7.52929">
        <ele>1767.99</ele>
        <time>2026-05-04T04:37:50.1920000+00:00</time>
      </trkpt>
      <trkpt lat="46.69666" lon="7.52944">
        <ele>1770.15</ele>
        <time>2026-05-04T04:38:11.9310000+00:00</time>
      </trkpt>
      <trkpt lat="46.69665" lon="7.52952">
        <ele>1770.83</ele>
        <time>2026-05-04T04:38:23.7160000+00:00</time>
      </trkpt>
      <trkpt lat="46.69668" lon="7.52961">
        <ele>1773.55</ele>
        <time>2026-05-04T04:38:38.2200000+00:00</time>
      </trkpt>
      <trkpt lat="46.69666" lon="7.52966">
        <ele>1773.36</ele>
        <time>2026-05-04T04:38:46.6090000+00:00</time>
      </trkpt>
      <trkpt lat="46.69664" lon="7.52976">
        <ele>1773.9</ele>
        <time>2026-05-04T04:39:01.7060000+00:00</time>
      </trkpt>
      <trkpt lat="46.69662" lon="7.52981">
        <ele>1773.71</ele>
        <time>2026-05-04T04:39:10.0960000+00:00</time>
      </trkpt>
      <trkpt lat="46.6966" lon="7.52987">
        <ele>1773.68</ele>
        <time>2026-05-04T04:39:19.7650000+00:00</time>
      </trkpt>
      <trkpt lat="46.69658" lon="7.52997">
        <ele>1774.24</ele>
        <time>2026-05-04T04:39:34.8610000+00:00</time>
      </trkpt>
      <trkpt lat="46.69658" lon="7.53006">
        <ele>1775.58</ele>
        <time>2026-05-04T04:39:47.9050000+00:00</time>
      </trkpt>
      <trkpt lat="46.69653" lon="7.5303">
        <ele>1776.87</ele>
        <time>2026-05-04T04:40:24.2580000+00:00</time>
      </trkpt>
      <trkpt lat="46.6965" lon="7.53042">
        <ele>1777.14</ele>
        <time>2026-05-04T04:40:42.7680000+00:00</time>
      </trkpt>
      <trkpt lat="46.69649" lon="7.53056">
        <ele>1778.03</ele>
        <time>2026-05-04T04:41:03.1680000+00:00</time>
      </trkpt>
      <trkpt lat="46.69647" lon="7.53081">
        <ele>1779.52</ele>
        <time>2026-05-04T04:41:39.6460000+00:00</time>
      </trkpt>
      <trkpt lat="46.69648" lon="7.53086">
        <ele>1780.46</ele>
        <time>2026-05-04T04:41:47.1960000+00:00</time>
      </trkpt>
      <trkpt lat="46.69647" lon="7.53089">
        <ele>1780.29</ele>
        <time>2026-05-04T04:41:52.0300000+00:00</time>
      </trkpt>
      <trkpt lat="46.69647" lon="7.53097">
        <ele>1781.06</ele>
        <time>2026-05-04T04:42:03.6260000+00:00</time>
      </trkpt>
      <trkpt lat="46.69646" lon="7.53102">
        <ele>1781.08</ele>
        <time>2026-05-04T04:42:11.1750000+00:00</time>
      </trkpt>
      <trkpt lat="46.69647" lon="7.53124">
        <ele>1783.69</ele>
        <time>2026-05-04T04:42:43.1300000+00:00</time>
      </trkpt>
      <trkpt lat="46.69648" lon="7.53131">
        <ele>1784.96</ele>
        <time>2026-05-04T04:42:53.4940000+00:00</time>
      </trkpt>
      <trkpt lat="46.69648" lon="7.53141">
        <ele>1786.12</ele>
        <time>2026-05-04T04:43:07.9880000+00:00</time>
      </trkpt>
      <trkpt lat="46.6965" lon="7.53148">
        <ele>1787.8</ele>
        <time>2026-05-04T04:43:18.9770000+00:00</time>
      </trkpt>
      <trkpt lat="46.69655" lon="7.53154">
        <ele>1790.6</ele>
        <time>2026-05-04T04:43:32.6610000+00:00</time>
      </trkpt>
      <trkpt lat="46.69655" lon="7.5316">
        <ele>1791.26</ele>
        <time>2026-05-04T04:43:41.3580000+00:00</time>
      </trkpt>
      <trkpt lat="46.69655" lon="7.53165">
        <ele>1791.81</ele>
        <time>2026-05-04T04:43:48.6060000+00:00</time>
      </trkpt>
      <trkpt lat="46.69655" lon="7.5317">
        <ele>1792.35</ele>
        <time>2026-05-04T04:43:55.8550000+00:00</time>
      </trkpt>
      <trkpt lat="46.69658" lon="7.53177">
        <ele>1794.32</ele>
        <time>2026-05-04T04:44:07.8160000+00:00</time>
      </trkpt>
      <trkpt lat="46.69656" lon="7.53181">
        <ele>1793.95</ele>
        <time>2026-05-04T04:44:14.9880000+00:00</time>
      </trkpt>
      <trkpt lat="46.69658" lon="7.53186">
        <ele>1795.28</ele>
        <time>2026-05-04T04:44:23.3760000+00:00</time>
      </trkpt>
      <trkpt lat="46.69658" lon="7.53194">
        <ele>1796.13</ele>
        <time>2026-05-04T04:44:34.9710000+00:00</time>
      </trkpt>
      <trkpt lat="46.6966" lon="7.53203">
        <ele>1797.84</ele>
        <time>2026-05-04T04:44:48.6820000+00:00</time>
      </trkpt>
      <trkpt lat="46.69659" lon="7.53208">
        <ele>1797.95</ele>
        <time>2026-05-04T04:44:56.2320000+00:00</time>
      </trkpt>
      <trkpt lat="46.69659" lon="7.53221">
        <ele>1799.1</ele>
        <time>2026-05-04T04:45:15.0730000+00:00</time>
      </trkpt>
      <trkpt lat="46.69658" lon="7.53233">
        <ele>1799.83</ele>
        <time>2026-05-04T04:45:32.5930000+00:00</time>
      </trkpt>
      <trkpt lat="46.69659" lon="7.53238">
        <ele>1800.6</ele>
        <time>2026-05-04T04:45:40.1420000+00:00</time>
      </trkpt>
      <trkpt lat="46.69658" lon="7.53246">
        <ele>1800.99</ele>
        <time>2026-05-04T04:45:51.9290000+00:00</time>
      </trkpt>
      <trkpt lat="46.69655" lon="7.53255">
        <ele>1800.92</ele>
        <time>2026-05-04T04:46:06.4320000+00:00</time>
      </trkpt>
      <trkpt lat="46.69654" lon="7.53262">
        <ele>1801.3</ele>
        <time>2026-05-04T04:46:16.7940000+00:00</time>
      </trkpt>
      <trkpt lat="46.69654" lon="7.53273">
        <ele>1802.36</ele>
        <time>2026-05-04T04:46:32.7370000+00:00</time>
      </trkpt>
      <trkpt lat="46.69653" lon="7.53282">
        <ele>1802.97</ele>
        <time>2026-05-04T04:46:45.9500000+00:00</time>
      </trkpt>
      <trkpt lat="46.69655" lon="7.53287">
        <ele>1803.95</ele>
        <time>2026-05-04T04:46:54.3390000+00:00</time>
      </trkpt>
      <trkpt lat="46.69658" lon="7.53294">
        <ele>1804.07</ele>
        <time>2026-05-04T04:47:06.3010000+00:00</time>
      </trkpt>
      <trkpt lat="46.69657" lon="7.53299">
        <ele>1803.12</ele>
        <time>2026-05-04T04:47:13.8480000+00:00</time>
      </trkpt>
      <trkpt lat="46.69658" lon="7.53306">
        <ele>1802.22</ele>
        <time>2026-05-04T04:47:24.2100000+00:00</time>
      </trkpt>
      <trkpt lat="46.69661" lon="7.5331">
        <ele>1801.89</ele>
        <time>2026-05-04T04:47:32.8020000+00:00</time>
      </trkpt>
      <trkpt lat="46.69662" lon="7.53317">
        <ele>1800.72</ele>
        <time>2026-05-04T04:47:43.1660000+00:00</time>
      </trkpt>
      <trkpt lat="46.69664" lon="7.53323">
        <ele>1799.65</ele>
        <time>2026-05-04T04:47:52.8370000+00:00</time>
      </trkpt>
      <trkpt lat="46.69665" lon="7.5333">
        <ele>1798.24</ele>
        <time>2026-05-04T04:48:03.2010000+00:00</time>
      </trkpt>
      <trkpt lat="46.69668" lon="7.53337">
        <ele>1796.57</ele>
        <time>2026-05-04T04:48:15.1650000+00:00</time>
      </trkpt>
      <trkpt lat="46.6967" lon="7.53345">
        <ele>1794.52</ele>
        <time>2026-05-04T04:48:27.5060000+00:00</time>
      </trkpt>
      <trkpt lat="46.6967" lon="7.53357">
        <ele>1791.69</ele>
        <time>2026-05-04T04:48:44.8970000+00:00</time>
      </trkpt>
      <trkpt lat="46.69671" lon="7.53364">
        <ele>1789.77</ele>
        <time>2026-05-04T04:48:55.2580000+00:00</time>
      </trkpt>
      <trkpt lat="46.69674" lon="7.53372">
        <ele>1786.86</ele>
        <time>2026-05-04T04:49:08.4710000+00:00</time>
      </trkpt>
      <trkpt lat="46.69678" lon="7.53374">
        <ele>1784.84</ele>
        <time>2026-05-04T04:49:17.4090000+00:00</time>
      </trkpt>
      <trkpt lat="46.69682" lon="7.53386">
        <ele>1778.91</ele>
        <time>2026-05-04T04:49:36.7460000+00:00</time>
      </trkpt>
      <trkpt lat="46.69687" lon="7.53394">
        <ele>1773.95</ele>
        <time>2026-05-04T04:49:52.4320000+00:00</time>
      </trkpt>
      <trkpt lat="46.69683" lon="7.53397">
        <ele>1774.31</ele>
        <time>2026-05-04T04:50:01.9380000+00:00</time>
      </trkpt>
      <trkpt lat="46.69677" lon="7.53403">
        <ele>1774.39</ele>
        <time>2026-05-04T04:50:17.3120000+00:00</time>
      </trkpt>
      <trkpt lat="46.69672" lon="7.53411">
        <ele>1773.51</ele>
        <time>2026-05-04T04:50:32.9990000+00:00</time>
      </trkpt>
      <trkpt lat="46.69668" lon="7.53415">
        <ele>1773.79</ele>
        <time>2026-05-04T04:50:43.2490000+00:00</time>
      </trkpt>
      <trkpt lat="46.69669" lon="7.53419">
        <ele>1771.95</ele>
        <time>2026-05-04T04:50:49.4200000+00:00</time>
      </trkpt>
      <trkpt lat="46.69663" lon="7.53422">
        <ele>1773.57</ele>
        <time>2026-05-04T04:51:02.8240000+00:00</time>
      </trkpt>
      <trkpt lat="46.69657" lon="7.53422">
        <ele>1776.25</ele>
        <time>2026-05-04T04:51:15.5020000+00:00</time>
      </trkpt>
      <trkpt lat="46.69651" lon="7.53424">
        <ele>1778.31</ele>
        <time>2026-05-04T04:51:28.5070000+00:00</time>
      </trkpt>
      <trkpt lat="46.69644" lon="7.53425">
        <ele>1781.18</ele>
        <time>2026-05-04T04:51:43.3690000+00:00</time>
      </trkpt>
      <trkpt lat="46.69638" lon="7.53429">
        <ele>1782.8</ele>
        <time>2026-05-04T04:51:57.3100000+00:00</time>
      </trkpt>
      <trkpt lat="46.69632" lon="7.53429">
        <ele>1785.58</ele>
        <time>2026-05-04T04:52:09.9880000+00:00</time>
      </trkpt>
      <trkpt lat="46.69631" lon="7.53434">
        <ele>1784.75</ele>
        <time>2026-05-04T04:52:17.5370000+00:00</time>
      </trkpt>
      <trkpt lat="46.69632" lon="7.53439">
        <ele>1782.97</ele>
        <time>2026-05-04T04:52:25.0870000+00:00</time>
      </trkpt>
      <trkpt lat="46.69623" lon="7.53437">
        <ele>1787.84</ele>
        <time>2026-05-04T04:52:44.3240000+00:00</time>
      </trkpt>
      <trkpt lat="46.69618" lon="7.53434">
        <ele>1790.94</ele>
        <time>2026-05-04T04:52:55.7490000+00:00</time>
      </trkpt>
      <trkpt lat="46.69615" lon="7.53435">
        <ele>1792.14</ele>
        <time>2026-05-04T04:53:02.2490000+00:00</time>
      </trkpt>
      <trkpt lat="46.69608" lon="7.53436">
        <ele>1795.34</ele>
        <time>2026-05-04T04:53:17.1110000+00:00</time>
      </trkpt>
      <trkpt lat="46.69603" lon="7.53439">
        <ele>1797.6</ele>
        <time>2026-05-04T04:53:28.5350000+00:00</time>
      </trkpt>
      <trkpt lat="46.696" lon="7.53443">
        <ele>1798.61</ele>
        <time>2026-05-04T04:53:37.1270000+00:00</time>
      </trkpt>
      <trkpt lat="46.69597" lon="7.53443">
        <ele>1800.36</ele>
        <time>2026-05-04T04:53:43.4670000+00:00</time>
      </trkpt>
      <trkpt lat="46.69595" lon="7.53446">
        <ele>1801.05</ele>
        <time>2026-05-04T04:53:49.5320000+00:00</time>
      </trkpt>
      <trkpt lat="46.6959" lon="7.5344">
        <ele>1804.89</ele>
        <time>2026-05-04T04:54:03.2170000+00:00</time>
      </trkpt>
      <trkpt lat="46.69586" lon="7.53441">
        <ele>1807.06</ele>
        <time>2026-05-04T04:54:11.7940000+00:00</time>
      </trkpt>
      <trkpt lat="46.69583" lon="7.53453">
        <ele>1807.33</ele>
        <time>2026-05-04T04:54:30.3060000+00:00</time>
      </trkpt>
      <trkpt lat="46.69578" lon="7.53446">
        <ele>1811.16</ele>
        <time>2026-05-04T04:54:44.9540000+00:00</time>
      </trkpt>
      <trkpt lat="46.69572" lon="7.53446">
        <ele>1814.72</ele>
        <time>2026-05-04T04:54:57.6310000+00:00</time>
      </trkpt>
      <trkpt lat="46.6956" lon="7.53455">
        <ele>1821.41</ele>
        <time>2026-05-04T04:55:26.1470000+00:00</time>
      </trkpt>
      <trkpt lat="46.69557" lon="7.53451">
        <ele>1823.44</ele>
        <time>2026-05-04T04:55:34.7350000+00:00</time>
      </trkpt>
      <trkpt lat="46.69556" lon="7.53456">
        <ele>1823.68</ele>
        <time>2026-05-04T04:55:42.2870000+00:00</time>
      </trkpt>
      <trkpt lat="46.69555" lon="7.53459">
        <ele>1823.21</ele>
        <time>2026-05-04T04:55:47.1210000+00:00</time>
      </trkpt>
      <trkpt lat="46.69552" lon="7.53458">
        <ele>1825.46</ele>
        <time>2026-05-04T04:55:53.6230000+00:00</time>
      </trkpt>
      <trkpt lat="46.6955" lon="7.53456">
        <ele>1827.44</ele>
        <time>2026-05-04T04:55:58.7490000+00:00</time>
      </trkpt>
      <trkpt lat="46.69549" lon="7.53462">
        <ele>1825.92</ele>
        <time>2026-05-04T04:56:07.6990000+00:00</time>
      </trkpt>
      <trkpt lat="46.69546" lon="7.53459">
        <ele>1828.89</ele>
        <time>2026-05-04T04:56:15.3850000+00:00</time>
      </trkpt>
      <trkpt lat="46.69546" lon="7.53465">
        <ele>1826.78</ele>
        <time>2026-05-04T04:56:24.0780000+00:00</time>
      </trkpt>
      <trkpt lat="46.69542" lon="7.53467">
        <ele>1828.67</ele>
        <time>2026-05-04T04:56:33.0140000+00:00</time>
      </trkpt>
      <trkpt lat="46.69537" lon="7.53463">
        <ele>1833.23</ele>
        <time>2026-05-04T04:56:45.0650000+00:00</time>
      </trkpt>
      <trkpt lat="46.69535" lon="7.53465">
        <ele>1833.85</ele>
        <time>2026-05-04T04:56:50.1900000+00:00</time>
      </trkpt>
      <trkpt lat="46.69526" lon="7.53471">
        <ele>1837.75</ele>
        <time>2026-05-04T04:57:11.1030000+00:00</time>
      </trkpt>
      <trkpt lat="46.69522" lon="7.53474">
        <ele>1839.95</ele>
        <time>2026-05-04T04:57:20.6080000+00:00</time>
      </trkpt>
      <trkpt lat="46.69519" lon="7.53476">
        <ele>1841.8</ele>
        <time>2026-05-04T04:57:27.5770000+00:00</time>
      </trkpt>
      <trkpt lat="46.6952" lon="7.53482">
        <ele>1839.24</ele>
        <time>2026-05-04T04:57:36.5250000+00:00</time>
      </trkpt>
      <trkpt lat="46.69514" lon="7.53486">
        <ele>1843.22</ele>
        <time>2026-05-04T04:57:50.4670000+00:00</time>
      </trkpt>
      <trkpt lat="46.69511" lon="7.53487">
        <ele>1845.53</ele>
        <time>2026-05-04T04:57:56.9670000+00:00</time>
      </trkpt>
      <trkpt lat="46.69509" lon="7.53492">
        <ele>1846.02</ele>
        <time>2026-05-04T04:58:05.3560000+00:00</time>
      </trkpt>
      <trkpt lat="46.69508" lon="7.53498">
        <ele>1845.45</ele>
        <time>2026-05-04T04:58:14.3060000+00:00</time>
      </trkpt>
      <trkpt lat="46.69506" lon="7.53496">
        <ele>1847.72</ele>
        <time>2026-05-04T04:58:19.4340000+00:00</time>
      </trkpt>
      <trkpt lat="46.69504" lon="7.53493">
        <ele>1850.19</ele>
        <time>2026-05-04T04:58:25.4990000+00:00</time>
      </trkpt>
      <trkpt lat="46.69498" lon="7.5349">
        <ele>1856.11</ele>
        <time>2026-05-04T04:58:38.9030000+00:00</time>
      </trkpt>
      <trkpt lat="46.69498" lon="7.53495">
        <ele>1855.1</ele>
        <time>2026-05-04T04:58:46.1510000+00:00</time>
      </trkpt>
      <trkpt lat="46.69499" lon="7.535">
        <ele>1853.18</ele>
        <time>2026-05-04T04:58:53.6980000+00:00</time>
      </trkpt>
      <trkpt lat="46.69495" lon="7.53494">
        <ele>1857.96</ele>
        <time>2026-05-04T04:59:05.8250000+00:00</time>
      </trkpt>
      <trkpt lat="46.69492" lon="7.53488">
        <ele>1861.69</ele>
        <time>2026-05-04T04:59:16.5870000+00:00</time>
      </trkpt>
      <trkpt lat="46.69485" lon="7.53479">
        <ele>1869.08</ele>
        <time>2026-05-04T04:59:36.3090000+00:00</time>
      </trkpt>
      <trkpt lat="46.69486" lon="7.53485">
        <ele>1867.34</ele>
        <time>2026-05-04T04:59:45.2590000+00:00</time>
      </trkpt>
      <trkpt lat="46.69486" lon="7.53496">
        <ele>1865.65</ele>
        <time>2026-05-04T05:00:01.2010000+00:00</time>
      </trkpt>
      <trkpt lat="46.69486" lon="7.53509">
        <ele>1863.66</ele>
        <time>2026-05-04T05:00:20.0420000+00:00</time>
      </trkpt>
      <trkpt lat="46.69488" lon="7.53517">
        <ele>1860.47</ele>
        <time>2026-05-04T05:00:32.3810000+00:00</time>
      </trkpt>
      <trkpt lat="46.69489" lon="7.53522">
        <ele>1858.67</ele>
        <time>2026-05-04T05:00:39.9310000+00:00</time>
      </trkpt>
      <trkpt lat="46.69491" lon="7.53526">
        <ele>1855.97</ele>
        <time>2026-05-04T05:00:47.1040000+00:00</time>
      </trkpt>
      <trkpt lat="46.69493" lon="7.53531">
        <ele>1853.03</ele>
        <time>2026-05-04T05:00:55.4930000+00:00</time>
      </trkpt>
      <trkpt lat="46.69487" lon="7.53527">
        <ele>1859.88</ele>
        <time>2026-05-04T05:01:09.4350000+00:00</time>
      </trkpt>
      <trkpt lat="46.6948" lon="7.53523">
        <ele>1867.55</ele>
        <time>2026-05-04T05:01:25.3220000+00:00</time>
      </trkpt>
      <trkpt lat="46.69464" lon="7.53504">
        <ele>1884.86</ele>
        <time>2026-05-04T05:02:08.9270000+00:00</time>
      </trkpt>
      <trkpt lat="46.69459" lon="7.53501">
        <ele>1889.63</ele>
        <time>2026-05-04T05:02:20.3520000+00:00</time>
      </trkpt>
      <trkpt lat="46.69458" lon="7.53505">
        <ele>1890.39</ele>
        <time>2026-05-04T05:02:26.5200000+00:00</time>
      </trkpt>
      <trkpt lat="46.69459" lon="7.53515">
        <ele>1889.02</ele>
        <time>2026-05-04T05:02:41.1660000+00:00</time>
      </trkpt>
      <trkpt lat="46.69462" lon="7.53538">
        <ele>1884.8</ele>
        <time>2026-05-04T05:03:15.0990000+00:00</time>
      </trkpt>
      <trkpt lat="46.69465" lon="7.5355">
        <ele>1880.46</ele>
        <time>2026-05-04T05:03:33.6110000+00:00</time>
      </trkpt>
      <trkpt lat="46.69462" lon="7.53553">
        <ele>1883.27</ele>
        <time>2026-05-04T05:03:41.2990000+00:00</time>
      </trkpt>
      <trkpt lat="46.69446" lon="7.53542">
        <ele>1901.39</ele>
        <time>2026-05-04T05:04:18.6790000+00:00</time>
      </trkpt>
      <trkpt lat="46.69437" lon="7.53539">
        <ele>1913.98</ele>
        <time>2026-05-04T05:04:38.1890000+00:00</time>
      </trkpt>
      <trkpt lat="46.69426" lon="7.5353">
        <ele>1929.88</ele>
        <time>2026-05-04T05:05:04.8430000+00:00</time>
      </trkpt>
      <trkpt lat="46.69415" lon="7.53526">
        <ele>1945.37</ele>
        <time>2026-05-04T05:05:28.8000000+00:00</time>
      </trkpt>
      <trkpt lat="46.69409" lon="7.53524">
        <ele>1953.58</ele>
        <time>2026-05-04T05:05:41.8060000+00:00</time>
      </trkpt>
      <trkpt lat="46.69403" lon="7.53519">
        <ele>1960.61</ele>
        <time>2026-05-04T05:05:56.4090000+00:00</time>
      </trkpt>
      <trkpt lat="46.694" lon="7.53521">
        <ele>1965.54</ele>
        <time>2026-05-04T05:06:03.3800000+00:00</time>
      </trkpt>
      <trkpt lat="46.69396" lon="7.53513">
        <ele>1968.17</ele>
        <time>2026-05-04T05:06:17.7300000+00:00</time>
      </trkpt>
      <trkpt lat="46.69392" lon="7.53502">
        <ele>1969.05</ele>
        <time>2026-05-04T05:06:35.7750000+00:00</time>
      </trkpt>
      <trkpt lat="46.69386" lon="7.53492">
        <ele>1972.09</ele>
        <time>2026-05-04T05:06:55.0310000+00:00</time>
      </trkpt>
      <trkpt lat="46.69381" lon="7.53484">
        <ele>1974.08</ele>
        <time>2026-05-04T05:07:10.7170000+00:00</time>
      </trkpt>
      <trkpt lat="46.69374" lon="7.53477">
        <ele>1978.14</ele>
        <time>2026-05-04T05:07:28.6540000+00:00</time>
      </trkpt>
      <trkpt lat="46.69364" lon="7.5347">
        <ele>1984.52</ele>
        <time>2026-05-04T05:07:52.0940000+00:00</time>
      </trkpt>
      <trkpt lat="46.69353" lon="7.53456">
        <ele>1987.61</ele>
        <time>2026-05-04T05:08:22.9490000+00:00</time>
      </trkpt>
      <trkpt lat="46.69345" lon="7.53446">
        <ele>1993.29</ele>
        <time>2026-05-04T05:08:45.2170000+00:00</time>
      </trkpt>
      <trkpt lat="46.69336" lon="7.53433">
        <ele>1998.6</ele>
        <time>2026-05-04T05:09:11.9890000+00:00</time>
      </trkpt>
      <trkpt lat="46.69323" lon="7.53416">
        <ele>2006.01</ele>
        <time>2026-05-04T05:09:48.8910000+00:00</time>
      </trkpt>
      <trkpt lat="46.69314" lon="7.53398">
        <ele>2007.42</ele>
        <time>2026-05-04T05:10:21.1770000+00:00</time>
      </trkpt>
      <trkpt lat="46.69311" lon="7.53393">
        <ele>2008.2</ele>
        <time>2026-05-04T05:10:30.8050000+00:00</time>
      </trkpt>
      <trkpt lat="46.69309" lon="7.53387">
        <ele>2007.34</ele>
        <time>2026-05-04T05:10:40.4730000+00:00</time>
      </trkpt>
      <trkpt lat="46.69306" lon="7.53385">
        <ele>2009.5</ele>
        <time>2026-05-04T05:10:47.4420000+00:00</time>
      </trkpt>
      <trkpt lat="46.69304" lon="7.5339">
        <ele>2014.18</ele>
        <time>2026-05-04T05:10:55.8310000+00:00</time>
      </trkpt>
      <trkpt lat="46.693" lon="7.53393">
        <ele>2020.02</ele>
        <time>2026-05-04T05:11:05.3360000+00:00</time>
      </trkpt>
      <trkpt lat="46.69295" lon="7.53396">
        <ele>2027.01</ele>
        <time>2026-05-04T05:11:16.7610000+00:00</time>
      </trkpt>
      <trkpt lat="46.69293" lon="7.53401">
        <ele>2031.89</ele>
        <time>2026-05-04T05:11:25.1480000+00:00</time>
      </trkpt>
      <trkpt lat="46.6929" lon="7.53413">
        <ele>2041.79</ele>
        <time>2026-05-04T05:11:43.6590000+00:00</time>
      </trkpt>
      <trkpt lat="46.69289" lon="7.53423">
        <ele>2048.46</ele>
        <time>2026-05-04T05:11:58.3070000+00:00</time>
      </trkpt>
      <trkpt lat="46.69291" lon="7.53432">
        <ele>2051.09</ele>
        <time>2026-05-04T05:12:12.0200000+00:00</time>
      </trkpt>
      <trkpt lat="46.69291" lon="7.53438">
        <ele>2054.38</ele>
        <time>2026-05-04T05:12:20.7170000+00:00</time>
      </trkpt>
      <trkpt lat="46.69292" lon="7.53442">
        <ele>2055.37</ele>
        <time>2026-05-04T05:12:26.8880000+00:00</time>
      </trkpt>
      <trkpt lat="46.69292" lon="7.53452">
        <ele>2060.83</ele>
        <time>2026-05-04T05:12:41.3820000+00:00</time>
      </trkpt>
      <trkpt lat="46.69291" lon="7.53455">
        <ele>2063.71</ele>
        <time>2026-05-04T05:12:46.2160000+00:00</time>
      </trkpt>
      <trkpt lat="46.69294" lon="7.53455">
        <ele>2060</ele>
        <time>2026-05-04T05:12:52.5540000+00:00</time>
      </trkpt>
      <trkpt lat="46.69295" lon="7.53459">
        <ele>2060.51</ele>
        <time>2026-05-04T05:12:58.7200000+00:00</time>
      </trkpt>
      <trkpt lat="46.69293" lon="7.53465">
        <ele>2065.45</ele>
        <time>2026-05-04T05:13:08.3870000+00:00</time>
      </trkpt>
      <trkpt lat="46.69292" lon="7.53472">
        <ele>2069.54</ele>
        <time>2026-05-04T05:13:18.7510000+00:00</time>
      </trkpt>
      <trkpt lat="46.6929" lon="7.53476">
        <ele>2073.5</ele>
        <time>2026-05-04T05:13:25.9220000+00:00</time>
      </trkpt>
      <trkpt lat="46.69288" lon="7.53482">
        <ele>2078.19</ele>
        <time>2026-05-04T05:13:35.5890000+00:00</time>
      </trkpt>
      <trkpt lat="46.69285" lon="7.53488">
        <ele>2083.9</ele>
        <time>2026-05-04T05:13:46.3500000+00:00</time>
      </trkpt>
      <trkpt lat="46.69285" lon="7.53502">
        <ele>2089.29</ele>
        <time>2026-05-04T05:14:06.6420000+00:00</time>
      </trkpt>
      <trkpt lat="46.69286" lon="7.53507">
        <ele>2090.18</ele>
        <time>2026-05-04T05:14:14.1910000+00:00</time>
      </trkpt>
      <trkpt lat="46.69287" lon="7.53519">
        <ele>2093.86</ele>
        <time>2026-05-04T05:14:31.7130000+00:00</time>
      </trkpt>
      <trkpt lat="46.69286" lon="7.53525">
        <ele>2097.18</ele>
        <time>2026-05-04T05:14:40.6630000+00:00</time>
      </trkpt>
      <trkpt lat="46.69284" lon="7.5353">
        <ele>2101.01</ele>
        <time>2026-05-04T05:14:49.0520000+00:00</time>
      </trkpt>
      <trkpt lat="46.69285" lon="7.53535">
        <ele>2101.99</ele>
        <time>2026-05-04T05:14:56.5990000+00:00</time>
      </trkpt>
      <trkpt lat="46.69287" lon="7.53534">
        <ele>2099.75</ele>
        <time>2026-05-04T05:15:01.0690000+00:00</time>
      </trkpt>
      <trkpt lat="46.69287" lon="7.5353">
        <ele>2098.17</ele>
        <time>2026-05-04T05:15:06.8650000+00:00</time>
      </trkpt>
      <trkpt lat="46.6929" lon="7.53531">
        <ele>2095.74</ele>
        <time>2026-05-04T05:15:13.3650000+00:00</time>
      </trkpt>
      <trkpt lat="46.69291" lon="7.53536">
        <ele>2096.84</ele>
        <time>2026-05-04T05:15:20.9140000+00:00</time>
      </trkpt>
      <trkpt lat="46.69289" lon="7.53542">
        <ele>2100.49</ele>
        <time>2026-05-04T05:15:30.5830000+00:00</time>
      </trkpt>
      <trkpt lat="46.69289" lon="7.53548">
        <ele>2101.81</ele>
        <time>2026-05-04T05:15:39.2800000+00:00</time>
      </trkpt>
      <trkpt lat="46.6929" lon="7.53554">
        <ele>2102.3</ele>
        <time>2026-05-04T05:15:48.2290000+00:00</time>
      </trkpt>
      <trkpt lat="46.69289" lon="7.53558">
        <ele>2104</ele>
        <time>2026-05-04T05:15:54.4000000+00:00</time>
      </trkpt>
      <trkpt lat="46.69289" lon="7.5357">
        <ele>2106.64</ele>
        <time>2026-05-04T05:16:11.7920000+00:00</time>
      </trkpt>
      <trkpt lat="46.69289" lon="7.53578">
        <ele>2108.39</ele>
        <time>2026-05-04T05:16:23.3870000+00:00</time>
      </trkpt>
      <trkpt lat="46.69291" lon="7.5359">
        <ele>2109.78</ele>
        <time>2026-05-04T05:16:41.2860000+00:00</time>
      </trkpt>
      <trkpt lat="46.69294" lon="7.53595">
        <ele>2109.14</ele>
        <time>2026-05-04T05:16:50.9140000+00:00</time>
      </trkpt>
      <trkpt lat="46.69294" lon="7.53602">
        <ele>2110.88</ele>
        <time>2026-05-04T05:17:01.0590000+00:00</time>
      </trkpt>
      <trkpt lat="46.69292" lon="7.53608">
        <ele>2113.41</ele>
        <time>2026-05-04T05:17:10.7280000+00:00</time>
      </trkpt>
      <trkpt lat="46.69291" lon="7.53615">
        <ele>2115.55</ele>
        <time>2026-05-04T05:17:21.0910000+00:00</time>
      </trkpt>
      <trkpt lat="46.69292" lon="7.5362">
        <ele>2116.25</ele>
        <time>2026-05-04T05:17:28.6390000+00:00</time>
      </trkpt>
      <trkpt lat="46.69294" lon="7.53627">
        <ele>2116.37</ele>
        <time>2026-05-04T05:17:39.6280000+00:00</time>
      </trkpt>
      <trkpt lat="46.69293" lon="7.53633">
        <ele>2117.43</ele>
        <time>2026-05-04T05:17:48.5760000+00:00</time>
      </trkpt>
      <trkpt lat="46.69292" lon="7.53642">
        <ele>2118.77</ele>
        <time>2026-05-04T05:18:01.7910000+00:00</time>
      </trkpt>
      <trkpt lat="46.69291" lon="7.53654">
        <ele>2120.36</ele>
        <time>2026-05-04T05:18:19.3110000+00:00</time>
      </trkpt>
      <trkpt lat="46.69291" lon="7.53668">
        <ele>2121.76</ele>
        <time>2026-05-04T05:18:39.6030000+00:00</time>
      </trkpt>
      <trkpt lat="46.69292" lon="7.53677">
        <ele>2122.36</ele>
        <time>2026-05-04T05:18:52.8170000+00:00</time>
      </trkpt>
      <trkpt lat="46.69292" lon="7.5369">
        <ele>2123.69</ele>
        <time>2026-05-04T05:19:11.6600000+00:00</time>
      </trkpt>
      <trkpt lat="46.69293" lon="7.53699">
        <ele>2124.37</ele>
        <time>2026-05-04T05:19:24.8740000+00:00</time>
      </trkpt>
      <trkpt lat="46.69292" lon="7.53706">
        <ele>2125.19</ele>
        <time>2026-05-04T05:19:35.2380000+00:00</time>
      </trkpt>
      <trkpt lat="46.69292" lon="7.53716">
        <ele>2124.28</ele>
        <time>2026-05-04T05:19:49.7320000+00:00</time>
      </trkpt>
      <trkpt lat="46.69294" lon="7.53725">
        <ele>2123.01</ele>
        <time>2026-05-04T05:20:03.4440000+00:00</time>
      </trkpt>
      <trkpt lat="46.69295" lon="7.53731">
        <ele>2122.24</ele>
        <time>2026-05-04T05:20:12.3920000+00:00</time>
      </trkpt>
      <trkpt lat="46.69296" lon="7.53733">
        <ele>2121.84</ele>
        <time>2026-05-04T05:20:15.9780000+00:00</time>
      </trkpt>
      <trkpt lat="46.69297" lon="7.5373">
        <ele>2121.89</ele>
        <time>2026-05-04T05:20:20.8120000+00:00</time>
      </trkpt>
      <trkpt lat="46.69298" lon="7.53728">
        <ele>2121.85</ele>
        <time>2026-05-04T05:20:24.4020000+00:00</time>
      </trkpt>
      <trkpt lat="46.693" lon="7.53734">
        <ele>2120.87</ele>
        <time>2026-05-04T05:20:34.0710000+00:00</time>
      </trkpt>
      <trkpt lat="46.69302" lon="7.53744">
        <ele>2119.55</ele>
        <time>2026-05-04T05:20:49.1670000+00:00</time>
      </trkpt>
      <trkpt lat="46.69305" lon="7.5375">
        <ele>2118.37</ele>
        <time>2026-05-04T05:20:59.9290000+00:00</time>
      </trkpt>
      <trkpt lat="46.69308" lon="7.5376">
        <ele>2116.86</ele>
        <time>2026-05-04T05:21:15.7490000+00:00</time>
      </trkpt>
      <trkpt lat="46.69311" lon="7.53762">
        <ele>2116.05</ele>
        <time>2026-05-04T05:21:22.7220000+00:00</time>
      </trkpt>
      <trkpt lat="46.69311" lon="7.53767">
        <ele>2115.62</ele>
        <time>2026-05-04T05:21:29.9700000+00:00</time>
      </trkpt>
      <trkpt lat="46.69314" lon="7.53771">
        <ele>2114.65</ele>
        <time>2026-05-04T05:21:38.5600000+00:00</time>
      </trkpt>
      <trkpt lat="46.69315" lon="7.53778">
        <ele>2113.85</ele>
        <time>2026-05-04T05:21:48.9210000+00:00</time>
      </trkpt>
      <trkpt lat="46.69315" lon="7.53784">
        <ele>2113.34</ele>
        <time>2026-05-04T05:21:57.6180000+00:00</time>
      </trkpt>
      <trkpt lat="46.69317" lon="7.53785">
        <ele>2112.84</ele>
        <time>2026-05-04T05:22:02.0850000+00:00</time>
      </trkpt>
      <trkpt lat="46.69318" lon="7.53784">
        <ele>2112.72</ele>
        <time>2026-05-04T05:22:04.6490000+00:00</time>
      </trkpt>
      <trkpt lat="46.69318" lon="7.5378">
        <ele>2113.06</ele>
        <time>2026-05-04T05:22:10.4510000+00:00</time>
      </trkpt>
      <trkpt lat="46.69319" lon="7.53776">
        <ele>2113.19</ele>
        <time>2026-05-04T05:22:16.6220000+00:00</time>
      </trkpt>
      <trkpt lat="46.69321" lon="7.53763">
        <ele>2113.85</ele>
        <time>2026-05-04T05:22:35.9320000+00:00</time>
      </trkpt>
      <trkpt lat="46.69322" lon="7.53757">
        <ele>2114.13</ele>
        <time>2026-05-04T05:22:44.8800000+00:00</time>
      </trkpt>
      <trkpt lat="46.69324" lon="7.53752">
        <ele>2114.12</ele>
        <time>2026-05-04T05:22:53.2710000+00:00</time>
      </trkpt>
      <trkpt lat="46.69324" lon="7.53747">
        <ele>2114.53</ele>
        <time>2026-05-04T05:23:00.5190000+00:00</time>
      </trkpt>
      <trkpt lat="46.69325" lon="7.53742">
        <ele>2114.72</ele>
        <time>2026-05-04T05:23:08.0680000+00:00</time>
      </trkpt>
      <trkpt lat="46.69326" lon="7.53735">
        <ele>2115.07</ele>
        <time>2026-05-04T05:23:18.4320000+00:00</time>
      </trkpt>
      <trkpt lat="46.69329" lon="7.5373">
        <ele>2114.82</ele>
        <time>2026-05-04T05:23:28.0620000+00:00</time>
      </trkpt>
      <trkpt lat="46.69331" lon="7.5374">
        <ele>2113.58</ele>
        <time>2026-05-04T05:23:43.1590000+00:00</time>
      </trkpt>
      <trkpt lat="46.69334" lon="7.53727">
        <ele>2113.95</ele>
        <time>2026-05-04T05:24:03.0390000+00:00</time>
      </trkpt>
      <trkpt lat="46.69335" lon="7.53724">
        <ele>2113.97</ele>
        <time>2026-05-04T05:24:07.8760000+00:00</time>
      </trkpt>
      <trkpt lat="46.69336" lon="7.53724">
        <ele>2113.74</ele>
        <time>2026-05-04T05:24:09.9960000+00:00</time>
      </trkpt>
      <trkpt lat="46.69339" lon="7.53741">
        <ele>2111.75</ele>
        <time>2026-05-04T05:24:35.4380000+00:00</time>
      </trkpt>
      <trkpt lat="46.6934" lon="7.53746">
        <ele>2111.15</ele>
        <time>2026-05-04T05:24:42.9870000+00:00</time>
      </trkpt>
      <trkpt lat="46.69342" lon="7.53742">
        <ele>2111.02</ele>
        <time>2026-05-04T05:24:50.1630000+00:00</time>
      </trkpt>
      <trkpt lat="46.69342" lon="7.53742">
        <ele>2111.02</ele>
        <time>2026-05-04T05:24:50.1630000+00:00</time>
      </trkpt>
      <trkpt lat="46.69343" lon="7.53741">
        <ele>2110.88</ele>
        <time>2026-05-04T05:24:52.7270000+00:00</time>
      </trkpt>
      <trkpt lat="46.69344" lon="7.53742">
        <ele>2110.59</ele>
        <time>2026-05-04T05:24:55.2910000+00:00</time>
      </trkpt>
      <trkpt lat="46.69345" lon="7.53749">
        <ele>2109.84</ele>
        <time>2026-05-04T05:25:05.6550000+00:00</time>
      </trkpt>
      <trkpt lat="46.69345" lon="7.5376">
        <ele>2109</ele>
        <time>2026-05-04T05:25:21.5990000+00:00</time>
      </trkpt>
      <trkpt lat="46.69346" lon="7.53765">
        <ele>2108.41</ele>
        <time>2026-05-04T05:25:29.1490000+00:00</time>
      </trkpt>
      <trkpt lat="46.69348" lon="7.53769">
        <ele>2107.69</ele>
        <time>2026-05-04T05:25:36.3220000+00:00</time>
      </trkpt>
      <trkpt lat="46.6935" lon="7.53765">
        <ele>2107.56</ele>
        <time>2026-05-04T05:25:43.4930000+00:00</time>
      </trkpt>
      <trkpt lat="46.69356" lon="7.53777">
        <ele>2105.42</ele>
        <time>2026-05-04T05:26:05.0160000+00:00</time>
      </trkpt>
      <trkpt lat="46.69359" lon="7.53764">
        <ele>2105.34</ele>
        <time>2026-05-04T05:26:24.8960000+00:00</time>
      </trkpt>
      <trkpt lat="46.69359" lon="7.53758">
        <ele>2105.77</ele>
        <time>2026-05-04T05:26:33.5940000+00:00</time>
      </trkpt>
      <trkpt lat="46.69364" lon="7.5377">
        <ele>2088.53</ele>
        <time>2026-05-04T05:26:53.9440000+00:00</time>
      </trkpt>
      <trkpt lat="46.69368" lon="7.5378">
        <ele>2074.15</ele>
        <time>2026-05-04T05:27:10.7230000+00:00</time>
      </trkpt>
      <trkpt lat="46.6937" lon="7.53779">
        <ele>2067.62</ele>
        <time>2026-05-04T05:27:15.1930000+00:00</time>
      </trkpt>
      <trkpt lat="46.6937" lon="7.5377">
        <ele>2068.88</ele>
        <time>2026-05-04T05:27:28.2380000+00:00</time>
      </trkpt>
      <trkpt lat="46.69372" lon="7.53772">
        <ele>2062.03</ele>
        <time>2026-05-04T05:27:33.3660000+00:00</time>
      </trkpt>
      <trkpt lat="46.69374" lon="7.53778">
        <ele>2054.47</ele>
        <time>2026-05-04T05:27:43.0350000+00:00</time>
      </trkpt>
      <trkpt lat="46.69374" lon="7.53786">
        <ele>2053.16</ele>
        <time>2026-05-04T05:27:54.6290000+00:00</time>
      </trkpt>
      <trkpt lat="46.69374" lon="7.5379">
        <ele>2052.04</ele>
        <time>2026-05-04T05:28:00.4250000+00:00</time>
      </trkpt>
      <trkpt lat="46.69375" lon="7.53794">
        <ele>2046.74</ele>
        <time>2026-05-04T05:28:06.5910000+00:00</time>
      </trkpt>
      <trkpt lat="46.69377" lon="7.53793">
        <ele>2040.44</ele>
        <time>2026-05-04T05:28:11.0610000+00:00</time>
      </trkpt>
      <trkpt lat="46.69379" lon="7.53788">
        <ele>2035.91</ele>
        <time>2026-05-04T05:28:19.4520000+00:00</time>
      </trkpt>
      <trkpt lat="46.69381" lon="7.53782">
        <ele>2030.38</ele>
        <time>2026-05-04T05:28:29.1210000+00:00</time>
      </trkpt>
      <trkpt lat="46.69383" lon="7.5378">
        <ele>2024.13</ele>
        <time>2026-05-04T05:28:34.2460000+00:00</time>
      </trkpt>
      <trkpt lat="46.69384" lon="7.53776">
        <ele>2021.69</ele>
        <time>2026-05-04T05:28:40.4170000+00:00</time>
      </trkpt>
      <trkpt lat="46.69385" lon="7.5378">
        <ele>2017.45</ele>
        <time>2026-05-04T05:28:46.5880000+00:00</time>
      </trkpt>
      <trkpt lat="46.69387" lon="7.53792">
        <ele>2007.03</ele>
        <time>2026-05-04T05:29:04.4860000+00:00</time>
      </trkpt>
      <trkpt lat="46.69387" lon="7.538">
        <ele>2003.15</ele>
        <time>2026-05-04T05:29:16.0800000+00:00</time>
      </trkpt>
      <trkpt lat="46.6939" lon="7.53792">
        <ele>1996.86</ele>
        <time>2026-05-04T05:29:29.2950000+00:00</time>
      </trkpt>
      <trkpt lat="46.69392" lon="7.53786">
        <ele>1992.47</ele>
        <time>2026-05-04T05:29:38.9640000+00:00</time>
      </trkpt>
      <trkpt lat="46.69394" lon="7.53778">
        <ele>1988.01</ele>
        <time>2026-05-04T05:29:51.3050000+00:00</time>
      </trkpt>
      <trkpt lat="46.69394" lon="7.53772">
        <ele>1989.72</ele>
        <time>2026-05-04T05:30:00.0000000+00:00</time>
      </trkpt>
      <trkpt lat="46.69394" lon="7.53772">
        <ele>1989.72</ele>
        <time>2026-05-04T05:30:00.0000000+00:00</time>
      </trkpt>
    </trkseg>
  </trk>
</gpx>