<?xml version="1.0" encoding="utf-8"?>
<gpx xmlns:xsd="http://www.w3.org/2001/XMLSchema" xmlns:xsi="http://www.w3.org/2001/XMLSchema-instance" creator="eT4 META" version="1.1" xsi:schemaLocation="http://www.topografix.com/GPX/1/1 http://www.topografix.com/GPX/1/1/gpx.xsd" xmlns="http://www.topografix.com/GPX/1/1">
  <trk>
    <name>Vers la montagne des montagnes (Niesen)</name>
    <trkseg>
      <trkpt lat="46.66004" lon="7.57913">
        <ele>668.05</ele>
        <time>2026-05-04T00:00:00.0000000+00:00</time>
      </trkpt>
      <trkpt lat="46.66001" lon="7.57899">
        <ele>668.02</ele>
        <time>2026-05-04T00:00:18.2920000+00:00</time>
      </trkpt>
      <trkpt lat="46.65999" lon="7.57886">
        <ele>667.9</ele>
        <time>2026-05-04T00:00:34.9080000+00:00</time>
      </trkpt>
      <trkpt lat="46.66" lon="7.57873">
        <ele>667.49</ele>
        <time>2026-05-04T00:00:51.2240000+00:00</time>
      </trkpt>
      <trkpt lat="46.65994" lon="7.57856">
        <ele>667.67</ele>
        <time>2026-05-04T00:01:15.0660000+00:00</time>
      </trkpt>
      <trkpt lat="46.6599" lon="7.57843">
        <ele>667.77</ele>
        <time>2026-05-04T00:01:32.8340000+00:00</time>
      </trkpt>
      <trkpt lat="46.65986" lon="7.57826">
        <ele>667.79</ele>
        <time>2026-05-04T00:01:55.2470000+00:00</time>
      </trkpt>
      <trkpt lat="46.65985" lon="7.57813">
        <ele>667.63</ele>
        <time>2026-05-04T00:02:11.5620000+00:00</time>
      </trkpt>
      <trkpt lat="46.65985" lon="7.578">
        <ele>667.39</ele>
        <time>2026-05-04T00:02:27.7750000+00:00</time>
      </trkpt>
      <trkpt lat="46.65985" lon="7.57796">
        <ele>667.32</ele>
        <time>2026-05-04T00:02:32.7640000+00:00</time>
      </trkpt>
      <trkpt lat="46.65985" lon="7.5778">
        <ele>667.12</ele>
        <time>2026-05-04T00:02:52.7180000+00:00</time>
      </trkpt>
      <trkpt lat="46.65984" lon="7.57758">
        <ele>667.17</ele>
        <time>2026-05-04T00:03:20.2160000+00:00</time>
      </trkpt>
      <trkpt lat="46.65986" lon="7.57744">
        <ele>667.04</ele>
        <time>2026-05-04T00:03:38.0520000+00:00</time>
      </trkpt>
      <trkpt lat="46.65988" lon="7.57734">
        <ele>666.92</ele>
        <time>2026-05-04T00:03:51.0420000+00:00</time>
      </trkpt>
      <trkpt lat="46.65967" lon="7.57721">
        <ele>668.05</ele>
        <time>2026-05-04T00:04:32.5050000+00:00</time>
      </trkpt>
      <trkpt lat="46.65944" lon="7.57708">
        <ele>669.11</ele>
        <time>2026-05-04T00:05:17.3350000+00:00</time>
      </trkpt>
      <trkpt lat="46.65919" lon="7.57694">
        <ele>669.84</ele>
        <time>2026-05-04T00:06:06.0050000+00:00</time>
      </trkpt>
      <trkpt lat="46.65898" lon="7.57683">
        <ele>670.47</ele>
        <time>2026-05-04T00:06:46.5570000+00:00</time>
      </trkpt>
      <trkpt lat="46.65891" lon="7.57678">
        <ele>670.66</ele>
        <time>2026-05-04T00:07:00.7240000+00:00</time>
      </trkpt>
      <trkpt lat="46.65889" lon="7.5769">
        <ele>670.88</ele>
        <time>2026-05-04T00:07:16.1250000+00:00</time>
      </trkpt>
      <trkpt lat="46.65887" lon="7.57703">
        <ele>671.13</ele>
        <time>2026-05-04T00:07:32.7410000+00:00</time>
      </trkpt>
      <trkpt lat="46.65886" lon="7.57718">
        <ele>671.73</ele>
        <time>2026-05-04T00:07:51.5360000+00:00</time>
      </trkpt>
      <trkpt lat="46.65884" lon="7.5773">
        <ele>672.28</ele>
        <time>2026-05-04T00:08:06.9380000+00:00</time>
      </trkpt>
      <trkpt lat="46.65881" lon="7.57741">
        <ele>672.86</ele>
        <time>2026-05-04T00:08:21.7010000+00:00</time>
      </trkpt>
      <trkpt lat="46.65881" lon="7.57748">
        <ele>673.14</ele>
        <time>2026-05-04T00:08:30.4320000+00:00</time>
      </trkpt>
      <trkpt lat="46.65882" lon="7.57756">
        <ele>673.4</ele>
        <time>2026-05-04T00:08:40.5740000+00:00</time>
      </trkpt>
      <trkpt lat="46.65886" lon="7.57769">
        <ele>673.65</ele>
        <time>2026-05-04T00:08:58.3420000+00:00</time>
      </trkpt>
      <trkpt lat="46.65889" lon="7.57784">
        <ele>674</ele>
        <time>2026-05-04T00:09:17.8290000+00:00</time>
      </trkpt>
      <trkpt lat="46.65892" lon="7.57799">
        <ele>674.68</ele>
        <time>2026-05-04T00:09:37.3140000+00:00</time>
      </trkpt>
      <trkpt lat="46.65892" lon="7.57813">
        <ele>675.56</ele>
        <time>2026-05-04T00:09:54.7750000+00:00</time>
      </trkpt>
      <trkpt lat="46.65892" lon="7.57829">
        <ele>676.55</ele>
        <time>2026-05-04T00:10:14.7300000+00:00</time>
      </trkpt>
      <trkpt lat="46.65892" lon="7.57843">
        <ele>677.42</ele>
        <time>2026-05-04T00:10:32.1910000+00:00</time>
      </trkpt>
      <trkpt lat="46.65892" lon="7.57854">
        <ele>678.11</ele>
        <time>2026-05-04T00:10:45.9100000+00:00</time>
      </trkpt>
      <trkpt lat="46.65894" lon="7.57862">
        <ele>678.35</ele>
        <time>2026-05-04T00:10:56.5280000+00:00</time>
      </trkpt>
      <trkpt lat="46.65898" lon="7.5787">
        <ele>678.33</ele>
        <time>2026-05-04T00:11:08.8730000+00:00</time>
      </trkpt>
      <trkpt lat="46.65903" lon="7.57874">
        <ele>677.96</ele>
        <time>2026-05-04T00:11:19.2380000+00:00</time>
      </trkpt>
      <trkpt lat="46.6591" lon="7.57881">
        <ele>677.49</ele>
        <time>2026-05-04T00:11:34.6680000+00:00</time>
      </trkpt>
      <trkpt lat="46.65914" lon="7.57885">
        <ele>677.19</ele>
        <time>2026-05-04T00:11:43.4840000+00:00</time>
      </trkpt>
      <trkpt lat="46.65923" lon="7.57891">
        <ele>676.28</ele>
        <time>2026-05-04T00:12:01.4690000+00:00</time>
      </trkpt>
      <trkpt lat="46.65931" lon="7.57896">
        <ele>675.4</ele>
        <time>2026-05-04T00:12:17.2880000+00:00</time>
      </trkpt>
      <trkpt lat="46.65945" lon="7.57903">
        <ele>673.67</ele>
        <time>2026-05-04T00:12:44.1850000+00:00</time>
      </trkpt>
      <trkpt lat="46.65952" lon="7.57907">
        <ele>673.15</ele>
        <time>2026-05-04T00:12:57.8490000+00:00</time>
      </trkpt>
      <trkpt lat="46.65957" lon="7.57911">
        <ele>672.82</ele>
        <time>2026-05-04T00:13:08.2150000+00:00</time>
      </trkpt>
      <trkpt lat="46.6596" lon="7.57914">
        <ele>672.64</ele>
        <time>2026-05-04T00:13:14.8270000+00:00</time>
      </trkpt>
      <trkpt lat="46.65962" lon="7.57917">
        <ele>672.55</ele>
        <time>2026-05-04T00:13:20.0420000+00:00</time>
      </trkpt>
      <trkpt lat="46.65964" lon="7.57923">
        <ele>672.58</ele>
        <time>2026-05-04T00:13:28.3610000+00:00</time>
      </trkpt>
      <trkpt lat="46.65967" lon="7.57933">
        <ele>672.64</ele>
        <time>2026-05-04T00:13:41.9720000+00:00</time>
      </trkpt>
      <trkpt lat="46.6597" lon="7.57944">
        <ele>672.72</ele>
        <time>2026-05-04T00:13:56.7350000+00:00</time>
      </trkpt>
      <trkpt lat="46.65972" lon="7.57953">
        <ele>672.79</ele>
        <time>2026-05-04T00:14:08.5330000+00:00</time>
      </trkpt>
      <trkpt lat="46.65974" lon="7.5796">
        <ele>672.69</ele>
        <time>2026-05-04T00:14:17.9880000+00:00</time>
      </trkpt>
      <trkpt lat="46.65975" lon="7.57967">
        <ele>672.7</ele>
        <time>2026-05-04T00:14:26.9060000+00:00</time>
      </trkpt>
      <trkpt lat="46.65984" lon="7.58001">
        <ele>672.23</ele>
        <time>2026-05-04T00:15:12.3550000+00:00</time>
      </trkpt>
      <trkpt lat="46.65987" lon="7.58029">
        <ele>672.35</ele>
        <time>2026-05-04T00:15:47.7000000+00:00</time>
      </trkpt>
      <trkpt lat="46.65989" lon="7.58063">
        <ele>673.15</ele>
        <time>2026-05-04T00:16:30.2590000+00:00</time>
      </trkpt>
      <trkpt lat="46.65989" lon="7.58101">
        <ele>674.44</ele>
        <time>2026-05-04T00:17:17.6530000+00:00</time>
      </trkpt>
      <trkpt lat="46.65991" lon="7.58128">
        <ele>674.95</ele>
        <time>2026-05-04T00:17:51.5220000+00:00</time>
      </trkpt>
      <trkpt lat="46.65996" lon="7.58146">
        <ele>674.45</ele>
        <time>2026-05-04T00:18:15.7410000+00:00</time>
      </trkpt>
      <trkpt lat="46.65998" lon="7.58154">
        <ele>674.24</ele>
        <time>2026-05-04T00:18:26.3590000+00:00</time>
      </trkpt>
      <trkpt lat="46.6599" lon="7.5816">
        <ele>676.25</ele>
        <time>2026-05-04T00:18:42.7100000+00:00</time>
      </trkpt>
      <trkpt lat="46.65977" lon="7.58168">
        <ele>679.55</ele>
        <time>2026-05-04T00:19:08.3530000+00:00</time>
      </trkpt>
      <trkpt lat="46.65962" lon="7.58177">
        <ele>683.49</ele>
        <time>2026-05-04T00:19:37.8320000+00:00</time>
      </trkpt>
      <trkpt lat="46.65958" lon="7.58182">
        <ele>684.71</ele>
        <time>2026-05-04T00:19:47.4090000+00:00</time>
      </trkpt>
      <trkpt lat="46.65955" lon="7.58189">
        <ele>685.81</ele>
        <time>2026-05-04T00:19:57.7010000+00:00</time>
      </trkpt>
      <trkpt lat="46.65953" lon="7.58195">
        <ele>686.63</ele>
        <time>2026-05-04T00:20:06.0210000+00:00</time>
      </trkpt>
      <trkpt lat="46.65952" lon="7.58204">
        <ele>687.36</ele>
        <time>2026-05-04T00:20:17.3930000+00:00</time>
      </trkpt>
      <trkpt lat="46.6595" lon="7.58229">
        <ele>689.05</ele>
        <time>2026-05-04T00:20:48.7840000+00:00</time>
      </trkpt>
      <trkpt lat="46.65949" lon="7.58251">
        <ele>690.35</ele>
        <time>2026-05-04T00:21:16.2820000+00:00</time>
      </trkpt>
      <trkpt lat="46.65948" lon="7.58272">
        <ele>691.61</ele>
        <time>2026-05-04T00:21:42.5360000+00:00</time>
      </trkpt>
      <trkpt lat="46.65947" lon="7.5828">
        <ele>692.26</ele>
        <time>2026-05-04T00:21:52.6780000+00:00</time>
      </trkpt>
      <trkpt lat="46.65946" lon="7.58285">
        <ele>692.76</ele>
        <time>2026-05-04T00:21:59.1750000+00:00</time>
      </trkpt>
      <trkpt lat="46.65943" lon="7.58291">
        <ele>693.47</ele>
        <time>2026-05-04T00:22:08.4350000+00:00</time>
      </trkpt>
      <trkpt lat="46.65939" lon="7.58297">
        <ele>694.16</ele>
        <time>2026-05-04T00:22:18.8680000+00:00</time>
      </trkpt>
      <trkpt lat="46.65934" lon="7.58306">
        <ele>695.06</ele>
        <time>2026-05-04T00:22:33.3100000+00:00</time>
      </trkpt>
      <trkpt lat="46.65925" lon="7.58318">
        <ele>696.51</ele>
        <time>2026-05-04T00:22:55.4790000+00:00</time>
      </trkpt>
      <trkpt lat="46.65919" lon="7.58328">
        <ele>697.52</ele>
        <time>2026-05-04T00:23:12.0460000+00:00</time>
      </trkpt>
      <trkpt lat="46.65913" lon="7.58333">
        <ele>698.36</ele>
        <time>2026-05-04T00:23:24.6060000+00:00</time>
      </trkpt>
      <trkpt lat="46.65907" lon="7.58339">
        <ele>699.23</ele>
        <time>2026-05-04T00:23:37.8310000+00:00</time>
      </trkpt>
      <trkpt lat="46.65898" lon="7.58345">
        <ele>700.41</ele>
        <time>2026-05-04T00:23:55.8160000+00:00</time>
      </trkpt>
      <trkpt lat="46.6589" lon="7.5835">
        <ele>701.44</ele>
        <time>2026-05-04T00:24:11.6350000+00:00</time>
      </trkpt>
      <trkpt lat="46.65879" lon="7.58357">
        <ele>702.85</ele>
        <time>2026-05-04T00:24:33.4470000+00:00</time>
      </trkpt>
      <trkpt lat="46.6586" lon="7.58367">
        <ele>705.19</ele>
        <time>2026-05-04T00:25:10.1570000+00:00</time>
      </trkpt>
      <trkpt lat="46.65847" lon="7.58374">
        <ele>706.7</ele>
        <time>2026-05-04T00:25:35.3430000+00:00</time>
      </trkpt>
      <trkpt lat="46.65831" lon="7.58383">
        <ele>708.52</ele>
        <time>2026-05-04T00:26:06.5090000+00:00</time>
      </trkpt>
      <trkpt lat="46.65819" lon="7.58389">
        <ele>709.89</ele>
        <time>2026-05-04T00:26:29.5640000+00:00</time>
      </trkpt>
      <trkpt lat="46.65813" lon="7.58395">
        <ele>710.53</ele>
        <time>2026-05-04T00:26:42.7890000+00:00</time>
      </trkpt>
      <trkpt lat="46.65809" lon="7.584">
        <ele>710.96</ele>
        <time>2026-05-04T00:26:52.3670000+00:00</time>
      </trkpt>
      <trkpt lat="46.65806" lon="7.58404">
        <ele>711.27</ele>
        <time>2026-05-04T00:26:59.7570000+00:00</time>
      </trkpt>
      <trkpt lat="46.65802" lon="7.58407">
        <ele>711.71</ele>
        <time>2026-05-04T00:27:07.9310000+00:00</time>
      </trkpt>
      <trkpt lat="46.65798" lon="7.58411">
        <ele>712.14</ele>
        <time>2026-05-04T00:27:16.7460000+00:00</time>
      </trkpt>
      <trkpt lat="46.65774" lon="7.58425">
        <ele>715.04</ele>
        <time>2026-05-04T00:28:03.7240000+00:00</time>
      </trkpt>
      <trkpt lat="46.65759" lon="7.58435">
        <ele>717.29</ele>
        <time>2026-05-04T00:28:33.7000000+00:00</time>
      </trkpt>
      <trkpt lat="46.65751" lon="7.58439">
        <ele>718.49</ele>
        <time>2026-05-04T00:28:49.0700000+00:00</time>
      </trkpt>
      <trkpt lat="46.65747" lon="7.58442">
        <ele>719.07</ele>
        <time>2026-05-04T00:28:57.2470000+00:00</time>
      </trkpt>
      <trkpt lat="46.6574" lon="7.58445">
        <ele>720.12</ele>
        <time>2026-05-04T00:29:10.5070000+00:00</time>
      </trkpt>
      <trkpt lat="46.65735" lon="7.58448">
        <ele>720.85</ele>
        <time>2026-05-04T00:29:20.3320000+00:00</time>
      </trkpt>
      <trkpt lat="46.65731" lon="7.58455">
        <ele>721.32</ele>
        <time>2026-05-04T00:29:31.6920000+00:00</time>
      </trkpt>
      <trkpt lat="46.65728" lon="7.58462">
        <ele>721.6</ele>
        <time>2026-05-04T00:29:41.9860000+00:00</time>
      </trkpt>
      <trkpt lat="46.65726" lon="7.58469">
        <ele>721.72</ele>
        <time>2026-05-04T00:29:51.4410000+00:00</time>
      </trkpt>
      <trkpt lat="46.65725" lon="7.58474">
        <ele>721.73</ele>
        <time>2026-05-04T00:29:57.9370000+00:00</time>
      </trkpt>
      <trkpt lat="46.65722" lon="7.58474">
        <ele>722.18</ele>
        <time>2026-05-04T00:30:03.3890000+00:00</time>
      </trkpt>
      <trkpt lat="46.65718" lon="7.58474">
        <ele>722.78</ele>
        <time>2026-05-04T00:30:10.6580000+00:00</time>
      </trkpt>
      <trkpt lat="46.65716" lon="7.58473">
        <ele>723.11</ele>
        <time>2026-05-04T00:30:14.4960000+00:00</time>
      </trkpt>
      <trkpt lat="46.65709" lon="7.5847">
        <ele>724.25</ele>
        <time>2026-05-04T00:30:27.7550000+00:00</time>
      </trkpt>
      <trkpt lat="46.65704" lon="7.58466">
        <ele>725.14</ele>
        <time>2026-05-04T00:30:38.1200000+00:00</time>
      </trkpt>
      <trkpt lat="46.65697" lon="7.58456">
        <ele>726.56</ele>
        <time>2026-05-04T00:30:55.9350000+00:00</time>
      </trkpt>
      <trkpt lat="46.65692" lon="7.58452">
        <ele>727.76</ele>
        <time>2026-05-04T00:31:06.2990000+00:00</time>
      </trkpt>
      <trkpt lat="46.65688" lon="7.58452">
        <ele>728.72</ele>
        <time>2026-05-04T00:31:13.5670000+00:00</time>
      </trkpt>
      <trkpt lat="46.65682" lon="7.58454">
        <ele>730.11</ele>
        <time>2026-05-04T00:31:24.7510000+00:00</time>
      </trkpt>
      <trkpt lat="46.65678" lon="7.58456">
        <ele>731.02</ele>
        <time>2026-05-04T00:31:32.4350000+00:00</time>
      </trkpt>
      <trkpt lat="46.65674" lon="7.58458">
        <ele>731.95</ele>
        <time>2026-05-04T00:31:40.1190000+00:00</time>
      </trkpt>
      <trkpt lat="46.65672" lon="7.58462">
        <ele>732.34</ele>
        <time>2026-05-04T00:31:46.2900000+00:00</time>
      </trkpt>
      <trkpt lat="46.6567" lon="7.58469">
        <ele>732.69</ele>
        <time>2026-05-04T00:31:55.7450000+00:00</time>
      </trkpt>
      <trkpt lat="46.65668" lon="7.58476">
        <ele>733.04</ele>
        <time>2026-05-04T00:32:05.2020000+00:00</time>
      </trkpt>
      <trkpt lat="46.65666" lon="7.58491">
        <ele>733.27</ele>
        <time>2026-05-04T00:32:24.2600000+00:00</time>
      </trkpt>
      <trkpt lat="46.65664" lon="7.58506">
        <ele>733.52</ele>
        <time>2026-05-04T00:32:43.3180000+00:00</time>
      </trkpt>
      <trkpt lat="46.65662" lon="7.58516">
        <ele>733.9</ele>
        <time>2026-05-04T00:32:56.3090000+00:00</time>
      </trkpt>
      <trkpt lat="46.65659" lon="7.58524">
        <ele>734.61</ele>
        <time>2026-05-04T00:33:07.6800000+00:00</time>
      </trkpt>
      <trkpt lat="46.65656" lon="7.5853">
        <ele>735.38</ele>
        <time>2026-05-04T00:33:16.9400000+00:00</time>
      </trkpt>
      <trkpt lat="46.65652" lon="7.58534">
        <ele>736.47</ele>
        <time>2026-05-04T00:33:25.7540000+00:00</time>
      </trkpt>
      <trkpt lat="46.65643" lon="7.58542">
        <ele>739.16</ele>
        <time>2026-05-04T00:33:44.9120000+00:00</time>
      </trkpt>
      <trkpt lat="46.65637" lon="7.58548">
        <ele>740.94</ele>
        <time>2026-05-04T00:33:58.1370000+00:00</time>
      </trkpt>
      <trkpt lat="46.65634" lon="7.58552">
        <ele>741.82</ele>
        <time>2026-05-04T00:34:05.5290000+00:00</time>
      </trkpt>
      <trkpt lat="46.65628" lon="7.58555">
        <ele>743.53</ele>
        <time>2026-05-04T00:34:17.0580000+00:00</time>
      </trkpt>
      <trkpt lat="46.65606" lon="7.58565">
        <ele>748.84</ele>
        <time>2026-05-04T00:34:58.9370000+00:00</time>
      </trkpt>
      <trkpt lat="46.65599" lon="7.58567">
        <ele>749.84</ele>
        <time>2026-05-04T00:35:11.9000000+00:00</time>
      </trkpt>
      <trkpt lat="46.65593" lon="7.58568">
        <ele>750.69</ele>
        <time>2026-05-04T00:35:22.8740000+00:00</time>
      </trkpt>
      <trkpt lat="46.6559" lon="7.58569">
        <ele>751.12</ele>
        <time>2026-05-04T00:35:28.4670000+00:00</time>
      </trkpt>
      <trkpt lat="46.65588" lon="7.58569">
        <ele>751.41</ele>
        <time>2026-05-04T00:35:32.0990000+00:00</time>
      </trkpt>
      <trkpt lat="46.65585" lon="7.5858">
        <ele>751.92</ele>
        <time>2026-05-04T00:35:46.8620000+00:00</time>
      </trkpt>
      <trkpt lat="46.65577" lon="7.58576">
        <ele>753.04</ele>
        <time>2026-05-04T00:36:02.2320000+00:00</time>
      </trkpt>
      <trkpt lat="46.65571" lon="7.58574">
        <ele>753.88</ele>
        <time>2026-05-04T00:36:13.4170000+00:00</time>
      </trkpt>
      <trkpt lat="46.65566" lon="7.58573">
        <ele>754.59</ele>
        <time>2026-05-04T00:36:22.5890000+00:00</time>
      </trkpt>
      <trkpt lat="46.65554" lon="7.58572">
        <ele>756.29</ele>
        <time>2026-05-04T00:36:44.4320000+00:00</time>
      </trkpt>
      <trkpt lat="46.65548" lon="7.58571">
        <ele>757.13</ele>
        <time>2026-05-04T00:36:55.4050000+00:00</time>
      </trkpt>
      <trkpt lat="46.65545" lon="7.58571">
        <ele>757.55</ele>
        <time>2026-05-04T00:37:00.8600000+00:00</time>
      </trkpt>
      <trkpt lat="46.65538" lon="7.58567">
        <ele>758.47</ele>
        <time>2026-05-04T00:37:14.5230000+00:00</time>
      </trkpt>
      <trkpt lat="46.65534" lon="7.58565">
        <ele>758.99</ele>
        <time>2026-05-04T00:37:22.2070000+00:00</time>
      </trkpt>
      <trkpt lat="46.6553" lon="7.58562">
        <ele>759.48</ele>
        <time>2026-05-04T00:37:30.3820000+00:00</time>
      </trkpt>
      <trkpt lat="46.65527" lon="7.58557">
        <ele>760.09</ele>
        <time>2026-05-04T00:37:38.6640000+00:00</time>
      </trkpt>
      <trkpt lat="46.65524" lon="7.58553">
        <ele>760.93</ele>
        <time>2026-05-04T00:37:46.0530000+00:00</time>
      </trkpt>
      <trkpt lat="46.65521" lon="7.58547">
        <ele>761.66</ele>
        <time>2026-05-04T00:37:55.3130000+00:00</time>
      </trkpt>
      <trkpt lat="46.65518" lon="7.58543">
        <ele>762.43</ele>
        <time>2026-05-04T00:38:02.7010000+00:00</time>
      </trkpt>
      <trkpt lat="46.65514" lon="7.58539">
        <ele>763.45</ele>
        <time>2026-05-04T00:38:11.5170000+00:00</time>
      </trkpt>
      <trkpt lat="46.65508" lon="7.58533">
        <ele>764.82</ele>
        <time>2026-05-04T00:38:24.7420000+00:00</time>
      </trkpt>
      <trkpt lat="46.65496" lon="7.58528">
        <ele>767.71</ele>
        <time>2026-05-04T00:38:47.4230000+00:00</time>
      </trkpt>
      <trkpt lat="46.65488" lon="7.58525">
        <ele>769.6</ele>
        <time>2026-05-04T00:39:02.4350000+00:00</time>
      </trkpt>
      <trkpt lat="46.65481" lon="7.58521">
        <ele>771.03</ele>
        <time>2026-05-04T00:39:16.0990000+00:00</time>
      </trkpt>
      <trkpt lat="46.65474" lon="7.5852">
        <ele>772.81</ele>
        <time>2026-05-04T00:39:28.8800000+00:00</time>
      </trkpt>
      <trkpt lat="46.6547" lon="7.58522">
        <ele>774.17</ele>
        <time>2026-05-04T00:39:36.5670000+00:00</time>
      </trkpt>
      <trkpt lat="46.65464" lon="7.58524">
        <ele>776.11</ele>
        <time>2026-05-04T00:39:47.7530000+00:00</time>
      </trkpt>
      <trkpt lat="46.6546" lon="7.58526">
        <ele>777.51</ele>
        <time>2026-05-04T00:39:55.4390000+00:00</time>
      </trkpt>
      <trkpt lat="46.65451" lon="7.58532">
        <ele>780.99</ele>
        <time>2026-05-04T00:40:13.4250000+00:00</time>
      </trkpt>
      <trkpt lat="46.65442" lon="7.58539">
        <ele>784.19</ele>
        <time>2026-05-04T00:40:31.9640000+00:00</time>
      </trkpt>
      <trkpt lat="46.65434" lon="7.58544">
        <ele>786.18</ele>
        <time>2026-05-04T00:40:47.7830000+00:00</time>
      </trkpt>
      <trkpt lat="46.65424" lon="7.5855">
        <ele>788.67</ele>
        <time>2026-05-04T00:41:07.4360000+00:00</time>
      </trkpt>
      <trkpt lat="46.65416" lon="7.58554">
        <ele>790.57</ele>
        <time>2026-05-04T00:41:22.8060000+00:00</time>
      </trkpt>
      <trkpt lat="46.6541" lon="7.58557">
        <ele>792</ele>
        <time>2026-05-04T00:41:34.3340000+00:00</time>
      </trkpt>
      <trkpt lat="46.65403" lon="7.58561">
        <ele>793.76</ele>
        <time>2026-05-04T00:41:47.9970000+00:00</time>
      </trkpt>
      <trkpt lat="46.65399" lon="7.58564">
        <ele>794.89</ele>
        <time>2026-05-04T00:41:56.1730000+00:00</time>
      </trkpt>
      <trkpt lat="46.65395" lon="7.58566">
        <ele>795.87</ele>
        <time>2026-05-04T00:42:03.8570000+00:00</time>
      </trkpt>
      <trkpt lat="46.65393" lon="7.58567">
        <ele>796.36</ele>
        <time>2026-05-04T00:42:07.6980000+00:00</time>
      </trkpt>
      <trkpt lat="46.6539" lon="7.58567">
        <ele>796.85</ele>
        <time>2026-05-04T00:42:13.1480000+00:00</time>
      </trkpt>
      <trkpt lat="46.65385" lon="7.58566">
        <ele>797.52</ele>
        <time>2026-05-04T00:42:22.3190000+00:00</time>
      </trkpt>
      <trkpt lat="46.65391" lon="7.58577">
        <ele>798.29</ele>
        <time>2026-05-04T00:42:39.8450000+00:00</time>
      </trkpt>
      <trkpt lat="46.65393" lon="7.5858">
        <ele>798.43</ele>
        <time>2026-05-04T00:42:45.0620000+00:00</time>
      </trkpt>
      <trkpt lat="46.654" lon="7.58602">
        <ele>800.7</ele>
        <time>2026-05-04T00:43:15.3080000+00:00</time>
      </trkpt>
      <trkpt lat="46.65403" lon="7.58608">
        <ele>801.11</ele>
        <time>2026-05-04T00:43:24.5670000+00:00</time>
      </trkpt>
      <trkpt lat="46.65409" lon="7.5862">
        <ele>801.85</ele>
        <time>2026-05-04T00:43:43.0840000+00:00</time>
      </trkpt>
      <trkpt lat="46.65411" lon="7.58626">
        <ele>802.26</ele>
        <time>2026-05-04T00:43:51.4030000+00:00</time>
      </trkpt>
      <trkpt lat="46.65412" lon="7.58633">
        <ele>802.96</ele>
        <time>2026-05-04T00:44:00.3210000+00:00</time>
      </trkpt>
      <trkpt lat="46.65412" lon="7.58643">
        <ele>804.24</ele>
        <time>2026-05-04T00:44:12.7930000+00:00</time>
      </trkpt>
      <trkpt lat="46.65412" lon="7.58663">
        <ele>806.78</ele>
        <time>2026-05-04T00:44:37.7400000+00:00</time>
      </trkpt>
      <trkpt lat="46.65411" lon="7.58681">
        <ele>809.29</ele>
        <time>2026-05-04T00:45:00.2650000+00:00</time>
      </trkpt>
      <trkpt lat="46.65412" lon="7.5869">
        <ele>810.22</ele>
        <time>2026-05-04T00:45:11.6360000+00:00</time>
      </trkpt>
      <trkpt lat="46.65413" lon="7.58698">
        <ele>811.02</ele>
        <time>2026-05-04T00:45:21.7790000+00:00</time>
      </trkpt>
      <trkpt lat="46.65415" lon="7.58705">
        <ele>811.31</ele>
        <time>2026-05-04T00:45:31.2370000+00:00</time>
      </trkpt>
      <trkpt lat="46.65416" lon="7.5871">
        <ele>811.54</ele>
        <time>2026-05-04T00:45:37.7340000+00:00</time>
      </trkpt>
      <trkpt lat="46.65416" lon="7.58714">
        <ele>811.91</ele>
        <time>2026-05-04T00:45:42.7260000+00:00</time>
      </trkpt>
      <trkpt lat="46.65416" lon="7.58726">
        <ele>813.01</ele>
        <time>2026-05-04T00:45:57.6940000+00:00</time>
      </trkpt>
      <trkpt lat="46.65418" lon="7.5875">
        <ele>814.77</ele>
        <time>2026-05-04T00:46:27.8500000+00:00</time>
      </trkpt>
      <trkpt lat="46.65421" lon="7.58784">
        <ele>817.26</ele>
        <time>2026-05-04T00:47:10.6070000+00:00</time>
      </trkpt>
      <trkpt lat="46.65424" lon="7.5882">
        <ele>819.43</ele>
        <time>2026-05-04T00:47:55.8410000+00:00</time>
      </trkpt>
      <trkpt lat="46.6543" lon="7.5885">
        <ele>820.37</ele>
        <time>2026-05-04T00:48:34.8160000+00:00</time>
      </trkpt>
      <trkpt lat="46.65433" lon="7.58866">
        <ele>820.87</ele>
        <time>2026-05-04T00:48:55.5050000+00:00</time>
      </trkpt>
      <trkpt lat="46.65438" lon="7.58886">
        <ele>822.71</ele>
        <time>2026-05-04T00:49:22.0550000+00:00</time>
      </trkpt>
      <trkpt lat="46.65441" lon="7.58897">
        <ele>823.84</ele>
        <time>2026-05-04T00:49:36.8190000+00:00</time>
      </trkpt>
      <trkpt lat="46.65443" lon="7.58904">
        <ele>824.59</ele>
        <time>2026-05-04T00:49:46.2760000+00:00</time>
      </trkpt>
      <trkpt lat="46.65445" lon="7.58911">
        <ele>825.38</ele>
        <time>2026-05-04T00:49:55.7330000+00:00</time>
      </trkpt>
      <trkpt lat="46.65448" lon="7.58921">
        <ele>826.41</ele>
        <time>2026-05-04T00:50:09.3450000+00:00</time>
      </trkpt>
      <trkpt lat="46.6545" lon="7.58934">
        <ele>828.16</ele>
        <time>2026-05-04T00:50:25.9630000+00:00</time>
      </trkpt>
      <trkpt lat="46.65454" lon="7.58953">
        <ele>830.55</ele>
        <time>2026-05-04T00:50:50.7510000+00:00</time>
      </trkpt>
      <trkpt lat="46.65458" lon="7.58977">
        <ele>834.19</ele>
        <time>2026-05-04T00:51:21.5560000+00:00</time>
      </trkpt>
      <trkpt lat="46.65458" lon="7.59009">
        <ele>840.18</ele>
        <time>2026-05-04T00:52:01.4700000+00:00</time>
      </trkpt>
      <trkpt lat="46.6546" lon="7.59046">
        <ele>845.32</ele>
        <time>2026-05-04T00:52:47.7630000+00:00</time>
      </trkpt>
      <trkpt lat="46.65456" lon="7.59048">
        <ele>846.06</ele>
        <time>2026-05-04T00:52:55.4490000+00:00</time>
      </trkpt>
      <trkpt lat="46.65455" lon="7.5905">
        <ele>846.33</ele>
        <time>2026-05-04T00:52:58.5360000+00:00</time>
      </trkpt>
      <trkpt lat="46.65453" lon="7.59056">
        <ele>846.97</ele>
        <time>2026-05-04T00:53:06.8560000+00:00</time>
      </trkpt>
      <trkpt lat="46.65453" lon="7.59065">
        <ele>847.48</ele>
        <time>2026-05-04T00:53:18.0830000+00:00</time>
      </trkpt>
      <trkpt lat="46.65453" lon="7.5908">
        <ele>848.33</ele>
        <time>2026-05-04T00:53:36.7930000+00:00</time>
      </trkpt>
      <trkpt lat="46.65452" lon="7.59088">
        <ele>848.89</ele>
        <time>2026-05-04T00:53:46.9360000+00:00</time>
      </trkpt>
      <trkpt lat="46.6545" lon="7.59094">
        <ele>849.43</ele>
        <time>2026-05-04T00:53:55.2550000+00:00</time>
      </trkpt>
      <trkpt lat="46.65449" lon="7.59098">
        <ele>849.73</ele>
        <time>2026-05-04T00:54:00.5640000+00:00</time>
      </trkpt>
      <trkpt lat="46.65444" lon="7.59109">
        <ele>850.61</ele>
        <time>2026-05-04T00:54:17.0200000+00:00</time>
      </trkpt>
      <trkpt lat="46.65442" lon="7.59114">
        <ele>850.88</ele>
        <time>2026-05-04T00:54:24.2370000+00:00</time>
      </trkpt>
      <trkpt lat="46.65442" lon="7.59117">
        <ele>851.02</ele>
        <time>2026-05-04T00:54:27.9800000+00:00</time>
      </trkpt>
      <trkpt lat="46.6544" lon="7.59143">
        <ele>851.72</ele>
        <time>2026-05-04T00:55:00.6130000+00:00</time>
      </trkpt>
      <trkpt lat="46.65437" lon="7.59173">
        <ele>852.57</ele>
        <time>2026-05-04T00:55:38.4280000+00:00</time>
      </trkpt>
      <trkpt lat="46.65435" lon="7.59186">
        <ele>852.98</ele>
        <time>2026-05-04T00:55:55.0450000+00:00</time>
      </trkpt>
      <trkpt lat="46.65432" lon="7.59202">
        <ele>853.51</ele>
        <time>2026-05-04T00:56:15.7330000+00:00</time>
      </trkpt>
      <trkpt lat="46.65428" lon="7.59218">
        <ele>854.01</ele>
        <time>2026-05-04T00:56:36.9730000+00:00</time>
      </trkpt>
      <trkpt lat="46.65427" lon="7.59225">
        <ele>854.22</ele>
        <time>2026-05-04T00:56:45.8930000+00:00</time>
      </trkpt>
      <trkpt lat="46.65426" lon="7.59231">
        <ele>854.41</ele>
        <time>2026-05-04T00:56:53.5940000+00:00</time>
      </trkpt>
      <trkpt lat="46.65426" lon="7.59238">
        <ele>854.57</ele>
        <time>2026-05-04T00:57:02.3230000+00:00</time>
      </trkpt>
      <trkpt lat="46.65424" lon="7.59257">
        <ele>855.15</ele>
        <time>2026-05-04T00:57:26.3000000+00:00</time>
      </trkpt>
      <trkpt lat="46.65423" lon="7.59271">
        <ele>855.57</ele>
        <time>2026-05-04T00:57:43.8570000+00:00</time>
      </trkpt>
      <trkpt lat="46.65421" lon="7.59281">
        <ele>855.98</ele>
        <time>2026-05-04T00:57:56.8480000+00:00</time>
      </trkpt>
      <trkpt lat="46.65418" lon="7.59292">
        <ele>856.57</ele>
        <time>2026-05-04T00:58:11.6130000+00:00</time>
      </trkpt>
      <trkpt lat="46.65416" lon="7.59302">
        <ele>857.06</ele>
        <time>2026-05-04T00:58:24.6040000+00:00</time>
      </trkpt>
      <trkpt lat="46.6541" lon="7.59317">
        <ele>858.11</ele>
        <time>2026-05-04T00:58:46.2590000+00:00</time>
      </trkpt>
      <trkpt lat="46.65407" lon="7.59324">
        <ele>858.64</ele>
        <time>2026-05-04T00:58:56.5530000+00:00</time>
      </trkpt>
      <trkpt lat="46.65405" lon="7.59328">
        <ele>858.97</ele>
        <time>2026-05-04T00:59:02.7280000+00:00</time>
      </trkpt>
      <trkpt lat="46.65403" lon="7.59332">
        <ele>859.31</ele>
        <time>2026-05-04T00:59:08.8990000+00:00</time>
      </trkpt>
      <trkpt lat="46.654" lon="7.59336">
        <ele>859.76</ele>
        <time>2026-05-04T00:59:16.2870000+00:00</time>
      </trkpt>
      <trkpt lat="46.65396" lon="7.59341">
        <ele>860.34</ele>
        <time>2026-05-04T00:59:25.8640000+00:00</time>
      </trkpt>
      <trkpt lat="46.65391" lon="7.59346">
        <ele>861.04</ele>
        <time>2026-05-04T00:59:36.8850000+00:00</time>
      </trkpt>
      <trkpt lat="46.65372" lon="7.59367">
        <ele>863.93</ele>
        <time>2026-05-04T01:00:20.2230000+00:00</time>
      </trkpt>
      <trkpt lat="46.65358" lon="7.59379">
        <ele>865.74</ele>
        <time>2026-05-04T01:00:49.7400000+00:00</time>
      </trkpt>
      <trkpt lat="46.65349" lon="7.59386">
        <ele>866.91</ele>
        <time>2026-05-04T01:01:08.2800000+00:00</time>
      </trkpt>
      <trkpt lat="46.65331" lon="7.59399">
        <ele>869.28</ele>
        <time>2026-05-04T01:01:44.7880000+00:00</time>
      </trkpt>
      <trkpt lat="46.65318" lon="7.59408">
        <ele>871.02</ele>
        <time>2026-05-04T01:02:10.9430000+00:00</time>
      </trkpt>
      <trkpt lat="46.65315" lon="7.59413">
        <ele>871.51</ele>
        <time>2026-05-04T01:02:19.2260000+00:00</time>
      </trkpt>
      <trkpt lat="46.65311" lon="7.59421">
        <ele>872.22</ele>
        <time>2026-05-04T01:02:31.5700000+00:00</time>
      </trkpt>
      <trkpt lat="46.65307" lon="7.59428">
        <ele>872.91</ele>
        <time>2026-05-04T01:02:42.9310000+00:00</time>
      </trkpt>
      <trkpt lat="46.65304" lon="7.59433">
        <ele>873.42</ele>
        <time>2026-05-04T01:02:51.2140000+00:00</time>
      </trkpt>
      <trkpt lat="46.65303" lon="7.59434">
        <ele>873.57</ele>
        <time>2026-05-04T01:02:53.4190000+00:00</time>
      </trkpt>
      <trkpt lat="46.6529" lon="7.5945">
        <ele>875.66</ele>
        <time>2026-05-04T01:03:24.3440000+00:00</time>
      </trkpt>
      <trkpt lat="46.65276" lon="7.5947">
        <ele>878.31</ele>
        <time>2026-05-04T01:03:59.9750000+00:00</time>
      </trkpt>
      <trkpt lat="46.65267" lon="7.59484">
        <ele>880.79</ele>
        <time>2026-05-04T01:04:23.9010000+00:00</time>
      </trkpt>
      <trkpt lat="46.65264" lon="7.5949">
        <ele>881.72</ele>
        <time>2026-05-04T01:04:33.1590000+00:00</time>
      </trkpt>
      <trkpt lat="46.65262" lon="7.59498">
        <ele>882.55</ele>
        <time>2026-05-04T01:04:43.7790000+00:00</time>
      </trkpt>
      <trkpt lat="46.6526" lon="7.59502">
        <ele>883.2</ele>
        <time>2026-05-04T01:04:49.9500000+00:00</time>
      </trkpt>
      <trkpt lat="46.65255" lon="7.59512">
        <ele>884.88</ele>
        <time>2026-05-04T01:05:05.3830000+00:00</time>
      </trkpt>
      <trkpt lat="46.65251" lon="7.59525">
        <ele>886.56</ele>
        <time>2026-05-04T01:05:23.1520000+00:00</time>
      </trkpt>
      <trkpt lat="46.65248" lon="7.59533">
        <ele>887.76</ele>
        <time>2026-05-04T01:05:34.5230000+00:00</time>
      </trkpt>
      <trkpt lat="46.65246" lon="7.59539">
        <ele>888.99</ele>
        <time>2026-05-04T01:05:42.8440000+00:00</time>
      </trkpt>
      <trkpt lat="46.65239" lon="7.5955">
        <ele>892.21</ele>
        <time>2026-05-04T01:06:01.5540000+00:00</time>
      </trkpt>
      <trkpt lat="46.65233" lon="7.59559">
        <ele>894.96</ele>
        <time>2026-05-04T01:06:17.2030000+00:00</time>
      </trkpt>
      <trkpt lat="46.65219" lon="7.5957">
        <ele>900.1</ele>
        <time>2026-05-04T01:06:46.1080000+00:00</time>
      </trkpt>
      <trkpt lat="46.65217" lon="7.59574">
        <ele>901.18</ele>
        <time>2026-05-04T01:06:52.2830000+00:00</time>
      </trkpt>
      <trkpt lat="46.65214" lon="7.59583">
        <ele>903.22</ele>
        <time>2026-05-04T01:07:04.7630000+00:00</time>
      </trkpt>
      <trkpt lat="46.65213" lon="7.59587">
        <ele>904.04</ele>
        <time>2026-05-04T01:07:10.0740000+00:00</time>
      </trkpt>
      <trkpt lat="46.65213" lon="7.59591">
        <ele>904.6</ele>
        <time>2026-05-04T01:07:15.0630000+00:00</time>
      </trkpt>
      <trkpt lat="46.65214" lon="7.59596">
        <ele>905.02</ele>
        <time>2026-05-04T01:07:21.5610000+00:00</time>
      </trkpt>
      <trkpt lat="46.65218" lon="7.59605">
        <ele>905.18</ele>
        <time>2026-05-04T01:07:34.9340000+00:00</time>
      </trkpt>
      <trkpt lat="46.65221" lon="7.59612">
        <ele>905.32</ele>
        <time>2026-05-04T01:07:45.2280000+00:00</time>
      </trkpt>
      <trkpt lat="46.65223" lon="7.59619">
        <ele>905.71</ele>
        <time>2026-05-04T01:07:54.6870000+00:00</time>
      </trkpt>
      <trkpt lat="46.65224" lon="7.59626">
        <ele>906.33</ele>
        <time>2026-05-04T01:08:03.6070000+00:00</time>
      </trkpt>
      <trkpt lat="46.65222" lon="7.59645">
        <ele>909.29</ele>
        <time>2026-05-04T01:08:27.5850000+00:00</time>
      </trkpt>
      <trkpt lat="46.6522" lon="7.59658">
        <ele>911.43</ele>
        <time>2026-05-04T01:08:44.2030000+00:00</time>
      </trkpt>
      <trkpt lat="46.65216" lon="7.59676">
        <ele>914.63</ele>
        <time>2026-05-04T01:09:07.8030000+00:00</time>
      </trkpt>
      <trkpt lat="46.6521" lon="7.59696">
        <ele>918.4</ele>
        <time>2026-05-04T01:09:35.0290000+00:00</time>
      </trkpt>
      <trkpt lat="46.65204" lon="7.59719">
        <ele>921.6</ele>
        <time>2026-05-04T01:10:05.7200000+00:00</time>
      </trkpt>
      <trkpt lat="46.65198" lon="7.59736">
        <ele>924.1</ele>
        <time>2026-05-04T01:10:29.5640000+00:00</time>
      </trkpt>
      <trkpt lat="46.65182" lon="7.5978">
        <ele>931.32</ele>
        <time>2026-05-04T01:11:31.6740000+00:00</time>
      </trkpt>
      <trkpt lat="46.65181" lon="7.59784">
        <ele>931.92</ele>
        <time>2026-05-04T01:11:36.9860000+00:00</time>
      </trkpt>
      <trkpt lat="46.6518" lon="7.5979">
        <ele>932.79</ele>
        <time>2026-05-04T01:11:44.6870000+00:00</time>
      </trkpt>
      <trkpt lat="46.65181" lon="7.59796">
        <ele>933.11</ele>
        <time>2026-05-04T01:11:52.3880000+00:00</time>
      </trkpt>
      <trkpt lat="46.65183" lon="7.59812">
        <ele>934.11</ele>
        <time>2026-05-04T01:12:12.6740000+00:00</time>
      </trkpt>
      <trkpt lat="46.65182" lon="7.59816">
        <ele>934.79</ele>
        <time>2026-05-04T01:12:17.9830000+00:00</time>
      </trkpt>
      <trkpt lat="46.65182" lon="7.5982">
        <ele>935.18</ele>
        <time>2026-05-04T01:12:22.9720000+00:00</time>
      </trkpt>
      <trkpt lat="46.6518" lon="7.59821">
        <ele>935.88</ele>
        <time>2026-05-04T01:12:26.8160000+00:00</time>
      </trkpt>
      <trkpt lat="46.65178" lon="7.5982">
        <ele>936.39</ele>
        <time>2026-05-04T01:12:30.6610000+00:00</time>
      </trkpt>
      <trkpt lat="46.65176" lon="7.5982">
        <ele>936.99</ele>
        <time>2026-05-04T01:12:34.2930000+00:00</time>
      </trkpt>
      <trkpt lat="46.65172" lon="7.59815">
        <ele>937.65</ele>
        <time>2026-05-04T01:12:43.8700000+00:00</time>
      </trkpt>
      <trkpt lat="46.65164" lon="7.59816">
        <ele>940.14</ele>
        <time>2026-05-04T01:12:58.4620000+00:00</time>
      </trkpt>
      <trkpt lat="46.65156" lon="7.59818">
        <ele>942.76</ele>
        <time>2026-05-04T01:13:13.2130000+00:00</time>
      </trkpt>
      <trkpt lat="46.65151" lon="7.5982">
        <ele>944.52</ele>
        <time>2026-05-04T01:13:22.6350000+00:00</time>
      </trkpt>
      <trkpt lat="46.65148" lon="7.59825">
        <ele>946.08</ele>
        <time>2026-05-04T01:13:30.9190000+00:00</time>
      </trkpt>
      <trkpt lat="46.65147" lon="7.59835">
        <ele>947.72</ele>
        <time>2026-05-04T01:13:43.5240000+00:00</time>
      </trkpt>
      <trkpt lat="46.65147" lon="7.59842">
        <ele>948.65</ele>
        <time>2026-05-04T01:13:52.2560000+00:00</time>
      </trkpt>
      <trkpt lat="46.65151" lon="7.59852">
        <ele>948.65</ele>
        <time>2026-05-04T01:14:06.6940000+00:00</time>
      </trkpt>
      <trkpt lat="46.65155" lon="7.59865">
        <ele>948.94</ele>
        <time>2026-05-04T01:14:24.4650000+00:00</time>
      </trkpt>
      <trkpt lat="46.65158" lon="7.59873">
        <ele>949.26</ele>
        <time>2026-05-04T01:14:35.8350000+00:00</time>
      </trkpt>
      <trkpt lat="46.65161" lon="7.59882">
        <ele>949.83</ele>
        <time>2026-05-04T01:14:48.3150000+00:00</time>
      </trkpt>
      <trkpt lat="46.65161" lon="7.59888">
        <ele>950.92</ele>
        <time>2026-05-04T01:14:55.7990000+00:00</time>
      </trkpt>
      <trkpt lat="46.65159" lon="7.599">
        <ele>953.84</ele>
        <time>2026-05-04T01:15:11.2020000+00:00</time>
      </trkpt>
      <trkpt lat="46.65156" lon="7.59906">
        <ele>956.06</ele>
        <time>2026-05-04T01:15:20.4610000+00:00</time>
      </trkpt>
      <trkpt lat="46.65154" lon="7.59911">
        <ele>957.75</ele>
        <time>2026-05-04T01:15:27.6800000+00:00</time>
      </trkpt>
      <trkpt lat="46.65153" lon="7.5992">
        <ele>959.81</ele>
        <time>2026-05-04T01:15:39.0540000+00:00</time>
      </trkpt>
      <trkpt lat="46.65154" lon="7.59932">
        <ele>961.66</ele>
        <time>2026-05-04T01:15:54.1320000+00:00</time>
      </trkpt>
      <trkpt lat="46.65158" lon="7.59955">
        <ele>964.01</ele>
        <time>2026-05-04T01:16:23.7290000+00:00</time>
      </trkpt>
      <trkpt lat="46.65162" lon="7.59974">
        <ele>964.8</ele>
        <time>2026-05-04T01:16:48.5180000+00:00</time>
      </trkpt>
      <trkpt lat="46.65162" lon="7.5998">
        <ele>965.56</ele>
        <time>2026-05-04T01:16:56.0010000+00:00</time>
      </trkpt>
      <trkpt lat="46.65158" lon="7.59991">
        <ele>968.57</ele>
        <time>2026-05-04T01:17:11.5280000+00:00</time>
      </trkpt>
      <trkpt lat="46.65155" lon="7.60001">
        <ele>971.04</ele>
        <time>2026-05-04T01:17:25.1400000+00:00</time>
      </trkpt>
      <trkpt lat="46.65154" lon="7.60004">
        <ele>971.82</ele>
        <time>2026-05-04T01:17:29.3030000+00:00</time>
      </trkpt>
      <trkpt lat="46.65155" lon="7.60011">
        <ele>972.3</ele>
        <time>2026-05-04T01:17:38.2220000+00:00</time>
      </trkpt>
      <trkpt lat="46.6516" lon="7.60029">
        <ele>972.59</ele>
        <time>2026-05-04T01:18:02.4440000+00:00</time>
      </trkpt>
      <trkpt lat="46.65162" lon="7.6004">
        <ele>973.07</ele>
        <time>2026-05-04T01:18:16.6390000+00:00</time>
      </trkpt>
      <trkpt lat="46.65162" lon="7.60047">
        <ele>973.82</ele>
        <time>2026-05-04T01:18:25.3690000+00:00</time>
      </trkpt>
      <trkpt lat="46.6516" lon="7.60051">
        <ele>975.05</ele>
        <time>2026-05-04T01:18:31.5440000+00:00</time>
      </trkpt>
      <trkpt lat="46.65156" lon="7.60055">
        <ele>977.07</ele>
        <time>2026-05-04T01:18:40.3610000+00:00</time>
      </trkpt>
      <trkpt lat="46.65151" lon="7.60056">
        <ele>979.16</ele>
        <time>2026-05-04T01:18:49.5320000+00:00</time>
      </trkpt>
      <trkpt lat="46.65144" lon="7.60056">
        <ele>981.93</ele>
        <time>2026-05-04T01:19:02.2520000+00:00</time>
      </trkpt>
      <trkpt lat="46.65139" lon="7.60056">
        <ele>983.91</ele>
        <time>2026-05-04T01:19:11.3380000+00:00</time>
      </trkpt>
      <trkpt lat="46.65134" lon="7.60052">
        <ele>985.46</ele>
        <time>2026-05-04T01:19:21.7040000+00:00</time>
      </trkpt>
      <trkpt lat="46.65126" lon="7.60041">
        <ele>987.44</ele>
        <time>2026-05-04T01:19:41.6950000+00:00</time>
      </trkpt>
      <trkpt lat="46.6512" lon="7.60031">
        <ele>988.71</ele>
        <time>2026-05-04T01:19:58.2610000+00:00</time>
      </trkpt>
      <trkpt lat="46.65115" lon="7.60026">
        <ele>990.09</ele>
        <time>2026-05-04T01:20:09.2810000+00:00</time>
      </trkpt>
      <trkpt lat="46.6511" lon="7.60022">
        <ele>991.48</ele>
        <time>2026-05-04T01:20:19.6470000+00:00</time>
      </trkpt>
      <trkpt lat="46.65107" lon="7.60024">
        <ele>992.77</ele>
        <time>2026-05-04T01:20:25.6440000+00:00</time>
      </trkpt>
      <trkpt lat="46.65103" lon="7.60026">
        <ele>994.41</ele>
        <time>2026-05-04T01:20:33.3290000+00:00</time>
      </trkpt>
      <trkpt lat="46.65096" lon="7.60031">
        <ele>997.44</ele>
        <time>2026-05-04T01:20:47.4960000+00:00</time>
      </trkpt>
      <trkpt lat="46.65081" lon="7.60043">
        <ele>1003.85</ele>
        <time>2026-05-04T01:21:18.5940000+00:00</time>
      </trkpt>
      <trkpt lat="46.65071" lon="7.60051">
        <ele>1008.02</ele>
        <time>2026-05-04T01:21:39.3240000+00:00</time>
      </trkpt>
      <trkpt lat="46.65059" lon="7.60064">
        <ele>1013.21</ele>
        <time>2026-05-04T01:22:06.5000000+00:00</time>
      </trkpt>
      <trkpt lat="46.65048" lon="7.60073">
        <ele>1017.62</ele>
        <time>2026-05-04T01:22:29.4260000+00:00</time>
      </trkpt>
      <trkpt lat="46.65044" lon="7.60073">
        <ele>1018.94</ele>
        <time>2026-05-04T01:22:36.6950000+00:00</time>
      </trkpt>
      <trkpt lat="46.65042" lon="7.60076">
        <ele>1019.84</ele>
        <time>2026-05-04T01:22:41.9100000+00:00</time>
      </trkpt>
      <trkpt lat="46.6504" lon="7.60079">
        <ele>1020.73</ele>
        <time>2026-05-04T01:22:47.1300000+00:00</time>
      </trkpt>
      <trkpt lat="46.65038" lon="7.60082">
        <ele>1021.61</ele>
        <time>2026-05-04T01:22:52.3480000+00:00</time>
      </trkpt>
      <trkpt lat="46.6503" lon="7.60088">
        <ele>1024.66</ele>
        <time>2026-05-04T01:23:08.6990000+00:00</time>
      </trkpt>
      <trkpt lat="46.65025" lon="7.60093">
        <ele>1026.41</ele>
        <time>2026-05-04T01:23:19.7200000+00:00</time>
      </trkpt>
      <trkpt lat="46.65016" lon="7.601">
        <ele>1029.41</ele>
        <time>2026-05-04T01:23:38.2600000+00:00</time>
      </trkpt>
      <trkpt lat="46.65011" lon="7.60105">
        <ele>1031.21</ele>
        <time>2026-05-04T01:23:49.2800000+00:00</time>
      </trkpt>
      <trkpt lat="46.65005" lon="7.6011">
        <ele>1033.35</ele>
        <time>2026-05-04T01:24:01.8420000+00:00</time>
      </trkpt>
      <trkpt lat="46.65003" lon="7.60113">
        <ele>1034.2</ele>
        <time>2026-05-04T01:24:07.0570000+00:00</time>
      </trkpt>
      <trkpt lat="46.65" lon="7.60119">
        <ele>1035.82</ele>
        <time>2026-05-04T01:24:16.3170000+00:00</time>
      </trkpt>
      <trkpt lat="46.64996" lon="7.6013">
        <ele>1038.91</ele>
        <time>2026-05-04T01:24:31.8450000+00:00</time>
      </trkpt>
      <trkpt lat="46.64992" lon="7.60136">
        <ele>1041.16</ele>
        <time>2026-05-04T01:24:42.2790000+00:00</time>
      </trkpt>
      <trkpt lat="46.64989" lon="7.60141">
        <ele>1042.95</ele>
        <time>2026-05-04T01:24:50.5650000+00:00</time>
      </trkpt>
      <trkpt lat="46.64982" lon="7.6015">
        <ele>1046.72</ele>
        <time>2026-05-04T01:25:07.5310000+00:00</time>
      </trkpt>
      <trkpt lat="46.6498" lon="7.60154">
        <ele>1048.07</ele>
        <time>2026-05-04T01:25:13.7050000+00:00</time>
      </trkpt>
      <trkpt lat="46.64976" lon="7.6016">
        <ele>1050.43</ele>
        <time>2026-05-04T01:25:24.1390000+00:00</time>
      </trkpt>
      <trkpt lat="46.64974" lon="7.60161">
        <ele>1051.24</ele>
        <time>2026-05-04T01:25:27.9840000+00:00</time>
      </trkpt>
      <trkpt lat="46.64971" lon="7.60161">
        <ele>1052.19</ele>
        <time>2026-05-04T01:25:33.4340000+00:00</time>
      </trkpt>
      <trkpt lat="46.64969" lon="7.60159">
        <ele>1052.43</ele>
        <time>2026-05-04T01:25:37.8390000+00:00</time>
      </trkpt>
      <trkpt lat="46.64966" lon="7.60157">
        <ele>1052.99</ele>
        <time>2026-05-04T01:25:43.8350000+00:00</time>
      </trkpt>
      <trkpt lat="46.64965" lon="7.60157">
        <ele>1053.3</ele>
        <time>2026-05-04T01:25:45.6580000+00:00</time>
      </trkpt>
      <trkpt lat="46.64964" lon="7.60159">
        <ele>1054</ele>
        <time>2026-05-04T01:25:48.7450000+00:00</time>
      </trkpt>
      <trkpt lat="46.64965" lon="7.60163">
        <ele>1054.46</ele>
        <time>2026-05-04T01:25:54.0570000+00:00</time>
      </trkpt>
      <trkpt lat="46.64966" lon="7.60169">
        <ele>1055.3</ele>
        <time>2026-05-04T01:26:01.7600000+00:00</time>
      </trkpt>
      <trkpt lat="46.64965" lon="7.60173">
        <ele>1056.39</ele>
        <time>2026-05-04T01:26:07.0710000+00:00</time>
      </trkpt>
      <trkpt lat="46.64964" lon="7.60176">
        <ele>1057.29</ele>
        <time>2026-05-04T01:26:11.2310000+00:00</time>
      </trkpt>
      <trkpt lat="46.64963" lon="7.6018">
        <ele>1058.39</ele>
        <time>2026-05-04T01:26:16.5420000+00:00</time>
      </trkpt>
      <trkpt lat="46.64964" lon="7.60182">
        <ele>1058.45</ele>
        <time>2026-05-04T01:26:19.6300000+00:00</time>
      </trkpt>
      <trkpt lat="46.64965" lon="7.60185">
        <ele>1058.7</ele>
        <time>2026-05-04T01:26:23.7900000+00:00</time>
      </trkpt>
      <trkpt lat="46.64966" lon="7.60187">
        <ele>1058.76</ele>
        <time>2026-05-04T01:26:26.8770000+00:00</time>
      </trkpt>
      <trkpt lat="46.64967" lon="7.60191">
        <ele>1059.2</ele>
        <time>2026-05-04T01:26:32.1890000+00:00</time>
      </trkpt>
      <trkpt lat="46.64966" lon="7.60192">
        <ele>1059.73</ele>
        <time>2026-05-04T01:26:34.3940000+00:00</time>
      </trkpt>
      <trkpt lat="46.64965" lon="7.60193">
        <ele>1060.25</ele>
        <time>2026-05-04T01:26:36.5990000+00:00</time>
      </trkpt>
      <trkpt lat="46.64962" lon="7.60192">
        <ele>1061.05</ele>
        <time>2026-05-04T01:26:42.1930000+00:00</time>
      </trkpt>
      <trkpt lat="46.64963" lon="7.60196">
        <ele>1061.5</ele>
        <time>2026-05-04T01:26:47.5040000+00:00</time>
      </trkpt>
      <trkpt lat="46.64963" lon="7.602">
        <ele>1062.26</ele>
        <time>2026-05-04T01:26:52.4910000+00:00</time>
      </trkpt>
      <trkpt lat="46.64961" lon="7.60198">
        <ele>1062.56</ele>
        <time>2026-05-04T01:26:56.8950000+00:00</time>
      </trkpt>
      <trkpt lat="46.64958" lon="7.60196">
        <ele>1063.17</ele>
        <time>2026-05-04T01:27:02.8880000+00:00</time>
      </trkpt>
      <trkpt lat="46.64955" lon="7.60195">
        <ele>1063.97</ele>
        <time>2026-05-04T01:27:08.4780000+00:00</time>
      </trkpt>
      <trkpt lat="46.64953" lon="7.60196">
        <ele>1064.84</ele>
        <time>2026-05-04T01:27:12.3220000+00:00</time>
      </trkpt>
      <trkpt lat="46.64952" lon="7.60198">
        <ele>1065.57</ele>
        <time>2026-05-04T01:27:15.4090000+00:00</time>
      </trkpt>
      <trkpt lat="46.64952" lon="7.60201">
        <ele>1066.11</ele>
        <time>2026-05-04T01:27:19.1520000+00:00</time>
      </trkpt>
      <trkpt lat="46.64952" lon="7.60205">
        <ele>1066.71</ele>
        <time>2026-05-04T01:27:24.1410000+00:00</time>
      </trkpt>
      <trkpt lat="46.64951" lon="7.60207">
        <ele>1067.35</ele>
        <time>2026-05-04T01:27:27.2250000+00:00</time>
      </trkpt>
      <trkpt lat="46.6495" lon="7.60207">
        <ele>1067.69</ele>
        <time>2026-05-04T01:27:29.0410000+00:00</time>
      </trkpt>
      <trkpt lat="46.64948" lon="7.60205">
        <ele>1068.08</ele>
        <time>2026-05-04T01:27:33.4510000+00:00</time>
      </trkpt>
      <trkpt lat="46.64946" lon="7.60205">
        <ele>1068.76</ele>
        <time>2026-05-04T01:27:37.0860000+00:00</time>
      </trkpt>
      <trkpt lat="46.64944" lon="7.60206">
        <ele>1069.7</ele>
        <time>2026-05-04T01:27:40.9300000+00:00</time>
      </trkpt>
      <trkpt lat="46.64944" lon="7.60209">
        <ele>1070.18</ele>
        <time>2026-05-04T01:27:44.6700000+00:00</time>
      </trkpt>
      <trkpt lat="46.64946" lon="7.60215">
        <ele>1070.32</ele>
        <time>2026-05-04T01:27:52.9900000+00:00</time>
      </trkpt>
      <trkpt lat="46.64948" lon="7.6022">
        <ele>1070.38</ele>
        <time>2026-05-04T01:28:00.2110000+00:00</time>
      </trkpt>
      <trkpt lat="46.6495" lon="7.60225">
        <ele>1070.41</ele>
        <time>2026-05-04T01:28:07.4310000+00:00</time>
      </trkpt>
      <trkpt lat="46.6495" lon="7.60229">
        <ele>1071.01</ele>
        <time>2026-05-04T01:28:12.4200000+00:00</time>
      </trkpt>
      <trkpt lat="46.64948" lon="7.60231">
        <ele>1072.07</ele>
        <time>2026-05-04T01:28:16.8300000+00:00</time>
      </trkpt>
      <trkpt lat="46.64942" lon="7.60233">
        <ele>1074.85</ele>
        <time>2026-05-04T01:28:28.0160000+00:00</time>
      </trkpt>
      <trkpt lat="46.64934" lon="7.60239">
        <ele>1079.35</ele>
        <time>2026-05-04T01:28:44.3670000+00:00</time>
      </trkpt>
      <trkpt lat="46.64933" lon="7.60251">
        <ele>1081.89</ele>
        <time>2026-05-04T01:28:59.4460000+00:00</time>
      </trkpt>
      <trkpt lat="46.64918" lon="7.60257">
        <ele>1089.94</ele>
        <time>2026-05-04T01:29:27.7130000+00:00</time>
      </trkpt>
      <trkpt lat="46.64916" lon="7.60272">
        <ele>1093.86</ele>
        <time>2026-05-04T01:29:46.7740000+00:00</time>
      </trkpt>
      <trkpt lat="46.64902" lon="7.60279">
        <ele>1102.23</ele>
        <time>2026-05-04T01:30:13.6710000+00:00</time>
      </trkpt>
      <trkpt lat="46.64906" lon="7.60306">
        <ele>1106.57</ele>
        <time>2026-05-04T01:30:48.1270000+00:00</time>
      </trkpt>
      <trkpt lat="46.64896" lon="7.60314">
        <ele>1113.88</ele>
        <time>2026-05-04T01:31:08.8590000+00:00</time>
      </trkpt>
      <trkpt lat="46.64896" lon="7.60335">
        <ele>1119.12</ele>
        <time>2026-05-04T01:31:35.0550000+00:00</time>
      </trkpt>
      <trkpt lat="46.6488" lon="7.60342">
        <ele>1130.03</ele>
        <time>2026-05-04T01:32:05.4130000+00:00</time>
      </trkpt>
      <trkpt lat="46.64873" lon="7.60352">
        <ele>1136.8</ele>
        <time>2026-05-04T01:32:23.2300000+00:00</time>
      </trkpt>
      <trkpt lat="46.6487" lon="7.6036">
        <ele>1140.79</ele>
        <time>2026-05-04T01:32:34.6010000+00:00</time>
      </trkpt>
      <trkpt lat="46.64878" lon="7.60387">
        <ele>1144.56</ele>
        <time>2026-05-04T01:33:11.2860000+00:00</time>
      </trkpt>
      <trkpt lat="46.64898" lon="7.60444">
        <ele>1148.18</ele>
        <time>2026-05-04T01:34:31.1400000+00:00</time>
      </trkpt>
      <trkpt lat="46.64905" lon="7.60474">
        <ele>1152.24</ele>
        <time>2026-05-04T01:35:10.6660000+00:00</time>
      </trkpt>
      <trkpt lat="46.64898" lon="7.60471">
        <ele>1156.16</ele>
        <time>2026-05-04T01:35:23.9260000+00:00</time>
      </trkpt>
      <trkpt lat="46.6488" lon="7.60458">
        <ele>1165.63</ele>
        <time>2026-05-04T01:36:00.4340000+00:00</time>
      </trkpt>
      <trkpt lat="46.64872" lon="7.60456">
        <ele>1171.13</ele>
        <time>2026-05-04T01:36:15.1840000+00:00</time>
      </trkpt>
      <trkpt lat="46.64869" lon="7.60454">
        <ele>1172.97</ele>
        <time>2026-05-04T01:36:21.1790000+00:00</time>
      </trkpt>
      <trkpt lat="46.64866" lon="7.60454">
        <ele>1175.23</ele>
        <time>2026-05-04T01:36:26.6310000+00:00</time>
      </trkpt>
      <trkpt lat="46.64863" lon="7.60454">
        <ele>1177.5</ele>
        <time>2026-05-04T01:36:32.0850000+00:00</time>
      </trkpt>
      <trkpt lat="46.6486" lon="7.60452">
        <ele>1178.97</ele>
        <time>2026-05-04T01:36:38.0800000+00:00</time>
      </trkpt>
      <trkpt lat="46.64852" lon="7.6045">
        <ele>1183.31</ele>
        <time>2026-05-04T01:36:52.8300000+00:00</time>
      </trkpt>
      <trkpt lat="46.64842" lon="7.60449">
        <ele>1188.89</ele>
        <time>2026-05-04T01:37:11.0450000+00:00</time>
      </trkpt>
      <trkpt lat="46.6483" lon="7.60446">
        <ele>1194.75</ele>
        <time>2026-05-04T01:37:33.1700000+00:00</time>
      </trkpt>
      <trkpt lat="46.64819" lon="7.60441">
        <ele>1199.12</ele>
        <time>2026-05-04T01:37:54.1100000+00:00</time>
      </trkpt>
      <trkpt lat="46.64799" lon="7.60421">
        <ele>1202.02</ele>
        <time>2026-05-04T01:38:38.1930000+00:00</time>
      </trkpt>
      <trkpt lat="46.64811" lon="7.60466">
        <ele>1210.32</ele>
        <time>2026-05-04T01:39:38.4150000+00:00</time>
      </trkpt>
      <trkpt lat="46.64824" lon="7.60495">
        <ele>1207.9</ele>
        <time>2026-05-04T01:40:21.6210000+00:00</time>
      </trkpt>
      <trkpt lat="46.64847" lon="7.60545">
        <ele>1206.54</ele>
        <time>2026-05-04T01:41:36.7030000+00:00</time>
      </trkpt>
      <trkpt lat="46.64846" lon="7.6055">
        <ele>1209.3</ele>
        <time>2026-05-04T01:41:43.2000000+00:00</time>
      </trkpt>
      <trkpt lat="46.64836" lon="7.60555">
        <ele>1216.84</ele>
        <time>2026-05-04T01:42:02.4140000+00:00</time>
      </trkpt>
      <trkpt lat="46.64826" lon="7.60557">
        <ele>1222.97</ele>
        <time>2026-05-04T01:42:20.7560000+00:00</time>
      </trkpt>
      <trkpt lat="46.64797" lon="7.6055">
        <ele>1236.08</ele>
        <time>2026-05-04T01:43:14.1730000+00:00</time>
      </trkpt>
      <trkpt lat="46.64785" lon="7.60552">
        <ele>1243.22</ele>
        <time>2026-05-04T01:43:36.1210000+00:00</time>
      </trkpt>
      <trkpt lat="46.64778" lon="7.60556">
        <ele>1248.08</ele>
        <time>2026-05-04T01:43:49.7840000+00:00</time>
      </trkpt>
      <trkpt lat="46.64772" lon="7.60569">
        <ele>1254.42</ele>
        <time>2026-05-04T01:44:09.3260000+00:00</time>
      </trkpt>
      <trkpt lat="46.64774" lon="7.60577">
        <ele>1255.55</ele>
        <time>2026-05-04T01:44:19.9470000+00:00</time>
      </trkpt>
      <trkpt lat="46.64784" lon="7.6059">
        <ele>1254.69</ele>
        <time>2026-05-04T01:44:44.3020000+00:00</time>
      </trkpt>
      <trkpt lat="46.64778" lon="7.60599">
        <ele>1259.76</ele>
        <time>2026-05-04T01:44:59.9530000+00:00</time>
      </trkpt>
      <trkpt lat="46.64753" lon="7.60648">
        <ele>1277.78</ele>
        <time>2026-05-04T01:46:16.1130000+00:00</time>
      </trkpt>
      <trkpt lat="46.6473" lon="7.60682">
        <ele>1288.49</ele>
        <time>2026-05-04T01:47:15.6600000+00:00</time>
      </trkpt>
      <trkpt lat="46.64716" lon="7.60687">
        <ele>1291.98</ele>
        <time>2026-05-04T01:47:41.8540000+00:00</time>
      </trkpt>
      <trkpt lat="46.6468" lon="7.60704">
        <ele>1298.33</ele>
        <time>2026-05-04T01:48:50.6250000+00:00</time>
      </trkpt>
      <trkpt lat="46.64677" lon="7.60704">
        <ele>1298.63</ele>
        <time>2026-05-04T01:48:56.0790000+00:00</time>
      </trkpt>
      <trkpt lat="46.64674" lon="7.60705">
        <ele>1298.89</ele>
        <time>2026-05-04T01:49:01.6730000+00:00</time>
      </trkpt>
      <trkpt lat="46.64672" lon="7.60705">
        <ele>1299.1</ele>
        <time>2026-05-04T01:49:05.3120000+00:00</time>
      </trkpt>
      <trkpt lat="46.64669" lon="7.60708">
        <ele>1299.29</ele>
        <time>2026-05-04T01:49:11.9230000+00:00</time>
      </trkpt>
      <trkpt lat="46.64664" lon="7.60715">
        <ele>1299.58</ele>
        <time>2026-05-04T01:49:24.5250000+00:00</time>
      </trkpt>
      <trkpt lat="46.64661" lon="7.6072">
        <ele>1299.76</ele>
        <time>2026-05-04T01:49:32.8110000+00:00</time>
      </trkpt>
      <trkpt lat="46.64656" lon="7.60729">
        <ele>1300.1</ele>
        <time>2026-05-04T01:49:47.2550000+00:00</time>
      </trkpt>
      <trkpt lat="46.64653" lon="7.60733">
        <ele>1300.38</ele>
        <time>2026-05-04T01:49:54.6450000+00:00</time>
      </trkpt>
      <trkpt lat="46.64648" lon="7.60736">
        <ele>1300.95</ele>
        <time>2026-05-04T01:50:04.4720000+00:00</time>
      </trkpt>
      <trkpt lat="46.64642" lon="7.60741">
        <ele>1301.65</ele>
        <time>2026-05-04T01:50:17.0340000+00:00</time>
      </trkpt>
      <trkpt lat="46.6463" lon="7.6075">
        <ele>1303.21</ele>
        <time>2026-05-04T01:50:41.5610000+00:00</time>
      </trkpt>
      <trkpt lat="46.64622" lon="7.60757">
        <ele>1304.35</ele>
        <time>2026-05-04T01:50:58.5200000+00:00</time>
      </trkpt>
      <trkpt lat="46.64617" lon="7.60761">
        <ele>1305.12</ele>
        <time>2026-05-04T01:51:08.8860000+00:00</time>
      </trkpt>
      <trkpt lat="46.64613" lon="7.60763">
        <ele>1305.74</ele>
        <time>2026-05-04T01:51:16.5710000+00:00</time>
      </trkpt>
      <trkpt lat="46.6461" lon="7.60763">
        <ele>1306.24</ele>
        <time>2026-05-04T01:51:22.0230000+00:00</time>
      </trkpt>
      <trkpt lat="46.64606" lon="7.60763">
        <ele>1306.93</ele>
        <time>2026-05-04T01:51:29.2940000+00:00</time>
      </trkpt>
      <trkpt lat="46.64602" lon="7.60763">
        <ele>1307.61</ele>
        <time>2026-05-04T01:51:36.5640000+00:00</time>
      </trkpt>
      <trkpt lat="46.64593" lon="7.60764">
        <ele>1309.14</ele>
        <time>2026-05-04T01:51:52.9670000+00:00</time>
      </trkpt>
      <trkpt lat="46.64581" lon="7.60767">
        <ele>1311.14</ele>
        <time>2026-05-04T01:52:15.0910000+00:00</time>
      </trkpt>
      <trkpt lat="46.64564" lon="7.60775">
        <ele>1313.8</ele>
        <time>2026-05-04T01:52:47.5560000+00:00</time>
      </trkpt>
      <trkpt lat="46.64539" lon="7.60788">
        <ele>1318.04</ele>
        <time>2026-05-04T01:53:35.7940000+00:00</time>
      </trkpt>
      <trkpt lat="46.64524" lon="7.60798">
        <ele>1321.82</ele>
        <time>2026-05-04T01:54:05.7710000+00:00</time>
      </trkpt>
      <trkpt lat="46.64508" lon="7.60814">
        <ele>1327.28</ele>
        <time>2026-05-04T01:54:41.0380000+00:00</time>
      </trkpt>
      <trkpt lat="46.64489" lon="7.60833">
        <ele>1333.87</ele>
        <time>2026-05-04T01:55:22.9180000+00:00</time>
      </trkpt>
      <trkpt lat="46.64474" lon="7.60847">
        <ele>1339.04</ele>
        <time>2026-05-04T01:55:55.2920000+00:00</time>
      </trkpt>
      <trkpt lat="46.64459" lon="7.60858">
        <ele>1343.95</ele>
        <time>2026-05-04T01:56:25.8090000+00:00</time>
      </trkpt>
      <trkpt lat="46.64445" lon="7.60864">
        <ele>1348.09</ele>
        <time>2026-05-04T01:56:52.3280000+00:00</time>
      </trkpt>
      <trkpt lat="46.64433" lon="7.60869">
        <ele>1352.08</ele>
        <time>2026-05-04T01:57:15.0090000+00:00</time>
      </trkpt>
      <trkpt lat="46.64428" lon="7.60873">
        <ele>1354.62</ele>
        <time>2026-05-04T01:57:25.3780000+00:00</time>
      </trkpt>
      <trkpt lat="46.64426" lon="7.60875">
        <ele>1355.78</ele>
        <time>2026-05-04T01:57:29.7880000+00:00</time>
      </trkpt>
      <trkpt lat="46.6442" lon="7.60879">
        <ele>1358.59</ele>
        <time>2026-05-04T01:57:41.7790000+00:00</time>
      </trkpt>
      <trkpt lat="46.64414" lon="7.6088">
        <ele>1360.36</ele>
        <time>2026-05-04T01:57:52.7540000+00:00</time>
      </trkpt>
      <trkpt lat="46.64404" lon="7.6088">
        <ele>1362.72</ele>
        <time>2026-05-04T01:58:10.9270000+00:00</time>
      </trkpt>
      <trkpt lat="46.64392" lon="7.60883">
        <ele>1366.66</ele>
        <time>2026-05-04T01:58:33.0520000+00:00</time>
      </trkpt>
      <trkpt lat="46.64384" lon="7.60885">
        <ele>1369.31</ele>
        <time>2026-05-04T01:58:47.8020000+00:00</time>
      </trkpt>
      <trkpt lat="46.64366" lon="7.60889">
        <ele>1375.14</ele>
        <time>2026-05-04T01:59:20.8900000+00:00</time>
      </trkpt>
      <trkpt lat="46.64352" lon="7.60892">
        <ele>1379.92</ele>
        <time>2026-05-04T01:59:46.6040000+00:00</time>
      </trkpt>
      <trkpt lat="46.64338" lon="7.60897">
        <ele>1385.29</ele>
        <time>2026-05-04T02:00:12.7990000+00:00</time>
      </trkpt>
      <trkpt lat="46.64319" lon="7.60909">
        <ele>1393.74</ele>
        <time>2026-05-04T02:00:50.4310000+00:00</time>
      </trkpt>
      <trkpt lat="46.64299" lon="7.60925">
        <ele>1402.6</ele>
        <time>2026-05-04T02:01:31.8960000+00:00</time>
      </trkpt>
      <trkpt lat="46.64275" lon="7.6094">
        <ele>1410.98</ele>
        <time>2026-05-04T02:02:19.3540000+00:00</time>
      </trkpt>
      <trkpt lat="46.64236" lon="7.60972">
        <ele>1429.16</ele>
        <time>2026-05-04T02:03:40.6960000+00:00</time>
      </trkpt>
      <trkpt lat="46.64221" lon="7.60979">
        <ele>1434.46</ele>
        <time>2026-05-04T02:04:09.3190000+00:00</time>
      </trkpt>
      <trkpt lat="46.64215" lon="7.60982">
        <ele>1436.62</ele>
        <time>2026-05-04T02:04:20.8470000+00:00</time>
      </trkpt>
      <trkpt lat="46.642" lon="7.60981">
        <ele>1438.65</ele>
        <time>2026-05-04T02:04:48.1330000+00:00</time>
      </trkpt>
      <trkpt lat="46.64195" lon="7.60984">
        <ele>1440.77</ele>
        <time>2026-05-04T02:04:57.9600000+00:00</time>
      </trkpt>
      <trkpt lat="46.64194" lon="7.60983">
        <ele>1440.66</ele>
        <time>2026-05-04T02:05:00.1650000+00:00</time>
      </trkpt>
      <trkpt lat="46.64192" lon="7.6098">
        <ele>1440.08</ele>
        <time>2026-05-04T02:05:05.3800000+00:00</time>
      </trkpt>
      <trkpt lat="46.64178" lon="7.60989">
        <ele>1446.85</ele>
        <time>2026-05-04T02:05:33.1890000+00:00</time>
      </trkpt>
      <trkpt lat="46.64159" lon="7.61001">
        <ele>1454.59</ele>
        <time>2026-05-04T02:06:10.8210000+00:00</time>
      </trkpt>
      <trkpt lat="46.64154" lon="7.61005">
        <ele>1456.57</ele>
        <time>2026-05-04T02:06:21.1870000+00:00</time>
      </trkpt>
      <trkpt lat="46.64151" lon="7.61008">
        <ele>1457.82</ele>
        <time>2026-05-04T02:06:27.7990000+00:00</time>
      </trkpt>
      <trkpt lat="46.64149" lon="7.61016">
        <ele>1459.94</ele>
        <time>2026-05-04T02:06:38.4190000+00:00</time>
      </trkpt>
      <trkpt lat="46.64148" lon="7.61021">
        <ele>1461.18</ele>
        <time>2026-05-04T02:06:44.9170000+00:00</time>
      </trkpt>
      <trkpt lat="46.64148" lon="7.61028">
        <ele>1462.69</ele>
        <time>2026-05-04T02:06:53.6490000+00:00</time>
      </trkpt>
      <trkpt lat="46.64149" lon="7.61035">
        <ele>1464.54</ele>
        <time>2026-05-04T02:07:02.5700000+00:00</time>
      </trkpt>
      <trkpt lat="46.6415" lon="7.61043">
        <ele>1467.55</ele>
        <time>2026-05-04T02:07:12.7140000+00:00</time>
      </trkpt>
      <trkpt lat="46.64153" lon="7.61054">
        <ele>1471.56</ele>
        <time>2026-05-04T02:07:27.4810000+00:00</time>
      </trkpt>
      <trkpt lat="46.64157" lon="7.61067">
        <ele>1476.3</ele>
        <time>2026-05-04T02:07:45.2550000+00:00</time>
      </trkpt>
      <trkpt lat="46.6416" lon="7.61074">
        <ele>1478.81</ele>
        <time>2026-05-04T02:07:55.5510000+00:00</time>
      </trkpt>
      <trkpt lat="46.64162" lon="7.61076">
        <ele>1479.44</ele>
        <time>2026-05-04T02:07:59.9610000+00:00</time>
      </trkpt>
      <trkpt lat="46.64164" lon="7.61078">
        <ele>1480.07</ele>
        <time>2026-05-04T02:08:04.3690000+00:00</time>
      </trkpt>
      <trkpt lat="46.64167" lon="7.61081">
        <ele>1481.03</ele>
        <time>2026-05-04T02:08:10.9800000+00:00</time>
      </trkpt>
      <trkpt lat="46.64172" lon="7.61084">
        <ele>1481.85</ele>
        <time>2026-05-04T02:08:20.8070000+00:00</time>
      </trkpt>
      <trkpt lat="46.64176" lon="7.61085">
        <ele>1481.95</ele>
        <time>2026-05-04T02:08:28.1830000+00:00</time>
      </trkpt>
      <trkpt lat="46.64182" lon="7.61087">
        <ele>1482.32</ele>
        <time>2026-05-04T02:08:39.3680000+00:00</time>
      </trkpt>
      <trkpt lat="46.6419" lon="7.61089">
        <ele>1482.55</ele>
        <time>2026-05-04T02:08:54.1200000+00:00</time>
      </trkpt>
      <trkpt lat="46.64197" lon="7.61092">
        <ele>1483.19</ele>
        <time>2026-05-04T02:09:07.3790000+00:00</time>
      </trkpt>
      <trkpt lat="46.64204" lon="7.61095">
        <ele>1482.66</ele>
        <time>2026-05-04T02:09:20.6380000+00:00</time>
      </trkpt>
      <trkpt lat="46.64214" lon="7.611">
        <ele>1482.05</ele>
        <time>2026-05-04T02:09:39.8510000+00:00</time>
      </trkpt>
      <trkpt lat="46.64229" lon="7.61105">
        <ele>1479.9</ele>
        <time>2026-05-04T02:10:07.8140000+00:00</time>
      </trkpt>
      <trkpt lat="46.64243" lon="7.6111">
        <ele>1477.76</ele>
        <time>2026-05-04T02:10:34.0080000+00:00</time>
      </trkpt>
      <trkpt lat="46.64249" lon="7.61113">
        <ele>1477.02</ele>
        <time>2026-05-04T02:10:45.5350000+00:00</time>
      </trkpt>
      <trkpt lat="46.64254" lon="7.61117">
        <ele>1476.67</ele>
        <time>2026-05-04T02:10:55.9000000+00:00</time>
      </trkpt>
      <trkpt lat="46.64258" lon="7.61121">
        <ele>1476.31</ele>
        <time>2026-05-04T02:11:04.7170000+00:00</time>
      </trkpt>
      <trkpt lat="46.64261" lon="7.61127">
        <ele>1476.66</ele>
        <time>2026-05-04T02:11:13.9770000+00:00</time>
      </trkpt>
      <trkpt lat="46.64264" lon="7.61133">
        <ele>1477.04</ele>
        <time>2026-05-04T02:11:23.2370000+00:00</time>
      </trkpt>
      <trkpt lat="46.64269" lon="7.6114">
        <ele>1477.12</ele>
        <time>2026-05-04T02:11:35.8390000+00:00</time>
      </trkpt>
      <trkpt lat="46.64276" lon="7.61148">
        <ele>1476.96</ele>
        <time>2026-05-04T02:11:52.0070000+00:00</time>
      </trkpt>
      <trkpt lat="46.64286" lon="7.61158">
        <ele>1476.8</ele>
        <time>2026-05-04T02:12:14.0500000+00:00</time>
      </trkpt>
      <trkpt lat="46.64289" lon="7.61162">
        <ele>1477.08</ele>
        <time>2026-05-04T02:12:21.4420000+00:00</time>
      </trkpt>
      <trkpt lat="46.64292" lon="7.6117">
        <ele>1478.35</ele>
        <time>2026-05-04T02:12:32.8150000+00:00</time>
      </trkpt>
      <trkpt lat="46.64293" lon="7.61175">
        <ele>1479.35</ele>
        <time>2026-05-04T02:12:39.3130000+00:00</time>
      </trkpt>
      <trkpt lat="46.64292" lon="7.61179">
        <ele>1480.49</ele>
        <time>2026-05-04T02:12:44.6240000+00:00</time>
      </trkpt>
      <trkpt lat="46.64285" lon="7.61192">
        <ele>1484.67</ele>
        <time>2026-05-04T02:13:05.2360000+00:00</time>
      </trkpt>
      <trkpt lat="46.64277" lon="7.61196">
        <ele>1486.96</ele>
        <time>2026-05-04T02:13:20.6060000+00:00</time>
      </trkpt>
      <trkpt lat="46.64261" lon="7.61211">
        <ele>1495.57</ele>
        <time>2026-05-04T02:13:55.1830000+00:00</time>
      </trkpt>
      <trkpt lat="46.64242" lon="7.61215">
        <ele>1501.05</ele>
        <time>2026-05-04T02:14:30.0690000+00:00</time>
      </trkpt>
      <trkpt lat="46.64234" lon="7.61225">
        <ele>1506.37</ele>
        <time>2026-05-04T02:14:49.2250000+00:00</time>
      </trkpt>
      <trkpt lat="46.64201" lon="7.61241">
        <ele>1518.74</ele>
        <time>2026-05-04T02:15:52.4280000+00:00</time>
      </trkpt>
      <trkpt lat="46.64195" lon="7.61238">
        <ele>1518.95</ele>
        <time>2026-05-04T02:16:03.9550000+00:00</time>
      </trkpt>
      <trkpt lat="46.64194" lon="7.61238">
        <ele>1519.19</ele>
        <time>2026-05-04T02:16:05.7770000+00:00</time>
      </trkpt>
      <trkpt lat="46.64193" lon="7.61239">
        <ele>1519.77</ele>
        <time>2026-05-04T02:16:07.9820000+00:00</time>
      </trkpt>
      <trkpt lat="46.64188" lon="7.61235">
        <ele>1519.59</ele>
        <time>2026-05-04T02:16:18.3480000+00:00</time>
      </trkpt>
      <trkpt lat="46.64186" lon="7.61233">
        <ele>1519.39</ele>
        <time>2026-05-04T02:16:22.7580000+00:00</time>
      </trkpt>
      <trkpt lat="46.64184" lon="7.61233">
        <ele>1519.87</ele>
        <time>2026-05-04T02:16:26.3900000+00:00</time>
      </trkpt>
      <trkpt lat="46.64181" lon="7.61234">
        <ele>1520.94</ele>
        <time>2026-05-04T02:16:31.9840000+00:00</time>
      </trkpt>
      <trkpt lat="46.64164" lon="7.61228">
        <ele>1523.03</ele>
        <time>2026-05-04T02:17:03.7700000+00:00</time>
      </trkpt>
      <trkpt lat="46.64154" lon="7.6122">
        <ele>1522.78</ele>
        <time>2026-05-04T02:17:24.5020000+00:00</time>
      </trkpt>
      <trkpt lat="46.64155" lon="7.61225">
        <ele>1524.21</ele>
        <time>2026-05-04T02:17:30.9990000+00:00</time>
      </trkpt>
      <trkpt lat="46.64157" lon="7.61233">
        <ele>1526.42</ele>
        <time>2026-05-04T02:17:41.6220000+00:00</time>
      </trkpt>
      <trkpt lat="46.64156" lon="7.61238">
        <ele>1528.34</ele>
        <time>2026-05-04T02:17:48.1200000+00:00</time>
      </trkpt>
      <trkpt lat="46.64155" lon="7.61239">
        <ele>1528.92</ele>
        <time>2026-05-04T02:17:50.3250000+00:00</time>
      </trkpt>
      <trkpt lat="46.64151" lon="7.61239">
        <ele>1529.88</ele>
        <time>2026-05-04T02:17:57.5930000+00:00</time>
      </trkpt>
      <trkpt lat="46.64144" lon="7.61238">
        <ele>1531.23</ele>
        <time>2026-05-04T02:18:10.3740000+00:00</time>
      </trkpt>
      <trkpt lat="46.64138" lon="7.61239">
        <ele>1533.01</ele>
        <time>2026-05-04T02:18:21.3490000+00:00</time>
      </trkpt>
      <trkpt lat="46.64133" lon="7.61238">
        <ele>1533.88</ele>
        <time>2026-05-04T02:18:30.5200000+00:00</time>
      </trkpt>
      <trkpt lat="46.64134" lon="7.61243">
        <ele>1535.29</ele>
        <time>2026-05-04T02:18:37.0170000+00:00</time>
      </trkpt>
      <trkpt lat="46.64136" lon="7.61249">
        <ele>1536.8</ele>
        <time>2026-05-04T02:18:45.3390000+00:00</time>
      </trkpt>
      <trkpt lat="46.64138" lon="7.61252">
        <ele>1537.32</ele>
        <time>2026-05-04T02:18:50.5590000+00:00</time>
      </trkpt>
      <trkpt lat="46.6414" lon="7.61256">
        <ele>1538.17</ele>
        <time>2026-05-04T02:18:56.7340000+00:00</time>
      </trkpt>
      <trkpt lat="46.6414" lon="7.61258">
        <ele>1538.84</ele>
        <time>2026-05-04T02:18:59.2260000+00:00</time>
      </trkpt>
      <trkpt lat="46.64137" lon="7.61256">
        <ele>1538.88</ele>
        <time>2026-05-04T02:19:05.2210000+00:00</time>
      </trkpt>
      <trkpt lat="46.64132" lon="7.61255">
        <ele>1539.73</ele>
        <time>2026-05-04T02:19:14.3910000+00:00</time>
      </trkpt>
      <trkpt lat="46.64128" lon="7.61254">
        <ele>1540.35</ele>
        <time>2026-05-04T02:19:21.7650000+00:00</time>
      </trkpt>
      <trkpt lat="46.64127" lon="7.61258">
        <ele>1541.9</ele>
        <time>2026-05-04T02:19:27.0750000+00:00</time>
      </trkpt>
      <trkpt lat="46.64129" lon="7.61265">
        <ele>1543.73</ele>
        <time>2026-05-04T02:19:36.5330000+00:00</time>
      </trkpt>
      <trkpt lat="46.6413" lon="7.61269">
        <ele>1544.81</ele>
        <time>2026-05-04T02:19:41.8450000+00:00</time>
      </trkpt>
      <trkpt lat="46.64129" lon="7.61275">
        <ele>1547.01</ele>
        <time>2026-05-04T02:19:49.5490000+00:00</time>
      </trkpt>
      <trkpt lat="46.64126" lon="7.61279">
        <ele>1549.02</ele>
        <time>2026-05-04T02:19:56.9410000+00:00</time>
      </trkpt>
      <trkpt lat="46.64125" lon="7.61282">
        <ele>1550.23</ele>
        <time>2026-05-04T02:20:01.1040000+00:00</time>
      </trkpt>
      <trkpt lat="46.64123" lon="7.61288">
        <ele>1553.3</ele>
        <time>2026-05-04T02:20:09.4270000+00:00</time>
      </trkpt>
      <trkpt lat="46.64116" lon="7.61294">
        <ele>1557.47</ele>
        <time>2026-05-04T02:20:24.1870000+00:00</time>
      </trkpt>
      <trkpt lat="46.64114" lon="7.61298">
        <ele>1559.64</ele>
        <time>2026-05-04T02:20:30.3610000+00:00</time>
      </trkpt>
      <trkpt lat="46.64106" lon="7.61302">
        <ele>1563.11</ele>
        <time>2026-05-04T02:20:45.7310000+00:00</time>
      </trkpt>
      <trkpt lat="46.64105" lon="7.61304">
        <ele>1564.17</ele>
        <time>2026-05-04T02:20:48.8220000+00:00</time>
      </trkpt>
      <trkpt lat="46.64103" lon="7.6131">
        <ele>1567.12</ele>
        <time>2026-05-04T02:20:57.1440000+00:00</time>
      </trkpt>
      <trkpt lat="46.64098" lon="7.61312">
        <ele>1568.99</ele>
        <time>2026-05-04T02:21:06.5670000+00:00</time>
      </trkpt>
      <trkpt lat="46.64094" lon="7.61312">
        <ele>1569.82</ele>
        <time>2026-05-04T02:21:13.8380000+00:00</time>
      </trkpt>
      <trkpt lat="46.64088" lon="7.61312">
        <ele>1571.05</ele>
        <time>2026-05-04T02:21:24.7400000+00:00</time>
      </trkpt>
      <trkpt lat="46.64088" lon="7.61314">
        <ele>1571.86</ele>
        <time>2026-05-04T02:21:27.2320000+00:00</time>
      </trkpt>
      <trkpt lat="46.64086" lon="7.61316">
        <ele>1573.07</ele>
        <time>2026-05-04T02:21:31.6420000+00:00</time>
      </trkpt>
      <trkpt lat="46.64082" lon="7.61317">
        <ele>1574.27</ele>
        <time>2026-05-04T02:21:39.0180000+00:00</time>
      </trkpt>
      <trkpt lat="46.64077" lon="7.61318">
        <ele>1575.66</ele>
        <time>2026-05-04T02:21:48.1890000+00:00</time>
      </trkpt>
      <trkpt lat="46.64072" lon="7.61319">
        <ele>1577.04</ele>
        <time>2026-05-04T02:21:57.3590000+00:00</time>
      </trkpt>
      <trkpt lat="46.64067" lon="7.61321">
        <ele>1578.79</ele>
        <time>2026-05-04T02:22:06.7810000+00:00</time>
      </trkpt>
      <trkpt lat="46.64061" lon="7.61325">
        <ele>1581.45</ele>
        <time>2026-05-04T02:22:18.7720000+00:00</time>
      </trkpt>
      <trkpt lat="46.64055" lon="7.61329">
        <ele>1584.05</ele>
        <time>2026-05-04T02:22:30.7630000+00:00</time>
      </trkpt>
      <trkpt lat="46.64048" lon="7.61333">
        <ele>1586.79</ele>
        <time>2026-05-04T02:22:44.4270000+00:00</time>
      </trkpt>
      <trkpt lat="46.64039" lon="7.61338">
        <ele>1590.16</ele>
        <time>2026-05-04T02:23:01.9320000+00:00</time>
      </trkpt>
      <trkpt lat="46.64033" lon="7.61343">
        <ele>1592.91</ele>
        <time>2026-05-04T02:23:14.4940000+00:00</time>
      </trkpt>
      <trkpt lat="46.64026" lon="7.61348">
        <ele>1595.15</ele>
        <time>2026-05-04T02:23:28.6610000+00:00</time>
      </trkpt>
      <trkpt lat="46.6402" lon="7.61354">
        <ele>1597.24</ele>
        <time>2026-05-04T02:23:41.8870000+00:00</time>
      </trkpt>
      <trkpt lat="46.64015" lon="7.6136">
        <ele>1599.32</ele>
        <time>2026-05-04T02:23:53.6590000+00:00</time>
      </trkpt>
      <trkpt lat="46.6401" lon="7.61364">
        <ele>1600.73</ele>
        <time>2026-05-04T02:24:04.0250000+00:00</time>
      </trkpt>
      <trkpt lat="46.64005" lon="7.61367">
        <ele>1601.82</ele>
        <time>2026-05-04T02:24:13.8520000+00:00</time>
      </trkpt>
      <trkpt lat="46.63999" lon="7.6137">
        <ele>1602.96</ele>
        <time>2026-05-04T02:24:25.3790000+00:00</time>
      </trkpt>
      <trkpt lat="46.63996" lon="7.61372">
        <ele>1603.71</ele>
        <time>2026-05-04T02:24:31.3760000+00:00</time>
      </trkpt>
      <trkpt lat="46.63994" lon="7.61375">
        <ele>1604.8</ele>
        <time>2026-05-04T02:24:36.5940000+00:00</time>
      </trkpt>
      <trkpt lat="46.63994" lon="7.61378">
        <ele>1605.86</ele>
        <time>2026-05-04T02:24:40.3360000+00:00</time>
      </trkpt>
      <trkpt lat="46.63985" lon="7.61386">
        <ele>1608.78</ele>
        <time>2026-05-04T02:24:59.4970000+00:00</time>
      </trkpt>
      <trkpt lat="46.63975" lon="7.61394">
        <ele>1611.69</ele>
        <time>2026-05-04T02:25:20.2300000+00:00</time>
      </trkpt>
      <trkpt lat="46.63965" lon="7.614">
        <ele>1613.88</ele>
        <time>2026-05-04T02:25:39.8840000+00:00</time>
      </trkpt>
      <trkpt lat="46.6396" lon="7.61406">
        <ele>1616.01</ele>
        <time>2026-05-04T02:25:51.6570000+00:00</time>
      </trkpt>
      <trkpt lat="46.63958" lon="7.61407">
        <ele>1616.38</ele>
        <time>2026-05-04T02:25:55.4980000+00:00</time>
      </trkpt>
      <trkpt lat="46.63956" lon="7.61408">
        <ele>1616.74</ele>
        <time>2026-05-04T02:25:59.3390000+00:00</time>
      </trkpt>
      <trkpt lat="46.63949" lon="7.61411">
        <ele>1617.82</ele>
        <time>2026-05-04T02:26:12.5990000+00:00</time>
      </trkpt>
      <trkpt lat="46.63946" lon="7.61416">
        <ele>1619.45</ele>
        <time>2026-05-04T02:26:20.8840000+00:00</time>
      </trkpt>
      <trkpt lat="46.63936" lon="7.61427">
        <ele>1621.54</ele>
        <time>2026-05-04T02:26:43.6560000+00:00</time>
      </trkpt>
      <trkpt lat="46.63928" lon="7.61437">
        <ele>1623.78</ele>
        <time>2026-05-04T02:27:02.8130000+00:00</time>
      </trkpt>
      <trkpt lat="46.63916" lon="7.61439">
        <ele>1622.53</ele>
        <time>2026-05-04T02:27:24.7610000+00:00</time>
      </trkpt>
      <trkpt lat="46.63895" lon="7.6144">
        <ele>1619.47</ele>
        <time>2026-05-04T02:28:02.9430000+00:00</time>
      </trkpt>
      <trkpt lat="46.63881" lon="7.61442">
        <ele>1617.99</ele>
        <time>2026-05-04T02:28:28.5060000+00:00</time>
      </trkpt>
      <trkpt lat="46.63873" lon="7.61444">
        <ele>1617.52</ele>
        <time>2026-05-04T02:28:43.2560000+00:00</time>
      </trkpt>
      <trkpt lat="46.63847" lon="7.61458">
        <ele>1621.53</ele>
        <time>2026-05-04T02:29:33.6290000+00:00</time>
      </trkpt>
      <trkpt lat="46.63822" lon="7.61466">
        <ele>1623.81</ele>
        <time>2026-05-04T02:30:20.1420000+00:00</time>
      </trkpt>
      <trkpt lat="46.63797" lon="7.61474">
        <ele>1626.22</ele>
        <time>2026-05-04T02:31:06.6550000+00:00</time>
      </trkpt>
      <trkpt lat="46.63781" lon="7.61478">
        <ele>1627.2</ele>
        <time>2026-05-04T02:31:36.1560000+00:00</time>
      </trkpt>
      <trkpt lat="46.63768" lon="7.61478">
        <ele>1627.31</ele>
        <time>2026-05-04T02:31:59.7790000+00:00</time>
      </trkpt>
      <trkpt lat="46.63757" lon="7.61477">
        <ele>1626.94</ele>
        <time>2026-05-04T02:32:19.8070000+00:00</time>
      </trkpt>
      <trkpt lat="46.63741" lon="7.6147">
        <ele>1623.64</ele>
        <time>2026-05-04T02:32:50.1650000+00:00</time>
      </trkpt>
      <trkpt lat="46.63732" lon="7.61467">
        <ele>1622.36</ele>
        <time>2026-05-04T02:33:06.9420000+00:00</time>
      </trkpt>
      <trkpt lat="46.63724" lon="7.61468">
        <ele>1623.07</ele>
        <time>2026-05-04T02:33:21.5330000+00:00</time>
      </trkpt>
      <trkpt lat="46.63716" lon="7.61468">
        <ele>1623.27</ele>
        <time>2026-05-04T02:33:36.0690000+00:00</time>
      </trkpt>
      <trkpt lat="46.63709" lon="7.61462">
        <ele>1620.63</ele>
        <time>2026-05-04T02:33:50.8300000+00:00</time>
      </trkpt>
      <trkpt lat="46.63702" lon="7.61459">
        <ele>1619.47</ele>
        <time>2026-05-04T02:34:04.0890000+00:00</time>
      </trkpt>
      <trkpt lat="46.6369" lon="7.6146">
        <ele>1621.69</ele>
        <time>2026-05-04T02:34:25.9310000+00:00</time>
      </trkpt>
      <trkpt lat="46.63681" lon="7.6146">
        <ele>1623.74</ele>
        <time>2026-05-04T02:34:42.2850000+00:00</time>
      </trkpt>
      <trkpt lat="46.63676" lon="7.61461">
        <ele>1625.29</ele>
        <time>2026-05-04T02:34:51.4560000+00:00</time>
      </trkpt>
      <trkpt lat="46.63674" lon="7.6146">
        <ele>1625.34</ele>
        <time>2026-05-04T02:34:55.2970000+00:00</time>
      </trkpt>
      <trkpt lat="46.63673" lon="7.61458">
        <ele>1624.76</ele>
        <time>2026-05-04T02:34:58.3850000+00:00</time>
      </trkpt>
      <trkpt lat="46.63673" lon="7.61455">
        <ele>1623.54</ele>
        <time>2026-05-04T02:35:02.1270000+00:00</time>
      </trkpt>
      <trkpt lat="46.63671" lon="7.61451">
        <ele>1622.42</ele>
        <time>2026-05-04T02:35:08.3000000+00:00</time>
      </trkpt>
      <trkpt lat="46.63666" lon="7.61449">
        <ele>1622.88</ele>
        <time>2026-05-04T02:35:17.7220000+00:00</time>
      </trkpt>
      <trkpt lat="46.63661" lon="7.61446">
        <ele>1623.36</ele>
        <time>2026-05-04T02:35:27.5490000+00:00</time>
      </trkpt>
      <trkpt lat="46.63659" lon="7.61442">
        <ele>1622.87</ele>
        <time>2026-05-04T02:35:33.7240000+00:00</time>
      </trkpt>
      <trkpt lat="46.63656" lon="7.61436">
        <ele>1622.16</ele>
        <time>2026-05-04T02:35:42.9860000+00:00</time>
      </trkpt>
      <trkpt lat="46.63648" lon="7.61428">
        <ele>1622.37</ele>
        <time>2026-05-04T02:36:00.6200000+00:00</time>
      </trkpt>
      <trkpt lat="46.63647" lon="7.61425">
        <ele>1621.93</ele>
        <time>2026-05-04T02:36:04.7830000+00:00</time>
      </trkpt>
      <trkpt lat="46.63646" lon="7.61417">
        <ele>1620.31</ele>
        <time>2026-05-04T02:36:14.9300000+00:00</time>
      </trkpt>
      <trkpt lat="46.63641" lon="7.61408">
        <ele>1619.65</ele>
        <time>2026-05-04T02:36:29.3760000+00:00</time>
      </trkpt>
      <trkpt lat="46.63638" lon="7.614">
        <ele>1618.7</ele>
        <time>2026-05-04T02:36:40.7490000+00:00</time>
      </trkpt>
      <trkpt lat="46.63629" lon="7.614">
        <ele>1621.41</ele>
        <time>2026-05-04T02:36:57.1040000+00:00</time>
      </trkpt>
      <trkpt lat="46.6362" lon="7.614">
        <ele>1624.13</ele>
        <time>2026-05-04T02:37:13.4590000+00:00</time>
      </trkpt>
      <trkpt lat="46.63611" lon="7.61394">
        <ele>1625.83</ele>
        <time>2026-05-04T02:37:31.4450000+00:00</time>
      </trkpt>
      <trkpt lat="46.63605" lon="7.61388">
        <ele>1626.93</ele>
        <time>2026-05-04T02:37:44.6720000+00:00</time>
      </trkpt>
      <trkpt lat="46.63594" lon="7.61385">
        <ele>1630.6</ele>
        <time>2026-05-04T02:38:05.0080000+00:00</time>
      </trkpt>
      <trkpt lat="46.6359" lon="7.61378">
        <ele>1630.79</ele>
        <time>2026-05-04T02:38:16.3710000+00:00</time>
      </trkpt>
      <trkpt lat="46.63583" lon="7.61369">
        <ele>1631.81</ele>
        <time>2026-05-04T02:38:33.3390000+00:00</time>
      </trkpt>
      <trkpt lat="46.63582" lon="7.61364">
        <ele>1631.4</ele>
        <time>2026-05-04T02:38:39.8390000+00:00</time>
      </trkpt>
      <trkpt lat="46.6358" lon="7.61353">
        <ele>1631.21</ele>
        <time>2026-05-04T02:38:54.0380000+00:00</time>
      </trkpt>
      <trkpt lat="46.63577" lon="7.61345">
        <ele>1631.81</ele>
        <time>2026-05-04T02:39:05.4110000+00:00</time>
      </trkpt>
      <trkpt lat="46.63578" lon="7.61338">
        <ele>1630.77</ele>
        <time>2026-05-04T02:39:14.3320000+00:00</time>
      </trkpt>
      <trkpt lat="46.63572" lon="7.61354">
        <ele>1634.68</ele>
        <time>2026-05-04T02:39:37.0790000+00:00</time>
      </trkpt>
      <trkpt lat="46.63567" lon="7.61391">
        <ele>1642.18</ele>
        <time>2026-05-04T02:40:24.1310000+00:00</time>
      </trkpt>
      <trkpt lat="46.63566" lon="7.61405">
        <ele>1645.13</ele>
        <time>2026-05-04T02:40:41.6940000+00:00</time>
      </trkpt>
      <trkpt lat="46.63571" lon="7.61417">
        <ele>1645.46</ele>
        <time>2026-05-04T02:40:59.2090000+00:00</time>
      </trkpt>
      <trkpt lat="46.636" lon="7.61464">
        <ele>1644.97</ele>
        <time>2026-05-04T02:42:18.0520000+00:00</time>
      </trkpt>
      <trkpt lat="46.63603" lon="7.61473">
        <ele>1646.34</ele>
        <time>2026-05-04T02:42:30.5350000+00:00</time>
      </trkpt>
      <trkpt lat="46.63607" lon="7.61485">
        <ele>1648.23</ele>
        <time>2026-05-04T02:42:47.1800000+00:00</time>
      </trkpt>
      <trkpt lat="46.63614" lon="7.615">
        <ele>1650.1</ele>
        <time>2026-05-04T02:43:09.8090000+00:00</time>
      </trkpt>
      <trkpt lat="46.63616" lon="7.61506">
        <ele>1651.5</ele>
        <time>2026-05-04T02:43:18.1310000+00:00</time>
      </trkpt>
      <trkpt lat="46.6362" lon="7.61509">
        <ele>1651.86</ele>
        <time>2026-05-04T02:43:26.3080000+00:00</time>
      </trkpt>
      <trkpt lat="46.6362" lon="7.61511">
        <ele>1652.44</ele>
        <time>2026-05-04T02:43:28.8050000+00:00</time>
      </trkpt>
      <trkpt lat="46.63619" lon="7.61517">
        <ele>1654.28</ele>
        <time>2026-05-04T02:43:36.5100000+00:00</time>
      </trkpt>
      <trkpt lat="46.6362" lon="7.61521">
        <ele>1655.34</ele>
        <time>2026-05-04T02:43:41.8210000+00:00</time>
      </trkpt>
      <trkpt lat="46.63624" lon="7.61521">
        <ele>1654.95</ele>
        <time>2026-05-04T02:43:49.0900000+00:00</time>
      </trkpt>
      <trkpt lat="46.63627" lon="7.61525">
        <ele>1655.89</ele>
        <time>2026-05-04T02:43:56.4820000+00:00</time>
      </trkpt>
      <trkpt lat="46.63632" lon="7.61536">
        <ele>1658.91</ele>
        <time>2026-05-04T02:44:12.9420000+00:00</time>
      </trkpt>
      <trkpt lat="46.6364" lon="7.61547">
        <ele>1661.87</ele>
        <time>2026-05-04T02:44:32.9350000+00:00</time>
      </trkpt>
      <trkpt lat="46.63645" lon="7.6156">
        <ele>1665.76</ele>
        <time>2026-05-04T02:44:51.5260000+00:00</time>
      </trkpt>
      <trkpt lat="46.6365" lon="7.6157">
        <ele>1668.77</ele>
        <time>2026-05-04T02:45:06.9620000+00:00</time>
      </trkpt>
      <trkpt lat="46.63658" lon="7.61582">
        <ele>1672.4</ele>
        <time>2026-05-04T02:45:27.8310000+00:00</time>
      </trkpt>
      <trkpt lat="46.63665" lon="7.61588">
        <ele>1674.17</ele>
        <time>2026-05-04T02:45:42.5910000+00:00</time>
      </trkpt>
      <trkpt lat="46.63671" lon="7.61595">
        <ele>1676.37</ele>
        <time>2026-05-04T02:45:56.5620000+00:00</time>
      </trkpt>
      <trkpt lat="46.63669" lon="7.61598">
        <ele>1677.44</ele>
        <time>2026-05-04T02:46:01.7770000+00:00</time>
      </trkpt>
      <trkpt lat="46.63666" lon="7.61599">
        <ele>1677.85</ele>
        <time>2026-05-04T02:46:07.3690000+00:00</time>
      </trkpt>
      <trkpt lat="46.6367" lon="7.61605">
        <ele>1679.81</ele>
        <time>2026-05-04T02:46:17.8040000+00:00</time>
      </trkpt>
      <trkpt lat="46.63675" lon="7.61611">
        <ele>1681.77</ele>
        <time>2026-05-04T02:46:29.5770000+00:00</time>
      </trkpt>
      <trkpt lat="46.63681" lon="7.6161">
        <ele>1681.34</ele>
        <time>2026-05-04T02:46:40.5500000+00:00</time>
      </trkpt>
      <trkpt lat="46.63685" lon="7.61612">
        <ele>1681.98</ele>
        <time>2026-05-04T02:46:48.2350000+00:00</time>
      </trkpt>
      <trkpt lat="46.6369" lon="7.61615">
        <ele>1682.97</ele>
        <time>2026-05-04T02:46:58.0610000+00:00</time>
      </trkpt>
      <trkpt lat="46.63692" lon="7.61619">
        <ele>1684.67</ele>
        <time>2026-05-04T02:47:04.2360000+00:00</time>
      </trkpt>
      <trkpt lat="46.63697" lon="7.6162">
        <ele>1685.09</ele>
        <time>2026-05-04T02:47:13.4070000+00:00</time>
      </trkpt>
      <trkpt lat="46.63704" lon="7.61621">
        <ele>1686.66</ele>
        <time>2026-05-04T02:47:26.1890000+00:00</time>
      </trkpt>
      <trkpt lat="46.63712" lon="7.61625">
        <ele>1689.76</ele>
        <time>2026-05-04T02:47:41.5600000+00:00</time>
      </trkpt>
      <trkpt lat="46.63719" lon="7.61628">
        <ele>1692.28</ele>
        <time>2026-05-04T02:47:54.8200000+00:00</time>
      </trkpt>
      <trkpt lat="46.63724" lon="7.6163">
        <ele>1694.04</ele>
        <time>2026-05-04T02:48:04.2420000+00:00</time>
      </trkpt>
      <trkpt lat="46.63725" lon="7.61637">
        <ele>1697.46</ele>
        <time>2026-05-04T02:48:13.1620000+00:00</time>
      </trkpt>
      <trkpt lat="46.63728" lon="7.61644">
        <ele>1701.24</ele>
        <time>2026-05-04T02:48:23.4580000+00:00</time>
      </trkpt>
      <trkpt lat="46.63732" lon="7.61646">
        <ele>1702.89</ele>
        <time>2026-05-04T02:48:31.1440000+00:00</time>
      </trkpt>
      <trkpt lat="46.63741" lon="7.61646">
        <ele>1704.49</ele>
        <time>2026-05-04T02:48:47.4980000+00:00</time>
      </trkpt>
      <trkpt lat="46.63747" lon="7.61644">
        <ele>1704.6</ele>
        <time>2026-05-04T02:48:58.6840000+00:00</time>
      </trkpt>
      <trkpt lat="46.63754" lon="7.61643">
        <ele>1705.35</ele>
        <time>2026-05-04T02:49:11.4650000+00:00</time>
      </trkpt>
      <trkpt lat="46.63759" lon="7.61641">
        <ele>1705.25</ele>
        <time>2026-05-04T02:49:20.8880000+00:00</time>
      </trkpt>
      <trkpt lat="46.63771" lon="7.61642">
        <ele>1707.85</ele>
        <time>2026-05-04T02:49:42.7300000+00:00</time>
      </trkpt>
      <trkpt lat="46.63779" lon="7.61642">
        <ele>1709.25</ele>
        <time>2026-05-04T02:49:57.2680000+00:00</time>
      </trkpt>
      <trkpt lat="46.63784" lon="7.61643">
        <ele>1710.42</ele>
        <time>2026-05-04T02:50:06.4400000+00:00</time>
      </trkpt>
      <trkpt lat="46.63786" lon="7.61643">
        <ele>1710.66</ele>
        <time>2026-05-04T02:50:10.0720000+00:00</time>
      </trkpt>
      <trkpt lat="46.63791" lon="7.61642">
        <ele>1710.76</ele>
        <time>2026-05-04T02:50:19.2430000+00:00</time>
      </trkpt>
      <trkpt lat="46.63798" lon="7.61641">
        <ele>1711.09</ele>
        <time>2026-05-04T02:50:32.0240000+00:00</time>
      </trkpt>
      <trkpt lat="46.63809" lon="7.61638">
        <ele>1710.9</ele>
        <time>2026-05-04T02:50:52.3600000+00:00</time>
      </trkpt>
      <trkpt lat="46.6382" lon="7.61636">
        <ele>1711.21</ele>
        <time>2026-05-04T02:51:12.5060000+00:00</time>
      </trkpt>
      <trkpt lat="46.6383" lon="7.61638">
        <ele>1713.42</ele>
        <time>2026-05-04T02:51:30.8480000+00:00</time>
      </trkpt>
      <trkpt lat="46.63841" lon="7.61637">
        <ele>1714.24</ele>
        <time>2026-05-04T02:51:50.8760000+00:00</time>
      </trkpt>
      <trkpt lat="46.63854" lon="7.61629">
        <ele>1711.77</ele>
        <time>2026-05-04T02:52:16.5220000+00:00</time>
      </trkpt>
      <trkpt lat="46.63867" lon="7.61625">
        <ele>1710.6</ele>
        <time>2026-05-04T02:52:40.6670000+00:00</time>
      </trkpt>
      <trkpt lat="46.63883" lon="7.61623">
        <ele>1708.29</ele>
        <time>2026-05-04T02:53:09.8490000+00:00</time>
      </trkpt>
      <trkpt lat="46.63896" lon="7.61623">
        <ele>1707.25</ele>
        <time>2026-05-04T02:53:33.4720000+00:00</time>
      </trkpt>
      <trkpt lat="46.63906" lon="7.61621">
        <ele>1705.39</ele>
        <time>2026-05-04T02:53:51.8150000+00:00</time>
      </trkpt>
      <trkpt lat="46.63917" lon="7.61619">
        <ele>1703.44</ele>
        <time>2026-05-04T02:54:11.9600000+00:00</time>
      </trkpt>
      <trkpt lat="46.63922" lon="7.61616">
        <ele>1701.44</ele>
        <time>2026-05-04T02:54:21.7870000+00:00</time>
      </trkpt>
      <trkpt lat="46.63929" lon="7.61612">
        <ele>1698.99</ele>
        <time>2026-05-04T02:54:35.4510000+00:00</time>
      </trkpt>
      <trkpt lat="46.63934" lon="7.61612">
        <ele>1698.58</ele>
        <time>2026-05-04T02:54:44.5360000+00:00</time>
      </trkpt>
      <trkpt lat="46.6394" lon="7.61612">
        <ele>1698.1</ele>
        <time>2026-05-04T02:54:55.4410000+00:00</time>
      </trkpt>
      <trkpt lat="46.63944" lon="7.61613">
        <ele>1698.22</ele>
        <time>2026-05-04T02:55:02.8160000+00:00</time>
      </trkpt>
      <trkpt lat="46.6395" lon="7.61615">
        <ele>1698.98</ele>
        <time>2026-05-04T02:55:14.0020000+00:00</time>
      </trkpt>
      <trkpt lat="46.63955" lon="7.61615">
        <ele>1699.16</ele>
        <time>2026-05-04T02:55:23.0900000+00:00</time>
      </trkpt>
      <trkpt lat="46.63958" lon="7.61619">
        <ele>1701.37</ele>
        <time>2026-05-04T02:55:30.4810000+00:00</time>
      </trkpt>
      <trkpt lat="46.63962" lon="7.61625">
        <ele>1704.68</ele>
        <time>2026-05-04T02:55:40.9160000+00:00</time>
      </trkpt>
      <trkpt lat="46.63968" lon="7.6163">
        <ele>1707.48</ele>
        <time>2026-05-04T02:55:53.4780000+00:00</time>
      </trkpt>
      <trkpt lat="46.63981" lon="7.6164">
        <ele>1712.96</ele>
        <time>2026-05-04T02:56:20.1940000+00:00</time>
      </trkpt>
      <trkpt lat="46.63988" lon="7.61642">
        <ele>1714.11</ele>
        <time>2026-05-04T02:56:33.1570000+00:00</time>
      </trkpt>
      <trkpt lat="46.63996" lon="7.61645">
        <ele>1715.76</ele>
        <time>2026-05-04T02:56:48.1690000+00:00</time>
      </trkpt>
      <trkpt lat="46.64006" lon="7.6165">
        <ele>1718.4</ele>
        <time>2026-05-04T02:57:07.3820000+00:00</time>
      </trkpt>
      <trkpt lat="46.64016" lon="7.61656">
        <ele>1721.45</ele>
        <time>2026-05-04T02:57:27.0360000+00:00</time>
      </trkpt>
      <trkpt lat="46.64022" lon="7.6166">
        <ele>1723.43</ele>
        <time>2026-05-04T02:57:39.0270000+00:00</time>
      </trkpt>
      <trkpt lat="46.64036" lon="7.61665">
        <ele>1725.06</ele>
        <time>2026-05-04T02:58:05.2220000+00:00</time>
      </trkpt>
      <trkpt lat="46.64045" lon="7.61665">
        <ele>1723.85</ele>
        <time>2026-05-04T02:58:21.5770000+00:00</time>
      </trkpt>
      <trkpt lat="46.64048" lon="7.61662">
        <ele>1722.02</ele>
        <time>2026-05-04T02:58:28.1880000+00:00</time>
      </trkpt>
      <trkpt lat="46.64052" lon="7.61661">
        <ele>1721.01</ele>
        <time>2026-05-04T02:58:35.5640000+00:00</time>
      </trkpt>
      <trkpt lat="46.64059" lon="7.61657">
        <ele>1718.19</ele>
        <time>2026-05-04T02:58:49.2270000+00:00</time>
      </trkpt>
      <trkpt lat="46.6407" lon="7.61652">
        <ele>1714.39</ele>
        <time>2026-05-04T02:59:10.1670000+00:00</time>
      </trkpt>
      <trkpt lat="46.64081" lon="7.61651">
        <ele>1712.49</ele>
        <time>2026-05-04T02:59:30.1960000+00:00</time>
      </trkpt>
      <trkpt lat="46.64088" lon="7.6165">
        <ele>1711.11</ele>
        <time>2026-05-04T02:59:42.9770000+00:00</time>
      </trkpt>
      <trkpt lat="46.641" lon="7.61652">
        <ele>1710.47</ele>
        <time>2026-05-04T03:00:04.9260000+00:00</time>
      </trkpt>
      <trkpt lat="46.64108" lon="7.61654">
        <ele>1710.34</ele>
        <time>2026-05-04T03:00:19.6760000+00:00</time>
      </trkpt>
      <trkpt lat="46.6411" lon="7.61663">
        <ele>1714.19</ele>
        <time>2026-05-04T03:00:31.4770000+00:00</time>
      </trkpt>
      <trkpt lat="46.64112" lon="7.6167">
        <ele>1717.12</ele>
        <time>2026-05-04T03:00:40.9370000+00:00</time>
      </trkpt>
      <trkpt lat="46.64116" lon="7.61679">
        <ele>1719.92</ele>
        <time>2026-05-04T03:00:54.3120000+00:00</time>
      </trkpt>
      <trkpt lat="46.64119" lon="7.61686">
        <ele>1721.84</ele>
        <time>2026-05-04T03:01:04.6080000+00:00</time>
      </trkpt>
      <trkpt lat="46.64122" lon="7.6169">
        <ele>1722.37</ele>
        <time>2026-05-04T03:01:11.9970000+00:00</time>
      </trkpt>
      <trkpt lat="46.64128" lon="7.61692">
        <ele>1720.71</ele>
        <time>2026-05-04T03:01:23.1810000+00:00</time>
      </trkpt>
      <trkpt lat="46.64132" lon="7.6169">
        <ele>1718.13</ele>
        <time>2026-05-04T03:01:30.8670000+00:00</time>
      </trkpt>
      <trkpt lat="46.64137" lon="7.61691">
        <ele>1716.45</ele>
        <time>2026-05-04T03:01:40.0380000+00:00</time>
      </trkpt>
      <trkpt lat="46.64143" lon="7.61689">
        <ele>1713.05</ele>
        <time>2026-05-04T03:01:51.2240000+00:00</time>
      </trkpt>
      <trkpt lat="46.64148" lon="7.61689">
        <ele>1710.93</ele>
        <time>2026-05-04T03:02:00.3100000+00:00</time>
      </trkpt>
      <trkpt lat="46.64152" lon="7.61689">
        <ele>1709.24</ele>
        <time>2026-05-04T03:02:07.5800000+00:00</time>
      </trkpt>
      <trkpt lat="46.64155" lon="7.6169">
        <ele>1708.39</ele>
        <time>2026-05-04T03:02:13.1720000+00:00</time>
      </trkpt>
      <trkpt lat="46.64158" lon="7.61692">
        <ele>1707.94</ele>
        <time>2026-05-04T03:02:19.1690000+00:00</time>
      </trkpt>
      <trkpt lat="46.64159" lon="7.61694">
        <ele>1708.33</ele>
        <time>2026-05-04T03:02:22.2560000+00:00</time>
      </trkpt>
      <trkpt lat="46.6416" lon="7.61696">
        <ele>1708.72</ele>
        <time>2026-05-04T03:02:25.3440000+00:00</time>
      </trkpt>
      <trkpt lat="46.64158" lon="7.61699">
        <ele>1710.64</ele>
        <time>2026-05-04T03:02:30.5610000+00:00</time>
      </trkpt>
      <trkpt lat="46.64154" lon="7.61702">
        <ele>1712.31</ele>
        <time>2026-05-04T03:02:38.7360000+00:00</time>
      </trkpt>
      <trkpt lat="46.64151" lon="7.61705">
        <ele>1713.55</ele>
        <time>2026-05-04T03:02:45.3470000+00:00</time>
      </trkpt>
      <trkpt lat="46.64152" lon="7.61708">
        <ele>1713.06</ele>
        <time>2026-05-04T03:02:49.5040000+00:00</time>
      </trkpt>
      <trkpt lat="46.64157" lon="7.61709">
        <ele>1710.9</ele>
        <time>2026-05-04T03:02:58.6750000+00:00</time>
      </trkpt>
      <trkpt lat="46.64161" lon="7.61713">
        <ele>1709.13</ele>
        <time>2026-05-04T03:03:07.4910000+00:00</time>
      </trkpt>
      <trkpt lat="46.64164" lon="7.6172">
        <ele>1707.75</ele>
        <time>2026-05-04T03:03:17.7860000+00:00</time>
      </trkpt>
      <trkpt lat="46.64168" lon="7.61726">
        <ele>1705.99</ele>
        <time>2026-05-04T03:03:28.2190000+00:00</time>
      </trkpt>
      <trkpt lat="46.64173" lon="7.61733">
        <ele>1703.81</ele>
        <time>2026-05-04T03:03:40.8220000+00:00</time>
      </trkpt>
      <trkpt lat="46.64178" lon="7.61743">
        <ele>1701.64</ele>
        <time>2026-05-04T03:03:56.2560000+00:00</time>
      </trkpt>
      <trkpt lat="46.64183" lon="7.61752">
        <ele>1699.53</ele>
        <time>2026-05-04T03:04:10.7010000+00:00</time>
      </trkpt>
      <trkpt lat="46.64187" lon="7.61763">
        <ele>1697.84</ele>
        <time>2026-05-04T03:04:26.2310000+00:00</time>
      </trkpt>
      <trkpt lat="46.6419" lon="7.61772">
        <ele>1696.61</ele>
        <time>2026-05-04T03:04:38.7120000+00:00</time>
      </trkpt>
      <trkpt lat="46.64192" lon="7.6178">
        <ele>1695.79</ele>
        <time>2026-05-04T03:04:49.3340000+00:00</time>
      </trkpt>
      <trkpt lat="46.64191" lon="7.61783">
        <ele>1695.61</ele>
        <time>2026-05-04T03:04:53.4970000+00:00</time>
      </trkpt>
      <trkpt lat="46.6419" lon="7.61786">
        <ele>1694.53</ele>
        <time>2026-05-04T03:04:57.6600000+00:00</time>
      </trkpt>
      <trkpt lat="46.64187" lon="7.61792">
        <ele>1692.8</ele>
        <time>2026-05-04T03:05:06.9210000+00:00</time>
      </trkpt>
      <trkpt lat="46.64181" lon="7.61801">
        <ele>1690.95</ele>
        <time>2026-05-04T03:05:22.5730000+00:00</time>
      </trkpt>
      <trkpt lat="46.64177" lon="7.6181">
        <ele>1688.4</ele>
        <time>2026-05-04T03:05:35.9480000+00:00</time>
      </trkpt>
      <trkpt lat="46.64175" lon="7.6182">
        <ele>1684.58</ele>
        <time>2026-05-04T03:05:48.9420000+00:00</time>
      </trkpt>
      <trkpt lat="46.64175" lon="7.61825">
        <ele>1682.23</ele>
        <time>2026-05-04T03:05:55.1830000+00:00</time>
      </trkpt>
      <trkpt lat="46.64177" lon="7.61831">
        <ele>1678.46</ele>
        <time>2026-05-04T03:06:03.5030000+00:00</time>
      </trkpt>
      <trkpt lat="46.64176" lon="7.61838">
        <ele>1675.63</ele>
        <time>2026-05-04T03:06:12.4210000+00:00</time>
      </trkpt>
      <trkpt lat="46.64174" lon="7.61844">
        <ele>1673.79</ele>
        <time>2026-05-04T03:06:20.7430000+00:00</time>
      </trkpt>
      <trkpt lat="46.64173" lon="7.6185">
        <ele>1671.48</ele>
        <time>2026-05-04T03:06:28.4470000+00:00</time>
      </trkpt>
      <trkpt lat="46.64175" lon="7.61851">
        <ele>1670</ele>
        <time>2026-05-04T03:06:32.2890000+00:00</time>
      </trkpt>
      <trkpt lat="46.64179" lon="7.61848">
        <ele>1669.41</ele>
        <time>2026-05-04T03:06:40.4630000+00:00</time>
      </trkpt>
      <trkpt lat="46.64184" lon="7.61844">
        <ele>1668.84</ele>
        <time>2026-05-04T03:06:50.8290000+00:00</time>
      </trkpt>
      <trkpt lat="46.64191" lon="7.61841">
        <ele>1666.86</ele>
        <time>2026-05-04T03:07:04.0890000+00:00</time>
      </trkpt>
      <trkpt lat="46.64198" lon="7.61834">
        <ele>1666.68</ele>
        <time>2026-05-04T03:07:19.5200000+00:00</time>
      </trkpt>
      <trkpt lat="46.64204" lon="7.61828">
        <ele>1665.71</ele>
        <time>2026-05-04T03:07:32.7460000+00:00</time>
      </trkpt>
      <trkpt lat="46.64208" lon="7.61825">
        <ele>1664.61</ele>
        <time>2026-05-04T03:07:40.9220000+00:00</time>
      </trkpt>
      <trkpt lat="46.64209" lon="7.61822">
        <ele>1665.52</ele>
        <time>2026-05-04T03:07:45.0850000+00:00</time>
      </trkpt>
      <trkpt lat="46.64212" lon="7.6182">
        <ele>1664.61</ele>
        <time>2026-05-04T03:07:51.0810000+00:00</time>
      </trkpt>
      <trkpt lat="46.64219" lon="7.61817">
        <ele>1661.66</ele>
        <time>2026-05-04T03:08:04.3410000+00:00</time>
      </trkpt>
      <trkpt lat="46.64224" lon="7.61816">
        <ele>1658.97</ele>
        <time>2026-05-04T03:08:13.5120000+00:00</time>
      </trkpt>
      <trkpt lat="46.64228" lon="7.61817">
        <ele>1655.82</ele>
        <time>2026-05-04T03:08:20.8870000+00:00</time>
      </trkpt>
      <trkpt lat="46.64232" lon="7.61819">
        <ele>1652.09</ele>
        <time>2026-05-04T03:08:28.5730000+00:00</time>
      </trkpt>
      <trkpt lat="46.64235" lon="7.6182">
        <ele>1649.56</ele>
        <time>2026-05-04T03:08:34.1670000+00:00</time>
      </trkpt>
      <trkpt lat="46.64233" lon="7.61822">
        <ele>1649.73</ele>
        <time>2026-05-04T03:08:38.5770000+00:00</time>
      </trkpt>
      <trkpt lat="46.64231" lon="7.61823">
        <ele>1650.48</ele>
        <time>2026-05-04T03:08:42.4210000+00:00</time>
      </trkpt>
      <trkpt lat="46.64228" lon="7.61822">
        <ele>1653.02</ele>
        <time>2026-05-04T03:08:48.0150000+00:00</time>
      </trkpt>
      <trkpt lat="46.64224" lon="7.61826">
        <ele>1653.45</ele>
        <time>2026-05-04T03:08:56.8330000+00:00</time>
      </trkpt>
      <trkpt lat="46.64221" lon="7.61828">
        <ele>1654.35</ele>
        <time>2026-05-04T03:09:02.8290000+00:00</time>
      </trkpt>
      <trkpt lat="46.6422" lon="7.61833">
        <ele>1652.29</ele>
        <time>2026-05-04T03:09:09.3290000+00:00</time>
      </trkpt>
      <trkpt lat="46.64218" lon="7.61837">
        <ele>1651.48</ele>
        <time>2026-05-04T03:09:15.5040000+00:00</time>
      </trkpt>
      <trkpt lat="46.64216" lon="7.61842">
        <ele>1650.15</ele>
        <time>2026-05-04T03:09:22.7230000+00:00</time>
      </trkpt>
      <trkpt lat="46.64214" lon="7.61848">
        <ele>1648.33</ele>
        <time>2026-05-04T03:09:31.0430000+00:00</time>
      </trkpt>
      <trkpt lat="46.64214" lon="7.61854">
        <ele>1645.12</ele>
        <time>2026-05-04T03:09:38.5290000+00:00</time>
      </trkpt>
      <trkpt lat="46.64213" lon="7.61859">
        <ele>1643.17</ele>
        <time>2026-05-04T03:09:45.0260000+00:00</time>
      </trkpt>
      <trkpt lat="46.64212" lon="7.61864">
        <ele>1641.24</ele>
        <time>2026-05-04T03:09:51.5240000+00:00</time>
      </trkpt>
      <trkpt lat="46.6421" lon="7.61867">
        <ele>1640.94</ele>
        <time>2026-05-04T03:09:56.7390000+00:00</time>
      </trkpt>
      <trkpt lat="46.64205" lon="7.61873">
        <ele>1640.91</ele>
        <time>2026-05-04T03:10:08.5120000+00:00</time>
      </trkpt>
      <trkpt lat="46.64202" lon="7.61879">
        <ele>1639.42</ele>
        <time>2026-05-04T03:10:17.7740000+00:00</time>
      </trkpt>
      <trkpt lat="46.64198" lon="7.61884">
        <ele>1639.32</ele>
        <time>2026-05-04T03:10:27.3540000+00:00</time>
      </trkpt>
      <trkpt lat="46.64193" lon="7.61893">
        <ele>1637.09</ele>
        <time>2026-05-04T03:10:41.7990000+00:00</time>
      </trkpt>
      <trkpt lat="46.64187" lon="7.61909">
        <ele>1631.52</ele>
        <time>2026-05-04T03:11:04.5440000+00:00</time>
      </trkpt>
      <trkpt lat="46.64178" lon="7.61929">
        <ele>1626.57</ele>
        <time>2026-05-04T03:11:34.3790000+00:00</time>
      </trkpt>
      <trkpt lat="46.64171" lon="7.61944">
        <ele>1623.83</ele>
        <time>2026-05-04T03:11:57.0060000+00:00</time>
      </trkpt>
      <trkpt lat="46.64145" lon="7.61992">
        <ele>1619.21</ele>
        <time>2026-05-04T03:13:13.2850000+00:00</time>
      </trkpt>
      <trkpt lat="46.6414" lon="7.61996">
        <ele>1621.59</ele>
        <time>2026-05-04T03:13:23.6510000+00:00</time>
      </trkpt>
      <trkpt lat="46.64118" lon="7.62007">
        <ele>1636.15</ele>
        <time>2026-05-04T03:14:05.9190000+00:00</time>
      </trkpt>
      <trkpt lat="46.6411" lon="7.6202">
        <ele>1635.9</ele>
        <time>2026-05-04T03:14:27.6990000+00:00</time>
      </trkpt>
      <trkpt lat="46.64103" lon="7.62029">
        <ele>1634.89</ele>
        <time>2026-05-04T03:14:44.6660000+00:00</time>
      </trkpt>
      <trkpt lat="46.64085" lon="7.62045">
        <ele>1637.23</ele>
        <time>2026-05-04T03:15:22.9860000+00:00</time>
      </trkpt>
      <trkpt lat="46.64066" lon="7.62063">
        <ele>1639.64</ele>
        <time>2026-05-04T03:16:04.1740000+00:00</time>
      </trkpt>
      <trkpt lat="46.64055" lon="7.62074">
        <ele>1640.83</ele>
        <time>2026-05-04T03:16:28.4210000+00:00</time>
      </trkpt>
      <trkpt lat="46.64051" lon="7.62082">
        <ele>1639.86</ele>
        <time>2026-05-04T03:16:40.7690000+00:00</time>
      </trkpt>
      <trkpt lat="46.64035" lon="7.62108">
        <ele>1638.11</ele>
        <time>2026-05-04T03:17:24.3310000+00:00</time>
      </trkpt>
      <trkpt lat="46.64027" lon="7.6212">
        <ele>1637.52</ele>
        <time>2026-05-04T03:17:45.1990000+00:00</time>
      </trkpt>
      <trkpt lat="46.64017" lon="7.62135">
        <ele>1636.92</ele>
        <time>2026-05-04T03:18:11.2840000+00:00</time>
      </trkpt>
      <trkpt lat="46.64002" lon="7.62148">
        <ele>1639.63</ele>
        <time>2026-05-04T03:18:43.0030000+00:00</time>
      </trkpt>
      <trkpt lat="46.63993" lon="7.62158">
        <ele>1640.9</ele>
        <time>2026-05-04T03:19:03.5740000+00:00</time>
      </trkpt>
      <trkpt lat="46.6399" lon="7.62165">
        <ele>1640.37</ele>
        <time>2026-05-04T03:19:13.8680000+00:00</time>
      </trkpt>
      <trkpt lat="46.63987" lon="7.6218">
        <ele>1637.69</ele>
        <time>2026-05-04T03:19:33.3600000+00:00</time>
      </trkpt>
      <trkpt lat="46.63986" lon="7.62182">
        <ele>1637.65</ele>
        <time>2026-05-04T03:19:36.4480000+00:00</time>
      </trkpt>
      <trkpt lat="46.63977" lon="7.62204">
        <ele>1636.15</ele>
        <time>2026-05-04T03:20:08.3990000+00:00</time>
      </trkpt>
      <trkpt lat="46.63971" lon="7.62217">
        <ele>1635.4</ele>
        <time>2026-05-04T03:20:27.9420000+00:00</time>
      </trkpt>
      <trkpt lat="46.63967" lon="7.62224">
        <ele>1635.55</ele>
        <time>2026-05-04T03:20:39.3050000+00:00</time>
      </trkpt>
      <trkpt lat="46.63964" lon="7.62233">
        <ele>1634.62</ele>
        <time>2026-05-04T03:20:51.7870000+00:00</time>
      </trkpt>
      <trkpt lat="46.63963" lon="7.62244">
        <ele>1631.99</ele>
        <time>2026-05-04T03:21:05.6300000+00:00</time>
      </trkpt>
      <trkpt lat="46.63964" lon="7.62254">
        <ele>1628.44</ele>
        <time>2026-05-04T03:21:18.2380000+00:00</time>
      </trkpt>
      <trkpt lat="46.63964" lon="7.62264">
        <ele>1625.5</ele>
        <time>2026-05-04T03:21:30.7150000+00:00</time>
      </trkpt>
      <trkpt lat="46.63963" lon="7.6227">
        <ele>1624.39</ele>
        <time>2026-05-04T03:21:38.4180000+00:00</time>
      </trkpt>
      <trkpt lat="46.63956" lon="7.62281">
        <ele>1625.87</ele>
        <time>2026-05-04T03:21:57.1300000+00:00</time>
      </trkpt>
      <trkpt lat="46.6395" lon="7.62296">
        <ele>1623.64</ele>
        <time>2026-05-04T03:22:18.7900000+00:00</time>
      </trkpt>
      <trkpt lat="46.6394" lon="7.62324">
        <ele>1618.8</ele>
        <time>2026-05-04T03:22:58.1680000+00:00</time>
      </trkpt>
      <trkpt lat="46.63934" lon="7.62338">
        <ele>1617.51</ele>
        <time>2026-05-04T03:23:18.7600000+00:00</time>
      </trkpt>
      <trkpt lat="46.63929" lon="7.62354">
        <ele>1615.1</ele>
        <time>2026-05-04T03:23:40.6920000+00:00</time>
      </trkpt>
      <trkpt lat="46.63924" lon="7.6237">
        <ele>1613.44</ele>
        <time>2026-05-04T03:24:02.6250000+00:00</time>
      </trkpt>
      <trkpt lat="46.63919" lon="7.62388">
        <ele>1612.25</ele>
        <time>2026-05-04T03:24:26.8510000+00:00</time>
      </trkpt>
      <trkpt lat="46.63915" lon="7.62395">
        <ele>1613.56</ele>
        <time>2026-05-04T03:24:38.2150000+00:00</time>
      </trkpt>
      <trkpt lat="46.6391" lon="7.62401">
        <ele>1616.06</ele>
        <time>2026-05-04T03:24:49.9880000+00:00</time>
      </trkpt>
      <trkpt lat="46.63907" lon="7.62409">
        <ele>1616.39</ele>
        <time>2026-05-04T03:25:01.3610000+00:00</time>
      </trkpt>
      <trkpt lat="46.63905" lon="7.62416">
        <ele>1616.2</ele>
        <time>2026-05-04T03:25:10.8200000+00:00</time>
      </trkpt>
      <trkpt lat="46.63902" lon="7.62421">
        <ele>1617.45</ele>
        <time>2026-05-04T03:25:19.1030000+00:00</time>
      </trkpt>
      <trkpt lat="46.63901" lon="7.62426">
        <ele>1616.99</ele>
        <time>2026-05-04T03:25:25.6000000+00:00</time>
      </trkpt>
      <trkpt lat="46.63899" lon="7.62433">
        <ele>1616.9</ele>
        <time>2026-05-04T03:25:35.0600000+00:00</time>
      </trkpt>
      <trkpt lat="46.63899" lon="7.6244">
        <ele>1615.06</ele>
        <time>2026-05-04T03:25:43.7930000+00:00</time>
      </trkpt>
      <trkpt lat="46.63899" lon="7.62446">
        <ele>1613.49</ele>
        <time>2026-05-04T03:25:51.2790000+00:00</time>
      </trkpt>
      <trkpt lat="46.639" lon="7.62454">
        <ele>1611.02</ele>
        <time>2026-05-04T03:26:01.4240000+00:00</time>
      </trkpt>
      <trkpt lat="46.639" lon="7.6246">
        <ele>1609.98</ele>
        <time>2026-05-04T03:26:08.9100000+00:00</time>
      </trkpt>
      <trkpt lat="46.63899" lon="7.62468">
        <ele>1609.47</ele>
        <time>2026-05-04T03:26:19.0550000+00:00</time>
      </trkpt>
      <trkpt lat="46.63898" lon="7.62478">
        <ele>1608.58</ele>
        <time>2026-05-04T03:26:31.6640000+00:00</time>
      </trkpt>
      <trkpt lat="46.63896" lon="7.62487">
        <ele>1608.7</ele>
        <time>2026-05-04T03:26:43.4670000+00:00</time>
      </trkpt>
      <trkpt lat="46.63886" lon="7.62507">
        <ele>1613.46</ele>
        <time>2026-05-04T03:27:14.3360000+00:00</time>
      </trkpt>
      <trkpt lat="46.63878" lon="7.62521">
        <ele>1617.33</ele>
        <time>2026-05-04T03:27:37.0610000+00:00</time>
      </trkpt>
      <trkpt lat="46.63868" lon="7.62557">
        <ele>1619.86</ele>
        <time>2026-05-04T03:28:25.5140000+00:00</time>
      </trkpt>
      <trkpt lat="46.63863" lon="7.62578">
        <ele>1620.57</ele>
        <time>2026-05-04T03:28:53.2460000+00:00</time>
      </trkpt>
      <trkpt lat="46.63858" lon="7.62586">
        <ele>1622.92</ele>
        <time>2026-05-04T03:29:06.7440000+00:00</time>
      </trkpt>
      <trkpt lat="46.63855" lon="7.62594">
        <ele>1623.86</ele>
        <time>2026-05-04T03:29:18.1170000+00:00</time>
      </trkpt>
      <trkpt lat="46.63852" lon="7.62598">
        <ele>1625.38</ele>
        <time>2026-05-04T03:29:25.5070000+00:00</time>
      </trkpt>
      <trkpt lat="46.6385" lon="7.62601">
        <ele>1626.34</ele>
        <time>2026-05-04T03:29:30.7250000+00:00</time>
      </trkpt>
      <trkpt lat="46.63849" lon="7.62604">
        <ele>1626.6</ele>
        <time>2026-05-04T03:29:34.8880000+00:00</time>
      </trkpt>
      <trkpt lat="46.63849" lon="7.62608">
        <ele>1626.01</ele>
        <time>2026-05-04T03:29:39.8820000+00:00</time>
      </trkpt>
      <trkpt lat="46.63851" lon="7.62617">
        <ele>1623.37</ele>
        <time>2026-05-04T03:29:51.6850000+00:00</time>
      </trkpt>
      <trkpt lat="46.63852" lon="7.62627">
        <ele>1621.48</ele>
        <time>2026-05-04T03:30:04.2930000+00:00</time>
      </trkpt>
      <trkpt lat="46.63851" lon="7.62636">
        <ele>1621.07</ele>
        <time>2026-05-04T03:30:15.6680000+00:00</time>
      </trkpt>
      <trkpt lat="46.6385" lon="7.62644">
        <ele>1620.78</ele>
        <time>2026-05-04T03:30:25.8130000+00:00</time>
      </trkpt>
      <trkpt lat="46.63848" lon="7.62654">
        <ele>1620.87</ele>
        <time>2026-05-04T03:30:38.8090000+00:00</time>
      </trkpt>
      <trkpt lat="46.63846" lon="7.62659">
        <ele>1621.56</ele>
        <time>2026-05-04T03:30:46.0300000+00:00</time>
      </trkpt>
      <trkpt lat="46.63842" lon="7.62666">
        <ele>1623.26</ele>
        <time>2026-05-04T03:30:57.3930000+00:00</time>
      </trkpt>
      <trkpt lat="46.6384" lon="7.62669">
        <ele>1624.15</ele>
        <time>2026-05-04T03:31:02.6100000+00:00</time>
      </trkpt>
      <trkpt lat="46.63838" lon="7.62671">
        <ele>1625.17</ele>
        <time>2026-05-04T03:31:07.0210000+00:00</time>
      </trkpt>
      <trkpt lat="46.63838" lon="7.62674">
        <ele>1624.76</ele>
        <time>2026-05-04T03:31:10.7630000+00:00</time>
      </trkpt>
      <trkpt lat="46.63839" lon="7.62678">
        <ele>1623.6</ele>
        <time>2026-05-04T03:31:16.0750000+00:00</time>
      </trkpt>
      <trkpt lat="46.63839" lon="7.62686">
        <ele>1622.53</ele>
        <time>2026-05-04T03:31:26.0570000+00:00</time>
      </trkpt>
      <trkpt lat="46.63838" lon="7.62695">
        <ele>1621.95</ele>
        <time>2026-05-04T03:31:37.4330000+00:00</time>
      </trkpt>
      <trkpt lat="46.63839" lon="7.62705">
        <ele>1620.84</ele>
        <time>2026-05-04T03:31:50.0420000+00:00</time>
      </trkpt>
      <trkpt lat="46.63838" lon="7.6271">
        <ele>1621.35</ele>
        <time>2026-05-04T03:31:56.5400000+00:00</time>
      </trkpt>
      <trkpt lat="46.63836" lon="7.62716">
        <ele>1622.45</ele>
        <time>2026-05-04T03:32:04.8630000+00:00</time>
      </trkpt>
      <trkpt lat="46.63835" lon="7.62725">
        <ele>1622.87</ele>
        <time>2026-05-04T03:32:16.2390000+00:00</time>
      </trkpt>
      <trkpt lat="46.63834" lon="7.62734">
        <ele>1623.29</ele>
        <time>2026-05-04T03:32:27.6150000+00:00</time>
      </trkpt>
      <trkpt lat="46.63833" lon="7.62741">
        <ele>1623.75</ele>
        <time>2026-05-04T03:32:36.5360000+00:00</time>
      </trkpt>
      <trkpt lat="46.63833" lon="7.62747">
        <ele>1623.63</ele>
        <time>2026-05-04T03:32:44.0210000+00:00</time>
      </trkpt>
      <trkpt lat="46.63831" lon="7.62754">
        <ele>1624.67</ele>
        <time>2026-05-04T03:32:53.4800000+00:00</time>
      </trkpt>
      <trkpt lat="46.6383" lon="7.6276">
        <ele>1625.14</ele>
        <time>2026-05-04T03:33:01.1850000+00:00</time>
      </trkpt>
      <trkpt lat="46.6383" lon="7.62767">
        <ele>1624.99</ele>
        <time>2026-05-04T03:33:09.9180000+00:00</time>
      </trkpt>
      <trkpt lat="46.63833" lon="7.62771">
        <ele>1623.13</ele>
        <time>2026-05-04T03:33:17.3100000+00:00</time>
      </trkpt>
      <trkpt lat="46.63834" lon="7.62775">
        <ele>1622.45</ele>
        <time>2026-05-04T03:33:22.6220000+00:00</time>
      </trkpt>
      <trkpt lat="46.63834" lon="7.62783">
        <ele>1622.33</ele>
        <time>2026-05-04T03:33:32.6020000+00:00</time>
      </trkpt>
      <trkpt lat="46.63832" lon="7.62786">
        <ele>1623.51</ele>
        <time>2026-05-04T03:33:37.8170000+00:00</time>
      </trkpt>
      <trkpt lat="46.63832" lon="7.62792">
        <ele>1623.51</ele>
        <time>2026-05-04T03:33:45.3050000+00:00</time>
      </trkpt>
      <trkpt lat="46.63831" lon="7.62798">
        <ele>1624.09</ele>
        <time>2026-05-04T03:33:53.0090000+00:00</time>
      </trkpt>
      <trkpt lat="46.63832" lon="7.62802">
        <ele>1623.51</ele>
        <time>2026-05-04T03:33:58.3200000+00:00</time>
      </trkpt>
      <trkpt lat="46.63833" lon="7.62808">
        <ele>1622.92</ele>
        <time>2026-05-04T03:34:06.0250000+00:00</time>
      </trkpt>
      <trkpt lat="46.63832" lon="7.62813">
        <ele>1623.51</ele>
        <time>2026-05-04T03:34:12.5220000+00:00</time>
      </trkpt>
      <trkpt lat="46.63829" lon="7.6282">
        <ele>1625.27</ele>
        <time>2026-05-04T03:34:22.8180000+00:00</time>
      </trkpt>
      <trkpt lat="46.63829" lon="7.62826">
        <ele>1625.27</ele>
        <time>2026-05-04T03:34:30.3060000+00:00</time>
      </trkpt>
      <trkpt lat="46.6383" lon="7.62829">
        <ele>1624.68</ele>
        <time>2026-05-04T03:34:34.4660000+00:00</time>
      </trkpt>
      <trkpt lat="46.63832" lon="7.62833">
        <ele>1623.51</ele>
        <time>2026-05-04T03:34:40.6410000+00:00</time>
      </trkpt>
      <trkpt lat="46.63835" lon="7.62838">
        <ele>1621.74</ele>
        <time>2026-05-04T03:34:48.9260000+00:00</time>
      </trkpt>
      <trkpt lat="46.63835" lon="7.62841">
        <ele>1621.74</ele>
        <time>2026-05-04T03:34:52.6720000+00:00</time>
      </trkpt>
      <trkpt lat="46.63834" lon="7.62845">
        <ele>1622.33</ele>
        <time>2026-05-04T03:34:57.9840000+00:00</time>
      </trkpt>
      <trkpt lat="46.63834" lon="7.62857">
        <ele>1622.33</ele>
        <time>2026-05-04T03:35:12.9550000+00:00</time>
      </trkpt>
      <trkpt lat="46.63834" lon="7.62869">
        <ele>1622.2</ele>
        <time>2026-05-04T03:35:27.9270000+00:00</time>
      </trkpt>
      <trkpt lat="46.63833" lon="7.62881">
        <ele>1622.44</ele>
        <time>2026-05-04T03:35:43.0090000+00:00</time>
      </trkpt>
      <trkpt lat="46.63833" lon="7.62889">
        <ele>1622.22</ele>
        <time>2026-05-04T03:35:52.9900000+00:00</time>
      </trkpt>
      <trkpt lat="46.63833" lon="7.62909">
        <ele>1621.65</ele>
        <time>2026-05-04T03:36:17.9440000+00:00</time>
      </trkpt>
      <trkpt lat="46.63832" lon="7.62918">
        <ele>1621.97</ele>
        <time>2026-05-04T03:36:29.3190000+00:00</time>
      </trkpt>
      <trkpt lat="46.63832" lon="7.6292">
        <ele>1621.92</ele>
        <time>2026-05-04T03:36:31.8210000+00:00</time>
      </trkpt>
      <trkpt lat="46.63829" lon="7.62926">
        <ele>1623.48</ele>
        <time>2026-05-04T03:36:41.0820000+00:00</time>
      </trkpt>
      <trkpt lat="46.63829" lon="7.6293">
        <ele>1623.37</ele>
        <time>2026-05-04T03:36:46.0750000+00:00</time>
      </trkpt>
      <trkpt lat="46.63829" lon="7.62937">
        <ele>1623.16</ele>
        <time>2026-05-04T03:36:54.8110000+00:00</time>
      </trkpt>
      <trkpt lat="46.63829" lon="7.62944">
        <ele>1622.96</ele>
        <time>2026-05-04T03:37:03.5460000+00:00</time>
      </trkpt>
      <trkpt lat="46.63829" lon="7.62952">
        <ele>1623.08</ele>
        <time>2026-05-04T03:37:13.5280000+00:00</time>
      </trkpt>
      <trkpt lat="46.63829" lon="7.62962">
        <ele>1623.58</ele>
        <time>2026-05-04T03:37:26.0060000+00:00</time>
      </trkpt>
      <trkpt lat="46.63829" lon="7.62969">
        <ele>1623.93</ele>
        <time>2026-05-04T03:37:34.7410000+00:00</time>
      </trkpt>
      <trkpt lat="46.63829" lon="7.62983">
        <ele>1624.63</ele>
        <time>2026-05-04T03:37:52.2090000+00:00</time>
      </trkpt>
      <trkpt lat="46.6383" lon="7.6299">
        <ele>1624.42</ele>
        <time>2026-05-04T03:38:01.1290000+00:00</time>
      </trkpt>
      <trkpt lat="46.6383" lon="7.62998">
        <ele>1624.82</ele>
        <time>2026-05-04T03:38:11.1110000+00:00</time>
      </trkpt>
      <trkpt lat="46.63828" lon="7.63006">
        <ele>1626.35</ele>
        <time>2026-05-04T03:38:21.7340000+00:00</time>
      </trkpt>
      <trkpt lat="46.63828" lon="7.63008">
        <ele>1626.45</ele>
        <time>2026-05-04T03:38:24.2300000+00:00</time>
      </trkpt>
      <trkpt lat="46.63826" lon="7.63018">
        <ele>1628.06</ele>
        <time>2026-05-04T03:38:37.2260000+00:00</time>
      </trkpt>
      <trkpt lat="46.63824" lon="7.63025">
        <ele>1629.51</ele>
        <time>2026-05-04T03:38:46.6860000+00:00</time>
      </trkpt>
      <trkpt lat="46.63823" lon="7.63038">
        <ele>1631.09</ele>
        <time>2026-05-04T03:39:03.0070000+00:00</time>
      </trkpt>
      <trkpt lat="46.63822" lon="7.63056">
        <ele>1633.47</ele>
        <time>2026-05-04T03:39:25.5400000+00:00</time>
      </trkpt>
      <trkpt lat="46.63823" lon="7.6307">
        <ele>1634.38</ele>
        <time>2026-05-04T03:39:43.1020000+00:00</time>
      </trkpt>
      <trkpt lat="46.63824" lon="7.63092">
        <ele>1636.14</ele>
        <time>2026-05-04T03:40:10.6110000+00:00</time>
      </trkpt>
      <trkpt lat="46.63826" lon="7.63112">
        <ele>1637.22</ele>
        <time>2026-05-04T03:40:35.8280000+00:00</time>
      </trkpt>
      <trkpt lat="46.63828" lon="7.63124">
        <ele>1637.7</ele>
        <time>2026-05-04T03:40:51.2350000+00:00</time>
      </trkpt>
      <trkpt lat="46.63829" lon="7.63128">
        <ele>1637.7</ele>
        <time>2026-05-04T03:40:56.5470000+00:00</time>
      </trkpt>
      <trkpt lat="46.63827" lon="7.63132">
        <ele>1639.19</ele>
        <time>2026-05-04T03:41:02.7220000+00:00</time>
      </trkpt>
      <trkpt lat="46.63826" lon="7.63136">
        <ele>1640.19</ele>
        <time>2026-05-04T03:41:08.0330000+00:00</time>
      </trkpt>
      <trkpt lat="46.63828" lon="7.63143">
        <ele>1640.08</ele>
        <time>2026-05-04T03:41:17.4930000+00:00</time>
      </trkpt>
      <trkpt lat="46.6383" lon="7.63151">
        <ele>1640.08</ele>
        <time>2026-05-04T03:41:28.1160000+00:00</time>
      </trkpt>
      <trkpt lat="46.6383" lon="7.63159">
        <ele>1641.08</ele>
        <time>2026-05-04T03:41:38.0970000+00:00</time>
      </trkpt>
      <trkpt lat="46.63831" lon="7.63162">
        <ele>1640.96</ele>
        <time>2026-05-04T03:41:42.2570000+00:00</time>
      </trkpt>
      <trkpt lat="46.63832" lon="7.63175">
        <ele>1642.08</ele>
        <time>2026-05-04T03:41:58.5800000+00:00</time>
      </trkpt>
      <trkpt lat="46.63833" lon="7.63186">
        <ele>1642.95</ele>
        <time>2026-05-04T03:42:12.4240000+00:00</time>
      </trkpt>
      <trkpt lat="46.63833" lon="7.63191">
        <ele>1643.57</ele>
        <time>2026-05-04T03:42:18.6630000+00:00</time>
      </trkpt>
      <trkpt lat="46.63834" lon="7.63199">
        <ele>1644.11</ele>
        <time>2026-05-04T03:42:28.8080000+00:00</time>
      </trkpt>
      <trkpt lat="46.63835" lon="7.63207">
        <ele>1644.82</ele>
        <time>2026-05-04T03:42:38.9530000+00:00</time>
      </trkpt>
      <trkpt lat="46.63837" lon="7.63223">
        <ele>1646.25</ele>
        <time>2026-05-04T03:42:59.2450000+00:00</time>
      </trkpt>
      <trkpt lat="46.63839" lon="7.6324">
        <ele>1647.84</ele>
        <time>2026-05-04T03:43:20.7650000+00:00</time>
      </trkpt>
      <trkpt lat="46.63838" lon="7.63242">
        <ele>1648.65</ele>
        <time>2026-05-04T03:43:23.8530000+00:00</time>
      </trkpt>
      <trkpt lat="46.63837" lon="7.63248">
        <ele>1650.06</ele>
        <time>2026-05-04T03:43:31.5570000+00:00</time>
      </trkpt>
      <trkpt lat="46.63838" lon="7.63257">
        <ele>1650.93</ele>
        <time>2026-05-04T03:43:42.9330000+00:00</time>
      </trkpt>
      <trkpt lat="46.6384" lon="7.63269">
        <ele>1651.77</ele>
        <time>2026-05-04T03:43:58.3400000+00:00</time>
      </trkpt>
      <trkpt lat="46.63843" lon="7.63277">
        <ele>1651.52</ele>
        <time>2026-05-04T03:44:09.7120000+00:00</time>
      </trkpt>
      <trkpt lat="46.63844" lon="7.63284">
        <ele>1652.16</ele>
        <time>2026-05-04T03:44:18.6330000+00:00</time>
      </trkpt>
      <trkpt lat="46.63847" lon="7.63299">
        <ele>1653.33</ele>
        <time>2026-05-04T03:44:38.1260000+00:00</time>
      </trkpt>
      <trkpt lat="46.63848" lon="7.6332">
        <ele>1656.56</ele>
        <time>2026-05-04T03:45:04.3910000+00:00</time>
      </trkpt>
      <trkpt lat="46.6385" lon="7.6333">
        <ele>1657.44</ele>
        <time>2026-05-04T03:45:17.3870000+00:00</time>
      </trkpt>
      <trkpt lat="46.63851" lon="7.63331">
        <ele>1657.18</ele>
        <time>2026-05-04T03:45:19.5920000+00:00</time>
      </trkpt>
      <trkpt lat="46.63852" lon="7.63339">
        <ele>1658.18</ele>
        <time>2026-05-04T03:45:29.7370000+00:00</time>
      </trkpt>
      <trkpt lat="46.63853" lon="7.63346">
        <ele>1659.02</ele>
        <time>2026-05-04T03:45:38.6580000+00:00</time>
      </trkpt>
      <trkpt lat="46.63856" lon="7.63363">
        <ele>1660.88</ele>
        <time>2026-05-04T03:46:00.5580000+00:00</time>
      </trkpt>
      <trkpt lat="46.6386" lon="7.63383">
        <ele>1663.92</ele>
        <time>2026-05-04T03:46:26.5490000+00:00</time>
      </trkpt>
      <trkpt lat="46.63861" lon="7.63403">
        <ele>1668.28</ele>
        <time>2026-05-04T03:46:51.5680000+00:00</time>
      </trkpt>
      <trkpt lat="46.63862" lon="7.63414">
        <ele>1670.54</ele>
        <time>2026-05-04T03:47:05.4120000+00:00</time>
      </trkpt>
      <trkpt lat="46.63865" lon="7.63427">
        <ele>1673.89</ele>
        <time>2026-05-04T03:47:22.5240000+00:00</time>
      </trkpt>
      <trkpt lat="46.63871" lon="7.63454">
        <ele>1683.7</ele>
        <time>2026-05-04T03:47:57.9320000+00:00</time>
      </trkpt>
      <trkpt lat="46.63882" lon="7.63493">
        <ele>1700.81</ele>
        <time>2026-05-04T03:48:50.5370000+00:00</time>
      </trkpt>
      <trkpt lat="46.63886" lon="7.63512">
        <ele>1708.52</ele>
        <time>2026-05-04T03:49:15.3320000+00:00</time>
      </trkpt>
      <trkpt lat="46.63888" lon="7.63526">
        <ele>1713.76</ele>
        <time>2026-05-04T03:49:33.1730000+00:00</time>
      </trkpt>
      <trkpt lat="46.63895" lon="7.63534">
        <ele>1719.81</ele>
        <time>2026-05-04T03:49:49.3420000+00:00</time>
      </trkpt>
      <trkpt lat="46.63901" lon="7.6354">
        <ele>1724.82</ele>
        <time>2026-05-04T03:50:02.5690000+00:00</time>
      </trkpt>
      <trkpt lat="46.63907" lon="7.63543">
        <ele>1728.74</ele>
        <time>2026-05-04T03:50:14.0980000+00:00</time>
      </trkpt>
      <trkpt lat="46.63912" lon="7.63541">
        <ele>1730.46</ele>
        <time>2026-05-04T03:50:23.5200000+00:00</time>
      </trkpt>
      <trkpt lat="46.63916" lon="7.63538">
        <ele>1731.4</ele>
        <time>2026-05-04T03:50:31.6940000+00:00</time>
      </trkpt>
      <trkpt lat="46.63921" lon="7.6353">
        <ele>1731.22</ele>
        <time>2026-05-04T03:50:45.1910000+00:00</time>
      </trkpt>
      <trkpt lat="46.63925" lon="7.63521">
        <ele>1730.41</ele>
        <time>2026-05-04T03:50:58.5680000+00:00</time>
      </trkpt>
      <trkpt lat="46.63928" lon="7.63514">
        <ele>1729.71</ele>
        <time>2026-05-04T03:51:08.8640000+00:00</time>
      </trkpt>
      <trkpt lat="46.6393" lon="7.6351">
        <ele>1729.45</ele>
        <time>2026-05-04T03:51:15.0370000+00:00</time>
      </trkpt>
      <trkpt lat="46.63934" lon="7.63505">
        <ele>1729.86</ele>
        <time>2026-05-04T03:51:24.6170000+00:00</time>
      </trkpt>
      <trkpt lat="46.63938" lon="7.63496">
        <ele>1729.01</ele>
        <time>2026-05-04T03:51:37.9940000+00:00</time>
      </trkpt>
      <trkpt lat="46.63941" lon="7.63489">
        <ele>1728.3</ele>
        <time>2026-05-04T03:51:48.2900000+00:00</time>
      </trkpt>
      <trkpt lat="46.63943" lon="7.63482">
        <ele>1727.09</ele>
        <time>2026-05-04T03:51:57.7480000+00:00</time>
      </trkpt>
      <trkpt lat="46.63948" lon="7.63471">
        <ele>1726.17</ele>
        <time>2026-05-04T03:52:14.2080000+00:00</time>
      </trkpt>
      <trkpt lat="46.63954" lon="7.6346">
        <ele>1726.09</ele>
        <time>2026-05-04T03:52:31.7360000+00:00</time>
      </trkpt>
      <trkpt lat="46.63962" lon="7.63445">
        <ele>1726.04</ele>
        <time>2026-05-04T03:52:55.4330000+00:00</time>
      </trkpt>
      <trkpt lat="46.63967" lon="7.63437">
        <ele>1726.65</ele>
        <time>2026-05-04T03:53:08.9300000+00:00</time>
      </trkpt>
      <trkpt lat="46.63971" lon="7.63425">
        <ele>1725.64</ele>
        <time>2026-05-04T03:53:25.5740000+00:00</time>
      </trkpt>
      <trkpt lat="46.63973" lon="7.63416">
        <ele>1724.34</ele>
        <time>2026-05-04T03:53:37.3750000+00:00</time>
      </trkpt>
      <trkpt lat="46.63975" lon="7.63411">
        <ele>1724.14</ele>
        <time>2026-05-04T03:53:44.5960000+00:00</time>
      </trkpt>
      <trkpt lat="46.63979" lon="7.63403">
        <ele>1724.33</ele>
        <time>2026-05-04T03:53:56.9430000+00:00</time>
      </trkpt>
      <trkpt lat="46.63994" lon="7.63365">
        <ele>1723.26</ele>
        <time>2026-05-04T03:54:51.6310000+00:00</time>
      </trkpt>
      <trkpt lat="46.64006" lon="7.63341">
        <ele>1723.14</ele>
        <time>2026-05-04T03:55:28.6730000+00:00</time>
      </trkpt>
      <trkpt lat="46.64035" lon="7.63301">
        <ele>1725.28</ele>
        <time>2026-05-04T03:56:41.2530000+00:00</time>
      </trkpt>
      <trkpt lat="46.64062" lon="7.63282">
        <ele>1723.04</ele>
        <time>2026-05-04T03:57:35.7430000+00:00</time>
      </trkpt>
      <trkpt lat="46.64098" lon="7.63256">
        <ele>1718.83</ele>
        <time>2026-05-04T03:58:48.7630000+00:00</time>
      </trkpt>
      <trkpt lat="46.6412" lon="7.63237">
        <ele>1716.76</ele>
        <time>2026-05-04T03:59:35.2410000+00:00</time>
      </trkpt>
      <trkpt lat="46.6414" lon="7.63221">
        <ele>1715.65</ele>
        <time>2026-05-04T04:00:16.7060000+00:00</time>
      </trkpt>
      <trkpt lat="46.64141" lon="7.6322">
        <ele>1715.53</ele>
        <time>2026-05-04T04:00:18.9050000+00:00</time>
      </trkpt>
      <trkpt lat="46.64148" lon="7.63215">
        <ele>1715.37</ele>
        <time>2026-05-04T04:00:33.0740000+00:00</time>
      </trkpt>
      <trkpt lat="46.6415" lon="7.63215">
        <ele>1715.79</ele>
        <time>2026-05-04T04:00:36.7130000+00:00</time>
      </trkpt>
      <trkpt lat="46.64151" lon="7.63215">
        <ele>1716.01</ele>
        <time>2026-05-04T04:00:38.5290000+00:00</time>
      </trkpt>
      <trkpt lat="46.64152" lon="7.63214">
        <ele>1715.89</ele>
        <time>2026-05-04T04:00:40.7280000+00:00</time>
      </trkpt>
      <trkpt lat="46.64157" lon="7.63218">
        <ele>1718.28</ele>
        <time>2026-05-04T04:00:51.0940000+00:00</time>
      </trkpt>
      <trkpt lat="46.64162" lon="7.63222">
        <ele>1720.66</ele>
        <time>2026-05-04T04:01:01.4600000+00:00</time>
      </trkpt>
      <trkpt lat="46.64169" lon="7.63233">
        <ele>1725.76</ele>
        <time>2026-05-04T04:01:20.1720000+00:00</time>
      </trkpt>
      <trkpt lat="46.64171" lon="7.63235">
        <ele>1726.84</ele>
        <time>2026-05-04T04:01:24.5820000+00:00</time>
      </trkpt>
      <trkpt lat="46.64173" lon="7.63235">
        <ele>1727.26</ele>
        <time>2026-05-04T04:01:28.2140000+00:00</time>
      </trkpt>
      <trkpt lat="46.64185" lon="7.6322">
        <ele>1724.9</ele>
        <time>2026-05-04T04:01:56.9500000+00:00</time>
      </trkpt>
      <trkpt lat="46.64188" lon="7.63215">
        <ele>1723.91</ele>
        <time>2026-05-04T04:02:05.2350000+00:00</time>
      </trkpt>
      <trkpt lat="46.64213" lon="7.63203">
        <ele>1726.29</ele>
        <time>2026-05-04T04:02:53.0680000+00:00</time>
      </trkpt>
      <trkpt lat="46.64233" lon="7.63193">
        <ele>1728.18</ele>
        <time>2026-05-04T04:03:31.4940000+00:00</time>
      </trkpt>
      <trkpt lat="46.64236" lon="7.63192">
        <ele>1728.62</ele>
        <time>2026-05-04T04:03:37.0880000+00:00</time>
      </trkpt>
      <trkpt lat="46.64239" lon="7.63189">
        <ele>1728.37</ele>
        <time>2026-05-04T04:03:43.7010000+00:00</time>
      </trkpt>
      <trkpt lat="46.64245" lon="7.63183">
        <ele>1727.81</ele>
        <time>2026-05-04T04:03:56.9270000+00:00</time>
      </trkpt>
      <trkpt lat="46.64247" lon="7.63181">
        <ele>1727.6</ele>
        <time>2026-05-04T04:04:01.3370000+00:00</time>
      </trkpt>
      <trkpt lat="46.64247" lon="7.63184">
        <ele>1728.66</ele>
        <time>2026-05-04T04:04:05.0800000+00:00</time>
      </trkpt>
      <trkpt lat="46.64246" lon="7.63189">
        <ele>1730.16</ele>
        <time>2026-05-04T04:04:11.5780000+00:00</time>
      </trkpt>
      <trkpt lat="46.64245" lon="7.63196">
        <ele>1732.35</ele>
        <time>2026-05-04T04:04:20.4970000+00:00</time>
      </trkpt>
      <trkpt lat="46.64246" lon="7.63204">
        <ele>1735.57</ele>
        <time>2026-05-04T04:04:30.6410000+00:00</time>
      </trkpt>
      <trkpt lat="46.6424" lon="7.63212">
        <ele>1736.89</ele>
        <time>2026-05-04T04:04:45.4220000+00:00</time>
      </trkpt>
      <trkpt lat="46.64237" lon="7.63218">
        <ele>1738.25</ele>
        <time>2026-05-04T04:04:54.6830000+00:00</time>
      </trkpt>
      <trkpt lat="46.64232" lon="7.63232">
        <ele>1741.86</ele>
        <time>2026-05-04T04:05:14.3710000+00:00</time>
      </trkpt>
      <trkpt lat="46.64232" lon="7.63232">
        <ele>1741.86</ele>
        <time>2026-05-04T04:05:14.3710000+00:00</time>
      </trkpt>
      <trkpt lat="46.64229" lon="7.63242">
        <ele>1744.54</ele>
        <time>2026-05-04T04:05:27.9860000+00:00</time>
      </trkpt>
      <trkpt lat="46.64223" lon="7.63264">
        <ele>1750.4</ele>
        <time>2026-05-04T04:05:57.5190000+00:00</time>
      </trkpt>
      <trkpt lat="46.6422" lon="7.63273">
        <ele>1752.54</ele>
        <time>2026-05-04T04:06:10.0000000+00:00</time>
      </trkpt>
      <trkpt lat="46.64206" lon="7.63298">
        <ele>1756.44</ele>
        <time>2026-05-04T04:06:50.2500000+00:00</time>
      </trkpt>
      <trkpt lat="46.64195" lon="7.6332">
        <ele>1760.36</ele>
        <time>2026-05-04T04:07:24.2050000+00:00</time>
      </trkpt>
      <trkpt lat="46.64188" lon="7.63341">
        <ele>1765.86</ele>
        <time>2026-05-04T04:07:53.3300000+00:00</time>
      </trkpt>
      <trkpt lat="46.6418" lon="7.63366">
        <ele>1772.14</ele>
        <time>2026-05-04T04:08:27.7420000+00:00</time>
      </trkpt>
      <trkpt lat="46.64177" lon="7.63377">
        <ele>1774.88</ele>
        <time>2026-05-04T04:08:42.5090000+00:00</time>
      </trkpt>
      <trkpt lat="46.64174" lon="7.63386">
        <ele>1776.94</ele>
        <time>2026-05-04T04:08:54.9900000+00:00</time>
      </trkpt>
      <trkpt lat="46.64166" lon="7.63401">
        <ele>1779.41</ele>
        <time>2026-05-04T04:09:18.6880000+00:00</time>
      </trkpt>
      <trkpt lat="46.64157" lon="7.63418">
        <ele>1782.06</ele>
        <time>2026-05-04T04:09:45.4700000+00:00</time>
      </trkpt>
      <trkpt lat="46.64153" lon="7.6343">
        <ele>1784.56</ele>
        <time>2026-05-04T04:10:02.1130000+00:00</time>
      </trkpt>
      <trkpt lat="46.64148" lon="7.63442">
        <ele>1786.69</ele>
        <time>2026-05-04T04:10:19.6260000+00:00</time>
      </trkpt>
      <trkpt lat="46.64146" lon="7.63453">
        <ele>1789.54</ele>
        <time>2026-05-04T04:10:33.8240000+00:00</time>
      </trkpt>
      <trkpt lat="46.6414" lon="7.63462">
        <ele>1790.49</ele>
        <time>2026-05-04T04:10:49.4750000+00:00</time>
      </trkpt>
      <trkpt lat="46.64136" lon="7.63468">
        <ele>1791.1</ele>
        <time>2026-05-04T04:10:59.9100000+00:00</time>
      </trkpt>
      <trkpt lat="46.64133" lon="7.63477">
        <ele>1792.99</ele>
        <time>2026-05-04T04:11:12.3920000+00:00</time>
      </trkpt>
      <trkpt lat="46.64131" lon="7.6349">
        <ele>1796.48</ele>
        <time>2026-05-04T04:11:29.0130000+00:00</time>
      </trkpt>
      <trkpt lat="46.6413" lon="7.63495">
        <ele>1797.73</ele>
        <time>2026-05-04T04:11:35.5110000+00:00</time>
      </trkpt>
      <trkpt lat="46.64128" lon="7.63498">
        <ele>1798</ele>
        <time>2026-05-04T04:11:40.7260000+00:00</time>
      </trkpt>
      <trkpt lat="46.64122" lon="7.63497">
        <ele>1795.6</ele>
        <time>2026-05-04T04:11:51.6990000+00:00</time>
      </trkpt>
      <trkpt lat="46.64117" lon="7.63503">
        <ele>1795.76</ele>
        <time>2026-05-04T04:12:03.4720000+00:00</time>
      </trkpt>
      <trkpt lat="46.64109" lon="7.63511">
        <ele>1796.22</ele>
        <time>2026-05-04T04:12:21.1060000+00:00</time>
      </trkpt>
      <trkpt lat="46.64104" lon="7.63516">
        <ele>1796.9</ele>
        <time>2026-05-04T04:12:32.1260000+00:00</time>
      </trkpt>
      <trkpt lat="46.64092" lon="7.63526">
        <ele>1797.84</ele>
        <time>2026-05-04T04:12:57.2500000+00:00</time>
      </trkpt>
      <trkpt lat="46.64089" lon="7.63533">
        <ele>1799.42</ele>
        <time>2026-05-04T04:13:07.5460000+00:00</time>
      </trkpt>
      <trkpt lat="46.64086" lon="7.63558">
        <ele>1806.39</ele>
        <time>2026-05-04T04:13:39.2090000+00:00</time>
      </trkpt>
      <trkpt lat="46.64078" lon="7.63591">
        <ele>1814.65</ele>
        <time>2026-05-04T04:14:22.8720000+00:00</time>
      </trkpt>
      <trkpt lat="46.64076" lon="7.636">
        <ele>1816.91</ele>
        <time>2026-05-04T04:14:34.6740000+00:00</time>
      </trkpt>
      <trkpt lat="46.64069" lon="7.63627">
        <ele>1823.42</ele>
        <time>2026-05-04T04:15:10.6810000+00:00</time>
      </trkpt>
      <trkpt lat="46.64068" lon="7.63636">
        <ele>1825.88</ele>
        <time>2026-05-04T04:15:22.0560000+00:00</time>
      </trkpt>
      <trkpt lat="46.64069" lon="7.63643">
        <ele>1828.2</ele>
        <time>2026-05-04T04:15:30.9760000+00:00</time>
      </trkpt>
      <trkpt lat="46.6407" lon="7.63644">
        <ele>1828.74</ele>
        <time>2026-05-04T04:15:33.1810000+00:00</time>
      </trkpt>
      <trkpt lat="46.64073" lon="7.63641">
        <ele>1828.53</ele>
        <time>2026-05-04T04:15:39.7960000+00:00</time>
      </trkpt>
      <trkpt lat="46.64077" lon="7.63637">
        <ele>1828.25</ele>
        <time>2026-05-04T04:15:48.6140000+00:00</time>
      </trkpt>
      <trkpt lat="46.64083" lon="7.63635">
        <ele>1829.01</ele>
        <time>2026-05-04T04:15:59.8000000+00:00</time>
      </trkpt>
      <trkpt lat="46.64096" lon="7.63635">
        <ele>1831.98</ele>
        <time>2026-05-04T04:16:23.4230000+00:00</time>
      </trkpt>
      <trkpt lat="46.64107" lon="7.63637">
        <ele>1835.14</ele>
        <time>2026-05-04T04:16:43.5670000+00:00</time>
      </trkpt>
      <trkpt lat="46.64116" lon="7.6364">
        <ele>1838.54</ele>
        <time>2026-05-04T04:17:00.3450000+00:00</time>
      </trkpt>
      <trkpt lat="46.64127" lon="7.63643">
        <ele>1843.47</ele>
        <time>2026-05-04T04:17:20.6810000+00:00</time>
      </trkpt>
      <trkpt lat="46.64134" lon="7.63644">
        <ele>1846.32</ele>
        <time>2026-05-04T04:17:33.4620000+00:00</time>
      </trkpt>
      <trkpt lat="46.64138" lon="7.63646">
        <ele>1848.41</ele>
        <time>2026-05-04T04:17:41.1480000+00:00</time>
      </trkpt>
      <trkpt lat="46.64138" lon="7.6365">
        <ele>1849.71</ele>
        <time>2026-05-04T04:17:46.1390000+00:00</time>
      </trkpt>
      <trkpt lat="46.64132" lon="7.63659">
        <ele>1850.46</ele>
        <time>2026-05-04T04:18:01.7900000+00:00</time>
      </trkpt>
      <trkpt lat="46.64124" lon="7.6367">
        <ele>1851.15</ele>
        <time>2026-05-04T04:18:21.7830000+00:00</time>
      </trkpt>
      <trkpt lat="46.64115" lon="7.63684">
        <ele>1852.45</ele>
        <time>2026-05-04T04:18:45.7120000+00:00</time>
      </trkpt>
      <trkpt lat="46.64109" lon="7.63701">
        <ele>1856.25</ele>
        <time>2026-05-04T04:19:09.5600000+00:00</time>
      </trkpt>
      <trkpt lat="46.64104" lon="7.6372">
        <ele>1861.35</ele>
        <time>2026-05-04T04:19:34.9470000+00:00</time>
      </trkpt>
      <trkpt lat="46.641" lon="7.63739">
        <ele>1866.73</ele>
        <time>2026-05-04T04:19:59.7410000+00:00</time>
      </trkpt>
      <trkpt lat="46.64095" lon="7.63756">
        <ele>1871.2</ele>
        <time>2026-05-04T04:20:22.8150000+00:00</time>
      </trkpt>
      <trkpt lat="46.64087" lon="7.63773">
        <ele>1874.94</ele>
        <time>2026-05-04T04:20:48.5290000+00:00</time>
      </trkpt>
      <trkpt lat="46.64082" lon="7.63783">
        <ele>1877.13</ele>
        <time>2026-05-04T04:21:03.9640000+00:00</time>
      </trkpt>
      <trkpt lat="46.64074" lon="7.63789">
        <ele>1877.19</ele>
        <time>2026-05-04T04:21:20.3160000+00:00</time>
      </trkpt>
      <trkpt lat="46.64071" lon="7.63792">
        <ele>1877.46</ele>
        <time>2026-05-04T04:21:26.9270000+00:00</time>
      </trkpt>
      <trkpt lat="46.64068" lon="7.63802">
        <ele>1880.12</ele>
        <time>2026-05-04T04:21:40.5430000+00:00</time>
      </trkpt>
      <trkpt lat="46.64068" lon="7.63812">
        <ele>1883.57</ele>
        <time>2026-05-04T04:21:53.0210000+00:00</time>
      </trkpt>
      <trkpt lat="46.64068" lon="7.63822">
        <ele>1887.02</ele>
        <time>2026-05-04T04:22:05.4980000+00:00</time>
      </trkpt>
      <trkpt lat="46.64067" lon="7.63828">
        <ele>1888.8</ele>
        <time>2026-05-04T04:22:13.2030000+00:00</time>
      </trkpt>
      <trkpt lat="46.64062" lon="7.63834">
        <ele>1889.37</ele>
        <time>2026-05-04T04:22:24.9770000+00:00</time>
      </trkpt>
      <trkpt lat="46.64058" lon="7.63841">
        <ele>1890.53</ele>
        <time>2026-05-04T04:22:36.3390000+00:00</time>
      </trkpt>
      <trkpt lat="46.64054" lon="7.63848">
        <ele>1891.65</ele>
        <time>2026-05-04T04:22:47.7020000+00:00</time>
      </trkpt>
      <trkpt lat="46.64051" lon="7.63864">
        <ele>1896.06</ele>
        <time>2026-05-04T04:23:08.3960000+00:00</time>
      </trkpt>
      <trkpt lat="46.64048" lon="7.63881">
        <ele>1902.36</ele>
        <time>2026-05-04T04:23:30.2950000+00:00</time>
      </trkpt>
      <trkpt lat="46.64049" lon="7.63891">
        <ele>1906.98</ele>
        <time>2026-05-04T04:23:42.9030000+00:00</time>
      </trkpt>
      <trkpt lat="46.64052" lon="7.63894">
        <ele>1909.28</ele>
        <time>2026-05-04T04:23:49.5150000+00:00</time>
      </trkpt>
      <trkpt lat="46.64056" lon="7.63892">
        <ele>1909.76</ele>
        <time>2026-05-04T04:23:57.2000000+00:00</time>
      </trkpt>
      <trkpt lat="46.64061" lon="7.63888">
        <ele>1909.71</ele>
        <time>2026-05-04T04:24:07.5660000+00:00</time>
      </trkpt>
      <trkpt lat="46.64065" lon="7.63884">
        <ele>1909.31</ele>
        <time>2026-05-04T04:24:16.3840000+00:00</time>
      </trkpt>
      <trkpt lat="46.6407" lon="7.63884">
        <ele>1910.97</ele>
        <time>2026-05-04T04:24:25.4700000+00:00</time>
      </trkpt>
      <trkpt lat="46.64077" lon="7.63884">
        <ele>1913.31</ele>
        <time>2026-05-04T04:24:38.1900000+00:00</time>
      </trkpt>
      <trkpt lat="46.64081" lon="7.63881">
        <ele>1913.31</ele>
        <time>2026-05-04T04:24:46.3660000+00:00</time>
      </trkpt>
      <trkpt lat="46.64088" lon="7.63876">
        <ele>1913.41</ele>
        <time>2026-05-04T04:25:00.5350000+00:00</time>
      </trkpt>
      <trkpt lat="46.64094" lon="7.63873">
        <ele>1914.04</ele>
        <time>2026-05-04T04:25:12.0610000+00:00</time>
      </trkpt>
      <trkpt lat="46.64104" lon="7.63867">
        <ele>1914.61</ele>
        <time>2026-05-04T04:25:31.7150000+00:00</time>
      </trkpt>
      <trkpt lat="46.6411" lon="7.63861">
        <ele>1914.02</ele>
        <time>2026-05-04T04:25:44.9410000+00:00</time>
      </trkpt>
      <trkpt lat="46.64119" lon="7.6386">
        <ele>1916.69</ele>
        <time>2026-05-04T04:26:01.3430000+00:00</time>
      </trkpt>
      <trkpt lat="46.64132" lon="7.6386">
        <ele>1921.24</ele>
        <time>2026-05-04T04:26:24.9660000+00:00</time>
      </trkpt>
      <trkpt lat="46.64148" lon="7.63865">
        <ele>1928.75</ele>
        <time>2026-05-04T04:26:54.7030000+00:00</time>
      </trkpt>
      <trkpt lat="46.64166" lon="7.6387">
        <ele>1936.97</ele>
        <time>2026-05-04T04:27:28.0020000+00:00</time>
      </trkpt>
      <trkpt lat="46.6417" lon="7.6387">
        <ele>1938.33</ele>
        <time>2026-05-04T04:27:35.2730000+00:00</time>
      </trkpt>
      <trkpt lat="46.64174" lon="7.6387">
        <ele>1939.69</ele>
        <time>2026-05-04T04:27:42.5430000+00:00</time>
      </trkpt>
      <trkpt lat="46.64176" lon="7.6387">
        <ele>1940.38</ele>
        <time>2026-05-04T04:27:46.1780000+00:00</time>
      </trkpt>
      <trkpt lat="46.64178" lon="7.63872">
        <ele>1941.82</ele>
        <time>2026-05-04T04:27:50.5830000+00:00</time>
      </trkpt>
      <trkpt lat="46.64177" lon="7.63874">
        <ele>1942.25</ele>
        <time>2026-05-04T04:27:53.6660000+00:00</time>
      </trkpt>
      <trkpt lat="46.64175" lon="7.63876">
        <ele>1942.35</ele>
        <time>2026-05-04T04:27:58.0770000+00:00</time>
      </trkpt>
      <trkpt lat="46.64173" lon="7.63878">
        <ele>1942.45</ele>
        <time>2026-05-04T04:28:02.4870000+00:00</time>
      </trkpt>
      <trkpt lat="46.6417" lon="7.63883">
        <ele>1943.41</ele>
        <time>2026-05-04T04:28:10.7720000+00:00</time>
      </trkpt>
      <trkpt lat="46.64167" lon="7.63889">
        <ele>1944.8</ele>
        <time>2026-05-04T04:28:20.0330000+00:00</time>
      </trkpt>
      <trkpt lat="46.64165" lon="7.63893">
        <ele>1945.75</ele>
        <time>2026-05-04T04:28:26.2060000+00:00</time>
      </trkpt>
      <trkpt lat="46.64169" lon="7.63897">
        <ele>1948.57</ele>
        <time>2026-05-04T04:28:35.0220000+00:00</time>
      </trkpt>
      <trkpt lat="46.64174" lon="7.63897">
        <ele>1950.12</ele>
        <time>2026-05-04T04:28:44.1080000+00:00</time>
      </trkpt>
      <trkpt lat="46.64179" lon="7.63895">
        <ele>1950.91</ele>
        <time>2026-05-04T04:28:53.5320000+00:00</time>
      </trkpt>
      <trkpt lat="46.64181" lon="7.63895">
        <ele>1951.53</ele>
        <time>2026-05-04T04:28:57.1630000+00:00</time>
      </trkpt>
      <trkpt lat="46.64182" lon="7.63896">
        <ele>1952.22</ele>
        <time>2026-05-04T04:28:59.3680000+00:00</time>
      </trkpt>
      <trkpt lat="46.64183" lon="7.63898">
        <ele>1953.28</ele>
        <time>2026-05-04T04:29:02.4600000+00:00</time>
      </trkpt>
      <trkpt lat="46.64183" lon="7.63901">
        <ele>1954.41</ele>
        <time>2026-05-04T04:29:06.2030000+00:00</time>
      </trkpt>
      <trkpt lat="46.64182" lon="7.63903">
        <ele>1954.86</ele>
        <time>2026-05-04T04:29:09.2940000+00:00</time>
      </trkpt>
      <trkpt lat="46.64181" lon="7.63904">
        <ele>1954.94</ele>
        <time>2026-05-04T04:29:11.4990000+00:00</time>
      </trkpt>
      <trkpt lat="46.6418" lon="7.63904">
        <ele>1954.64</ele>
        <time>2026-05-04T04:29:13.3220000+00:00</time>
      </trkpt>
      <trkpt lat="46.64179" lon="7.63906">
        <ele>1955.1</ele>
        <time>2026-05-04T04:29:16.4090000+00:00</time>
      </trkpt>
      <trkpt lat="46.6418" lon="7.63907">
        <ele>1955.77</ele>
        <time>2026-05-04T04:29:18.6140000+00:00</time>
      </trkpt>
      <trkpt lat="46.64184" lon="7.63908">
        <ele>1957.34</ele>
        <time>2026-05-04T04:29:25.9900000+00:00</time>
      </trkpt>
      <trkpt lat="46.64187" lon="7.63908">
        <ele>1958.23</ele>
        <time>2026-05-04T04:29:31.4420000+00:00</time>
      </trkpt>
      <trkpt lat="46.64191" lon="7.63909">
        <ele>1959.79</ele>
        <time>2026-05-04T04:29:38.8170000+00:00</time>
      </trkpt>
      <trkpt lat="46.64194" lon="7.63911">
        <ele>1961.4</ele>
        <time>2026-05-04T04:29:44.8140000+00:00</time>
      </trkpt>
      <trkpt lat="46.64197" lon="7.63914">
        <ele>1963.44</ele>
        <time>2026-05-04T04:29:51.4280000+00:00</time>
      </trkpt>
      <trkpt lat="46.64197" lon="7.63919">
        <ele>1965.24</ele>
        <time>2026-05-04T04:29:57.6680000+00:00</time>
      </trkpt>
      <trkpt lat="46.64193" lon="7.63919">
        <ele>1964.02</ele>
        <time>2026-05-04T04:30:04.9370000+00:00</time>
      </trkpt>
      <trkpt lat="46.64189" lon="7.6392">
        <ele>1963.25</ele>
        <time>2026-05-04T04:30:12.3130000+00:00</time>
      </trkpt>
      <trkpt lat="46.64184" lon="7.63924">
        <ele>1963.34</ele>
        <time>2026-05-04T04:30:22.6780000+00:00</time>
      </trkpt>
      <trkpt lat="46.64177" lon="7.63932">
        <ele>1964.45</ele>
        <time>2026-05-04T04:30:38.8470000+00:00</time>
      </trkpt>
      <trkpt lat="46.64168" lon="7.6394">
        <ele>1965.17</ele>
        <time>2026-05-04T04:30:58.0060000+00:00</time>
      </trkpt>
      <trkpt lat="46.64158" lon="7.6395">
        <ele>1966.73</ele>
        <time>2026-05-04T04:31:20.0490000+00:00</time>
      </trkpt>
      <trkpt lat="46.64153" lon="7.63954">
        <ele>1967.23</ele>
        <time>2026-05-04T04:31:30.4150000+00:00</time>
      </trkpt>
      <trkpt lat="46.6415" lon="7.63957">
        <ele>1967.79</ele>
        <time>2026-05-04T04:31:37.0280000+00:00</time>
      </trkpt>
      <trkpt lat="46.64147" lon="7.6396">
        <ele>1968.36</ele>
        <time>2026-05-04T04:31:43.6410000+00:00</time>
      </trkpt>
      <trkpt lat="46.64146" lon="7.63962">
        <ele>1968.98</ele>
        <time>2026-05-04T04:31:46.7330000+00:00</time>
      </trkpt>
      <trkpt lat="46.64146" lon="7.63965">
        <ele>1970.3</ele>
        <time>2026-05-04T04:31:50.4790000+00:00</time>
      </trkpt>
      <trkpt lat="46.64148" lon="7.63967">
        <ele>1971.68</ele>
        <time>2026-05-04T04:31:54.8890000+00:00</time>
      </trkpt>
      <trkpt lat="46.6415" lon="7.63966">
        <ele>1971.74</ele>
        <time>2026-05-04T04:31:58.7330000+00:00</time>
      </trkpt>
      <trkpt lat="46.64154" lon="7.63965">
        <ele>1972.3</ele>
        <time>2026-05-04T04:32:06.1070000+00:00</time>
      </trkpt>
      <trkpt lat="46.64155" lon="7.63966">
        <ele>1972.99</ele>
        <time>2026-05-04T04:32:08.3120000+00:00</time>
      </trkpt>
      <trkpt lat="46.64154" lon="7.6397">
        <ele>1974.49</ele>
        <time>2026-05-04T04:32:13.6240000+00:00</time>
      </trkpt>
      <trkpt lat="46.64152" lon="7.63976">
        <ele>1976.63</ele>
        <time>2026-05-04T04:32:21.9440000+00:00</time>
      </trkpt>
      <trkpt lat="46.64148" lon="7.63983">
        <ele>1978.71</ele>
        <time>2026-05-04T04:32:33.3070000+00:00</time>
      </trkpt>
      <trkpt lat="46.64144" lon="7.63989">
        <ele>1980.36</ele>
        <time>2026-05-04T04:32:43.7420000+00:00</time>
      </trkpt>
      <trkpt lat="46.64137" lon="7.64">
        <ele>1983.49</ele>
        <time>2026-05-04T04:33:02.4540000+00:00</time>
      </trkpt>
      <trkpt lat="46.64135" lon="7.64004">
        <ele>1984.77</ele>
        <time>2026-05-04T04:33:08.6290000+00:00</time>
      </trkpt>
      <trkpt lat="46.64129" lon="7.64013">
        <ele>1987.28</ele>
        <time>2026-05-04T04:33:24.2810000+00:00</time>
      </trkpt>
      <trkpt lat="46.64113" lon="7.64036">
        <ele>1993.53</ele>
        <time>2026-05-04T04:34:05.1310000+00:00</time>
      </trkpt>
      <trkpt lat="46.64107" lon="7.64048">
        <ele>1996.84</ele>
        <time>2026-05-04T04:34:23.6520000+00:00</time>
      </trkpt>
      <trkpt lat="46.64102" lon="7.64057">
        <ele>1999.09</ele>
        <time>2026-05-04T04:34:38.0960000+00:00</time>
      </trkpt>
      <trkpt lat="46.641" lon="7.64058">
        <ele>1998.87</ele>
        <time>2026-05-04T04:34:41.9400000+00:00</time>
      </trkpt>
      <trkpt lat="46.64093" lon="7.64065">
        <ele>1999.56</ele>
        <time>2026-05-04T04:34:57.3710000+00:00</time>
      </trkpt>
      <trkpt lat="46.64087" lon="7.64071">
        <ele>2000.08</ele>
        <time>2026-05-04T04:35:10.5980000+00:00</time>
      </trkpt>
      <trkpt lat="46.64082" lon="7.64077">
        <ele>2000.89</ele>
        <time>2026-05-04T04:35:22.3710000+00:00</time>
      </trkpt>
      <trkpt lat="46.64069" lon="7.64098">
        <ele>2004.96</ele>
        <time>2026-05-04T04:35:57.6480000+00:00</time>
      </trkpt>
      <trkpt lat="46.64052" lon="7.64124">
        <ele>2007.92</ele>
        <time>2026-05-04T04:36:42.4430000+00:00</time>
      </trkpt>
      <trkpt lat="46.64039" lon="7.64147">
        <ele>2009.12</ele>
        <time>2026-05-04T04:37:19.6120000+00:00</time>
      </trkpt>
      <trkpt lat="46.6403" lon="7.64168">
        <ele>2010.82</ele>
        <time>2026-05-04T04:37:50.4980000+00:00</time>
      </trkpt>
      <trkpt lat="46.6402" lon="7.64178">
        <ele>2009.62</ele>
        <time>2026-05-04T04:38:12.5410000+00:00</time>
      </trkpt>
      <trkpt lat="46.64012" lon="7.64188">
        <ele>2008.93</ele>
        <time>2026-05-04T04:38:31.6990000+00:00</time>
      </trkpt>
      <trkpt lat="46.64006" lon="7.64192">
        <ele>2007.5</ele>
        <time>2026-05-04T04:38:43.6900000+00:00</time>
      </trkpt>
      <trkpt lat="46.63997" lon="7.64202">
        <ele>2004.18</ele>
        <time>2026-05-04T04:39:04.2610000+00:00</time>
      </trkpt>
      <trkpt lat="46.63992" lon="7.64208">
        <ele>2001.25</ele>
        <time>2026-05-04T04:39:16.0340000+00:00</time>
      </trkpt>
      <trkpt lat="46.63986" lon="7.6422">
        <ele>1996.78</ele>
        <time>2026-05-04T04:39:34.5550000+00:00</time>
      </trkpt>
      <trkpt lat="46.63979" lon="7.64228">
        <ele>1992.2</ele>
        <time>2026-05-04T04:39:50.7240000+00:00</time>
      </trkpt>
      <trkpt lat="46.63977" lon="7.64234">
        <ele>1990.17</ele>
        <time>2026-05-04T04:39:59.0440000+00:00</time>
      </trkpt>
      <trkpt lat="46.63982" lon="7.64234">
        <ele>1992.58</ele>
        <time>2026-05-04T04:40:08.1310000+00:00</time>
      </trkpt>
      <trkpt lat="46.63995" lon="7.64235">
        <ele>1998.72</ele>
        <time>2026-05-04T04:40:31.7870000+00:00</time>
      </trkpt>
      <trkpt lat="46.64012" lon="7.64237">
        <ele>2006.76</ele>
        <time>2026-05-04T04:41:02.7800000+00:00</time>
      </trkpt>
      <trkpt lat="46.64015" lon="7.64236">
        <ele>2008.33</ele>
        <time>2026-05-04T04:41:08.3740000+00:00</time>
      </trkpt>
      <trkpt lat="46.64022" lon="7.64237">
        <ele>2011.66</ele>
        <time>2026-05-04T04:41:21.1570000+00:00</time>
      </trkpt>
      <trkpt lat="46.64028" lon="7.64238">
        <ele>2014.54</ele>
        <time>2026-05-04T04:41:32.1310000+00:00</time>
      </trkpt>
      <trkpt lat="46.64032" lon="7.64239">
        <ele>2016.61</ele>
        <time>2026-05-04T04:41:39.5050000+00:00</time>
      </trkpt>
      <trkpt lat="46.64043" lon="7.64242">
        <ele>2022.84</ele>
        <time>2026-05-04T04:41:59.8410000+00:00</time>
      </trkpt>
      <trkpt lat="46.64047" lon="7.64244">
        <ele>2025.13</ele>
        <time>2026-05-04T04:42:07.5270000+00:00</time>
      </trkpt>
      <trkpt lat="46.64053" lon="7.64249">
        <ele>2028.67</ele>
        <time>2026-05-04T04:42:20.0890000+00:00</time>
      </trkpt>
      <trkpt lat="46.64071" lon="7.64253">
        <ele>2039.68</ele>
        <time>2026-05-04T04:42:53.1770000+00:00</time>
      </trkpt>
      <trkpt lat="46.6408" lon="7.64257">
        <ele>2045.49</ele>
        <time>2026-05-04T04:43:10.2760000+00:00</time>
      </trkpt>
      <trkpt lat="46.64085" lon="7.6426">
        <ele>2048.87</ele>
        <time>2026-05-04T04:43:20.1030000+00:00</time>
      </trkpt>
      <trkpt lat="46.64087" lon="7.64265">
        <ele>2050.62</ele>
        <time>2026-05-04T04:43:27.3240000+00:00</time>
      </trkpt>
      <trkpt lat="46.6409" lon="7.64273">
        <ele>2053.38</ele>
        <time>2026-05-04T04:43:38.6970000+00:00</time>
      </trkpt>
      <trkpt lat="46.64092" lon="7.64273">
        <ele>2054.72</ele>
        <time>2026-05-04T04:43:42.3290000+00:00</time>
      </trkpt>
      <trkpt lat="46.64095" lon="7.6427">
        <ele>2056.36</ele>
        <time>2026-05-04T04:43:48.9420000+00:00</time>
      </trkpt>
      <trkpt lat="46.64099" lon="7.64265">
        <ele>2058.35</ele>
        <time>2026-05-04T04:43:58.5210000+00:00</time>
      </trkpt>
      <trkpt lat="46.64105" lon="7.64261">
        <ele>2061.63</ele>
        <time>2026-05-04T04:44:10.5130000+00:00</time>
      </trkpt>
      <trkpt lat="46.64109" lon="7.64259">
        <ele>2063.85</ele>
        <time>2026-05-04T04:44:18.1990000+00:00</time>
      </trkpt>
      <trkpt lat="46.64111" lon="7.64256">
        <ele>2064.62</ele>
        <time>2026-05-04T04:44:23.4160000+00:00</time>
      </trkpt>
      <trkpt lat="46.64114" lon="7.64255">
        <ele>2066.27</ele>
        <time>2026-05-04T04:44:29.0100000+00:00</time>
      </trkpt>
      <trkpt lat="46.64117" lon="7.64257">
        <ele>2068.36</ele>
        <time>2026-05-04T04:44:35.0070000+00:00</time>
      </trkpt>
      <trkpt lat="46.64122" lon="7.64253">
        <ele>2070.5</ele>
        <time>2026-05-04T04:44:45.3730000+00:00</time>
      </trkpt>
      <trkpt lat="46.64123" lon="7.64253">
        <ele>2071.07</ele>
        <time>2026-05-04T04:44:47.1890000+00:00</time>
      </trkpt>
      <trkpt lat="46.64127" lon="7.64248">
        <ele>2072.35</ele>
        <time>2026-05-04T04:44:56.7680000+00:00</time>
      </trkpt>
      <trkpt lat="46.64136" lon="7.64246">
        <ele>2076.93</ele>
        <time>2026-05-04T04:45:13.3130000+00:00</time>
      </trkpt>
      <trkpt lat="46.64136" lon="7.64246">
        <ele>2076.93</ele>
        <time>2026-05-04T04:45:13.3130000+00:00</time>
      </trkpt>
      <trkpt lat="46.64141" lon="7.64243">
        <ele>2078.99</ele>
        <time>2026-05-04T04:45:23.1400000+00:00</time>
      </trkpt>
      <trkpt lat="46.64145" lon="7.6424">
        <ele>2080.43</ele>
        <time>2026-05-04T04:45:31.3150000+00:00</time>
      </trkpt>
      <trkpt lat="46.64146" lon="7.64238">
        <ele>2080.48</ele>
        <time>2026-05-04T04:45:34.4070000+00:00</time>
      </trkpt>
      <trkpt lat="46.64154" lon="7.64232">
        <ele>2083.14</ele>
        <time>2026-05-04T04:45:50.7580000+00:00</time>
      </trkpt>
      <trkpt lat="46.64166" lon="7.64225">
        <ele>2087.29</ele>
        <time>2026-05-04T04:46:14.2480000+00:00</time>
      </trkpt>
      <trkpt lat="46.64183" lon="7.64219">
        <ele>2093.79</ele>
        <time>2026-05-04T04:46:46.0340000+00:00</time>
      </trkpt>
      <trkpt lat="46.64188" lon="7.64217">
        <ele>2095.53</ele>
        <time>2026-05-04T04:46:55.4580000+00:00</time>
      </trkpt>
      <trkpt lat="46.642" lon="7.64213">
        <ele>2099.33</ele>
        <time>2026-05-04T04:47:17.8280000+00:00</time>
      </trkpt>
      <trkpt lat="46.64208" lon="7.64211">
        <ele>2101.29</ele>
        <time>2026-05-04T04:47:32.5790000+00:00</time>
      </trkpt>
      <trkpt lat="46.6421" lon="7.64209">
        <ele>2101.2</ele>
        <time>2026-05-04T04:47:36.9890000+00:00</time>
      </trkpt>
      <trkpt lat="46.64212" lon="7.64208">
        <ele>2101.49</ele>
        <time>2026-05-04T04:47:40.8300000+00:00</time>
      </trkpt>
      <trkpt lat="46.64215" lon="7.64206">
        <ele>2101.71</ele>
        <time>2026-05-04T04:47:46.8270000+00:00</time>
      </trkpt>
      <trkpt lat="46.64218" lon="7.64205">
        <ele>2102.32</ele>
        <time>2026-05-04T04:47:52.4190000+00:00</time>
      </trkpt>
      <trkpt lat="46.64222" lon="7.64203">
        <ele>2102.85</ele>
        <time>2026-05-04T04:48:00.1050000+00:00</time>
      </trkpt>
      <trkpt lat="46.64224" lon="7.64204">
        <ele>2103.92</ele>
        <time>2026-05-04T04:48:03.9490000+00:00</time>
      </trkpt>
      <trkpt lat="46.64227" lon="7.64202">
        <ele>2104.11</ele>
        <time>2026-05-04T04:48:09.9460000+00:00</time>
      </trkpt>
      <trkpt lat="46.64235" lon="7.64201">
        <ele>2106.33</ele>
        <time>2026-05-04T04:48:24.5370000+00:00</time>
      </trkpt>
      <trkpt lat="46.64243" lon="7.642">
        <ele>2108.54</ele>
        <time>2026-05-04T04:48:39.1270000+00:00</time>
      </trkpt>
      <trkpt lat="46.64246" lon="7.64198">
        <ele>2108.68</ele>
        <time>2026-05-04T04:48:45.1240000+00:00</time>
      </trkpt>
      <trkpt lat="46.64251" lon="7.64198">
        <ele>2110.31</ele>
        <time>2026-05-04T04:48:54.2110000+00:00</time>
      </trkpt>
      <trkpt lat="46.64256" lon="7.64198">
        <ele>2111.94</ele>
        <time>2026-05-04T04:49:03.2970000+00:00</time>
      </trkpt>
      <trkpt lat="46.6426" lon="7.64197">
        <ele>2112.81</ele>
        <time>2026-05-04T04:49:10.6710000+00:00</time>
      </trkpt>
      <trkpt lat="46.64263" lon="7.64197">
        <ele>2113.78</ele>
        <time>2026-05-04T04:49:16.1250000+00:00</time>
      </trkpt>
      <trkpt lat="46.64266" lon="7.64197">
        <ele>2114.76</ele>
        <time>2026-05-04T04:49:21.5800000+00:00</time>
      </trkpt>
      <trkpt lat="46.64272" lon="7.64197">
        <ele>2116.7</ele>
        <time>2026-05-04T04:49:32.4820000+00:00</time>
      </trkpt>
      <trkpt lat="46.64275" lon="7.64197">
        <ele>2117.68</ele>
        <time>2026-05-04T04:49:37.9320000+00:00</time>
      </trkpt>
      <trkpt lat="46.64277" lon="7.64196">
        <ele>2117.86</ele>
        <time>2026-05-04T04:49:41.7740000+00:00</time>
      </trkpt>
      <trkpt lat="46.64278" lon="7.64194">
        <ele>2117.23</ele>
        <time>2026-05-04T04:49:44.8610000+00:00</time>
      </trkpt>
      <trkpt lat="46.64282" lon="7.64195">
        <ele>2119.11</ele>
        <time>2026-05-04T04:49:52.2370000+00:00</time>
      </trkpt>
      <trkpt lat="46.64285" lon="7.64196">
        <ele>2120.71</ele>
        <time>2026-05-04T04:49:57.8260000+00:00</time>
      </trkpt>
      <trkpt lat="46.64289" lon="7.64196">
        <ele>2122.2</ele>
        <time>2026-05-04T04:50:05.0930000+00:00</time>
      </trkpt>
      <trkpt lat="46.64292" lon="7.64194">
        <ele>2122.38</ele>
        <time>2026-05-04T04:50:11.0900000+00:00</time>
      </trkpt>
      <trkpt lat="46.64292" lon="7.64194">
        <ele>2122.38</ele>
        <time>2026-05-04T04:50:11.0900000+00:00</time>
      </trkpt>
      <trkpt lat="46.64296" lon="7.64192">
        <ele>2122.95</ele>
        <time>2026-05-04T04:50:18.7770000+00:00</time>
      </trkpt>
      <trkpt lat="46.64305" lon="7.64194">
        <ele>2127.26</ele>
        <time>2026-05-04T04:50:35.3210000+00:00</time>
      </trkpt>
      <trkpt lat="46.6431" lon="7.64194">
        <ele>2129.13</ele>
        <time>2026-05-04T04:50:44.4080000+00:00</time>
      </trkpt>
      <trkpt lat="46.64316" lon="7.64194">
        <ele>2131.38</ele>
        <time>2026-05-04T04:50:55.3100000+00:00</time>
      </trkpt>
      <trkpt lat="46.64316" lon="7.64193">
        <ele>2130.94</ele>
        <time>2026-05-04T04:50:56.5510000+00:00</time>
      </trkpt>
      <trkpt lat="46.64328" lon="7.6419">
        <ele>2134.15</ele>
        <time>2026-05-04T04:51:18.6760000+00:00</time>
      </trkpt>
      <trkpt lat="46.64329" lon="7.6419">
        <ele>2134.53</ele>
        <time>2026-05-04T04:51:20.4980000+00:00</time>
      </trkpt>
      <trkpt lat="46.6434" lon="7.64189">
        <ele>2138.28</ele>
        <time>2026-05-04T04:51:40.5270000+00:00</time>
      </trkpt>
      <trkpt lat="46.6434" lon="7.64189">
        <ele>2138.28</ele>
        <time>2026-05-04T04:51:40.5270000+00:00</time>
      </trkpt>
      <trkpt lat="46.64344" lon="7.64186">
        <ele>2138.55</ele>
        <time>2026-05-04T04:51:48.7040000+00:00</time>
      </trkpt>
      <trkpt lat="46.64354" lon="7.64181">
        <ele>2140.35</ele>
        <time>2026-05-04T04:52:07.9170000+00:00</time>
      </trkpt>
      <trkpt lat="46.64369" lon="7.64172">
        <ele>2142.51</ele>
        <time>2026-05-04T04:52:37.3970000+00:00</time>
      </trkpt>
      <trkpt lat="46.64371" lon="7.6417">
        <ele>2142.48</ele>
        <time>2026-05-04T04:52:41.8070000+00:00</time>
      </trkpt>
      <trkpt lat="46.64385" lon="7.64163">
        <ele>2145.17</ele>
        <time>2026-05-04T04:53:08.7060000+00:00</time>
      </trkpt>
      <trkpt lat="46.64389" lon="7.6416">
        <ele>2145.63</ele>
        <time>2026-05-04T04:53:16.8830000+00:00</time>
      </trkpt>
      <trkpt lat="46.64399" lon="7.64153">
        <ele>2147.11</ele>
        <time>2026-05-04T04:53:37.0440000+00:00</time>
      </trkpt>
      <trkpt lat="46.64407" lon="7.6415">
        <ele>2149.3</ele>
        <time>2026-05-04T04:53:52.0560000+00:00</time>
      </trkpt>
      <trkpt lat="46.6441" lon="7.64149">
        <ele>2150.19</ele>
        <time>2026-05-04T04:53:57.6500000+00:00</time>
      </trkpt>
      <trkpt lat="46.64412" lon="7.64149">
        <ele>2151</ele>
        <time>2026-05-04T04:54:01.2850000+00:00</time>
      </trkpt>
      <trkpt lat="46.64414" lon="7.64151">
        <ele>2152.45</ele>
        <time>2026-05-04T04:54:05.6950000+00:00</time>
      </trkpt>
      <trkpt lat="46.64413" lon="7.64156">
        <ele>2153.67</ele>
        <time>2026-05-04T04:54:12.1930000+00:00</time>
      </trkpt>
      <trkpt lat="46.64409" lon="7.64162">
        <ele>2154.07</ele>
        <time>2026-05-04T04:54:22.6270000+00:00</time>
      </trkpt>
      <trkpt lat="46.64406" lon="7.6417">
        <ele>2155.59</ele>
        <time>2026-05-04T04:54:33.9980000+00:00</time>
      </trkpt>
      <trkpt lat="46.64406" lon="7.64174">
        <ele>2156.93</ele>
        <time>2026-05-04T04:54:38.9870000+00:00</time>
      </trkpt>
      <trkpt lat="46.64406" lon="7.64178">
        <ele>2158.26</ele>
        <time>2026-05-04T04:54:43.9760000+00:00</time>
      </trkpt>
      <trkpt lat="46.64409" lon="7.64179">
        <ele>2159.68</ele>
        <time>2026-05-04T04:54:49.5680000+00:00</time>
      </trkpt>
      <trkpt lat="46.64416" lon="7.64174">
        <ele>2160.61</ele>
        <time>2026-05-04T04:55:03.7350000+00:00</time>
      </trkpt>
      <trkpt lat="46.64423" lon="7.64171">
        <ele>2162.26</ele>
        <time>2026-05-04T04:55:16.9950000+00:00</time>
      </trkpt>
      <trkpt lat="46.64426" lon="7.64169">
        <ele>2162.77</ele>
        <time>2026-05-04T04:55:22.9920000+00:00</time>
      </trkpt>
      <trkpt lat="46.64435" lon="7.64165">
        <ele>2164.99</ele>
        <time>2026-05-04T04:55:40.0900000+00:00</time>
      </trkpt>
      <trkpt lat="46.64437" lon="7.64164">
        <ele>2165.46</ele>
        <time>2026-05-04T04:55:43.9310000+00:00</time>
      </trkpt>
      <trkpt lat="46.64442" lon="7.64164">
        <ele>2167.38</ele>
        <time>2026-05-04T04:55:53.0180000+00:00</time>
      </trkpt>
      <trkpt lat="46.64444" lon="7.64163">
        <ele>2167.86</ele>
        <time>2026-05-04T04:55:56.8620000+00:00</time>
      </trkpt>
      <trkpt lat="46.64446" lon="7.64162">
        <ele>2168.36</ele>
        <time>2026-05-04T04:56:00.7070000+00:00</time>
      </trkpt>
      <trkpt lat="46.64458" lon="7.64156">
        <ele>2162.47</ele>
        <time>2026-05-04T04:56:23.7620000+00:00</time>
      </trkpt>
      <trkpt lat="46.64486" lon="7.64139">
        <ele>2153.81</ele>
        <time>2026-05-04T04:57:18.8860000+00:00</time>
      </trkpt>
      <trkpt lat="46.64494" lon="7.64133">
        <ele>2153.2</ele>
        <time>2026-05-04T04:57:35.2370000+00:00</time>
      </trkpt>
      <trkpt lat="46.64498" lon="7.64128">
        <ele>2153.67</ele>
        <time>2026-05-04T04:57:44.8160000+00:00</time>
      </trkpt>
      <trkpt lat="46.64498" lon="7.64127">
        <ele>2153.89</ele>
        <time>2026-05-04T04:57:46.0570000+00:00</time>
      </trkpt>
      <trkpt lat="46.645" lon="7.64126">
        <ele>2153.94</ele>
        <time>2026-05-04T04:57:49.9020000+00:00</time>
      </trkpt>
      <trkpt lat="46.64509" lon="7.64122">
        <ele>2154.45</ele>
        <time>2026-05-04T04:58:07.0020000+00:00</time>
      </trkpt>
      <trkpt lat="46.64512" lon="7.64121">
        <ele>2154.66</ele>
        <time>2026-05-04T04:58:12.5960000+00:00</time>
      </trkpt>
      <trkpt lat="46.64523" lon="7.64114">
        <ele>2157.42</ele>
        <time>2026-05-04T04:58:34.4090000+00:00</time>
      </trkpt>
      <trkpt lat="46.64529" lon="7.6411">
        <ele>2158.09</ele>
        <time>2026-05-04T04:58:46.4010000+00:00</time>
      </trkpt>
      <trkpt lat="46.64544" lon="7.64096">
        <ele>2144.42</ele>
        <time>2026-05-04T04:59:18.7750000+00:00</time>
      </trkpt>
      <trkpt lat="46.64551" lon="7.6409">
        <ele>2138.57</ele>
        <time>2026-05-04T04:59:33.5340000+00:00</time>
      </trkpt>
      <trkpt lat="46.64557" lon="7.64083">
        <ele>2134.36</ele>
        <time>2026-05-04T04:59:47.5020000+00:00</time>
      </trkpt>
      <trkpt lat="46.64563" lon="7.64077">
        <ele>2130.45</ele>
        <time>2026-05-04T05:00:00.7270000+00:00</time>
      </trkpt>
      <trkpt lat="46.64567" lon="7.64073">
        <ele>2128.09</ele>
        <time>2026-05-04T05:00:09.5450000+00:00</time>
      </trkpt>
      <trkpt lat="46.6457" lon="7.64072">
        <ele>2125.87</ele>
        <time>2026-05-04T05:00:15.1390000+00:00</time>
      </trkpt>
      <trkpt lat="46.64572" lon="7.64069">
        <ele>2125.13</ele>
        <time>2026-05-04T05:00:20.3560000+00:00</time>
      </trkpt>
      <trkpt lat="46.64573" lon="7.64074">
        <ele>2122.75</ele>
        <time>2026-05-04T05:00:26.8540000+00:00</time>
      </trkpt>
      <trkpt lat="46.64573" lon="7.64074">
        <ele>2122.75</ele>
        <time>2026-05-04T05:00:26.8540000+00:00</time>
      </trkpt>
      <trkpt lat="46.64572" lon="7.64077">
        <ele>2122.68</ele>
        <time>2026-05-04T05:00:31.0170000+00:00</time>
      </trkpt>
      <trkpt lat="46.64571" lon="7.6408">
        <ele>2122.65</ele>
        <time>2026-05-04T05:00:35.1800000+00:00</time>
      </trkpt>
      <trkpt lat="46.6457" lon="7.64083">
        <ele>2122.65</ele>
        <time>2026-05-04T05:00:39.3430000+00:00</time>
      </trkpt>
      <trkpt lat="46.64567" lon="7.64089">
        <ele>2123.71</ele>
        <time>2026-05-04T05:00:48.6030000+00:00</time>
      </trkpt>
      <trkpt lat="46.64566" lon="7.64096">
        <ele>2122.78</ele>
        <time>2026-05-04T05:00:57.5230000+00:00</time>
      </trkpt>
      <trkpt lat="46.6456" lon="7.64114">
        <ele>2124.35</ele>
        <time>2026-05-04T05:01:22.4850000+00:00</time>
      </trkpt>
      <trkpt lat="46.64556" lon="7.64127">
        <ele>2122.26</ele>
        <time>2026-05-04T05:01:40.2570000+00:00</time>
      </trkpt>
      <trkpt lat="46.64553" lon="7.64136">
        <ele>2121.01</ele>
        <time>2026-05-04T05:01:52.7390000+00:00</time>
      </trkpt>
      <trkpt lat="46.64543" lon="7.64162">
        <ele>2118.6</ele>
        <time>2026-05-04T05:02:29.9180000+00:00</time>
      </trkpt>
      <trkpt lat="46.64536" lon="7.6418">
        <ele>2116.79</ele>
        <time>2026-05-04T05:02:55.7260000+00:00</time>
      </trkpt>
      <trkpt lat="46.6453" lon="7.64195">
        <ele>2115.32</ele>
        <time>2026-05-04T05:03:17.3830000+00:00</time>
      </trkpt>
      <trkpt lat="46.64522" lon="7.64212">
        <ele>2114.54</ele>
        <time>2026-05-04T05:03:43.0950000+00:00</time>
      </trkpt>
      <trkpt lat="46.64514" lon="7.6423">
        <ele>2115.04</ele>
        <time>2026-05-04T05:04:09.8460000+00:00</time>
      </trkpt>
      <trkpt lat="46.6451" lon="7.64244">
        <ele>2114.32</ele>
        <time>2026-05-04T05:04:28.7640000+00:00</time>
      </trkpt>
      <trkpt lat="46.64505" lon="7.64257">
        <ele>2115.7</ele>
        <time>2026-05-04T05:04:47.3530000+00:00</time>
      </trkpt>
      <trkpt lat="46.64501" lon="7.64265">
        <ele>2118.02</ele>
        <time>2026-05-04T05:04:59.6990000+00:00</time>
      </trkpt>
      <trkpt lat="46.64494" lon="7.64283">
        <ele>2122.79</ele>
        <time>2026-05-04T05:05:25.5070000+00:00</time>
      </trkpt>
      <trkpt lat="46.64484" lon="7.64298">
        <ele>2135.09</ele>
        <time>2026-05-04T05:05:51.5920000+00:00</time>
      </trkpt>
      <trkpt lat="46.64477" lon="7.64313">
        <ele>2143.52</ele>
        <time>2026-05-04T05:06:14.2190000+00:00</time>
      </trkpt>
      <trkpt lat="46.64466" lon="7.64339">
        <ele>2156.52</ele>
        <time>2026-05-04T05:06:52.3190000+00:00</time>
      </trkpt>
      <trkpt lat="46.64458" lon="7.64357">
        <ele>2165.85</ele>
        <time>2026-05-04T05:07:19.0700000+00:00</time>
      </trkpt>
      <trkpt lat="46.64448" lon="7.64375">
        <ele>2175.97</ele>
        <time>2026-05-04T05:07:47.9570000+00:00</time>
      </trkpt>
      <trkpt lat="46.64441" lon="7.64384">
        <ele>2179.69</ele>
        <time>2026-05-04T05:08:04.9250000+00:00</time>
      </trkpt>
      <trkpt lat="46.6443" lon="7.64405">
        <ele>2184.91</ele>
        <time>2026-05-04T05:08:37.8780000+00:00</time>
      </trkpt>
      <trkpt lat="46.64407" lon="7.64437">
        <ele>2204.05</ele>
        <time>2026-05-04T05:09:35.6760000+00:00</time>
      </trkpt>
      <trkpt lat="46.64398" lon="7.64453">
        <ele>2214.83</ele>
        <time>2026-05-04T05:10:01.4820000+00:00</time>
      </trkpt>
      <trkpt lat="46.64394" lon="7.64463">
        <ele>2220.77</ele>
        <time>2026-05-04T05:10:15.9210000+00:00</time>
      </trkpt>
      <trkpt lat="46.64391" lon="7.64468">
        <ele>2224.79</ele>
        <time>2026-05-04T05:10:24.2050000+00:00</time>
      </trkpt>
      <trkpt lat="46.64389" lon="7.64472">
        <ele>2227.64</ele>
        <time>2026-05-04T05:10:30.3800000+00:00</time>
      </trkpt>
      <trkpt lat="46.64383" lon="7.64484">
        <ele>2236.3</ele>
        <time>2026-05-04T05:10:48.9000000+00:00</time>
      </trkpt>
      <trkpt lat="46.64375" lon="7.645">
        <ele>2248.19</ele>
        <time>2026-05-04T05:11:13.5940000+00:00</time>
      </trkpt>
      <trkpt lat="46.64369" lon="7.64512">
        <ele>2257.34</ele>
        <time>2026-05-04T05:11:32.1150000+00:00</time>
      </trkpt>
      <trkpt lat="46.64367" lon="7.6452">
        <ele>2261.37</ele>
        <time>2026-05-04T05:11:42.7370000+00:00</time>
      </trkpt>
      <trkpt lat="46.64362" lon="7.64532">
        <ele>2267.7</ele>
        <time>2026-05-04T05:12:00.2490000+00:00</time>
      </trkpt>
      <trkpt lat="46.64359" lon="7.64545">
        <ele>2267.36</ele>
        <time>2026-05-04T05:12:17.3590000+00:00</time>
      </trkpt>
      <trkpt lat="46.64356" lon="7.64548">
        <ele>2266.05</ele>
        <time>2026-05-04T05:12:23.9720000+00:00</time>
      </trkpt>
      <trkpt lat="46.64354" lon="7.6456">
        <ele>2266.06</ele>
        <time>2026-05-04T05:12:39.3780000+00:00</time>
      </trkpt>
      <trkpt lat="46.64352" lon="7.64566">
        <ele>2265.51</ele>
        <time>2026-05-04T05:12:47.7000000+00:00</time>
      </trkpt>
      <trkpt lat="46.64352" lon="7.6457">
        <ele>2265.87</ele>
        <time>2026-05-04T05:12:52.6910000+00:00</time>
      </trkpt>
      <trkpt lat="46.6435" lon="7.64603">
        <ele>2267.64</ele>
        <time>2026-05-04T05:13:34.0210000+00:00</time>
      </trkpt>
      <trkpt lat="46.64351" lon="7.64603">
        <ele>2268.21</ele>
        <time>2026-05-04T05:13:35.8430000+00:00</time>
      </trkpt>
      <trkpt lat="46.64353" lon="7.64602">
        <ele>2269.26</ele>
        <time>2026-05-04T05:13:39.6880000+00:00</time>
      </trkpt>
      <trkpt lat="46.64359" lon="7.64591">
        <ele>2271.64</ele>
        <time>2026-05-04T05:13:57.2150000+00:00</time>
      </trkpt>
      <trkpt lat="46.64365" lon="7.64583">
        <ele>2271.1</ele>
        <time>2026-05-04T05:14:11.9960000+00:00</time>
      </trkpt>
      <trkpt lat="46.64371" lon="7.64575">
        <ele>2264.03</ele>
        <time>2026-05-04T05:14:26.7780000+00:00</time>
      </trkpt>
      <trkpt lat="46.64374" lon="7.64574">
        <ele>2260.78</ele>
        <time>2026-05-04T05:14:32.3720000+00:00</time>
      </trkpt>
      <trkpt lat="46.64377" lon="7.64571">
        <ele>2257.3</ele>
        <time>2026-05-04T05:14:38.9830000+00:00</time>
      </trkpt>
      <trkpt lat="46.64383" lon="7.64566">
        <ele>2250.38</ele>
        <time>2026-05-04T05:14:51.5440000+00:00</time>
      </trkpt>
      <trkpt lat="46.64388" lon="7.64562">
        <ele>2244.58</ele>
        <time>2026-05-04T05:15:01.9100000+00:00</time>
      </trkpt>
      <trkpt lat="46.64393" lon="7.64558">
        <ele>2238.73</ele>
        <time>2026-05-04T05:15:12.2760000+00:00</time>
      </trkpt>
      <trkpt lat="46.64398" lon="7.64555">
        <ele>2232.96</ele>
        <time>2026-05-04T05:15:22.1030000+00:00</time>
      </trkpt>
      <trkpt lat="46.64405" lon="7.64554">
        <ele>2225.31</ele>
        <time>2026-05-04T05:15:34.8850000+00:00</time>
      </trkpt>
      <trkpt lat="46.64414" lon="7.64552">
        <ele>2215.32</ele>
        <time>2026-05-04T05:15:51.4290000+00:00</time>
      </trkpt>
      <trkpt lat="46.64416" lon="7.64553">
        <ele>2213.34</ele>
        <time>2026-05-04T05:15:55.2730000+00:00</time>
      </trkpt>
      <trkpt lat="46.64416" lon="7.64557">
        <ele>2214</ele>
        <time>2026-05-04T05:16:00.2650000+00:00</time>
      </trkpt>
      <trkpt lat="46.64415" lon="7.64559">
        <ele>2215.39</ele>
        <time>2026-05-04T05:16:03.3520000+00:00</time>
      </trkpt>
      <trkpt lat="46.64409" lon="7.64568">
        <ele>2223.2</ele>
        <time>2026-05-04T05:16:19.0030000+00:00</time>
      </trkpt>
      <trkpt lat="46.64408" lon="7.6457">
        <ele>2224.56</ele>
        <time>2026-05-04T05:16:22.0900000+00:00</time>
      </trkpt>
      <trkpt lat="46.64409" lon="7.64571">
        <ele>2223.66</ele>
        <time>2026-05-04T05:16:24.2950000+00:00</time>
      </trkpt>
      <trkpt lat="46.64413" lon="7.64572">
        <ele>2219.62</ele>
        <time>2026-05-04T05:16:31.6710000+00:00</time>
      </trkpt>
      <trkpt lat="46.64417" lon="7.64572">
        <ele>2215.42</ele>
        <time>2026-05-04T05:16:38.9410000+00:00</time>
      </trkpt>
      <trkpt lat="46.64419" lon="7.64574">
        <ele>2213.66</ele>
        <time>2026-05-04T05:16:43.3510000+00:00</time>
      </trkpt>
      <trkpt lat="46.64418" lon="7.64576">
        <ele>2215.04</ele>
        <time>2026-05-04T05:16:46.4380000+00:00</time>
      </trkpt>
      <trkpt lat="46.64415" lon="7.6458">
        <ele>2218.83</ele>
        <time>2026-05-04T05:16:53.8300000+00:00</time>
      </trkpt>
      <trkpt lat="46.64411" lon="7.64584">
        <ele>2223.62</ele>
        <time>2026-05-04T05:17:02.6480000+00:00</time>
      </trkpt>
      <trkpt lat="46.64407" lon="7.64591">
        <ele>2228.83</ele>
        <time>2026-05-04T05:17:14.0110000+00:00</time>
      </trkpt>
      <trkpt lat="46.64404" lon="7.64599">
        <ele>2233.1</ele>
        <time>2026-05-04T05:17:25.3830000+00:00</time>
      </trkpt>
      <trkpt lat="46.64403" lon="7.64602">
        <ele>2234.56</ele>
        <time>2026-05-04T05:17:29.5460000+00:00</time>
      </trkpt>
      <trkpt lat="46.644" lon="7.64612">
        <ele>2239.03</ele>
        <time>2026-05-04T05:17:43.1600000+00:00</time>
      </trkpt>
      <trkpt lat="46.64399" lon="7.64622">
        <ele>2240.03</ele>
        <time>2026-05-04T05:17:55.7660000+00:00</time>
      </trkpt>
      <trkpt lat="46.644" lon="7.64636">
        <ele>2238.93</ele>
        <time>2026-05-04T05:18:13.3260000+00:00</time>
      </trkpt>
      <trkpt lat="46.64402" lon="7.64641">
        <ele>2237.07</ele>
        <time>2026-05-04T05:18:20.5450000+00:00</time>
      </trkpt>
      <trkpt lat="46.64404" lon="7.6465">
        <ele>2235.3</ele>
        <time>2026-05-04T05:18:32.3460000+00:00</time>
      </trkpt>
      <trkpt lat="46.64406" lon="7.64654">
        <ele>2233.6</ele>
        <time>2026-05-04T05:18:38.5190000+00:00</time>
      </trkpt>
      <trkpt lat="46.6441" lon="7.6466">
        <ele>2230.3</ele>
        <time>2026-05-04T05:18:48.9530000+00:00</time>
      </trkpt>
      <trkpt lat="46.64412" lon="7.64661">
        <ele>2228.65</ele>
        <time>2026-05-04T05:18:52.7980000+00:00</time>
      </trkpt>
      <trkpt lat="46.64418" lon="7.6468">
        <ele>2224.58</ele>
        <time>2026-05-04T05:19:18.8890000+00:00</time>
      </trkpt>
      <trkpt lat="46.64424" lon="7.64701">
        <ele>2221.44</ele>
        <time>2026-05-04T05:19:47.2660000+00:00</time>
      </trkpt>
      <trkpt lat="46.6443" lon="7.64723">
        <ele>2219.36</ele>
        <time>2026-05-04T05:20:16.7980000+00:00</time>
      </trkpt>
      <trkpt lat="46.64432" lon="7.64733">
        <ele>2219.16</ele>
        <time>2026-05-04T05:20:29.7920000+00:00</time>
      </trkpt>
      <trkpt lat="46.64432" lon="7.64739">
        <ele>2219.79</ele>
        <time>2026-05-04T05:20:37.2740000+00:00</time>
      </trkpt>
      <trkpt lat="46.64433" lon="7.64752">
        <ele>2220.63</ele>
        <time>2026-05-04T05:20:53.5940000+00:00</time>
      </trkpt>
      <trkpt lat="46.64435" lon="7.64762">
        <ele>2220.75</ele>
        <time>2026-05-04T05:21:06.5880000+00:00</time>
      </trkpt>
      <trkpt lat="46.64435" lon="7.64771">
        <ele>2221.78</ele>
        <time>2026-05-04T05:21:17.8150000+00:00</time>
      </trkpt>
      <trkpt lat="46.64435" lon="7.64776">
        <ele>2222.36</ele>
        <time>2026-05-04T05:21:24.0510000+00:00</time>
      </trkpt>
      <trkpt lat="46.64436" lon="7.64789">
        <ele>2225.91</ele>
        <time>2026-05-04T05:21:40.3710000+00:00</time>
      </trkpt>
      <trkpt lat="46.64437" lon="7.64804">
        <ele>2231.15</ele>
        <time>2026-05-04T05:21:59.1730000+00:00</time>
      </trkpt>
      <trkpt lat="46.64436" lon="7.64818">
        <ele>2236.67</ele>
        <time>2026-05-04T05:22:16.7330000+00:00</time>
      </trkpt>
      <trkpt lat="46.64438" lon="7.64829">
        <ele>2240.28</ele>
        <time>2026-05-04T05:22:30.9280000+00:00</time>
      </trkpt>
      <trkpt lat="46.64438" lon="7.64836">
        <ele>2242.92</ele>
        <time>2026-05-04T05:22:39.6610000+00:00</time>
      </trkpt>
      <trkpt lat="46.6444" lon="7.64854">
        <ele>2249.43</ele>
        <time>2026-05-04T05:23:02.4090000+00:00</time>
      </trkpt>
      <trkpt lat="46.64445" lon="7.64877">
        <ele>2258.65</ele>
        <time>2026-05-04T05:23:32.5070000+00:00</time>
      </trkpt>
      <trkpt lat="46.64448" lon="7.64897">
        <ele>2266.78</ele>
        <time>2026-05-04T05:23:58.0460000+00:00</time>
      </trkpt>
      <trkpt lat="46.6445" lon="7.64912">
        <ele>2272.65</ele>
        <time>2026-05-04T05:24:17.1090000+00:00</time>
      </trkpt>
      <trkpt lat="46.64451" lon="7.64926">
        <ele>2278.63</ele>
        <time>2026-05-04T05:24:34.6690000+00:00</time>
      </trkpt>
      <trkpt lat="46.64451" lon="7.64934">
        <ele>2282.34</ele>
        <time>2026-05-04T05:24:44.6500000+00:00</time>
      </trkpt>
      <trkpt lat="46.64453" lon="7.64945">
        <ele>2286.53</ele>
        <time>2026-05-04T05:24:58.8450000+00:00</time>
      </trkpt>
      <trkpt lat="46.64454" lon="7.64955">
        <ele>2289.83</ele>
        <time>2026-05-04T05:25:11.4520000+00:00</time>
      </trkpt>
      <trkpt lat="46.64452" lon="7.64965">
        <ele>2294.32</ele>
        <time>2026-05-04T05:25:24.4460000+00:00</time>
      </trkpt>
      <trkpt lat="46.64453" lon="7.64971">
        <ele>2296.1</ele>
        <time>2026-05-04T05:25:32.1490000+00:00</time>
      </trkpt>
      <trkpt lat="46.64452" lon="7.64979">
        <ele>2299.4</ele>
        <time>2026-05-04T05:25:42.2930000+00:00</time>
      </trkpt>
      <trkpt lat="46.64452" lon="7.6499">
        <ele>2303.38</ele>
        <time>2026-05-04T05:25:56.0170000+00:00</time>
      </trkpt>
      <trkpt lat="46.64453" lon="7.65003">
        <ele>2307.77</ele>
        <time>2026-05-04T05:26:12.3360000+00:00</time>
      </trkpt>
      <trkpt lat="46.64452" lon="7.65018">
        <ele>2313.52</ele>
        <time>2026-05-04T05:26:31.1370000+00:00</time>
      </trkpt>
      <trkpt lat="46.64452" lon="7.65024">
        <ele>2315.7</ele>
        <time>2026-05-04T05:26:38.6240000+00:00</time>
      </trkpt>
      <trkpt lat="46.64453" lon="7.65038">
        <ele>2317.8</ele>
        <time>2026-05-04T05:26:56.1840000+00:00</time>
      </trkpt>
      <trkpt lat="46.64453" lon="7.65043">
        <ele>2318.07</ele>
        <time>2026-05-04T05:27:02.4210000+00:00</time>
      </trkpt>
      <trkpt lat="46.64454" lon="7.65045">
        <ele>2318</ele>
        <time>2026-05-04T05:27:05.5080000+00:00</time>
      </trkpt>
      <trkpt lat="46.64455" lon="7.65045">
        <ele>2317.82</ele>
        <time>2026-05-04T05:27:07.3180000+00:00</time>
      </trkpt>
      <trkpt lat="46.64457" lon="7.65042">
        <ele>2317.24</ele>
        <time>2026-05-04T05:27:12.5330000+00:00</time>
      </trkpt>
      <trkpt lat="46.6446" lon="7.65038">
        <ele>2316.32</ele>
        <time>2026-05-04T05:27:19.9230000+00:00</time>
      </trkpt>
      <trkpt lat="46.64464" lon="7.65035">
        <ele>2315.15</ele>
        <time>2026-05-04T05:27:28.0980000+00:00</time>
      </trkpt>
      <trkpt lat="46.64466" lon="7.65034">
        <ele>2314.59</ele>
        <time>2026-05-04T05:27:31.9420000+00:00</time>
      </trkpt>
      <trkpt lat="46.64468" lon="7.65035">
        <ele>2314.25</ele>
        <time>2026-05-04T05:27:35.7870000+00:00</time>
      </trkpt>
      <trkpt lat="46.6447" lon="7.65037">
        <ele>2314.07</ele>
        <time>2026-05-04T05:27:40.1940000+00:00</time>
      </trkpt>
      <trkpt lat="46.64473" lon="7.6504">
        <ele>2313.86</ele>
        <time>2026-05-04T05:27:46.8050000+00:00</time>
      </trkpt>
      <trkpt lat="46.64476" lon="7.65041">
        <ele>2313.42</ele>
        <time>2026-05-04T05:27:52.3970000+00:00</time>
      </trkpt>
      <trkpt lat="46.6448" lon="7.65044">
        <ele>2313.17</ele>
        <time>2026-05-04T05:28:00.5720000+00:00</time>
      </trkpt>
      <trkpt lat="46.64484" lon="7.65047">
        <ele>2313.03</ele>
        <time>2026-05-04T05:28:08.7470000+00:00</time>
      </trkpt>
      <trkpt lat="46.64488" lon="7.65052">
        <ele>2313.43</ele>
        <time>2026-05-04T05:28:18.3280000+00:00</time>
      </trkpt>
      <trkpt lat="46.64491" lon="7.65053">
        <ele>2313.22</ele>
        <time>2026-05-04T05:28:23.9210000+00:00</time>
      </trkpt>
      <trkpt lat="46.64493" lon="7.65054">
        <ele>2313.18</ele>
        <time>2026-05-04T05:28:27.7600000+00:00</time>
      </trkpt>
      <trkpt lat="46.64492" lon="7.65059">
        <ele>2314.49</ele>
        <time>2026-05-04T05:28:34.2540000+00:00</time>
      </trkpt>
      <trkpt lat="46.6449" lon="7.65065">
        <ele>2316.07</ele>
        <time>2026-05-04T05:28:42.5740000+00:00</time>
      </trkpt>
      <trkpt lat="46.64491" lon="7.65067">
        <ele>2316.45</ele>
        <time>2026-05-04T05:28:45.6570000+00:00</time>
      </trkpt>
      <trkpt lat="46.64496" lon="7.65072">
        <ele>2317.33</ele>
        <time>2026-05-04T05:28:56.6780000+00:00</time>
      </trkpt>
      <trkpt lat="46.64499" lon="7.65079">
        <ele>2319.03</ele>
        <time>2026-05-04T05:29:06.9720000+00:00</time>
      </trkpt>
      <trkpt lat="46.64503" lon="7.65088">
        <ele>2321.52</ele>
        <time>2026-05-04T05:29:20.3470000+00:00</time>
      </trkpt>
      <trkpt lat="46.64508" lon="7.65098">
        <ele>2324.7</ele>
        <time>2026-05-04T05:29:35.7810000+00:00</time>
      </trkpt>
      <trkpt lat="46.64514" lon="7.65108">
        <ele>2328.46</ele>
        <time>2026-05-04T05:29:52.3490000+00:00</time>
      </trkpt>
      <trkpt lat="46.6452" lon="7.65118">
        <ele>2330.86</ele>
        <time>2026-05-04T05:30:08.9170000+00:00</time>
      </trkpt>
      <trkpt lat="46.64524" lon="7.65122">
        <ele>2331.77</ele>
        <time>2026-05-04T05:30:17.7330000+00:00</time>
      </trkpt>
      <trkpt lat="46.64526" lon="7.65127">
        <ele>2332.53</ele>
        <time>2026-05-04T05:30:24.9540000+00:00</time>
      </trkpt>
      <trkpt lat="46.64527" lon="7.6513">
        <ele>2333</ele>
        <time>2026-05-04T05:30:29.1170000+00:00</time>
      </trkpt>
      <trkpt lat="46.64526" lon="7.65132">
        <ele>2332.87</ele>
        <time>2026-05-04T05:30:32.2040000+00:00</time>
      </trkpt>
      <trkpt lat="46.6452" lon="7.65138">
        <ele>2331.29</ele>
        <time>2026-05-04T05:30:45.4300000+00:00</time>
      </trkpt>
      <trkpt lat="46.64512" lon="7.65146">
        <ele>2328.31</ele>
        <time>2026-05-04T05:31:03.0630000+00:00</time>
      </trkpt>
      <trkpt lat="46.64502" lon="7.65158">
        <ele>2322.95</ele>
        <time>2026-05-04T05:31:26.6080000+00:00</time>
      </trkpt>
      <trkpt lat="46.64501" lon="7.6516">
        <ele>2322.21</ele>
        <time>2026-05-04T05:31:29.6950000+00:00</time>
      </trkpt>
      <trkpt lat="46.645" lon="7.65163">
        <ele>2321.31</ele>
        <time>2026-05-04T05:31:33.8580000+00:00</time>
      </trkpt>
      <trkpt lat="46.645" lon="7.65166">
        <ele>2320.91</ele>
        <time>2026-05-04T05:31:37.6080000+00:00</time>
      </trkpt>
      <trkpt lat="46.64501" lon="7.65169">
        <ele>2321.08</ele>
        <time>2026-05-04T05:31:41.7710000+00:00</time>
      </trkpt>
      <trkpt lat="46.64502" lon="7.6517">
        <ele>2321.53</ele>
        <time>2026-05-04T05:31:43.9760000+00:00</time>
      </trkpt>
      <trkpt lat="46.64506" lon="7.65177">
        <ele>2323.24</ele>
        <time>2026-05-04T05:31:55.3390000+00:00</time>
      </trkpt>
      <trkpt lat="46.64509" lon="7.65182">
        <ele>2324.83</ele>
        <time>2026-05-04T05:32:03.6240000+00:00</time>
      </trkpt>
      <trkpt lat="46.64517" lon="7.65187">
        <ele>2330.21</ele>
        <time>2026-05-04T05:32:19.4430000+00:00</time>
      </trkpt>
      <trkpt lat="46.64518" lon="7.65189">
        <ele>2330.94</ele>
        <time>2026-05-04T05:32:22.5270000+00:00</time>
      </trkpt>
      <trkpt lat="46.64522" lon="7.65196">
        <ele>2333.95</ele>
        <time>2026-05-04T05:32:33.8880000+00:00</time>
      </trkpt>
      <trkpt lat="46.64527" lon="7.65204">
        <ele>2334.14</ele>
        <time>2026-05-04T05:32:47.3850000+00:00</time>
      </trkpt>
      <trkpt lat="46.6453" lon="7.65208">
        <ele>2334.09</ele>
        <time>2026-05-04T05:32:54.7740000+00:00</time>
      </trkpt>
      <trkpt lat="46.64535" lon="7.65212">
        <ele>2330.71</ele>
        <time>2026-05-04T05:33:05.1400000+00:00</time>
      </trkpt>
      <trkpt lat="46.64546" lon="7.65224">
        <ele>2321.45</ele>
        <time>2026-05-04T05:33:30.1130000+00:00</time>
      </trkpt>
      <trkpt lat="46.64554" lon="7.65232">
        <ele>2314.82</ele>
        <time>2026-05-04T05:33:47.7470000+00:00</time>
      </trkpt>
      <trkpt lat="46.6456" lon="7.65239">
        <ele>2309.2</ele>
        <time>2026-05-04T05:34:01.7150000+00:00</time>
      </trkpt>
      <trkpt lat="46.6457" lon="7.65252">
        <ele>2298.83</ele>
        <time>2026-05-04T05:34:26.0710000+00:00</time>
      </trkpt>
      <trkpt lat="46.64581" lon="7.65262">
        <ele>2289.31</ele>
        <time>2026-05-04T05:34:49.6340000+00:00</time>
      </trkpt>
      <trkpt lat="46.64586" lon="7.65266">
        <ele>2285.17</ele>
        <time>2026-05-04T05:35:00.0000000+00:00</time>
      </trkpt>
    </trkseg>
  </trk>
</gpx>